
-- Trinity Strings
REPLACE INTO trinity_string VALUES (650, 'Alliance', '', '', '', '', '', '', '', '');
REPLACE INTO trinity_string VALUES (651, 'Horde', '', '', '', '', '', '', '', '');
REPLACE INTO trinity_string VALUES (652, 'Stables', '', '', '', '', '', '', '', '');
REPLACE INTO trinity_string VALUES (653, 'Blacksmith', '', '', '', '', '', '', '', '');
REPLACE INTO trinity_string VALUES (654, 'Farm', '', '', '', '', '', '', '', '');
REPLACE INTO trinity_string VALUES (655, 'Lumber Mill', '', '', '', '', '', '', '', '');
REPLACE INTO trinity_string VALUES (656, 'mine', '', '', '', '', '', '', '', '');
REPLACE INTO trinity_string VALUES (657, 'The %s has taken the %s!', '', '', '', '', '', '', '', '');
REPLACE INTO trinity_string VALUES (658, '$n has defended the %s!', '', '', '', '', '', '', '', '');
REPLACE INTO trinity_string VALUES (659, '$n has assaulted the %s!', '', '', '', '', '', '', '', '');

-- Arathi Miner (15074)
REPLACE INTO creature_template_addon VALUES (15074, 0, 0, 0, 1, 233, '');
DELETE FROM creature_equip_template WHERE entry=15074;
INSERT INTO creature_equip_template VALUES (15074, 1, 1910, 0, 0, 0);
UPDATE creature_template SET unit_flags=256|512|33554432, flags_extra=2 WHERE entry=15074;

-- Forsaken Miner (15075)
REPLACE INTO creature_template_addon VALUES (15075, 0, 0, 0, 1, 233, '');
DELETE FROM creature_equip_template WHERE entry=15075;
INSERT INTO creature_equip_template VALUES (15075, 1, 1910, 0, 0, 0);
UPDATE creature_template SET unit_flags=256|512|33554432, flags_extra=2 WHERE entry=15075;

-- TO DO: WAYPOINTS...
-- Arathi Lumberjack (15062)
REPLACE INTO creature_template_addon VALUES (15062, 0, 0, 0, 1, 234, '');
DELETE FROM creature_equip_template WHERE entry=15062;
INSERT INTO creature_equip_template VALUES (15062, 1, 19015, 0, 0, 0);
UPDATE creature_template SET unit_flags=256|512|33554432, flags_extra=2 WHERE entry=15062;

-- Forsaken Lumberjack (15089)
REPLACE INTO creature_template_addon VALUES (15089, 0, 0, 0, 1, 233, '');
DELETE FROM creature_equip_template WHERE entry=15089;
INSERT INTO creature_equip_template VALUES (15089, 1, 19015, 0, 0, 0);
UPDATE creature_template SET unit_flags=256|512|33554432, flags_extra=2 WHERE entry=15089;

-- Arathi Horse (15107)
UPDATE creature_template SET unit_flags=256|512|33554432, flags_extra=2 WHERE entry=15107;

-- Forsaken Horse (15108)
UPDATE creature_template SET unit_flags=256|512|33554432, flags_extra=2 WHERE entry=15108;

-- Arathi Stablehand (15086)
DELETE FROM creature_equip_template WHERE entry=15086;
INSERT INTO creature_equip_template VALUES (15086, 1, 3367, 0, 0, 0);
UPDATE creature_template SET unit_flags=256|512|33554432, flags_extra=2 WHERE entry=15086;
DELETE FROM waypoint_data WHERE id IN(2461030, 2460760);
INSERT INTO waypoint_data VALUES (2461030, 1, 1157.09, 1169.2, -56.363, 0, 0, 0, 0, 100, 0),(2461030, 2, 1155.24, 1161.22, -56.363, 0, 0, 0, 0, 100, 0),(2461030, 3, 1157.32, 1155.72, -56.68, 0, 0, 0, 0, 100, 0),(2461030, 4, 1163.2, 1148.51, -56.4997, 0, 0, 0, 0, 100, 0),(2461030, 5, 1170, 1150.2, -56.315, 0, 0, 0, 0, 100, 0),(2461030, 6, 1176.51, 1156.82, -56.5171, 0, 0, 0, 0, 100, 0),(2461030, 7, 1183.64, 1164.54, -56.4451, 0, 0, 0, 0, 100, 0),(2461030, 8, 1188.85, 1169.21, -56.3644, 0, 0, 0, 0, 100, 0),
(2461030, 9, 1193.85, 1174.1, -56.6608, 0, 0, 0, 0, 100, 0),(2461030, 10, 1200.51, 1180.61, -56.4804, 0, 0, 0, 0, 100, 0),(2461030, 11, 1202.98, 1187.16, -56.5794, 0, 0, 0, 0, 100, 0),(2461030, 12, 1200.3, 1194.9, -56.6039, 0, 0, 0, 0, 100, 0),(2461030, 13, 1194.78, 1199.21, -56.4994, 0, 0, 0, 0, 100, 0),(2461030, 14, 1190.18, 1202.68, -56.3999, 0, 0, 0, 0, 100, 0),(2461030, 15, 1184.8, 1204.86, -56.4195, 0, 0, 0, 0, 100, 0),(2461030, 16, 1178.93, 1204.42, -56.674, 0, 0, 0, 0, 100, 0),(2461030, 17, 1173.49, 1200.02, -56.2297, 0, 0, 0, 0, 100, 0),
(2461030, 18, 1167.04, 1193.31, -56.3833, 0, 0, 0, 0, 100, 0),(2461030, 19, 1166.67, 1187.44, -56.3632, 0, 0, 0, 0, 100, 0),(2461030, 20, 1166.59, 1180.44, -56.4585, 0, 0, 0, 0, 100, 0),(2461030, 21, 1162.98, 1175.89, -56.5206, 0, 0, 0, 0, 100, 0),
(2460760, 1, 1184.02, 1197.59, -56.3632, 0, 0, 0, 0, 100, 0),(2460760, 2, 1180.79, 1194.18, -56.3632, 0, 0, 0, 0, 100, 0),(2460760, 3, 1175.68, 1189.41, -56.3632, 0, 0, 0, 0, 100, 0),(2460760, 4, 1169.17, 1186.83, -56.3632, 0, 0, 0, 0, 100, 0),(2460760, 5, 1173.67, 1188.16, -56.3632, 0, 0, 0, 0, 100, 0),(2460760, 6, 1178.99, 1192.71, -56.3632, 0, 0, 0, 0, 100, 0),(2460760, 7, 1184.31, 1197.25, -56.3632, 0, 0, 0, 0, 100, 0),(2460760, 8, 1187.29, 1203.59, -56.372, 0, 0, 0, 0, 100, 0);
DELETE FROM creature_formations WHERE leaderGUID=246103;
INSERT INTO creature_formations VALUES (246103, 246103, 0, 0, 0, 0, 0);
INSERT INTO creature_formations VALUES (246103, 246073, 4, 180, 0, 0, 0);
REPLACE INTO creature_addon VALUES (246103, 2461030, 0, 0, 1, 0, '');
REPLACE INTO creature_addon VALUES (246076, 2460760, 0, 0, 1, 0, '');

-- Forsaken Stablehand (15087)
DELETE FROM creature_equip_template WHERE entry=15087;
INSERT INTO creature_equip_template VALUES (15087, 1, 3367, 0, 0, 0);
UPDATE creature_template SET unit_flags=256|512|33554432, flags_extra=2 WHERE entry=15087;
DELETE FROM waypoint_data WHERE id IN(2460210, 2460300);
INSERT INTO waypoint_data VALUES (2460210, 1, 1167.4, 1178.22, -56.5358, 0, 0, 0, 0, 100, 0),(2460210, 2, 1163.2, 1171.19, -56.5114, 0, 0, 0, 0, 100, 0),(2460210, 3, 1161.09, 1163.35, -56.3655, 0, 0, 0, 0, 100, 0),(2460210, 4, 1160.62, 1157.56, -56.7696, 0, 0, 0, 0, 100, 0),(2460210, 5, 1164.14, 1151.5, -56.5327, 0, 0, 0, 0, 100, 0),(2460210, 6, 1168.76, 1150.74, -56.3583, 0, 0, 0, 0, 100, 0),(2460210, 7, 1174.32, 1152.45, -56.4235, 0, 0, 0, 0, 100, 0),(2460210, 8, 1179.3, 1158.94, -56.3953, 0, 0, 0, 0, 100, 0),
(2460210, 9, 1184.64, 1165.15, -56.4417, 0, 0, 0, 0, 100, 0),(2460210, 10, 1188.83, 1169.27, -56.3642, 0, 0, 0, 0, 100, 0),(2460210, 11, 1192.03, 1172.71, -56.5011, 0, 0, 0, 0, 100, 0),(2460210, 12, 1196.85, 1177.76, -56.5469, 0, 0, 0, 0, 100, 0),(2460210, 13, 1201.64, 1182.87, -56.5993, 0, 0, 0, 0, 100, 0),(2460210, 14, 1203.34, 1188.42, -56.5203, 0, 0, 0, 0, 100, 0),(2460210, 15, 1200.83, 1193.66, -56.5648, 0, 0, 0, 0, 100, 0),(2460210, 16, 1194.49, 1198.85, -56.5616, 0, 0, 0, 0, 100, 0),(2460210, 17, 1188.01, 1203.85, -56.373, 0, 0, 0, 0, 100, 0),
(2460210, 18, 1182.14, 1203.55, -56.4954, 0, 0, 0, 0, 100, 0),(2460210, 19, 1177.74, 1202.14, -56.4662, 0, 0, 0, 0, 100, 0),(2460210, 20, 1173.5, 1198.16, -56.2028, 0, 0, 0, 0, 100, 0),(2460210, 21, 1168.4, 1193.37, -56.3633, 0, 0, 0, 0, 100, 0),(2460210, 22, 1167.01, 1186.51, -56.3633, 0, 0, 0, 0, 100, 0),
(2460300, 1, 1183.47, 1196.71, -56.3644, 0, 0, 0, 0, 100, 0),(2460300, 2, 1176.54, 1190.39, -56.3644, 0, 0, 0, 0, 100, 0),(2460300, 3, 1170.25, 1187.32, -56.3644, 0, 0, 0, 0, 100, 0),(2460300, 4, 1174.5, 1189.12, -56.3644, 0, 0, 0, 0, 100, 0),(2460300, 5, 1179.12, 1192.77, -56.3644, 0, 0, 0, 0, 100, 0),(2460300, 6, 1183.26, 1196.84, -56.3644, 0, 0, 0, 0, 100, 0),(2460300, 7, 1188.63, 1201.33, -56.4638, 0, 0, 0, 0, 100, 0);
DELETE FROM creature_formations WHERE leaderGUID=246021;
INSERT INTO creature_formations VALUES (246021, 246021, 0, 0, 0, 0, 0);
INSERT INTO creature_formations VALUES (246021, 246027, 4, 180, 0, 0, 0);
REPLACE INTO creature_addon VALUES (246021, 2460210, 0, 0, 1, 0, '');
REPLACE INTO creature_addon VALUES (246030, 2460300, 0, 0, 1, 0, '');

-- Arathi Farmer (15045)
DELETE FROM creature_equip_template WHERE entry=15045;
INSERT INTO creature_equip_template VALUES (15045, 1, 3367, 0, 0, 0);
UPDATE creature_template SET unit_flags=256|512|33554432, flags_extra=2 WHERE entry=15045;

-- Forsaken Farmer (15046)
DELETE FROM creature_equip_template WHERE entry=15046;
INSERT INTO creature_equip_template VALUES (15046, 1, 3367, 0, 0, 0);
UPDATE creature_template SET unit_flags=256|512|33554432, flags_extra=2 WHERE entry=15046;

-- Arathi Blacksmith (15063)
DELETE FROM creature_equip_template WHERE entry=15063;
INSERT INTO creature_equip_template VALUES (15063, 1, 1903, 0, 0, 0);
UPDATE creature_template SET unit_flags=256|512|33554432, flags_extra=2 WHERE entry=15063;
REPLACE INTO creature_addon VALUES (246032, 0, 0, 0, 1, 233, '');
REPLACE INTO creature_addon VALUES (246035, 0, 0, 0, 1, 233, '');
REPLACE INTO creature_addon VALUES (246071, 0, 0, 0, 1, 233, '');
REPLACE INTO creature_addon VALUES (246072, 0, 0, 0, 0, 69, '');
REPLACE INTO creature_addon VALUES (246099, 0, 0, 0, 1, 233, '');

-- Fosaken Blacksmith (15064)
DELETE FROM creature_equip_template WHERE entry=15064;
INSERT INTO creature_equip_template VALUES (15064, 1, 1903, 0, 0, 0);
UPDATE creature_template SET unit_flags=256|512|33554432, flags_extra=2 WHERE entry=15064;
REPLACE INTO creature_addon VALUES (246010, 0, 0, 0, 1, 233, '');
REPLACE INTO creature_addon VALUES (246012, 0, 0, 0, 1, 233, '');
REPLACE INTO creature_addon VALUES (246086, 0, 0, 0, 1, 233, '');
REPLACE INTO creature_addon VALUES (246087, 0, 0, 0, 1, 233, '');

-- Lady (15065)
-- Cleo (15066)
-- Underfoot (15071)
-- Spike (15072)
UPDATE creature_template SET speed_walk=0.9, speed_run=1 WHERE entry IN(15065, 15066, 15071, 15072);
REPLACE INTO creature_addon VALUES (246009, 2460090, 0, 0, 0, 0, '');
REPLACE INTO creature_addon VALUES (246011, 2460110, 0, 0, 0, 0, '');
REPLACE INTO creature_addon VALUES (246036, 0, 0, 0, 0, 0, '');
REPLACE INTO creature_addon VALUES (246098, 2460980, 0, 0, 0, 0, '');
DELETE FROM waypoint_data WHERE id IN(2460090, 2460110, 2460360, 2460980);
INSERT INTO waypoint_data VALUES (2460090, 1, 984.402, 1035.19, -43.6006, 0, 0, 0, 0, 100, 0),(2460090, 2, 984.402, 1035.19, -43.6006, 0, 0, 0, 0, 100, 0),(2460090, 3, 979.735, 1029.97, -43.9974, 0, 0, 0, 0, 100, 0),(2460090, 4, 975.315, 1024.55, -44.2593, 0, 0, 0, 0, 100, 0),(2460090, 5, 970.176, 1014.85, -45.5596, 0, 0, 0, 0, 100, 0),(2460090, 6, 970.502, 1011.37, -45.088, 0, 0, 0, 0, 100, 0),(2460090, 7, 972.726, 1004.73, -44.1463, 0, 0, 0, 0, 100, 0),(2460090, 8, 973.62, 1001.12, -44.2316, 0, 0, 0, 0, 100, 0),(2460090, 9, 973.977, 994.134, -44.2427, 0, 0, 0, 0, 100, 0),(2460090, 10, 974.596, 987.163, -43.9318, 0, 0, 0, 0, 100, 0),(2460090, 11, 974.596, 987.163, -43.9318, 0, 0, 0, 0, 100, 0),(2460090, 12, 975.277, 980.207, -43.941, 0, 0, 0, 0, 100, 0),(2460090, 13, 976.618, 970.611, -44.2717, 0, 0, 0, 0, 100, 0),(2460090, 14, 980.825, 967.022, -44.8741, 0, 0, 0, 0, 100, 0),(2460090, 15, 983.752, 966.285, -45.1112, 0, 0, 0, 0, 100, 0),(2460090, 16, 992, 966.893, -43.781, 0, 0, 0, 0, 100, 0),(2460090, 17, 993.543, 967.933, -43.6475, 0, 0, 0, 0, 100, 0),(2460090, 18, 1001.09, 972.592, -43.9923, 0, 0, 0, 0, 100, 0),(2460090, 19, 1002.73, 972.668, -43.9545, 0, 0, 0, 0, 100, 0),(2460090, 20, 1009.73, 972.49, -43.9552, 0, 0, 0, 0, 100, 0),
(2460090, 21, 1017.4, 972.808, -43.6198, 0, 0, 0, 0, 100, 0),(2460090, 22, 1022.23, 974.502, -43.4252, 0, 0, 0, 0, 100, 0),(2460090, 23, 1025.44, 977.177, -43.212, 0, 0, 0, 0, 100, 0),(2460090, 24, 1028.45, 983.141, -43.4453, 0, 0, 0, 0, 100, 0),(2460090, 25, 1027.77, 987.667, -43.6983, 0, 0, 0, 0, 100, 0),(2460090, 26, 1024.84, 991.584, -43.8939, 0, 0, 0, 0, 100, 0),(2460090, 27, 1023.2, 993.246, -44.0126, 0, 0, 0, 0, 100, 0),(2460090, 28, 1017.34, 1000.05, -44.5124, 0, 0, 0, 0, 100, 0),(2460090, 29, 1016.26, 1003.84, -44.4893, 0, 0, 0, 0, 100, 0),(2460090, 30, 1015.13, 1010.75, -44.4675, 0, 0, 0, 0, 100, 0),(2460090, 31, 1015.13, 1010.75, -44.4675, 0, 0, 0, 0, 100, 0),(2460090, 32, 1014, 1017.66, -45.0798, 0, 0, 0, 0, 100, 0),(2460090, 33, 1011.54, 1026.11, -43.7865, 0, 0, 0, 0, 100, 0),(2460090, 34, 1010.95, 1026.82, -43.6618, 0, 0, 0, 0, 100, 0),(2460090, 35, 1005.85, 1031.61, -43.6454, 0, 0, 0, 0, 100, 0),(2460090, 36, 1000.56, 1036.18, -42.9159, 0, 0, 0, 0, 100, 0),(2460090, 37, 996.873, 1037.59, -42.8158, 0, 0, 0, 0, 100, 0),
(2460090, 38, 992.217, 1037.69, -42.8186, 0, 0, 0, 0, 100, 0),(2460110, 1, 1009.54, 1003.11, -44.3328, 0, 0, 0, 0, 100, 0),(2460110, 2, 1011.73, 997.971, -44.6083, 0, 0, 0, 0, 100, 0),(2460110, 3, 1012.86, 992.029, -44.1747, 0, 0, 0, 0, 100, 0),(2460110, 4, 1012.77, 985.514, -43.8628, 0, 0, 0, 0, 100, 0),(2460110, 5, 1010.49, 978.924, -44.0228, 0, 0, 0, 0, 100, 0),(2460110, 6, 1005.96, 973.333, -43.9579, 0, 0, 0, 0, 100, 0),(2460110, 7, 1003.03, 971.48, -43.8624, 0, 0, 0, 0, 100, 0),(2460110, 8, 999.725, 970.275, -43.8097, 0, 0, 0, 0, 100, 0),(2460110, 9, 992.888, 968.78, -43.7933, 0, 0, 0, 0, 100, 0),(2460110, 10, 989.575, 967.657, -44.2667, 0, 0, 0, 0, 100, 0),(2460110, 11, 981.483, 964.799, -45.2034, 0, 0, 0, 0, 100, 0),(2460110, 12, 978.458, 964.623, -44.8411, 0, 0, 0, 0, 100, 0),(2460110, 13, 973.502, 965.802, -44.0924, 0, 0, 0, 0, 100, 0),(2460110, 14, 969.541, 968.244, -43.8145, 0, 0, 0, 0, 100, 0),(2460110, 15, 964.815, 972.724, -43.5985, 0, 0, 0, 0, 100, 0),(2460110, 16, 961.617, 977.883, -43.9054, 0, 0, 0, 0, 100, 0),(2460110, 17, 958.826, 984.302, -44.7985, 0, 0, 0, 0, 100, 0),(2460110, 18, 956.688, 987.368, -45.5619, 0, 0, 0, 0, 100, 0),
(2460110, 19, 955.802, 990.754, -47.759, 0, 0, 0, 0, 100, 0),(2460110, 20, 955.208, 994.669, -48.8964, 0, 0, 0, 0, 100, 0),(2460110, 21, 955.208, 994.669, -48.8964, 0, 0, 0, 0, 100, 0),(2460110, 22, 955.47, 1005.36, -47.4456, 0, 0, 0, 0, 100, 0),(2460110, 23, 956.608, 1008.66, -46.8272, 0, 0, 0, 0, 100, 0),(2460110, 24, 958.215, 1011.5, -46.2191, 0, 0, 0, 0, 100, 0),(2460110, 25, 962.256, 1017.21, -45.5434, 0, 0, 0, 0, 100, 0),(2460110, 26, 962.256, 1017.21, -45.5434, 0, 0, 0, 0, 100, 0),(2460110, 27, 967.064, 1023.81, -44.8698, 0, 0, 0, 0, 100, 0),(2460110, 28, 970.093, 1030.38, -43.8479, 0, 0, 0, 0, 100, 0),(2460110, 29, 973.193, 1033.15, -43.6454, 0, 0, 0, 0, 100, 0),(2460110, 30, 978.899, 1035.05, -43.9034, 0, 0, 0, 0, 100, 0),(2460110, 31, 981.47, 1035.2, -43.7662, 0, 0, 0, 0, 100, 0),(2460110, 32, 988.44, 1034.74, -43.1199, 0, 0, 0, 0, 100, 0),(2460110, 33, 994.027, 1034.38, -42.8554, 0, 0, 0, 0, 100, 0),(2460110, 34, 997.285, 1034.51, -42.8465, 0, 0, 0, 0, 100, 0),(2460110, 35, 1003.5, 1035.47, -43.1764, 0, 0, 0, 0, 100, 0),(2460110, 36, 1006.95, 1034.18, -43.4322, 0, 0, 0, 0, 100, 0),(2460110, 37, 1010.18, 1030.21, -43.737, 0, 0, 0, 0, 100, 0),
(2460110, 38, 1010.84, 1025.46, -43.8395, 0, 0, 0, 0, 100, 0),(2460110, 39, 1009.81, 1022.62, -43.7811, 0, 0, 0, 0, 100, 0),(2460110, 40, 1008.56, 1020.13, -44.1743, 0, 0, 0, 0, 100, 0),(2460110, 41, 1007.69, 1017.72, -43.9478, 0, 0, 0, 0, 100, 0),(2460110, 42, 1007.07, 1014.75, -43.8663, 0, 0, 0, 0, 100, 0),(2460110, 43, 1007.07, 1009.91, -43.9676, 0, 0, 0, 0, 100, 0),
(2460980, 1, 1016.97, 998.379, -44.4848, 0, 0, 1, 0, 100, 0),(2460980, 2, 1014.93, 988.149, -43.6108, 0, 0, 1, 0, 100, 0),(2460980, 3, 1013.09, 980.241, -43.8909, 0, 0, 1, 0, 100, 0),(2460980, 4, 1008.76, 973.292, -43.9503, 0, 0, 1, 0, 100, 0),(2460980, 5, 1000.55, 968.903, -43.5469, 0, 0, 1, 0, 100, 0),(2460980, 6, 990.42, 966.133, -44.037, 0, 0, 1, 0, 100, 0),(2460980, 7, 981.268, 964.424, -45.2196, 0, 0, 1, 0, 100, 0),(2460980, 8, 973.42, 966.505, -44.1151, 0, 0, 1, 0, 100, 0),(2460980, 9, 973.667, 977.002, -43.9918, 0, 0, 1, 0, 100, 0),(2460980, 10, 973.809, 984.001, -43.8989, 0, 0, 1, 0, 100, 0),(2460980, 11, 973.48, 993.305, -44.1895, 0, 0, 1, 0, 100, 0),(2460980, 12, 972.657, 1000.26, -44.1983, 0, 0, 1, 0, 100, 0),(2460980, 13, 971.154, 1008.31, -44.4494, 0, 0, 1, 0, 100, 0),(2460980, 14, 969.938, 1015.27, -45.6211, 0, 0, 1, 0, 100, 0),(2460980, 15, 971.599, 1023.29, -44.7522, 0, 0, 1, 0, 100, 0),
(2460980, 16, 977.034, 1021.24, -44.3559, 0, 0, 1, 0, 100, 0),(2460980, 17, 979.428, 1019.02, -44.2227, 0, 0, 1, 0, 100, 0),(2460980, 18, 982.796, 1015.76, -42.6553, 0, 0, 1, 0, 100, 0),(2460980, 19, 989.659, 1011.29, -42.6031, 0, 0, 1, 0, 100, 0),(2460980, 20, 996.339, 1006.67, -42.6031, 0, 0, 1, 0, 100, 0),(2460980, 21, 1001.67, 1003.39, -42.6535, 0, 0, 1, 0, 100, 0),(2460980, 22, 1005.08, 1001.19, -44.2918, 0, 0, 1, 0, 100, 0),(2460980, 23, 1010.31, 997.815, -44.595, 0, 0, 1, 0, 100, 0),(2460980, 24, 1017.9, 1005.06, -44.5598, 0, 0, 1, 0, 100, 0),(2460980, 25, 1013.14, 1014.42, -44.8186, 0, 0, 1, 0, 100, 0),(2460980, 26, 1007.74, 1020.49, -44.0623, 0, 0, 1, 0, 100, 0),(2460980, 27, 1008.85, 1030.93, -43.6463, 0, 0, 1, 0, 100, 0),(2460980, 28, 1016.45, 1031.8, -44.0208, 0, 0, 1, 0, 100, 0),(2460980, 29, 1026.01, 1023.37, -44.9955, 0, 0, 1, 0, 100, 0),(2460980, 30, 1028.84, 1015.69, -45.2783, 0, 0, 1, 0, 100, 0),
(2460980, 31, 1022.7, 1005.75, -44.7264, 0, 0, 1, 0, 100, 0),(2460980, 32, 1013.7, 1000.33, -44.6025, 0, 0, 1, 0, 100, 0),(2460980, 33, 1006.7, 1000.3, -44.4054, 0, 0, 1, 0, 100, 0),(2460980, 34, 1001.04, 1004.42, -42.6526, 0, 0, 1, 0, 100, 0),(2460980, 35, 991.973, 1011.8, -42.6031, 0, 0, 1, 0, 100, 0),(2460980, 36, 986.357, 1013.29, -42.6031, 0, 0, 1, 0, 100, 0),(2460980, 37, 982.767, 1016.3, -42.651, 0, 0, 1, 0, 100, 0),(2460980, 38, 979.379, 1019.1, -44.2194, 0, 0, 1, 0, 100, 0),(2460980, 39, 981.66, 1030.57, -43.8203, 0, 0, 1, 0, 100, 0),(2460980, 40, 995.617, 1031.67, -43.3677, 0, 0, 1, 0, 100, 0),(2460980, 41, 1004.82, 1030.25, -44.3309, 0, 0, 1, 0, 100, 0),(2460980, 42, 1008.95, 1028.04, -43.6337, 0, 0, 1, 0, 100, 0),(2460980, 43, 1010.13, 1024.74, -43.8536, 0, 0, 1, 0, 100, 0),(2460980, 44, 1008.09, 1018.04, -43.9947, 0, 0, 1, 0, 100, 0);
DELETE FROM creature_formations WHERE leaderGUID IN(246098);
INSERT INTO creature_formations VALUES (246098, 246098, 0, 0, 0, 0, 0);
INSERT INTO creature_formations VALUES (246098, 246036, 6, 180, 0, 0, 0);

-- Quest Control Five Bases (8115)
UPDATE quest_template SET RequiredFactionId1=509, RequiredFactionValue1=42000, RequiredMinRepFaction=509, RequiredMinRepValue=42000 WHERE Id=8115;

-- Quest Take Five Bases (8122)
UPDATE quest_template SET RequiredFactionId1=510, RequiredFactionValue1=42000, RequiredMinRepFaction=510, RequiredMinRepValue=42000 WHERE Id=8122;



-- -----------------------------
--          SPAWNS
-- -----------------------------
DELETE FROM creature WHERE guid BETWEEN 246000 AND 246999;INSERT INTO creature VALUES (246046, 620, 529, 1, 96, 0, 0, 795.397, 818.588, -56.6588, 3.35866, 7200, 10, 0, 1, 0, 1, 0, 0, 0);INSERT INTO creature VALUES (246047, 620, 529, 1, 96, 0, 0, 812.358, 793.577, -57.804, 2.48875, 7200, 10, 0, 1, 0, 1, 0, 0, 0);INSERT INTO creature VALUES (246049, 620, 529, 1, 96, 0, 0, 801.974, 838.556, -57.3049, 5.89658, 7200, 10, 0, 1, 0, 1, 0, 0, 0);INSERT INTO creature VALUES (246041, 620, 529, 1, 96, 0, 0, 801.807, 851.657, -56.8686, 5.60317, 7200, 10, 0, 1, 0, 1, 0, 0, 0);INSERT INTO creature VALUES (246043, 620, 529, 1, 96, 0, 0, 821.06, 864.308, -57.6799, 4.89427, 7200, 10, 0, 1, 0, 1, 0, 0, 0);INSERT INTO creature VALUES (246045, 620, 529, 1, 96, 0, 0, 804.461, 823.972, -57.2328, 0.448127, 7200, 10, 0, 1, 0, 1, 0, 0, 0);INSERT INTO creature VALUES (246040, 620, 529, 1, 96, 0, 0, 824.794, 801.652, -57.4968, 3.19263, 7200, 10, 0, 1, 0, 1, 0, 0, 0);INSERT INTO creature VALUES (246039, 620, 529, 1, 96, 0, 0, 822.927, 815.096, -57.7846, 4.28032, 7200, 10, 0, 1, 0, 1, 0, 0, 0);INSERT INTO creature VALUES (246037, 620, 529, 1, 96, 0, 0, 856.652, 834.647, -57.629, 5.21532, 7200, 10, 0, 1, 0, 1, 0, 0, 0);INSERT INTO creature VALUES (246033, 620, 529, 1, 96, 0, 0, 844.669, 855.021, -57.8073, 2.60927, 7200, 10, 0, 1, 0, 1, 0, 0, 0);INSERT INTO creature VALUES (246102, 4075, 529, 1, 96, 0, 0, 789.21, 816.972, -56.769, 2.22112, 7200, 10, 0, 1, 0, 1, 0, 0, 0);INSERT INTO creature VALUES (246101, 4075, 529, 1, 96, 0, 0, 798.445, 837.073, -57.2855, 2.09308, 7200, 10, 0, 1, 0, 1, 0, 0, 0);INSERT INTO creature VALUES (246069, 4075, 529, 1, 96, 0, 0, 810.084, 793.092, -57.935, 3.19653, 7200, 10, 0, 1, 0, 1, 0, 0, 0);INSERT INTO creature VALUES (246068, 4075, 529, 1, 96, 0, 0, 812.812, 825.538, -57.3038, 4.09209, 7200, 10, 0, 1, 0, 1, 0, 0, 0);INSERT INTO creature VALUES (246067, 4075, 529, 1, 96, 0, 0, 794.687, 809.466, -56.8287, 5.07813, 7200, 10, 0, 1, 0, 1, 0, 0, 0);INSERT INTO creature VALUES (246061, 4075, 529, 1, 96, 0, 0, 826.233, 817.517, -57.6898, 4.08775, 7200, 10, 0, 1, 0, 1, 0, 0, 0);INSERT INTO creature VALUES (246060, 4075, 529, 1, 96, 0, 0, 823.021, 867.812, -57.8348, 1.92369, 7200, 10, 0, 1, 0, 1, 0, 0, 0);INSERT INTO creature VALUES (246058, 4075, 529, 1, 96, 0, 0, 842.101, 842.749, -58.172, 5.90707, 7200, 10, 0, 1, 0, 1, 0, 0, 0);INSERT INTO creature VALUES (246055, 4075, 529, 1, 96, 0, 0, 853.354, 828.588, -57.5556, 0.942478, 7200, 10, 0, 1, 0, 1, 0, 0, 0);INSERT INTO creature VALUES (246013, 4075, 529, 1, 96, 0, 0, 788.426, 853.699, -54.929, 3.26885, 7200, 10, 0, 1, 0, 1, 0, 0, 0);INSERT INTO creature VALUES (246053, 4075, 529, 1, 96, 0, 0, 840.534, 867.269, -57.4674, 3.69448, 7200, 10, 0, 1, 0, 1, 0, 0, 0);INSERT INTO creature VALUES (246054, 4075, 529, 1, 96, 0, 0, 811.459, 834.375, -57.0549, 2.30911, 7200, 10, 0, 1, 0, 1, 0, 0, 0);INSERT INTO creature VALUES (246005, 4075, 529, 1, 96, 0, 0, 852.355, 828.619, -57.616, 3.1105, 7200, 10, 0, 1, 0, 1, 0, 0, 0);INSERT INTO creature VALUES (246008, 4075, 529, 1, 96, 0, 0, 787.455, 819.408, -56.4317, 2.19518, 7200, 10, 0, 1, 0, 1, 0, 0, 0);INSERT INTO creature VALUES (246004, 4075, 529, 1, 96, 0, 0, 800.477, 833.544, -57.4045, 2.05264, 7200, 10, 0, 1, 0, 1, 0, 0, 0);INSERT INTO creature VALUES (246003, 4075, 529, 1, 96, 0, 0, 840.715, 865.271, -57.6067, 4.80323, 7200, 10, 0, 1, 0, 1, 0, 0, 0);INSERT INTO creature VALUES (246000, 4075, 529, 1, 96, 0, 0, 839.569, 843.749, -58.1058, 4.13643, 7200, 10, 0, 1, 0, 1, 0, 0, 0);INSERT INTO creature VALUES (246050, 15045, 529, 1, 32, 0, 1, 811.062, 794.552, -57.8791, 1.8028, 7200, 0, 0, 1, 0, 0, 0, 0, 0);INSERT INTO creature VALUES (246042, 15045, 529, 1, 32, 0, 1, 821.692, 828.749, -57.3741, 0.385844, 7200, 0, 0, 1, 0, 0, 0, 0, 0);INSERT INTO creature VALUES (246044, 15045, 529, 1, 32, 0, 1, 821.206, 870.443, -58.1685, 2.46793, 7200, 0, 0, 1, 0, 0, 0, 0, 0);INSERT INTO creature VALUES (246048, 15045, 529, 1, 32, 0, 1, 787.03, 821.813, -56.3246, 5.05953, 7200, 0, 0, 1, 0, 0, 0, 0, 0);INSERT INTO creature VALUES (246038, 15045, 529, 1, 32, 0, 1, 797.921, 845.7, -56.7286, 3.75854, 7200, 0, 0, 1, 0, 0, 0, 0, 0);INSERT INTO creature VALUES (246034, 15045, 529, 1, 32, 0, 1, 849.541, 834.651, -57.7431, 3.48526, 7200, 0, 0, 1, 0, 0, 0, 0, 0);INSERT INTO creature VALUES (246031, 15045, 529, 1, 32, 0, 1, 840.747, 862.045, -57.4567, 3.12442, 7200, 0, 0, 1, 0, 0, 0, 0, 0);INSERT INTO creature VALUES (246070, 15046, 529, 1, 64, 0, 1, 791.34, 822.852, -56.4006, 1.8326, 7200, 0, 0, 1, 0, 0, 0, 0, 0);INSERT INTO creature VALUES (246059, 15046, 529, 1, 64, 0, 1, 811.468, 794.81, -57.8791, 1.89343, 7200, 0, 0, 1, 0, 0, 0, 0, 0);INSERT INTO creature VALUES (246006, 15046, 529, 1, 64, 0, 1, 843.426, 857.73, -57.7743, 2.32682, 7200, 0, 0, 1, 0, 0, 0, 0, 0);INSERT INTO creature VALUES (246007, 15046, 529, 1, 64, 0, 1, 815.039, 829.788, -57.2099, 4.46503, 7200, 0, 0, 1, 0, 0, 0, 0, 0);INSERT INTO creature VALUES (246056, 15046, 529, 1, 64, 0, 1, 824.328, 817.714, -57.6596, 2.41433, 7200, 0, 0, 1, 0, 0, 0, 0, 0);INSERT INTO creature VALUES (246057, 15046, 529, 1, 64, 0, 1, 849.179, 833.499, -57.7416, 3.97784, 7200, 0, 0, 1, 0, 0, 0, 0, 0);INSERT INTO creature VALUES (246002, 15046, 529, 1, 64, 0, 1, 822.677, 867.832, -57.7916, 6.06853, 7200, 0, 0, 1, 0, 0, 0, 0, 0);INSERT INTO creature VALUES (246001, 15046, 529, 1, 64, 0, 1, 799.617, 847.34, -56.9945, 5.78852, 7200, 0, 0, 1, 0, 0, 0, 0, 0);INSERT INTO creature VALUES (246014, 15062, 529, 1, 128, 0, 1, 767.403, 1118.95, 17.3766, 2.33874, 7200, 0, 0, 1, 0, 0, 0, 0, 0);INSERT INTO creature VALUES (246016, 15062, 529, 1, 128, 0, 1, 751.68, 1198.45, 18.232, 3.35103, 7200, 0, 0, 1, 0, 0, 0, 0, 0);INSERT INTO creature VALUES (246019, 15062, 529, 1, 128, 0, 1, 830.316, 1136.88, 11.3574, 5.14872, 7200, 0, 0, 1, 0, 0, 0, 0, 0);INSERT INTO creature VALUES (246015, 15062, 529, 1, 128, 0, 1, 760.732, 1083.22, 15.693, 4.03171, 7200, 0, 0, 1, 0, 0, 0, 0, 0);INSERT INTO creature VALUES (246018, 15062, 529, 1, 128, 0, 1, 908.642, 1183.09, 5.05999, 0.820305, 7200, 0, 0, 1, 0, 0, 0, 0, 0);INSERT INTO creature VALUES (246017, 15062, 529, 1, 128, 0, 1, 909.461, 1232.72, 6.57686, 3.29867, 7200, 0, 0, 1, 0, 0, 0, 0, 0);INSERT INTO creature VALUES (246066, 15062, 529, 1, 128, 0, 1, 873.048, 1264.44, 18.8553, 1.39626, 7200, 0, 0, 1, 0, 0, 0, 0, 0);INSERT INTO creature VALUES (246065, 15062, 529, 1, 128, 0, 1, 815.829, 1088.29, 9.53132, 0.0523599, 7200, 0, 0, 1, 0, 0, 0, 0, 0);INSERT INTO creature VALUES (246064, 15062, 529, 1, 128, 0, 1, 812.093, 1161.07, 11.6124, 2.3911, 7200, 0, 0, 1, 0, 0, 0, 0, 0);INSERT INTO creature VALUES (246062, 15062, 529, 1, 128, 0, 1, 838.966, 1241.34, 16.6564, 3.75246, 7200, 0, 0, 1, 0, 0, 0, 0, 0);INSERT INTO creature VALUES (246063, 15062, 529, 1, 128, 0, 1, 884.481, 1176.69, 9.99647, 4.08407, 7200, 0, 0, 1, 0, 0, 0, 0, 0);INSERT INTO creature VALUES (246097, 15063, 529, 1, 8, 0, 1, 991.74, 1000.92, -42.5199, 2.67035, 7200, 0, 0, 1, 0, 0, 0, 0, 0);INSERT INTO creature VALUES (246099, 15063, 529, 1, 8, 0, 1, 990.042, 1014.51, -42.5199, 6.16101, 7200, 0, 0, 1, 0, 0, 0, 0, 0);INSERT INTO creature VALUES (246032, 15063, 529, 1, 8, 0, 1, 969.127, 999.597, -43.9439, 2.3911, 7200, 0, 0, 1, 0, 0, 0, 0, 0);INSERT INTO creature VALUES (246035, 15063, 529, 1, 8, 0, 1, 979.588, 997.244, -43.9798, 0.575959, 7200, 0, 0, 1, 0, 0, 0, 0, 0);INSERT INTO creature VALUES (246072, 15063, 529, 1, 8, 0, 1, 980.162, 989.083, -43.9306, 0.191986, 7200, 0, 0, 1, 0, 0, 0, 0, 0);INSERT INTO creature VALUES (246071, 15063, 529, 1, 8, 0, 1, 983.693, 1008.41, -42.5199, 5.35816, 7200, 0, 0, 1, 0, 0, 0, 0, 0);INSERT INTO creature VALUES (246100, 15063, 529, 1, 8, 0, 1, 996.188, 1003.25, -42.5221, 4.72984, 7200, 0, 0, 1, 0, 0, 0, 0, 0);INSERT INTO creature VALUES (246088, 15064, 529, 1, 16, 0, 1, 996.413, 1002.88, -42.52, 4.7822, 7200, 0, 0, 1, 0, 0, 0, 0, 0);INSERT INTO creature VALUES (246010, 15064, 529, 1, 16, 0, 1, 968.975, 999.732, -43.9377, 2.53073, 7200, 0, 0, 1, 0, 0, 0, 0, 0);INSERT INTO creature VALUES (246012, 15064, 529, 1, 16, 0, 1, 979.603, 997.367, -43.9784, 1.01229, 7200, 0, 0, 1, 0, 0, 0, 0, 0);INSERT INTO creature VALUES (246086, 15064, 529, 1, 16, 0, 1, 983.581, 1008.55, -42.5199, 5.34071, 7200, 0, 0, 1, 0, 0, 0, 0, 0);INSERT INTO creature VALUES (246087, 15064, 529, 1, 16, 0, 1, 990.38, 1014.8, -42.5199, 6.12611, 7200, 0, 0, 1, 0, 0, 0, 0, 0);INSERT INTO creature VALUES (246036, 15065, 529, 1, 24, 0, 0, 1008.77, 1005.8, -44.0248, 6.21337, 7200, 0, 0, 1, 0, 0, 0, 0, 0);INSERT INTO creature VALUES (246098, 15066, 529, 1, 24, 0, 0, 1017.91, 1008.77, -44.3462, 5.96903, 7200, 0, 0, 1, 0, 2, 0, 0, 0);INSERT INTO creature VALUES (246009, 15071, 529, 1, 24, 0, 0, 989.03, 1036.78, -43.093, 3.14062, 7200, 0, 0, 1, 0, 2, 0, 0, 0);INSERT INTO creature VALUES (246011, 15072, 529, 1, 24, 0, 0, 1008.8, 1005.81, -44.0267, 6.24828, 7200, 0, 0, 1, 0, 2, 0, 0, 0);INSERT INTO creature VALUES (246108, 15074, 529, 1, 512, 0, 1, 1245.53, 773.819, -103.848, 4.20641, 7200, 0, 0, 1, 0, 0, 0, 0, 0);INSERT INTO creature VALUES (246109, 15074, 529, 1, 512, 0, 1, 1234.83, 798.88, -101.966, 3.38174, 7200, 0, 0, 1, 0, 0, 0, 0, 0);INSERT INTO creature VALUES (246110, 15074, 529, 1, 512, 0, 1, 1237.68, 815.579, -102.197, 1.25331, 7200, 0, 0, 1, 0, 0, 0, 0, 0);INSERT INTO creature VALUES (246111, 15074, 529, 1, 512, 0, 1, 1223.69, 805.685, -102.447, 4.94075, 7200, 0, 0, 1, 0, 0, 0, 0, 0);INSERT INTO creature VALUES (246112, 15074, 529, 1, 512, 0, 1, 1215.99, 814.251, -101.81, 1.85414, 7200, 0, 0, 1, 0, 0, 0, 0, 0);INSERT INTO creature VALUES (246113, 15074, 529, 1, 512, 0, 1, 1199.89, 801.945, -102.997, 4.37134, 7200, 0, 0, 1, 0, 0, 0, 0, 0);INSERT INTO creature VALUES (246107, 15074, 529, 1, 512, 0, 1, 1253.07, 793.132, -102.655, 0.711386, 7200, 0, 0, 1, 0, 0, 0, 0, 0);INSERT INTO creature VALUES (246114, 15075, 529, 1, 1024, 0, 1, 1253.17, 793.271, -102.513, 0.546443, 7200, 0, 0, 1, 0, 0, 0, 0, 0);INSERT INTO creature VALUES (246115, 15075, 529, 1, 1024, 0, 1, 1244.86, 772.812, -103.564, 4.28102, 7200, 0, 0, 1, 0, 0, 0, 0, 0);INSERT INTO creature VALUES (246116, 15075, 529, 1, 1024, 0, 1, 1234.4, 798.281, -101.697, 3.05972, 7200, 0, 0, 1, 0, 0, 0, 0, 0);INSERT INTO creature VALUES (246117, 15075, 529, 1, 1024, 0, 1, 1236.38, 816.779, -102.055, 1.10015, 7200, 0, 0, 1, 0, 0, 0, 0, 0);INSERT INTO creature VALUES (246118, 15075, 529, 1, 1024, 0, 1, 1223.17, 805.013, -102.299, 4.74833, 7200, 0, 0, 1, 0, 0, 0, 0, 0);INSERT INTO creature VALUES (246119, 15075, 529, 1, 1024, 0, 1, 1218.07, 815.83, -101.385, 1.61852, 7200, 0, 0, 1, 0, 0, 0, 0, 0);INSERT INTO creature VALUES (246120, 15075, 529, 1, 1024, 0, 1, 1199.91, 802.022, -103.057, 4.30065, 7200, 0, 0, 1, 0, 0, 0, 0, 0);INSERT INTO creature VALUES (246076, 15086, 529, 1, 2, 0, 1, 1184.96, 1200.12, -56.3163, 0.590913, 7200, 0, 0, 1, 0, 2, 0, 0, 0);INSERT INTO creature VALUES (246103, 15086, 529, 1, 2, 0, 1, 1160.27, 1171.94, -56.2972, 4.36568, 7200, 0, 0, 1, 0, 2, 0, 0, 0);INSERT INTO creature VALUES (246104, 15086, 529, 1, 2, 0, 1, 1207.82, 1198.78, -56.1779, 2.86234, 7200, 0, 0, 1, 0, 0, 0, 0, 0);INSERT INTO creature VALUES (246021, 15087, 529, 1, 4, 0, 1, 1167.39, 1182.29, -56.3064, 5.17983, 7200, 0, 0, 1, 0, 2, 0, 0, 0);INSERT INTO creature VALUES (246030, 15087, 529, 1, 4, 0, 1, 1186.86, 1198.91, -56.3739, 3.96357, 7200, 0, 0, 1, 0, 2, 0, 0, 0);INSERT INTO creature VALUES (246095, 15089, 529, 1, 256, 0, 1, 812.393, 1160.85, 11.6123, 2.33874, 7200, 0, 0, 1, 0, 0, 0, 0, 0);INSERT INTO creature VALUES (246096, 15089, 529, 1, 256, 0, 1, 909.529, 1232.81, 6.55989, 3.47321, 7200, 0, 0, 1, 0, 0, 0, 0, 0);INSERT INTO creature VALUES (246093, 15089, 529, 1, 256, 0, 1, 787.803, 1230.45, 18.6236, 3.89208, 7200, 0, 0, 1, 0, 0, 0, 0, 0);INSERT INTO creature VALUES (246094, 15089, 529, 1, 256, 0, 1, 742.763, 1243.59, 22.7741, 1.3439, 7200, 0, 0, 1, 0, 0, 0, 0, 0);INSERT INTO creature VALUES (246089, 15089, 529, 1, 256, 0, 1, 815.915, 1088.65, 9.58834, 6.23082, 7200, 0, 0, 1, 0, 0, 0, 0, 0);INSERT INTO creature VALUES (246090, 15089, 529, 1, 256, 0, 1, 764.691, 1147.38, 18.9711, 1.74533, 7200, 0, 0, 1, 0, 0, 0, 0, 0);INSERT INTO creature VALUES (246091, 15089, 529, 1, 256, 0, 1, 768.374, 1130.01, 17.4622, 4.14465, 7200, 0, 0, 1, 0, 0, 0, 0, 0);INSERT INTO creature VALUES (246092, 15089, 529, 1, 256, 0, 1, 761.081, 1082.74, 15.5728, 3.80482, 7200, 0, 0, 1, 0, 0, 0, 0, 0);INSERT INTO creature VALUES (246085, 15089, 529, 1, 256, 0, 1, 872.633, 1264.29, 18.8666, 1.44862, 7200, 0, 0, 1, 0, 0, 0, 0, 0);INSERT INTO creature VALUES (246084, 15089, 529, 1, 256, 0, 1, 884.648, 1176.52, 9.96061, 3.94444, 7200, 0, 0, 1, 0, 0, 0, 0, 0);INSERT INTO creature VALUES (246082, 15089, 529, 1, 256, 0, 1, 908.765, 1183.24, 5.00921, 0.331613, 7200, 0, 0, 1, 0, 0, 0, 0, 0);INSERT INTO creature VALUES (246083, 15089, 529, 1, 256, 0, 1, 751.929, 1198.46, 18.1631, 3.38594, 7200, 0, 0, 1, 0, 0, 0, 0, 0);INSERT INTO creature VALUES (246078, 15089, 529, 1, 256, 0, 1, 831.255, 1236.06, 17.2953, 0.506145, 7200, 0, 0, 1, 0, 0, 0, 0, 0);INSERT INTO creature VALUES (246079, 15089, 529, 1, 256, 0, 1, 920.323, 1251.82, 8.46854, 3.40339, 7200, 0, 0, 1, 0, 0, 0, 0, 0);INSERT INTO creature VALUES (246080, 15089, 529, 1, 256, 0, 1, 908.431, 1248.12, 9.23548, 0.890118, 7200, 0, 0, 1, 0, 0, 0, 0, 0);INSERT INTO creature VALUES (246081, 15089, 529, 1, 256, 0, 1, 913.165, 1311.43, 24.9025, 0.558505, 7200, 0, 0, 1, 0, 0, 0, 0, 0);INSERT INTO creature VALUES (246077, 15107, 529, 1, 2, 0, 0, 1157.58, 1172.96, -56.2799, 2.84489, 7200, 0, 0, 1, 0, 0, 0, 0, 0);INSERT INTO creature VALUES (246105, 15107, 529, 1, 2, 0, 0, 1174.1, 1142.3, -56.0474, 0.488692, 7200, 0, 0, 1, 0, 0, 0, 0, 0);INSERT INTO creature VALUES (246106, 15107, 529, 1, 2, 0, 0, 1167.66, 1160.64, -56.3909, 3.59163, 7200, 0, 0, 1, 0, 0, 0, 0, 0);INSERT INTO creature VALUES (246073, 15107, 529, 1, 2, 0, 0, 1162.17, 1174.74, -56.4251, 4.13297, 7200, 0, 0, 1, 0, 0, 0, 0, 0);INSERT INTO creature VALUES (246074, 15107, 529, 1, 2, 0, 0, 1187.5, 1181.29, -55.9973, 2.40855, 7200, 0, 0, 1, 0, 0, 0, 0, 0);INSERT INTO creature VALUES (246075, 15107, 529, 1, 2, 0, 0, 1186.39, 1190.51, -56.009, 2.35619, 7200, 0, 0, 1, 0, 0, 0, 0, 0);INSERT INTO creature VALUES (246051, 15107, 529, 1, 2, 0, 0, 1170.5, 1161.7, -56.4227, 0.357083, 7200, 10, 0, 1, 0, 1, 0, 0, 0);INSERT INTO creature VALUES (246052, 15107, 529, 1, 2, 0, 0, 1189.31, 1183.63, -56.0443, 2.44346, 7200, 0, 0, 1, 0, 0, 0, 0, 0);INSERT INTO creature VALUES (246025, 15108, 529, 1, 4, 0, 0, 1160.12, 1169.93, -56.3168, 0.0228146, 7200, 0, 0, 1, 0, 0, 0, 0, 0);INSERT INTO creature VALUES (246024, 15108, 529, 1, 4, 0, 0, 1184.85, 1179.24, -55.9334, 2.21657, 7200, 0, 0, 1, 0, 0, 0, 0, 0);INSERT INTO creature VALUES (246023, 15108, 529, 1, 4, 0, 0, 1170.84, 1143.68, -56.1315, 4.45378, 7200, 0, 0, 1, 0, 0, 0, 0, 0);INSERT INTO creature VALUES (246022, 15108, 529, 1, 4, 0, 0, 1164.86, 1157.48, -56.436, 2.4308, 7200, 10, 0, 1, 0, 1, 0, 0, 0);INSERT INTO creature VALUES (246020, 15108, 529, 1, 4, 0, 0, 1159.6, 1150.46, -56.4713, 6.02139, 7200, 0, 0, 1, 0, 0, 0, 0, 0);INSERT INTO creature VALUES (246026, 15108, 529, 1, 4, 0, 0, 1191.47, 1185.54, -56.0253, 2.30383, 7200, 0, 0, 1, 0, 0, 0, 0, 0);INSERT INTO creature VALUES (246027, 15108, 529, 1, 4, 0, 0, 1167.13, 1186.34, -56.2799, 4.76125, 7200, 0, 0, 1, 0, 0, 0, 0, 0);INSERT INTO creature VALUES (246028, 15108, 529, 1, 4, 0, 0, 1186.12, 1190.79, -56.0364, 2.35619, 7200, 0, 0, 1, 0, 0, 0, 0, 0);INSERT INTO creature VALUES (246029, 15108, 529, 1, 4, 0, 0, 1175.07, 1155.1, -56.4464, 4.50295, 7200, 0, 0, 1, 0, 0, 0, 0, 0);


DELETE FROM gameobject WHERE guid BETWEEN 246000 AND 246999;INSERT INTO gameobject VALUES (246085, 179862, 529, 1, 1, 990.631, 1001.26, -42.6032, 0.986173, 0, 0, 0, 1, 7200, 255, 1, 0);INSERT INTO gameobject VALUES (246084, 179862, 529, 1, 1, 991.3, 1014.57, -42.6021, 1.44562, 0, 0, 0, 1, 7200, 255, 1, 0);INSERT INTO gameobject VALUES (246083, 179862, 529, 1, 1, 996.026, 1002.01, -42.6032, 5.48257, 0, 0, 0, 1, 7200, 255, 1, 0);INSERT INTO gameobject VALUES (246086, 179862, 529, 1, 1, 984.591, 1007.37, -42.6036, 2.14071, 0, 0, 0, 1, 7200, 255, 1, 0);INSERT INTO gameobject VALUES (246047, 180218, 529, 1, 32, 826.672, 873.83, -58.1679, 3.42085, 0, 0, 0, 1, 7200, 255, 1, 0);INSERT INTO gameobject VALUES (246046, 180218, 529, 1, 32, 811.218, 861.737, -57.8359, 5.46288, 0, 0, 0, 1, 7200, 255, 1, 0);INSERT INTO gameobject VALUES (246044, 180218, 529, 1, 32, 836.963, 843.832, -58.2549, 3.87463, 0, 0, 0, 1, 7200, 255, 1, 0);INSERT INTO gameobject VALUES (246043, 180218, 529, 1, 32, 839.221, 828.745, -57.591, 0.366518, 0, 0, 0, 1, 7200, 255, 1, 0);INSERT INTO gameobject VALUES (246040, 180218, 529, 1, 32, 845.042, 879.826, -58.4152, 1.83259, 0, 0, 0, 1, 7200, 255, 1, 0);INSERT INTO gameobject VALUES (246042, 180218, 529, 1, 32, 836.371, 845.542, -58.2662, 1.02974, 0, 0, 0, 1, 7200, 255, 1, 0);INSERT INTO gameobject VALUES (246041, 180218, 529, 1, 32, 839.577, 855.204, -57.8964, 6.07375, 0, 0, 0, 1, 7200, 255, 1, 0);INSERT INTO gameobject VALUES (246039, 180218, 529, 1, 32, 854.632, 857.68, -58.5175, 4.29351, 0, 0, 0, 1, 7200, 255, 1, 0);INSERT INTO gameobject VALUES (246038, 180218, 529, 1, 32, 858.298, 849.064, -58.4833, 3.3685, 0, 0, 0, 1, 7200, 255, 1, 0);INSERT INTO gameobject VALUES (246037, 180218, 529, 1, 32, 854.695, 861.679, -58.5732, 5.39307, 0, 0, 0, 1, 7200, 255, 1, 0);INSERT INTO gameobject VALUES (246036, 180218, 529, 1, 32, 840.427, 872.116, -58.0577, 2.91469, 0, 0, 0, 1, 7200, 255, 1, 0);INSERT INTO gameobject VALUES (246055, 180218, 529, 1, 32, 812.468, 863.412, -57.8908, 2.61799, 0, 0, 0, 1, 7200, 255, 1, 0);INSERT INTO gameobject VALUES (246048, 180218, 529, 1, 32, 842.301, 827.672, -57.747, 0.191985, 0, 0, 0, 1, 7200, 255, 1, 0);INSERT INTO gameobject VALUES (246063, 180218, 529, 1, 32, 809.455, 800.194, -58.0184, 1.01229, 0, 0, 0, 1, 7200, 255, 1, 0);INSERT INTO gameobject VALUES (246050, 180218, 529, 1, 32, 819.136, 876.383, -58.4074, 5.55015, 0, 0, 0, 1, 7200, 255, 1, 0);INSERT INTO gameobject VALUES (246062, 180218, 529, 1, 32, 806.112, 793.431, -58.1486, 6.24828, 0, 0, 0, 1, 7200, 255, 1, 0);INSERT INTO gameobject VALUES (246061, 180218, 529, 1, 32, 816.931, 793.236, -57.9357, 4.39823, 0, 0, 0, 1, 7200, 255, 1, 0);INSERT INTO gameobject VALUES (246060, 180218, 529, 1, 32, 817.42, 790.555, -57.9141, 0.139625, 0, 0, 0, 1, 7200, 255, 1, 0);INSERT INTO gameobject VALUES (246059, 180218, 529, 1, 32, 817.27, 819.281, -57.7797, 3.17653, 0, 0, 0, 1, 7200, 255, 1, 0);INSERT INTO gameobject VALUES (246058, 180218, 529, 1, 32, 838.38, 845.352, -58.1822, 0.715585, 0, 0, 0, 1, 7200, 255, 1, 0);INSERT INTO gameobject VALUES (246057, 180218, 529, 1, 32, 826.195, 860.879, -57.8156, 5.32326, 0, 0, 0, 1, 7200, 255, 1, 0);INSERT INTO gameobject VALUES (246045, 180218, 529, 1, 32, 828.236, 812.372, -57.8446, 5.61996, 0, 0, 0, 1, 7200, 255, 1, 0);INSERT INTO gameobject VALUES (246054, 180218, 529, 1, 32, 830.999, 821.705, -57.9708, 1.06465, 0, 0, 0, 1, 7200, 255, 1, 0);INSERT INTO gameobject VALUES (246052, 180218, 529, 1, 32, 819.957, 865.327, -57.5317, 4.64258, 0, 0, 0, 1, 7200, 255, 1, 0);INSERT INTO gameobject VALUES (246034, 180218, 529, 1, 32, 841.295, 858.492, -57.8125, 4.34587, 0, 0, 0, 1, 7200, 255, 1, 0);INSERT INTO gameobject VALUES (246035, 180219, 529, 1, 32, 846.167, 841.721, -58.3017, 1.25664, 0, 0, 0, 1, 7200, 255, 1, 0);INSERT INTO gameobject VALUES (246053, 180219, 529, 1, 32, 854.962, 825.815, -57.5597, 0.349065, 0, 0, 0, 1, 7200, 255, 1, 0);INSERT INTO gameobject VALUES (246051, 180219, 529, 1, 32, 827.689, 862.08, -57.8395, 5.44543, 0, 0, 0, 1, 7200, 255, 1, 0);INSERT INTO gameobject VALUES (246049, 180219, 529, 1, 32, 833.724, 823.595, -58.031, 1.309, 0, 0, 0, 1, 7200, 255, 1, 0);INSERT INTO gameobject VALUES (246033, 180219, 529, 1, 32, 846.689, 878.15, -58.3168, 0.680677, 0, 0, 0, 1, 7200, 255, 1, 0);INSERT INTO gameobject VALUES (246056, 180219, 529, 1, 32, 833.548, 820.18, -57.9918, 2.63544, 0, 0, 0, 1, 7200, 255, 1, 0);INSERT INTO gameobject VALUES (246032, 180219, 529, 1, 32, 856.244, 859.265, -58.5607, 5.49779, 0, 0, 0, 1, 7200, 255, 1, 0);INSERT INTO gameobject VALUES (246008, 180220, 529, 1, 64, 802.771, 841.938, -57.4145, 4.86947, 0, 0, 0, 1, 7200, 255, 1, 0);INSERT INTO gameobject VALUES (246016, 180220, 529, 1, 64, 794.964, 850.482, -56.0751, 0.157079, 0, 0, 0, 1, 7200, 255, 1, 0);INSERT INTO gameobject VALUES (246074, 180220, 529, 1, 64, 816.998, 851.552, -57.3722, 2.33874, 0, 0, 0, 1, 7200, 255, 1, 0);INSERT INTO gameobject VALUES (246069, 180220, 529, 1, 64, 852.552, 820.99, -57.8172, 2.82743, 0, 0, 0, 1, 7200, 255, 1, 0);INSERT INTO gameobject VALUES (246028, 180220, 529, 1, 64, 845.916, 880.218, -58.4203, 5.58505, 0, 0, 0, 1, 7200, 255, 1, 0);INSERT INTO gameobject VALUES (246026, 180220, 529, 1, 64, 825.954, 823.076, -57.8157, 5.60251, 0, 0, 0, 1, 7200, 255, 1, 0);INSERT INTO gameobject VALUES (246030, 180220, 529, 1, 64, 816.18, 820.578, -57.735, 4.34587, 0, 0, 0, 1, 7200, 255, 1, 0);INSERT INTO gameobject VALUES (246010, 180222, 529, 1, 64, 838.469, 869.584, -57.8706, 1.46608, 0, 0, 0, 1, 7200, 255, 1, 0);INSERT INTO gameobject VALUES (246015, 180222, 529, 1, 64, 808.805, 797.434, -57.973, 2.63544, 0, 0, 0, 1, 7200, 255, 1, 0);INSERT INTO gameobject VALUES (246001, 180222, 529, 1, 64, 803.941, 826.62, -57.4124, 2.05949, 0, 0, 0, 1, 7200, 255, 1, 0);INSERT INTO gameobject VALUES (246080, 180222, 529, 1, 64, 846.704, 822.094, -58.052, 0.139625, 0, 0, 0, 1, 7200, 255, 1, 0);INSERT INTO gameobject VALUES (246078, 180222, 529, 1, 64, 816.998, 851.552, -57.3722, 2.33874, 0, 0, 0, 1, 7200, 255, 1, 0);INSERT INTO gameobject VALUES (246012, 180222, 529, 1, 64, 825.452, 875.528, -58.1246, 3.94445, 0, 0, 0, 1, 7200, 255, 1, 0);INSERT INTO gameobject VALUES (246017, 180222, 529, 1, 64, 855.921, 843.101, -57.8557, 5.55015, 0, 0, 0, 1, 7200, 255, 1, 0);INSERT INTO gameobject VALUES (246082, 180222, 529, 1, 64, 811.643, 800.111, -57.959, 2.72271, 0, 0, 0, 1, 7200, 255, 1, 0);INSERT INTO gameobject VALUES (246065, 180222, 529, 1, 64, 826.045, 846.452, -57.7163, 0.785397, 0, 0, 0, 1, 7200, 255, 1, 0);INSERT INTO gameobject VALUES (246019, 180222, 529, 1, 64, 835.381, 821.814, -57.9953, 0.296705, 0, 0, 0, 1, 7200, 255, 1, 0);INSERT INTO gameobject VALUES (246027, 180222, 529, 1, 64, 837.829, 828.637, -57.5969, 5.96903, 0, 0, 0, 1, 7200, 255, 1, 0);INSERT INTO gameobject VALUES (246066, 180223, 529, 1, 64, 845.461, 882.717, -58.5138, 3.03684, 0, 0, 0, 1, 7200, 255, 1, 0);INSERT INTO gameobject VALUES (246064, 180223, 529, 1, 64, 802.771, 841.938, -57.4145, 4.86947, 0, 0, 0, 1, 7200, 255, 1, 0);INSERT INTO gameobject VALUES (246075, 180223, 529, 1, 64, 831.149, 856.946, -57.9999, 5.5676, 0, 0, 0, 1, 7200, 255, 1, 0);INSERT INTO gameobject VALUES (246000, 180223, 529, 1, 64, 811.987, 861.662, -57.8103, 1.309, 0, 0, 0, 1, 7200, 255, 1, 0);INSERT INTO gameobject VALUES (246073, 180224, 529, 1, 64, 845.539, 854.315, -57.6762, 6.12611, 0, 0, 0, 1, 7200, 255, 1, 0);INSERT INTO gameobject VALUES (246067, 180224, 529, 1, 64, 822.15, 864.645, -57.7939, 0.261798, 0, 0, 0, 1, 7200, 255, 1, 0);INSERT INTO gameobject VALUES (246076, 180224, 529, 1, 64, 851.503, 847.161, -57.9231, 2.91469, 0, 0, 0, 1, 7200, 255, 1, 0);INSERT INTO gameobject VALUES (246079, 180224, 529, 1, 64, 821.977, 813.516, -58.0313, 3.54302, 0, 0, 0, 1, 7200, 255, 1, 0);INSERT INTO gameobject VALUES (246014, 180224, 529, 1, 64, 809.782, 833.842, -57.0651, 4.64258, 0, 0, 0, 1, 7200, 255, 1, 0);INSERT INTO gameobject VALUES (246004, 180224, 529, 1, 64, 823.58, 875.868, -58.1679, 5.81195, 0, 0, 0, 1, 7200, 255, 1, 0);INSERT INTO gameobject VALUES (246006, 180224, 529, 1, 64, 828.632, 812.08, -57.8347, 1.23918, 0, 0, 0, 1, 7200, 255, 1, 0);INSERT INTO gameobject VALUES (246013, 180224, 529, 1, 64, 839.844, 846.052, -58.1728, 2.75761, 0, 0, 0, 1, 7200, 255, 1, 0);INSERT INTO gameobject VALUES (246002, 180224, 529, 1, 64, 811.678, 790.265, -57.9249, 0.349065, 0, 0, 0, 1, 7200, 255, 1, 0);INSERT INTO gameobject VALUES (246020, 180224, 529, 1, 64, 848.585, 836.068, -57.8643, 5.44543, 0, 0, 0, 1, 7200, 255, 1, 0);INSERT INTO gameobject VALUES (246081, 180225, 529, 1, 64, 793.252, 824.083, -56.5513, 3.42085, 0, 0, 0, 1, 7200, 255, 1, 0);INSERT INTO gameobject VALUES (246018, 180225, 529, 1, 64, 840.211, 844.91, -58.1869, 1.09956, 0, 0, 0, 1, 7200, 255, 1, 0);INSERT INTO gameobject VALUES (246031, 180225, 529, 1, 64, 854.253, 861.604, -58.5657, 2.54818, 0, 0, 0, 1, 7200, 255, 1, 0);INSERT INTO gameobject VALUES (246071, 180225, 529, 1, 64, 857.871, 828.833, -57.8815, 1.79769, 0, 0, 0, 1, 7200, 255, 1, 0);INSERT INTO gameobject VALUES (246029, 180225, 529, 1, 64, 825.284, 818.208, -57.7442, 6.24828, 0, 0, 0, 1, 7200, 255, 1, 0);INSERT INTO gameobject VALUES (246011, 180226, 529, 1, 64, 830.495, 826.901, -58.0094, 5.21854, 0, 0, 0, 1, 7200, 255, 1, 0);INSERT INTO gameobject VALUES (246025, 180226, 529, 1, 64, 857.92, 853.466, -58.5591, 4.79966, 0, 0, 0, 1, 7200, 255, 1, 0);INSERT INTO gameobject VALUES (246009, 180226, 529, 1, 64, 844.153, 874.653, -58.1478, 5.34071, 0, 0, 0, 1, 7200, 255, 1, 0);INSERT INTO gameobject VALUES (246024, 180226, 529, 1, 64, 826.021, 814.397, -57.8523, 0.59341, 0, 0, 0, 1, 7200, 255, 1, 0);INSERT INTO gameobject VALUES (246077, 180226, 529, 1, 64, 844.229, 873.405, -58.0143, 0.733038, 0, 0, 0, 1, 7200, 255, 1, 0);INSERT INTO gameobject VALUES (246023, 180226, 529, 1, 64, 805.43, 792.625, -58.1898, 4.85202, 0, 0, 0, 1, 7200, 255, 1, 0);INSERT INTO gameobject VALUES (246005, 180226, 529, 1, 64, 814.638, 859.498, -57.709, 4.50295, 0, 0, 0, 1, 7200, 255, 1, 0);INSERT INTO gameobject VALUES (246003, 180226, 529, 1, 64, 834.017, 839.465, -58.286, 3.87463, 0, 0, 0, 1, 7200, 255, 1, 0);INSERT INTO gameobject VALUES (246007, 180226, 529, 1, 64, 860.246, 831.615, -57.9775, 0.59341, 0, 0, 0, 1, 7200, 255, 1, 0);INSERT INTO gameobject VALUES (246072, 180227, 529, 1, 64, 837.201, 862.352, -57.461, 2.18166, 0, 0, 0, 1, 7200, 255, 1, 0);INSERT INTO gameobject VALUES (246070, 180227, 529, 1, 64, 817.102, 794.594, -58.0055, 5.48033, 0, 0, 0, 1, 7200, 255, 1, 0);INSERT INTO gameobject VALUES (246021, 180227, 529, 1, 64, 819.573, 873.308, -58.2632, 6.02139, 0, 0, 0, 1, 7200, 255, 1, 0);INSERT INTO gameobject VALUES (246022, 180227, 529, 1, 64, 846.775, 842.62, -58.2415, 2.94959, 0, 0, 0, 1, 7200, 255, 1, 0);INSERT INTO gameobject VALUES (246068, 180227, 529, 1, 64, 844.047, 827.609, -57.8357, 2.16421, 0, 0, 0, 1, 7200, 255, 1, 0);
