path	status	sha1	sha256	dump_sha1	dump_state	same_hash_in_dump	starter_table_mentions
sql/old/4.3.4/world/09_2015_07_28/2014_10_19_00_world.sql	hash_differs	e52efbb79c08f8480c17550091e55d833477524d	d59a4b0f7dcbcf48a4ee0ace03c614aed0f0c05122e9717ee66e42da7ca79f94	dd3a24e92a894418f58c8ac280cbdae2ac849b6c	ARCHIVED	-	-
sql/old/4.3.4/world/09_2015_07_28/2014_10_21_00_world.sql	hash_differs	83c839b284e37ead8c5237378f205f67a28d1357	f675bde553a5bec2e6321e15a4d5b65ba34bf8339d0b12f25dbc16f219b9f8a4	0e29a91e897f5ef08bfd09893475b483084f9bb9	ARCHIVED	-	-
sql/old/4.3.4/world/09_2015_07_28/2014_10_27_00_world.sql	hash_differs	431c68103e11c4a7579ef62dc4cd27d254c4e47a	8456ab4058934de263683ff8e3bfef9ee4eeeea8c7710ae188278c6f20f2c495	da9ff17fa413017913715aad27ad28f486340085	ARCHIVED	-	-
sql/old/4.3.4/world/09_2015_07_28/2014_10_27_01_world_335.sql	hash_differs	34ea0b6220a030e9fc909d365ac4d1e7e212bfd4	9901245538ef12e6e22e5ea30ef8a66d9618e351dac71995ac1325eb3787ff9b	702c94d55094b6c94548b1357dc0811ebf0b5a45	ARCHIVED	-	-
sql/old/4.3.4/world/09_2015_07_28/2014_11_05_00_world.sql	hash_differs	b3c5b811a1c4805ede7d11740187048a79a2369a	8191dfcb4123b61d7835a8889d2b385cfcdbc0b6a66fe459dff3a4ee61830feb	0c1f022696df96302ab62b4a215fc37fad66fa35	ARCHIVED	-	-
sql/old/4.3.4/world/09_2015_07_28/2014_12_27_01_world_335.sql	hash_differs	5d41fe6e2be8a3b875165fbb5531c2a4c663b308	6d2205ca0d52fee8902cd1a6e63f4da05ac59da2d3e96bcecfec107e4e038aaa	97d824705a26b9839e9cbb0ed6b4b868c2032442	ARCHIVED	-	-
sql/old/4.3.4/world/09_2015_07_28/2014_12_28_00_world_434.sql	hash_differs	46fb2c0dd3df309ad337c44f432ea1799cc66916	01f9615790298579e6aed6cf125932302ce3f1d8c20036a76730782dc0d53416		ARCHIVED	-	-
sql/old/4.3.4/world/09_2015_07_28/2014_12_30_00_world.sql	hash_differs	17093625f41d0488a15756568be0d10c95e87b20	12baba4e6e06f83aaaaa5d54114a60166c0a16f09d618fc034519205372e0a53	9a5bf5af7928e7f90607aa56972c027eba3e70b7	ARCHIVED	-	-
sql/old/4.3.4/world/09_2015_07_28/2014_12_30_01_world.sql	hash_differs	a91d0f1f8e4009993246194137a2b0d8e5320d07	f0115afc29c849f69e23af875716e9c34a7f7684ff3a093c22fc66420d44c750	215a8a5870bd6b739c768399e112d6e9374c92b1	ARCHIVED	-	-
sql/old/4.3.4/world/09_2015_07_28/2015_02_06_13_world_335.sql	hash_differs	dee11f0c80214f2e2dbf815e77df7e1c919ba283	f03124d291d076eaabad6f1025221701bb3fa8833e86d8a2a39b76f50663d7ad	9f769c1e8bbf6488dbe332d4218b119ff7c2ba1e	ARCHIVED	-	-
sql/old/4.3.4/world/09_2015_07_28/2015_02_09_14_world.sql	hash_differs	7ea340ddde3b9a55cccc993e7aeee05f98566c67	661e1ef820286b2163d96d15a201ae45b131996af9dd84b83f71fc3d2c893eb4	c6294adfa086060c842ee524a03b6cdca8c34d86	ARCHIVED	-	-
sql/old/4.3.4/world/09_2015_07_28/2015_02_12_00_world.sql	hash_differs	393148464365c6b7770436d799cb9d94a48cc6ef	92b058e218a154b0cf799186da02a1c053f246ae2aeaa23a65e892b8528ad4f8	cbb58af3ca19e7713a282e79f05fcb23b0f3f5b8	ARCHIVED	-	-
sql/old/4.3.4/world/09_2015_07_28/2015_02_12_01_world.sql	hash_differs	82219cde5575761cbc6e20db69e1c12152b46204	9c1d2000326df2a2b82618cd23b30575ad350cd8501a7e506b2c8fab3edc6e41	91975f888ab8f542ebb11eb31cda0e201eabb141	ARCHIVED	-	-
sql/old/4.3.4/world/09_2015_07_28/2015_02_12_02_world.sql	hash_differs	cc76bf260341516cbd67eb6e844e69dbcd2c6c8a	31aae558d797d62dd688f9778ef710a594ffc04db062327477097a329ef3d9e8	42d6df618f929e41014b9b17a4a0d66f9e70374c	ARCHIVED	-	-
sql/old/4.3.4/world/09_2015_07_28/2015_02_12_03_world.sql	hash_differs	af2933825eae1063cc504d6b035735f486b837fb	ed6aff4b95516166df306f123d608fd483c506db3e64c5c144565a766ecb096e	2c4f77bc61cd8a1d8bc8c126f69d66d5e388f7a1	ARCHIVED	-	-
sql/old/4.3.4/world/09_2015_07_28/2015_02_12_04_world.sql	hash_differs	69b73e031136dd323fa7c5252cca887d1508783e	6ad92ef48329a6d2bfe7f4230b700d59de69e5cf5a814b8216fa28f43672681f	cb379d0fd46fdfcf32f9a851e378b8f1fa4c88cd	ARCHIVED	-	-
sql/old/4.3.4/world/09_2015_07_28/2015_02_12_05_world.sql	hash_differs	9377653f618925b6bead1df070e8fd42ff24d42c	ddc4cc49be53693494c056b848961762f606dc4e2bcc90dd46f72fba093a8bdd	62edad0d718f10f025cb287a8d596ebd8905eeeb	ARCHIVED	-	-
sql/old/4.3.4/world/09_2015_07_28/2015_02_12_06_world.sql	hash_differs	c21efcb7e0a9b10f11b07e630f75f734c91fc1ce	43bfacf673700f106a08b8de3e253ab906d132579140b57a9d13542b552600fc	4e731729a44f3c13353bf65c7c10f862902832aa	ARCHIVED	-	-
sql/old/4.3.4/world/09_2015_07_28/2015_02_12_07_world.sql	hash_differs	291eb3ec5dc1acd31e9cac95d0371a9b72fe6d81	50334d274ad1f0e9060bf15e7aac00d98a705eb50b1f01e52a151ff3e624b916	08bb67b5e8d07facfc6945e022cd31928fcca40b	ARCHIVED	-	-
sql/old/4.3.4/world/09_2015_07_28/2015_02_12_08_world.sql	hash_differs	0880dc7cd73534251da51a7d045d014e80b207f3	872c990c4d9c6f3b599f32c8a0e3202c688cfdc802bd3e1ba8005c2159c1b1e5	b46ac2a8008ad32380e06be4024344661a6e4e58	ARCHIVED	-	-
sql/old/4.3.4/world/09_2015_07_28/2015_02_12_09_world.sql	hash_differs	de99530ea6ad910542156176e032d4379ceabb2c	30477b967149c72be1b779c3fe0f3cafbf8a90a89f4e6af30897084743317e73	7bd015ae62cbe7348cff7bba1c9554d08b996491	ARCHIVED	-	-
sql/old/4.3.4/world/09_2015_07_28/2015_02_12_10_world.sql	hash_differs	6268bf196ea1f0d5ae778b75f9f43bbf0d708993	862dc4d47d389b2e79661ab433b8768eff3458144b101c6d415c6d10110d3416	f9d6251ba0ca2dbf0e6f1330b4a31c0821944bf5	ARCHIVED	-	-
sql/old/4.3.4/world/09_2015_07_28/2015_02_12_11_world.sql	hash_differs	5a3079ba3b8f6cc525b9bef00b97c9b3ce65063a	1d1ae3e3474861a7fd5c686947db25aede3fce7c781e7eac0835abd3a7e9ecb0		ARCHIVED	-	-
sql/old/4.3.4/world/09_2015_07_28/2015_02_12_14_world.sql	hash_differs	841d129c36aba11a833599a7b59a29ff77363459	9ff19140294ac3fa81d4d9c9d7bebbf9506fea5a68495df0228e34fba874093f		ARCHIVED	-	-
sql/old/4.3.4/world/09_2015_07_28/2015_02_12_18_world_434.sql	hash_differs	26762017344856344177de97596d1598a95b8164	8d56ef901cf4b937842b95a38365f30cb448cc753c6b8062ddec421f561bdaf4		ARCHIVED	-	-
sql/old/4.3.4/world/09_2015_07_28/2015_02_13_00_world.sql	hash_differs	dfec35d16ce7ed2f593ef23080aa7eceb1bf0e57	b315043e80d7938adddcb67de21a7e07f97aefe1014eec994bcacb9263f0a505	b5dbe0f36514434e7d8ec6d3aeae55c95f0f3fd7	ARCHIVED	-	-
sql/old/4.3.4/world/09_2015_07_28/2015_02_13_02_world.sql	hash_differs	09b17f8ca1048db88b4483b40519cf7332407b2a	f821e259ae5a8249fa0a13b505f9783a0921cd09136e85651028627d2059c3dc	8b172cbac67d280faba1b853285ff4301a715876	ARCHIVED	-	-
sql/old/4.3.4/world/09_2015_07_28/2015_02_14_00_world.sql	hash_differs	f98fa91232302950a53e4868c87809aaecf119ad	0daa011cf76afee7d985187ad4e814a69711abf1f8a55845039116e38b60a1c9	cc5511e0f41d79606d3e4468b6a080af5d6428a1	ARCHIVED	-	-
sql/old/4.3.4/world/09_2015_07_28/2015_02_14_01_world (2).sql	hash_differs	6ec493c9a790dbcdef70b1efbf2e2a8e9c0247cb	832ff0267814cec16c2c0f4c6155178fa7e113ade840a4a54fa9ff24fa981827		ARCHIVED	2015_02_14_01_world.sql	-
sql/old/4.3.4/world/09_2015_07_28/2015_02_14_01_world.sql	hash_differs	88650d416c017d6a90cd27abb3f9b0897d374df2	8f659ffa9a2d15e8d68f41de805437467f7a55e6e0199b818e05a4681d385bea	6ec493c9a790dbcdef70b1efbf2e2a8e9c0247cb	ARCHIVED	-	-
sql/old/4.3.4/world/09_2015_07_28/2015_02_14_02_world.sql	hash_differs	d38c0ceb9d8f40b68ecd342d2daae12178059548	e2cbb469f43b387f64b2835bc599c7a554476253ae9867c2a7c1734fe2b2eabe	7e85db767af4a6b74fd6658bca7c3188bd297355	ARCHIVED	-	-
sql/old/4.3.4/world/09_2015_07_28/2015_02_16_02_world.sql	hash_differs	16b3638092e9f079f89ac80695a5fb1a88c49fa9	fefcbc12863a7e9ec8274376bb1edf01837684a6ba7d16d3b1ed5bb5e7aa5a8b	973e420ed39f8c138a64ce0d78581ecaa0b7937b	ARCHIVED	-	-
sql/old/4.3.4/world/09_2015_07_28/2015_02_23_00_world.sql	hash_differs	fc24ae28ddfb48fa6399d578fca71d88e8a8768c	6d48af1cd61f468d96a28de81fc65cd7cecf0a4f408675b0cc6c3f029c97b3fb	9bbe01b603ecba91894df10cfd45f21ab5a3db52	ARCHIVED	-	-
sql/old/4.3.4/world/09_2015_07_28/2015_03_01_00_world.sql	hash_differs	359b0eb0a8ab6d56fd0f26657308b49a72ea85fe	a681c1153c16c6c27785453acb94ddbd2a9eb360df21d74c85b8f8b5bf8c7b16	00e3e47b590e37609da1cc59008553c78425a40f	ARCHIVED	-	-
sql/old/4.3.4/world/09_2015_07_28/2015_03_16_00_world.sql	hash_differs	555d2827cb144b5e835bfc75c36562720f509f23	65b4847bcee8920b6fbd07edae32d5abb9f22439ae7d7356325663130f8351ca	836e4fea197c5ece330642c976ebc4599ffbc001	ARCHIVED	-	-
sql/old/4.3.4/world/09_2015_07_28/2015_03_16_01_world_335.sql	hash_differs	d2be822455ea229cad9cf6817c7452d6dfd8be85	4eab87de237edd43ecd5743826e18b493c14016fd4c3e2385e0dd3b6f78e137e	91a90bef14d353250671eb95dfa854064592800a	ARCHIVED	-	-
sql/old/4.3.4/world/09_2015_07_28/2015_03_16_02_world.sql	hash_differs	68914e093312389f0aadedfef0bd190117965ac4	88192e03f2f6fe4dd6062a063e630650974142823895264361a74a8b9cd0ffec	e88eb7c67969eecc025f0cbfc578ed39b8d36e54	ARCHIVED	-	-
sql/old/4.3.4/world/09_2015_07_28/2015_03_16_03_world.sql	hash_differs	9c19b47f1f19e4dffbda5d021087cb32fb1eb874	22ce1208090aa4ca4f6b5a4e82132c5f079dbd315f7245e10bd3f547a75c402a	fbfcccebc57755a99f64816a17cadd8ebec04fc1	ARCHIVED	-	-
sql/old/4.3.4/world/09_2015_07_28/2015_03_16_04_world.sql	hash_differs	a9a28dbc0d4d9198ec9fd0765826edd61ba2b90d	0ef721a802b82adca4b7b838f683fbfe802a88f4de08d3dd5d0f22788f606a30	7fdc23f3b4daabf91156d40cddc2e4a4e133a55b	ARCHIVED	-	-
sql/old/4.3.4/world/09_2015_07_28/2015_03_16_05_world.sql	hash_differs	2d9a09c7242a210ae48c9623226ca8a91a6281bf	4dea489715323741e4628c89dba111770735dfd7bcd7b8eeb22d35d90a41b32a	39f873a5fae5d0d0d95515a8e434bc8fac24955c	ARCHIVED	-	-
sql/old/4.3.4/world/09_2015_07_28/2015_03_16_06_world.sql	hash_differs	2413ea54632282f592d17f2370a40a1583835697	0e8db5cfc3222e6c0d488f54ea7c68bfc1714fbdb364408189ceb8b81fa77e36	c782df0fa4b99ed6b0557a5cac4a101f71ebf5f1	ARCHIVED	-	-
sql/old/4.3.4/world/09_2015_07_28/2015_03_17_00_world.sql	hash_differs	f71fe9758b3affd80e391209a743d43b04e6f93a	2369cda35259f576b043098349e9bc27a97454ceb45a0bfd042874ccb0b71aa7	31f53f813a604442db08aaa1d0c359e5bf5a545b	ARCHIVED	-	-
sql/old/4.3.4/world/09_2015_07_28/2015_03_18_01_world.sql	hash_differs	6b442f586c06379d491f437e73079edab0dbb362	adc4b261092c975f1ebf7bdfbacfeb22f688b1aa3129fb62b473a96b8e5edb21		ARCHIVED	-	-
sql/old/4.3.4/world/09_2015_07_28/2015_03_20_04_world.sql	hash_differs	146d10deea31a9c3266c9d555a41b2f969add180	ac785baf3bcad93df6dd0838fff6974ef133b0e73e6533ad69d4446c6fd61c77		ARCHIVED	-	-
sql/old/4.3.4/world/09_2015_07_28/2015_03_22_01_world.sql	hash_differs	f325f1fb0a1e932740ceb31b7a01ac13623961e8	359d1ca4f31dfdc49103920ed3b818674c349284401340e335a180ab26bea6ed		ARCHIVED	-	-
sql/old/4.3.4/world/09_2015_07_28/2015_03_23_10_world.sql	hash_differs	dfd87ae62660afa0c27f69b87abf4d837e0d11bc	1a1cd14f9d380a13ff5e47dbeb5c6f4c1a55a772967b5ccb4e5b22c969b9c0af		ARCHIVED	-	-
sql/old/4.3.4/world/09_2015_07_28/2015_03_24_03_world.sql	hash_differs	d5f070be66273842e3765ec9af8bdc3dd9ec8e90	fb8f707c0fc7a7838388f9abc0ced197df6ca213812d3648bc39818408e714be		ARCHIVED	-	-
sql/old/4.3.4/world/09_2015_07_28/2015_03_25_03_world.sql	hash_differs	da58ffe9c9aebd1b470339a59453302853e90a00	1816a893b0f3629d57f1f340ee639fa412261384a2ee833b6f1549a4baf2e817		ARCHIVED	-	-
sql/old/4.3.4/world/09_2015_07_28/2015_03_26_00_world_from_335.sql	hash_differs	b6944fb2d4be8d4522504888574c6b4e107010db	da89fa7a83d72d38ad314a580d2dcb697d983a57adbd9c7b71638fb33cd5bf32		ARCHIVED	-	-
sql/old/4.3.4/world/09_2015_07_28/2015_03_26_01_world_from_335.sql	hash_differs	ed7acd1f71d3d4408b190a4c4af480195269e5dc	2e4954dcf88088688ddeebb90002d03718f5562c2faac8ac91c0ecc8799bd3c9		ARCHIVED	-	-
sql/old/4.3.4/world/09_2015_07_28/2015_03_29_01_world.sql	hash_differs	dc6b332fb372cccad1993da02e5e1ee0c53724a7	135856ce2c0e136c09e201f23e9bfee616ebfb7c0d3591a39cc6597c45de23b2		ARCHIVED	-	-
sql/old/4.3.4/world/09_2015_07_28/2015_03_30_03_world.sql	hash_differs	3153fd9fca8ad74464c9df61d44ea31ad45129dd	2c6d84be18609d0568f8ea315c7a3967fdd83932f25845d7091c0404e44cff93		ARCHIVED	-	-
sql/old/4.3.4/world/09_2015_07_28/2015_04_03_05_world.sql	hash_differs	828fa67684fd567762daa478a8e1c8ad8581a386	d0d1041f3d07a90a4c0022e7ba5a73d167f7d091653d7a5d29302940b4afa609		ARCHIVED	-	-
sql/old/4.3.4/world/09_2015_07_28/2015_04_04_02_world.sql	hash_differs	d0f142e8f0dcffcf25bb5eda2b57eaac35c475a6	7e97d663b482671bd45a5a9d190f9b925814a15305e57f0100f106f67f615737		ARCHIVED	-	-
sql/old/4.3.4/world/09_2015_07_28/2015_04_05_03_world.sql	hash_differs	9d7ae191fe4dc70ef498e4f043f38d538061b33e	f237177889ca0e143ce39e07cf5126db8e00c8bb55abaa43a7cc8cff92c957a5		ARCHIVED	-	-
sql/old/4.3.4/world/09_2015_07_28/2015_04_06_01_world.sql	hash_differs	fb6e5d73baf89b267bdbe886ee3dcc6cf90ed9a9	be0a5f16fbc055fee88bb5f8349fbdf79c7697de7c64fbe86cb7a1b76dcc8a7a		ARCHIVED	-	-
sql/old/4.3.4/world/09_2015_07_28/2015_04_11_00_world.sql	hash_differs	17f438ac37971ce3eff458420fce396b9f0a6ee1	3e859cb1ea8348b6a61f6032d317a5da5cf1e19696e37251aafb8be8e9056e4e		ARCHIVED	-	-
sql/old/4.3.4/world/09_2015_07_28/2015_04_24_00_world.sql	hash_differs	597c46f4e0780d33dcbf2ccffc2b780304f6926b	717c830e1f16a38463a3ffc68bb56fbe3c3c6e9d3edf0dd30bde5f271ff8e31e		ARCHIVED	-	-
sql/old/4.3.4/world/09_2015_07_28/2015_04_28_01_world.sql	hash_differs	65efee27a1de6f5da24a0fb95a525da2545dd04c	1d02c1dd3b3df0189ecc97b0acb12849c31637aa37082219b43c03616bc02fc6		ARCHIVED	-	-
sql/old/4.3.4/world/09_2015_07_28/2015_04_29_01_world.sql	hash_differs	3e1174c3846aa00204232bfe93524e34d8727ce3	4e73c5149bc2026b472db44f5e08680771a42737c03822de9a52d979b86be9b2		ARCHIVED	-	-
sql/old/4.3.4/world/09_2015_07_28/2015_05_16_00_world.sql	hash_differs	8fa056eb4eebf86e70765119b58bc5e09db25eec	2f1d8a1b2fc72692da6f977fce82345234407da389e39932503aa8f27effc73d		ARCHIVED	-	-
sql/old/4.3.4/world/09_2015_07_28/2015_05_19_01_world.sql	hash_differs	1aefa2ed1eb4a32fb9b614238e4ba8d7c1d18a48	471cba05c318be1bdc7e37e17b30c47641c0fd39bc94cf21455a0f02db59f8cb		ARCHIVED	-	-
sql/old/4.3.4/world/09_2015_07_28/2015_05_19_02_world.sql	hash_differs	f46cd7404bba75f8efe7f7f5692a4041e15a1a52	b089b78301e93efac1805286a3f05f0a376a859bfedce1f28c4fd2f97830db75		ARCHIVED	-	-
sql/old/4.3.4/world/09_2015_07_28/2015_05_20_00_world.sql	hash_differs	bfe8b139c7642a69600d963d1cd15ef25c9e903d	119d69802bb36ffadb9a5f7654369d8b6af24d611928ec039e31fca98657727e		ARCHIVED	-	-
sql/old/4.3.4/world/09_2015_07_28/2015_05_20_07_world.sql	hash_differs	eaa8293123b8f5433eb9a3969ecfadb0e85b42d6	630daacf2861d3164c31e090b992256a74af9f1f4094cf9f473456e8847dd974		ARCHIVED	-	-
sql/old/4.3.4/world/09_2015_07_28/2015_05_23_02_world.sql	hash_differs	fd0fbd6b1b63e7a54855599ad90dc618168d6793	dc543ba467d49d0afafa18fe16c381c43f62c33dd455995553fbec0eb7959650		ARCHIVED	-	-
sql/old/4.3.4/world/09_2015_07_28/2015_05_23_03_world.sql	hash_differs	f1eb8c7935b7fc9e5f4c460ae55950659ad5016f	919b91e971593ec8cfad6d94a245d4e45b5d9d74c8a2a172eed25a7f574479e9		ARCHIVED	-	-
sql/old/4.3.4/world/09_2015_07_28/2015_05_24_01_world.sql	hash_differs	3773d6043b873f2ff28d0cfc0b8b09a7d3d804c7	3af9fb5d2bd315c4e43b3b2dff57ae5c0162f63301333cdc69a9724d72b53d29		ARCHIVED	-	-
sql/old/4.3.4/world/09_2015_07_28/2015_05_26_00_world.sql	hash_differs	5072b4ce5b9ecbb4d91bc61bcb3ad25aeade959b	055a19b9aa44e73a8160452f73e9d1bfe9ac2a9d58529fa0c088b12dfd3fc56d		ARCHIVED	-	-
sql/old/4.3.4/world/09_2015_07_28/2015_05_27_00_world_from_335.sql	hash_differs	3417ef15fa94a8de031460e9378b50e36a93ea07	293e27dd9f97bbd7554bc6273437f46832e714ace5230b59dbf2370d6989ea21		ARCHIVED	-	-
sql/old/4.3.4/world/09_2015_07_28/2015_05_30_01_world.sql	hash_differs	4416f7be0c1c1f217d427434efece395d510919e	1c9008e2a3c022f043732be8107a1279486963ded39214bf3e137faad410c4f6		ARCHIVED	-	-
sql/old/4.3.4/world/09_2015_07_28/2015_06_06_11_world.sql	hash_differs	dfdf53339893c8c1433231a321839a7ca4cffad6	2538b15d444a7bb5c7874c7283fe4866a2a98ad4629e345150aab6fa40f2f771		ARCHIVED	-	-
sql/old/4.3.4/world/09_2015_07_28/2015_06_13_01_world.sql	hash_differs	953d083191458cefcd1742222088b8ae6338c8e4	62527dda9ff1794959eb5ac9749a10e7ad2626fd15b5c4db0cf06c5b32fa8925		ARCHIVED	-	-
sql/old/4.3.4/world/09_2015_07_28/2015_06_14_00_world.sql	hash_differs	149ae4ac23aaa87713fc76475fabe35e4d96b74e	cf72ec27e3d355477ee79497c11f300b0b5cec2d4cb182ba3ab295e1f36c60c6		ARCHIVED	-	-
sql/old/4.3.4/world/09_2015_07_28/2015_06_23_00_world_434.sql	hash_differs	c6f4504a1d059dab49e38243f960a1770f741747	c2ace3ec50d6ad7db441bbd257236944241cbc1cc70238b2593976d38730480d		ARCHIVED	-	-
sql/old/4.3.4/world/09_2015_07_28/2015_06_23_02_world.sql	hash_differs	559ef42ff09983e0541820ee968d29661d891e9d	eb316985611c89da010b2516e2a5d297d2b3c035871b91784cfaa762f8a8e9e5		ARCHIVED	-	-
sql/old/4.3.4/world/09_2015_07_28/2015_06_29_00_world_335.sql	hash_differs	d1f0ca657cf6093a59783d263d288a126c37a290	8a89d339c2efbf1ee62061cbfeb5cdf5cfd5d310d46f2e3516139a65c21f7f67		ARCHIVED	-	-
sql/old/4.3.4/world/09_2015_07_28/2015_07_01_03_world_335.sql	hash_differs	34a77463b31125ce09c29fdb9b6dc329a4317470	16acd37f9164000c0fb452596c2d0e8682203b8523785c03475883a59072b201		ARCHIVED	-	-
sql/old/4.3.4/world/09_2015_07_28/2015_07_19_13_world.sql	hash_differs	e658c5a024877c133bc9b7fff955b71a7ca718f4	4a8b39c23aa1c7aa53a41d462425c799171780ffc6cb78458a721e4ab265aab6		ARCHIVED	-	-
sql/old/4.3.4/world/09_2015_07_28/2015_07_25_04_world_from_335.sql	hash_differs	14085f880e4ed0f2b599d52ca821044d2cb752bd	54b7afb2f8e3f5a687a0f90b580f2cca1ab55dc8d4d9c15370f6ab48e5159258		ARCHIVED	-	-
sql/old/4.3.4/world/09_2015_07_28/2015_07_26_02_world.sql	hash_differs	da7fcee68f2fb0178016d7fff9223d753859b11f	f75a409c8c510a1f9de96d82ea1780854c57e793a9420b8b5dd8ca05c0ea0c64		ARCHIVED	-	-
sql/old/4.3.4/world/10_2016_03_12/2015_08_17_00_world.sql	hash_differs	776d78ea004634288ef7b6a1665ba2d75dfd5807	edade15d4b1947d77872691618b75e62b0e5bf489bd6cf5b0314c5b07fd71144		ARCHIVED	-	-
sql/old/4.3.4/world/10_2016_03_12/2015_08_30_04_world.sql	hash_differs	37895770a3c9ea467973532e6ee15c80507595c0	13b67bbcb0c9c2ccfe306c3ab2adfcfdde925be020304499438b87b6c39a6771		ARCHIVED	-	-
sql/old/4.3.4/world/10_2016_03_12/2015_09_01_01_world.sql	hash_differs	9198b496e2c2679614b6e3addb741af6197d7125	d41044cf962a69c9ded57ba9c179db877ec0eda3c87a27d0eb5977948ca1b865		ARCHIVED	-	-
sql/old/4.3.4/world/10_2016_03_12/2015_09_03_01_world.sql	hash_differs	6897767fc96f3df107d7be68e2cfee26d2e0b3da	7a4e10645e814db42301fa5b4d8d5b87fddcf2aada2c0b86236a7c2b54c0db28		ARCHIVED	-	-
sql/old/4.3.4/world/10_2016_03_12/2015_09_15_00_world.sql	hash_differs	a4ffb75139e341a00b5270b20ecd540021d80c1e	1727e3a90b6f2cd1a5fee56e8a1e8d41327fe41ca2b7f387be73adf709877316		ARCHIVED	-	-
sql/old/4.3.4/world/10_2016_03_12/2015_10_01_38_world_from_335_was_2015_09_29_00_world.sql	hash_differs	ce4455854279111b90bc2579a5d929194da40ffe	65406a384500b99302f591b36b360caad546538605949451df1529487264508e		ARCHIVED	-	-
sql/old/4.3.4/world/10_2016_03_12/2015_10_01_39_world_from_335_was_2015_09_29_01_world.sql	hash_differs	1f0555f9017a4e1a794a8e8c0944eb4f6e29a73d	221fa158b64897d33bbbe2a99fd90b453bc101e6090ff47dc933c98b53a22023		ARCHIVED	-	-
sql/old/4.3.4/world/10_2016_03_12/2015_10_18_06_world_from_335_was_2015_10_16_00_world.sql	hash_differs	16a4c11154bf33fe368db11e917bc7d990adf68c	bcfc3c302b3c22d1ca81a7973445dc5f2d1e862bba6f7a502c6c61d3e14f6901		ARCHIVED	-	-
sql/old/4.3.4/world/10_2016_03_12/2015_11_12_01_world_from_335_was_2015_11_12_01_world.sql	hash_differs	ff366bc59b9d4b55f3fadbc0750f39d0854291e5	d8bccf12ffaeeb748510e2842ab9d05a11e60d79b00a36fa81cbe30a323f29b5		ARCHIVED	-	-
sql/old/4.3.4/world/10_2016_03_12/2016_01_14_00_world.sql	hash_differs	c3414feebd64f2f95426d292f9cb5ee404724861	618b8b0c55d4d515233e9ebd8657ec93ac5b73f5274e6361fc3a2cda682970e5		ARCHIVED	-	-
sql/old/4.3.4/world/10_2016_03_12/2016_01_14_01_world_from_335_was_2015_10_31_03_world_2015_08_01_01.sql	hash_differs	bd073807421e89a2c0370698436741ac39b3ceaa	e93ebcba773b012bd5da69cbdc9d95a8cac71f339370baf316b311f826184ec6		ARCHIVED	-	-
sql/old/4.3.4/world/10_2016_03_12/2016_01_21_05_world.sql	hash_differs	131851c3f8b1f9fe350e7fd9d7bb8c468a6493df	d16cb6835dad2c18f8646503be116b821dba3a3ec8b1c287bdca5e359b4aee70		ARCHIVED	-	-
sql/updates/world/4.3.4/2022_01_09_01_world.sql	absent_from_dump_ledger	2b4892dd2d4f462d20c56cfe23293be3951f4ec3	784d9ff0dec9d72d908805ced161fd9eb68d76e13d22b35fd70b24dfdac4752b	-	-	-	-
sql/updates/world/4.3.4/2022_01_09_02_world.sql	absent_from_dump_ledger	7339886af766bacdfe08b10faf23b8b73bde5332	a8ca8067f68068b383d24111d17014148b0c5a6a79ba30f86ce6aafc22220835	-	-	-	-
sql/updates/world/4.3.4/2022_01_10_00_world .sql	absent_from_dump_ledger	eb23235a75c48a774091e434f8b938b077174c9f	b28a4a1f7ee45db94084a6c41c2391fdf8d67b409b0996667f41a554f041dfe9	-	-	-	-
sql/updates/world/4.3.4/2022_01_15_00_world.sql	absent_from_dump_ledger	941659f0de5979d3b7f4cbc4197d38a86616e48c	52086689966d5c7031286c6343f06f6c382ae49888cd5e008cb610de317ff96e	-	-	-	-
sql/updates/world/4.3.4/2022_01_16_00_world.sql	absent_from_dump_ledger	55969b513730716ebe4c7ed0b98fcb077fd18124	733bd2a95c872b78e47d268488e12c69e42c960bd3722885ea7b8cf0e3a4859d	-	-	-	-
sql/updates/world/4.3.4/2022_01_28_00_world.sql	absent_from_dump_ledger	68394562d16d8d4be219b991e05fb91ad7d25833	e0cfeaa5022a28ccca4e196b5dd024bc004a44457b4aa6b130a5f159c7c79a35	-	-	-	-
sql/updates/world/4.3.4/2022_01_29_00_world_2017_02_05_00_world.sql	absent_from_dump_ledger	72f05396cd19b7002846cc2843bed53e5fa9fe1e	81eeff36b7b7076cab3637bbd92cd3600743fa366c0d194d0f16b5c3a1da22c2	-	-	-	-
sql/updates/world/4.3.4/2022_01_29_01_world_2017_02_13_00_world.sql	absent_from_dump_ledger	92d87e1426f6f577e90f43ef69fd11e53e7c4d67	0f08dfda5657df485f485ce2fc5c4e5aa4301eade72f0832835b2b2b7eca3054	-	-	-	-
sql/updates/world/4.3.4/2022_01_29_02_world_2017_02_21_01_world.sql	absent_from_dump_ledger	2f15e9bdb22d6509c1ebcf41ab13c74f323287c2	5db5ded1123959156c2157b597490624925f2ead6fe5264ab03f7caac896fd2f	-	-	-	-
sql/updates/world/4.3.4/2022_01_29_03_world_2017_02_21_02_world.sql	absent_from_dump_ledger	a507c546d7c534c1825430828f9aa64f6e25bfd0	622c1c0fb5bef4e0145ab0df4d089901028a655cf2eddef5dd2864af05ddccd8	-	-	-	-
sql/updates/world/4.3.4/2022_02_02_00_world.sql	absent_from_dump_ledger	41b241dcdea330682007d78f965f38f46c79bd3d	cc81b74e84aa1495de2a1eaaa1144c1ea72c8906527fdef1656fe0304c1a24fa	-	-	-	-
sql/updates/world/4.3.4/2022_02_12_00_world.sql	absent_from_dump_ledger	996ed53e9ac49536cdfb846b8ec626a583cb4907	11b0d972af4c1c66389a51040f97820354cdce725a7945ce7e20e288e2e42e55	-	-	-	-
sql/updates/world/4.3.4/2022_02_21_00_world.sql	absent_from_dump_ledger	5a8a3873acce30f5e1f4e8cb51a864fa63bf3f6a	ffcc330ae18f28ab1b77b2c973a039b4525871224468e6417e6fbae1ec47e9d0	-	-	-	-
sql/updates/world/4.3.4/2022_02_21_01_world.sql	absent_from_dump_ledger	1d35d496e088bcf7cfd4a5d3c720b8f1a32165f6	bc2c559c2c7ae4bc65875c062dc3ebf359685b2e596f33902037766213498fee	-	-	-	-
sql/updates/world/4.3.4/2022_02_22_00_world.sql	absent_from_dump_ledger	8b86b9c743e0d2126cecdc8505bc5c25e487f126	26dc785f273aa62933bb5801c7426199ce38746f0578dad4868195d083313ff5	-	-	-	-
sql/updates/world/4.3.4/2022_02_25_00_world.sql	absent_from_dump_ledger	17506b933fddbdba5b604352261af096972f19fc	f82cb564d88f9abd7f393a8266e6d1fd43dde83c7943a0c120276f3b69680d90	-	-	-	-
sql/updates/world/4.3.4/2022_03_10_00_world.sql	absent_from_dump_ledger	18b1ad31613cb11766adfbb1dc7eb2a3c9d12e1d	b9861104194de7953b67cb63708164c1fd120ce08cde8c00b405ca3ae82fc750	-	-	-	-
sql/updates/world/4.3.4/2022_03_10_01_world.sql	absent_from_dump_ledger	758e71d9cd2f759c1054b8904cef34a00e03f605	d16f80bba009f1e33bc736aeac32d71caedfb9f4edd155c69ec174fc7f09700f	-	-	-	-
sql/updates/world/4.3.4/2022_03_28_00_world.sql	absent_from_dump_ledger	0a1d8aa8fe29a7a6aed9de63c548147d9cc06556	006b0b38f9b21916972a22f8aeb06c49fa70b26656bf83139fc5a1c1cc87588b	-	-	-	-
sql/updates/world/4.3.4/2022_03_30_00_world.sql	absent_from_dump_ledger	d1bf42b3653d4c3e137d394c92b093154fffda06	ab87b286f9170a7b10d01e0ef6854357e13d252979c7bd2966473e479be3a26c	-	-	-	-
sql/updates/world/4.3.4/2022_03_31_00_world.sql	absent_from_dump_ledger	4c299c8c03a8f51fdfdac28d6c0864e788fc7e97	ba7e8e82fadac7acbb551a628a35c8a9ab72ba4f2c37010ae061146008d9fe41	-	-	-	-
sql/updates/world/4.3.4/2022_04_01_00_world.sql	absent_from_dump_ledger	217d30df8d826ab2430d2cc9d2da54f07d47083d	4c9c7dc45b1c5f6b6bf3c260004ec3bc637865feccf09bdac07849262c225ff8	-	-	-	-
sql/updates/world/4.3.4/2022_04_02_00_world.sql	absent_from_dump_ledger	f89be2d8b1891628e819399fc8a3c692a3afa96f	d4e84f0210249f70b7515c3c92da7c1da5bf934b0b7359289d6b4aeb3300fb77	-	-	-	-
sql/updates/world/4.3.4/2022_04_03_00_world.sql	absent_from_dump_ledger	f8cc4bfad20e85d55bd553e4e4c29a62e3f88820	eba670b3d2b1f44344997dcba677b9ab7da6248d6ce04d31fedab66445235621	-	-	-	-
sql/updates/world/4.3.4/2022_04_12_00_world.sql	absent_from_dump_ledger	94dec7ed26bd9804c166ed921db299e7331fa938	880a3a04a4e12e0b2079d23c0982026677f2af0a1155c67e3dbf721b5ddb6a09	-	-	-	-
sql/updates/world/4.3.4/2022_04_20_00_world.sql	absent_from_dump_ledger	b0f7c9809f08204994402a98bcfb234e8237ccf8	8d0f538c767b22eeb787d7bee31499791c5bd80add658147fa73156699bc855b	-	-	-	-
sql/updates/world/4.3.4/2022_04_25_00_world.sql	absent_from_dump_ledger	1859a672767da3c3d642aa0e296fb42cc3493d1a	2cafda3e0fec064dd0a5abef80cdc8bbb1d3ca701a1122b41d1f1408b91f5316	-	-	-	-
sql/updates/world/4.3.4/2022_04_26_00_world.sql	absent_from_dump_ledger	3f9095b1eb1437857e1290b8ab245de0d31d4bc4	a7466bd8806fda327fbc392be9a4520e7c1bd928be57f7bca00e4f6313519b46	-	-	-	-
sql/updates/world/4.3.4/2022_05_07_00_world.sql	absent_from_dump_ledger	71c26e43cce14b50b1be51824d9369f45c7b222c	eb54852ad7f375860a52cd850365f781859627a39a4feaaadded850da9d3adda	-	-	-	-
sql/updates/world/4.3.4/2022_05_08_00_world.sql	absent_from_dump_ledger	888718320a45388141e94a8490c4455d1433f5b5	91568c6e25b535bedeb9ba2076a089c5b7e9359df1aa351cfe09a027cd041743	-	-	-	-
sql/updates/world/4.3.4/2022_06_02_00_world.sql	absent_from_dump_ledger	52ed35d311c28e86c74c8c16a92bac0d45d63815	a47a603069c3d8b8b03b5aaeed2d131be40824d6682d74fdbe11ba5fb07a526e	-	-	-	-
sql/updates/world/4.3.4/2022_06_02_01_world.sql	absent_from_dump_ledger	5bc723747b3b0c680241af0d92b3f52e715770b9	1bb52efc8666411328d151bb2164bf65d8ad0a6ce6875220ce9c7ddb56478218	-	-	-	-
sql/updates/world/4.3.4/2022_06_12_00_world.sql	absent_from_dump_ledger	c3ead6e647fa6e1e8b72461a8b2be4a73dd44bef	41244235080415b032842c39b7fae2d14a52cabd551c8fcceb68b4a6f2852374	-	-	-	-
sql/updates/world/4.3.4/2022_06_13_00_world.sql	absent_from_dump_ledger	85090e816dc2b9cd5aa015fbe1d4b11f32401c5c	1d32f94ee8dc4c79e593c410f5f35b9d6352ae3c63b79e14e492cfe614b713d7	-	-	-	-
sql/updates/world/4.3.4/2022_06_15_00_world.sql	absent_from_dump_ledger	e4196ad040eb07dc1b8b21cf350a627975233eb7	0405ea542565e110edd6df2e45c239f5b22f787afd61b9f061cdbc96895d7099	-	-	-	-
sql/updates/world/4.3.4/2022_06_20_00_world.sql	absent_from_dump_ledger	68aa17d3ab6f33a1219cc00c8dbb71fc8aedcbc0	94d0a5eb83abfb1fd84be964e64ca93895661223221460090ea66bcec7948063	-	-	-	-
sql/updates/world/4.3.4/2022_07_05_00_world.sql	absent_from_dump_ledger	eae10a81e755fbefaf3cd01657493aa4d6901a0f	2858754e2b18e19b5f5ba8522225ce86cd69c40448bf0b716743f8cae8a7aa06	-	-	-	-
sql/updates/world/4.3.4/2022_08_12_00_world.sql	absent_from_dump_ledger	744f8cef5c9a019fa27ed85b1c28f0a6edfcb1aa	1361be98a35e70220a52c4dc70c68d9cf8695ef096c594c537633584f29aa638	-	-	-	-
sql/updates/world/4.3.4/2022_08_31_00_world.sql	absent_from_dump_ledger	e771b492734a85d7cb65d41a0f972461d4fab042	d038dc34cf663fd0eac50d8d1a555157be2a91efa319975620b74f4c1f7e83c2	-	-	-	-
sql/updates/world/4.3.4/2022_08_31_01_world.sql	absent_from_dump_ledger	3a32a09b3f51b046a29e063a2ca9d2ee5d1b2da2	3b646cacaf7ceb15bbb2c2e8bab0728182f67af34e75a65059b0550e0e67a942	-	-	-	-
sql/updates/world/4.3.4/2022_08_31_02_world.sql	absent_from_dump_ledger	7f0e56cacabdba1f0de19a88269344350afc7a51	e4052a15eb92268344cc8ea9e32061ad0461d2cbb5c8a90a23f72d79be4b1227	-	-	-	-
sql/updates/world/4.3.4/2022_09_03_00_world.sql	absent_from_dump_ledger	f40c017f6afb2349331d0e8508fe3c35efcf3b26	a24ade7e37cfd5d65cff37ea9f762ff7e3954647d1f967fce6b75cdedd62e117	-	-	-	-
sql/updates/world/4.3.4/2022_09_17_00_world.sql	absent_from_dump_ledger	53bfa1cb9b18d41305287a257746cd1938c7b663	d109e6176971086a9b0054f07729a08d349f376ce290e44a257fa9d97fff6913	-	-	-	-
sql/updates/world/4.3.4/2022_09_22_00_world.sql	absent_from_dump_ledger	9c943ee1af34cc70b681c23121809e63ce52efb9	3499df73a7c4ecfc38f2e9e479e817db38f9bedc49f7e536bb2ec19c8b70b17e	-	-	-	-
sql/updates/world/4.3.4/2022_09_22_01_world.sql	absent_from_dump_ledger	12770ede22978ee8b5233c4e9d1cdef10f602c3a	87ffe88fa44c45053be315d8971d8b145f2238888174763bea69104830cd8b0d	-	-	-	-
sql/updates/world/4.3.4/2022_09_23_00_world.sql	absent_from_dump_ledger	b9affa6fc6077548444da34eb0e1bd42a96dccfe	e7e9cb4ab65127e57ab2607586c5ddf148f90d732ea4de15d5bdd81671cf497c	-	-	-	-
sql/updates/world/4.3.4/2022_10_01_00_world.sql	absent_from_dump_ledger	8dbeba0fdafb300336f736d0ad3d8579c405b417	e7b3f8def9393cba508e554ebbb4e08b125a21ac05883b554369b2c1a1db99ba	-	-	-	-
sql/updates/world/4.3.4/2022_10_01_01_world.sql	absent_from_dump_ledger	ea050210c5858563c06471c46729fc344f940a63	05f8e32286e289af74a3b62c4fe1cb73bb43a724060deeb892554a63779cfc7c	-	-	-	-
sql/updates/world/4.3.4/2022_10_02_00_world.sql	absent_from_dump_ledger	3106dd62f6692b98934b479755a8fcb44536ce15	82bb347cf7a4a327afcda5549f36de21e08820a9bc49a0697f7e82e853e950c8	-	-	-	-
sql/updates/world/4.3.4/2022_10_04_00_world.sql	absent_from_dump_ledger	4926234b76715596521da08573b3d671c2fc1867	d99b69d49801d830c487e77e7670631bdbc766a3d61bdd1195a565c836cbc664	-	-	-	-
sql/updates/world/4.3.4/2022_10_08_00_world.sql	absent_from_dump_ledger	f6e899819b7ef3f6b25e4f87079bfcd1ce178106	6961ed1aba334e4c4543ad5ae73212e088dac0ebfa4fd97a44be44ef1dc0b6bb	-	-	-	-
sql/updates/world/4.3.4/2022_10_08_01_world.sql	absent_from_dump_ledger	0c5ecd081e1632cd02311a193504cff74b4cff2b	1c512f64e0b24ac4a914c7d95e39e57c4a14a994237b29cb1e467cb2a8c988b0	-	-	-	-
sql/updates/world/4.3.4/2022_10_09_00_world.sql	absent_from_dump_ledger	01aff49d5d9c1a816d42dccfd6a81bebca26459c	3b0b679b7858c1b42f7a3308e1b72624db3724b0b946d16bfd470fafaa5fa1df	-	-	-	-
sql/updates/world/4.3.4/2022_10_09_01_world.sql	absent_from_dump_ledger	dcc0723649a77bd61f2ae4ed905ef8ccfc2dbc77	58b7253982ceb2a183baf709ffa61aee20626acc9074f3649e80414b10ce0152	-	-	-	-
sql/updates/world/4.3.4/2022_10_09_02_world.sql	absent_from_dump_ledger	93cab9d8102d2c3a80c900d239fa321a96e6d62e	ab5cd977ace225651ae710909abf7a377a0305547cdfa66fbed6a7f67e0e026e	-	-	-	-
sql/updates/world/4.3.4/2022_10_09_03_world.sql	absent_from_dump_ledger	59efe202046dd1659202f9db29b277f79f443c7d	59402ee536c2b27b253d25e873431a336bfd2a396a5c77b9ff4019623138225c	-	-	-	-
sql/updates/world/4.3.4/2022_10_09_04_world.sql	absent_from_dump_ledger	d7694ff8290ea81d1ac7a72b6aab4453a0f46080	346982330d54ac29aa945456a99366d73e251712c8378e16e29c4808a28a8d75	-	-	-	-
sql/updates/world/4.3.4/2022_10_09_05_world.sql	absent_from_dump_ledger	30fc607cbd5151b41eee30b7382b1f27c7bdb498	fa9353897cde93e030538df947c8d8c8d3892dd09589e319678390dac0acf649	-	-	-	-
sql/updates/world/4.3.4/2022_11_09_00_world.sql	absent_from_dump_ledger	936c0456d6ea9a3d44d261daf8a147b16ffacf9c	235165555b44b1be93a71a1cc1eb58cbad68876714f41007f4c996e77e0250d0	-	-	-	-
sql/updates/world/4.3.4/2022_11_11_00_world.sql	absent_from_dump_ledger	a5b3336a9486ba7148f89cebb0b3ac24e9c8e427	6bce3241cadd9f65b326e05a96001fd418da2183abe1c1a4203c30affc811680	-	-	-	-
sql/updates/world/4.3.4/2022_11_12_00_world.sql	absent_from_dump_ledger	a582ceaad38c84b36c9419af0915f68da59b18f4	abe0daf2a92500c14d92e250d3cf429dc6b5a48c6ffa9a1a2ac1e33d46ae1f74	-	-	-	-
sql/updates/world/4.3.4/2022_11_21_00_world.sql	absent_from_dump_ledger	91b88097f013147007712bcb4a70919a3c7d0978	692472802c34687b862538b8b7a85788fbdd67a9856d3b807cb67cdc4f95cc2c	-	-	-	-
sql/updates/world/4.3.4/2022_11_26_00_world.sql	absent_from_dump_ledger	56edfa91655892a714c1c3317d1e1c5fdb7ebc00	a59aa679a39ec34dcad27930e2a32086278f5f60deb78609afb69baedc21c868	-	-	-	-
sql/updates/world/4.3.4/2022_11_26_01_world.sql	absent_from_dump_ledger	528d3100e229d7842eac7ff4894475e85da948f2	0396aebb6e5c4704d7760b95afb7a8b67c67db618c42036252e863a21fcf61e5	-	-	-	-
sql/updates/world/4.3.4/2022_12_04_00_world.sql	absent_from_dump_ledger	8ed8d034bb728b6abaf6b28785745714198145d7	97505367118565eba7c8471e90c93f82714772ec062a3ce11107417b5a4460ea	-	-	-	-
sql/updates/world/4.3.4/2022_12_15_00_world.sql	absent_from_dump_ledger	42b835c9fdfff64ce343bb5d472db5283f3ede18	b7f35ead8c8f7695df95ed0a6c3768284e5d0ddaab8b826a4a4b67b372e2b3c4	-	-	-	-
sql/updates/world/4.3.4/2022_12_15_01_world.sql	absent_from_dump_ledger	f799c4bff445a524127205fa9c4a36161312874d	d8fef7d98fd37fbd4438825f5ce6824053118470a720e47fffc20c608a9a4f76	-	-	-	-
sql/updates/world/4.3.4/2022_12_18_00_world.sql	absent_from_dump_ledger	a5c8097b410ea23508c55e07bce9e6e49d2c6410	76fbfa027fdaee25f474e3ba3259473356bc3f197ad5fc7db643b20b2720fa71	-	-	-	-
sql/updates/world/4.3.4/2022_12_18_01_world.sql	absent_from_dump_ledger	78ef31ee7a5945b9a33329fb5aa574e3f77d7469	62e6955e5bb3f75399159a8a36d61e79adff8a02f11506e5fc7a655872f30978	-	-	-	-
sql/updates/world/4.3.4/2022_12_19_00_world.sql	absent_from_dump_ledger	1e7aea613b40a2d8cab3b8058093eb772c8b986b	b6202502eedc75cf61b00aeceea93187dae9f1659305204b364e176ec0736e73	-	-	-	-
sql/updates/world/4.3.4/2022_12_19_01_world.sql	absent_from_dump_ledger	a0a7128aca115644430b211be80cc121a13f8d77	db3bc8d948a5314de4f2a6df3985fafd4e457e3015f67dba6bb89f5621dface0	-	-	-	-
sql/updates/world/4.3.4/2022_12_19_02_world.sql	absent_from_dump_ledger	9e66223887bfe072fd1d3cdd93a4b8b20f34d97f	99feccd04f33a73d8aca644031979113728be97161d3d90b675b34037ddf8d0f	-	-	-	-
sql/updates/world/4.3.4/2022_12_19_03_world.sql	absent_from_dump_ledger	ea5c5b98761b98bdd0291b9afa5880445ff358ee	ef2b072597e30fa386c4206bb54f9b95a500e43efe20ff76b38e500269ac7f61	-	-	-	-
sql/updates/world/4.3.4/2022_12_19_04_world.sql	absent_from_dump_ledger	a87bd47001280f4a80ba175dcf38bc82a1df5972	b8608e9340a6967d3d234f8f4afdbab87ea832a45ea27e863d2020820a205d43	-	-	-	-
sql/updates/world/4.3.4/2022_12_19_05_world.sql	absent_from_dump_ledger	b58c8cba7291e8334df7d706903419c7674d733a	09c4984a91098470fb3451b00e3af1d3845671a18eab8b297c2a8d08b7e22bdf	-	-	-	-
sql/updates/world/4.3.4/2022_12_20_00_world.sql	absent_from_dump_ledger	7229a9685401411f64102e22ea1e3cf38f9bb9cb	31b2d817d6b16b7d7afe1daafc742ff3e2ee76e7e20681cb883121f7d78255f3	-	-	-	-
sql/updates/world/4.3.4/2022_12_21_00_world.sql	absent_from_dump_ledger	c4cba5b013737321e3b3b35348c0d21aef11d6ff	cb5588694c83bca250b894e3349ae2590bcb62e898aba857d843ae7b4b8ff346	-	-	-	-
sql/updates/world/4.3.4/2022_12_21_01_world.sql	absent_from_dump_ledger	b988c18ad5f812237d480b16d21827ce256f322d	97740d538e339ee62c37a0129f5edcd9beaba54c96a0f63adcfa16e9ffa19188	-	-	-	-
sql/updates/world/4.3.4/2022_12_21_02_world.sql	absent_from_dump_ledger	f986b7652ce4d874a908c9b80052555c778e3476	907fc9f33fec4d4025996bca25df35f7c033239b5785b6be2039e814f833b6a9	-	-	-	-
sql/updates/world/4.3.4/2022_12_21_03_world.sql	absent_from_dump_ledger	ac324c7ae6dc6481fffb373e9f91aa8cac84fa86	eb8d5294d68c136c1109b3d235f28750df2c69a10dfd173ae640677651a1463f	-	-	-	-
sql/updates/world/4.3.4/2022_12_21_04_world.sql	absent_from_dump_ledger	e5673fa31a2ef8eb952ff0990cf90b700be0253d	f0a3741697f00c9858d1a9f7afafefce75fba8834fa9cc547815d3b42e94c2b5	-	-	-	-
sql/updates/world/4.3.4/2022_12_21_05_world.sql	absent_from_dump_ledger	fb90ef4cb7f53e80e34780cf38c01a2d930ca593	39f1bb51376521d4da0267b83bdab840eff54ef69655af64d83acb45ac9fd61e	-	-	-	-
sql/updates/world/4.3.4/2022_12_22_00_world.sql	absent_from_dump_ledger	1d572fbff707c8dd5b3cb1609023c8fe91519113	0f3da062723311f594d4c06c8643027f0dd704118610d8ba8134e19b2c635bc7	-	-	-	-
sql/updates/world/4.3.4/2022_12_26_00_world.sql	absent_from_dump_ledger	c5ae7d49907964e49cf2da93b5a8aae16a8f21e9	4303b2652cb88f1b894ce93821946de835a94de5e17b35e96c4d432ed1a4f39c	-	-	-	-
sql/updates/world/4.3.4/2022_12_26_01_world.sql	absent_from_dump_ledger	2399a481c6d564b983596a8969d2a3a94f4ebc3f	684ee26c301af2d8902dfdb0705c62c7acc191331f31a0ef15c7ed27a4cbb4a4	-	-	-	-
sql/updates/world/4.3.4/2022_12_26_02_world.sql	absent_from_dump_ledger	e2e9c51196ebed3296865d37d07cd1b6383f1025	7479f2ab4e3c4ab958df953f32ae1d4117e07fffea35025f294b29e2664c5829	-	-	-	-
sql/updates/world/4.3.4/2022_12_29_00_world.sql	absent_from_dump_ledger	5eb065182d365e3dd5639a3d2d690cb2ddc02109	fe9b87657425734c9f7e5b9c91d91918192ea2cfcd4d9d72d82312df3daf5ad9	-	-	-	-
sql/updates/world/4.3.4/2022_12_29_01_world.sql	absent_from_dump_ledger	9e6b265da5578e6f0af7f7bec2fff8dbcfdf61dd	b04c1c2cd1d1a693f90ed2181899c694ae2a23b69d1e65b8e03695ef4e13e51a	-	-	-	-
sql/updates/world/4.3.4/2022_12_29_02_world.sql	absent_from_dump_ledger	a80bca33910d51bb3fec57215c1f7411074203e8	72a19a1a8c2795e0ae16d6ce812a9243cba7c47964ad86a7a8699a5d2cc05f88	-	-	-	-
sql/updates/world/4.3.4/2022_12_31_00_world.sql	absent_from_dump_ledger	2b77e2380e3324672f91b421cfe84c0c57641c57	f1b70412a583c07ecba3741fef099a09ca5e8696e3b715f675e6436b2fa175d0	-	-	-	-
sql/updates/world/4.3.4/2023_01_04_00_world.sql	absent_from_dump_ledger	b769465574ab6555e8ff2e24c98303bbcb9ab6bd	f7461ee6431804270e17205f82244a3faf9d1bbf3a9816d90720288996bbc9cb	-	-	-	-
sql/updates/world/4.3.4/2023_01_06_00_world.sql	absent_from_dump_ledger	f8ddac996050d6d9b81107bd29e2f098312b94f8	bb95461418fee7d622d0a2919b055655012eb545198640a195612c07778ec40c	-	-	-	-
sql/updates/world/4.3.4/2023_01_09_00_world.sql	absent_from_dump_ledger	933987534dba14b79083004946e18ae1b9f24fc3	fe6b4b42fe4dafef8141ba97e56590de94fe4865d189dd2ee991153c54da961b	-	-	-	-
sql/updates/world/4.3.4/2023_01_09_01_world.sql	absent_from_dump_ledger	84cb521dc15371013b54a41d57dcaf5ab588d099	c45b704c04a6de15919f2dd8fdb6ec9d57ac93e80c2e788ccab44ed48acf5d4f	-	-	-	-
sql/updates/world/4.3.4/2023_01_10_00_world.sql	absent_from_dump_ledger	3686faa0e020d4c7c08807d5b9c0bbf954678cdb	67f493e375ecfc5fab268c43d4fef8d3d5757790fa7775bde8ba03deb8c71962	-	-	-	-
sql/updates/world/4.3.4/2023_01_10_01_world.sql	absent_from_dump_ledger	73520a3222f734db8f08e8035e9abbe263721609	3b79600d7b9a51937bdd2c98b73534191cbe42d217936429de7099be2e162c52	-	-	-	-
sql/updates/world/4.3.4/2023_01_10_02_world.sql	absent_from_dump_ledger	25f224549bf865f9d4e475a76ee1ebd315fa1729	690e63e49f6e1e7e3714df3a87c14e3a3b228eb1625bb1bbcd5bdea1dbce3666	-	-	-	-
sql/updates/world/4.3.4/2023_01_17_00_world.sql	absent_from_dump_ledger	c51e82360edd44d498e51c4658a5a12d54a700a2	e8182ef0a3a244c1e243e3e52a4ee36825c6eef7f8fd5ce1bd6024ed0dbe1d15	-	-	-	-
sql/updates/world/4.3.4/2023_01_23_00_world.sql	absent_from_dump_ledger	37edd1d40a71f17bce63706e256620e267fed726	67d38db6054b10427ee2ff2b7ed975cc1267d96cc750f70f720e09353cd6bb09	-	-	-	-
sql/updates/world/4.3.4/2023_01_23_01_world.sql	absent_from_dump_ledger	c07385fce2a8e1b07f98a4863b2257d5751c8e25	e1348522ed1c3d7e600c301bfbf79b1a079218973fe5eb9032b5ec8a2e04782d	-	-	-	-
sql/updates/world/4.3.4/2023_01_24_00_world.sql	absent_from_dump_ledger	d65e54b0f57890408899763098f541f793aecea7	526c67640e480c00469cbd834772d12453d3ead380a3ad3c877bc3ecdff9040b	-	-	-	-
sql/updates/world/4.3.4/2023_01_26_00_world.sql	absent_from_dump_ledger	37bd5cfd58732f11fd7f3cd51c129a2529e27d13	5a041f2bb7ef63c1e658f1f047eab62e5f1b3a60088ab20a65e7a827ad64f9fc	-	-	-	-
sql/updates/world/4.3.4/2023_01_26_01_world.sql	absent_from_dump_ledger	2bab92b3c3d187b4f4c22d8f137ec6ab3cbe893c	538f439fe053f0174a1645148596a3a365e83f87678d16bcd61f110dfb598db2	-	-	-	-
sql/updates/world/4.3.4/2023_01_30_00_world.sql	absent_from_dump_ledger	ff0408ef912957e5c27977cc61cda6a099503ce4	edcdb4155a84068e175a5120d6a91f5947011e4c3a8090fd710f9bfdfa90154c	-	-	-	-
sql/updates/world/4.3.4/2023_01_30_01_world.sql	absent_from_dump_ledger	4f3997705c2130f8e0f459fd4aecd4be52ff664d	b68a9098190418adc9ef1937bdcd0e6fd7808be6afd5ffddb85e183657d52faa	-	-	-	-
sql/updates/world/4.3.4/2023_02_09_00_world.sql	absent_from_dump_ledger	91051a1bac5f83adf4f483261af50c90d623a14d	75a40f13dea1c847c7a7af0d431fc7806f79dc438f5c28f6add84fbb8f16bfdc	-	-	-	-
sql/updates/world/4.3.4/2023_02_20_00_world.sql	absent_from_dump_ledger	e8f146425ea35990cc5e974ac6110785c8d71284	16e5a4db7b80a7355f14bd66921aad21b66600776e21e05327e309c0e50c0bc1	-	-	-	-
sql/updates/world/4.3.4/2023_02_20_01_world.sql	absent_from_dump_ledger	ea72ad7a0b7ff9ac32f6a309d1a040178bd04acf	77559c3b355f95c4e368771001b9867c72d79a1f323c3c6224a50309b968cdd6	-	-	-	-
sql/updates/world/4.3.4/2023_06_02_00_world.sql	absent_from_dump_ledger	07844a51fcdd558bc3e0c4e47c7f173a9be9d235	bc502b7e83cf8b56c3ecbd4fecc42e2d29c1495952bde9ead5383891d5f8473b	-	-	-	-
sql/updates/world/4.3.4/2023_06_12_00_world.sql	absent_from_dump_ledger	571e11309841c2cbd02523f39f312a0e2ecc5afd	4ad30f2d73fc59db3e7c5540c253c5e8383df0f70a79f488226cf84283f1bb6a	-	-	-	-
sql/updates/world/4.3.4/2023_07_11_00_world.sql	absent_from_dump_ledger	22a5ed7e6928fd8356aff3f541d58fb6b729ccca	25f681745cd006fb4592e09889e27228afb940b507269a432a46c380c0395ec1	-	-	-	-
sql/updates/world/4.3.4/2023_07_17_00_world.sql	absent_from_dump_ledger	c6e08c88fcf6a5b7d6b5bd87d82e9a9970232607	9e55de77f5d5d95a73270b223fccc930bff618e8de3b7b23a4658c7d26f4cff7	-	-	-	-
sql/updates/world/4.3.4/2023_07_18_00_world.sql	absent_from_dump_ledger	8c812983dfd18fece05bd61ade7d4e701b372606	c506045bd145d67a917dba8df907e532ce01be704b34c77479d9b7dbc0145a86	-	-	-	-
sql/updates/world/4.3.4/2023_08_06_00_world.sql	absent_from_dump_ledger	f6fa798f3ccffd01a39f5e13de4b17a22924dce4	902470f772bdfbaa9698a03b3f7cbca847963d9708bb33d3e6fb7cdff67d2905	-	-	-	-
sql/updates/world/4.3.4/2023_08_19_00_world.sql	absent_from_dump_ledger	95952b194de10b80e2071bc4eeda629011ae7f15	00dc818b31cd86481fdc8e2c2416c739fbdda566d0086d96eeb5bb380b1ceaac	-	-	-	-
sql/updates/world/4.3.4/2023_08_24_00_world.sql	absent_from_dump_ledger	6e209c3d544485050a10787547d1671c57ebee02	db92a10ab39bc59aade7506fb33179e09e89d434bd28ca0162e0b5f4ee787d48	-	-	-	-
sql/updates/world/4.3.4/2023_08_27_00_world.sql	absent_from_dump_ledger	9f02c2d1b44cdacbf3aacc3a569023111c92569f	946e950eabf2c67c8458a7755d4e74cb759adda8c43f07e2fafd45294cd5e3a6	-	-	-	-
sql/updates/world/4.3.4/2023_09_12_00_world.sql	absent_from_dump_ledger	a9b064cd4cce737de29a51b0f5804a4eba126bae	d4d9c17fa796af41e49d1ec3093a378a61f64eaff8b81c5ca623fbe15d0c758c	-	-	-	-
sql/updates/world/4.3.4/2023_09_12_01_world.sql	absent_from_dump_ledger	026c19ec9e810f8c0bf42bc1aa4c28ed5b34e732	00aa482aba1ccd8a1174cece252ec830de4c13df60d8720fc1c20e5e9c267403	-	-	-	-
sql/updates/world/4.3.4/2023_09_15_00_world.sql	absent_from_dump_ledger	3417a20fd0771381d4e420588794a4dcdb237ced	1bc1cf05176f00d45e6061cebf278257409b39ca6230742b9a47a66c601a9dbc	-	-	-	-
sql/updates/world/4.3.4/2023_09_15_01_world.sql	absent_from_dump_ledger	3fa5f2d490f928f6fa1a5b774bd5ba212f9e5ba5	2d601a4ac6275d9acd8383e546a9a26be4adf41d577c129ed069dc64b7754e20	-	-	-	-
sql/updates/world/4.3.4/2023_09_20_00_world.sql	absent_from_dump_ledger	e7c1519d895e23f0ea68e5aa007dd07186dec9d0	7dd8df0510c7028b52ba599c45fb2dd6d0481b9e4d00f443b3d20ca5a7ec1fe0	-	-	-	-
sql/updates/world/4.3.4/2023_10_01_01_world.sql	absent_from_dump_ledger	b2701e075791c55a87118bdf752a8f1c4980ac9e	75eba26601b07739c227cebc7496bc89b4d00f1552a1262168e69e6678f1e7b8	-	-	-	-
sql/updates/world/4.3.4/2023_10_10_00_world_2019_01_14_00_world.sql	absent_from_dump_ledger	1a5ebe8419fb18a6d6b8a744cc2f1df679e2313e	7ddea5bab1acb3d580d24247400d06eb3ad2a75e997caf36b64cfa9815406547	-	-	-	-
sql/updates/world/4.3.4/2023_10_21_00_world.sql	absent_from_dump_ledger	f91be5a3cdff218ea2efe371919c3c7c3ec3c484	d7cbca77150f51c68ee93a88865bf2a4c2a46e1d822d4262f7a08693279e4de6	-	-	-	-
sql/updates/world/4.3.4/2023_11_29_01_world_quest_abandon_spells.sql	absent_from_dump_ledger	c150a855dc4f6dff1fa43e808bf99c59ce909916	d84757001de0f17bc776d01fb67a18089717b5fec7df1cae431cff255ac8548a	-	-	-	-
sql/updates/world/4.3.4/2023_12_19_00_world.sql	absent_from_dump_ledger	f022eb3fc997d7f2a9b33405e63e25c25178633a	76695d939c431808f83dc54acc83528943818540f86afa26673b6ccff10b9a48	-	-	-	-
sql/updates/world/4.3.4/2025_03_09_00_world.sql	absent_from_dump_ledger	1b0b4d0a20ace084b451c7c573d3e1b7f2c747cd	72cd6558ae8fcfccb939ebe4ef2e2e64d993a4a1cc886404034be1126422ba96	-	-	-	-
sql/updates/world/4.3.4/2025_03_10_00_world.sql	absent_from_dump_ledger	6757b1a5c48fc0164a45edb2aa5b2abb4873b099	be10acf69847a068197d3857a891b7ae5b725e1b847dcfaf8dff7129ebbf79bd	-	-	-	player_classlevelstats,player_racestats
sql/updates/world/4.3.4/2025_03_11_00_world.sql	absent_from_dump_ledger	cb3e718ce9b3d7249bcbbdbb93b08cbd85f3c875	772c07b89c19fbb92aacc7ff16faf0af657ada3586bd39e902e44c6d8ee860da	-	-	-	-
sql/updates/world/4.3.4/2025_03_11_01_world.sql	absent_from_dump_ledger	f5bb86db3a7fdb8162b3c985679aabc0605e90b0	9b3b501e241dbead9d36e280c394e4ec087ba273aa27fd2329d1ff2025ca5edc	-	-	-	-
sql/updates/world/4.3.4/2025_03_11_02_world.sql	absent_from_dump_ledger	02b1d5f47c474d5474040dd2721801c66dbef313	ae39f9522c6c0a2749304d102e9ad0258c632999305b226dfa784a1a2bc8ff6d	-	-	-	-
sql/updates/world/4.3.4/2025_03_11_03_world.sql	absent_from_dump_ledger	238c644a81e4f8feaf888daa447f2342684229f2	dcaa8c554697399aa6458239d9bfc815c8586b38694c6a2337fbcbada08d0641	-	-	-	-
sql/updates/world/4.3.4/2025_03_12_00_world.sql	absent_from_dump_ledger	278ef9c56e03b98c6a32a23de633a7e4b07c2700	ac923a8a8a264e7c01db2ff9a4433db33e4ff4ade05a46712cb8f64daa5ce5a4	-	-	-	-
sql/updates/world/4.3.4/2025_03_14_00_world.sql	absent_from_dump_ledger	b33fc0e11348edc0f4df2ebb837c4c157a2c2a25	cf263cfc0d2251b64b88e7bc6b607b898f4ca4d86f09fe352e17eeb40ff12b57	-	-	-	-
sql/updates/world/4.3.4/2025_03_15_00_world.sql	absent_from_dump_ledger	838db4f947d07f4b191c843111d16bbf217b3efb	1af92a611dbb7f311b93bb94d95df9c0d4b83f75b3e0cf5a2330ba077151b1b5	-	-	-	-
sql/updates/world/4.3.4/2025_03_29_00_world.sql	absent_from_dump_ledger	411ce06d918beb91378e1ec208a3356424ca2cb6	cd56fe001663d3c9dff81045bfd386dbd3be73112eceed9cf738eaa45441a159	-	-	-	-
sql/updates/world/4.3.4/2025_06_07_00_world.sql	absent_from_dump_ledger	5be14b23a8a34dd491539ed9a139442276d801b6	0204cac542fb0c58d17fd70b6605dac7afe39505de12549fb347f2e12c89d946	-	-	-	-
sql/updates/world/4.3.4/2025_06_07_01_world.sql	absent_from_dump_ledger	128d72fd6e1c7ba282ff4af85139c90e379e80f5	20eaadc1c5def14a4d53b536916005c94e26ef30990eeacf8347b27ae824417e	-	-	-	-
sql/updates/world/4.3.4/2025_06_07_02_world.sql	absent_from_dump_ledger	73b90d07f0e71e57d8c56bad4998d9b5dfbabf8b	6ef201f8cc8ad6111f5963a1468787397ebf8397a2b11b8a81040154f725d535	-	-	-	-
sql/updates/world/4.3.4/2025_06_08_00_world.sql	absent_from_dump_ledger	eebb3ec4f2e20174d95c5ebf0ce6969fe1b05316	1a19df46f7222c7f607a22c6731d96249629cb91c8165766ba30eb5961b665c8	-	-	-	-
sql/updates/world/4.3.4/2025_06_08_01_world.sql	absent_from_dump_ledger	cbb6d083633a1c33839f57c26b5a8913d9deabef	a6fa28e8136b9a0e14531e581ca20500107b5a5fd648b808e3e1cb2908627195	-	-	-	-
sql/updates/world/4.3.4/2025_06_11_00_world.sql	absent_from_dump_ledger	0e2327701491523fc49d58951c4dbcf93ac6afa4	7356a633e94731c2f3b3216da6fc605dcebc2e3bdb1ccd31a8c69ae5d66f5ff4	-	-	-	-
sql/updates/world/4.3.4/2025_06_11_01_world.sql	absent_from_dump_ledger	34f8ecc869bcc93295b680ee5cd693c6512cee19	12a198c95821ab84c7b993b4ee00b6d92961549d738e6a1d8a716f42d5292977	-	-	-	-
sql/updates/world/4.3.4/2025_06_11_02_world.sql	absent_from_dump_ledger	25c955fa46e6b434abc19add1e4e5a6ee8c88159	c512384eef3e30d10aa248f2ad7f07db5a6e5a18437deca2a8412e8361662fdf	-	-	-	-
sql/updates/world/4.3.4/2025_06_14_00_world.sql	absent_from_dump_ledger	d1ed72ac751c1526cfbb89b751851c5708d6e40b	e12c21150e5e1761de1ec2932a6c594d29672a67e83cdd40363860078faa7deb	-	-	-	-
sql/updates/world/4.3.4/2025_06_15_00_world.sql	absent_from_dump_ledger	4d21ab08c541cf7859b05dc8059284f95d4d0ea8	46e6eae3b5a2beea164c81db952921cc14c19b5ed53e042996928003c16da7f2	-	-	-	-
sql/updates/world/4.3.4/2025_06_17_00_world.sql	absent_from_dump_ledger	316791cbf94f6be0cf0d6f444d529a39ffb1b4cd	bc8b9ab5ef725117289e54e4f69f07f4786dd8514cad2dd6ad13fc3c8ac6cd03	-	-	-	-
sql/updates/world/4.3.4/2025_06_17_01_world.sql	absent_from_dump_ledger	de4fbcca2d77461bc55410a5469b3782b4263d37	aae77b55838e3d480b834bea533d5811a392e158efd03269584d2a0a4467a25f	-	-	-	-
sql/updates/world/4.3.4/2025_06_18_00_world.sql	absent_from_dump_ledger	7f5f8d23ce32da869d4016571845ef8ac16fb6fc	e75875209b5e114e0f0cc0161df00ca48d1b094f1f6eaec352ce7e04ec0f125d	-	-	-	-
sql/updates/world/4.3.4/2025_06_18_01_world.sql	absent_from_dump_ledger	8e35e58118fc94a3978244c8f8f3829f461793f9	d9c88d1c6d9cf1878b8606ce80e3fe1580f1b91673f15104ad1f25503f3308d1	-	-	-	-
sql/updates/world/4.3.4/2025_06_18_02_world.sql	absent_from_dump_ledger	c08856171c1ccf1622e2cc53465963851902be31	e1176c1f65fa206a5dfb92f6bd2744884c34cffd974feb4e3158c24f1f8023df	-	-	-	-
sql/updates/world/4.3.4/2025_06_18_03_world.sql	absent_from_dump_ledger	9a6c5fffeb39fa68fd35b89ca25c252bdf942871	0a2bc2d2a5f04963db9c80e35aefa596dab600909a479be7c0ca99cf49818098	-	-	-	-
sql/updates/world/4.3.4/2025_06_18_04_world.sql	absent_from_dump_ledger	a8820209e6e7854c864425d7249f568f476ff7df	ffa402f96e5637a9696ce5e7c765c0291b47f72faea655ed6d769a2129e4b178	-	-	-	-
sql/updates/world/4.3.4/2025_06_18_05_world.sql	absent_from_dump_ledger	e06bb4244553627b521c4745b1b36d95d7cb7d41	91c09620f95076a58ac7f3e3aed77c8a71ca9665299da9ab6a1618e50b9cfac3	-	-	-	-
sql/updates/world/4.3.4/2025_06_18_06_world.sql	absent_from_dump_ledger	be709992228d9d346447f8b8ea79ace0d7d5dc60	10a1216bf38adea32d01fe8051ddbbf9e90d27da073f1df2597cfe14271a1c4e	-	-	-	-
sql/updates/world/4.3.4/2025_06_20_00_world.sql	absent_from_dump_ledger	ea98ca5ca3ba9b6cc32236d9470f868cc6b9f429	ed9115d5fcf5a70a010c284efd052496c88890a6f32c8fb34b24332c02203199	-	-	-	-
sql/updates/world/4.3.4/2025_06_20_01_world.sql	absent_from_dump_ledger	09b3536b7ab0cab2280475726b5212f00919bedb	16f65e0cc872ad6087c8b6d254961199f93562e94fdfca88a2c473a5e95b0704	-	-	-	-
sql/updates/world/4.3.4/2025_06_20_02_world.sql	absent_from_dump_ledger	ceede498aa555788143b8103ad38934cee219944	83e112553e633c7bb89a33dcceffb431f1d055267d6ff861e1df7469598c4c65	-	-	-	-
sql/updates/world/4.3.4/2025_06_20_03_world.sql	absent_from_dump_ledger	e57316d73f38cf9e598259926a0b029f440e161f	19b4b1e51002253a3545b71dadb51816d33af6c79f1a4dd8adfbb276d412f65e	-	-	-	-
sql/updates/world/4.3.4/2025_06_20_04_world.sql	absent_from_dump_ledger	743a3babca367c569933340ce2b60f437ef12c26	ab2da443d9eede5e65023d5fdad5568281593099c290023f22e638c053d09ee9	-	-	-	-
sql/updates/world/4.3.4/2025_06_21_00_world.sql	absent_from_dump_ledger	560d71607a4e444b5c51d7e2b333d2064ad55d75	f4a171415f2ac03b6d15b958bc2be7a9efaa8f1a82c4e938e695af5d9c267d2c	-	-	-	playercreateinfo_skills
sql/updates/world/4.3.4/2025_07_20_00_world.sql	absent_from_dump_ledger	a2953ff96950c9d51c63b8e759943739f31e35de	090b74f520f3aebea61c5e2f30fc688e0e04079e43f5e948499e89350ce88f8b	-	-	-	-
sql/updates/world/4.3.4/2025_07_21_00_world.sql	absent_from_dump_ledger	5883706cbc5e475c8b33d0a22329532560be88e6	d7a338448a4ea8b8c539df723b8cff6b3f6d284debeb672fb58a52bb55a6d738	-	-	-	-
sql/updates/world/4.3.4/2025_07_26_00_world.sql	absent_from_dump_ledger	d83d2daa75586a7f7f9304fb2366773c352829c1	ed06ace0d3dede769ef23b86860f72280292e7bad927d0ca2c64f9f0a9329074	-	-	-	-
sql/updates/world/4.3.4/2025_07_28_00_world.sql	absent_from_dump_ledger	2378387a74afbe454e1e106fd6b5607a42e8c667	988e82b2ecc7e1a92ec5ed341311a8ae942ecc5e4e54b333dc874112a66cd8ab	-	-	-	-
sql/updates/world/4.3.4/2025_08_03_00_world.sql	absent_from_dump_ledger	1a6e2acb5df109304c7efaf60fc48ea16cd28a35	4d4598490e471e629a7fea084ed60ca12196e00c06af87ecbd3aa570b2b73dd6	-	-	-	-
sql/updates/world/4.3.4/2025_08_03_01_world.sql	absent_from_dump_ledger	06d145a989b27b63e2dff5a09a474b4f9848c2d0	7937856e4b1e9a5c11b0d58f2a4a65469011958537ef64908ee6a2115783dba5	-	-	-	-
sql/updates/world/4.3.4/2025_08_03_02_world.sql	absent_from_dump_ledger	7cdbf8b59f87423dae748d41b763815ac9a24636	4aa9db37398022d17c1ecd9b282c4bdcdb24861909f4323c99ffc936b6f47a65	-	-	-	-
sql/updates/world/4.3.4/2025_08_04_00_world.sql	absent_from_dump_ledger	04f5634fe070201aeed16e56c6bd2e4ea86228fd	ec8328294b8f38ae022dfbb8b0e74fa0d4c47930d894688ef1d6ebc6b84efc71	-	-	-	-
