-- DB update 2022_12_02_01 -> 2022_12_02_02
-- Delete Old Objects
DELETE FROM `gameobject` WHERE `id`=185182 AND `map`=530 AND `guid` IN (26042,26043,26044,26045,26046,26047,26048,26049,26050,26051,26052,26053,26054,26055,26056,26057,26058,26059,26060,26061,26062,26063,26064,26065,26066,26067,26068,26069,26070,26071,26072,26073,26074);
DELETE FROM `gameobject` WHERE `id`=185877 AND `map`=530 AND `guid` IN (6909,12055,12061,12143,15031,15044,15047,15129,30681,30682,30686,30756,30771,30774,30776,42145,42146,42147,42148,42149,42150,42151,42152,42153);
DELETE FROM `gameobject` WHERE `id`=185881 AND `map`=530 AND `guid` IN (22240,22241,28438,28440,28443,28797,28931,29272,29574,29576,29577,29579,30918,30925,30933,30966,31028,42167,42168,42169,42170,42171,42172,42173,42174,42175,42176,85998,85999,86000,86001,86002,86003,86004,86005,86006,86007,86008,86009,86010,86011,86012,86013);
DELETE FROM `gameobject` WHERE `id`=185915 AND `map`=530 AND `guid` IN (50417,50418,50419,50420,50421,50422,50423,50424,50425,151889,151890,151891);

SET @GUID := 104514;
SET @POOL := 8326;

-- Nethervine Crystal
DELETE FROM `gameobject` WHERE `id` IN (185182, 185877, 185881, 185915) AND `ZoneId`=3520 AND `guid` BETWEEN @GUID+0 AND @GUID+338;
INSERT INTO `gameobject` (`guid`, `id`, `map`, `ZoneId`, `spawnMask`, `position_x`, `position_y`, `position_z`, `orientation`, `rotation0`, `rotation1`, `rotation2`, `rotation3`, `spawntimesecs`, `animprogress`, `state`) VALUES
(@GUID+0  , 185182, 530, 3520, 1, -5342.92, 169.069, 43.1128, 3.28124, 0, 0, -0.997563, 0.0697661, 180, 100, 1),
(@GUID+1  , 185182, 530, 3520, 1, -5313, 373.502, 47.7426, 1.67551, 0, 0, 0.743144, 0.669132, 180, 100, 1),
(@GUID+2  , 185182, 530, 3520, 1, -5292.84, 656.116, 24.6915, 0.523598, 0, 0, 0.258819, 0.965926, 180, 100, 1),
(@GUID+3  , 185182, 530, 3520, 1, -5283.54, 533.277, 39.0844, 6.10865, 0, 0, -0.0871553, 0.996195, 180, 100, 1),
(@GUID+4  , 185182, 530, 3520, 1, -5283.15, 228.309, 68.3574, 4.45059, 0, 0, -0.793353, 0.608762, 180, 100, 1),
(@GUID+5  , 185182, 530, 3520, 1, -5270.88, 771.748, 19.9527, 3.49067, 0, 0, -0.984807, 0.173652, 180, 100, 1),
(@GUID+6  , 185182, 530, 3520, 1, -5266.64, 148.314, 61.1633, 3.80482, 0, 0, -0.945518, 0.325568, 180, 100, 1),
(@GUID+7  , 185182, 530, 3520, 1, -5245.94, 298.236, 75.203, 3.45576, 0, 0, -0.987688, 0.156436, 180, 100, 1),
(@GUID+8  , 185182, 530, 3520, 1, -5244.6, 40.679, 47.3747, 2.37364, 0, 0, 0.927183, 0.374608, 180, 100, 1),
(@GUID+9  , 185182, 530, 3520, 1, -5242.47, 504.199, 57.0959, 2.60053, 0, 0, 0.96363, 0.267241, 180, 100, 1),
(@GUID+10 , 185182, 530, 3520, 1, -5241.66, 360.785, 71.6209, 1.32645, 0, 0, 0.615661, 0.788011, 180, 100, 1),
(@GUID+11 , 185182, 530, 3520, 1, -5228.35, 695.768, 52.3389, 5.02655, 0, 0, -0.587785, 0.809017, 180, 100, 1),
(@GUID+12 , 185182, 530, 3520, 1, -5222.48, 239.67, 72.4286, 0.575957, 0, 0, 0.284015, 0.95882, 180, 100, 1),
(@GUID+13 , 185182, 530, 3520, 1, -5219.48, 376.066, 73.5834, 1.25664, 0, 0, 0.587785, 0.809017, 180, 100, 1),
(@GUID+14 , 185182, 530, 3520, 1, -5198.54, 610.487, 61.3297, 1.8675, 0, 0, 0.803857, 0.594823, 180, 100, 1),
(@GUID+15 , 185182, 530, 3520, 1, -5188.88, 198.704, 77.5582, 3.42085, 0, 0, -0.990268, 0.139175, 180, 100, 1),
(@GUID+16 , 185182, 530, 3520, 1, -5178.76, 612.034, 70.3573, 0.226893, 0, 0, 0.113203, 0.993572, 180, 100, 1),
(@GUID+17 , 185182, 530, 3520, 1, -5169.02, 8.73069, 76.392, 2.47837, 0, 0, 0.945518, 0.325568, 180, 100, 1),
(@GUID+18 , 185182, 530, 3520, 1, -5161.82, -43.6775, 74.5861, 4.17134, 0, 0, -0.870356, 0.492424, 180, 100, 1),
(@GUID+19 , 185182, 530, 3520, 1, -5151.58, 65.0312, 78.1248, 4.46804, 0, 0, -0.788011, 0.615662, 180, 100, 1),
(@GUID+20 , 185182, 530, 3520, 1, -5139.69, -89.1358, 72.9877, 4.29351, 0, 0, -0.83867, 0.54464, 180, 100, 1),
(@GUID+21 , 185182, 530, 3520, 1, -5138.09, 26.3977, 78.173, 1.65806, 0, 0, 0.737277, 0.675591, 180, 100, 1),
(@GUID+22 , 185182, 530, 3520, 1, -5134.34, 457.041, 77.3143, 2.25147, 0, 0, 0.902585, 0.430512, 180, 100, 1),
(@GUID+23 , 185182, 530, 3520, 1, -5133.72, 779.347, 45.3405, 0.122173, 0, 0, 0.0610485, 0.998135, 180, 100, 1),
(@GUID+24 , 185182, 530, 3520, 1, -5123.21, -98.8994, 69.9624, 4.11898, 0, 0, -0.882947, 0.469473, 180, 100, 1),
(@GUID+25 , 185182, 530, 3520, 1, -5122.55, 656.237, 85.5111, 3.10665, 0, 0, 0.999847, 0.0174693, 180, 100, 1),
(@GUID+26 , 185182, 530, 3520, 1, -5122.5, 732.505, 74.2657, 3.94445, 0, 0, -0.920505, 0.390732, 180, 100, 1),
(@GUID+27 , 185182, 530, 3520, 1, -5114.04, 29.7987, 80.9924, 2.18166, 0, 0, 0.887011, 0.461749, 180, 100, 1),
(@GUID+28 , 185182, 530, 3520, 1, -5113.94, 64.6492, 81.7453, 4.13643, 0, 0, -0.878817, 0.47716, 180, 100, 1),
(@GUID+29 , 185182, 530, 3520, 1, -5110.73, 662.613, 85.9726, 1.20428, 0, 0, 0.566406, 0.824126, 180, 100, 1),
(@GUID+30 , 185182, 530, 3520, 1, -5101.7, 703.391, 85.5647, 4.85202, 0, 0, -0.656058, 0.75471, 180, 100, 1),
(@GUID+31 , 185182, 530, 3520, 1, -5091.96, 474.039, 84.1983, 1.65806, 0, 0, 0.737277, 0.675591, 180, 100, 1),
(@GUID+32 , 185182, 530, 3520, 1, -5089.65, 27.055, 79.6998, 1.25664, 0, 0, 0.587785, 0.809017, 180, 100, 1),
(@GUID+33 , 185182, 530, 3520, 1, -5070.44, 611.331, 88.6193, 2.28638, 0, 0, 0.909961, 0.414694, 180, 100, 1),
(@GUID+34 , 185182, 530, 3520, 1, -5068.79, -98.7845, 65.4091, 5.61996, 0, 0, -0.325567, 0.945519, 180, 100, 1),
(@GUID+35 , 185182, 530, 3520, 1, -5066.3, 685.682, 85.7909, 5.5676, 0, 0, -0.350207, 0.936672, 180, 100, 1),
(@GUID+36 , 185182, 530, 3520, 1, -5060.84, 460.418, 89.8367, 0.139625, 0, 0, 0.0697555, 0.997564, 180, 100, 1),
(@GUID+37 , 185182, 530, 3520, 1, -5060.12, 163.691, 130.327, 2.77507, 0, 0, 0.983254, 0.182238, 180, 100, 1),
(@GUID+38 , 185182, 530, 3520, 1, -5056.39, 627.865, 86.6371, 2.9845, 0, 0, 0.996917, 0.0784664, 180, 100, 1),
(@GUID+39 , 185182, 530, 3520, 1, -5041.9, 1.74935, 77.4621, 1.16937, 0, 0, 0.551936, 0.833886, 180, 100, 1),
(@GUID+40 , 185182, 530, 3520, 1, -5041.31, -66.7083, 71.8689, 5.49779, 0, 0, -0.382683, 0.92388, 180, 100, 1),
(@GUID+41 , 185182, 530, 3520, 1, -5038.9, 691.959, 82.4971, 4.43314, 0, 0, -0.798635, 0.601815, 180, 100, 1),
(@GUID+42 , 185182, 530, 3520, 1, -5037.21, 450.39, 85.3445, 1.43117, 0, 0, 0.656058, 0.75471, 180, 100, 1),
(@GUID+43 , 185182, 530, 3520, 1, -5013.88, 191.526, 82.1215, 0.59341, 0, 0, 0.292371, 0.956305, 180, 100, 1),
(@GUID+44 , 185182, 530, 3520, 1, -5010.42, 138.154, 77.4246, 5.75959, 0, 0, -0.258819, 0.965926, 180, 100, 1),
(@GUID+45 , 185182, 530, 3520, 1, -5007.1, 641.649, 86.0199, 0.733038, 0, 0, 0.358368, 0.933581, 180, 100, 1),
(@GUID+46 , 185182, 530, 3520, 1, -5004.85, 145.96, 78.3033, 1.16937, 0, 0, 0.551936, 0.833886, 180, 100, 1),
(@GUID+47 , 185182, 530, 3520, 1, -5001.34, 714.768, 81.3423, 6.24828, 0, 0, -0.0174522, 0.999848, 180, 100, 1),
(@GUID+48 , 185182, 530, 3520, 1, -5000.97, 226.542, 81.6826, 5.16618, 0, 0, -0.529919, 0.848048, 180, 100, 1),
(@GUID+49 , 185182, 530, 3520, 1, -4998.8, 304.154, 83.2504, 5.91667, 0, 0, -0.182235, 0.983255, 180, 100, 1),
(@GUID+50 , 185182, 530, 3520, 1, -4996.51, 241.706, 80.68, 5.41052, 0, 0, -0.422618, 0.906308, 180, 100, 1),
(@GUID+51 , 185182, 530, 3520, 1, -4990.46, 156.293, 80.3757, 2.79252, 0, 0, 0.984807, 0.173652, 180, 100, 1),
(@GUID+52 , 185182, 530, 3520, 1, -4989.7, 182.582, 83.3952, 4.04917, 0, 0, -0.898793, 0.438373, 180, 100, 1),
(@GUID+53 , 185182, 530, 3520, 1, -4982.72, 510.782, 83.672, 2.3911, 0, 0, 0.930417, 0.366502, 180, 100, 1),
(@GUID+54 , 185182, 530, 3520, 1, -4981.26, 72.1771, 69.0765, 4.27606, 0, 0, -0.843391, 0.5373, 180, 100, 1),
(@GUID+55 , 185182, 530, 3520, 1, -4979.36, -51.3351, 63.7263, 1.41372, 0, 0, 0.649447, 0.760406, 180, 100, 1),
(@GUID+56 , 185182, 530, 3520, 1, -4978.35, 616.3, 80.012, 1.8675, 0, 0, 0.803857, 0.594823, 180, 100, 1),
(@GUID+57 , 185182, 530, 3520, 1, -4977.98, 386.329, 86.3922, 5.53269, 0, 0, -0.366501, 0.930418, 180, 100, 1),
(@GUID+58 , 185182, 530, 3520, 1, -4977.46, 574.995, 79.1318, 0.209439, 0, 0, 0.104528, 0.994522, 180, 100, 1),
(@GUID+59 , 185182, 530, 3520, 1, -4977.1, 267.507, 80.3174, 2.19912, 0, 0, 0.891007, 0.453991, 180, 100, 1),
(@GUID+60 , 185182, 530, 3520, 1, -4976.12, 718.434, 81.9034, 4.66003, 0, 0, -0.725374, 0.688355, 180, 100, 1),
(@GUID+61 , 185182, 530, 3520, 1, -4972.7, -94.6309, 47.027, 5.06146, 0, 0, -0.573576, 0.819152, 180, 100, 1),
(@GUID+62 , 185182, 530, 3520, 1, -4972.11, 459.768, 84.847, 2.87979, 0, 0, 0.991445, 0.130528, 180, 100, 1),
(@GUID+63 , 185182, 530, 3520, 1, -4971.88, 221.57, 79.6872, 2.02458, 0, 0, 0.848047, 0.529921, 180, 100, 1),
(@GUID+64 , 185182, 530, 3520, 1, -4969.9, 116.569, 74.9234, 4.38078, 0, 0, -0.814116, 0.580703, 180, 100, 1),
(@GUID+65 , 185182, 530, 3520, 1, -4968.02, 321.025, 82.9921, 4.20625, 0, 0, -0.861628, 0.507539, 180, 100, 1),
(@GUID+66 , 185182, 530, 3520, 1, -4955.97, -31.1719, 62.9998, 2.47837, 0, 0, 0.945518, 0.325568, 180, 100, 1),
(@GUID+67 , 185182, 530, 3520, 1, -4954.96, 787.358, 64.1565, 0.663223, 0, 0, 0.325567, 0.945519, 180, 100, 1),
(@GUID+68 , 185182, 530, 3520, 1, -4949.99, -9.44694, 63.2846, 2.32129, 0, 0, 0.91706, 0.39875, 180, 100, 1),
(@GUID+69 , 185182, 530, 3520, 1, -4942.31, 406.736, 83.5411, 3.22886, 0, 0, -0.999048, 0.0436193, 180, 100, 1),
(@GUID+70 , 185182, 530, 3520, 1, -4940.77, 134.889, 59.8222, 4.93928, 0, 0, -0.622514, 0.782609, 180, 100, 1),
(@GUID+71 , 185182, 530, 3520, 1, -4940.48, 521.792, 75.2373, 1.83259, 0, 0, 0.793353, 0.608762, 180, 100, 1),
(@GUID+72 , 185182, 530, 3520, 1, -4933.12, -19.2702, 58.1625, 0.837758, 0, 0, 0.406736, 0.913545, 180, 100, 1),
(@GUID+73 , 185182, 530, 3520, 1, -4929.96, 205.171, 66.6562, 1.23918, 0, 0, 0.580703, 0.814116, 180, 100, 1),
(@GUID+74 , 185182, 530, 3520, 1, -4928.61, 367.286, 84.5948, 2.49582, 0, 0, 0.948323, 0.317306, 180, 100, 1),
(@GUID+75 , 185182, 530, 3520, 1, -4928.29, 254.934, 69.8808, 4.97419, 0, 0, -0.608761, 0.793354, 180, 100, 1),
(@GUID+76 , 185182, 530, 3520, 1, -4921.4, 367.252, 82.4107, 1.5708, 0, 0, 0.707107, 0.707107, 180, 100, 1),
(@GUID+77 , 185182, 530, 3520, 1, -4917.97, 409.195, 81.2423, 5.20108, 0, 0, -0.515037, 0.857168, 180, 100, 1),
(@GUID+78 , 185182, 530, 3520, 1, -4916.48, 687.448, 65.7138, 3.80482, 0, 0, -0.945518, 0.325568, 180, 100, 1),
(@GUID+79 , 185182, 530, 3520, 1, -4910.75, 362.107, 76.855, 0.436332, 0, 0, 0.216439, 0.976296, 180, 100, 1),
(@GUID+80 , 185182, 530, 3520, 1, -4910.63, 412.561, 81.1354, 3.97936, 0, 0, -0.913545, 0.406738, 180, 100, 1),
(@GUID+81 , 185182, 530, 3520, 1, -4907.44, -0.424262, 48.8307, 2.42601, 0, 0, 0.936672, 0.350207, 180, 100, 1),
(@GUID+82 , 185182, 530, 3520, 1, -4906.21, 699.878, 71.2891, 0.296705, 0, 0, 0.147809, 0.989016, 180, 100, 1),
(@GUID+83 , 185182, 530, 3520, 1, -4900.73, 724.94, 55.0799, 0.296705, 0, 0, 0.147809, 0.989016, 180, 100, 1),
(@GUID+84 , 185182, 530, 3520, 1, -4899.31, 4.9757, 45.9597, 2.28638, 0, 0, 0.909961, 0.414694, 180, 100, 1),
(@GUID+85 , 185182, 530, 3520, 1, -4895, 316.082, 98.4958, 4.79966, 0, 0, -0.67559, 0.737278, 180, 100, 1),
(@GUID+86 , 185182, 530, 3520, 1, -4894.87, 533.022, 48.0447, 3.42085, 0, 0, -0.990268, 0.139175, 180, 100, 1),
(@GUID+87 , 185182, 530, 3520, 1, -4891.07, 497.536, 65.9883, 0.645772, 0, 0, 0.317305, 0.948324, 180, 100, 1),
(@GUID+88 , 185182, 530, 3520, 1, -4889.03, 177.012, 38.8396, 4.88692, 0, 0, -0.642787, 0.766045, 180, 100, 1),
(@GUID+89 , 185182, 530, 3520, 1, -4888.37, 545.198, 44.4644, 1.55334, 0, 0, 0.700909, 0.713251, 180, 100, 1),
(@GUID+90 , 185182, 530, 3520, 1, -4885.76, 286.733, 63.6023, 3.99681, 0, 0, -0.909961, 0.414694, 180, 100, 1),
(@GUID+91 , 185182, 530, 3520, 1, -4884.85, 332.225, 108.887, 2.56563, 0, 0, 0.958819, 0.284016, 180, 100, 1),
(@GUID+92 , 185182, 530, 3520, 1, -4884.29, 182.973, 38.7629, 0.488691, 0, 0, 0.241921, 0.970296, 180, 100, 1),
(@GUID+93 , 185182, 530, 3520, 1, -4880.77, 461.426, 69.6938, 1.01229, 0, 0, 0.484809, 0.87462, 180, 100, 1),
(@GUID+94 , 185182, 530, 3520, 1, -4874.58, 291.252, 59.9165, 5.68977, 0, 0, -0.292372, 0.956305, 180, 100, 1),
(@GUID+95 , 185182, 530, 3520, 1, -4871.83, 445.466, 61.6636, 5.53269, 0, 0, -0.366501, 0.930418, 180, 100, 1),
(@GUID+96 , 185182, 530, 3520, 1, -4862.55, 352.866, 84.0767, 5.20108, 0, 0, -0.515037, 0.857168, 180, 100, 1),
(@GUID+97 , 185182, 530, 3520, 1, -4859.78, 211.651, 38.2026, 3.47321, 0, 0, -0.986285, 0.16505, 180, 100, 1),
(@GUID+98 , 185182, 530, 3520, 1, -4855.21, 220.886, 35.6181, 1.74533, 0, 0, 0.766044, 0.642789, 180, 100, 1),
(@GUID+99 , 185182, 530, 3520, 1, -4841.47, 452.311, 55.467, 1.74533, 0, 0, 0.766044, 0.642789, 180, 100, 1),
(@GUID+100, 185182, 530, 3520, 1, -4838.08, 444.877, 52.2892, 5.95157, 0, 0, -0.165047, 0.986286, 180, 100, 1),
-- Netherdust Bush (185881)
(@GUID+101, 185881, 530, 3520, 1, -5426.7, 480.226, 49.9151, 3.83973, 0, 0, -0.939692, 0.342021, 450, 255, 1),
(@GUID+102, 185881, 530, 3520, 1, -5425.32, 635.501, 90.2537, 5.96903, 0, 0, -0.156434, 0.987688, 450, 255, 1),
(@GUID+103, 185881, 530, 3520, 1, -5345.39, 199.094, 49.4195, 3.52557, 0, 0, -0.981627, 0.190812, 450, 255, 1),
(@GUID+104, 185881, 530, 3520, 1, -5324.82, 241.428, 56.9943, 5.86431, 0, 0, -0.207912, 0.978148, 450, 255, 1),
(@GUID+105, 185881, 530, 3520, 1, -5305.65, 294.403, 63.3974, 0.296705, 0, 0, 0.147809, 0.989016, 450, 255, 1),
(@GUID+106, 185881, 530, 3520, 1, -5297.5, 336.366, 64.2175, 0.90757, 0, 0, 0.438371, 0.898794, 450, 255, 1),
(@GUID+107, 185881, 530, 3520, 1, -5294.84, 139.849, 49.7378, 3.52557, 0, 0, -0.981627, 0.190812, 450, 255, 1),
(@GUID+108, 185881, 530, 3520, 1, -5276.86, 694.728, 39.7565, 1.36136, 0, 0, 0.62932, 0.777146, 450, 255, 1),
(@GUID+109, 185881, 530, 3520, 1, -5276.27, 458.093, 50.8947, 0.471238, 0, 0, 0.233445, 0.97237, 450, 255, 1),
(@GUID+110, 185881, 530, 3520, 1, -5269.45, 389.186, 58.4835, 1.8675, 0, 0, 0.803857, 0.594823, 450, 255, 1),
(@GUID+111, 185881, 530, 3520, 1, -5258.24, 551.351, 46.8299, 3.99681, 0, 0, -0.909961, 0.414694, 450, 255, 1),
(@GUID+112, 185881, 530, 3520, 1, -5238.6, 754.771, 45.4299, 0.0349062, 0, 0, 0.0174522, 0.999848, 450, 255, 1),
(@GUID+113, 185881, 530, 3520, 1, -5236.03, 75.3729, 63.297, 0.279252, 0, 0, 0.139173, 0.990268, 450, 255, 1),
(@GUID+114, 185881, 530, 3520, 1, -5220.56, 594.228, 58.3474, 1.98967, 0, 0, 0.83867, 0.54464, 450, 255, 1),
(@GUID+115, 185881, 530, 3520, 1, -5220.05, 0.626519, 64.5741, 6.12611, 0, 0, -0.0784588, 0.996917, 450, 255, 1),
(@GUID+116, 185881, 530, 3520, 1, -5214.52, -60.9998, 66.1487, 2.61799, 0, 0, 0.965925, 0.258821, 450, 255, 1),
(@GUID+117, 185881, 530, 3520, 1, -5208.73, 168.256, 69.8622, 4.57276, 0, 0, -0.754709, 0.656059, 450, 255, 1),
(@GUID+118, 185881, 530, 3520, 1, -5205.73, 262.022, 71.0352, 1.3439, 0, 0, 0.622514, 0.782609, 450, 255, 1),
(@GUID+119, 185881, 530, 3520, 1, -5202.5, 821.386, 183.064, 2.79252, 0, 0, 0.984807, 0.173652, 450, 255, 1),
(@GUID+120, 185881, 530, 3520, 1, -5199.28, 530.319, 74.5738, 3.7001, 0, 0, -0.961261, 0.27564, 450, 255, 1),
(@GUID+121, 185881, 530, 3520, 1, -5194.68, 413.596, 74.152, 1.13446, 0, 0, 0.537299, 0.843392, 450, 255, 1),
(@GUID+122, 185881, 530, 3520, 1, -5192.02, 85.9395, 69.8052, 1.37881, 0, 0, 0.636078, 0.771625, 450, 255, 1),
(@GUID+123, 185881, 530, 3520, 1, -5190.82, 672.716, 71.1034, 2.47837, 0, 0, 0.945518, 0.325568, 450, 255, 1),
(@GUID+124, 185881, 530, 3520, 1, -5187.12, 475.829, 75.8003, 6.16101, 0, 0, -0.0610485, 0.998135, 450, 255, 1),
(@GUID+125, 185881, 530, 3520, 1, -5163.42, 702.526, 73.9895, 1.02974, 0, 0, 0.492423, 0.870356, 450, 255, 1),
(@GUID+126, 185881, 530, 3520, 1, -5158.48, -121.623, 65.6004, 5.63741, 0, 0, -0.317305, 0.948324, 450, 255, 1),
(@GUID+127, 185881, 530, 3520, 1, -5149.1, 45.7016, 77.9364, 0.541051, 0, 0, 0.267238, 0.963631, 450, 255, 1),
(@GUID+128, 185881, 530, 3520, 1, -5141.43, 922.585, 36.635, 0, 0, 0, 0, 1, 450, 255, 1),
(@GUID+129, 185881, 530, 3520, 1, -5123.26, 488.328, 82.0753, 5.96903, 0, 0, -0.156434, 0.987688, 450, 255, 1),
(@GUID+130, 185881, 530, 3520, 1, -5122.02, 122.325, 129.771, 3.07177, 0, 0, 0.999391, 0.0349061, 450, 255, 1),
(@GUID+131, 185881, 530, 3520, 1, -5118.31, -141.376, 53.8094, 3.52557, 0, 0, -0.981627, 0.190812, 450, 255, 1),
(@GUID+132, 185881, 530, 3520, 1, -5109.26, 783.399, 58.1317, 1.0472, 0, 0, 0.5, 0.866025, 450, 255, 1),
(@GUID+133, 185881, 530, 3520, 1, -5098.7, 256.303, 150.706, 5.46288, 0, 0, -0.398748, 0.91706, 450, 255, 1),
(@GUID+134, 185881, 530, 3520, 1, -5089.35, 160.339, 129.451, 4.50295, 0, 0, -0.777145, 0.629321, 450, 255, 1),
(@GUID+135, 185881, 530, 3520, 1, -5081.87, 794.929, 60.562, 0.698131, 0, 0, 0.34202, 0.939693, 450, 255, 1),
(@GUID+136, 185881, 530, 3520, 1, -5081.16, 318.254, 167.886, 3.89209, 0, 0, -0.930417, 0.366502, 450, 255, 1),
(@GUID+137, 185881, 530, 3520, 1, -5067.8, 39.8734, 80.9828, 5.84685, 0, 0, -0.216439, 0.976296, 450, 255, 1),
(@GUID+138, 185881, 530, 3520, 1, -5063.72, 504.746, 86.185, 0.663223, 0, 0, 0.325567, 0.945519, 450, 255, 1),
(@GUID+139, 185881, 530, 3520, 1, -5052.97, 515.106, 87.2382, 2.82743, 0, 0, 0.987688, 0.156436, 450, 255, 1),
(@GUID+140, 185881, 530, 3520, 1, -5051.28, -112.554, 58.9778, 0.314158, 0, 0, 0.156434, 0.987688, 450, 255, 1),
(@GUID+141, 185881, 530, 3520, 1, -5048.05, 355.002, 170.646, 0.401425, 0, 0, 0.199367, 0.979925, 450, 255, 1),
(@GUID+142, 185881, 530, 3520, 1, -5041.54, 213.125, 108.68, 5.25344, 0, 0, -0.492423, 0.870356, 450, 255, 1),
(@GUID+143, 185881, 530, 3520, 1, -5026.32, 816.846, 51.4761, 0.331611, 0, 0, 0.165047, 0.986286, 450, 255, 1),
(@GUID+144, 185881, 530, 3520, 1, -5014.66, -70.1501, 67.2902, 5.18363, 0, 0, -0.522498, 0.852641, 450, 255, 1),
(@GUID+145, 185881, 530, 3520, 1, -5010.52, 485.865, 86.708, 3.59538, 0, 0, -0.97437, 0.224951, 450, 255, 1),
(@GUID+146, 185881, 530, 3520, 1, -5004.54, 182.954, 80.411, 4.81711, 0, 0, -0.66913, 0.743145, 450, 255, 1),
(@GUID+147, 185881, 530, 3520, 1, -5004.24, 44.9732, 77.3341, 4.86947, 0, 0, -0.649447, 0.760406, 450, 255, 1),
(@GUID+148, 185881, 530, 3520, 1, -4999.13, 102.752, 75.3494, 3.80482, 0, 0, -0.945518, 0.325568, 450, 255, 1),
(@GUID+149, 185881, 530, 3520, 1, -4994.19, 280.431, 81.9187, 3.10665, 0, 0, 0.999847, 0.0174693, 450, 255, 1),
(@GUID+150, 185881, 530, 3520, 1, -4993.89, -22.0152, 73.1766, 1.20428, 0, 0, 0.566406, 0.824126, 450, 255, 1),
(@GUID+151, 185881, 530, 3520, 1, -4988.35, 830.277, 37.5357, 0.95993, 0, 0, 0.461748, 0.887011, 450, 255, 1),
(@GUID+152, 185881, 530, 3520, 1, -4982.84, 435.638, 87.2519, 2.60053, 0, 0, 0.96363, 0.267241, 450, 255, 1),
(@GUID+153, 185881, 530, 3520, 1, -4969.25, 702.759, 83.7856, 5.67232, 0, 0, -0.300705, 0.953717, 450, 255, 1),
(@GUID+154, 185881, 530, 3520, 1, -4959.69, 391.508, 84.9454, 3.90954, 0, 0, -0.927183, 0.374608, 450, 255, 1),
(@GUID+155, 185881, 530, 3520, 1, -4943.54, 601.093, 72.1413, 5.86431, 0, 0, -0.207912, 0.978148, 450, 255, 1),
(@GUID+156, 185881, 530, 3520, 1, -4926.38, 73.6361, 53.6441, 0.331611, 0, 0, 0.165047, 0.986286, 450, 255, 1),
(@GUID+157, 185881, 530, 3520, 1, -4919.72, 556.622, 62.7886, 5.02655, 0, 0, -0.587785, 0.809017, 450, 255, 1),
(@GUID+158, 185881, 530, 3520, 1, -4913, 770.456, 58.0941, 1.44862, 0, 0, 0.66262, 0.748956, 450, 255, 1),
(@GUID+159, 185881, 530, 3520, 1, -4902.92, 383.868, 77.0322, 2.93214, 0, 0, 0.994521, 0.104535, 450, 255, 1),
(@GUID+160, 185881, 530, 3520, 1, -4888.37, 651.058, 72.204, 1.93731, 0, 0, 0.824125, 0.566408, 450, 255, 1),
(@GUID+161, 185881, 530, 3520, 1, -4886.32, 230.471, 52.0294, 3.7001, 0, 0, -0.961261, 0.27564, 450, 255, 1),
(@GUID+162, 185881, 530, 3520, 1, -4875.4, 137.229, 36.3884, 0.104719, 0, 0, 0.0523357, 0.99863, 450, 255, 1),
(@GUID+163, 185881, 530, 3520, 1, -4857.4, 671.773, 58.24, 0.0523589, 0, 0, 0.0261765, 0.999657, 450, 255, 1),
(@GUID+164, 185881, 530, 3520, 1, -4852.85, 558.638, 48.4878, 2.33874, 0, 0, 0.920505, 0.390732, 450, 255, 1),
(@GUID+165, 185881, 530, 3520, 1, -4852, 463.619, 63.2364, 3.71755, 0, 0, -0.958819, 0.284016, 450, 255, 1),
(@GUID+166, 185881, 530, 3520, 1, -4844.98, 494.166, 53.2687, 0.226893, 0, 0, 0.113203, 0.993572, 450, 255, 1),
(@GUID+167, 185881, 530, 3520, 1, -4844.71, 371.953, 60.5351, 0.977383, 0, 0, 0.469471, 0.882948, 450, 255, 1),
(@GUID+168, 185881, 530, 3520, 1, -4812.49, 956.703, -17.9028, 4.4855, 0, 0, -0.782608, 0.622515, 450, 255, 1),
(@GUID+169, 185881, 530, 3520, 1, -4780.75, 857.393, 97.4195, 1.64061, 0, 0, 0.731353, 0.681999, 450, 255, 1),
(@GUID+170, 185881, 530, 3520, 1, -4727.03, 138.535, 81.6504, 0.541051, 0, 0, 0.267238, 0.963631, 450, 255, 1),
(@GUID+171, 185881, 530, 3520, 1, -4637.75, 895.545, 6.45321, 1.5708, 0, 0, 0.707107, 0.707107, 450, 255, 1),
(@GUID+172, 185881, 530, 3520, 1, -4573.44, 763.756, -10.0483, 3.59538, 0, 0, -0.97437, 0.224951, 450, 255, 1),
(@GUID+173, 185881, 530, 3520, 1, -4566.27, 34.5459, 203.934, 6.19592, 0, 0, -0.0436192, 0.999048, 450, 255, 1),
(@GUID+174, 185881, 530, 3520, 1, -4541.06, 859.398, 9.72764, 0.0698117, 0, 0, 0.0348988, 0.999391, 450, 255, 1),
(@GUID+175, 185881, 530, 3520, 1, -4311.18, 314.591, 120.146, 5.8294, 0, 0, -0.224951, 0.97437, 450, 255, 1),
(@GUID+176, 185881, 530, 3520, 1, -4254.85, 261.138, 123.885, 1.69297, 0, 0, 0.748956, 0.66262, 450, 255, 1),
(@GUID+177, 185881, 530, 3520, 1, -4231.1, 428.019, 49.7114, 3.52557, 0, 0, -0.981627, 0.190812, 450, 255, 1),
(@GUID+178, 185881, 530, 3520, 1, -4203.97, 450.17, 30.8495, 2.51327, 0, 0, 0.951056, 0.309017, 450, 255, 1),
(@GUID+179, 185881, 530, 3520, 1, -4203.24, 510.76, 29.4429, 2.87979, 0, 0, 0.991445, 0.130528, 450, 255, 1),
(@GUID+180, 185881, 530, 3520, 1, -4194.29, 270.925, 123.405, 4.34587, 0, 0, -0.824126, 0.566406, 450, 255, 1),
(@GUID+181, 185881, 530, 3520, 1, -4193.77, 571.408, 18.6321, 2.30383, 0, 0, 0.913545, 0.406738, 450, 255, 1),
(@GUID+182, 185881, 530, 3520, 1, -4162.69, 505.787, 28.9088, 1.43117, 0, 0, 0.656058, 0.75471, 450, 255, 1),
(@GUID+183, 185881, 530, 3520, 1, -4143.87, 458.85, 32.479, 1.95477, 0, 0, 0.829038, 0.559193, 450, 255, 1),
(@GUID+184, 185881, 530, 3520, 1, -4116.71, 542.75, 17.7295, 4.03171, 0, 0, -0.902585, 0.430512, 450, 255, 1),
(@GUID+185, 185881, 530, 3520, 1, -4113.53, 473.452, 33.4408, 0.104719, 0, 0, 0.0523357, 0.99863, 450, 255, 1),
(@GUID+186, 185881, 530, 3520, 1, -4094.73, 373.8, 31.4659, 3.9619, 0, 0, -0.91706, 0.39875, 450, 255, 1),
-- Nethercite Deposit (185877)
(@GUID+187, 185877, 530, 3520, 1, -4094.22, 456.977, 30.5805, 4.18879, 0, 0, -0.866025, 0.500001, 450, 255, 1),
(@GUID+188, 185877, 530, 3520, 1, -4104.88, 599.296, 4.27204, 1.23918, 0, 0, 0.580703, 0.814116, 450, 255, 1),
(@GUID+189, 185877, 530, 3520, 1, -4308.03, 269.863, 128.466, 4.01426, 0, 0, -0.906307, 0.422619, 450, 255, 1),
(@GUID+190, 185877, 530, 3520, 1, -4888.58, 187.754, 45.9019, 1.13446, 0, 0, 0.537299, 0.843392, 450, 255, 1),
(@GUID+191, 185877, 530, 3520, 1, -4913.41, 710.029, 68.1203, 4.06662, 0, 0, -0.894934, 0.446199, 450, 255, 1),
(@GUID+192, 185877, 530, 3520, 1, -4922.5, 197.952, 63.1326, 0.890117, 0, 0, 0.43051, 0.902586, 450, 255, 1),
(@GUID+193, 185877, 530, 3520, 1, -4967.26, 589.661, 13.5339, 4.45059, 0, 0, -0.793353, 0.608762, 450, 255, 1),
(@GUID+194, 185877, 530, 3520, 1, -4974, 66.6007, 64.7468, 5.88176, 0, 0, -0.199367, 0.979925, 450, 255, 1),
(@GUID+195, 185877, 530, 3520, 1, -4982.16, 323.31, -1.66077, 3.07177, 0, 0, 0.999391, 0.0349061, 450, 255, 1),
(@GUID+196, 185877, 530, 3520, 1, -4982.21, 434.653, 6.61424, 1.69297, 0, 0, 0.748956, 0.66262, 450, 255, 1),
(@GUID+197, 185877, 530, 3520, 1, -4988.22, 219.199, -8.92974, 6.12611, 0, 0, -0.0784588, 0.996917, 450, 255, 1),
(@GUID+198, 185877, 530, 3520, 1, -4988.23, 167.875, -14.307, 0.453785, 0, 0, 0.224951, 0.97437, 450, 255, 1),
(@GUID+199, 185877, 530, 3520, 1, -4993.71, 490.135, -7.14347, 0.698131, 0, 0, 0.34202, 0.939693, 450, 255, 1),
(@GUID+200, 185877, 530, 3520, 1, -5029.19, 443.641, 86.8968, 2.14675, 0, 0, 0.878817, 0.47716, 450, 255, 1),
(@GUID+201, 185877, 530, 3520, 1, -5029.88, 625.001, 17.9749, 3.73501, 0, 0, -0.956305, 0.292372, 450, 255, 1),
(@GUID+202, 185877, 530, 3520, 1, -5057.16, 797.028, 54.9929, 2.54818, 0, 0, 0.956305, 0.292372, 450, 255, 1),
(@GUID+203, 185877, 530, 3520, 1, -5103.53, -97.9355, 69.9808, 4.66003, 0, 0, -0.725374, 0.688355, 450, 255, 1),
(@GUID+204, 185877, 530, 3520, 1, -5115.18, 349.677, -16.2853, 4.5204, 0, 0, -0.771625, 0.636078, 450, 255, 1),
(@GUID+205, 185877, 530, 3520, 1, -5121.94, 743.862, 70.6954, 5.48033, 0, 0, -0.390731, 0.920505, 450, 255, 1),
(@GUID+206, 185877, 530, 3520, 1, -5136.63, 912.589, 35.0102, 3.82227, 0, 0, -0.942641, 0.333808, 450, 255, 1),
(@GUID+207, 185877, 530, 3520, 1, -5140.78, 497.76, -13.7, 1.32645, 0, 0, 0.615661, 0.788011, 450, 255, 1),
(@GUID+208, 185877, 530, 3520, 1, -5147.91, 158.874, -10.5205, 1.64061, 0, 0, 0.731353, 0.681999, 450, 255, 1),
(@GUID+209, 185877, 530, 3520, 1, -5171.8, -14.0915, 81.9377, 0.541051, 0, 0, 0.267238, 0.963631, 450, 255, 1),
(@GUID+210, 185877, 530, 3520, 1, -5173.12, 374.285, 75.6265, 1.97222, 0, 0, 0.833885, 0.551938, 450, 255, 1),
(@GUID+211, 185877, 530, 3520, 1, -5180.41, 200.14, -13.6224, 0.785397, 0, 0, 0.382683, 0.92388, 450, 255, 1),
(@GUID+212, 185877, 530, 3520, 1, -5190.07, 205.77, 74.5371, 0.174532, 0, 0, 0.0871553, 0.996195, 450, 255, 1),
(@GUID+213, 185877, 530, 3520, 1, -5223.41, 794.442, 170.272, 0.837758, 0, 0, 0.406736, 0.913545, 450, 255, 1),
(@GUID+214, 185877, 530, 3520, 1, -5247.83, 245.788, -9.8592, 1.20428, 0, 0, 0.566406, 0.824126, 450, 255, 1),
(@GUID+215, 185877, 530, 3520, 1, -5296.79, 525.401, 34.1438, 3.97936, 0, 0, -0.913545, 0.406738, 450, 255, 1),
(@GUID+216, 185877, 530, 3520, 1, -5299.56, 377.137, 51.0671, 1.01229, 0, 0, 0.484809, 0.87462, 450, 255, 1),
(@GUID+217, 185877, 530, 3520, 1, -5394.73, 620.137, 88.6579, 2.28638, 0, 0, 0.909961, 0.414694, 450, 255, 1),
(@GUID+218, 185877, 530, 3520, 1, -5414.32, 494.163, 48.9216, 5.58505, 0, 0, -0.34202, 0.939693, 450, 255, 1),
-- Netherwing Egg (185915) - Dragonmaw Fortress (4)
(@GUID+219, 185915, 530, 3520, 1, -4159.2, 369.727, 142.105, 0.349065, 0, 0, 0.173648, 0.984808, 3600, 255, 1),
(@GUID+220, 185915, 530, 3520, 1, -4175.07, 300.02, 125.415, 4.64258, 0, 0, -0.731354, 0.681998, 3600, 255, 1),
(@GUID+221, 185915, 530, 3520, 1, -4190.31, 456.136, 30.5841, 5.42798, 0, 0, -0.414693, 0.909962, 3600, 255, 1),
(@GUID+222, 185915, 530, 3520, 1, -4197.24, 528.217, 29.2594, 4.66003, 0, 0, -0.725374, 0.688355, 3600, 255, 1),
(@GUID+223, 185915, 530, 3520, 1, -4234.24, 526.788, 78.4189, 3.85718, 0, 0, -0.936671, 0.35021, 3600, 255, 1),
(@GUID+224, 185915, 530, 3520, 1, -4239.12, 436.852, 49.3634, 2.89724, 0, 0, 0.992546, 0.12187, 3600, 255, 1),
(@GUID+225, 185915, 530, 3520, 1, -4244.83, 325.004, 134.417, 0.139625, 0, 0, 0.0697555, 0.997564, 3600, 255, 1),
(@GUID+226, 185915, 530, 3520, 1, -4138.3, 482.01, 60.3146, 3.08918, 0, 0, 0.999657, 0.0262017, 3600, 255, 1),
(@GUID+227, 185915, 530, 3520, 1, -4221.47, 370.147, 136.232, 2.11185, 0, 0, 0.870356, 0.492424, 3600, 255, 1),
(@GUID+228, 185915, 530, 3520, 1, -4141.23, 468.919, 32.5995, 0.872664, 0, 0, 0.422618, 0.906308, 3600, 255, 1),
(@GUID+229, 185915, 530, 3520, 1, -4094.41, 395.824, 30.4273, 0.331611, 0, 0, 0.165047, 0.986286, 3600, 255, 1),
(@GUID+230, 185915, 530, 3520, 1, -4286.16, 408.836, 129.779, 1.36136, 0, 0, 0.62932, 0.777146, 3600, 255, 1),
-- Netherwing Eggs (185915) - Netherwing Ledge (7)
(@GUID+231, 185915, 530, 3520, 1, -4930.13, 41.446, 61.4424, 1.88495, 0, 0, 0.809016, 0.587786, 3600, 255, 1),
(@GUID+232, 185915, 530, 3520, 1, -5103.11, 707.979, 85.0428, 0.279252, 0, 0, 0.139173, 0.990268, 3600, 255, 1),
(@GUID+233, 185915, 530, 3520, 1, -4866.49, -112.199, 62.6526, 4.43314, 0, 0, -0.798635, 0.601815, 3600, 255, 1),
(@GUID+234, 185915, 530, 3520, 1, -4922.48, -70.154, 123.481, 5.23599, 0, 0, -0.5, 0.866025, 3600, 255, 1),
(@GUID+235, 185915, 530, 3520, 1, -5103.52, 64.5565, 81.2546, 4.27606, 0, 0, -0.843391, 0.5373, 3600, 255, 1),
(@GUID+236, 185915, 530, 3520, 1, -5308.66, 394.053, 46.499, 5.15053, 0, 0, 0.536535, -0.843878, 3600, 255, 1),
(@GUID+237, 185915, 530, 3520, 1, -5054.15, 788.018, 56.7731, 0.860593, 0, 0, 0.41714, 0.908842, 3600, 255, 1),
(@GUID+238, 185915, 530, 3520, 1, -4936.54, 744.955, 123.693, 0.535405, 0, 0, 0.264517, 0.964381, 3600, 255, 1),
(@GUID+239, 185915, 530, 3520, 1, -5018.59, 759.192, 132.643, 2.72274, 0, 0, 0.97815, 0.2079, 3600, 255, 1),
(@GUID+240, 185915, 530, 3520, 1, -5058.2, 731.691, 146.694, 3.47671, 0, 0, 0.985995, -0.166777, 3600, 255, 1),
(@GUID+241, 185915, 530, 3520, 1, -4964.88, 171.673, 123.666, 4.40597, 0, 0, 0.806738, -0.59091, 3600, 255, 1),
(@GUID+242, 185915, 530, 3520, 1, -4949.78, 290.124, 115.715, 0.669819, 0, 0, 0.328684, 0.94444, 3600, 255, 1),
(@GUID+243, 185915, 530, 3520, 1, -5137.33, 165.547, 157.05, 1.64921, 0, 0, 0.73428, 0.678847, 3600, 255, 1),
(@GUID+244, 185915, 530, 3520, 1, -5144.73, 189.016, 150.898, 0.054852, 0, 0, 0.0274226, 0.999624, 3600, 255, 1),
(@GUID+245, 185915, 530, 3520, 1, -5319.04, 184.91, 55.1636, 5.1716, 0, 0, 0.527619, -0.849481, 3600, 255, 1),
(@GUID+246, 185915, 530, 3520, 1, -5046.01, 330.714, 172.475, 3.43587, 0, 0, 0.989195, -0.146609, 3600, 255, 1),
(@GUID+247, 185915, 530, 3520, 1, -5042.42, 402.531, 175.591, 4.37848, 0, 0, 0.814783, -0.579767, 3600, 255, 1),
(@GUID+248, 185915, 530, 3520, 1, -5135.77, 104.896, 142.188, 3.23179, 0, 0, 0.998983, -0.0450826, 3600, 255, 1),
(@GUID+249, 185915, 530, 3520, 1, -5065.14, 116.682, 170.545, 4.05313, 0, 0, 0.898055, -0.439884, 3600, 255, 1),
(@GUID+250, 185915, 530, 3520, 1, -5098.13, 383.002, 231.763, 5.10103, 0, 0, 0.557255, -0.830342, 3600, 255, 1),
(@GUID+251, 185915, 530, 3520, 1, -5448.83, -24.3292, 110.702, 2.00713, 0, 0, 0.843391, 0.5373, 3600, 255, 1),
(@GUID+252, 185915, 530, 3520, 1, -5260.72, 186.911, 128.841, 5.20108, 0, 0, -0.515037, 0.857168, 3600, 255, 1),
(@GUID+253, 185915, 530, 3520, 1, -5303.76, 544.032, 34.0402, 2.42601, 0, 0, 0.936672, 0.350207, 3600, 255, 1),
(@GUID+254, 185915, 530, 3520, 1, -5308.35, 57.9292, 110.024, 1.11701, 0, 0, 0.529919, 0.848048, 3600, 255, 1),
(@GUID+255, 185915, 530, 3520, 1, -5341.82, -43.5872, 90.3481, 3.29869, 0, 0, -0.996917, 0.0784664, 3600, 255, 1),
(@GUID+256, 185915, 530, 3520, 1, -5397.3, 612.787, 85.1582, 3.927, 0, 0, -0.923879, 0.382686, 3600, 255, 1),
(@GUID+257, 185915, 530, 3520, 1, -5418.63, 477.225, 46.6154, 2.47837, 0, 0, 0.945518, 0.325568, 3600, 255, 1),
(@GUID+258, 185915, 530, 3520, 1, -5215.15, 322.214, 123.416, 3.08918, 0, 0, 0.999657, 0.0262017, 3600, 255, 1),
(@GUID+259, 185915, 530, 3520, 1, -5228.35, 798.669, 173.603, 3.00195, 0, 0, 0.997563, 0.0697661, 3600, 255, 1),
(@GUID+260, 185915, 530, 3520, 1, -5174.38, -152.213, 51.7318, 2.56563, 0, 0, 0.958819, 0.284016, 3600, 255, 1),
(@GUID+261, 185915, 530, 3520, 1, -5143.51, 190.458, 150.333, 0.750491, 0, 0, 0.366501, 0.930418, 3600, 255, 1),
(@GUID+262, 185915, 530, 3520, 1, -5117.88, 294.901, 159.32, 1.15192, 0, 0, 0.544639, 0.838671, 3600, 255, 1),
(@GUID+263, 185915, 530, 3520, 1, -5117.35, -109.776, 68.2887, 4.97419, 0, 0, -0.608761, 0.793354, 3600, 255, 1),
(@GUID+264, 185915, 530, 3520, 1, -5096.4, -29.9565, 169.821, 0.418879, 0, 0, 0.207912, 0.978148, 3600, 255, 1),
(@GUID+265, 185915, 530, 3520, 1, -5055.72, 623.2, 89.5802, 0.0174525, 0, 0, 0.00872612, 0.999962, 3600, 255, 1),
(@GUID+266, 185915, 530, 3520, 1, -5084.45, 139.49, 130.919, 0.645772, 0, 0, 0.317305, 0.948324, 3600, 255, 1),
(@GUID+267, 185915, 530, 3520, 1, -5034.84, 612.646, 184.41, 2.9845, 0, 0, 0.996917, 0.0784664, 3600, 255, 1),
(@GUID+268, 185915, 530, 3520, 1, -5026.72, 347.3, 170.65, 4.71239, 0, 0, -0.707107, 0.707107, 3600, 255, 1),
(@GUID+269, 185915, 530, 3520, 1, -5023.42, 589.374, 163.848, 1.83259, 0, 0, 0.793353, 0.608762, 3600, 255, 1),
(@GUID+270, 185915, 530, 3520, 1, -5003.99, -113.395, -4.66754, 0.244346, 0, 0, 0.530934, 0.992546, 3600, 255, 1),
(@GUID+271, 185915, 530, 3520, 1, -5004.11, 14.8037, 76.3614, 4.67748, 0, 0, -0.719339, 0.694659, 3600, 255, 1),
(@GUID+272, 185915, 530, 3520, 1, -5017.84, 232.669, 109.655, 4.95674, 0, 0, -0.615661, 0.788011, 3600, 255, 1),
(@GUID+273, 185915, 530, 3520, 1, -4972.33, 87.7207, 61.2606, 1.22173, 0, 0, 0.573576, 0.819152, 3600, 255, 1),
(@GUID+274, 185915, 530, 3520, 1, -4987.07, 735.798, 81.0512, 1.93731, 0, 0, 0.824125, 0.566408, 3600, 255, 1),
(@GUID+275, 185915, 530, 3520, 1, -4968.88, 144.102, 94.8483, 5.42798, 0, 0, -0.414693, 0.909962, 3600, 255, 1),
(@GUID+276, 185915, 530, 3520, 1, -4934.19, 323.557, 138.55, 4.18879, 0, 0, -0.866025, 0.500001, 3600, 255, 1),
(@GUID+277, 185915, 530, 3520, 1, -4947.62, 477.917, 144.214, 3.24635, 0, 0, -0.998629, 0.0523532, 3600, 255, 1),
(@GUID+278, 185915, 530, 3520, 1, -4689.66, 771.303, 25.2163, 4.01426, 0, 0, -0.906307, 0.422619, 3600, 255, 1),
(@GUID+279, 185915, 530, 3520, 1, -4817.81, 933.67, -14.7275, 0.0523589, 0, 0, 0.0261765, 0.999657, 3600, 255, 1),
(@GUID+280, 185915, 530, 3520, 1, -5394.55, 624.369, 90.2262, 0.0109606, 0, 0, 0, 0, 3600, 255, 1),
(@GUID+281, 185915, 530, 3520, 1, -5418.32, 479.169, 46.8964, 0.333759, 0, 0, 0, 0, 3600, 255, 1),
(@GUID+282, 185915, 530, 3520, 1, -5175.32, -143.933, 57.6825, 2.89729, 0, 0, 0, 0, 3600, 255, 1),
(@GUID+283, 185915, 530, 3520, 1, -5127.7, 921.891, 31.0533, 4.87886, 0, 0, 0, 0, 3600, 255, 1),
(@GUID+284, 185915, 530, 3520, 1, -5287.05, 540.014, 38.6798, 4.90792, 0, 0, 0, 0, 3600, 255, 1),
(@GUID+285, 185915, 530, 3520, 1, -4771.52, 866.079, 98.9096, 0.249722, 0, 0, 0, 0, 3600, 255, 1),
-- Netherwing Eggs (185915) - Netherwing Mine (5)
(@GUID+286, 185915, 530, 3520, 1, -4856.32, 467.917, -5.42577, 4.72984, 0, 0, -0.700909, 0.713251, 3600, 255, 1),
(@GUID+287, 185915, 530, 3520, 1, -4883.4, 404.646, -5.77738, 1.95477, 0, 0, 0.829038, 0.559193, 3600, 255, 1),
(@GUID+288, 185915, 530, 3520, 1, -4901.97, 597.292, 4.66352, 0.418879, 0, 0, 0.207912, 0.978148, 3600, 255, 1),
(@GUID+289, 185915, 530, 3520, 1, -4931.31, 426.105, 0.003176, 1.43117, 0, 0, 0.656058, 0.75471, 3600, 255, 1),
(@GUID+290, 185915, 530, 3520, 1, -4957.64, 382.887, -2.43409, 1.46608, 0, 0, 0.66913, 0.743145, 3600, 255, 1),
(@GUID+291, 185915, 530, 3520, 1, -4959.43, 646.737, 18.4241, 0.85521, 0, 0, 0.414693, 0.909962, 3600, 255, 1),
(@GUID+292, 185915, 530, 3520, 1, -4960.82, 216.069, -11.42, 5.84685, 0, 0, -0.216439, 0.976296, 3600, 255, 1),
(@GUID+293, 185915, 530, 3520, 1, -4971.98, 487.725, 5.24322, 4.57276, 0, 0, -0.754709, 0.656059, 3600, 255, 1),
(@GUID+294, 185915, 530, 3520, 1, -4993.62, 157.017, -14.6653, 5.55015, 0, 0, -0.358368, 0.933581, 3600, 255, 1),
(@GUID+295, 185915, 530, 3520, 1, -4996.78, 669.637, 23.5955, 0.523598, 0, 0, 0.258819, 0.965926, 3600, 255, 1),
(@GUID+296, 185915, 530, 3520, 1, -5012.23, 435.849, -8.50751, 1.98967, 0, 0, 0.83867, 0.54464, 3600, 255, 1),
(@GUID+297, 185915, 530, 3520, 1, -5013.82, 447.382, 17.7421, 1.91986, 0, 0, 0.819152, 0.573577, 3600, 255, 1),
(@GUID+298, 185915, 530, 3520, 1, -5019.65, 654.349, 23.1631, 5.75959, 0, 0, -0.258819, 0.965926, 3600, 255, 1),
(@GUID+299, 185915, 530, 3520, 1, -5025.03, 359.934, 1.24235, 1.44862, 0, 0, 0.66262, 0.748956, 3600, 255, 1),
(@GUID+300, 185915, 530, 3520, 1, -5031.91, 289.691, 4.98487, 0.541051, 0, 0, 0.267238, 0.963631, 3600, 255, 1),
(@GUID+301, 185915, 530, 3520, 1, -5039.54, 415.692, -10.7986, 5.5676, 0, 0, -0.350207, 0.936672, 3600, 255, 1),
(@GUID+302, 185915, 530, 3520, 1, -5053.39, 312.4, 5.84981, 5.20108, 0, 0, -0.515037, 0.857168, 3600, 255, 1),
(@GUID+303, 185915, 530, 3520, 1, -5061.81, 640.964, 29.3313, 6.03884, 0, 0, -0.530934, 0.992546, 3600, 255, 1),
(@GUID+304, 185915, 530, 3520, 1, -5068.72, 178.252, -8.99214, 0.436332, 0, 0, 0.216439, 0.976296, 3600, 255, 1),
(@GUID+305, 185915, 530, 3520, 1, -5071.84, 663.63, 33.1395, 1.90241, 0, 0, 0.814116, 0.580703, 3600, 255, 1),
(@GUID+306, 185915, 530, 3520, 1, -5080.83, 491.369, -9.40129, 0.383971, 0, 0, 0.190808, 0.981627, 3600, 255, 1),
(@GUID+307, 185915, 530, 3520, 1, -5089.8, 336.709, 4.87949, 4.41568, 0, 0, -0.803857, 0.594823, 3600, 255, 1),
(@GUID+308, 185915, 530, 3520, 1, -5093.74, 439.616, -5.25503, 5.8294, 0, 0, -0.224951, 0.97437, 3600, 255, 1),
(@GUID+309, 185915, 530, 3520, 1, -5095.69, 641.456, 32.7262, 2.79252, 0, 0, 0.984807, 0.173652, 3600, 255, 1),
(@GUID+310, 185915, 530, 3520, 1, -5096.63, 151.436, -11.3379, 1.09956, 0, 0, 0.522498, 0.852641, 3600, 255, 1),
(@GUID+311, 185915, 530, 3520, 1, -5100.64, 166.182, -8.61069, 3.61284, 0, 0, -0.972369, 0.233448, 3600, 255, 1),
(@GUID+312, 185915, 530, 3520, 1, -5101.15, 166.01, -8.3702, 3.8751, 0, 0, -0.636078, 0.771625, 3600, 255, 1),
(@GUID+313, 185915, 530, 3520, 1, -5109.37, 524.847, -10.3982, 4.85202, 0, 0, -0.656058, 0.75471, 3600, 255, 1),
(@GUID+314, 185915, 530, 3520, 1, -5136.7, 353.425, -18.5068, 5.61996, 0, 0, -0.325567, 0.945519, 3600, 255, 1),
(@GUID+315, 185915, 530, 3520, 1, -5149.71, 671.502, 41.1243, 1.43117, 0, 0, 0.656058, 0.75471, 3600, 255, 1),
(@GUID+316, 185915, 530, 3520, 1, -5152.54, 707.566, 43.6404, 4.04917, 0, 0, -0.898793, 0.438373, 3600, 255, 1),
(@GUID+317, 185915, 530, 3520, 1, -5164.58, 615.068, 36.5102, 1.69297, 0, 0, 0.748956, 0.66262, 3600, 255, 1),
(@GUID+318, 185915, 530, 3520, 1, -5170.73, 251.741, -32.0139, 2.87979, 0, 0, 0.991445, 0.130528, 3600, 255, 1),
(@GUID+319, 185915, 530, 3520, 1, -5179.29, 363.463, -20.2674, 0.0698117, 0, 0, 0.0348988, 0.999391, 3600, 255, 1),
(@GUID+320, 185915, 530, 3520, 1, -5182.99, 424.538, -10.4361, 0.226893, 0, 0, 0.113203, 0.993572, 3600, 255, 1),
(@GUID+321, 185915, 530, 3520, 1, -5189.28, 123.318, -11.8921, 5.46288, 0, 0, -0.398748, 0.91706, 3600, 255, 1),
(@GUID+322, 185915, 530, 3520, 1, -5199.03, 624.213, 45.1267, 0.506145, 0, 0, 0.25038, 0.968148, 3600, 255, 1),
(@GUID+323, 185915, 530, 3520, 1, -5238, 137.927, -13.1254, 3.927, 0, 0, -0.923879, 0.382686, 3600, 255, 1),
(@GUID+324, 185915, 530, 3520, 1, -4961.22, 326.443, -3.23122, 3.4383, 0, 0, -0.989016, 0.147811, 3600, 255, 1),
(@GUID+325, 185915, 530, 3520, 1, -5121.47, 411.855, -11.8601, 4.17134, 0, 0, -0.870356, 0.492424, 3600, 255, 1),
(@GUID+326, 185915, 530, 3520, 1, -5115.41, 250.248, -33.759, 0.994837, 0, 0, 0.477158, 0.878817, 3600, 255, 1),
(@GUID+327, 185915, 530, 3520, 1, -5148.45, 136.622, -13.8303, 4.90438, 0, 0, -0.636078, 0.771625, 3600, 255, 1),
(@GUID+328, 185915, 530, 3520, 1, -5128.44, 694.609, 40.3193, 3.50812, 0, 0, -0.983254, 0.182238, 3600, 255, 1),
(@GUID+329, 185915, 530, 3520, 1, -4955.09, 545.788, 7.66699, 1.16937, 0, 0, 0.551936, 0.833886, 3600, 255, 1),
(@GUID+330, 185915, 530, 3520, 1, -5029.06, 700.02, 19.1022, 4.90438, 0, 0, -0.636078, 0.771625, 3600, 255, 1),
(@GUID+331, 185915, 530, 3520, 1, -4987.64, 451.117, 6.23003, 5.28835, 0, 0, -0.477158, 0.878817, 3600, 255, 1),
(@GUID+332, 185915, 530, 3520, 1, -5052.35, 121.676, -16.9854, 5.81195, 0, 0, -0.233445, 0.97237, 3600, 255, 1),
(@GUID+333, 185915, 530, 3520, 1, -5151.29, 492.122, -12.8063, 1.23918, 0, 0, 0.580703, 0.814116, 3600, 255, 1),
(@GUID+334, 185915, 530, 3520, 1, -4962.26, 580.082, 12.6127, 4.66003, 0, 0, -0.725374, 0.688355, 3600, 255, 1),
(@GUID+335, 185915, 530, 3520, 1, -5017.81, 237.62, -6.4276, 3.89209, 0, 0, -0.930417, 0.366502, 3600, 255, 1),
(@GUID+336, 185915, 530, 3520, 1, -5117.96, 89.7627, -12.0527, 5.32326, 0, 0, -0.461748, 0.887011, 3600, 255, 1),
(@GUID+337, 185915, 530, 3520, 1, -4911.07, 316.849, -11.5435, 1.3439, 0, 0, 0.622514, 0.782609, 3600, 255, 1),
(@GUID+338, 185915, 530, 3520, 1, -4928.36, 288.022, -12.45, 2.51327, 0, 0, 0.951056, 0.309017, 3600, 255, 1);

-- Pooling
DELETE FROM `pool_template` WHERE `description` LIKE '%Nether%' AND `entry` BETWEEN @POOL+0 AND @POOL+5;
INSERT INTO `pool_template` (`entry`, `max_limit`, `description`) VALUES
(@POOL+0, 40, 'Nethervine Crystal (185182)'),
(@POOL+1, 17, 'Netherdust Bush (185881)'),
(@POOL+2, 8 , 'Nethercite Deposit (185877)'),
(@POOL+3, 4 , 'Netherwing Egg (185915) - Dragonmaw Fortress'),
(@POOL+4, 7 , 'Netherwing Egg (185915) - Netherwing Ledge'),
(@POOL+5, 5 , 'Netherwing Egg (185915) - Netherwing Mine');

DELETE FROM `pool_gameobject` WHERE `description` LIKE '%Nether%' AND `guid` BETWEEN @GUID+0 AND @GUID+338 AND `pool_entry` BETWEEN @POOL+0 AND @POOL+5;
INSERT INTO `pool_gameobject` (`guid`, `pool_entry`, `chance`, `description`) VALUES
(@GUID+0  , @POOL+0, 0, 'Nethervine Crystal (185182)'),
(@GUID+1  , @POOL+0, 0, 'Nethervine Crystal (185182)'),
(@GUID+2  , @POOL+0, 0, 'Nethervine Crystal (185182)'),
(@GUID+3  , @POOL+0, 0, 'Nethervine Crystal (185182)'),
(@GUID+4  , @POOL+0, 0, 'Nethervine Crystal (185182)'),
(@GUID+5  , @POOL+0, 0, 'Nethervine Crystal (185182)'),
(@GUID+6  , @POOL+0, 0, 'Nethervine Crystal (185182)'),
(@GUID+7  , @POOL+0, 0, 'Nethervine Crystal (185182)'),
(@GUID+8  , @POOL+0, 0, 'Nethervine Crystal (185182)'),
(@GUID+9  , @POOL+0, 0, 'Nethervine Crystal (185182)'),
(@GUID+10 , @POOL+0, 0, 'Nethervine Crystal (185182)'),
(@GUID+11 , @POOL+0, 0, 'Nethervine Crystal (185182)'),
(@GUID+12 , @POOL+0, 0, 'Nethervine Crystal (185182)'),
(@GUID+13 , @POOL+0, 0, 'Nethervine Crystal (185182)'),
(@GUID+14 , @POOL+0, 0, 'Nethervine Crystal (185182)'),
(@GUID+15 , @POOL+0, 0, 'Nethervine Crystal (185182)'),
(@GUID+16 , @POOL+0, 0, 'Nethervine Crystal (185182)'),
(@GUID+17 , @POOL+0, 0, 'Nethervine Crystal (185182)'),
(@GUID+18 , @POOL+0, 0, 'Nethervine Crystal (185182)'),
(@GUID+19 , @POOL+0, 0, 'Nethervine Crystal (185182)'),
(@GUID+20 , @POOL+0, 0, 'Nethervine Crystal (185182)'),
(@GUID+21 , @POOL+0, 0, 'Nethervine Crystal (185182)'),
(@GUID+22 , @POOL+0, 0, 'Nethervine Crystal (185182)'),
(@GUID+23 , @POOL+0, 0, 'Nethervine Crystal (185182)'),
(@GUID+24 , @POOL+0, 0, 'Nethervine Crystal (185182)'),
(@GUID+25 , @POOL+0, 0, 'Nethervine Crystal (185182)'),
(@GUID+26 , @POOL+0, 0, 'Nethervine Crystal (185182)'),
(@GUID+27 , @POOL+0, 0, 'Nethervine Crystal (185182)'),
(@GUID+28 , @POOL+0, 0, 'Nethervine Crystal (185182)'),
(@GUID+29 , @POOL+0, 0, 'Nethervine Crystal (185182)'),
(@GUID+30 , @POOL+0, 0, 'Nethervine Crystal (185182)'),
(@GUID+31 , @POOL+0, 0, 'Nethervine Crystal (185182)'),
(@GUID+32 , @POOL+0, 0, 'Nethervine Crystal (185182)'),
(@GUID+33 , @POOL+0, 0, 'Nethervine Crystal (185182)'),
(@GUID+34 , @POOL+0, 0, 'Nethervine Crystal (185182)'),
(@GUID+35 , @POOL+0, 0, 'Nethervine Crystal (185182)'),
(@GUID+36 , @POOL+0, 0, 'Nethervine Crystal (185182)'),
(@GUID+37 , @POOL+0, 0, 'Nethervine Crystal (185182)'),
(@GUID+38 , @POOL+0, 0, 'Nethervine Crystal (185182)'),
(@GUID+39 , @POOL+0, 0, 'Nethervine Crystal (185182)'),
(@GUID+40 , @POOL+0, 0, 'Nethervine Crystal (185182)'),
(@GUID+41 , @POOL+0, 0, 'Nethervine Crystal (185182)'),
(@GUID+42 , @POOL+0, 0, 'Nethervine Crystal (185182)'),
(@GUID+43 , @POOL+0, 0, 'Nethervine Crystal (185182)'),
(@GUID+44 , @POOL+0, 0, 'Nethervine Crystal (185182)'),
(@GUID+45 , @POOL+0, 0, 'Nethervine Crystal (185182)'),
(@GUID+46 , @POOL+0, 0, 'Nethervine Crystal (185182)'),
(@GUID+47 , @POOL+0, 0, 'Nethervine Crystal (185182)'),
(@GUID+48 , @POOL+0, 0, 'Nethervine Crystal (185182)'),
(@GUID+49 , @POOL+0, 0, 'Nethervine Crystal (185182)'),
(@GUID+50 , @POOL+0, 0, 'Nethervine Crystal (185182)'),
(@GUID+51 , @POOL+0, 0, 'Nethervine Crystal (185182)'),
(@GUID+52 , @POOL+0, 0, 'Nethervine Crystal (185182)'),
(@GUID+53 , @POOL+0, 0, 'Nethervine Crystal (185182)'),
(@GUID+54 , @POOL+0, 0, 'Nethervine Crystal (185182)'),
(@GUID+55 , @POOL+0, 0, 'Nethervine Crystal (185182)'),
(@GUID+56 , @POOL+0, 0, 'Nethervine Crystal (185182)'),
(@GUID+57 , @POOL+0, 0, 'Nethervine Crystal (185182)'),
(@GUID+58 , @POOL+0, 0, 'Nethervine Crystal (185182)'),
(@GUID+59 , @POOL+0, 0, 'Nethervine Crystal (185182)'),
(@GUID+60 , @POOL+0, 0, 'Nethervine Crystal (185182)'),
(@GUID+61 , @POOL+0, 0, 'Nethervine Crystal (185182)'),
(@GUID+62 , @POOL+0, 0, 'Nethervine Crystal (185182)'),
(@GUID+63 , @POOL+0, 0, 'Nethervine Crystal (185182)'),
(@GUID+64 , @POOL+0, 0, 'Nethervine Crystal (185182)'),
(@GUID+65 , @POOL+0, 0, 'Nethervine Crystal (185182)'),
(@GUID+66 , @POOL+0, 0, 'Nethervine Crystal (185182)'),
(@GUID+67 , @POOL+0, 0, 'Nethervine Crystal (185182)'),
(@GUID+68 , @POOL+0, 0, 'Nethervine Crystal (185182)'),
(@GUID+69 , @POOL+0, 0, 'Nethervine Crystal (185182)'),
(@GUID+70 , @POOL+0, 0, 'Nethervine Crystal (185182)'),
(@GUID+71 , @POOL+0, 0, 'Nethervine Crystal (185182)'),
(@GUID+72 , @POOL+0, 0, 'Nethervine Crystal (185182)'),
(@GUID+73 , @POOL+0, 0, 'Nethervine Crystal (185182)'),
(@GUID+74 , @POOL+0, 0, 'Nethervine Crystal (185182)'),
(@GUID+75 , @POOL+0, 0, 'Nethervine Crystal (185182)'),
(@GUID+76 , @POOL+0, 0, 'Nethervine Crystal (185182)'),
(@GUID+77 , @POOL+0, 0, 'Nethervine Crystal (185182)'),
(@GUID+78 , @POOL+0, 0, 'Nethervine Crystal (185182)'),
(@GUID+79 , @POOL+0, 0, 'Nethervine Crystal (185182)'),
(@GUID+80 , @POOL+0, 0, 'Nethervine Crystal (185182)'),
(@GUID+81 , @POOL+0, 0, 'Nethervine Crystal (185182)'),
(@GUID+82 , @POOL+0, 0, 'Nethervine Crystal (185182)'),
(@GUID+83 , @POOL+0, 0, 'Nethervine Crystal (185182)'),
(@GUID+84 , @POOL+0, 0, 'Nethervine Crystal (185182)'),
(@GUID+85 , @POOL+0, 0, 'Nethervine Crystal (185182)'),
(@GUID+86 , @POOL+0, 0, 'Nethervine Crystal (185182)'),
(@GUID+87 , @POOL+0, 0, 'Nethervine Crystal (185182)'),
(@GUID+88 , @POOL+0, 0, 'Nethervine Crystal (185182)'),
(@GUID+89 , @POOL+0, 0, 'Nethervine Crystal (185182)'),
(@GUID+90 , @POOL+0, 0, 'Nethervine Crystal (185182)'),
(@GUID+91 , @POOL+0, 0, 'Nethervine Crystal (185182)'),
(@GUID+92 , @POOL+0, 0, 'Nethervine Crystal (185182)'),
(@GUID+93 , @POOL+0, 0, 'Nethervine Crystal (185182)'),
(@GUID+94 , @POOL+0, 0, 'Nethervine Crystal (185182)'),
(@GUID+95 , @POOL+0, 0, 'Nethervine Crystal (185182)'),
(@GUID+96 , @POOL+0, 0, 'Nethervine Crystal (185182)'),
(@GUID+97 , @POOL+0, 0, 'Nethervine Crystal (185182)'),
(@GUID+98 , @POOL+0, 0, 'Nethervine Crystal (185182)'),
(@GUID+99 , @POOL+0, 0, 'Nethervine Crystal (185182)'),
(@GUID+100, @POOL+0, 0, 'Nethervine Crystal (185182)'),
(@GUID+101, @POOL+1, 0, 'Netherdust Bush (185881)'),
(@GUID+102, @POOL+1, 0, 'Netherdust Bush (185881)'),
(@GUID+103, @POOL+1, 0, 'Netherdust Bush (185881)'),
(@GUID+104, @POOL+1, 0, 'Netherdust Bush (185881)'),
(@GUID+105, @POOL+1, 0, 'Netherdust Bush (185881)'),
(@GUID+106, @POOL+1, 0, 'Netherdust Bush (185881)'),
(@GUID+107, @POOL+1, 0, 'Netherdust Bush (185881)'),
(@GUID+108, @POOL+1, 0, 'Netherdust Bush (185881)'),
(@GUID+109, @POOL+1, 0, 'Netherdust Bush (185881)'),
(@GUID+110, @POOL+1, 0, 'Netherdust Bush (185881)'),
(@GUID+111, @POOL+1, 0, 'Netherdust Bush (185881)'),
(@GUID+112, @POOL+1, 0, 'Netherdust Bush (185881)'),
(@GUID+113, @POOL+1, 0, 'Netherdust Bush (185881)'),
(@GUID+114, @POOL+1, 0, 'Netherdust Bush (185881)'),
(@GUID+115, @POOL+1, 0, 'Netherdust Bush (185881)'),
(@GUID+116, @POOL+1, 0, 'Netherdust Bush (185881)'),
(@GUID+117, @POOL+1, 0, 'Netherdust Bush (185881)'),
(@GUID+118, @POOL+1, 0, 'Netherdust Bush (185881)'),
(@GUID+119, @POOL+1, 0, 'Netherdust Bush (185881)'),
(@GUID+120, @POOL+1, 0, 'Netherdust Bush (185881)'),
(@GUID+121, @POOL+1, 0, 'Netherdust Bush (185881)'),
(@GUID+122, @POOL+1, 0, 'Netherdust Bush (185881)'),
(@GUID+123, @POOL+1, 0, 'Netherdust Bush (185881)'),
(@GUID+124, @POOL+1, 0, 'Netherdust Bush (185881)'),
(@GUID+125, @POOL+1, 0, 'Netherdust Bush (185881)'),
(@GUID+126, @POOL+1, 0, 'Netherdust Bush (185881)'),
(@GUID+127, @POOL+1, 0, 'Netherdust Bush (185881)'),
(@GUID+128, @POOL+1, 0, 'Netherdust Bush (185881)'),
(@GUID+129, @POOL+1, 0, 'Netherdust Bush (185881)'),
(@GUID+130, @POOL+1, 0, 'Netherdust Bush (185881)'),
(@GUID+131, @POOL+1, 0, 'Netherdust Bush (185881)'),
(@GUID+132, @POOL+1, 0, 'Netherdust Bush (185881)'),
(@GUID+133, @POOL+1, 0, 'Netherdust Bush (185881)'),
(@GUID+134, @POOL+1, 0, 'Netherdust Bush (185881)'),
(@GUID+135, @POOL+1, 0, 'Netherdust Bush (185881)'),
(@GUID+136, @POOL+1, 0, 'Netherdust Bush (185881)'),
(@GUID+137, @POOL+1, 0, 'Netherdust Bush (185881)'),
(@GUID+138, @POOL+1, 0, 'Netherdust Bush (185881)'),
(@GUID+139, @POOL+1, 0, 'Netherdust Bush (185881)'),
(@GUID+140, @POOL+1, 0, 'Netherdust Bush (185881)'),
(@GUID+141, @POOL+1, 0, 'Netherdust Bush (185881)'),
(@GUID+142, @POOL+1, 0, 'Netherdust Bush (185881)'),
(@GUID+143, @POOL+1, 0, 'Netherdust Bush (185881)'),
(@GUID+144, @POOL+1, 0, 'Netherdust Bush (185881)'),
(@GUID+145, @POOL+1, 0, 'Netherdust Bush (185881)'),
(@GUID+146, @POOL+1, 0, 'Netherdust Bush (185881)'),
(@GUID+147, @POOL+1, 0, 'Netherdust Bush (185881)'),
(@GUID+148, @POOL+1, 0, 'Netherdust Bush (185881)'),
(@GUID+149, @POOL+1, 0, 'Netherdust Bush (185881)'),
(@GUID+150, @POOL+1, 0, 'Netherdust Bush (185881)'),
(@GUID+151, @POOL+1, 0, 'Netherdust Bush (185881)'),
(@GUID+152, @POOL+1, 0, 'Netherdust Bush (185881)'),
(@GUID+153, @POOL+1, 0, 'Netherdust Bush (185881)'),
(@GUID+154, @POOL+1, 0, 'Netherdust Bush (185881)'),
(@GUID+155, @POOL+1, 0, 'Netherdust Bush (185881)'),
(@GUID+156, @POOL+1, 0, 'Netherdust Bush (185881)'),
(@GUID+157, @POOL+1, 0, 'Netherdust Bush (185881)'),
(@GUID+158, @POOL+1, 0, 'Netherdust Bush (185881)'),
(@GUID+159, @POOL+1, 0, 'Netherdust Bush (185881)'),
(@GUID+160, @POOL+1, 0, 'Netherdust Bush (185881)'),
(@GUID+161, @POOL+1, 0, 'Netherdust Bush (185881)'),
(@GUID+162, @POOL+1, 0, 'Netherdust Bush (185881)'),
(@GUID+163, @POOL+1, 0, 'Netherdust Bush (185881)'),
(@GUID+164, @POOL+1, 0, 'Netherdust Bush (185881)'),
(@GUID+165, @POOL+1, 0, 'Netherdust Bush (185881)'),
(@GUID+166, @POOL+1, 0, 'Netherdust Bush (185881)'),
(@GUID+167, @POOL+1, 0, 'Netherdust Bush (185881)'),
(@GUID+168, @POOL+1, 0, 'Netherdust Bush (185881)'),
(@GUID+169, @POOL+1, 0, 'Netherdust Bush (185881)'),
(@GUID+170, @POOL+1, 0, 'Netherdust Bush (185881)'),
(@GUID+171, @POOL+1, 0, 'Netherdust Bush (185881)'),
(@GUID+172, @POOL+1, 0, 'Netherdust Bush (185881)'),
(@GUID+173, @POOL+1, 0, 'Netherdust Bush (185881)'),
(@GUID+174, @POOL+1, 0, 'Netherdust Bush (185881)'),
(@GUID+175, @POOL+1, 0, 'Netherdust Bush (185881)'),
(@GUID+176, @POOL+1, 0, 'Netherdust Bush (185881)'),
(@GUID+177, @POOL+1, 0, 'Netherdust Bush (185881)'),
(@GUID+178, @POOL+1, 0, 'Netherdust Bush (185881)'),
(@GUID+179, @POOL+1, 0, 'Netherdust Bush (185881)'),
(@GUID+180, @POOL+1, 0, 'Netherdust Bush (185881)'),
(@GUID+181, @POOL+1, 0, 'Netherdust Bush (185881)'),
(@GUID+182, @POOL+1, 0, 'Netherdust Bush (185881)'),
(@GUID+183, @POOL+1, 0, 'Netherdust Bush (185881)'),
(@GUID+184, @POOL+1, 0, 'Netherdust Bush (185881)'),
(@GUID+185, @POOL+1, 0, 'Netherdust Bush (185881)'),
(@GUID+186, @POOL+1, 0, 'Netherdust Bush (185881)'),
(@GUID+187, @POOL+2, 0, 'Nethercite Deposit (185877)'),
(@GUID+188, @POOL+2, 0, 'Nethercite Deposit (185877)'),
(@GUID+189, @POOL+2, 0, 'Nethercite Deposit (185877)'),
(@GUID+190, @POOL+2, 0, 'Nethercite Deposit (185877)'),
(@GUID+191, @POOL+2, 0, 'Nethercite Deposit (185877)'),
(@GUID+192, @POOL+2, 0, 'Nethercite Deposit (185877)'),
(@GUID+193, @POOL+2, 0, 'Nethercite Deposit (185877)'),
(@GUID+194, @POOL+2, 0, 'Nethercite Deposit (185877)'),
(@GUID+195, @POOL+2, 0, 'Nethercite Deposit (185877)'),
(@GUID+196, @POOL+2, 0, 'Nethercite Deposit (185877)'),
(@GUID+197, @POOL+2, 0, 'Nethercite Deposit (185877)'),
(@GUID+198, @POOL+2, 0, 'Nethercite Deposit (185877)'),
(@GUID+199, @POOL+2, 0, 'Nethercite Deposit (185877)'),
(@GUID+200, @POOL+2, 0, 'Nethercite Deposit (185877)'),
(@GUID+201, @POOL+2, 0, 'Nethercite Deposit (185877)'),
(@GUID+202, @POOL+2, 0, 'Nethercite Deposit (185877)'),
(@GUID+203, @POOL+2, 0, 'Nethercite Deposit (185877)'),
(@GUID+204, @POOL+2, 0, 'Nethercite Deposit (185877)'),
(@GUID+205, @POOL+2, 0, 'Nethercite Deposit (185877)'),
(@GUID+206, @POOL+2, 0, 'Nethercite Deposit (185877)'),
(@GUID+207, @POOL+2, 0, 'Nethercite Deposit (185877)'),
(@GUID+208, @POOL+2, 0, 'Nethercite Deposit (185877)'),
(@GUID+209, @POOL+2, 0, 'Nethercite Deposit (185877)'),
(@GUID+210, @POOL+2, 0, 'Nethercite Deposit (185877)'),
(@GUID+211, @POOL+2, 0, 'Nethercite Deposit (185877)'),
(@GUID+212, @POOL+2, 0, 'Nethercite Deposit (185877)'),
(@GUID+213, @POOL+2, 0, 'Nethercite Deposit (185877)'),
(@GUID+214, @POOL+2, 0, 'Nethercite Deposit (185877)'),
(@GUID+215, @POOL+2, 0, 'Nethercite Deposit (185877)'),
(@GUID+216, @POOL+2, 0, 'Nethercite Deposit (185877)'),
(@GUID+217, @POOL+2, 0, 'Nethercite Deposit (185877)'),
(@GUID+218, @POOL+2, 0, 'Nethercite Deposit (185877)'),
(@GUID+219, @POOL+3, 0, 'Netherwing Egg (185915) - Dragonmaw Fortress'),
(@GUID+220, @POOL+3, 0, 'Netherwing Egg (185915) - Dragonmaw Fortress'),
(@GUID+221, @POOL+3, 0, 'Netherwing Egg (185915) - Dragonmaw Fortress'),
(@GUID+222, @POOL+3, 0, 'Netherwing Egg (185915) - Dragonmaw Fortress'),
(@GUID+223, @POOL+3, 0, 'Netherwing Egg (185915) - Dragonmaw Fortress'),
(@GUID+224, @POOL+3, 0, 'Netherwing Egg (185915) - Dragonmaw Fortress'),
(@GUID+225, @POOL+3, 0, 'Netherwing Egg (185915) - Dragonmaw Fortress'),
(@GUID+226, @POOL+3, 0, 'Netherwing Egg (185915) - Dragonmaw Fortress'),
(@GUID+227, @POOL+3, 0, 'Netherwing Egg (185915) - Dragonmaw Fortress'),
(@GUID+228, @POOL+3, 0, 'Netherwing Egg (185915) - Dragonmaw Fortress'),
(@GUID+229, @POOL+3, 0, 'Netherwing Egg (185915) - Dragonmaw Fortress'),
(@GUID+230, @POOL+3, 0, 'Netherwing Egg (185915) - Dragonmaw Fortress'),
(@GUID+231, @POOL+4, 0, 'Netherwing Egg (185915) - Netherwing Ledge'),
(@GUID+232, @POOL+4, 0, 'Netherwing Egg (185915) - Netherwing Ledge'),
(@GUID+233, @POOL+4, 0, 'Netherwing Egg (185915) - Netherwing Ledge'),
(@GUID+234, @POOL+4, 0, 'Netherwing Egg (185915) - Netherwing Ledge'),
(@GUID+235, @POOL+4, 0, 'Netherwing Egg (185915) - Netherwing Ledge'),
(@GUID+236, @POOL+4, 0, 'Netherwing Egg (185915) - Netherwing Ledge'),
(@GUID+237, @POOL+4, 0, 'Netherwing Egg (185915) - Netherwing Ledge'),
(@GUID+238, @POOL+4, 0, 'Netherwing Egg (185915) - Netherwing Ledge'),
(@GUID+239, @POOL+4, 0, 'Netherwing Egg (185915) - Netherwing Ledge'),
(@GUID+240, @POOL+4, 0, 'Netherwing Egg (185915) - Netherwing Ledge'),
(@GUID+241, @POOL+4, 0, 'Netherwing Egg (185915) - Netherwing Ledge'),
(@GUID+242, @POOL+4, 0, 'Netherwing Egg (185915) - Netherwing Ledge'),
(@GUID+243, @POOL+4, 0, 'Netherwing Egg (185915) - Netherwing Ledge'),
(@GUID+244, @POOL+4, 0, 'Netherwing Egg (185915) - Netherwing Ledge'),
(@GUID+245, @POOL+4, 0, 'Netherwing Egg (185915) - Netherwing Ledge'),
(@GUID+246, @POOL+4, 0, 'Netherwing Egg (185915) - Netherwing Ledge'),
(@GUID+247, @POOL+4, 0, 'Netherwing Egg (185915) - Netherwing Ledge'),
(@GUID+248, @POOL+4, 0, 'Netherwing Egg (185915) - Netherwing Ledge'),
(@GUID+249, @POOL+4, 0, 'Netherwing Egg (185915) - Netherwing Ledge'),
(@GUID+250, @POOL+4, 0, 'Netherwing Egg (185915) - Netherwing Ledge'),
(@GUID+251, @POOL+4, 0, 'Netherwing Egg (185915) - Netherwing Ledge'),
(@GUID+252, @POOL+4, 0, 'Netherwing Egg (185915) - Netherwing Ledge'),
(@GUID+253, @POOL+4, 0, 'Netherwing Egg (185915) - Netherwing Ledge'),
(@GUID+254, @POOL+4, 0, 'Netherwing Egg (185915) - Netherwing Ledge'),
(@GUID+255, @POOL+4, 0, 'Netherwing Egg (185915) - Netherwing Ledge'),
(@GUID+256, @POOL+4, 0, 'Netherwing Egg (185915) - Netherwing Ledge'),
(@GUID+257, @POOL+4, 0, 'Netherwing Egg (185915) - Netherwing Ledge'),
(@GUID+258, @POOL+4, 0, 'Netherwing Egg (185915) - Netherwing Ledge'),
(@GUID+259, @POOL+4, 0, 'Netherwing Egg (185915) - Netherwing Ledge'),
(@GUID+260, @POOL+4, 0, 'Netherwing Egg (185915) - Netherwing Ledge'),
(@GUID+261, @POOL+4, 0, 'Netherwing Egg (185915) - Netherwing Ledge'),
(@GUID+262, @POOL+4, 0, 'Netherwing Egg (185915) - Netherwing Ledge'),
(@GUID+263, @POOL+4, 0, 'Netherwing Egg (185915) - Netherwing Ledge'),
(@GUID+264, @POOL+4, 0, 'Netherwing Egg (185915) - Netherwing Ledge'),
(@GUID+265, @POOL+4, 0, 'Netherwing Egg (185915) - Netherwing Ledge'),
(@GUID+266, @POOL+4, 0, 'Netherwing Egg (185915) - Netherwing Ledge'),
(@GUID+267, @POOL+4, 0, 'Netherwing Egg (185915) - Netherwing Ledge'),
(@GUID+268, @POOL+4, 0, 'Netherwing Egg (185915) - Netherwing Ledge'),
(@GUID+269, @POOL+4, 0, 'Netherwing Egg (185915) - Netherwing Ledge'),
(@GUID+270, @POOL+4, 0, 'Netherwing Egg (185915) - Netherwing Ledge'),
(@GUID+271, @POOL+4, 0, 'Netherwing Egg (185915) - Netherwing Ledge'),
(@GUID+272, @POOL+4, 0, 'Netherwing Egg (185915) - Netherwing Ledge'),
(@GUID+273, @POOL+4, 0, 'Netherwing Egg (185915) - Netherwing Ledge'),
(@GUID+274, @POOL+4, 0, 'Netherwing Egg (185915) - Netherwing Ledge'),
(@GUID+275, @POOL+4, 0, 'Netherwing Egg (185915) - Netherwing Ledge'),
(@GUID+276, @POOL+4, 0, 'Netherwing Egg (185915) - Netherwing Ledge'),
(@GUID+277, @POOL+4, 0, 'Netherwing Egg (185915) - Netherwing Ledge'),
(@GUID+278, @POOL+4, 0, 'Netherwing Egg (185915) - Netherwing Ledge'),
(@GUID+279, @POOL+4, 0, 'Netherwing Egg (185915) - Netherwing Ledge'),
(@GUID+280, @POOL+4, 0, 'Netherwing Egg (185915) - Netherwing Ledge'),
(@GUID+281, @POOL+4, 0, 'Netherwing Egg (185915) - Netherwing Ledge'),
(@GUID+282, @POOL+4, 0, 'Netherwing Egg (185915) - Netherwing Ledge'),
(@GUID+283, @POOL+4, 0, 'Netherwing Egg (185915) - Netherwing Ledge'),
(@GUID+284, @POOL+4, 0, 'Netherwing Egg (185915) - Netherwing Ledge'),
(@GUID+285, @POOL+4, 0, 'Netherwing Egg (185915) - Netherwing Ledge'),
(@GUID+286, @POOL+5, 0, 'Netherwing Egg (185915) - Netherwing Mine'),
(@GUID+287, @POOL+5, 0, 'Netherwing Egg (185915) - Netherwing Mine'),
(@GUID+288, @POOL+5, 0, 'Netherwing Egg (185915) - Netherwing Mine'),
(@GUID+289, @POOL+5, 0, 'Netherwing Egg (185915) - Netherwing Mine'),
(@GUID+290, @POOL+5, 0, 'Netherwing Egg (185915) - Netherwing Mine'),
(@GUID+291, @POOL+5, 0, 'Netherwing Egg (185915) - Netherwing Mine'),
(@GUID+292, @POOL+5, 0, 'Netherwing Egg (185915) - Netherwing Mine'),
(@GUID+293, @POOL+5, 0, 'Netherwing Egg (185915) - Netherwing Mine'),
(@GUID+294, @POOL+5, 0, 'Netherwing Egg (185915) - Netherwing Mine'),
(@GUID+295, @POOL+5, 0, 'Netherwing Egg (185915) - Netherwing Mine'),
(@GUID+296, @POOL+5, 0, 'Netherwing Egg (185915) - Netherwing Mine'),
(@GUID+297, @POOL+5, 0, 'Netherwing Egg (185915) - Netherwing Mine'),
(@GUID+298, @POOL+5, 0, 'Netherwing Egg (185915) - Netherwing Mine'),
(@GUID+299, @POOL+5, 0, 'Netherwing Egg (185915) - Netherwing Mine'),
(@GUID+300, @POOL+5, 0, 'Netherwing Egg (185915) - Netherwing Mine'),
(@GUID+301, @POOL+5, 0, 'Netherwing Egg (185915) - Netherwing Mine'),
(@GUID+302, @POOL+5, 0, 'Netherwing Egg (185915) - Netherwing Mine'),
(@GUID+303, @POOL+5, 0, 'Netherwing Egg (185915) - Netherwing Mine'),
(@GUID+304, @POOL+5, 0, 'Netherwing Egg (185915) - Netherwing Mine'),
(@GUID+305, @POOL+5, 0, 'Netherwing Egg (185915) - Netherwing Mine'),
(@GUID+306, @POOL+5, 0, 'Netherwing Egg (185915) - Netherwing Mine'),
(@GUID+307, @POOL+5, 0, 'Netherwing Egg (185915) - Netherwing Mine'),
(@GUID+308, @POOL+5, 0, 'Netherwing Egg (185915) - Netherwing Mine'),
(@GUID+309, @POOL+5, 0, 'Netherwing Egg (185915) - Netherwing Mine'),
(@GUID+310, @POOL+5, 0, 'Netherwing Egg (185915) - Netherwing Mine'),
(@GUID+311, @POOL+5, 0, 'Netherwing Egg (185915) - Netherwing Mine'),
(@GUID+312, @POOL+5, 0, 'Netherwing Egg (185915) - Netherwing Mine'),
(@GUID+313, @POOL+5, 0, 'Netherwing Egg (185915) - Netherwing Mine'),
(@GUID+314, @POOL+5, 0, 'Netherwing Egg (185915) - Netherwing Mine'),
(@GUID+315, @POOL+5, 0, 'Netherwing Egg (185915) - Netherwing Mine'),
(@GUID+316, @POOL+5, 0, 'Netherwing Egg (185915) - Netherwing Mine'),
(@GUID+317, @POOL+5, 0, 'Netherwing Egg (185915) - Netherwing Mine'),
(@GUID+318, @POOL+5, 0, 'Netherwing Egg (185915) - Netherwing Mine'),
(@GUID+319, @POOL+5, 0, 'Netherwing Egg (185915) - Netherwing Mine'),
(@GUID+320, @POOL+5, 0, 'Netherwing Egg (185915) - Netherwing Mine'),
(@GUID+321, @POOL+5, 0, 'Netherwing Egg (185915) - Netherwing Mine'),
(@GUID+322, @POOL+5, 0, 'Netherwing Egg (185915) - Netherwing Mine'),
(@GUID+323, @POOL+5, 0, 'Netherwing Egg (185915) - Netherwing Mine'),
(@GUID+324, @POOL+5, 0, 'Netherwing Egg (185915) - Netherwing Mine'),
(@GUID+325, @POOL+5, 0, 'Netherwing Egg (185915) - Netherwing Mine'),
(@GUID+326, @POOL+5, 0, 'Netherwing Egg (185915) - Netherwing Mine'),
(@GUID+327, @POOL+5, 0, 'Netherwing Egg (185915) - Netherwing Mine'),
(@GUID+328, @POOL+5, 0, 'Netherwing Egg (185915) - Netherwing Mine'),
(@GUID+329, @POOL+5, 0, 'Netherwing Egg (185915) - Netherwing Mine'),
(@GUID+330, @POOL+5, 0, 'Netherwing Egg (185915) - Netherwing Mine'),
(@GUID+331, @POOL+5, 0, 'Netherwing Egg (185915) - Netherwing Mine'),
(@GUID+332, @POOL+5, 0, 'Netherwing Egg (185915) - Netherwing Mine'),
(@GUID+333, @POOL+5, 0, 'Netherwing Egg (185915) - Netherwing Mine'),
(@GUID+334, @POOL+5, 0, 'Netherwing Egg (185915) - Netherwing Mine'),
(@GUID+335, @POOL+5, 0, 'Netherwing Egg (185915) - Netherwing Mine'),
(@GUID+336, @POOL+5, 0, 'Netherwing Egg (185915) - Netherwing Mine'),
(@GUID+337, @POOL+5, 0, 'Netherwing Egg (185915) - Netherwing Mine'),
(@GUID+338, @POOL+5, 0, 'Netherwing Egg (185915) - Netherwing Mine');
