-- ###################
-- ### GAMEOBJECTS
-- ###################

-- GO Main Gate (195647)
REPLACE INTO gameobject_template VALUES(195647, 0, 9044, "Main Gate", "", "", "", 1375, 0, 1.48, 0, 0, 0, 0, 0, 0, 0, 0, 0, 0, 0, 0, 0, 0, 0, 0, 0, 0, 0, 0, 0, 0, 0, 0, 0, 0, 0, 0, 0, 0, "", "", 12340);
DELETE FROM gameobject WHERE id=195647 AND map=650;
INSERT INTO gameobject VALUES(150077, 195647, 650, 3, 1, 746.698, 677.469, 412.339, 1.5708, 0, 0, 0, 0, 0, 0, 0, 0);

-- GO East Portcullis (195648), South Portcullis (195649)
REPLACE INTO gameobject_template VALUES(195648, 0, 411, "East Portcullis", "", "", "", 1375, 0, 3.27, 0, 0, 0, 0, 0, 0, 0, 0, 0, 0, 0, 0, 0, 0, 0, 0, 0, 0, 0, 0, 0, 0, 0, 0, 0, 0, 0, 0, 0, 0, "", "", 12340);
REPLACE INTO gameobject_template VALUES(195649, 0, 411, "South Portcullis", "", "", "", 1375, 0, 3.27, 0, 0, 0, 0, 0, 0, 0, 0, 0, 0, 0, 0, 0, 0, 0, 0, 0, 0, 0, 0, 0, 0, 0, 0, 0, 0, 0, 0, 0, 0, "", "", 12340);
DELETE FROM gameobject WHERE id IN(195648,195649) AND map=650;
INSERT INTO gameobject VALUES(150073, 195648, 650, 3, 1, 746.646, 556.925, 412.412, 1.5708, 0, 0, 0, 0, 0, 0, 0, 0);
INSERT INTO gameobject VALUES(150074, 195649, 650, 3, 1, 685.51, 618.055, 412.412, 3.14159, 0, 0, 0, 0, 0, 0, 0, 0);
  
-- GO Lance Rack (196398)
REPLACE INTO gameobject_template VALUES(196398, 22, 130, "Lance Rack", "", "", "", 35, 0, 1, 0, 0, 0, 0, 0, 0, 64682, -1, 0, 0, 0, 0, 0, 0, 0, 0, 0, 0, 0, 0, 0, 0, 0, 0, 0, 0, 0, 0, 0, 0, "", "", 12340);
DELETE FROM gameobject WHERE id=196398 AND map=650;
INSERT INTO gameobject VALUES(150063, 196398, 650, 3, 1, 801.663, 624.806, 412.344, -1.3439, 0, 0, 0, 0, 0, 0, 0, 0);
INSERT INTO gameobject VALUES(150064, 196398, 650, 3, 1, 784.533, 660.238, 412.389, -0.715585, 0, 0, 0, 0, 0, 0, 0, 0);
INSERT INTO gameobject VALUES(150065, 196398, 650, 3, 1, 710.325, 660.708, 412.387, 0.698132, 0, 0, 0, 0, 0, 0, 0, 0);
INSERT INTO gameobject VALUES(150066, 196398, 650, 3, 1, 692.127, 610.575, 412.347, 1.85005, 0, 0, 0, 0, 0, 0, 0, 0);

-- Eadric / Paletress Cache Loot
UPDATE reference_loot_template SET item=47497 WHERE entry=12025 AND item=47197;

-- Caches
UPDATE gameobject_template SET flags=0 WHERE entry IN(195709, 195710, 195374, 195375, 195323, 195324);



-- ###################
-- ### NPCS
-- ###################

-- Highlord Tirion Fordring (33628)
DELETE FROM creature WHERE id=33628 AND map=650;
INSERT INTO creature VALUES(NULL, 33628, 650, 3, 1, 0, 1, 746.417, 557.538, 435.399, 1.58739, 300, 0, 0, 42000, 0, 0, 0, 0, 0);
REPLACE INTO creature_template VALUES(33628, 0, 0, 0, 0, 0, 22209, 0, 0, 0, "Highlord Tirion Fordring", "", "", 0, 83, 83, 0, 35, 0, 1, 1.14286, 3, 3, 2, 2, 0, 24, 35, 2000, 0, 1, 0, 2048, 8, 0, 0, 0, 0, 0, 1, 1, 0, 7, 4, 0, 0, 0, 0, 0, 0, 0, 0, 0, 0, 0, 0, 0, 0, 0, 0, 0, 0, 0, 0, 0, "", 0, 3, 1, 1000, 1000, 1, 0, 0, 0, 0, 0, 0, 0, 0, 1, 0, 0, "", 12340);

-- Announcer: Jaeren Sunsworn (35004), Arelas Brightstar (35005)
REPLACE INTO creature_template VALUES(35004, 0, 0, 0, 0, 0, 29894, 0, 0, 0, "Jaeren Sunsworn", "", "", 0, 75, 75, 2, 35, 1, 2, 1.14286, 1, 0, 342, 485, 0, 392, 1, 0, 0, 1, 2, 2048, 8, 0, 0, 0, 0, 0, 295, 438, 68, 7, 0, 0, 0, 0, 0, 0, 0, 0, 0, 0, 0, 0, 0, 0, 0, 0, 0, 0, 0, 0, 0, 0, "", 0, 3, 1, 1, 1, 1, 0, 0, 0, 0, 0, 0, 0, 0, 1, 0, 0, "npc_announcer_toc5", 12340);
REPLACE INTO creature_template VALUES(35005, 0, 0, 0, 0, 0, 29893, 0, 0, 0, "Arelas Brightstar", "", "", 0, 75, 75, 2, 35, 1, 2, 1.14286, 1, 0, 342, 485, 0, 392, 1, 0, 0, 1, 2, 2048, 8, 0, 0, 0, 0, 0, 295, 438, 68, 7, 0, 0, 0, 0, 0, 0, 0, 0, 0, 0, 0, 0, 0, 0, 0, 0, 0, 0, 0, 0, 0, 0, "", 0, 3, 1, 1, 1, 1, 0, 0, 0, 0, 0, 0, 0, 0, 1, 0, 0, "npc_announcer_toc5", 12340);
DELETE FROM creature_template_addon WHERE entry IN(35004,35005);
DELETE FROM creature_addon WHERE guid IN( SELECT guid FROM creature WHERE id IN(35004,35005) AND `map`=650 );
DELETE FROM creature WHERE id IN(35004,35005) AND map=650;
INSERT INTO creature VALUES(200038, 35004, 650, 3, 1, 0, 0, 748.309, 619.488, 411.172, 4.71239, 999999, 0, 0, 1, 0, 0, 0, 0, 0);

-- Argent Warhorse (35644), Argent Battleworg (36558)
REPLACE INTO creature_template VALUES(35644, 0, 0, 0, 0, 0, 28918, 0, 0, 0, "Argent Warhorse", "", "vehichleCursor", 0, 80, 80, 2, 1, 0, 2, 2, 1, 0, 422, 586, 0, 642, 1, 0, 0, 1, 2, 2048, 8, 0, 0, 0, 0, 0, 345, 509, 103, 10, 0, 0, 0, 0, 0, 0, 0, 0, 0, 0, 68505, 62575, 68282, 66482, 0, 0, 0, 0, 0, 486, 0, 0, "", 0, 3, 1, 3.96825, 1, 0, 0, 0, 0, 0, 0, 0, 0, 157, 0, 67108864, 2, "npc_toc5_player_vehicle", 12340);
REPLACE INTO creature_template VALUES(36558, 0, 0, 0, 0, 0, 29283, 0, 0, 0, "Argent Battleworg", "", "vehichleCursor", 0, 80, 80, 2, 2, 0, 2, 2, 1, 0, 422, 586, 0, 642, 1, 0, 0, 1, 2, 2048, 8, 0, 0, 0, 0, 0, 345, 509, 103, 10, 0, 0, 0, 0, 0, 0, 0, 0, 0, 0, 68505, 62575, 68282, 66482, 0, 0, 0, 0, 0, 486, 0, 0, "", 0, 3, 1, 3.96825, 1, 0, 0, 0, 0, 0, 0, 0, 0, 157, 0, 67108864, 2, "npc_toc5_player_vehicle", 12340);
DELETE FROM creature_addon WHERE guid IN( SELECT guid FROM creature WHERE id IN(35644,36558) AND `map`=650 );
DELETE FROM creature_template_addon WHERE entry IN(35644,36558);
DELETE FROM creature WHERE id IN(35644, 36558) AND map=650;
INSERT INTO creature VALUES(200026, 35644, 650, 3, 1, 0, 0, 704.943, 651.33, 412.475, 5.60251, 999999, 0, 0, 50000, 0, 0, 0, 0, 0);
INSERT INTO creature VALUES(200027, 35644, 650, 3, 1, 0, 0, 774.898, 573.736, 412.475, 2.14675, 999999, 0, 0, 50000, 0, 0, 0, 0, 0);
INSERT INTO creature VALUES(200028, 35644, 650, 3, 1, 0, 0, 699.943, 643.37, 412.474, 5.77704, 999999, 0, 0, 50000, 0, 0, 0, 0, 0);
INSERT INTO creature VALUES(200029, 35644, 650, 3, 1, 0, 0, 712.594, 576.26, 412.476, 0.890118, 999999, 0, 0, 50000, 0, 0, 0, 0, 0);
INSERT INTO creature VALUES(200030, 35644, 650, 3, 1, 0, 0, 793.009, 592.667, 412.475, 2.6529, 999999, 0, 0, 50000, 0, 0, 0, 0, 0);
INSERT INTO creature VALUES(200031, 35644, 650, 3, 1, 0, 0, 702.967, 587.649, 412.475, 0.610865, 999999, 0, 0, 50000, 0, 0, 0, 0, 0);
INSERT INTO creature VALUES(200032, 35644, 650, 3, 1, 0, 0, 768.255, 661.606, 412.47, 4.55531, 999999, 0, 0, 50000, 0, 0, 0, 0, 0);
INSERT INTO creature VALUES(200033, 35644, 650, 3, 1, 0, 0, 720.569, 571.285, 412.475, 1.06465, 999999, 0, 0, 50000, 0, 0, 0, 0, 0);
INSERT INTO creature VALUES(200034, 35644, 650, 3, 1, 0, 0, 787.439, 584.969, 412.476, 2.47837, 999999, 0, 0, 50000, 0, 0, 0, 0, 0);
INSERT INTO creature VALUES(200035, 35644, 650, 3, 1, 0, 0, 722.363, 660.745, 412.468, 4.83456, 999999, 0, 0, 50000, 0, 0, 0, 0, 0);
INSERT INTO creature VALUES(200036, 35644, 650, 3, 1, 0, 0, 790.49, 646.533, 412.474, 3.71755, 999999, 0, 0, 50000, 0, 0, 0, 0, 0);
INSERT INTO creature VALUES(200037, 35644, 650, 3, 1, 0, 0, 777.564, 660.3, 412.467, 4.34587, 999999, 0, 0, 50000, 0, 0, 0, 0, 0);
INSERT INTO creature VALUES(200019, 36558, 650, 3, 1, 0, 0, 726.826, 661.201, 412.472, 4.66003, 999999, 0, 0, 50000, 0, 0, 0, 0, 0);
INSERT INTO creature VALUES(200018, 36558, 650, 3, 1, 0, 0, 716.665, 573.495, 412.475, 0.977384, 999999, 0, 0, 50000, 0, 0, 0, 0, 0);
INSERT INTO creature VALUES(200017, 36558, 650, 3, 1, 0, 0, 705.497, 583.944, 412.476, 0.698132, 999999, 0, 0, 50000, 0, 0, 0, 0, 0);
INSERT INTO creature VALUES(200016, 36558, 650, 3, 1, 0, 0, 770.486, 571.552, 412.475, 2.05949, 999999, 0, 0, 50000, 0, 0, 0, 0, 0);
INSERT INTO creature VALUES(200015, 36558, 650, 3, 1, 0, 0, 717.443, 660.646, 412.467, 4.92183, 999999, 0, 0, 50000, 0, 0, 0, 0, 0);
INSERT INTO creature VALUES(200014, 36558, 650, 3, 1, 0, 0, 700.531, 591.927, 412.475, 0.523599, 999999, 0, 0, 50000, 0, 0, 0, 0, 0);
INSERT INTO creature VALUES(200021, 36558, 650, 3, 1, 0, 0, 790.177, 589.059, 412.475, 2.56563, 999999, 0, 0, 50000, 0, 0, 0, 0, 0);
INSERT INTO creature VALUES(200020, 36558, 650, 3, 1, 0, 0, 702.165, 647.267, 412.475, 5.68977, 999999, 0, 0, 50000, 0, 0, 0, 0, 0);
INSERT INTO creature VALUES(200024, 36558, 650, 3, 1, 0, 0, 773.097, 660.733, 412.467, 4.45059, 999999, 0, 0, 50000, 0, 0, 0, 0, 0);
INSERT INTO creature VALUES(200023, 36558, 650, 3, 1, 0, 0, 793.052, 642.851, 412.474, 3.63029, 999999, 0, 0, 50000, 0, 0, 0, 0, 0);
INSERT INTO creature VALUES(200022, 36558, 650, 3, 1, 0, 0, 778.741, 576.049, 412.476, 2.23402, 999999, 0, 0, 50000, 0, 0, 0, 0, 0);
INSERT INTO creature VALUES(200025, 36558, 650, 3, 1, 0, 0, 788.016, 650.788, 412.475, 3.80482, 999999, 0, 0, 50000, 0, 0, 0, 0, 0);
DELETE FROM conditions WHERE SourceTypeOrReferenceId=16 AND SourceEntry IN(35644,36558);
INSERT INTO conditions VALUES(16, 0, 35644, 0, 0, 1, 0, 62853, 0, 0, 0, 0, 0, "", "");
INSERT INTO conditions VALUES(16, 0, 36558, 0, 0, 1, 0, 62853, 0, 0, 0, 0, 0, "", "");

-- Alliance Champions (34705,34702,34701,34657,34703, 36086,36083,36082,36087,36088)
REPLACE INTO creature_template VALUES(34657, 36086, 0, 0, 0, 0, 28735, 0, 0, 0, "Jaelyne Evensong", "Grand Champion of Darnassus", "", 0, 80, 80, 2, 1076, 0, 1, 2, 1, 1, 617, 782, 0, 608, 7.5, 0, 0, 2, 2, 2048, 8, 0, 0, 0, 0, 0, 541, 706, 80, 7, 0+2048, 0, 0, 0, 0, 0, 0, 0, 0, 0, 0, 0, 0, 0, 0, 0, 0, 0, 0, 0, 0, 0, "", 0, 3, 1, 15, 20, 1, 0, 0, 0, 0, 0, 0, 0, 0, 1, 2304, 0+0x200000, "boss_grand_champion", 12340);
REPLACE INTO creature_template VALUES(34701, 36083, 0, 0, 0, 0, 28736, 0, 0, 0, "Colosos", "Grand Champion of the Exodar", "", 0, 80, 80, 2, 1694, 0, 1, 2, 1, 1, 617, 782, 0, 608, 7.5, 0, 0, 2, 2, 2048, 8, 0, 0, 0, 0, 0, 541, 706, 80, 7, 0+2048, 0, 0, 0, 0, 0, 0, 0, 0, 0, 0, 0, 0, 0, 0, 0, 0, 0, 0, 0, 0, 0, "", 0, 3, 1, 15, 20, 1, 0, 0, 0, 0, 0, 0, 0, 0, 1, 2304, 0+0x200000, "boss_grand_champion", 12340);
REPLACE INTO creature_template VALUES(34702, 36082, 0, 0, 0, 0, 28586, 0, 0, 0, "Ambrose Boltspark", "Grand Champion of Gnomeregan", "", 0, 80, 80, 2, 64, 0, 1, 2, 1, 1, 617, 782, 0, 608, 7.5, 0, 0, 2, 2, 2048, 8, 0, 0, 0, 0, 0, 541, 706, 80, 7, 64+2048, 0, 0, 0, 0, 0, 0, 0, 0, 0, 0, 0, 0, 0, 0, 0, 0, 0, 0, 0, 0, 0, "", 0, 3, 1, 15, 20, 1, 0, 0, 0, 0, 0, 0, 0, 0, 1, 2304, 0+0x200000, "boss_grand_champion", 12340);
REPLACE INTO creature_template VALUES(34703, 36087, 0, 0, 0, 0, 28564, 0, 0, 0, "Lana Stouthammer", "Grand Champion of Ironforge", "", 0, 80, 80, 2, 2155, 0, 1, 2, 1, 1, 622, 786, 0, 642, 7.5, 0, 0, 1, 2, 2048, 8, 0, 0, 0, 0, 0, 545, 709, 103, 7, 0+2048, 0, 0, 0, 0, 0, 0, 0, 0, 0, 0, 0, 0, 0, 0, 0, 0, 0, 0, 477, 0, 0, "", 0, 3, 1, 15, 20, 1, 0, 0, 0, 0, 0, 0, 0, 441, 1, 2304, 0+0x200000, "boss_grand_champion", 12340);
REPLACE INTO creature_template VALUES(34705, 36088, 0, 0, 0, 0, 28560, 0, 0, 0, "Marshal Jacob Alerius", "Grand Champion of Stormwind", "", 0, 80, 80, 2, 1078, 0, 1, 2, 1, 1, 622, 786, 0, 642, 7.5, 0, 0, 1, 2, 2048, 8, 0, 0, 0, 0, 0, 545, 709, 103, 7, 0+2048, 0, 0, 0, 0, 0, 0, 0, 0, 0, 0, 0, 0, 0, 0, 0, 0, 0, 0, 0, 0, 0, "", 0, 3, 1, 15, 20, 1, 0, 0, 0, 0, 0, 0, 0, 0, 1, 2304, 0+0x200000, "boss_grand_champion", 12340);
REPLACE INTO creature_template VALUES(36082, 0, 0, 0, 0, 0, 28586, 0, 0, 0, "Ambrose Boltspark (1)", "Grand Champion of Gnomeregan", "", 0, 80, 80, 2, 64, 0, 1, 2, 1, 1, 617, 782, 0, 608, 13, 0, 0, 2, 2, 2048, 8, 0, 0, 0, 0, 0, 541, 706, 80, 7, 64+2048, 0, 0, 0, 0, 0, 0, 0, 0, 0, 0, 0, 0, 0, 0, 0, 0, 0, 0, 0, 0, 0, "", 0, 3, 1, 25, 20, 1, 0, 0, 0, 0, 0, 0, 0, 0, 1, 2304, 1+0x200000, "", 12340);
REPLACE INTO creature_template VALUES(36083, 0, 0, 0, 0, 0, 28736, 0, 0, 0, "Colosos (1)", "Grand Champion of the Exodar", "", 0, 80, 80, 2, 1694, 0, 1, 2, 1, 0, 617, 782, 0, 608, 13, 0, 0, 2, 2, 2048, 8, 0, 0, 0, 0, 0, 541, 706, 80, 7, 0+2048, 0, 0, 0, 0, 0, 0, 0, 0, 0, 0, 0, 0, 0, 0, 0, 0, 0, 0, 0, 0, 0, "", 0, 3, 1, 25, 20, 1, 0, 0, 0, 0, 0, 0, 0, 0, 1, 2304, 1+0x200000, "", 12340);
REPLACE INTO creature_template VALUES(36086, 0, 0, 0, 0, 0, 28735, 0, 0, 0, "Jaelyne Evensong (1)", "Grand Champion of Darnassus", "", 0, 80, 80, 2, 1076, 0, 1, 2, 1, 1, 617, 782, 0, 608, 13, 0, 0, 2, 2, 2048, 8, 0, 0, 0, 0, 0, 541, 706, 80, 7, 0+2048, 0, 0, 0, 0, 0, 0, 0, 0, 0, 0, 0, 0, 0, 0, 0, 0, 0, 0, 0, 0, 0, "", 0, 3, 1, 25, 20, 1, 0, 0, 0, 0, 0, 0, 0, 0, 1, 2304, 1+0x200000, "", 12340);
REPLACE INTO creature_template VALUES(36087, 0, 0, 0, 0, 0, 28564, 0, 0, 0, "Lana Stouthammer (1)", "Grand Champion of Ironforge", "", 0, 80, 80, 2, 2155, 0, 1, 2, 1, 0, 622, 786, 0, 642, 13, 0, 0, 1, 2, 2048, 8, 0, 0, 0, 0, 0, 545, 709, 103, 7, 0+2048, 0, 0, 0, 0, 0, 0, 0, 0, 0, 0, 0, 0, 0, 0, 0, 0, 0, 0, 0, 0, 0, "", 0, 3, 1, 25, 20, 1, 0, 0, 0, 0, 0, 0, 0, 441, 1, 2304, 1+0x200000, "", 12340);
REPLACE INTO creature_template VALUES(36088, 0, 0, 0, 0, 0, 28560, 0, 0, 0, "Marshal Jacob Alerius (1)", "Grand Champion of Stormwind", "", 0, 80, 80, 2, 1078, 0, 1, 2, 1, 0, 622, 786, 0, 642, 13, 0, 0, 1, 2, 2048, 8, 0, 0, 0, 0, 0, 545, 709, 103, 7, 0+2048, 0, 0, 0, 0, 0, 0, 0, 0, 0, 0, 0, 0, 0, 0, 0, 0, 0, 0, 0, 0, 0, "", 0, 3, 1, 25, 20, 1, 0, 0, 0, 0, 0, 0, 0, 0, 1, 2304, 1+0x200000, "", 12340);
REPLACE INTO creature_template_addon VALUES(34657, 0, 9991, 0, 1, 0, "63406");
REPLACE INTO creature_template_addon VALUES(34702, 0, 28571, 0, 1, 0, "63396");
REPLACE INTO creature_template_addon VALUES(34703, 0, 2787, 0, 1, 0, "63427");
REPLACE INTO creature_template_addon VALUES(34705, 0, 29284, 0, 1, 0, "62594");
REPLACE INTO creature_template_addon VALUES(34701, 0, 29255, 0, 1, 0, "63423");
REPLACE INTO creature_template_addon VALUES(36086, 0, 9991, 0, 1, 0, "63406");
REPLACE INTO creature_template_addon VALUES(36082, 0, 28571, 0, 1, 0, "63396");
REPLACE INTO creature_template_addon VALUES(36087, 0, 2787, 0, 1, 0, "63427");
REPLACE INTO creature_template_addon VALUES(36088, 0, 29284, 0, 1, 0, "62594");
REPLACE INTO creature_template_addon VALUES(36083, 0, 29255, 0, 1, 0, "63423");

-- Horde Champions (35569,35570,35571,35572,35617, 36085,36091,36090,36089,36084)
REPLACE INTO creature_template VALUES(35569, 36085, 0, 0, 0, 0, 28637, 0, 0, 0, "Eressea Dawnsinger", "Grand Champion of Silvermoon", "", 0, 80, 80, 2, 1604, 0, 1, 2, 1, 1, 617, 782, 0, 608, 7.5, 0, 0, 2, 2, 2048, 8, 0, 0, 0, 0, 0, 541, 706, 80, 7, 0+2048, 0, 0, 0, 0, 0, 0, 0, 0, 0, 0, 0, 0, 0, 0, 0, 0, 0, 0, 0, 0, 0, "", 0, 3, 1, 15, 20, 1, 0, 0, 0, 0, 0, 0, 0, 0, 1, 2304, 0+0x200000, "boss_grand_champion", 12340);
REPLACE INTO creature_template VALUES(35570, 36091, 0, 0, 0, 0, 28588, 0, 0, 0, "Zul'tore", "Grand Champion of Sen'jin", "", 0, 80, 80, 2, 126, 0, 1, 2, 1, 1, 622, 786, 0, 642, 7.5, 0, 0, 1, 2, 2048, 8, 0, 0, 0, 0, 0, 545, 709, 103, 7, 0+2048, 0, 0, 0, 0, 0, 0, 0, 0, 0, 0, 0, 0, 0, 0, 0, 0, 0, 0, 0, 0, 0, "", 0, 3, 1, 15, 20, 1, 0, 0, 0, 0, 0, 0, 0, 0, 1, 2304, 0+0x200000, "boss_grand_champion", 12340);
REPLACE INTO creature_template VALUES(35571, 36090, 0, 0, 0, 0, 28597, 0, 0, 0, "Runok Wildmane", "Grand Champion of the Thunder Bluff", "", 0, 80, 80, 2, 104, 0, 1, 2, 1, 1, 617, 782, 0, 608, 7.5, 0, 0, 2, 2, 2048, 8, 0, 0, 0, 0, 0, 541, 706, 80, 7, 0+2048, 0, 0, 0, 0, 0, 0, 0, 0, 0, 0, 0, 0, 0, 0, 0, 0, 0, 0, 0, 0, 0, "", 0, 3, 1, 15, 20, 1, 0, 0, 0, 0, 0, 0, 0, 0, 1, 2304, 0+0x200000, "boss_grand_champion", 12340);
REPLACE INTO creature_template VALUES(35572, 36089, 0, 0, 0, 0, 28587, 0, 0, 0, "Mokra the Skullcrusher", "Grand Champion of Orgrimmar", "", 0, 80, 80, 2, 29, 0, 1, 2, 1, 1, 622, 786, 0, 642, 7.5, 0, 0, 1, 2, 2048, 8, 0, 0, 0, 0, 0, 545, 709, 103, 7, 0+2048, 0, 0, 0, 0, 0, 0, 0, 0, 0, 0, 0, 0, 0, 0, 0, 0, 0, 0, 477, 0, 0, "", 0, 3, 1, 15, 20, 1, 0, 0, 0, 0, 0, 0, 0, 441, 1, 2304, 0+0x200000, "boss_grand_champion", 12340);
REPLACE INTO creature_template VALUES(35617, 36084, 0, 0, 0, 0, 28589, 0, 0, 0, "Deathstalker Visceri", "Grand Champion of Undercity", "", 0, 80, 80, 2, 68, 0, 1, 2, 1, 1, 622, 786, 0, 642, 7.5, 0, 0, 1, 2, 2048, 8, 0, 0, 0, 0, 0, 545, 709, 103, 7, 0+2048, 0, 0, 0, 0, 0, 0, 0, 0, 0, 0, 0, 0, 0, 0, 0, 0, 0, 0, 0, 0, 0, "", 0, 3, 1, 15, 20, 1, 0, 0, 0, 0, 0, 0, 0, 0, 1, 2304, 0+0x200000, "boss_grand_champion", 12340);
REPLACE INTO creature_template VALUES(36084, 0, 0, 0, 0, 0, 28589, 0, 0, 0, "Deathstalker Visceri (1)", "Grand Champion of Undercity", "", 0, 80, 80, 2, 68, 0, 1, 2, 1, 0, 622, 786, 0, 642, 13, 0, 0, 1, 2, 2048, 8, 0, 0, 0, 0, 0, 545, 709, 103, 7, 0+2048, 0, 0, 0, 0, 0, 0, 0, 0, 0, 0, 0, 0, 0, 0, 0, 0, 0, 0, 0, 0, 0, "", 0, 3, 1, 25, 20, 1, 0, 0, 0, 0, 0, 0, 0, 0, 1, 2304, 1+0x200000, "", 12340);
REPLACE INTO creature_template VALUES(36085, 0, 0, 0, 0, 0, 28637, 0, 0, 0, "Eressea Dawnsinger (1)", "Grand Champion of Silvermoon", "", 0, 80, 80, 2, 1604, 0, 1, 2, 1, 0, 617, 782, 0, 608, 13, 0, 0, 2, 2, 2048, 8, 0, 0, 0, 0, 0, 541, 706, 80, 7, 0+2048, 0, 0, 0, 0, 0, 0, 0, 0, 0, 0, 0, 0, 0, 0, 0, 0, 0, 0, 0, 0, 0, "", 0, 3, 1, 25, 20, 1, 0, 0, 0, 0, 0, 0, 0, 0, 1, 2304, 1+0x200000, "", 12340);
REPLACE INTO creature_template VALUES(36089, 0, 0, 0, 0, 0, 28587, 0, 0, 0, "Mokra the Skullcrusher (1)", "Grand Champion of Orgrimmar", "", 0, 80, 80, 2, 29, 0, 1, 2, 1, 0, 622, 786, 0, 642, 13, 0, 0, 1, 2, 2048, 8, 0, 0, 0, 0, 0, 545, 709, 103, 7, 0+2048, 0, 0, 0, 0, 0, 0, 0, 0, 0, 0, 0, 0, 0, 0, 0, 0, 0, 0, 0, 0, 0, "", 0, 3, 1, 25, 20, 1, 0, 0, 0, 0, 0, 0, 0, 441, 1, 2304, 1+0x200000, "", 12340);
REPLACE INTO creature_template VALUES(36090, 0, 0, 0, 0, 0, 28597, 0, 0, 0, "Runok Wildmane (1)", "Grand Champion of the Thunder Bluff", "", 0, 80, 80, 2, 104, 0, 1, 2, 1, 0, 617, 782, 0, 608, 13, 0, 0, 2, 2, 2048, 8, 0, 0, 0, 0, 0, 541, 706, 80, 7, 0+2048, 0, 0, 0, 0, 0, 0, 0, 0, 0, 0, 0, 0, 0, 0, 0, 0, 0, 0, 0, 0, 0, "", 0, 3, 1, 25, 20, 1, 0, 0, 0, 0, 0, 0, 0, 0, 1, 2304, 1+0x200000, "", 12340);
REPLACE INTO creature_template VALUES(36091, 0, 0, 0, 0, 0, 28588, 0, 0, 0, "Zul'tore (1)", "Grand Champion of Sen'jin", "", 0, 80, 80, 2, 126, 0, 1, 2, 1, 1, 622, 786, 0, 642, 13, 0, 0, 1, 2, 2048, 8, 0, 0, 0, 0, 0, 545, 709, 103, 7, 0+2048, 0, 0, 0, 0, 0, 0, 0, 0, 0, 0, 0, 0, 0, 0, 0, 0, 0, 0, 0, 0, 0, "", 0, 3, 1, 25, 20, 1, 0, 0, 0, 0, 0, 0, 0, 0, 1, 2304, 1+0x200000, "", 12340);
REPLACE INTO creature_template_addon VALUES(35572, 0, 29879, 0, 1, 0, "63433");
REPLACE INTO creature_template_addon VALUES(35569, 0, 28607, 0, 1, 0, "63403");
REPLACE INTO creature_template_addon VALUES(35571, 0, 29880, 0, 1, 0, "63436");
REPLACE INTO creature_template_addon VALUES(35570, 0, 29261, 0, 1, 0, "63399");
REPLACE INTO creature_template_addon VALUES(35617, 0, 10718, 0, 1, 0, "63430");
REPLACE INTO creature_template_addon VALUES(36089, 0, 29879, 0, 1, 0, "63433");
REPLACE INTO creature_template_addon VALUES(36085, 0, 28607, 0, 1, 0, "63403");
REPLACE INTO creature_template_addon VALUES(36090, 0, 29880, 0, 1, 0, "63436");
REPLACE INTO creature_template_addon VALUES(36091, 0, 29261, 0, 1, 0, "63399");
REPLACE INTO creature_template_addon VALUES(36084, 0, 10718, 0, 1, 0, "63430");

-- Alliance & Horde Minions (35314,35323,35325,35326,35327,35328,35329,35330,35331,35332)
REPLACE INTO creature_template VALUES(35314, 0, 0, 0, 0, 0, 29090, 0, 0, 0, "Orgrimmar Champion", "", "", 0, 80, 80, 2, 14, 0, 1, 2, 1, 1, 422, 586, 0, 642, 7.5, 0, 0, 1, 2, 2048, 8, 0, 0, 0, 0, 0, 345, 509, 103, 7, 2048, 0, 0, 0, 0, 0, 0, 0, 0, 0, 0, 0, 0, 0, 0, 0, 0, 0, 0, 0, 0, 0, "", 0, 3, 1, 5.95238, 1, 0, 0, 0, 0, 0, 0, 0, 0, 0, 1, 0, 0, "npc_toc5_grand_champion_minion", 12340);
REPLACE INTO creature_template VALUES(35323, 0, 0, 0, 0, 0, 28702, 0, 0, 0, "Sen'jin Champion", "", "", 0, 80, 80, 2, 14, 0, 1, 2, 1, 1, 422, 586, 0, 642, 7.5, 0, 0, 1, 2, 2048, 8, 0, 0, 0, 0, 0, 345, 509, 103, 7, 2048, 0, 0, 0, 0, 0, 0, 0, 0, 0, 0, 0, 0, 0, 0, 0, 0, 0, 0, 0, 0, 0, "", 0, 3, 1, 5.95238, 1, 0, 0, 0, 0, 0, 0, 0, 0, 0, 1, 0, 0, "npc_toc5_grand_champion_minion", 12340);
REPLACE INTO creature_template VALUES(35325, 0, 0, 0, 0, 0, 28864, 0, 0, 0, "Thunder Bluff Champion", "", "", 0, 80, 80, 2, 14, 0, 1, 2, 1, 1, 422, 586, 0, 642, 7.5, 0, 0, 1, 2, 2048, 8, 0, 0, 0, 0, 0, 345, 509, 103, 7, 2048, 35325, 0, 0, 0, 0, 0, 0, 0, 0, 0, 0, 0, 0, 0, 0, 0, 0, 0, 0, 0, 0, "", 0, 3, 1, 5.95238, 1, 0, 0, 0, 0, 0, 0, 0, 0, 0, 1, 0, 0, "npc_toc5_grand_champion_minion", 12340);
REPLACE INTO creature_template VALUES(35326, 0, 0, 0, 0, 0, 28862, 0, 0, 0, "Silvermoon Champion", "", "", 0, 80, 80, 2, 14, 0, 1, 2, 1, 1, 422, 586, 0, 642, 7.5, 0, 0, 1, 2, 2048, 8, 0, 0, 0, 0, 0, 345, 509, 103, 7, 2048, 0, 0, 0, 0, 0, 0, 0, 0, 0, 0, 0, 0, 0, 0, 0, 0, 0, 0, 0, 0, 0, "", 0, 3, 1, 5.95238, 1, 0, 0, 0, 0, 0, 0, 0, 0, 0, 1, 0, 0, "npc_toc5_grand_champion_minion", 12340);
REPLACE INTO creature_template VALUES(35327, 0, 0, 0, 0, 0, 28865, 0, 0, 0, "Undercity Champion", "", "", 0, 80, 80, 2, 14, 0, 1, 2, 1, 1, 422, 586, 0, 642, 7.5, 0, 0, 1, 2, 2048, 8, 0, 0, 0, 0, 0, 345, 509, 103, 7, 2048, 0, 0, 0, 0, 0, 0, 0, 0, 0, 0, 0, 0, 0, 0, 0, 0, 0, 0, 0, 0, 0, "", 0, 3, 1, 5.95238, 1, 0, 0, 0, 0, 0, 0, 0, 0, 0, 1, 0, 0, "npc_toc5_grand_champion_minion", 12340);
REPLACE INTO creature_template VALUES(35328, 0, 0, 0, 0, 0, 28863, 0, 0, 0, "Stormwind Champion", "", "", 0, 80, 80, 2, 14, 0, 1, 2, 1, 1, 422, 586, 0, 642, 7.5, 0, 0, 1, 2, 2048, 8, 0, 0, 0, 0, 0, 345, 509, 103, 7, 2048, 0, 0, 0, 0, 0, 0, 0, 0, 0, 0, 0, 0, 0, 0, 0, 0, 0, 0, 0, 0, 0, "", 0, 3, 1, 5.95238, 1, 0, 0, 0, 0, 0, 0, 0, 0, 0, 1, 0, 0, "npc_toc5_grand_champion_minion", 12340);
REPLACE INTO creature_template VALUES(35329, 0, 0, 0, 0, 0, 28860, 0, 0, 0, "Ironforge Champion", "", "", 0, 80, 80, 2, 14, 0, 1, 2, 1, 1, 422, 586, 0, 642, 7.5, 0, 0, 1, 2, 2048, 8, 0, 0, 0, 0, 0, 345, 509, 103, 7, 2048, 0, 0, 0, 0, 0, 0, 0, 0, 0, 0, 0, 0, 0, 0, 0, 0, 0, 0, 0, 0, 0, "", 0, 3, 1, 5.95238, 1, 0, 0, 0, 0, 0, 0, 0, 0, 0, 1, 0, 0, "npc_toc5_grand_champion_minion", 12340);
REPLACE INTO creature_template VALUES(35330, 0, 0, 0, 0, 0, 28858, 0, 0, 0, "Exodar Champion", "", "", 0, 80, 80, 2, 14, 0, 1, 2, 1, 1, 422, 586, 0, 642, 7.5, 0, 0, 1, 2, 2048, 8, 0, 0, 0, 0, 0, 345, 509, 103, 7, 2048, 0, 0, 0, 0, 0, 0, 0, 0, 0, 0, 0, 0, 0, 0, 0, 0, 0, 0, 0, 0, 0, "", 0, 3, 1, 5.95238, 1, 0, 0, 0, 0, 0, 0, 0, 0, 0, 1, 0, 0, "npc_toc5_grand_champion_minion", 12340);
REPLACE INTO creature_template VALUES(35331, 0, 0, 0, 0, 0, 28859, 0, 0, 0, "Gnomeregan Champion", "", "", 0, 80, 80, 2, 14, 0, 1, 2, 1, 1, 422, 586, 0, 642, 7.5, 0, 0, 1, 2, 2048, 8, 0, 0, 0, 0, 0, 345, 509, 103, 7, 2048, 0, 0, 0, 0, 0, 0, 0, 0, 0, 0, 0, 0, 0, 0, 0, 0, 0, 0, 0, 0, 0, "", 0, 3, 1, 5.95238, 1, 0, 0, 0, 0, 0, 0, 0, 0, 0, 1, 0, 0, "npc_toc5_grand_champion_minion", 12340);
REPLACE INTO creature_template VALUES(35332, 0, 0, 0, 0, 0, 28857, 0, 0, 0, "Darnassus Champion", "", "", 0, 80, 80, 2, 14, 0, 1, 2, 1, 1, 422, 586, 0, 642, 7.5, 0, 0, 1, 2, 2048, 8, 0, 0, 0, 0, 0, 345, 509, 103, 7, 2048, 0, 0, 0, 0, 0, 0, 0, 0, 0, 0, 0, 0, 0, 0, 0, 0, 0, 0, 0, 0, 0, "", 0, 3, 1, 5.95238, 1, 0, 0, 0, 0, 0, 0, 0, 0, 0, 1, 0, 0, "npc_toc5_grand_champion_minion", 12340);
REPLACE INTO creature_template_addon VALUES(35329, 0, 29258, 0, 1, 0, "");
REPLACE INTO creature_template_addon VALUES(35328, 0, 28912, 0, 1, 0, "");
REPLACE INTO creature_template_addon VALUES(35331, 0, 28571, 0, 1, 0, "");
REPLACE INTO creature_template_addon VALUES(35330, 0, 29255, 0, 1, 0, "");
REPLACE INTO creature_template_addon VALUES(35332, 0, 29256, 0, 1, 0, "");
REPLACE INTO creature_template_addon VALUES(35314, 0, 29260, 0, 1, 0, "");
REPLACE INTO creature_template_addon VALUES(35326, 0, 29262, 0, 1, 0, "");
REPLACE INTO creature_template_addon VALUES(35325, 0, 29259, 0, 1, 0, "");
REPLACE INTO creature_template_addon VALUES(35323, 0, 29261, 0, 1, 0, "");
REPLACE INTO creature_template_addon VALUES(35327, 0, 29257, 0, 1, 0, "");

-- Argent Confessor Paletress (34928, 35517)
REPLACE INTO creature_template VALUES(34928, 35517, 0, 0, 0, 0, 29490, 0, 0, 0, "Argent Confessor Paletress", "", "", 0, 82, 82, 2, 14, 0, 2, 1.14286, 1, 1, 763, 940, 0, 726, 7.5, 0, 0, 2, 2, 2048, 8, 0, 0, 0, 0, 0, 660, 820, 91, 7, 104, 0, 0, 0, 0, 0, 0, 0, 0, 0, 0, 0, 0, 0, 0, 0, 0, 0, 0, 0, 0, 0, "", 0, 3, 1, 8, 20, 1, 0, 0, 0, 0, 0, 0, 0, 151, 1, 650854271, 0+0x200000, "boss_paletress", 12340);
REPLACE INTO creature_template VALUES(35517, 0, 0, 0, 0, 0, 29490, 0, 0, 0, "Argent Confessor Paletress (1)", "", "", 0, 82, 82, 2, 14, 0, 2, 1.14286, 1, 1, 763, 940, 0, 726, 13, 0, 0, 2, 2, 2048, 8, 0, 0, 0, 0, 0, 660, 820, 91, 7, 104, 0, 0, 0, 0, 0, 0, 0, 0, 0, 0, 0, 0, 0, 0, 0, 0, 0, 0, 0, 0, 0, "", 0, 3, 1, 12, 30, 1, 0, 0, 0, 0, 0, 0, 0, 151, 1, 650854271, 1+0x200000, "", 12340);
DELETE FROM creature_template_addon WHERE entry IN(34928, 35517);

-- TC
DELETE FROM spell_script_names WHERE ScriptName='spell_paletress_summon_memory' AND spell_id=66545;

-- Eadric the Pure (35119, 35518)
REPLACE INTO creature_template VALUES(35119, 35518, 0, 0, 0, 0, 29616, 0, 0, 0, "Eadric the Pure", "Grand Champion of the Argent Crusade", "", 0, 82, 82, 2, 14, 0, 2, 1.42857, 1, 1, 763, 940, 0, 726, 7.5, 0, 0, 2, 2, 2048, 8, 0, 0, 0, 0, 0, 660, 820, 91, 7, 104, 0, 0, 0, 0, 0, 0, 0, 0, 0, 0, 0, 0, 0, 0, 0, 0, 0, 0, 0, 0, 0, "", 0, 3, 1, 42.5, 20, 1, 0, 0, 0, 0, 0, 0, 0, 151, 1, 650854271, 0+0x200000, "boss_eadric", 12340);
REPLACE INTO creature_template VALUES(35518, 0, 0, 0, 0, 0, 29616, 0, 0, 0, "Eadric the Pure (1)", "Grand Champion of the Argent Crusade", "", 0, 82, 82, 2, 14, 0, 2, 1.42857, 1, 1, 763, 940, 0, 726, 13, 0, 0, 2, 2, 2048, 8, 0, 0, 0, 0, 0, 660, 820, 91, 7, 104, 0, 0, 0, 0, 0, 0, 0, 0, 0, 0, 0, 0, 0, 0, 0, 0, 0, 0, 0, 0, 0, "", 0, 3, 1, 55.2, 30, 1, 0, 0, 0, 0, 0, 0, 0, 151, 1, 650854271, 1+0x200000, "", 12340);
DELETE FROM creature_template_addon WHERE entry IN(35119, 35518);

-- Memory of *
REPLACE INTO creature_template VALUES(35052, 35519, 0, 0, 0, 0, 29553, 0, 0, 0, "Memory of Algalon", "", "", 0, 82, 82, 2, 14, 0, 1, 1.14286, 1, 1, 688, 842, 0, 782, 7.5, 0, 0, 1, 2, 2048, 8, 0, 0, 0, 0, 0, 363, 521, 121, 4, 72, 0, 0, 0, 0, 0, 0, 0, 0, 0, 0, 0, 0, 0, 0, 0, 0, 0, 0, 0, 0, 0, "", 0, 3, 1, 29, 25, 1, 0, 0, 0, 0, 0, 0, 0, 150, 1, 650854271, 0+0x200000, "npc_memory", 12340);
REPLACE INTO creature_template VALUES(35519, 0, 0, 0, 0, 0, 29553, 0, 0, 0, "Memory of Algalon (1)", "", "", 0, 82, 82, 2, 14, 0, 1, 1.14286, 1, 1, 688, 842, 0, 782, 13, 0, 0, 1, 2, 2048, 0, 0, 0, 0, 0, 0, 363, 521, 121, 4, 72, 0, 0, 0, 0, 0, 0, 0, 0, 0, 0, 0, 0, 0, 0, 0, 0, 0, 0, 0, 0, 0, "", 0, 3, 1, 36, 25, 1, 0, 0, 0, 0, 0, 0, 0, 150, 1, 650854271, 1+0x200000, "", 12340);
REPLACE INTO creature_template VALUES(35041, 35520, 0, 0, 0, 0, 29546, 0, 0, 0, "Memory of Archimonde", "", "", 0, 82, 82, 2, 14, 0, 1, 1.14286, 1, 1, 688, 842, 0, 782, 7.5, 0, 0, 1, 2, 2048, 8, 0, 0, 0, 0, 0, 363, 521, 121, 3, 72, 0, 0, 0, 0, 0, 0, 0, 0, 0, 0, 0, 0, 0, 0, 0, 0, 0, 0, 0, 0, 0, "", 0, 3, 1, 29, 25, 1, 0, 0, 0, 0, 0, 0, 0, 150, 1, 650854271, 0+0x200000, "npc_memory", 12340);
REPLACE INTO creature_template VALUES(35520, 0, 0, 0, 0, 0, 29546, 0, 0, 0, "Memory of Archimonde (1)", "", "", 0, 82, 82, 2, 14, 0, 1, 1.14286, 1, 1, 688, 842, 0, 782, 13, 0, 0, 1, 2, 2048, 0, 0, 0, 0, 0, 0, 363, 521, 121, 3, 72, 0, 0, 0, 0, 0, 0, 0, 0, 0, 0, 0, 0, 0, 0, 0, 0, 0, 0, 0, 0, 0, "", 0, 3, 1, 36, 25, 1, 0, 0, 0, 0, 0, 0, 0, 150, 1, 650854271, 1+0x200000, "", 12340);
REPLACE INTO creature_template VALUES(35033, 35521, 0, 0, 0, 0, 14367, 0, 0, 0, "Memory of Chromaggus", "", "", 0, 82, 82, 2, 14, 0, 1, 1.14286, 1, 1, 688, 842, 0, 782, 7.5, 0, 0, 1, 2, 2048, 8, 0, 0, 0, 0, 0, 363, 521, 121, 2, 72, 0, 0, 0, 0, 0, 0, 0, 0, 0, 0, 0, 0, 0, 0, 0, 0, 0, 0, 0, 0, 0, "", 0, 3, 1, 29, 25, 1, 0, 0, 0, 0, 0, 0, 0, 150, 1, 650854271, 0+0x200000, "npc_memory", 12340);
REPLACE INTO creature_template VALUES(35521, 0, 0, 0, 0, 0, 14367, 0, 0, 0, "Memory of Chromaggus (1)", "", "", 0, 82, 82, 2, 14, 0, 1, 1.14286, 1, 1, 688, 842, 0, 782, 13, 0, 0, 1, 2, 2048, 0, 0, 0, 0, 0, 0, 363, 521, 121, 2, 72, 0, 0, 0, 0, 0, 0, 0, 0, 0, 0, 0, 0, 0, 0, 0, 0, 0, 0, 0, 0, 0, "", 0, 3, 1, 36, 25, 1, 0, 0, 0, 0, 0, 0, 0, 150, 1, 650854271, 1+0x200000, "", 12340);
REPLACE INTO creature_template VALUES(35046, 35522, 0, 0, 0, 0, 29549, 0, 0, 0, "Memory of Cyanigosa", "", "", 0, 82, 82, 2, 14, 0, 1, 1.14286, 1, 1, 688, 842, 0, 782, 7.5, 0, 0, 1, 2, 2048, 8, 0, 0, 0, 0, 0, 363, 521, 121, 2, 72, 0, 0, 0, 0, 0, 0, 0, 0, 0, 0, 0, 0, 0, 0, 0, 0, 0, 0, 0, 0, 0, "", 0, 3, 1, 29, 25, 1, 0, 0, 0, 0, 0, 0, 0, 150, 1, 650854271, 0+0x200000, "npc_memory", 12340);
REPLACE INTO creature_template VALUES(35522, 0, 0, 0, 0, 0, 29549, 0, 0, 0, "Memory of Cyanigosa (1)", "", "", 0, 82, 82, 2, 14, 0, 1, 1.14286, 1, 1, 688, 842, 0, 782, 13, 0, 0, 1, 2, 2048, 0, 0, 0, 0, 0, 0, 363, 521, 121, 2, 72, 0, 0, 0, 0, 0, 0, 0, 0, 0, 0, 0, 0, 0, 0, 0, 0, 0, 0, 0, 0, 0, "", 0, 3, 1, 36, 25, 1, 0, 0, 0, 0, 0, 0, 0, 150, 1, 650854271, 1+0x200000, "", 12340);
REPLACE INTO creature_template VALUES(35043, 35523, 0, 0, 0, 0, 18699, 0, 0, 0, "Memory of Delrissa", "", "", 0, 82, 82, 2, 14, 0, 1, 1.14286, 1, 1, 688, 842, 0, 782, 7.5, 0, 0, 1, 2, 2048, 8, 0, 0, 0, 0, 0, 363, 521, 121, 7, 72, 0, 0, 0, 0, 0, 0, 0, 0, 0, 0, 0, 0, 0, 0, 0, 0, 0, 0, 0, 0, 0, "", 0, 3, 1, 29, 25, 1, 0, 0, 0, 0, 0, 0, 0, 150, 1, 650854271, 0+0x200000, "npc_memory", 12340);
REPLACE INTO creature_template VALUES(35523, 0, 0, 0, 0, 0, 18699, 0, 0, 0, "Memory of Delrissa (1)", "", "", 0, 82, 82, 2, 14, 0, 1, 1.14286, 1, 1, 688, 842, 0, 782, 13, 0, 0, 1, 2, 2048, 0, 0, 0, 0, 0, 0, 363, 521, 121, 7, 72, 0, 0, 0, 0, 0, 0, 0, 0, 0, 0, 0, 0, 0, 0, 0, 0, 0, 0, 0, 0, 0, "", 0, 3, 1, 36, 25, 1, 0, 0, 0, 0, 0, 0, 0, 150, 1, 650854271, 1+0x200000, "", 12340);
REPLACE INTO creature_template VALUES(35047, 35524, 0, 0, 0, 0, 26644, 0, 0, 0, "Memory of Eck", "", "", 0, 82, 82, 2, 14, 0, 1, 1.14286, 1, 1, 688, 842, 0, 782, 7.5, 0, 0, 1, 2, 2048, 8, 0, 0, 0, 0, 0, 363, 521, 121, 7, 72, 0, 0, 0, 0, 0, 0, 0, 0, 0, 0, 0, 0, 0, 0, 0, 0, 0, 0, 0, 0, 0, "", 0, 3, 1, 29, 25, 1, 0, 0, 0, 0, 0, 0, 0, 150, 1, 650854271, 0+0x200000, "npc_memory", 12340);
REPLACE INTO creature_template VALUES(35524, 0, 0, 0, 0, 0, 26644, 0, 0, 0, "Memory of Eck (1)", "", "", 0, 82, 82, 2, 14, 0, 1, 1.14286, 1, 1, 688, 842, 0, 782, 13, 0, 0, 1, 2, 2048, 0, 0, 0, 0, 0, 0, 363, 521, 121, 7, 72, 0, 0, 0, 0, 0, 0, 0, 0, 0, 0, 0, 0, 0, 0, 0, 0, 0, 0, 0, 0, 0, "", 0, 3, 1, 36, 25, 1, 0, 0, 0, 0, 0, 0, 0, 150, 1, 650854271, 1+0x200000, "", 12340);
REPLACE INTO creature_template VALUES(35044, 35525, 0, 0, 0, 0, 23428, 0, 0, 0, "Memory of Entropius", "", "", 0, 82, 82, 2, 14, 0, 1, 1.14286, 1, 1, 688, 842, 0, 782, 7.5, 0, 0, 1, 2, 2048, 8, 0, 0, 0, 0, 0, 363, 521, 121, 10, 72, 0, 0, 0, 0, 0, 0, 0, 0, 0, 0, 0, 0, 0, 0, 0, 0, 0, 0, 0, 0, 0, "", 0, 3, 1, 29, 25, 1, 0, 0, 0, 0, 0, 0, 0, 150, 1, 650854271, 0+0x200000, "npc_memory", 12340);
REPLACE INTO creature_template VALUES(35525, 0, 0, 0, 0, 0, 23428, 0, 0, 0, "Memory of Entropius (1)", "", "", 0, 82, 82, 2, 14, 0, 1, 1.14286, 1, 1, 688, 842, 0, 782, 13, 0, 0, 1, 2, 2048, 0, 0, 0, 0, 0, 0, 363, 521, 121, 10, 72, 0, 0, 0, 0, 0, 0, 0, 0, 0, 0, 0, 0, 0, 0, 0, 0, 0, 0, 0, 0, 0, "", 0, 3, 1, 36, 25, 1, 0, 0, 0, 0, 0, 0, 0, 150, 1, 650854271, 1+0x200000, "", 12340);
REPLACE INTO creature_template VALUES(35039, 35527, 0, 0, 0, 0, 18698, 0, 0, 0, "Memory of Gruul", "", "", 0, 82, 82, 2, 14, 0, 1, 1.14286, 1, 1, 688, 842, 0, 782, 7.5, 0, 0, 1, 2, 2048, 8, 0, 0, 0, 0, 0, 363, 521, 121, 7, 72, 0, 0, 0, 0, 0, 0, 0, 0, 0, 0, 0, 0, 0, 0, 0, 0, 0, 0, 0, 0, 0, "", 0, 3, 1, 29, 25, 1, 0, 0, 0, 0, 0, 0, 0, 150, 1, 650854271, 0+0x200000, "npc_memory", 12340);
REPLACE INTO creature_template VALUES(35527, 0, 0, 0, 0, 0, 18698, 0, 0, 0, "Memory of Gruul (1)", "", "", 0, 82, 82, 2, 14, 0, 1, 1.14286, 1, 1, 688, 842, 0, 782, 13, 0, 0, 1, 2, 2048, 0, 0, 0, 0, 0, 0, 363, 521, 121, 7, 72, 0, 0, 0, 0, 0, 0, 0, 0, 0, 0, 0, 0, 0, 0, 0, 0, 0, 0, 0, 0, 0, "", 0, 3, 1, 36, 25, 1, 0, 0, 0, 0, 0, 0, 0, 150, 1, 650854271, 1+0x200000, "", 12340);
REPLACE INTO creature_template VALUES(35034, 35528, 0, 0, 0, 0, 29540, 0, 0, 0, "Memory of Hakkar", "", "", 0, 82, 82, 2, 14, 0, 1, 1.14286, 1, 1, 688, 842, 0, 782, 7.5, 0, 0, 1, 2, 2048, 8, 0, 0, 0, 0, 0, 363, 521, 121, 10, 72, 0, 0, 0, 0, 0, 0, 0, 0, 0, 0, 0, 0, 0, 0, 0, 0, 0, 0, 0, 0, 0, "", 0, 3, 1, 29, 25, 1, 0, 0, 0, 0, 0, 0, 0, 150, 1, 650854271, 0+0x200000, "npc_memory", 12340);
REPLACE INTO creature_template VALUES(35528, 0, 0, 0, 0, 0, 29540, 0, 0, 0, "Memory of Hakkar (1)", "", "", 0, 82, 82, 2, 14, 0, 1, 1.14286, 1, 1, 688, 842, 0, 782, 13, 0, 0, 1, 2, 2048, 0, 0, 0, 0, 0, 0, 363, 521, 121, 10, 72, 0, 0, 0, 0, 0, 0, 0, 0, 0, 0, 0, 0, 0, 0, 0, 0, 0, 0, 0, 0, 0, "", 0, 3, 1, 36, 25, 1, 0, 0, 0, 0, 0, 0, 0, 150, 1, 650854271, 1+0x200000, "", 12340);
REPLACE INTO creature_template VALUES(35049, 35529, 0, 0, 0, 0, 29557, 0, 0, 0, "Memory of Heigan", "", "", 0, 82, 82, 2, 14, 0, 1, 1.14286, 1, 1, 688, 842, 0, 782, 7.5, 0, 0, 1, 2, 2048, 8, 0, 0, 0, 0, 0, 363, 521, 121, 6, 72, 0, 0, 0, 0, 0, 0, 0, 0, 0, 0, 0, 0, 0, 0, 0, 0, 0, 0, 0, 0, 0, "", 0, 3, 1, 29, 25, 1, 0, 0, 0, 0, 0, 0, 0, 150, 1, 650854271, 0+0x200000, "npc_memory", 12340);
REPLACE INTO creature_template VALUES(35529, 0, 0, 0, 0, 0, 29557, 0, 0, 0, "Memory of Heigan (1)", "", "", 0, 82, 82, 2, 14, 0, 1, 1.14286, 1, 1, 688, 842, 0, 782, 13, 0, 0, 1, 2, 2048, 0, 0, 0, 0, 0, 0, 363, 521, 121, 6, 72, 0, 0, 0, 0, 0, 0, 0, 0, 0, 0, 0, 0, 0, 0, 0, 0, 0, 0, 0, 0, 0, "", 0, 3, 1, 36, 25, 1, 0, 0, 0, 0, 0, 0, 0, 150, 1, 650854271, 1+0x200000, "", 12340);
REPLACE INTO creature_template VALUES(35030, 35530, 0, 0, 0, 0, 29537, 0, 0, 0, "Memory of Herod", "", "", 0, 82, 82, 2, 14, 0, 1, 1.14286, 1, 1, 688, 842, 0, 782, 7.5, 0, 0, 1, 2, 2048, 8, 0, 0, 0, 0, 0, 363, 521, 121, 7, 72, 0, 0, 0, 0, 0, 0, 0, 0, 0, 0, 0, 0, 0, 0, 0, 0, 0, 0, 0, 0, 0, "", 0, 3, 1, 29, 25, 1, 0, 0, 0, 0, 0, 0, 0, 150, 1, 650854271, 0+0x200000, "npc_memory", 12340);
REPLACE INTO creature_template VALUES(35530, 0, 0, 0, 0, 0, 29537, 0, 0, 0, "Memory of Herod (1)", "", "", 0, 82, 82, 2, 14, 0, 1, 1.14286, 1, 1, 688, 842, 0, 782, 13, 0, 0, 1, 2, 2048, 0, 0, 0, 0, 0, 0, 363, 521, 121, 7, 72, 0, 0, 0, 0, 0, 0, 0, 0, 0, 0, 0, 0, 0, 0, 0, 0, 0, 0, 0, 0, 0, "", 0, 3, 1, 36, 25, 1, 0, 0, 0, 0, 0, 0, 0, 150, 1, 650854271, 1+0x200000, "", 12340);
REPLACE INTO creature_template VALUES(34942, 35531, 0, 0, 0, 0, 29525, 0, 0, 0, "Memory of Hogger", "", "", 0, 82, 82, 2, 14, 0, 1, 1.14286, 1, 1, 688, 842, 0, 782, 7.5, 0, 0, 1, 2, 2048, 8, 0, 0, 0, 0, 0, 363, 521, 121, 7, 72, 0, 0, 0, 0, 0, 0, 0, 0, 0, 0, 0, 0, 0, 0, 0, 0, 0, 0, 0, 0, 0, "", 0, 3, 1, 29, 25, 1, 0, 0, 0, 0, 0, 0, 0, 150, 1, 650854271, 0+0x200000, "npc_memory", 12340);
REPLACE INTO creature_template VALUES(35531, 0, 0, 0, 0, 0, 29525, 0, 0, 0, "Memory of Hogger (1)", "", "", 0, 82, 82, 2, 14, 0, 1, 1.14286, 1, 1, 688, 842, 0, 782, 13, 0, 0, 1, 2, 2048, 0, 0, 0, 0, 0, 0, 363, 521, 121, 7, 72, 0, 0, 0, 0, 0, 0, 0, 0, 0, 0, 0, 0, 0, 0, 0, 0, 0, 0, 0, 0, 0, "", 0, 3, 1, 36, 25, 1, 0, 0, 0, 0, 0, 0, 0, 150, 1, 650854271, 1+0x200000, "", 12340);
REPLACE INTO creature_template VALUES(35050, 35532, 0, 0, 0, 0, 29551, 0, 0, 0, "Memory of Ignis", "", "", 0, 82, 82, 2, 14, 0, 1, 1.14286, 1, 1, 688, 842, 0, 782, 7.5, 0, 0, 1, 2, 2048, 8, 0, 0, 0, 0, 0, 363, 521, 121, 5, 72, 0, 0, 0, 0, 0, 0, 0, 0, 0, 0, 0, 0, 0, 0, 0, 0, 0, 0, 0, 0, 0, "", 0, 3, 1, 29, 25, 1, 0, 0, 0, 0, 0, 0, 0, 150, 1, 650854271, 0+0x200000, "npc_memory", 12340);
REPLACE INTO creature_template VALUES(35532, 0, 0, 0, 0, 0, 29551, 0, 0, 0, "Memory of Ignis (1)", "", "", 0, 82, 82, 2, 14, 0, 1, 1.14286, 1, 1, 688, 842, 0, 782, 13, 0, 0, 1, 2, 2048, 0, 0, 0, 0, 0, 0, 363, 521, 121, 5, 72, 0, 0, 0, 0, 0, 0, 0, 0, 0, 0, 0, 0, 0, 0, 0, 0, 0, 0, 0, 0, 0, "", 0, 3, 1, 36, 25, 1, 0, 0, 0, 0, 0, 0, 0, 150, 1, 650854271, 1+0x200000, "", 12340);
REPLACE INTO creature_template VALUES(35042, 35533, 0, 0, 0, 0, 29547, 0, 0, 0, "Memory of Illidan", "", "", 0, 82, 82, 2, 14, 0, 1, 1.14286, 1, 1, 688, 842, 0, 782, 7.5, 0, 0, 1, 2, 2048, 8, 0, 0, 0, 0, 0, 363, 521, 121, 3, 72, 0, 0, 0, 0, 0, 0, 0, 0, 0, 0, 0, 0, 0, 0, 0, 0, 0, 0, 0, 0, 0, "", 0, 3, 1, 29, 25, 1, 0, 0, 0, 0, 0, 0, 0, 150, 1, 650854271, 0+0x200000, "npc_memory", 12340);
REPLACE INTO creature_template VALUES(35533, 0, 0, 0, 0, 0, 29547, 0, 0, 0, "Memory of Illidan (1)", "", "", 0, 82, 82, 2, 14, 0, 1, 1.14286, 1, 1, 688, 842, 0, 782, 13, 0, 0, 1, 2, 2048, 0, 0, 0, 0, 0, 0, 363, 521, 121, 3, 72, 0, 0, 0, 0, 0, 0, 0, 0, 0, 0, 0, 0, 0, 0, 0, 0, 0, 0, 0, 0, 0, "", 0, 3, 1, 36, 25, 1, 0, 0, 0, 0, 0, 0, 0, 150, 1, 650854271, 1+0x200000, "", 12340);
REPLACE INTO creature_template VALUES(35045, 35534, 0, 0, 0, 0, 29558, 0, 0, 0, "Memory of Ingvar", "", "", 0, 82, 82, 2, 14, 0, 1, 1.14286, 1, 1, 688, 842, 0, 782, 7.5, 0, 0, 1, 2, 2048, 8, 0, 0, 0, 0, 0, 363, 521, 121, 6, 72, 0, 0, 0, 0, 0, 0, 0, 0, 0, 0, 0, 0, 0, 0, 0, 0, 0, 0, 0, 0, 0, "", 0, 3, 1, 29, 25, 1, 0, 0, 0, 0, 0, 0, 0, 150, 1, 650854271, 0+0x200000, "npc_memory", 12340);
REPLACE INTO creature_template VALUES(35534, 0, 0, 0, 0, 0, 29558, 0, 0, 0, "Memory of Ingvar (1)", "", "", 0, 82, 82, 2, 14, 0, 1, 1.14286, 1, 1, 688, 842, 0, 782, 13, 0, 0, 1, 2, 2048, 0, 0, 0, 0, 0, 0, 363, 521, 121, 6, 72, 0, 0, 0, 0, 0, 0, 0, 0, 0, 0, 0, 0, 0, 0, 0, 0, 0, 0, 0, 0, 0, "", 0, 3, 1, 36, 25, 1, 0, 0, 0, 0, 0, 0, 0, 150, 1, 650854271, 1+0x200000, "", 12340);
REPLACE INTO creature_template VALUES(35037, 35535, 0, 0, 0, 0, 29542, 0, 0, 0, "Memory of Kalithresh", "", "", 0, 82, 82, 2, 14, 0, 1, 1.14286, 1, 1, 688, 842, 0, 782, 7.5, 0, 0, 1, 2, 2048, 8, 0, 0, 0, 0, 0, 363, 521, 121, 7, 72, 0, 0, 0, 0, 0, 0, 0, 0, 0, 0, 0, 0, 0, 0, 0, 0, 0, 0, 0, 0, 0, "", 0, 3, 1, 29, 25, 1, 0, 0, 0, 0, 0, 0, 0, 150, 1, 650854271, 0+0x200000, "npc_memory", 12340);
REPLACE INTO creature_template VALUES(35535, 0, 0, 0, 0, 0, 29542, 0, 0, 0, "Memory of Kalithresh (1)", "", "", 0, 82, 82, 2, 14, 0, 1, 1.14286, 1, 1, 688, 842, 0, 782, 13, 0, 0, 1, 2, 2048, 0, 0, 0, 0, 0, 0, 363, 521, 121, 7, 72, 0, 0, 0, 0, 0, 0, 0, 0, 0, 0, 0, 0, 0, 0, 0, 0, 0, 0, 0, 0, 0, "", 0, 3, 1, 36, 25, 1, 0, 0, 0, 0, 0, 0, 0, 150, 1, 650854271, 1+0x200000, "", 12340);
REPLACE INTO creature_template VALUES(35031, 35536, 0, 0, 0, 0, 29562, 0, 0, 0, "Memory of Lucifron", "", "", 0, 82, 82, 2, 14, 0, 1, 1.14286, 1, 1, 688, 842, 0, 782, 7.5, 0, 0, 1, 2, 2048, 8, 0, 0, 0, 0, 0, 363, 521, 121, 7, 72, 0, 0, 0, 0, 0, 0, 0, 0, 0, 0, 0, 0, 0, 0, 0, 0, 0, 0, 0, 0, 0, "", 0, 3, 1, 29, 25, 1, 0, 0, 0, 0, 0, 0, 0, 150, 1, 650854271, 0+0x200000, "npc_memory", 12340);
REPLACE INTO creature_template VALUES(35536, 0, 0, 0, 0, 0, 29562, 0, 0, 0, "Memory of Lucifron (1)", "", "", 0, 82, 82, 2, 14, 0, 1, 1.14286, 1, 1, 688, 842, 0, 782, 13, 0, 0, 1, 2, 2048, 0, 0, 0, 0, 0, 0, 363, 521, 121, 7, 72, 0, 0, 0, 0, 0, 0, 0, 0, 0, 0, 0, 0, 0, 0, 0, 0, 0, 0, 0, 0, 0, "", 0, 3, 1, 36, 25, 1, 0, 0, 0, 0, 0, 0, 0, 150, 1, 650854271, 1+0x200000, "", 12340);
REPLACE INTO creature_template VALUES(35038, 35537, 0, 0, 0, 0, 29543, 0, 0, 0, "Memory of Malchezaar", "", "", 0, 82, 82, 2, 14, 0, 1, 1.14286, 1, 1, 688, 842, 0, 782, 7.5, 0, 0, 1, 2, 2048, 8, 0, 0, 0, 0, 0, 363, 521, 121, 3, 72, 0, 0, 0, 0, 0, 0, 0, 0, 0, 0, 0, 0, 0, 0, 0, 0, 0, 0, 0, 0, 0, "", 0, 3, 1, 29, 25, 1, 0, 0, 0, 0, 0, 0, 0, 150, 1, 650854271, 0+0x200000, "npc_memory", 12340);
REPLACE INTO creature_template VALUES(35537, 0, 0, 0, 0, 0, 29543, 0, 0, 0, "Memory of Malchezaar (1)", "", "", 0, 82, 82, 2, 14, 0, 1, 1.14286, 1, 1, 688, 842, 0, 782, 13, 0, 0, 1, 2, 2048, 0, 0, 0, 0, 0, 0, 363, 521, 121, 3, 72, 0, 0, 0, 0, 0, 0, 0, 0, 0, 0, 0, 0, 0, 0, 0, 0, 0, 0, 0, 0, 0, "", 0, 3, 1, 36, 25, 1, 0, 0, 0, 0, 0, 0, 0, 150, 1, 650854271, 1+0x200000, "", 12340);
REPLACE INTO creature_template VALUES(35029, 35538, 0, 0, 0, 0, 29556, 0, 0, 0, "Memory of Mutanus", "", "", 0, 82, 82, 2, 14, 0, 1, 1.14286, 1, 1, 688, 842, 0, 782, 7.5, 0, 0, 1, 2, 2048, 8, 0, 0, 0, 0, 0, 363, 521, 121, 7, 72, 0, 0, 0, 0, 0, 0, 0, 0, 0, 0, 0, 0, 0, 0, 0, 0, 0, 0, 0, 0, 0, "", 0, 3, 1, 29, 25, 1, 0, 0, 0, 0, 0, 0, 0, 150, 1, 650854271, 0+0x200000, "npc_memory", 12340);
REPLACE INTO creature_template VALUES(35538, 0, 0, 0, 0, 0, 29556, 0, 0, 0, "Memory of Mutanus (1)", "", "", 0, 82, 82, 2, 14, 0, 1, 1.14286, 1, 1, 688, 842, 0, 782, 13, 0, 0, 1, 2, 2048, 0, 0, 0, 0, 0, 0, 363, 521, 121, 7, 72, 0, 0, 0, 0, 0, 0, 0, 0, 0, 0, 0, 0, 0, 0, 0, 0, 0, 0, 0, 0, 0, "", 0, 3, 1, 36, 25, 1, 0, 0, 0, 0, 0, 0, 0, 150, 1, 650854271, 1+0x200000, "", 12340);
REPLACE INTO creature_template VALUES(35048, 35539, 0, 0, 0, 0, 21401, 0, 0, 0, "Memory of Onyxia", "", "", 0, 82, 82, 2, 14, 0, 1, 1.14286, 1, 1, 688, 842, 0, 782, 7.5, 0, 0, 1, 2, 2048, 8, 0, 0, 0, 0, 0, 363, 521, 121, 2, 72, 0, 0, 0, 0, 0, 0, 0, 0, 0, 0, 0, 0, 0, 0, 0, 0, 0, 0, 0, 0, 0, "", 0, 3, 1, 29, 25, 1, 0, 0, 0, 0, 0, 0, 0, 150, 1, 650854271, 0+0x200000, "npc_memory", 12340);
REPLACE INTO creature_template VALUES(35539, 0, 0, 0, 0, 0, 21401, 0, 0, 0, "Memory of Onyxia (1)", "", "", 0, 82, 82, 2, 14, 0, 1, 1.14286, 1, 1, 688, 842, 0, 782, 13, 0, 0, 1, 2, 2048, 0, 0, 0, 0, 0, 0, 363, 521, 121, 2, 72, 0, 0, 0, 0, 0, 0, 0, 0, 0, 0, 0, 0, 0, 0, 0, 0, 0, 0, 0, 0, 0, "", 0, 3, 1, 36, 25, 1, 0, 0, 0, 0, 0, 0, 0, 150, 1, 650854271, 1+0x200000, "", 12340);
REPLACE INTO creature_template VALUES(35032, 35540, 0, 0, 0, 0, 25840, 0, 0, 0, "Memory of Thunderaan", "", "", 0, 82, 82, 2, 14, 0, 1, 1.14286, 1, 1, 688, 842, 0, 782, 7.5, 0, 0, 1, 2, 2048, 8, 0, 0, 0, 0, 0, 363, 521, 121, 4, 72, 0, 0, 0, 0, 0, 0, 0, 0, 0, 0, 0, 0, 0, 0, 0, 0, 0, 0, 0, 0, 0, "", 0, 3, 1, 29, 25, 1, 0, 0, 0, 0, 0, 0, 0, 150, 1, 650854271, 0+0x200000, "npc_memory", 12340);
REPLACE INTO creature_template VALUES(35540, 0, 0, 0, 0, 0, 25840, 0, 0, 0, "Memory of Thunderaan (1)", "", "", 0, 82, 82, 2, 14, 0, 1, 1.14286, 1, 1, 688, 842, 0, 782, 13, 0, 0, 1, 2, 2048, 0, 0, 0, 0, 0, 0, 363, 521, 121, 4, 72, 0, 0, 0, 0, 0, 0, 0, 0, 0, 0, 0, 0, 0, 0, 0, 0, 0, 0, 0, 0, 0, "", 0, 3, 1, 36, 25, 1, 0, 0, 0, 0, 0, 0, 0, 150, 1, 650854271, 1+0x200000, "", 12340);
REPLACE INTO creature_template VALUES(35028, 35541, 0, 0, 0, 0, 29536, 0, 0, 0, "Memory of VanCleef", "", "", 0, 82, 82, 2, 14, 0, 1, 1.14286, 1, 1, 688, 842, 0, 782, 7.5, 0, 0, 1, 2, 2048, 8, 0, 0, 0, 0, 0, 363, 521, 121, 7, 72, 0, 0, 0, 0, 0, 0, 0, 0, 0, 0, 0, 0, 0, 0, 0, 0, 0, 0, 0, 0, 0, "", 0, 3, 1, 29, 25, 1, 0, 0, 0, 0, 0, 0, 0, 150, 1, 650854271, 0+0x200000, "npc_memory", 12340);
REPLACE INTO creature_template VALUES(35541, 0, 0, 0, 0, 0, 29536, 0, 0, 0, "Memory of VanCleef (1)", "", "", 0, 82, 82, 2, 14, 0, 1, 1.14286, 1, 1, 688, 842, 0, 782, 13, 0, 0, 1, 2, 2048, 0, 0, 0, 0, 0, 0, 363, 521, 121, 7, 72, 0, 0, 0, 0, 0, 0, 0, 0, 0, 0, 0, 0, 0, 0, 0, 0, 0, 0, 0, 0, 0, "", 0, 3, 1, 36, 25, 1, 0, 0, 0, 0, 0, 0, 0, 150, 1, 650854271, 1+0x200000, "", 12340);
REPLACE INTO creature_template VALUES(35040, 35542, 0, 0, 0, 0, 29545, 0, 0, 0, "Memory of Vashj", "", "", 0, 82, 82, 2, 14, 0, 1, 1.14286, 1, 1, 688, 842, 0, 782, 7.5, 0, 0, 1, 2, 2048, 8, 0, 0, 0, 0, 0, 363, 521, 121, 7, 72, 0, 0, 0, 0, 0, 0, 0, 0, 0, 0, 0, 0, 0, 0, 0, 0, 0, 0, 0, 0, 0, "", 0, 3, 1, 29, 25, 1, 0, 0, 0, 0, 0, 0, 0, 150, 1, 650854271, 0+0x200000, "npc_memory", 12340);
REPLACE INTO creature_template VALUES(35542, 0, 0, 0, 0, 0, 29545, 0, 0, 0, "Memory of Vashj (1)", "", "", 0, 82, 82, 2, 14, 0, 1, 1.14286, 1, 1, 688, 842, 0, 782, 13, 0, 0, 1, 2, 2048, 0, 0, 0, 0, 0, 0, 363, 521, 121, 7, 72, 0, 0, 0, 0, 0, 0, 0, 0, 0, 0, 0, 0, 0, 0, 0, 0, 0, 0, 0, 0, 0, "", 0, 3, 1, 36, 25, 1, 0, 0, 0, 0, 0, 0, 0, 150, 1, 650854271, 1+0x200000, "", 12340);
REPLACE INTO creature_template VALUES(35036, 35543, 0, 0, 0, 0, 29541, 0, 0, 0, "Memory of Vek'nilash", "", "", 0, 82, 82, 2, 14, 0, 1, 1.14286, 1, 1, 688, 842, 0, 782, 7.5, 0, 0, 1, 2, 2048, 8, 0, 0, 0, 0, 0, 363, 521, 121, 10, 72, 0, 0, 0, 0, 0, 0, 0, 0, 0, 0, 0, 0, 0, 0, 0, 0, 0, 0, 0, 0, 0, "", 0, 3, 1, 29, 25, 1, 0, 0, 0, 0, 0, 0, 0, 150, 1, 650854271, 0+0x200000, "npc_memory", 12340);
REPLACE INTO creature_template VALUES(35543, 0, 0, 0, 0, 0, 29541, 0, 0, 0, "Memory of Vek'nilash (1)", "", "", 0, 82, 82, 2, 14, 0, 1, 1.14286, 1, 1, 688, 842, 0, 782, 13, 0, 0, 1, 2, 2048, 0, 0, 0, 0, 0, 0, 363, 521, 121, 10, 72, 0, 0, 0, 0, 0, 0, 0, 0, 0, 0, 0, 0, 0, 0, 0, 0, 0, 0, 0, 0, 0, "", 0, 3, 1, 36, 25, 1, 0, 0, 0, 0, 0, 0, 0, 150, 1, 650854271, 1+0x200000, "", 12340);
REPLACE INTO creature_template VALUES(35051, 35544, 0, 0, 0, 0, 29552, 0, 0, 0, "Memory of Vezax", "", "", 0, 82, 82, 2, 14, 0, 1, 1.14286, 1, 1, 688, 842, 0, 782, 7.5, 0, 0, 1, 2, 2048, 8, 0, 0, 0, 0, 0, 363, 521, 121, 10, 72, 0, 0, 0, 0, 0, 0, 0, 0, 0, 0, 0, 0, 0, 0, 0, 0, 0, 0, 0, 0, 0, "", 0, 3, 1, 29, 25, 1, 0, 0, 0, 0, 0, 0, 0, 150, 1, 650854271, 0+0x200000, "npc_memory", 12340);
REPLACE INTO creature_template VALUES(35544, 0, 0, 0, 0, 0, 29552, 0, 0, 0, "Memory of Vezax (1)", "", "", 0, 82, 82, 2, 14, 0, 1, 1.14286, 1, 1, 688, 842, 0, 782, 13, 0, 0, 1, 2, 2048, 0, 0, 0, 0, 0, 0, 363, 521, 121, 10, 72, 0, 0, 0, 0, 0, 0, 0, 0, 0, 0, 0, 0, 0, 0, 0, 0, 0, 0, 0, 0, 0, "", 0, 3, 1, 36, 25, 1, 0, 0, 0, 0, 0, 0, 0, 150, 1, 650854271, 1+0x200000, "", 12340);

-- Argent Monk (35305,35306), Argent Priestess (35307,35308), Argent Lightwielder (35309,35310)
REPLACE INTO creature_template VALUES(35305, 35306, 0, 0, 0, 0, 29758, 29759, 0, 0, "Argent Monk", "", "", 0, 80, 80, 2, 16, 0, 1, 1.14286, 1, 1, 422, 586, 0, 642, 7.5, 2400, 0, 1, 2, 2048, 8, 0, 0, 0, 0, 0, 345, 509, 103, 7, 8, 35305, 0, 0, 0, 0, 0, 0, 0, 0, 0, 0, 0, 0, 0, 0, 0, 0, 0, 0, 0, 0, "", 0, 3, 1, 8, 1, 1, 0, 0, 0, 0, 0, 0, 0, 0, 1, 0, 0, "npc_argent_soldier", 12340);
REPLACE INTO creature_template VALUES(35306, 0, 0, 0, 0, 0, 29758, 29759, 0, 0, "Argent Monk (1)", "", "", 0, 80, 80, 2, 16, 0, 1, 1.14286, 1, 1, 422, 586, 0, 642, 13, 2400, 0, 1, 2, 2048, 8, 0, 0, 0, 0, 0, 345, 509, 103, 7, 8, 35305, 0, 0, 0, 0, 0, 0, 0, 0, 0, 0, 0, 0, 0, 0, 0, 0, 0, 0, 0, 0, "", 0, 3, 1, 10, 1, 1, 0, 0, 0, 0, 0, 0, 0, 0, 1, 0, 0, "", 12340);
REPLACE INTO creature_template VALUES(35307, 35308, 0, 0, 0, 0, 29760, 29761, 0, 0, "Argent Priestess", "", "", 0, 80, 80, 2, 16, 0, 1, 1.14286, 1, 1, 417, 582, 0, 608, 7.5, 2400, 0, 2, 2, 2048, 8, 0, 0, 0, 0, 0, 341, 506, 80, 7, 8, 35307, 0, 0, 0, 0, 0, 0, 0, 0, 0, 0, 0, 0, 0, 0, 0, 0, 0, 0, 0, 0, "", 0, 3, 1, 8, 8, 1, 0, 0, 0, 0, 0, 0, 0, 0, 1, 0, 0, "npc_argent_soldier", 12340);
REPLACE INTO creature_template VALUES(35308, 0, 0, 0, 0, 0, 29760, 29761, 0, 0, "Argent Priestess (1)", "", "", 0, 80, 80, 2, 16, 0, 1, 1.14286, 1, 1, 417, 582, 0, 608, 13, 2400, 0, 2, 2, 2048, 8, 0, 0, 0, 0, 0, 341, 506, 80, 7, 8, 35307, 0, 0, 0, 0, 0, 0, 0, 0, 0, 0, 0, 0, 0, 0, 0, 0, 0, 0, 0, 0, "", 0, 3, 1, 10, 12, 1, 0, 0, 0, 0, 0, 0, 0, 0, 1, 0, 0, "", 12340);
REPLACE INTO creature_template VALUES(35309, 35310, 0, 0, 0, 0, 29762, 29763, 0, 0, "Argent Lightwielder", "", "", 0, 80, 80, 2, 16, 0, 1, 1.14286, 1, 1, 417, 582, 0, 608, 7.5, 2400, 0, 2, 2, 2048, 8, 0, 0, 0, 0, 0, 341, 506, 80, 7, 8, 35309, 0, 0, 0, 0, 0, 0, 0, 0, 0, 0, 0, 0, 0, 0, 0, 0, 0, 0, 0, 0, "", 0, 3, 1, 8, 5, 1, 0, 0, 0, 0, 0, 0, 0, 0, 1, 0, 0, "npc_argent_soldier", 12340);
REPLACE INTO creature_template VALUES(35310, 0, 0, 0, 0, 0, 29762, 29763, 0, 0, "Argent Lightwielder (1)", "", "", 0, 80, 80, 2, 16, 0, 1, 1.14286, 1, 1, 417, 582, 0, 608, 13, 2400, 0, 2, 2, 2048, 8, 0, 0, 0, 0, 0, 341, 506, 80, 7, 8, 35309, 0, 0, 0, 0, 0, 0, 0, 0, 0, 0, 0, 0, 0, 0, 0, 0, 0, 0, 0, 0, "", 0, 3, 1, 10, 10, 1, 0, 0, 0, 0, 0, 0, 0, 0, 1, 0, 0, "", 12340);
REPLACE INTO creature_template VALUES(35311, 36135, 0, 0, 0, 0, 27769, 0, 0, 0, "Fountain of Light", "", "", 0, 79, 80, 0, 16, 0, 1, 0.992063, 1, 0, 1, 1, 0, 1, 1, 0, 0, 1, 131076, 2048, 8, 0, 0, 0, 0, 0, 1, 1, 1, 11, 1024, 0, 0, 0, 0, 0, 0, 0, 0, 0, 0, 0, 0, 0, 0, 0, 0, 0, 0, 0, 0, 0, "NullCreatureAI", 0, 3, 1, 1, 1, 1, 0, 0, 0, 0, 0, 0, 0, 0, 0, 650854271, 2+0x200000, "", 12340);
REPLACE INTO creature_template VALUES(36135, 0, 0, 0, 0, 0, 27769, 0, 0, 0, "Fountain of Light (1)", "", "", 0, 80, 80, 0, 16, 0, 1, 0.992063, 1, 0, 1, 1, 0, 1, 1, 0, 0, 1, 131076, 2048, 8, 0, 0, 0, 0, 0, 1, 1, 1, 11, 1024, 0, 0, 0, 0, 0, 0, 0, 0, 0, 0, 0, 0, 0, 0, 0, 0, 0, 0, 0, 0, 0, "", 0, 3, 1, 1.75, 1, 1, 0, 0, 0, 0, 0, 0, 0, 0, 0, 650854271, 2+0x200000, "", 12340);
REPLACE INTO creature_template_addon VALUES(35311, 0, 0, 0, 1, 0, "67196");
REPLACE INTO creature_template_addon VALUES(36135, 0, 0, 0, 1, 0, "67196");

DELETE FROM spell_script_names WHERE spell_id IN(67197, 67292, -67197, -67292);
DELETE FROM spell_scripts WHERE id IN(67197, 67292, -67197, -67292);
DELETE FROM spell_linked_spell WHERE spell_trigger IN(67197, 67292, -67197, -67292) OR spell_effect IN(67197, 67292, -67197, -67292);
DELETE FROM conditions WHERE SourceTypeOrReferenceId=13 AND SourceEntry IN(67197, 67292);
REPLACE INTO spell_script_names VALUES(67197, "spell_toc5_light_rain"),(67292, "spell_toc5_light_rain");

-- Black Knight's Skeletal Gryphon (35491)
REPLACE INTO creature_template VALUES(35491, 0, 0, 0, 0, 0, 29842, 0, 0, 0, "Black Knight's Skeletal Gryphon", "", "", 0, 80, 80, 2, 14, 0, 3, 3, 1, 1, 422, 586, 0, 642, 7.5, 2000, 0, 1, 2, 2048, 8, 0, 0, 0, 0, 0, 345, 509, 103, 6, 1048576, 0, 0, 0, 0, 0, 0, 0, 0, 0, 0, 0, 0, 0, 0, 0, 0, 0, 0, 107, 0, 0, "", 0, 5, 1, 15, 1, 1, 0, 0, 0, 0, 0, 0, 0, 164, 1, 0, 0, "npc_black_knight_skeletal_gryphon", 12340);
DELETE FROM script_waypoint WHERE entry=35491;
INSERT INTO script_waypoint VALUES(35491, 1, 754.709, 646.999, 442.961, 0, "");
INSERT INTO script_waypoint VALUES(35491, 2, 738.85, 637.289, 439.134, 0, "");
INSERT INTO script_waypoint VALUES(35491, 3, 727.272, 619.164, 438.186, 0, "");
INSERT INTO script_waypoint VALUES(35491, 4, 733.524, 608.939, 433.711, 0, "");
INSERT INTO script_waypoint VALUES(35491, 5, 745.537, 605.399, 428.795, 0, "");
INSERT INTO script_waypoint VALUES(35491, 6, 754.46, 607.124, 426.542, 0, "");
INSERT INTO script_waypoint VALUES(35491, 7, 763.48, 616.796, 422.603, 0, "");
INSERT INTO script_waypoint VALUES(35491, 8, 761.823, 625.299, 418.482, 0, "");
INSERT INTO script_waypoint VALUES(35491, 9, 757.923, 631.506, 415.966, 0, "");
INSERT INTO script_waypoint VALUES(35491, 10, 754.841, 634.505, 413.575, 0, "");
INSERT INTO script_waypoint VALUES(35491, 11, 751.37, 631.17, 411.575, 1000, "");
INSERT INTO script_waypoint VALUES(35491, 12, 751.27, 631.07, 411.575, 0, "");
INSERT INTO script_waypoint VALUES(35491, 13, 743.15, 635.657, 414.29, 0, "");
INSERT INTO script_waypoint VALUES(35491, 14, 717.22, 630.0, 421.41, 0, "");
INSERT INTO script_waypoint VALUES(35491, 15, 718.415, 595.0, 424.77, 0, "");
INSERT INTO script_waypoint VALUES(35491, 16, 744.57, 580.29, 429.1, 0, "");
INSERT INTO script_waypoint VALUES(35491, 17, 786.75, 607.23, 437.0, 0, "");
INSERT INTO script_waypoint VALUES(35491, 18, 782.85, 639.0, 445.22, 0, "");
INSERT INTO script_waypoint VALUES(35491, 19, 752.55, 655.9, 454.055, 0, "");

-- Black Knight (35451,35490)
REPLACE INTO creature_template VALUES(35451, 35490, 0, 0, 0, 0, 29837, 0, 0, 0, "The Black Knight", "", "", 0, 80, 80, 2, 14, 0, 1, 1.14286, 1, 1, 822, 986, 0, 642, 7.5, 1800, 0, 1, 2, 2048, 8, 0, 0, 0, 0, 0, 745, 909, 103, 6, 72, 35451, 0, 0, 0, 0, 0, 0, 0, 0, 0, 0, 0, 0, 0, 0, 0, 0, 0, 0, 0, 0, "", 0, 3, 1, 16, 1, 1, 0, 0, 0, 0, 0, 0, 0, 0, 1, 650854271, 0+0x200000, "boss_black_knight", 12340);
REPLACE INTO creature_template VALUES(35490, 0, 0, 0, 0, 0, 29837, 0, 0, 0, "The Black Knight (1)", "", "", 0, 80, 80, 2, 14, 0, 1, 1.14286, 1, 1, 822, 986, 0, 642, 13, 1800, 0, 1, 2, 2048, 8, 0, 0, 0, 0, 0, 745, 909, 103, 6, 72, 35490, 0, 0, 0, 0, 0, 0, 0, 0, 0, 0, 0, 0, 0, 0, 0, 0, 0, 0, 0, 0, "", 0, 3, 1, 22, 1, 1, 0, 48418, 0, 0, 0, 0, 0, 0, 1, 650854271, 1+0x200000, "", 12340);

-- Risen Jaeren (35545,35546)
REPLACE INTO creature_template VALUES(35545, 35546, 0, 0, 0, 0, 25528, 0, 0, 0, "Risen Jaeren Sunsworn", "Black Knight's Minion", "", 0, 80, 80, 2, 14, 0, 1, 1.14286, 1, 0, 422, 586, 0, 642, 3, 0, 0, 1, 0, 2048, 8, 0, 0, 0, 0, 0, 345, 509, 103, 6, 72, 0, 0, 0, 0, 0, 0, 0, 0, 0, 0, 0, 0, 0, 0, 0, 0, 0, 0, 0, 0, 0, "", 0, 3, 1, 2.5, 1, 1, 0, 0, 0, 0, 0, 0, 0, 0, 1, 0, 0, "npc_black_knight_ghoul", 12340);
REPLACE INTO creature_template VALUES(35546, 0, 0, 0, 0, 0, 25528, 0, 0, 0, "Risen Jaeren Sunsworn (1)", "Black Knight's Minion", "", 0, 80, 80, 2, 14, 0, 1, 1.14286, 1, 0, 422, 586, 0, 642, 6, 0, 0, 1, 0, 2048, 8, 0, 0, 0, 0, 0, 345, 509, 103, 6, 72, 0, 0, 0, 0, 0, 0, 0, 0, 0, 0, 0, 0, 0, 0, 0, 0, 0, 0, 0, 0, 0, "", 0, 3, 1, 4, 1, 1, 0, 0, 0, 0, 0, 0, 0, 0, 1, 0, 0, "", 12340);
DELETE FROM smart_scripts WHERE entryorguid=35545;

-- Risen Arelas (35564,35568)
REPLACE INTO creature_template VALUES(35564, 35568, 0, 0, 0, 0, 25528, 0, 0, 0, "Risen Arelas Brightstar", "Black Knight's Minion", "", 0, 80, 80, 2, 14, 0, 1, 1.14286, 1, 0, 422, 586, 0, 642, 3, 2400, 0, 1, 0, 2048, 8, 0, 0, 0, 0, 0, 345, 509, 103, 6, 72, 0, 0, 0, 0, 0, 0, 0, 0, 0, 0, 0, 0, 0, 0, 0, 0, 0, 0, 0, 0, 0, "", 0, 3, 1, 2.5, 1, 1, 0, 0, 0, 0, 0, 0, 0, 0, 1, 0, 0, "npc_black_knight_ghoul", 12340);
REPLACE INTO creature_template VALUES(35568, 0, 0, 0, 0, 0, 25528, 0, 0, 0, "Risen Arelas Brightstar (1)", "Black Knight's Minion", "", 0, 80, 80, 2, 14, 0, 1, 1.14286, 1, 0, 422, 586, 0, 642, 6, 2400, 0, 1, 0, 2048, 8, 0, 0, 0, 0, 0, 345, 509, 0, 6, 72, 0, 0, 0, 0, 0, 0, 0, 0, 0, 0, 0, 0, 0, 0, 0, 0, 0, 0, 0, 0, 0, "", 0, 3, 1, 4, 1, 1, 0, 0, 0, 0, 0, 0, 0, 0, 1, 0, 0, "", 12340);
DELETE FROM smart_scripts WHERE entryorguid=35564;

-- Risen Champion (35590,35717)
REPLACE INTO creature_template VALUES(35590, 35717, 0, 0, 0, 0, 24996, 24999, 24997, 0, "Risen Champion", "Black Knight's Minion", "", 0, 80, 80, 2, 14, 0, 1, 1.14286, 1, 0, 422, 586, 0, 642, 3, 2000, 0, 1, 0, 2048, 8, 0, 0, 0, 0, 0, 345, 509, 103, 6, 72, 0, 0, 0, 0, 0, 0, 0, 0, 0, 0, 0, 0, 0, 0, 0, 0, 0, 0, 0, 0, 0, "", 0, 3, 1, 1.5, 1, 1, 0, 0, 0, 0, 0, 0, 0, 0, 1, 0, 0, "npc_black_knight_ghoul", 12340);
REPLACE INTO creature_template VALUES(35717, 0, 0, 0, 0, 0, 24996, 24999, 24997, 0, "Risen Champion (1)", "Black Knight's Minion", "", 0, 80, 80, 2, 14, 0, 1, 1.14286, 1, 0, 422, 586, 0, 642, 6, 2000, 0, 1, 0, 2048, 8, 0, 0, 0, 0, 0, 345, 509, 0, 6, 72, 0, 0, 0, 0, 0, 0, 0, 0, 0, 0, 0, 0, 0, 0, 0, 0, 0, 0, 0, 0, 0, "", 0, 3, 1, 3, 1, 1, 0, 0, 0, 0, 0, 0, 0, 0, 1, 0, 0, "", 12340);
DELETE FROM smart_scripts WHERE entryorguid=35590;

-- Optimization
UPDATE creature_template SET AIName="NullCreatureAI" WHERE entry IN(33628,34970,34868,35016,34974,34975,34966,34977,34871,34856,34870,34869,34979,34859,34861,34904,34905,34860,34857,34902,34901,34883,34903,34858);




-- ###################
-- ### MISC
-- ###################

-- creature_model_info
UPDATE creature_model_info SET combat_reach=0 WHERE modelid IN( SELECT mount FROM creature_template_addon WHERE entry IN(34705,34702,34701,34657,34703,36086,36083,36082,36087,36088,35569,35570,35571,35572,35617,36085,36091,36090,36089,36084,35329,35328,35331,35330,35332,35314,35326,35325,35323,35327) );
UPDATE creature_model_info SET combat_reach=0 WHERE modelid IN( SELECT modelid1 FROM creature_template WHERE entry IN(34705,34702,34701,34657,34703,36086,36083,36082,36087,36088,35569,35570,35571,35572,35617,36085,36091,36090,36089,36084,35329,35328,35331,35330,35332,35314,35326,35325,35323,35327) );

-- vehicles, vehicle_template_accessory
UPDATE creature_template SET ScriptName="" WHERE entry IN(35638, 35635, 35640, 35641, 35634, 34658, 35633, 35636, 35637, 35768);
DELETE FROM vehicle_template_accessory WHERE entry IN(35638, 35635, 35640, 35641, 35634, 34658, 35633, 35636, 35637, 35768);
REPLACE INTO vehicle_template_accessory VALUES(35491, 35451, 0, 0, "Black Knight on his Gryphon", 8, 0);
DELETE FROM npc_spellclick_spells WHERE npc_entry=35491 AND spell_id=46598;
INSERT INTO npc_spellclick_spells VALUES(35491, 46598, 1, 0);




-- ###################
-- ### TEXTS
-- ###################

-- insert into creature_text select 35004, ABS(entry+1501000), 0, content_default, IF(type=0,12,IF(type=1,14,IF(type=2,16,IF(type=3,41,0)))), language, 100, emote, 0, sound, comment from script_texts where type<=3 and (entry between -1501000-20 and -1501000-1 OR entry between -1501000-30 and -1501000-25 OR entry=-1501000-32);
-- insert into creature_text select 35005, ABS(entry+1501000), 0, content_default, IF(type=0,12,IF(type=1,14,IF(type=2,16,IF(type=3,41,0)))), language, 100, emote, 0, sound, comment from script_texts where type<=3 and (entry between -1501000-20 and -1501000-1 OR entry between -1501000-30 and -1501000-25 OR entry=-1501000-32);
-- insert into creature_text select 33628, ABS(entry+1501000), 0, content_default, IF(type=0,12,IF(type=1,14,IF(type=2,16,IF(type=3,41,0)))), language, 100, emote, 0, sound, comment from script_texts where type<=3 and (entry between -1501000-24 and -1501000-21 OR entry IN(-1501000-41,-1501000-31));
-- insert into creature_text select 34928, ABS(entry+1501000), 0, content_default, IF(type=0,12,IF(type=1,14,IF(type=2,16,IF(type=3,41,0)))), language, 100, emote, 0, sound, comment from script_texts where type<=3 and (entry between -1501000-52 and -1501000-47 OR entry IN(-1501000-37,-1501000-38));
-- insert into creature_text select 35119, ABS(entry+1501000), 0, content_default, IF(type=0,12,IF(type=1,14,IF(type=2,16,IF(type=3,41,0)))), language, 100, emote, 0, sound, comment from script_texts where type<=3 and (entry between -1501000-46 and -1501000-42 OR entry IN(-1501000-39));
-- insert into creature_text select 35451, ABS(entry+1501000), 0, content_default, IF(type=0,12,IF(type=1,14,IF(type=2,16,IF(type=3,41,0)))), language, 100, emote, 0, sound, comment from script_texts where type<=3 and (entry between -1501000-58 and -1501000-53 OR entry between -1501000-36 and -1501000-33);
DELETE FROM creature_text WHERE entry IN(35004, 35005, 33628, 34928, 35119, 35451); -- jaeren, arelas, tirion, paletress, eadric, bk
INSERT INTO creature_text VALUES (33628, 21, 0, 'Welcome, champions! Today, before the eyes of your leaders and peers, you will prove yourselves worthy combatants!', 14, 0, 100, 0, 0, 0, 0, '');
INSERT INTO creature_text VALUES (33628, 22, 0, 'You will first be facing three of the Grand Champions of the Tournament! These fierce contenders have beaten out all others to reach the pinnacle of skill in the joust.', 14, 0, 100, 0, 0, 0, 0, '');
INSERT INTO creature_text VALUES (33628, 23, 0, 'Begin!', 14, 0, 100, 0, 0, 0, 0, '');
INSERT INTO creature_text VALUES (33628, 24, 0, 'Well fought! Your next challenge comes from the Crusade\'s own ranks. You will be tested against their considerable prowess.', 14, 0, 100, 0, 0, 0, 0, '');
INSERT INTO creature_text VALUES (33628, 31, 0, 'Well done. You have proven yourself today-', 14, 0, 100, 0, 0, 0, 0, '');
INSERT INTO creature_text VALUES (33628, 34, 0, 'What is the meaning of this?', 14, 0, 100, 0, 0, 0, 0, '');
INSERT INTO creature_text VALUES (33628, 41, 0, 'You may begin!', 14, 0, 100, 0, 0, 0, 0, '');
INSERT INTO creature_text VALUES (34928, 37, 0, 'Thank you, good herald. Your words are too kind.', 12, 0, 100, 0, 0, 16245, 0, '');
INSERT INTO creature_text VALUES (34928, 38, 0, 'May the Light give me strength to provide a worthy challenge.', 12, 0, 100, 0, 0, 16246, 0, '');
INSERT INTO creature_text VALUES (34928, 47, 0, 'Well then, let us begin.', 14, 0, 100, 0, 0, 16247, 0, '');
INSERT INTO creature_text VALUES (34928, 48, 0, 'Take this time to consider your past deeds.', 14, 0, 100, 0, 0, 16248, 0, '');
INSERT INTO creature_text VALUES (34928, 49, 0, 'Take your rest.', 14, 0, 100, 0, 0, 16250, 0, '');
INSERT INTO creature_text VALUES (34928, 50, 0, 'Be at ease.', 14, 0, 100, 0, 0, 16251, 0, '');
INSERT INTO creature_text VALUES (34928, 51, 0, 'Even the darkest memory fades when confronted.', 14, 0, 100, 0, 0, 16249, 0, '');
INSERT INTO creature_text VALUES (34928, 52, 0, 'Excellent work!', 14, 0, 100, 0, 0, 16252, 0, '');
INSERT INTO creature_text VALUES (35004, 1, 0, 'The might of the dwarves is represented today by the Grand Champion of Ironforge, Lana Stouthammer!', 12, 0, 100, 25, 0, 0, 0, '');
INSERT INTO creature_text VALUES (35004, 2, 0, 'The dwarves of Ironforge begin a cheer for Lana Stouthammer.', 16, 0, 100, 0, 0, 0, 0, '');
INSERT INTO creature_text VALUES (35004, 3, 0, 'Comming out of the gate is Colosos, the towering Grand Champion of the Exodar!', 12, 0, 100, 25, 0, 0, 0, '');
INSERT INTO creature_text VALUES (35004, 4, 0, 'The draenei of the Exodar cheer for Colosos.', 16, 0, 100, 0, 0, 0, 0, '');
INSERT INTO creature_text VALUES (35004, 5, 0, 'Entering the arena is the Grand Champion of Darnassus, the skilled sentinel Jaelyne Evensong!', 12, 0, 100, 25, 0, 0, 0, '');
INSERT INTO creature_text VALUES (35004, 6, 0, 'The night elves of Darnassus cheer for Jaelyne Evensong.', 16, 0, 100, 0, 0, 0, 0, '');
INSERT INTO creature_text VALUES (35004, 7, 0, 'Entering the arena is the Grand Champion of Stormwind, Marshal Jacob Alerius!', 12, 0, 100, 25, 0, 0, 0, '');
INSERT INTO creature_text VALUES (35004, 8, 0, 'The humans of Stormwind cheer for Marshal Jacob Alerius.', 16, 0, 100, 0, 0, 0, 0, '');
INSERT INTO creature_text VALUES (35004, 9, 0, 'Entering the arena is the Grand Champion of Gnomeregan, Ambrose Boltspark!', 12, 0, 100, 25, 0, 0, 0, '');
INSERT INTO creature_text VALUES (35004, 10, 0, 'The gnomes of Gnomeregan cheer for Ambrose Boltspark.', 16, 0, 100, 0, 0, 0, 0, '');
INSERT INTO creature_text VALUES (35004, 11, 0, 'Representing the tenacity of the Forsaken, here is the Grand Champion of the Undercity, Deathstalker Visceri!', 12, 0, 100, 25, 0, 0, 0, '');
INSERT INTO creature_text VALUES (35004, 12, 0, 'The forsaken of the undercity cheer for Deathstalker Visceri.', 16, 0, 100, 0, 0, 0, 0, '');
INSERT INTO creature_text VALUES (35004, 13, 0, 'Tall in the saddle of his Kodo, here is the venerable Runok Wildmane, Grand Champion of Thunder Bluff!', 12, 0, 100, 25, 0, 0, 0, '');
INSERT INTO creature_text VALUES (35004, 14, 0, 'The tauren of Thunder Bluff cheer for Runok Wildmane.', 16, 0, 100, 0, 0, 0, 0, '');
INSERT INTO creature_text VALUES (35004, 15, 0, 'Entering the arena is the Grand Champion of Sen\'jin, Zul\'tore!', 12, 0, 100, 25, 0, 0, 0, '');
INSERT INTO creature_text VALUES (35004, 16, 0, 'The trolls of Sen\'jin cheer for Zul\'tore.', 16, 0, 100, 0, 0, 0, 0, '');
INSERT INTO creature_text VALUES (35004, 17, 0, 'Presenting the fierce Grand Champion of Orgrimmar, Mokra the Skullcrusher!', 12, 0, 100, 25, 0, 0, 0, '');
INSERT INTO creature_text VALUES (35004, 18, 0, 'The orcs of Orgrimmar cheer for Mokra the Skullcrusher.', 16, 0, 100, 0, 0, 0, 0, '');
INSERT INTO creature_text VALUES (35004, 19, 0, 'Entering the arena is the Grand Champion of Silvermoon, Eressea Dawnsinger!', 12, 0, 100, 25, 0, 0, 0, '');
INSERT INTO creature_text VALUES (35004, 20, 0, 'The blood elves of Silvermoon cheer for Erresea Dawnsinger!', 16, 0, 100, 0, 0, 0, 0, '');
INSERT INTO creature_text VALUES (35004, 25, 0, 'Entering the arena, a paladin who is no stranger to the battlefield or tournament ground, the Grand Champion of the Argent Crusade, Eadric the Pure!', 14, 0, 100, 0, 0, 0, 0, '');
INSERT INTO creature_text VALUES (35004, 26, 0, 'The next combatant is second to none in her passion for upholding the Light. I give you Argent Confessor Paletress!', 14, 0, 100, 0, 0, 0, 0, '');
INSERT INTO creature_text VALUES (35004, 27, 0, 'The Alliance spectators cheer for Eadric the Pure.', 16, 0, 100, 0, 0, 0, 0, '');
INSERT INTO creature_text VALUES (35004, 28, 0, 'The Horde spectators cheer for Eadric the Pure.', 16, 0, 100, 0, 0, 0, 0, '');
INSERT INTO creature_text VALUES (35004, 29, 0, 'The Alliance spectators cheer for Argent Confessor Paletress.', 16, 0, 100, 0, 0, 0, 0, '');
INSERT INTO creature_text VALUES (35004, 30, 0, 'The Horde spectators cheer for Argent Confessor Paletress.', 16, 0, 100, 0, 0, 0, 0, '');
INSERT INTO creature_text VALUES (35004, 32, 0, 'What\'s that, up near the rafters?', 12, 0, 100, 25, 0, 0, 0, '');
INSERT INTO creature_text VALUES (35005, 1, 0, 'The might of the dwarves is represented today by the Grand Champion of Ironforge, Lana Stouthammer!', 12, 0, 100, 25, 0, 0, 0, '');
INSERT INTO creature_text VALUES (35005, 2, 0, 'The dwarves of Ironforge begin a cheer for Lana Stouthammer.', 16, 0, 100, 0, 0, 0, 0, '');
INSERT INTO creature_text VALUES (35005, 3, 0, 'Comming out of the gate is Colosos, the towering Grand Champion of the Exodar!', 12, 0, 100, 25, 0, 0, 0, '');
INSERT INTO creature_text VALUES (35005, 4, 0, 'The draenei of the Exodar cheer for Colosos.', 16, 0, 100, 0, 0, 0, 0, '');
INSERT INTO creature_text VALUES (35005, 5, 0, 'Entering the arena is the Grand Champion of Darnassus, the skilled sentinel Jaelyne Evensong!', 12, 0, 100, 25, 0, 0, 0, '');
INSERT INTO creature_text VALUES (35005, 6, 0, 'The night elves of Darnassus cheer for Jaelyne Evensong.', 16, 0, 100, 0, 0, 0, 0, '');
INSERT INTO creature_text VALUES (35005, 7, 0, 'Entering the arena is the Grand Champion of Stormwind, Marshal Jacob Alerius!', 12, 0, 100, 25, 0, 0, 0, '');
INSERT INTO creature_text VALUES (35005, 8, 0, 'The humans of Stormwind cheer for Marshal Jacob Alerius.', 16, 0, 100, 0, 0, 0, 0, '');
INSERT INTO creature_text VALUES (35005, 9, 0, 'Entering the arena is the Grand Champion of Gnomeregan, Ambrose Boltspark!', 12, 0, 100, 25, 0, 0, 0, '');
INSERT INTO creature_text VALUES (35005, 10, 0, 'The gnomes of Gnomeregan cheer for Ambrose Boltspark.', 16, 0, 100, 0, 0, 0, 0, '');
INSERT INTO creature_text VALUES (35005, 11, 0, 'Representing the tenacity of the Forsaken, here is the Grand Champion of the Undercity, Deathstalker Visceri!', 12, 0, 100, 25, 0, 0, 0, '');
INSERT INTO creature_text VALUES (35005, 12, 0, 'The forsaken of the undercity cheer for Deathstalker Visceri.', 16, 0, 100, 0, 0, 0, 0, '');
INSERT INTO creature_text VALUES (35005, 13, 0, 'Tall in the saddle of his Kodo, here is the venerable Runok Wildmane, Grand Champion of Thunder Bluff!', 12, 0, 100, 25, 0, 0, 0, '');
INSERT INTO creature_text VALUES (35005, 14, 0, 'The tauren of Thunder Bluff cheer for Runok Wildmane.', 16, 0, 100, 0, 0, 0, 0, '');
INSERT INTO creature_text VALUES (35005, 15, 0, 'Entering the arena is the Grand Champion of Sen\'jin, Zul\'tore!', 12, 0, 100, 25, 0, 0, 0, '');
INSERT INTO creature_text VALUES (35005, 16, 0, 'The trolls of Sen\'jin cheer for Zul\'tore.', 16, 0, 100, 0, 0, 0, 0, '');
INSERT INTO creature_text VALUES (35005, 17, 0, 'Presenting the fierce Grand Champion of Orgrimmar, Mokra the Skullcrusher!', 12, 0, 100, 25, 0, 0, 0, '');
INSERT INTO creature_text VALUES (35005, 18, 0, 'The orcs of Orgrimmar cheer for Mokra the Skullcrusher.', 16, 0, 100, 0, 0, 0, 0, '');
INSERT INTO creature_text VALUES (35005, 19, 0, 'Entering the arena is the Grand Champion of Silvermoon, Eressea Dawnsinger!', 12, 0, 100, 25, 0, 0, 0, '');
INSERT INTO creature_text VALUES (35005, 20, 0, 'The blood elves of Silvermoon cheer for Erresea Dawnsinger!', 16, 0, 100, 0, 0, 0, 0, '');
INSERT INTO creature_text VALUES (35005, 25, 0, 'Entering the arena, a paladin who is no stranger to the battlefield or tournament ground, the Grand Champion of the Argent Crusade, Eadric the Pure!', 14, 0, 100, 0, 0, 0, 0, '');
INSERT INTO creature_text VALUES (35005, 26, 0, 'The next combatant is second to none in her passion for upholding the Light. I give you Argent Confessor Paletress!', 14, 0, 100, 0, 0, 0, 0, '');
INSERT INTO creature_text VALUES (35005, 27, 0, 'The Alliance spectators cheer for Eadric the Pure.', 16, 0, 100, 0, 0, 0, 0, '');
INSERT INTO creature_text VALUES (35005, 28, 0, 'The Horde spectators cheer for Eadric the Pure.', 16, 0, 100, 0, 0, 0, 0, '');
INSERT INTO creature_text VALUES (35005, 29, 0, 'The Alliance spectators cheer for Argent Confessor Paletress.', 16, 0, 100, 0, 0, 0, 0, '');
INSERT INTO creature_text VALUES (35005, 30, 0, 'The Horde spectators cheer for Argent Confessor Paletress.', 16, 0, 100, 0, 0, 0, 0, '');
INSERT INTO creature_text VALUES (35005, 32, 0, 'What\'s that, up near the rafters?', 12, 0, 100, 25, 0, 0, 0, '');
INSERT INTO creature_text VALUES (35119, 39, 0, 'Are you up to the challenge? I will not hold back.', 12, 0, 100, 0, 0, 16134, 0, '');
INSERT INTO creature_text VALUES (35119, 42, 0, 'Prepare yourselves!', 14, 0, 100, 0, 0, 16135, 0, '');
INSERT INTO creature_text VALUES (35119, 43, 0, 'Hammer of the Righteous!', 14, 0, 100, 0, 0, 16136, 0, '');
INSERT INTO creature_text VALUES (35119, 44, 0, 'You... You need more practice.', 14, 0, 100, 0, 0, 16137, 0, '');
INSERT INTO creature_text VALUES (35119, 45, 0, 'Nay! Nay! And I say yet again nay! Not good enough!', 14, 0, 100, 0, 0, 16138, 0, '');
INSERT INTO creature_text VALUES (35119, 46, 0, 'I yield! I submit. Excellent work. May I run away now?', 14, 0, 100, 0, 0, 16139, 0, '');
INSERT INTO creature_text VALUES (35451, 33, 0, 'You spoiled my grand enterance, rat.', 12, 0, 100, 0, 0, 16256, 0, '');
INSERT INTO creature_text VALUES (35451, 35, 0, 'Did you honestly think an agent of the Lich King would be bested on the field of your pathetic little tournament?', 12, 0, 100, 0, 0, 16257, 0, '');
INSERT INTO creature_text VALUES (35451, 36, 0, 'I\'ve come to finish my task.', 12, 0, 100, 0, 0, 16258, 0, '');
INSERT INTO creature_text VALUES (35451, 53, 0, 'This farce ends here!', 14, 0, 100, 0, 0, 16259, 0, '');
INSERT INTO creature_text VALUES (35451, 54, 0, 'My rotting flesh was just getting in the way!', 14, 0, 100, 0, 0, 16262, 0, '');
INSERT INTO creature_text VALUES (35451, 55, 0, 'I have no need for bones to best you!', 14, 0, 100, 0, 0, 16263, 0, '');
INSERT INTO creature_text VALUES (35451, 56, 0, 'No! I must not fail... again...', 14, 0, 100, 0, 0, 16264, 0, '');
INSERT INTO creature_text VALUES (35451, 57, 0, 'Pathetic...', 14, 0, 100, 0, 0, 16260, 0, '');
INSERT INTO creature_text VALUES (35451, 58, 0, 'A waste of flesh!', 14, 0, 100, 0, 0, 16261, 0, '');



-- ###################
-- ### SPELLS
-- ###################

-- defend
-- DELETE FROM spell_linked_spell WHERE spell_trigger IN(-66482,-62719);
-- INSERT INTO spell_linked_spell VALUES(-66482,-63130,0,""),(-66482,-63131,0,""),(-66482,-63132,0,""),(-62719,-63130,0,""),(-62719,-63131,0,""),(-62719,-63132,0,"");

-- earth shield
REPLACE INTO spell_proc_event VALUES(67530, 0, 0, 0, 0, 0, 40, 0, 0, 0, 5000);

-- lightning arrows
DELETE FROM spell_linked_spell WHERE spell_trigger IN(66083,-66083);
REPLACE INTO spell_linked_spell VALUES(-66083, 66085, 0, "");

-- vengeance
REPLACE INTO spell_proc_event VALUES(66865, 0, 0, 0, 0, 0, 0, 0, 0, 35, 3000);
REPLACE INTO spell_proc_event VALUES(66889, 0, 0, 0, 0, 0, 4, 0, 0, 100, 0);
DELETE FROM spell_linked_spell WHERE spell_trigger IN(66865,-66865,66889,-66889);

-- hammer of righteous
DELETE FROM conditions WHERE SourceTypeOrReferenceId=13 AND SourceEntry=66905;
INSERT INTO conditions VALUES(13, 7, 66905, 0, 0, 31, 0, 3, 35119, 0, 0, 0, 0, "", "");
INSERT INTO conditions VALUES(13, 7, 66905, 0, 0, 36, 0, 0, 0, 0, 0, 0, 0, "", "");
DELETE FROM spell_linked_spell WHERE spell_trigger=66905;
INSERT INTO spell_linked_spell VALUES(66905, -66904, 0, "");

-- radiance
DELETE FROM spell_script_names WHERE spell_id IN(66862, 67681);
INSERT INTO spell_script_names VALUES(66862, "spell_eadric_radiance"),(67681, "spell_eadric_radiance");

-- reflective shield
DELETE FROM spell_script_names WHERE spell_id=66515;
INSERT INTO spell_script_names VALUES(66515, "spell_reflective_shield");

-- raise dead jaeren/arelas
DELETE FROM conditions WHERE SourceTypeOrReferenceId=13 AND SourceEntry IN(67715, 67705);
INSERT INTO conditions VALUES(13, 1, 67715, 0, 0, 31, 0, 3, 35004, 0, 0, 0, 0, "", "");
INSERT INTO conditions VALUES(13, 1, 67715, 0, 0, 36, 0, 0, 0, 0, 1, 0, 0, "", "");
INSERT INTO conditions VALUES(13, 1, 67705, 0, 0, 31, 0, 3, 35005, 0, 0, 0, 0, "", "");
INSERT INTO conditions VALUES(13, 1, 67705, 0, 0, 36, 0, 0, 0, 0, 1, 0, 0, "", "");

-- ghoul explode
DELETE FROM conditions WHERE SourceTypeOrReferenceId=13 AND SourceEntry IN(67751);
INSERT INTO conditions VALUES(13, 7, 67751, 0, 0, 31, 0, 3, 35545, 0, 0, 0, 0, "", "");
INSERT INTO conditions VALUES(13, 7, 67751, 0, 1, 31, 0, 3, 35564, 0, 0, 0, 0, "", "");
INSERT INTO conditions VALUES(13, 7, 67751, 0, 2, 31, 0, 3, 35590, 0, 0, 0, 0, "", "");
INSERT INTO conditions VALUES(13, 7, 67751, 0, 0, 36, 0, 0, 0, 0, 0, 0, 0, "", "");
INSERT INTO conditions VALUES(13, 7, 67751, 0, 1, 36, 0, 0, 0, 0, 0, 0, 0, "", "");
INSERT INTO conditions VALUES(13, 7, 67751, 0, 2, 36, 0, 0, 0, 0, 0, 0, 0, "", "");
DELETE FROM spell_script_names WHERE spell_id=67751;
DELETE FROM spell_scripts WHERE id=67751;




-- ###################
-- ### ACHIEVEMENTS
-- ###################

DELETE FROM spell_dbc WHERE Id IN(68572,68574,68575);
INSERT INTO spell_dbc(Id, Targets, Effect1, EffectImplicitTargetA1, EffectImplicitTargetB1, EffectRadiusIndex1, `Comment`) VALUES (68572, 32, 3, 22, 15, 22, ""); -- grand champions
INSERT INTO spell_dbc(Id, Targets, Effect1, EffectImplicitTargetA1, EffectImplicitTargetB1, EffectRadiusIndex1, `Comment`) VALUES (68574, 32, 3, 22, 15, 22, ""); -- paletress
INSERT INTO spell_dbc(Id, Targets, Effect1, EffectImplicitTargetA1, EffectImplicitTargetB1, EffectRadiusIndex1, `Comment`) VALUES (68575, 32, 3, 22, 15, 22, ""); -- eadric

-- Trial of the Champion (Alliance) (4296)
DELETE FROM disables WHERE sourceType=4 AND entry IN(12302,12303,12304,12305,12306,12307,12308,12309);
DELETE FROM achievement_criteria_data WHERE criteria_id IN(12302,12303,12304,12305,12306,12307,12308,12309);
REPLACE INTO achievement_criteria_data VALUES(12302, 12, 0, 0, ""); -- mokra skullcrusher
REPLACE INTO achievement_criteria_data VALUES(12302, 7, 63433, 0, "");
REPLACE INTO achievement_criteria_data VALUES(12303, 12, 0, 0, ""); -- deathstalker visceri
REPLACE INTO achievement_criteria_data VALUES(12303, 7, 63430, 0, "");
REPLACE INTO achievement_criteria_data VALUES(12304, 12, 0, 0, ""); -- runok wildmane
REPLACE INTO achievement_criteria_data VALUES(12304, 7, 63436, 0, "");
REPLACE INTO achievement_criteria_data VALUES(12305, 12, 0, 0, ""); -- eressea dawnsinger
REPLACE INTO achievement_criteria_data VALUES(12305, 7, 63403, 0, "");
REPLACE INTO achievement_criteria_data VALUES(12306, 12, 0, 0, ""); -- zul'tore
REPLACE INTO achievement_criteria_data VALUES(12306, 7, 63399, 0, "");
REPLACE INTO achievement_criteria_data VALUES(12307, 12, 0, 0, ""); -- paletress
REPLACE INTO achievement_criteria_data VALUES(12308, 12, 0, 0, ""); -- eadric
REPLACE INTO achievement_criteria_data VALUES(12309, 12, 0, 0, ""); -- black knight

-- Trial of the Champion (Horde) (3778)
DELETE FROM disables WHERE sourceType=4 AND entry IN(11420,12298,12299,12300,12301,11559,11560,11561);
DELETE FROM achievement_criteria_data WHERE criteria_id IN(11420,12298,12299,12300,12301,11559,11560,11561);
REPLACE INTO achievement_criteria_data VALUES(11420, 12, 0, 0, ""); -- marshal jacob alerius
REPLACE INTO achievement_criteria_data VALUES(11420, 7, 62594, 0, "");
REPLACE INTO achievement_criteria_data VALUES(12298, 12, 0, 0, "");	-- lana stouthammer
REPLACE INTO achievement_criteria_data VALUES(12298, 7, 63427, 0, "");
REPLACE INTO achievement_criteria_data VALUES(12299, 12, 0, 0, ""); -- colosos
REPLACE INTO achievement_criteria_data VALUES(12299, 7, 63423, 0, "");
REPLACE INTO achievement_criteria_data VALUES(12300, 12, 0, 0, ""); -- ambrose boltspark
REPLACE INTO achievement_criteria_data VALUES(12300, 7, 63396, 0, "");
REPLACE INTO achievement_criteria_data VALUES(12301, 12, 0, 0, ""); -- jaelyne evensong
REPLACE INTO achievement_criteria_data VALUES(12301, 7, 63406, 0, "");
REPLACE INTO achievement_criteria_data VALUES(11559, 12, 0, 0, ""); -- paletress
REPLACE INTO achievement_criteria_data VALUES(11560, 12, 0, 0, ""); -- eadric
REPLACE INTO achievement_criteria_data VALUES(11561, 12, 0, 0, ""); -- black knight

-- Heroic: Trial of the Champion (Alliance)
DELETE FROM disables WHERE sourceType=4 AND entry IN(12318,12319,12320,12321,12322,12323,12324,12439);
DELETE FROM achievement_criteria_data WHERE criteria_id IN(12318,12319,12320,12321,12322,12323,12324,12439);
REPLACE INTO achievement_criteria_data VALUES(12318, 12, 1, 0, ""); -- mokra skullcrusher
REPLACE INTO achievement_criteria_data VALUES(12318, 7, 63433, 0, "");
REPLACE INTO achievement_criteria_data VALUES(12319, 12, 1, 0, ""); -- deathstalker visceri
REPLACE INTO achievement_criteria_data VALUES(12319, 7, 63430, 0, "");
REPLACE INTO achievement_criteria_data VALUES(12320, 12, 1, 0, ""); -- runok wildmane
REPLACE INTO achievement_criteria_data VALUES(12320, 7, 63436, 0, "");
REPLACE INTO achievement_criteria_data VALUES(12321, 12, 1, 0, ""); -- eressea dawnsinger
REPLACE INTO achievement_criteria_data VALUES(12321, 7, 63403, 0, "");
REPLACE INTO achievement_criteria_data VALUES(12322, 12, 1, 0, ""); -- zul'tore
REPLACE INTO achievement_criteria_data VALUES(12322, 7, 63399, 0, "");
REPLACE INTO achievement_criteria_data VALUES(12323, 12, 1, 0, ""); -- paletress
REPLACE INTO achievement_criteria_data VALUES(12324, 12, 1, 0, ""); -- eadric
REPLACE INTO achievement_criteria_data VALUES(12439, 12, 1, 0, ""); -- black knight

-- Heroic: Trial of the Champion (Horde)
DELETE FROM disables WHERE sourceType=4 AND entry IN(12310,12311,12312,12313,12314,12315,12316,12317);
DELETE FROM achievement_criteria_data WHERE criteria_id IN(12310,12311,12312,12313,12314,12315,12316,12317);
REPLACE INTO achievement_criteria_data VALUES(12310, 12, 1, 0, ""); -- marshal jacob alerius
REPLACE INTO achievement_criteria_data VALUES(12310, 7, 62594, 0, "");
REPLACE INTO achievement_criteria_data VALUES(12311, 12, 1, 0, "");	-- lana stouthammer
REPLACE INTO achievement_criteria_data VALUES(12311, 7, 63427, 0, "");
REPLACE INTO achievement_criteria_data VALUES(12312, 12, 1, 0, ""); -- colosos
REPLACE INTO achievement_criteria_data VALUES(12312, 7, 63423, 0, "");
REPLACE INTO achievement_criteria_data VALUES(12313, 12, 1, 0, ""); -- ambrose boltspark
REPLACE INTO achievement_criteria_data VALUES(12313, 7, 63396, 0, "");
REPLACE INTO achievement_criteria_data VALUES(12314, 12, 1, 0, ""); -- jaelyne evensong
REPLACE INTO achievement_criteria_data VALUES(12314, 7, 63406, 0, "");
REPLACE INTO achievement_criteria_data VALUES(12315, 12, 1, 0, ""); -- paletress
REPLACE INTO achievement_criteria_data VALUES(12316, 12, 1, 0, ""); -- eadric
REPLACE INTO achievement_criteria_data VALUES(12317, 12, 1, 0, ""); -- black knight

-- The Faceroller (3803)
DELETE FROM disables WHERE sourceType=4 AND entry IN(11858);
DELETE FROM achievement_criteria_data WHERE criteria_id IN(11858);
REPLACE INTO achievement_criteria_data VALUES(11858, 12, 1, 0, "");

-- I've Had Worse (3804)
DELETE FROM disables WHERE sourceType=4 AND entry IN(11789);
DELETE FROM achievement_criteria_data WHERE criteria_id IN(11789);
REPLACE INTO achievement_criteria_data VALUES(11789, 12, 1, 0, "");
REPLACE INTO achievement_criteria_data VALUES(11789, 18, 0, 0, "");

-- Argent Confessor (3802)
DELETE FROM disables WHERE sourceType=4 AND (entry=11863 OR entry BETWEEN 11904 AND 11927);
DELETE FROM achievement_criteria_data WHERE criteria_id=11863 OR criteria_id BETWEEN 11904 AND 11927;
-- 11863 hogger
REPLACE INTO achievement_criteria_data VALUES(11863, 12, 1, 0, "");
REPLACE INTO achievement_criteria_data VALUES(11863, 18, 0, 0, "");
-- 11904 vancleef
REPLACE INTO achievement_criteria_data VALUES(11904, 12, 1, 0, "");
REPLACE INTO achievement_criteria_data VALUES(11904, 18, 0, 0, "");
-- 11905 mutanus
REPLACE INTO achievement_criteria_data VALUES(11905, 12, 1, 0, "");
REPLACE INTO achievement_criteria_data VALUES(11905, 18, 0, 0, "");
-- 11906 herod
REPLACE INTO achievement_criteria_data VALUES(11906, 12, 1, 0, "");
REPLACE INTO achievement_criteria_data VALUES(11906, 18, 0, 0, "");
-- 11907 lucifron
REPLACE INTO achievement_criteria_data VALUES(11907, 12, 1, 0, "");
REPLACE INTO achievement_criteria_data VALUES(11907, 18, 0, 0, "");
-- 11908 thanderaan
REPLACE INTO achievement_criteria_data VALUES(11908, 12, 1, 0, "");
REPLACE INTO achievement_criteria_data VALUES(11908, 18, 0, 0, "");
-- 11909 chromaggus
REPLACE INTO achievement_criteria_data VALUES(11909, 12, 1, 0, "");
REPLACE INTO achievement_criteria_data VALUES(11909, 18, 0, 0, "");
-- 11910 hakkar
REPLACE INTO achievement_criteria_data VALUES(11910, 12, 1, 0, "");
REPLACE INTO achievement_criteria_data VALUES(11910, 18, 0, 0, "");
-- 11911 vek'nilash
REPLACE INTO achievement_criteria_data VALUES(11911, 12, 1, 0, "");
REPLACE INTO achievement_criteria_data VALUES(11911, 18, 0, 0, "");
-- 11912 kalithresh
REPLACE INTO achievement_criteria_data VALUES(11912, 12, 1, 0, "");
REPLACE INTO achievement_criteria_data VALUES(11912, 18, 0, 0, "");
-- 11913 malchezaar
REPLACE INTO achievement_criteria_data VALUES(11913, 12, 1, 0, "");
REPLACE INTO achievement_criteria_data VALUES(11913, 18, 0, 0, "");
-- 11914 gruul
REPLACE INTO achievement_criteria_data VALUES(11914, 12, 1, 0, "");
REPLACE INTO achievement_criteria_data VALUES(11914, 18, 0, 0, "");
-- 11915 vashj
REPLACE INTO achievement_criteria_data VALUES(11915, 12, 1, 0, "");
REPLACE INTO achievement_criteria_data VALUES(11915, 18, 0, 0, "");
-- 11916 archimonde
REPLACE INTO achievement_criteria_data VALUES(11916, 12, 1, 0, "");
REPLACE INTO achievement_criteria_data VALUES(11916, 18, 0, 0, "");
-- 11917 illidan
REPLACE INTO achievement_criteria_data VALUES(11917, 12, 1, 0, "");
REPLACE INTO achievement_criteria_data VALUES(11917, 18, 0, 0, "");
-- 11918 delrissa
REPLACE INTO achievement_criteria_data VALUES(11918, 12, 1, 0, "");
REPLACE INTO achievement_criteria_data VALUES(11918, 18, 0, 0, "");
-- 11919 m'uru
REPLACE INTO achievement_criteria_data VALUES(11919, 12, 1, 0, "");
REPLACE INTO achievement_criteria_data VALUES(11919, 18, 0, 0, "");
-- 11920 ingvar
REPLACE INTO achievement_criteria_data VALUES(11920, 12, 1, 0, "");
REPLACE INTO achievement_criteria_data VALUES(11920, 18, 0, 0, "");
-- 11921 cyanigossa
REPLACE INTO achievement_criteria_data VALUES(11921, 12, 1, 0, "");
REPLACE INTO achievement_criteria_data VALUES(11921, 18, 0, 0, "");
-- 11922 eck
REPLACE INTO achievement_criteria_data VALUES(11922, 12, 1, 0, "");
REPLACE INTO achievement_criteria_data VALUES(11922, 18, 0, 0, "");
-- 11923 onyxia
REPLACE INTO achievement_criteria_data VALUES(11923, 12, 1, 0, "");
REPLACE INTO achievement_criteria_data VALUES(11923, 18, 0, 0, "");
-- 11924 heigan
REPLACE INTO achievement_criteria_data VALUES(11924, 12, 1, 0, "");
REPLACE INTO achievement_criteria_data VALUES(11924, 18, 0, 0, "");
-- 11925 ignis
REPLACE INTO achievement_criteria_data VALUES(11925, 12, 1, 0, "");
REPLACE INTO achievement_criteria_data VALUES(11925, 18, 0, 0, "");
-- 11926 vezax
REPLACE INTO achievement_criteria_data VALUES(11926, 12, 1, 0, "");
REPLACE INTO achievement_criteria_data VALUES(11926, 18, 0, 0, "");
-- 11927 algalon
REPLACE INTO achievement_criteria_data VALUES(11927, 12, 1, 0, "");
REPLACE INTO achievement_criteria_data VALUES(11927, 18, 0, 0, "");
