long,long,long,flags,long,long,long,flags,long,long,long,flags,bool,bool,long,None,
1,13,9,0x0,117,118,0,0x0,0,1,2,0x1,1,1,0,,
2,0,0,0x0,0,0,0,0x0,0,0,0,0x0,0,0,0,,
5,0,0,0x0,26045,26044,0,0x0,0,40,2,0x0,0,0,0,,
6,0,0,0x0,26045,26044,0,0x0,0,20,1,0x0,0,0,0,,
7,0,0,0x0,26044,0,0,0x0,0,8,0,0x0,0,0,0,,
18,0,0,0x0,26045,0,0,0x0,0,100,0,0x0,0,0,0,,
21,0,978,0x0,0,0,0,0x0,0,0,0,0x0,0,0,0,,
22,0,1630,0x0,0,0,0,0x0,0,0,0,0x0,0,0,0,,
24,0,1304,0x0,0,0,0,0x0,0,0,0,0x0,0,0,0,,
26,0,3261,0x0,0,0,0,0x0,0,0,0,0x0,0,0,0,,
53,0,0,0x0,24579,0,0,0x0,0,5,0,0x0,0,0,0,,
54,0,0,0x0,24581,0,0,0x0,0,5,0,0x0,0,0,0,,
55,0,0,0x0,24581,0,0,0x0,0,10,0,0x0,0,0,0,,
56,0,0,0x0,24579,0,0,0x0,0,10,0,0x0,0,0,0,,
65,0,0,0x0,24581,0,0,0x0,0,15,0,0x0,0,0,0,,
66,1,1,0x0,0,0,0,0x0,0,0,0,0x0,0,0,0,,
69,0,0,0x0,24579,0,0,0x0,0,15,0,0x0,0,0,0,,
76,0,0,0x0,24581,0,0,0x0,0,30,0,0x0,0,0,0,,
77,0,0,0x0,24579,0,0,0x0,0,30,0,0x0,0,0,0,,
94,19125,0,0x0,0,0,0,0x0,0,0,0,0x0,0,0,0,,
95,6885,0,0x0,0,0,0,0x0,0,0,0,0x0,0,0,0,,
98,22950,0,0x0,0,0,0,0x0,0,0,0,0x0,0,0,0,,
99,8500,0,0x0,0,0,0,0x0,0,0,0,0x0,0,0,0,,
100,0,0,0x0,24245,0,0,0x0,0,1,0,0x0,0,0,0,,
102,0,0,0x0,24245,0,0,0x0,0,2,0,0x0,0,0,0,,
103,0,0,0x0,24245,0,0,0x0,0,25,0,0x0,0,0,0,,
104,0,0,0x0,24245,0,0,0x0,0,15,0,0x0,0,0,0,,
115,16983,0,0x0,0,0,0,0x0,0,0,0,0x0,0,0,0,,
125,23000,0,0x0,0,0,0,0x0,0,0,0,0x0,0,0,0,,
127,16000,0,0x0,0,0,0,0x0,0,0,0,0x0,0,0,0,,
129,12000,0,0x0,0,0,0,0x0,0,0,0,0x0,0,0,0,,
131,31000,0,0x0,0,0,0,0x0,0,0,0,0x0,0,0,0,,
133,0,2283,0x0,0,0,0,0x0,0,0,0,0x0,0,0,0,,
146,0,870,0x0,0,0,0,0x0,0,0,0,0x0,0,0,0,,
148,0,2739,0x0,0,0,0,0x0,0,0,0,0x0,0,0,0,,
165,10000,0,0x0,0,0,0,0x0,0,0,0,0x0,0,0,0,,
169,10000,0,0x0,0,0,0,0x0,0,0,0,0x0,0,0,0,,
170,9435,0,0x0,0,0,0,0x0,0,0,0,0x0,0,0,0,,
171,15000,0,0x0,0,0,0,0x0,0,0,0,0x0,0,0,0,,
172,15000,0,0x0,0,0,0,0x0,0,0,0,0x0,0,0,0,,
173,12750,0,0x0,0,0,0,0x0,0,0,0,0x0,0,0,0,,
194,0,0,0x0,28558,0,0,0x0,0,18,0,0x0,0,0,0,,
201,17000,0,0x0,0,0,0,0x0,0,0,0,0x0,0,0,0,,
202,12000,0,0x0,0,0,0,0x0,0,0,0,0x0,0,0,0,,
203,17000,0,0x0,0,0,0,0x0,0,0,0,0x0,0,0,0,,
204,17000,0,0x0,0,0,0,0x0,0,0,0,0x0,0,0,0,,
205,12000,0,0x0,0,0,0,0x0,0,0,0,0x0,0,0,0,,
293,0,0,0x0,28558,0,0,0x0,0,50,0,0x0,0,0,0,,
298,0,0,0x0,28558,0,0,0x0,0,8,0,0x0,0,0,0,,
348,16000,0,0x0,0,0,0,0x0,0,0,0,0x0,0,0,0,,
359,20400,0,0x0,0,0,0,0x0,0,0,0,0x0,0,0,0,,
360,21000,0,0x0,0,0,0,0x0,0,0,0,0x0,0,0,0,,
386,15300,0,0x0,0,0,0,0x0,0,0,0,0x0,0,0,0,,
388,0,0,0x0,24245,0,0,0x0,0,30,0,0x0,0,0,0,,
423,50000,0,0x0,0,0,0,0x0,0,0,0,0x0,0,0,0,,
427,3000,0,0x0,0,0,0,0x0,0,0,0,0x0,0,0,0,,
428,3000,0,0x0,0,0,0,0x0,0,0,0,0x0,0,0,0,,
444,5000,0,0x0,0,0,0,0x0,0,0,0,0x0,0,0,0,,
460,1,0,0x0,0,0,0,0x0,0,0,0,0x0,0,0,0,,
463,15000,0,0x0,0,0,0,0x0,0,0,0,0x0,0,0,0,,
464,15000,0,0x0,0,0,0,0x0,0,0,0,0x0,0,0,0,,
465,9000,0,0x0,0,0,0,0x0,0,0,0,0x0,0,0,0,,
488,5000,0,0x0,0,0,0,0x0,0,0,0,0x0,0,0,0,,
489,5000,0,0x0,0,0,0,0x0,0,0,0,0x0,0,0,0,,
490,15000,0,0x0,0,0,0,0x0,0,0,0,0x0,0,0,0,,
491,1600,0,0x0,0,0,0,0x0,0,0,0,0x0,0,0,0,,
492,1600,0,0x0,0,0,0,0x0,0,0,0,0x0,0,0,0,,
495,5000,0,0x0,0,0,0,0x0,0,0,0,0x0,0,0,0,,
496,2400,0,0x0,0,0,0,0x0,0,0,0,0x0,0,0,0,,
497,3000,0,0x0,0,0,0,0x0,0,0,0,0x0,0,0,0,,
501,9000,0,0x0,0,0,0,0x0,0,0,0,0x0,0,0,0,,
520,3000,0,0x0,0,0,0,0x0,0,0,0,0x0,0,0,0,,
532,1600,0,0x0,0,0,0,0x0,0,0,0,0x0,0,0,0,,
533,1600,0,0x0,0,0,0,0x0,0,0,0,0x0,0,0,0,,
541,9000,0,0x0,0,0,0,0x0,0,0,0,0x0,0,0,0,,
542,15000,0,0x0,0,0,0,0x0,0,0,0,0x0,0,0,0,,
565,16000,0,0x0,0,0,0,0x0,0,0,0,0x0,0,0,0,,
567,16000,0,0x0,0,0,0,0x0,0,0,0,0x0,0,0,0,,
634,2805,0,0x0,0,0,0,0x0,0,0,0,0x0,0,0,0,,
652,5000,0,0x0,0,0,0,0x0,0,0,0,0x0,0,0,0,,
653,5000,0,0x0,0,0,0,0x0,0,0,0,0x0,0,0,0,,
701,12000,0,0x0,0,0,0,0x0,0,0,0,0x0,0,0,0,,
702,5000,0,0x0,0,0,0,0x0,0,0,0,0x0,0,0,0,,
746,9000,0,0x0,0,0,0,0x0,0,0,0,0x0,0,0,0,,
747,6000,0,0x0,0,0,0,0x0,0,0,0,0x0,0,0,0,,
748,9000,0,0x0,0,0,0,0x0,0,0,0,0x0,0,0,0,,
774,1600,0,0x0,0,0,0,0x0,0,0,0,0x0,0,0,0,,
821,500,0,0x0,0,0,0,0x0,0,0,0,0x0,0,0,0,,
822,100,0,0x0,0,0,0,0x0,0,0,0,0x0,0,0,0,,
823,100,0,0x0,0,0,0,0x0,0,0,0,0x0,0,0,0,,
826,300,0,0x0,0,0,0,0x0,0,0,0,0x0,0,0,0,,
837,700,0,0x0,0,0,0,0x0,0,0,0,0x0,0,0,0,,
838,100,0,0x0,0,0,0,0x0,0,0,0,0x0,0,0,0,,
839,100,0,0x0,0,0,0,0x0,0,0,0,0x0,0,0,0,,
841,300,0,0x0,0,0,0,0x0,0,0,0,0x0,0,0,0,,
855,300,0,0x0,0,0,0,0x0,0,0,0,0x0,0,0,0,,
871,400,0,0x0,0,0,0,0x0,0,0,0,0x0,0,0,0,,
883,1000,0,0x0,0,0,0,0x0,0,0,0,0x0,0,0,0,,
884,300,0,0x0,0,0,0,0x0,0,0,0,0x0,0,0,0,,
885,300,0,0x0,0,0,0,0x0,0,0,0,0x0,0,0,0,,
887,300,0,0x0,0,0,0,0x0,0,0,0,0x0,0,0,0,,
901,300,0,0x0,0,0,0,0x0,0,0,0,0x0,0,0,0,,
917,500,0,0x0,0,0,0,0x0,0,0,0,0x0,0,0,0,,
929,5000,0,0x0,0,0,0,0x0,0,0,0,0x0,0,0,0,,
930,300,0,0x0,0,0,0,0x0,0,0,0,0x0,0,0,0,,
931,300,0,0x0,0,0,0,0x0,0,0,0,0x0,0,0,0,,
933,400,0,0x0,0,0,0,0x0,0,0,0,0x0,0,0,0,,
947,400,0,0x0,0,0,0,0x0,0,0,0,0x0,0,0,0,,
968,700,0,0x0,0,0,0,0x0,0,0,0,0x0,0,0,0,,
986,300,0,0x0,0,0,0,0x0,0,0,0,0x0,0,0,0,,
989,500,0,0x0,0,0,0,0x0,0,0,0,0x0,0,0,0,,
990,700,0,0x0,0,0,0,0x0,0,0,0,0x0,0,0,0,,
1000,0,0,0x0,20559,0,0,0x0,0,60,0,0x0,0,0,0,,
1002,15000,0,0x0,0,0,0,0x0,0,0,0,0x0,0,0,0,,
1003,15000,0,0x0,0,0,0,0x0,0,0,0,0x0,0,0,0,,
1005,50000,0,0x0,0,0,0,0x0,0,0,0,0x0,0,0,0,,
1006,20000,0,0x0,0,0,0,0x0,0,0,0,0x0,0,0,0,,
1007,15000,0,0x0,0,0,0,0x0,0,0,0,0x0,0,0,0,,
1009,0,0,0x0,20558,0,0,0x0,0,60,0,0x0,0,0,0,,
1015,0,0,0x0,29434,0,0,0x0,0,25,0,0x0,0,0,0,,
1027,0,0,0x0,29434,0,0,0x0,0,41,0,0x0,0,0,0,,
1037,0,0,0x0,29434,0,0,0x0,0,33,0,0x0,0,0,0,,
1040,0,0,0x0,29434,0,0,0x0,0,50,0,0x0,0,0,0,,
1050,100,0,0x0,0,0,0,0x0,0,0,0,0x0,0,0,0,,
1054,300,0,0x0,0,0,0,0x0,0,0,0,0x0,0,0,0,,
1055,300,0,0x0,0,0,0,0x0,0,0,0,0x0,0,0,0,,
1061,0,0,0x0,20559,0,0,0x0,0,20,0,0x0,0,0,0,,
1062,3000,0,0x0,0,0,0,0x0,0,0,0,0x0,0,0,0,,
1076,0,0,0x0,24245,0,0,0x0,0,20,0,0x0,0,0,0,,
1077,0,0,0x0,24245,0,0,0x0,0,45,0,0x0,0,0,0,,
1110,0,0,0x0,20559,0,0,0x0,0,30,0,0x0,0,0,0,,
1111,0,0,0x0,20558,0,0,0x0,0,30,0,0x0,0,0,0,,
1184,0,0,0x0,29735,0,0,0x0,0,2,0,0x0,0,0,0,,
1188,0,0,0x0,29735,0,0,0x0,0,8,0,0x0,0,0,0,,
1192,0,0,0x0,29736,0,0,0x0,0,2,0,0x0,0,0,0,,
1196,0,0,0x0,29736,0,0,0x0,0,8,0,0x0,0,0,0,,
1200,0,0,0x0,29754,0,0,0x0,0,1,0,0x0,0,0,0,,
1203,0,0,0x0,29757,0,0,0x0,0,1,0,0x0,0,0,0,,
1206,0,0,0x0,29760,0,0,0x0,0,1,0,0x0,0,0,0,,
1209,0,0,0x0,29766,0,0,0x0,0,1,0,0x0,0,0,0,,
1212,0,0,0x0,29763,0,0,0x0,0,1,0,0x0,0,0,0,,
1215,0,0,0x0,29755,0,0,0x0,0,1,0,0x0,0,0,0,,
1216,0,0,0x0,29756,0,0,0x0,0,1,0,0x0,0,0,0,,
1217,0,0,0x0,29759,0,0,0x0,0,1,0,0x0,0,0,0,,
1218,0,0,0x0,29765,0,0,0x0,0,1,0,0x0,0,0,0,,
1219,0,0,0x0,29762,0,0,0x0,0,1,0,0x0,0,0,0,,
1235,0,0,0x0,29753,0,0,0x0,0,1,0,0x0,0,0,0,,
1237,0,0,0x0,29758,0,0,0x0,0,1,0,0x0,0,0,0,,
1239,0,0,0x0,29761,0,0,0x0,0,1,0,0x0,0,0,0,,
1241,0,0,0x0,29767,0,0,0x0,0,1,0,0x0,0,0,0,,
1243,0,0,0x0,29764,0,0,0x0,0,1,0,0x0,0,0,0,,
1332,0,0,0x0,30237,0,0,0x0,0,1,0,0x0,0,0,0,,
1333,0,0,0x0,30240,0,0,0x0,0,1,0,0x0,0,0,0,,
1334,0,0,0x0,30243,0,0,0x0,0,1,0,0x0,0,0,0,,
1335,0,0,0x0,30246,0,0,0x0,0,1,0,0x0,0,0,0,,
1336,0,0,0x0,30249,0,0,0x0,0,1,0,0x0,0,0,0,,
1342,0,0,0x0,30236,0,0,0x0,0,1,0,0x0,0,0,0,,
1343,0,0,0x0,30239,0,0,0x0,0,1,0,0x0,0,0,0,,
1344,0,0,0x0,30242,0,0,0x0,0,1,0,0x0,0,0,0,,
1345,0,0,0x0,30245,0,0,0x0,0,1,0,0x0,0,0,0,,
1346,0,0,0x0,30248,0,0,0x0,0,1,0,0x0,0,0,0,,
1357,0,0,0x0,30238,0,0,0x0,0,1,0,0x0,0,0,0,,
1358,0,0,0x0,30241,0,0,0x0,0,1,0,0x0,0,0,0,,
1359,0,0,0x0,30244,0,0,0x0,0,1,0,0x0,0,0,0,,
1360,0,0,0x0,30247,0,0,0x0,0,1,0,0x0,0,0,0,,
1361,0,0,0x0,30250,0,0,0x0,0,1,0,0x0,0,0,0,,
1431,0,1875,0x0,0,0,0,0x0,0,0,0,0x0,0,0,1850,,
1432,0,1125,0x0,0,0,0,0x0,0,0,0,0x0,0,0,1850,,
1435,0,1500,0x0,0,0,0,0x0,0,0,0,0x0,0,0,2000,,
1442,8000,0,0x0,0,0,0,0x0,0,0,0,0x0,0,0,0,,
1452,0,0,0x0,29434,0,0,0x0,0,20,0,0x0,0,0,0,,
1454,0,0,0x0,29434,0,0,0x0,0,30,0,0x0,0,0,0,,
1468,9000,0,0x0,0,0,0,0x0,0,0,0,0x0,0,0,0,,
1474,0,0,0x0,31094,0,0,0x0,0,1,0,0x0,0,0,0,,
1476,0,0,0x0,31095,0,0,0x0,0,1,0,0x0,0,0,0,,
1478,0,0,0x0,31091,0,0,0x0,0,1,0,0x0,0,0,0,,
1480,0,0,0x0,31100,0,0,0x0,0,1,0,0x0,0,0,0,,
1482,0,0,0x0,31103,0,0,0x0,0,1,0,0x0,0,0,0,,
1485,0,0,0x0,31092,0,0,0x0,0,1,0,0x0,0,0,0,,
1488,0,0,0x0,31097,0,0,0x0,0,1,0,0x0,0,0,0,,
1491,0,0,0x0,31089,0,0,0x0,0,1,0,0x0,0,0,0,,
1494,0,0,0x0,31098,0,0,0x0,0,1,0,0x0,0,0,0,,
1497,0,0,0x0,31101,0,0,0x0,0,1,0,0x0,0,0,0,,
1520,0,0,0x0,31093,0,0,0x0,0,1,0,0x0,0,0,0,,
1521,0,0,0x0,31096,0,0,0x0,0,1,0,0x0,0,0,0,,
1522,0,0,0x0,31090,0,0,0x0,0,1,0,0x0,0,0,0,,
1523,0,0,0x0,31099,0,0,0x0,0,1,0,0x0,0,0,0,,
1524,0,0,0x0,31102,0,0,0x0,0,1,0,0x0,0,0,0,,
1564,8,0,0x0,0,0,0,0x0,0,0,0,0x0,0,0,0,,
1565,5,0,0x0,0,0,0,0x0,0,0,0,0x0,0,0,0,,
1642,0,0,0x0,29434,0,0,0x0,0,15,0,0x0,0,0,0,,
1645,0,0,0x0,0,4291,0,0x0,0,0,1,0x0,0,0,0,,
1646,0,0,0x0,26045,26044,0,0x0,0,100,20,0x0,0,0,0,,
1647,0,0,0x0,26045,26044,0,0x0,0,70,15,0x0,0,0,0,,
1648,200,0,0x0,0,0,0,0x0,0,0,0,0x0,0,0,0,,
1649,200,0,0x0,0,0,0,0x0,0,0,0,0x0,0,0,0,,
1652,200,0,0x0,0,0,0,0x0,0,0,0,0x0,0,0,0,,
1653,200,0,0x0,0,0,0,0x0,0,0,0,0x0,0,0,0,,
1664,0,3750,0x0,0,0,0,0x0,0,0,0,0x0,0,0,0,,
1670,0,2625,0x0,0,0,0,0x0,0,0,0,0x0,0,0,1850,,
1757,0,3150,0x0,0,0,0,0x0,0,0,0,0x0,0,0,1850,,
1758,0,1000,0x0,0,0,0,0x0,0,0,0,0x0,0,0,0,,
1765,0,0,0x0,26044,0,0,0x0,0,2,0,0x0,0,0,0,,
1909,0,0,0x0,29434,0,0,0x0,0,10,0,0x0,0,0,0,,
1910,0,0,0x0,32569,0,0,0x0,0,35,0,0x0,0,0,0,,
1911,18000,0,0x0,0,0,0,0x0,0,0,0,0x0,0,0,0,,
1923,18000,0,0x0,0,0,0,0x0,0,0,0,0x0,0,0,0,,
1935,13000,0,0x0,0,0,0,0x0,0,0,0,0x0,0,0,0,,
1948,0,0,0x0,32569,0,0,0x0,0,3,0,0x0,0,0,0,,
1949,0,0,0x0,32569,0,0,0x0,0,2,0,0x0,0,0,0,,
1950,0,0,0x0,32572,32569,0,0x0,0,4,100,0x0,0,0,0,,
1952,0,0,0x0,32572,32569,0,0x0,0,1,50,0x0,0,0,0,,
1958,0,0,0x0,32569,0,0,0x0,0,10,0,0x0,0,0,0,,
1959,0,0,0x0,32897,0,0,0x0,0,1,0,0x0,0,0,0,,
1963,0,0,0x0,24368,0,0,0x0,0,1,0,0x0,0,0,0,,
1973,0,0,0x0,32569,0,0,0x0,0,40,0,0x0,0,0,0,,
1979,0,0,0x0,32569,0,0,0x0,0,160,0,0x0,0,0,0,,
1981,0,0,0x0,32572,0,0,0x0,0,4,0,0x0,0,0,0,,
1985,0,0,0x0,32572,0,0,0x0,0,3,0,0x0,0,0,0,,
1992,0,0,0x0,28558,0,0,0x0,0,2,0,0x0,0,0,0,,
1994,0,0,0x0,24245,0,0,0x0,0,10,0,0x0,0,0,0,,
2028,16000,0,0x0,0,0,0,0x0,0,0,0,0x0,0,0,0,,
2049,0,0,0x0,29434,0,0,0x0,0,75,0,0x0,0,0,0,,
2059,0,0,0x0,29434,0,0,0x0,0,60,0,0x0,0,0,0,,
2060,0,0,0x0,29434,0,0,0x0,0,35,0,0x0,0,0,0,,
2236,0,0,0x0,26044,0,0,0x0,0,4,0,0x0,0,0,0,,
2237,28000,0,0x0,0,0,0,0x0,0,0,0,0x0,0,0,0,,
2238,26000,0,0x0,0,0,0,0x0,0,0,0,0x0,0,0,0,,
2239,19000,0,0x0,0,0,0,0x0,0,0,0,0x0,0,0,0,,
2240,9100,0,0x0,0,0,0,0x0,0,0,0,0x0,0,0,0,,
2241,9000,0,0x0,0,0,0,0x0,0,0,0,0x0,0,0,0,,
2242,15000,0,0x0,0,0,0,0x0,0,0,0,0x0,0,0,0,,
2248,12000,0,0x0,0,0,0,0x0,0,0,0,0x0,0,0,0,,
2249,13000,0,0x0,0,0,0,0x0,0,0,0,0x0,0,0,0,,
2250,13000,0,0x0,0,0,0,0x0,0,0,0,0x0,0,0,0,,
2251,8000,0,0x0,0,0,0,0x0,0,0,0,0x0,0,0,0,,
2252,10000,0,0x0,0,0,0,0x0,0,0,0,0x0,0,0,0,,
2253,10000,0,0x0,0,0,0,0x0,0,0,0,0x0,0,0,0,,
2254,20000,0,0x0,0,0,0,0x0,0,0,0,0x0,0,0,0,,
2255,13000,0,0x0,0,0,0,0x0,0,0,0,0x0,0,0,0,,
2256,39000,0,0x0,0,0,0,0x0,0,0,0,0x0,0,0,0,,
2257,25000,0,0x0,0,0,0,0x0,0,0,0,0x0,0,0,0,,
2258,21000,0,0x0,0,0,0,0x0,0,0,0,0x0,0,0,0,,
2259,15000,0,0x0,0,0,0,0x0,0,0,0,0x0,0,0,0,,
2260,13000,0,0x0,0,0,0,0x0,0,0,0,0x0,0,0,0,,
2261,9000,0,0x0,0,0,0,0x0,0,0,0,0x0,0,0,0,,
2262,21000,0,0x0,0,0,0,0x0,0,0,0,0x0,0,0,0,,
2263,14000,0,0x0,0,0,0,0x0,0,0,0,0x0,0,0,0,,
2264,21000,0,0x0,0,0,0,0x0,0,0,0,0x0,0,0,0,,
2265,14000,0,0x0,0,0,0,0x0,0,0,0,0x0,0,0,0,,
2266,13000,0,0x0,0,0,0,0x0,0,0,0,0x0,0,0,0,,
2267,9000,0,0x0,0,0,0,0x0,0,0,0,0x0,0,0,0,,
2268,13000,0,0x0,0,0,0,0x0,0,0,0,0x0,0,0,0,,
2269,8000,0,0x0,0,0,0,0x0,0,0,0,0x0,0,0,0,,
2270,26000,0,0x0,0,0,0,0x0,0,0,0,0x0,0,0,0,,
2271,17000,0,0x0,0,0,0,0x0,0,0,0,0x0,0,0,0,,
2272,0,0,0x0,32569,0,0,0x0,0,50,0,0x0,0,0,0,,
2273,0,0,0x0,37829,0,0,0x0,0,600,0,0x0,0,0,0,,
2274,0,0,0x0,37829,0,0,0x0,0,50,0,0x0,0,0,0,,
2275,0,0,0x0,37829,0,0,0x0,0,100,0,0x0,0,0,0,,
2276,0,0,0x0,37829,0,0,0x0,0,200,0,0x0,0,0,0,,
2277,12000,0,0x0,0,0,0,0x0,0,0,0,0x0,0,0,0,,
2278,13000,0,0x0,0,0,0,0x0,0,0,0,0x0,0,0,0,,
2279,15000,0,0x0,0,0,0,0x0,0,0,0,0x0,0,0,0,,
2280,15000,0,0x0,0,0,0,0x0,0,0,0,0x0,0,0,0,,
2281,15000,0,0x0,0,0,0,0x0,0,0,0,0x0,0,0,0,,
2282,0,3750,0x0,0,0,0,0x0,0,0,0,0x0,0,0,1850,,
2283,0,1125,0x0,0,0,0,0x0,0,0,0,0x0,0,0,0,,
2284,0,3150,0x0,0,0,0,0x0,0,0,0,0x0,0,0,0,,
2285,0,1875,0x0,0,0,0,0x0,0,0,0,0x0,0,0,0,,
2286,0,1125,0x0,0,0,0,0x0,0,0,0,0x0,0,0,0,,
2287,0,2625,0x0,0,0,0,0x0,0,0,0,0x0,0,0,0,,
2288,0,1500,0x0,0,0,0,0x0,0,0,0,0x0,0,0,0,,
2289,31000,0,0x0,0,0,0,0x0,0,0,0,0x0,0,0,0,,
2290,20000,0,0x0,0,0,0,0x0,0,0,0,0x0,0,0,0,,
2291,13000,0,0x0,0,0,0,0x0,0,0,0,0x0,0,0,0,,
2292,0,0,0x0,34180,34664,0,0x0,0,1,1,0x0,0,0,0,,
2293,0,0,0x0,34167,34664,0,0x0,0,1,1,0x0,0,0,0,,
2294,0,0,0x0,34186,34664,0,0x0,0,1,1,0x0,0,0,0,,
2295,0,0,0x0,34169,34664,0,0x0,0,1,1,0x0,0,0,0,,
2296,0,0,0x0,34188,34664,0,0x0,0,1,1,0x0,0,0,0,,
2297,0,0,0x0,34170,34664,0,0x0,0,1,1,0x0,0,0,0,,
2298,0,0,0x0,34192,34664,0,0x0,0,1,1,0x0,0,0,0,,
2299,0,0,0x0,34193,34664,0,0x0,0,1,1,0x0,0,0,0,,
2300,0,0,0x0,34208,34664,0,0x0,0,1,1,0x0,0,0,0,,
2301,0,0,0x0,34209,34664,0,0x0,0,1,1,0x0,0,0,0,,
2302,0,0,0x0,34195,34664,0,0x0,0,1,1,0x0,0,0,0,,
2303,0,0,0x0,34202,34664,0,0x0,0,1,1,0x0,0,0,0,,
2304,0,0,0x0,34215,34664,0,0x0,0,1,1,0x0,0,0,0,,
2305,0,0,0x0,34216,34664,0,0x0,0,1,1,0x0,0,0,0,,
2306,0,0,0x0,34229,34664,0,0x0,0,1,1,0x0,0,0,0,,
2307,0,0,0x0,34211,34664,0,0x0,0,1,1,0x0,0,0,0,,
2308,0,0,0x0,34212,34664,0,0x0,0,1,1,0x0,0,0,0,,
2309,0,0,0x0,34233,34664,0,0x0,0,1,1,0x0,0,0,0,,
2310,0,0,0x0,34345,34664,0,0x0,0,1,1,0x0,0,0,0,,
2311,0,0,0x0,34243,34664,0,0x0,0,1,1,0x0,0,0,0,,
2312,0,0,0x0,34332,34664,0,0x0,0,1,1,0x0,0,0,0,,
2313,0,0,0x0,34245,34664,0,0x0,0,1,1,0x0,0,0,0,,
2314,0,0,0x0,34244,34664,0,0x0,0,1,1,0x0,0,0,0,,
2315,0,0,0x0,34339,34664,0,0x0,0,1,1,0x0,0,0,0,,
2316,0,0,0x0,34342,34664,0,0x0,0,1,1,0x0,0,0,0,,
2317,0,0,0x0,34351,34664,0,0x0,0,1,1,0x0,0,0,0,,
2318,0,0,0x0,34234,34664,0,0x0,0,1,1,0x0,0,0,0,,
2319,0,0,0x0,34350,34664,0,0x0,0,1,1,0x0,0,0,0,,
2320,0,0,0x0,34848,0,0,0x0,0,1,0,0x0,0,0,0,,
2321,0,0,0x0,34852,0,0,0x0,0,1,0,0x0,0,0,0,,
2322,0,0,0x0,34854,0,0,0x0,0,1,0,0x0,0,0,0,,
2323,0,0,0x0,34851,0,0,0x0,0,1,0,0x0,0,0,0,,
2324,0,0,0x0,34853,0,0,0x0,0,1,0,0x0,0,0,0,,
2325,0,0,0x0,34855,0,0,0x0,0,1,0,0x0,0,0,0,,
2326,0,0,0x0,34856,0,0,0x0,0,1,0,0x0,0,0,0,,
2327,0,0,0x0,34858,0,0,0x0,0,1,0,0x0,0,0,0,,
2328,0,0,0x0,34857,0,0,0x0,0,1,0,0x0,0,0,0,,
2329,0,0,0x0,29434,0,0,0x0,0,150,0,0x0,0,0,0,,
2330,0,0,0x0,29434,0,0,0x0,0,125,0,0x0,0,0,0,,
2331,0,0,0x0,29434,0,0,0x0,0,105,0,0x0,0,0,0,,
2332,0,0,0x0,29434,0,0,0x0,0,45,0,0x0,0,0,0,,
2333,0,0,0x0,29434,0,0,0x0,0,100,0,0x0,0,0,0,,
2334,0,1875,0x0,0,0,0,0x0,0,0,0,0x0,0,0,1650,,
2335,0,1125,0x0,0,0,0,0x0,0,0,0,0x0,0,0,1550,,
2336,0,1875,0x0,0,0,0,0x0,0,0,0,0x0,0,0,1750,,
2337,0,1875,0x0,0,0,0,0x0,0,0,0,0x0,0,0,1600,,
2338,0,1125,0x0,0,0,0,0x0,0,0,0,0x0,0,0,1750,,
2339,0,1000,0x0,0,0,0,0x0,0,0,0,0x0,0,0,1750,,
2340,0,2150,0x0,0,0,0,0x0,0,0,0,0x0,0,0,1700,,
2341,0,1110,0x0,0,0,0,0x0,0,0,0,0x0,0,0,1700,,
2342,0,1125,0x0,0,0,0,0x0,0,0,0,0x0,0,0,0,,
2343,0,675,0x0,0,0,0,0x0,0,0,0,0x0,0,0,0,,
2344,0,1575,0x0,0,0,0,0x0,0,0,0,0x0,0,0,1700,,
2345,0,675,0x0,0,0,0,0x0,0,0,0,0x0,0,0,1700,,
2346,0,1125,0x0,0,0,0,0x0,0,0,0,0x0,0,0,1700,,
2347,0,0,0x0,29434,0,0,0x0,0,40,0,0x0,0,0,0,,
2348,0,0,0x0,23247,0,0,0x0,0,2,0,0x0,0,0,0,,
2349,0,0,0x0,23247,0,0,0x0,0,5,0,0x0,0,0,0,,
2350,0,0,0x0,23247,0,0,0x0,0,20,0,0x0,0,0,0,,
2351,0,0,0x0,23247,0,0,0x0,0,100,0,0x0,0,0,0,,
2352,0,0,0x0,23247,0,0,0x0,0,200,0,0x0,0,0,0,,
2353,0,0,0x0,23247,0,0,0x0,0,350,0,0x0,0,0,0,,
2354,1,0,0x0,0,0,0,0x0,0,0,0,0x0,0,0,0,,
2355,0,0,0x0,33568,0,0,0x0,0,1,0,0x0,0,0,0,,
2356,0,650,0x0,0,0,0,0x0,0,0,0,0x0,0,0,1750,,
2357,0,650,0x0,0,0,0,0x0,0,0,0,0x0,0,0,0,,
2358,0,1304,0x0,0,0,0,0x0,0,0,0,0x0,0,0,1850,,
2359,0,1500,0x0,0,0,0,0x0,0,0,0,0x0,0,0,2200,,
2360,0,3750,0x0,0,0,0,0x0,0,0,0,0x0,0,0,2050,,
2361,0,3150,0x0,0,0,0,0x0,0,0,0,0x0,0,0,2050,,
2362,0,2625,0x0,0,0,0,0x0,0,0,0,0x0,0,0,2050,,
2363,0,1125,0x0,0,0,0,0x0,0,0,0,0x0,0,0,2050,,
2364,0,1875,0x0,0,0,0,0x0,0,0,0,0x0,0,0,2050,,
2365,0,1875,0x0,0,0,0,0x0,0,0,0,0x0,0,0,1700,,
2366,0,1875,0x0,0,0,0,0x0,0,0,0,0x0,0,0,1550,,
2367,0,2250,0x0,0,0,0,0x0,0,0,0,0x0,0,0,1800,,
2368,0,1110,0x0,0,0,0,0x0,0,0,0,0x0,0,0,1800,,
2369,0,1575,0x0,0,0,0,0x0,0,0,0,0x0,0,0,1800,,
2370,0,1575,0x0,0,0,0,0x0,0,0,0,0x0,0,0,1800,,
2371,0,675,0x0,0,0,0,0x0,0,0,0,0x0,0,0,1800,,
2372,0,1125,0x0,0,0,0,0x0,0,0,0,0x0,0,0,1800,,
2373,0,1304,0x0,0,0,0,0x0,0,0,0,0x0,0,0,1950,,
2374,0,600,0x0,0,0,0,0x0,0,0,0,0x0,0,0,0,,
2375,0,650,0x0,0,0,0,0x0,0,0,0,0x0,0,0,2050,,
2376,0,0,0x0,33568,0,0,0x0,0,4,0,0x0,0,0,0,,
2377,0,3000,0x0,0,0,0,0x0,0,0,0,0x0,0,0,1800,,
2378,0,2520,0x0,0,0,0,0x0,0,0,0,0x0,0,0,1800,,
2379,0,900,0x0,0,0,0,0x0,0,0,0,0x0,0,0,0,,
2380,0,800,0x0,0,0,0,0x0,0,0,0,0x0,0,0,0,,
2381,0,2100,0x0,0,0,0,0x0,0,0,0,0x0,0,0,1800,,
2382,0,900,0x0,0,0,0,0x0,0,0,0,0x0,0,0,1800,,
2383,0,1500,0x0,0,0,0,0x0,0,0,0,0x0,0,0,1800,,
2384,0,1150,0x0,0,0,0,0x0,0,0,0,0x0,0,0,1950,,
2385,0,2520,0x0,0,0,0,0x0,0,0,0,0x0,0,0,1800,,
2386,0,3000,0x0,0,0,0,0x0,0,0,0,0x0,0,0,1800,,
2387,0,900,0x0,0,0,0,0x0,0,0,0,0x0,0,0,0,,
2388,0,800,0x0,0,0,0,0x0,0,0,0,0x0,0,0,0,,
2389,0,2100,0x0,0,0,0,0x0,0,0,0,0x0,0,0,1800,,
2390,0,900,0x0,0,0,0,0x0,0,0,0,0x0,0,0,1800,,
2391,0,1500,0x0,0,0,0,0x0,0,0,0,0x0,0,0,1800,,
2392,0,1200,0x0,0,0,0,0x0,0,0,0,0x0,0,0,1950,,
2393,0,650,0x0,0,0,0,0x0,0,0,0,0x0,0,0,2050,,
2394,0,0,0x0,37836,0,0,0x0,0,200,0,0x0,0,0,0,,
2395,0,0,0x0,37836,0,0,0x0,0,200,0,0x0,0,0,0,,
2396,0,0,0x0,37836,0,0,0x0,0,120,0,0x0,0,0,0,,
2397,0,0,0x0,37829,0,0,0x0,0,200,0,0x0,0,0,0,,
2398,0,0,0x0,37829,0,0,0x0,0,2,0,0x0,0,0,0,,
2399,0,0,0x0,37829,0,0,0x0,0,20,0,0x0,0,0,0,,
2400,18000,0,0x0,0,0,0,0x0,0,0,0,0x0,0,0,1700,,
2401,13000,0,0x0,0,0,0,0x0,0,0,0,0x0,0,0,1575,,
2402,16000,0,0x0,0,0,0,0x0,0,0,0,0x0,0,0,1650,,
2403,40000,0,0x0,0,0,0,0x0,0,0,0,0x0,0,0,0,,
2404,8000,0,0x0,0,0,0,0x0,0,0,0,0x0,0,0,0,,
2405,9200,0,0x0,0,0,0,0x0,0,0,0,0x0,0,0,0,,
2406,15000,0,0x0,0,0,0,0x0,0,0,0,0x0,0,0,0,,
2407,0,0,0x0,38186,0,0,0x0,0,500,0,0x0,0,0,0,,
2408,0,0,0x0,38186,0,0,0x0,0,100,0,0x0,0,0,0,,
2409,0,0,0x0,38186,0,0,0x0,0,250,0,0x0,0,0,0,,
2410,0,0,0x0,38186,0,0,0x0,0,1000,0,0x0,0,0,0,,
2411,0,0,0x0,38186,0,0,0x0,0,50,0,0x0,0,0,0,,
2412,0,0,0x0,38186,0,0,0x0,0,25,0,0x0,0,0,0,,
2413,0,0,0x0,34597,0,0,0x0,0,1,0,0x0,0,0,0,,
2414,0,0,0x0,34597,0,0,0x0,0,50,0,0x0,0,0,0,,
2415,0,0,0x0,34597,0,0,0x0,0,30,0,0x0,0,0,0,,
2416,0,0,0x0,34597,0,0,0x0,0,5,0,0x0,0,0,0,,
2417,0,0,0x0,34597,0,0,0x0,0,20,0,0x0,0,0,0,,
2418,0,0,0x0,34597,0,0,0x0,0,100,0,0x0,0,0,0,,
2419,0,0,0x0,34597,0,0,0x0,0,60,0,0x0,0,0,0,,
2420,0,0,0x0,37836,0,0,0x0,0,30,0,0x0,0,0,0,,
2421,0,0,0x0,37836,0,0,0x0,0,70,0,0x0,0,0,0,,
2422,0,0,0x0,37836,0,0,0x0,0,50,0,0x0,0,0,0,,
2423,0,800,0x0,0,0,0,0x0,0,0,0,0x0,0,0,0,,
2424,0,0,0x0,37829,0,0,0x0,0,5,0,0x0,0,0,0,,
2425,10000,0,0x0,0,0,0,0x0,0,0,0,0x0,0,0,0,,
2426,1250,0,0x0,0,0,0,0x0,0,0,0,0x0,0,0,0,,
2427,36000,0,0x0,0,0,0,0x0,0,0,0,0x0,0,0,0,,
2428,21000,0,0x0,0,0,0,0x0,0,0,0,0x0,0,0,0,,
2429,0,0,0x0,41596,0,0,0x0,0,3,0,0x0,0,0,0,,
2430,0,0,0x0,41596,0,0,0x0,0,5,0,0x0,0,0,0,,
2431,0,250,0x0,0,0,0,0x0,0,0,0,0x0,0,0,0,,
2432,0,400,0x0,0,0,0,0x0,0,0,0,0x0,0,0,0,,
2433,0,0,0x0,41596,0,0,0x0,0,1,0,0x0,0,0,0,,
2434,0,0,0x0,41596,0,0,0x0,0,2,0,0x0,0,0,0,,
2435,0,0,0x0,20560,20559,29024,0x504E,42425,1,1,0x1,1,1,0,,
2436,0,0,0x0,41596,0,0,0x0,0,4,0,0x0,0,0,0,,
2437,0,0,0x0,25634,0,0,0x0,0,100,0,0x0,0,0,0,,
2438,24000,700,0x0,0,0,0,0x0,0,0,0,0x0,0,0,0,,
2439,20000,575,0x0,0,0,0,0x0,0,0,0,0x0,0,0,0,,
2440,12000,350,0x0,0,0,0,0x0,0,0,0,0x0,0,0,0,,
2441,7200,200,0x0,0,0,0,0x0,0,0,0,0x0,0,0,0,,
2442,16800,475,0x0,0,0,0,0x0,0,0,0,0x0,0,0,0,,
2443,7200,200,0x0,0,0,0,0x0,0,0,0,0x0,0,0,0,,
2444,6400,175,0x0,0,0,0,0x0,0,0,0,0x0,0,0,0,,
2445,9600,275,0x0,0,0,0,0x0,0,0,0,0x0,0,0,0,,
2446,24800,0,0x0,0,0,0,0x0,0,0,0,0x0,0,0,0,,
2447,15800,0,0x0,0,0,0,0x0,0,0,0,0x0,0,0,0,,
2448,19000,0,0x0,0,0,0,0x0,0,0,0,0x0,0,0,0,,
2449,24000,1400,0x0,0,0,0,0x0,0,0,0,0x0,0,0,1705,,
2450,20000,1150,0x0,0,0,0,0x0,0,0,0,0x0,0,0,1705,,
2451,12000,700,0x0,0,0,0,0x0,0,0,0,0x0,0,0,1675,,
2452,7200,400,0x0,0,0,0,0x0,0,0,0,0x0,0,0,1615,,
2453,12000,700,0x0,0,0,0,0x0,0,0,0,0x0,0,0,1735,,
2454,12000,700,0x0,0,0,0,0x0,0,0,0,0x0,0,0,1645,,
2455,16800,950,0x0,0,0,0,0x0,0,0,0,0x0,0,0,1705,,
2456,7200,400,0x0,0,0,0,0x0,0,0,0,0x0,0,0,1705,,
2457,6400,350,0x0,0,0,0,0x0,0,0,0,0x0,0,0,1705,,
2458,12000,700,0x0,0,0,0,0x0,0,0,0,0x0,0,0,1705,,
2459,9600,550,0x0,0,0,0,0x0,0,0,0,0x0,0,0,1775,,
2460,0,4500,0x0,0,0,0,0x0,0,0,0,0x0,0,0,1930,,
2461,0,3750,0x0,0,0,0,0x0,0,0,0,0x0,0,0,1930,,
2462,0,2250,0x0,0,0,0,0x0,0,0,0,0x0,0,0,1870,,
2463,0,1350,0x0,0,0,0,0x0,0,0,0,0x0,0,0,1750,,
2464,0,2250,0x0,0,0,0,0x0,0,0,0,0x0,0,0,1990,,
2465,0,2250,0x0,0,0,0,0x0,0,0,0,0x0,0,0,1810,,
2466,0,3150,0x0,0,0,0,0x0,0,0,0,0x0,0,0,1930,,
2467,0,1350,0x0,0,0,0,0x0,0,0,0,0x0,0,0,1930,,
2468,0,1200,0x0,0,0,0,0x0,0,0,0,0x0,0,0,1930,,
2469,0,2250,0x0,0,0,0,0x0,0,0,0,0x0,0,0,1930,,
2470,0,1750,0x0,0,0,0,0x0,0,0,0,0x0,0,0,2050,,
2471,31000,0,0x0,0,0,0,0x0,0,0,0,0x0,0,0,1630,,
2472,31000,0,0x0,0,0,0,0x0,0,0,0,0x0,0,0,1720,,
2473,19700,0,0x0,0,0,0,0x0,0,0,0,0x0,0,0,1660,,
2474,23700,0,0x0,0,0,0,0x0,0,0,0,0x0,0,0,1750,,
2475,23700,0,0x0,0,0,0,0x0,0,0,0,0x0,0,0,1600,,
2476,23700,0,0x0,0,0,0,0x0,0,0,0,0x0,0,0,1690,,
2477,31000,0,0x0,0,0,0,0x0,0,0,0,0x0,0,0,1800,,
2478,0,0,0x0,43016,0,0,0x0,0,3,0,0x0,0,0,0,,
2479,0,0,0x0,43016,0,0,0x0,0,5,0,0x0,0,0,0,,
2480,0,0,0x0,43016,0,0,0x0,0,1,0,0x0,0,0,0,,
2481,0,0,0x0,43228,0,0,0x0,0,12,0,0x0,0,0,0,,
2482,0,0,0x0,43228,0,0,0x0,0,24,0,0x0,0,0,0,,
2483,12,0,0x0,0,0,0,0x0,0,0,0,0x0,0,0,0,,
2484,0,0,0x0,40752,0,0,0x0,0,10,0,0x0,0,0,0,,
2485,0,0,0x0,40612,0,0,0x0,0,1,0,0x0,0,0,0,,
2486,0,0,0x0,40615,0,0,0x0,0,1,0,0x0,0,0,0,,
2487,0,0,0x0,40618,0,0,0x0,0,1,0,0x0,0,0,0,,
2488,0,0,0x0,40621,0,0,0x0,0,1,0,0x0,0,0,0,,
2489,0,0,0x0,40624,0,0,0x0,0,1,0,0x0,0,0,0,,
2490,0,0,0x0,40616,0,0,0x0,0,1,0,0x0,0,0,0,,
2491,0,0,0x0,40610,0,0,0x0,0,1,0,0x0,0,0,0,,
2492,0,0,0x0,40619,0,0,0x0,0,1,0,0x0,0,0,0,,
2493,0,0,0x0,40622,0,0,0x0,0,1,0,0x0,0,0,0,,
2494,0,0,0x0,40613,0,0,0x0,0,1,0,0x0,0,0,0,,
2495,0,0,0x0,40611,0,0,0x0,0,1,0,0x0,0,0,0,,
2496,0,0,0x0,40614,0,0,0x0,0,1,0,0x0,0,0,0,,
2497,0,0,0x0,40617,0,0,0x0,0,1,0,0x0,0,0,0,,
2498,0,0,0x0,40620,0,0,0x0,0,1,0,0x0,0,0,0,,
2499,0,0,0x0,40623,0,0,0x0,0,1,0,0x0,0,0,0,,
2500,0,0,0x0,42780,0,0,0x0,0,10,0,0x0,0,0,0,,
2501,0,0,0x0,42780,0,0,0x0,0,2,0,0x0,0,0,0,,
2502,0,0,0x0,42780,0,0,0x0,0,250,0,0x0,0,0,0,,
2503,0,0,0x0,40628,0,0,0x0,0,1,0,0x0,0,0,0,,
2504,0,0,0x0,40625,0,0,0x0,0,1,0,0x0,0,0,0,,
2505,0,0,0x0,40631,0,0,0x0,0,1,0,0x0,0,0,0,,
2506,0,0,0x0,40634,0,0,0x0,0,1,0,0x0,0,0,0,,
2507,0,0,0x0,40637,0,0,0x0,0,1,0,0x0,0,0,0,,
2508,0,0,0x0,40626,0,0,0x0,0,1,0,0x0,0,0,0,,
2509,0,0,0x0,40632,0,0,0x0,0,1,0,0x0,0,0,0,,
2510,0,0,0x0,40629,0,0,0x0,0,1,0,0x0,0,0,0,,
2511,0,0,0x0,40635,0,0,0x0,0,1,0,0x0,0,0,0,,
2512,0,0,0x0,40638,0,0,0x0,0,1,0,0x0,0,0,0,,
2513,0,0,0x0,40627,0,0,0x0,0,1,0,0x0,0,0,0,,
2514,0,0,0x0,40633,0,0,0x0,0,1,0,0x0,0,0,0,,
2515,0,0,0x0,40630,0,0,0x0,0,1,0,0x0,0,0,0,,
2516,0,0,0x0,40636,0,0,0x0,0,1,0,0x0,0,0,0,,
2517,0,0,0x0,40639,0,0,0x0,0,1,0,0x0,0,0,0,,
2518,0,0,0x0,22484,0,0,0x0,0,15,0,0x0,0,0,0,,
2519,0,0,0x0,22484,0,0,0x0,0,20,0,0x0,0,0,0,,
2520,0,0,0x0,22484,0,0,0x0,0,8,0,0x0,0,0,0,,
2521,0,0,0x0,22484,0,0,0x0,0,30,0,0x0,0,0,0,,
2522,0,0,0x0,22484,0,0,0x0,0,40,0,0x0,0,0,0,,
2523,0,0,0x0,40752,0,0,0x0,0,25,0,0x0,0,0,0,,
2524,0,0,0x0,40752,0,0,0x0,0,40,0,0x0,0,0,0,,
2525,0,0,0x0,40752,0,0,0x0,0,15,0,0x0,0,0,0,,
2526,0,0,0x0,40752,0,0,0x0,0,60,0,0x0,0,0,0,,
2527,0,0,0x0,40752,0,0,0x0,0,75,0,0x0,0,0,0,,
2528,0,0,0x0,40752,0,0,0x0,0,45,0,0x0,0,0,0,,
2529,0,0,0x0,40752,0,0,0x0,0,30,0,0x0,0,0,0,,
2530,0,0,0x0,40752,0,0,0x0,0,100,0,0x0,0,0,0,,
2531,0,0,0x0,40752,0,0,0x0,0,35,0,0x0,0,0,0,,
2532,0,0,0x0,40752,0,0,0x0,0,50,0,0x0,0,0,0,,
2533,0,0,0x0,40752,0,0,0x0,0,80,0,0x0,0,0,0,,
2534,0,0,0x0,40753,0,0,0x0,0,25,0,0x0,0,0,0,,
2535,0,0,0x0,40753,0,0,0x0,0,60,0,0x0,0,0,0,,
2536,0,0,0x0,40753,0,0,0x0,0,40,0,0x0,0,0,0,,
2537,0,0,0x0,40753,0,0,0x0,0,60,0,0x0,0,0,0,,
2538,0,0,0x0,40753,0,0,0x0,0,75,0,0x0,0,0,0,,
2539,0,0,0x0,40753,0,0,0x0,0,45,0,0x0,0,0,0,,
2540,0,0,0x0,40753,0,0,0x0,0,30,0,0x0,0,0,0,,
2541,0,0,0x0,43016,0,0,0x0,0,10,0,0x0,0,0,0,,
2542,0,0,0x0,43228,0,0,0x0,0,200,0,0x0,0,0,0,,
2543,0,0,0x0,43228,0,0,0x0,0,325,0,0x0,0,0,0,,
2544,0,0,0x0,43228,0,0,0x0,0,250,0,0x0,0,0,0,,
2545,0,0,0x0,43228,0,0,0x0,0,20,0,0x0,0,0,0,,
2546,0,0,0x0,43228,0,0,0x0,0,30,0,0x0,0,0,0,,
2547,0,0,0x0,43228,0,0,0x0,0,15,0,0x0,0,0,0,,
2548,0,0,0x0,43228,0,0,0x0,0,100,0,0x0,0,0,0,,
2549,0,0,0x0,43228,0,0,0x0,0,40,0,0x0,0,0,0,,
2550,0,0,0x0,40752,0,0,0x0,0,200,0,0x0,0,0,0,,
2551,0,0,0x0,40752,0,0,0x0,0,65,0,0x0,0,0,0,,
2552,0,0,0x0,43228,0,0,0x0,0,300,0,0x0,0,0,0,,
2553,0,0,0x0,34052,0,0,0x0,0,4,0,0x0,0,0,0,,
2554,0,0,0x0,34052,0,0,0x0,0,10,0,0x0,0,0,0,,
2555,0,0,0x0,38425,0,0,0x0,0,3,0,0x0,0,0,0,,
2556,0,0,0x0,44128,0,0,0x0,0,2,0,0x0,0,0,0,,
2557,2500,0,0x0,0,0,0,0x0,0,0,0,0x0,0,0,0,,
2558,0,0,0x0,41596,0,0,0x0,0,6,0,0x0,0,0,0,,
2559,49600,0,0x0,0,0,0,0x0,0,0,0,0x0,0,0,0,,
2560,31600,0,0x0,0,0,0,0x0,0,0,0,0x0,0,0,0,,
2561,38000,0,0x0,0,0,0,0x0,0,0,0,0x0,0,0,0,,
2562,62000,0,0x0,0,0,0,0x0,0,0,0,0x0,0,0,1630,,
2563,62000,0,0x0,0,0,0,0x0,0,0,0,0x0,0,0,1720,,
2564,39400,0,0x0,0,0,0,0x0,0,0,0,0x0,0,0,1660,,
2565,47400,0,0x0,0,0,0,0x0,0,0,0,0x0,0,0,1750,,
2566,47400,0,0x0,0,0,0,0x0,0,0,0,0x0,0,0,1600,,
2567,47400,0,0x0,0,0,0,0x0,0,0,0,0x0,0,0,1690,,
2568,62000,0,0x0,0,0,0,0x0,0,0,0,0x0,0,0,1800,,
2569,60000,0,0x0,0,0,0,0x0,0,0,0,0x0,0,0,0,,
2570,50000,0,0x0,0,0,0,0x0,0,0,0,0x0,0,0,0,,
2571,0,0,0x0,44791,0,0,0x0,0,10,0,0x0,0,0,0,,
2572,0,0,0x0,44791,0,0,0x0,0,25,0,0x0,0,0,0,,
2573,0,0,0x0,44791,0,0,0x0,0,50,0,0x0,0,0,0,,
2574,0,0,0x0,44791,0,0,0x0,0,100,0,0x0,0,0,0,,
2575,0,0,0x0,44791,0,0,0x0,0,5,0,0x0,0,0,0,,
2576,0,0,0x0,43589,0,0,0x0,0,9,0,0x0,0,0,0,,
2577,0,0,0x0,43589,0,0,0x0,0,15,0,0x0,0,0,0,,
2578,0,0,0x0,43589,0,0,0x0,0,25,0,0x0,0,0,0,,
2579,0,0,0x0,43589,0,0,0x0,0,40,0,0x0,0,0,0,,
2580,0,0,0x0,21100,0,0,0x0,0,1,0,0x0,0,0,0,,
2581,0,0,0x0,21100,0,0,0x0,0,5,0,0x0,0,0,0,,
2582,0,0,0x0,43126,0,0,0x0,0,1,0,0x0,0,0,0,,
2583,0,0,0x0,43126,0,0,0x0,0,10,0,0x0,0,0,0,,
2584,0,0,0x0,34057,0,0,0x0,0,5,0,0x0,0,0,0,,
2585,0,0,0x0,34597,0,0,0x0,0,2,0,0x0,0,0,0,,
2586,0,0,0x0,34597,0,0,0x0,0,2,0,0x0,0,0,0,,
2587,0,0,0x0,34597,0,0,0x0,0,10,0,0x0,0,0,0,,
2588,10000,0,0x0,0,0,0,0x0,0,0,0,0x0,0,0,0,,
2589,0,0,0x0,40753,0,0,0x0,0,1,0,0x0,0,0,0,,
2590,100,200,0x0,40752,40753,43228,0x0,0,2,2,0x2,0,0,0,,
2591,0,0,0x0,40586,0,0,0x0,0,1,0,0x0,0,0,0,,
2592,0,0,0x0,40586,0,0,0x0,0,1,0,0x0,0,0,0,,
2593,0,0,0x0,44934,0,0,0x0,0,1,0,0x0,0,0,0,,
2594,0,0,0x0,44935,0,0,0x0,0,1,0,0x0,0,0,0,,
2595,0,0,0x0,40585,0,0,0x0,0,1,0,0x0,0,0,0,,
2596,0,100,0x0,0,0,0,0x0,0,0,0,0x0,0,0,0,,
2597,0,0,0x0,44990,0,0,0x0,0,15,0,0x0,0,0,0,,
2598,0,0,0x0,44990,0,0,0x0,0,50,0,0x0,0,0,0,,
2599,0,0,0x0,44990,0,0,0x0,0,40,0,0x0,0,0,0,,
2600,0,0,0x0,44990,0,0,0x0,0,100,0,0x0,0,0,0,,
2601,0,0,0x0,44990,0,0,0x0,0,25,0,0x0,0,0,0,,
2602,0,0,0x0,44990,0,0,0x0,0,10,0,0x0,0,0,0,,
2603,0,0,0x0,44990,0,0,0x0,0,150,0,0x0,0,0,0,,
2604,0,0,0x0,45624,0,0,0x0,0,18,0,0x0,0,0,0,,
2605,30400,0,0x0,0,0,0,0x0,0,0,0,0x0,0,0,0,,
2606,0,0,0x0,45624,0,0,0x0,0,19,0,0x0,0,0,0,,
2607,0,0,0x0,45624,0,0,0x0,0,28,0,0x0,0,0,0,,
2608,6400,350,0x0,0,0,0,0x0,0,0,0,0x0,0,0,700,,
2609,7200,400,0x0,0,0,0,0x0,0,0,0,0x0,0,0,800,,
2610,12000,700,0x0,0,0,0,0x0,0,0,0,0x0,0,0,900,,
2611,12000,700,0x0,0,0,0,0x0,0,0,0,0x0,0,0,1000,,
2612,12000,700,0x0,0,0,0,0x0,0,0,0,0x0,0,0,1100,,
2613,9600,550,0x0,0,0,0,0x0,0,0,0,0x0,0,0,1350,,
2614,39400,0,0x0,0,0,0,0x0,0,0,0,0x0,0,0,1400,,
2615,62000,0,0x0,0,0,0,0x0,0,0,0,0x0,0,0,1450,,
2616,62000,0,0x0,0,0,0,0x0,0,0,0,0x0,0,0,1500,,
2617,47400,0,0x0,0,0,0,0x0,0,0,0,0x0,0,0,1550,,
2618,47400,0,0x0,0,0,0,0x0,0,0,0,0x0,0,0,1650,,
2619,47400,0,0x0,0,0,0,0x0,0,0,0,0x0,0,0,2000,,
2620,0,0,0x0,45624,0,0,0x0,0,58,0,0x0,0,0,0,,
2621,0,1300,0x0,0,0,0,0x0,0,0,0,0x0,0,0,1600,,
2622,0,2150,0x0,0,0,0,0x0,0,0,0,0x0,0,0,1750,,
2623,50000,1400,0x0,0,0,0,0x0,0,0,0,0x0,0,0,1850,,
2624,35000,1200,0x0,0,0,0,0x0,0,0,0,0x0,0,0,1850,,
2625,35000,1200,0x0,0,0,0,0x0,0,0,0,0x0,0,0,1850,,
2626,15000,1100,0x0,0,0,0,0x0,0,0,0,0x0,0,0,1850,,
2627,0,1066,0x0,0,0,0,0x0,0,0,0,0x0,0,0,1850,,
2628,0,1950,0x0,0,0,0,0x0,0,0,0,0x0,0,0,1850,,
2629,0,2150,0x0,0,0,0,0x0,0,0,0,0x0,0,0,1900,,
2630,0,0,0x0,45624,0,0,0x0,0,39,0,0x0,0,0,0,,
2631,0,0,0x0,45624,0,0,0x0,0,46,0,0x0,0,0,0,,
2632,0,4250,0x0,0,0,0,0x0,0,0,0,0x0,0,0,2350,,
2633,0,3585,0x0,0,0,0,0x0,0,0,0,0x0,0,0,2350,,
2634,0,3000,0x0,0,0,0,0x0,0,0,0,0x0,0,0,2350,,
2635,0,1245,0x0,0,0,0,0x0,0,0,0,0x0,0,0,2350,,
2636,0,500,0x1,0,0,0,0x0,0,0,0,0x0,0,0,2350,,
2637,0,0,0x0,45624,0,0,0x0,0,1,0,0x0,0,0,0,,
2638,0,0,0x0,40753,0,0,0x0,0,15,0,0x0,0,0,0,,
2639,0,0,0x0,46114,0,0,0x0,0,1,0,0x0,0,0,0,,
2640,0,0,0x0,45644,0,0,0x0,0,1,0,0x0,0,0,0,,
2641,0,0,0x0,45641,0,0,0x0,0,1,0,0x0,0,0,0,,
2642,0,0,0x0,45659,0,0,0x0,0,1,0,0x0,0,0,0,,
2643,0,0,0x0,45656,0,0,0x0,0,1,0,0x0,0,0,0,,
2644,0,0,0x0,45650,0,0,0x0,0,1,0,0x0,0,0,0,,
2645,0,0,0x0,45653,0,0,0x0,0,1,0,0x0,0,0,0,,
2646,0,0,0x0,45635,0,0,0x0,0,1,0,0x0,0,0,0,,
2647,0,0,0x0,45632,0,0,0x0,0,1,0,0x0,0,0,0,,
2648,0,0,0x0,45647,0,0,0x0,0,1,0,0x0,0,0,0,,
2649,0,0,0x0,45638,0,0,0x0,0,1,0,0x0,0,0,0,,
2650,0,0,0x0,45645,0,0,0x0,0,1,0,0x0,0,0,0,,
2651,0,0,0x0,45642,0,0,0x0,0,1,0,0x0,0,0,0,,
2652,0,0,0x0,45660,0,0,0x0,0,1,0,0x0,0,0,0,,
2653,0,0,0x0,45657,0,0,0x0,0,1,0,0x0,0,0,0,,
2654,0,0,0x0,45651,0,0,0x0,0,1,0,0x0,0,0,0,,
2655,0,0,0x0,45654,0,0,0x0,0,1,0,0x0,0,0,0,,
2656,0,0,0x0,45636,0,0,0x0,0,1,0,0x0,0,0,0,,
2657,0,0,0x0,45633,0,0,0x0,0,1,0,0x0,0,0,0,,
2658,0,0,0x0,45648,0,0,0x0,0,1,0,0x0,0,0,0,,
2659,0,0,0x0,45639,0,0,0x0,0,1,0,0x0,0,0,0,,
2660,0,0,0x0,45646,0,0,0x0,0,1,0,0x0,0,0,0,,
2661,0,0,0x0,45643,0,0,0x0,0,1,0,0x0,0,0,0,,
2662,0,0,0x0,45661,0,0,0x0,0,1,0,0x0,0,0,0,,
2663,0,0,0x0,45658,0,0,0x0,0,1,0,0x0,0,0,0,,
2664,0,0,0x0,45652,0,0,0x0,0,1,0,0x0,0,0,0,,
2665,0,0,0x0,45655,0,0,0x0,0,1,0,0x0,0,0,0,,
2666,0,0,0x0,45637,0,0,0x0,0,1,0,0x0,0,0,0,,
2667,0,0,0x0,45634,0,0,0x0,0,1,0,0x0,0,0,0,,
2668,0,0,0x0,45649,0,0,0x0,0,1,0,0x0,0,0,0,,
2669,0,0,0x0,45640,0,0,0x0,0,1,0,0x0,0,0,0,,
2670,0,0,0x0,43016,0,0,0x0,0,100,0,0x0,0,0,0,,
2671,0,0,0x0,44990,0,0,0x0,0,5,0,0x0,0,0,0,,
2673,0,0,0x0,44990,0,0,0x0,0,60,0,0x0,0,0,0,,
2674,0,0,0x0,44990,0,0,0x0,0,95,0,0x0,0,0,0,,
2675,0,0,0x0,44990,0,0,0x0,0,75,0,0x0,0,0,0,,
2676,0,2000,0x0,0,0,0,0x0,0,0,0,0x0,0,0,1850,,
2677,0,2000,0x1,0,0,0,0x0,0,0,0,0x0,0,0,1850,,
2678,0,2000,0x2,0,0,0,0x0,0,0,0,0x0,0,0,1850,,
2679,0,0,0x0,47557,0,0,0x0,0,1,0,0x0,0,0,0,,
2680,0,0,0x0,47558,0,0,0x0,0,1,0,0x0,0,0,0,,
2681,0,0,0x0,0,47559,0,0x0,0,0,1,0x0,0,0,0,,
2682,0,0,0x0,47241,0,0,0x0,0,25,0,0x0,0,0,0,,
2683,0,0,0x0,47241,47242,0,0x0,0,75,1,0x0,0,0,0,,
2684,0,0,0x0,47241,47242,0,0x0,0,45,1,0x0,0,0,0,,
2685,0,0,0x0,47241,0,0,0x0,0,35,0,0x0,0,0,0,,
2686,0,0,0x0,47241,0,0,0x0,0,50,0,0x0,0,0,0,,
2687,0,0,0x0,47241,0,0,0x0,0,30,0,0x0,0,0,0,,
2688,0,2150,0x0,0,0,0,0x0,0,0,0,0x0,0,0,1600,,
2689,0,1300,0x0,0,0,0,0x0,0,0,0,0x0,0,0,1400,,
2690,0,2150,0x0,0,0,0,0x0,0,0,0,0x0,0,0,1900,,
2691,0,2150,0x0,0,0,0,0x0,0,0,0,0x0,0,0,1550,,
2692,0,1750,0x1,0,0,0,0x0,0,0,0,0x0,0,0,2000,,
2693,50000,1400,0x0,0,0,0,0x0,0,0,0,0x0,0,0,1800,,
2694,0,4250,0x1,0,0,0,0x0,0,0,0,0x0,0,0,2200,,
2695,35000,1200,0x0,0,0,0,0x0,0,0,0,0x0,0,0,1800,,
2696,0,3585,0x1,0,0,0,0x0,0,0,0,0x0,0,0,2200,,
2697,0,3000,0x1,0,0,0,0x0,0,0,0,0x0,0,0,2200,,
2698,15000,1100,0x0,0,0,0,0x0,0,0,0,0x0,0,0,1800,,
2699,0,1245,0x1,0,0,0,0x0,0,0,0,0x0,0,0,2200,,
2700,0,1150,0x0,0,0,0,0x0,0,0,0,0x0,0,0,1800,,
2701,0,300,0x0,0,0,0,0x0,0,0,0,0x0,0,0,1800,,
2702,0,0,0x0,45688,0,0,0x0,0,1,0,0x0,0,0,0,,
2703,0,0,0x0,45689,0,0,0x0,0,1,0,0x0,0,0,0,,
2704,0,0,0x0,45690,0,0,0x0,0,1,0,0x0,0,0,0,,
2705,0,0,0x0,45691,0,0,0x0,0,1,0,0x0,0,0,0,,
2706,0,0,0x0,40752,0,0,0x0,0,20,0,0x0,0,0,0,,
2707,0,0,0x0,47241,0,0,0x0,0,1,0,0x0,0,0,0,,
2708,0,0,0x0,47241,0,0,0x0,0,75,0,0x0,0,0,0,,
2709,0,0,0x0,47241,0,0,0x0,0,45,0,0x0,0,0,0,,
2710,0,0,0x0,46849,0,0,0x0,0,10,0,0x0,0,0,0,,
2711,0,0,0x0,45624,0,0,0x0,0,75,0,0x0,0,0,0,,
2712,62000,0,0x0,0,0,0,0x0,0,0,0,0x0,0,0,1250,,
2713,62000,0,0x0,0,0,0,0x0,0,0,0,0x0,0,0,1300,,
2714,39400,0,0x0,0,0,0,0x0,0,0,0,0x0,0,0,1200,,
2715,47400,0,0x0,0,0,0,0x0,0,0,0,0x0,0,0,1750,,
2716,47400,0,0x0,0,0,0,0x0,0,0,0,0x0,0,0,1450,,
2717,47400,0,0x0,0,0,0,0x0,0,0,0,0x0,0,0,1500,,
2718,62000,0,0x0,0,0,0,0x0,0,0,0,0x0,0,0,1650,,
2719,0,1100,0x0,0,0,0,0x0,0,0,0,0x0,0,0,1850,,
2720,0,300,0x0,0,0,0,0x0,0,0,0,0x0,0,0,1800,,
2721,0,1100,0x0,0,0,0,0x0,0,0,0,0x0,0,0,1850,,
2722,0,500,0x0,0,0,0,0x0,0,0,0,0x0,0,0,2350,,
2723,0,0,0x0,47241,0,0,0x0,0,15,0,0x0,0,0,0,,
2724,0,0,0x0,38425,0,0,0x0,0,10,0,0x0,0,0,0,,
2725,0,0,0x0,49927,0,0,0x0,0,1,0,0x0,0,0,0,,
2726,0,0,0x0,49927,0,0,0x0,0,10,0,0x0,0,0,0,,
2727,0,0,0x0,49927,0,0,0x0,0,5,0,0x0,0,0,0,,
2728,0,0,0x0,49927,0,0,0x0,0,2,0,0x0,0,0,0,,
2729,0,0,0x0,49927,0,0,0x0,0,40,0,0x0,0,0,0,,
2730,0,0,0x0,49916,0,0,0x0,0,1,0,0x0,0,0,0,,
2731,0,0,0x0,49908,0,0,0x0,0,1,0,0x0,0,0,0,,
2732,0,0,0x0,49927,0,0,0x0,0,30,0,0x0,0,0,0,,
2733,0,0,0x0,49927,0,0,0x0,0,20,0,0x0,0,0,0,,
2734,0,0,0x0,47241,0,0,0x0,0,1,0,0x0,0,0,0,,
2735,0,0,0x0,48957,0,0,0x0,0,1,0,0x0,0,0,0,,
2736,0,0,0x0,48956,0,0,0x0,0,1,0,0x0,0,0,0,,
2737,0,0,0x0,48955,0,0,0x0,0,1,0,0x0,0,0,0,,
2738,0,0,0x0,48954,0,0,0x0,0,1,0,0x0,0,0,0,,
2739,0,0,0x0,49426,0,0,0x0,0,30,0,0x0,0,0,0,,
2740,0,0,0x0,49426,0,0,0x0,0,60,0,0x0,0,0,0,,
2741,0,0,0x0,49426,0,0,0x0,0,50,0,0x0,0,0,0,,
2742,0,0,0x0,49426,0,0,0x0,0,95,0,0x0,0,0,0,,
2743,0,0,0x0,49426,0,0,0x0,0,1,0,0x0,0,0,0,,
2744,0,0,0x0,49426,0,0,0x0,0,23,0,0x0,0,0,0,,
2745,0,0,0x0,52025,50279,0,0x0,0,1,1,0x0,0,0,0,,
2746,0,0,0x0,52025,50278,0,0x0,0,1,1,0x0,0,0,0,,
2747,0,0,0x0,52025,50277,0,0x0,0,1,1,0x0,0,0,0,,
2748,0,0,0x0,52025,50276,0,0x0,0,1,1,0x0,0,0,0,,
2749,0,0,0x0,52025,50275,0,0x0,0,1,1,0x0,0,0,0,,
2750,0,0,0x0,52028,51159,0,0x0,0,1,1,0x0,0,0,0,,
2751,0,0,0x0,52028,51158,0,0x0,0,1,1,0x0,0,0,0,,
2752,0,0,0x0,52028,51157,0,0x0,0,1,1,0x0,0,0,0,,
2753,0,0,0x0,52028,51156,0,0x0,0,1,1,0x0,0,0,0,,
2754,0,0,0x0,52028,51155,0,0x0,0,1,1,0x0,0,0,0,,
2755,0,0,0x0,52025,50105,0,0x0,0,1,1,0x0,0,0,0,,
2756,0,0,0x0,52025,50090,0,0x0,0,1,1,0x0,0,0,0,,
2757,0,0,0x0,52025,50089,0,0x0,0,1,1,0x0,0,0,0,,
2758,0,0,0x0,52025,50088,0,0x0,0,1,1,0x0,0,0,0,,
2759,0,0,0x0,52025,50087,0,0x0,0,1,1,0x0,0,0,0,,
2760,0,0,0x0,52028,51189,0,0x0,0,1,1,0x0,0,0,0,,
2761,0,0,0x0,52028,51188,0,0x0,0,1,1,0x0,0,0,0,,
2762,0,0,0x0,52028,51187,0,0x0,0,1,1,0x0,0,0,0,,
2763,0,0,0x0,52028,51186,0,0x0,0,1,1,0x0,0,0,0,,
2764,0,0,0x0,52028,51185,0,0x0,0,1,1,0x0,0,0,0,,
2765,0,0,0x0,52025,50113,0,0x0,0,1,1,0x0,0,0,0,,
2766,0,0,0x0,52025,50109,0,0x0,0,1,1,0x0,0,0,0,,
2767,0,0,0x0,52025,50108,0,0x0,0,1,1,0x0,0,0,0,,
2768,0,0,0x0,52025,50107,0,0x0,0,1,1,0x0,0,0,0,,
2769,0,0,0x0,52025,50106,0,0x0,0,1,1,0x0,0,0,0,,
2770,0,0,0x0,52028,51139,0,0x0,0,1,1,0x0,0,0,0,,
2771,0,0,0x0,52028,51138,0,0x0,0,1,1,0x0,0,0,0,,
2772,0,0,0x0,52028,51137,0,0x0,0,1,1,0x0,0,0,0,,
2773,0,0,0x0,52028,51136,0,0x0,0,1,1,0x0,0,0,0,,
2774,0,0,0x0,52028,51135,0,0x0,0,1,1,0x0,0,0,0,,
2775,0,0,0x0,52025,50823,0,0x0,0,1,1,0x0,0,0,0,,
2776,0,0,0x0,52025,50820,0,0x0,0,1,1,0x0,0,0,0,,
2777,0,0,0x0,52025,50819,0,0x0,0,1,1,0x0,0,0,0,,
2778,0,0,0x0,52025,50822,0,0x0,0,1,1,0x0,0,0,0,,
2779,0,0,0x0,52025,50821,0,0x0,0,1,1,0x0,0,0,0,,
2780,0,0,0x0,52028,51149,0,0x0,0,1,1,0x0,0,0,0,,
2781,0,0,0x0,52028,51148,0,0x0,0,1,1,0x0,0,0,0,,
2782,0,0,0x0,52028,51147,0,0x0,0,1,1,0x0,0,0,0,,
2783,0,0,0x0,52028,51146,0,0x0,0,1,1,0x0,0,0,0,,
2784,0,0,0x0,52028,51145,0,0x0,0,1,1,0x0,0,0,0,,
2785,0,0,0x0,52025,50824,0,0x0,0,1,1,0x0,0,0,0,,
2786,0,0,0x0,52025,50828,0,0x0,0,1,1,0x0,0,0,0,,
2787,0,0,0x0,52025,50825,0,0x0,0,1,1,0x0,0,0,0,,
2788,0,0,0x0,52025,50826,0,0x0,0,1,1,0x0,0,0,0,,
2789,0,0,0x0,52025,50827,0,0x0,0,1,1,0x0,0,0,0,,
2790,0,0,0x0,52028,51144,0,0x0,0,1,1,0x0,0,0,0,,
2791,0,0,0x0,52028,51143,0,0x0,0,1,1,0x0,0,0,0,,
2792,0,0,0x0,52028,51142,0,0x0,0,1,1,0x0,0,0,0,,
2793,0,0,0x0,52028,51141,0,0x0,0,1,1,0x0,0,0,0,,
2794,0,0,0x0,52028,51140,0,0x0,0,1,1,0x0,0,0,0,,
2795,0,0,0x0,52025,50098,0,0x0,0,1,1,0x0,0,0,0,,
2796,0,0,0x0,52025,50097,0,0x0,0,1,1,0x0,0,0,0,,
2797,0,0,0x0,52025,50096,0,0x0,0,1,1,0x0,0,0,0,,
2798,0,0,0x0,52025,50095,0,0x0,0,1,1,0x0,0,0,0,,
2799,0,0,0x0,52025,50094,0,0x0,0,1,1,0x0,0,0,0,,
2800,0,0,0x0,52028,51129,0,0x0,0,1,1,0x0,0,0,0,,
2801,0,0,0x0,52028,51128,0,0x0,0,1,1,0x0,0,0,0,,
2802,0,0,0x0,52028,51127,0,0x0,0,1,1,0x0,0,0,0,,
2803,0,0,0x0,52028,51126,0,0x0,0,1,1,0x0,0,0,0,,
2804,0,0,0x0,52028,51125,0,0x0,0,1,1,0x0,0,0,0,,
2805,0,0,0x0,52025,50853,0,0x0,0,1,1,0x0,0,0,0,,
2806,0,0,0x0,52025,50854,0,0x0,0,1,1,0x0,0,0,0,,
2807,0,0,0x0,52025,50856,0,0x0,0,1,1,0x0,0,0,0,,
2808,0,0,0x0,52025,50855,0,0x0,0,1,1,0x0,0,0,0,,
2809,0,0,0x0,52025,50857,0,0x0,0,1,1,0x0,0,0,0,,
2810,0,0,0x0,52028,51134,0,0x0,0,1,1,0x0,0,0,0,,
2811,0,0,0x0,52028,51133,0,0x0,0,1,1,0x0,0,0,0,,
2812,0,0,0x0,52028,51132,0,0x0,0,1,1,0x0,0,0,0,,
2813,0,0,0x0,52028,51131,0,0x0,0,1,1,0x0,0,0,0,,
2814,0,0,0x0,52028,51130,0,0x0,0,1,1,0x0,0,0,0,,
2815,0,0,0x0,52027,50869,0,0x0,0,1,1,0x0,0,0,0,,
2816,0,0,0x0,52027,50865,0,0x0,0,1,1,0x0,0,0,0,,
2817,0,0,0x0,52027,50867,0,0x0,0,1,1,0x0,0,0,0,,
2818,0,0,0x0,52027,50866,0,0x0,0,1,1,0x0,0,0,0,,
2819,0,0,0x0,52027,50868,0,0x0,0,1,1,0x0,0,0,0,,
2820,0,0,0x0,52030,51169,0,0x0,0,1,1,0x0,0,0,0,,
2821,0,0,0x0,52030,51168,0,0x0,0,1,1,0x0,0,0,0,,
2822,0,0,0x0,52030,51167,0,0x0,0,1,1,0x0,0,0,0,,
2823,0,0,0x0,52030,51166,0,0x0,0,1,1,0x0,0,0,0,,
2824,0,0,0x0,52030,51165,0,0x0,0,1,1,0x0,0,0,0,,
2825,0,0,0x0,52027,50324,0,0x0,0,1,1,0x0,0,0,0,,
2826,0,0,0x0,52027,50325,0,0x0,0,1,1,0x0,0,0,0,,
2827,0,0,0x0,52027,50326,0,0x0,0,1,1,0x0,0,0,0,,
2828,0,0,0x0,52027,50327,0,0x0,0,1,1,0x0,0,0,0,,
2829,0,0,0x0,52027,50328,0,0x0,0,1,1,0x0,0,0,0,,
2830,0,0,0x0,52030,51164,0,0x0,0,1,1,0x0,0,0,0,,
2831,0,0,0x0,52030,51163,0,0x0,0,1,1,0x0,0,0,0,,
2832,0,0,0x0,52030,51162,0,0x0,0,1,1,0x0,0,0,0,,
2833,0,0,0x0,52030,51161,0,0x0,0,1,1,0x0,0,0,0,,
2834,0,0,0x0,52030,51160,0,0x0,0,1,1,0x0,0,0,0,,
2835,0,0,0x0,52027,50860,0,0x0,0,1,1,0x0,0,0,0,,
2836,0,0,0x0,52027,50861,0,0x0,0,1,1,0x0,0,0,0,,
2837,0,0,0x0,52027,50863,0,0x0,0,1,1,0x0,0,0,0,,
2838,0,0,0x0,52027,50862,0,0x0,0,1,1,0x0,0,0,0,,
2839,0,0,0x0,52027,50864,0,0x0,0,1,1,0x0,0,0,0,,
2840,0,0,0x0,52030,51174,0,0x0,0,1,1,0x0,0,0,0,,
2841,0,0,0x0,52030,51173,0,0x0,0,1,1,0x0,0,0,0,,
2842,0,0,0x0,52030,51172,0,0x0,0,1,1,0x0,0,0,0,,
2843,0,0,0x0,52030,51171,0,0x0,0,1,1,0x0,0,0,0,,
2844,0,0,0x0,52030,51170,0,0x0,0,1,1,0x0,0,0,0,,
2845,0,0,0x0,52027,50244,0,0x0,0,1,1,0x0,0,0,0,,
2846,0,0,0x0,52027,50243,0,0x0,0,1,1,0x0,0,0,0,,
2847,0,0,0x0,52027,50242,0,0x0,0,1,1,0x0,0,0,0,,
2848,0,0,0x0,52027,50241,0,0x0,0,1,1,0x0,0,0,0,,
2849,0,0,0x0,52027,50240,0,0x0,0,1,1,0x0,0,0,0,,
2850,0,0,0x0,52030,51209,0,0x0,0,1,1,0x0,0,0,0,,
2851,0,0,0x0,52030,51208,0,0x0,0,1,1,0x0,0,0,0,,
2852,0,0,0x0,52030,51207,0,0x0,0,1,1,0x0,0,0,0,,
2853,0,0,0x0,52030,51206,0,0x0,0,1,1,0x0,0,0,0,,
2854,0,0,0x0,52030,51205,0,0x0,0,1,1,0x0,0,0,0,,
2855,0,0,0x0,52027,50767,0,0x0,0,1,1,0x0,0,0,0,,
2856,0,0,0x0,52027,50768,0,0x0,0,1,1,0x0,0,0,0,,
2857,0,0,0x0,52027,50769,0,0x0,0,1,1,0x0,0,0,0,,
2858,0,0,0x0,52027,50765,0,0x0,0,1,1,0x0,0,0,0,,
2859,0,0,0x0,52027,50766,0,0x0,0,1,1,0x0,0,0,0,,
2860,0,0,0x0,52030,51179,0,0x0,0,1,1,0x0,0,0,0,,
2861,0,0,0x0,52030,51178,0,0x0,0,1,1,0x0,0,0,0,,
2862,0,0,0x0,52030,51177,0,0x0,0,1,1,0x0,0,0,0,,
2863,0,0,0x0,52030,51176,0,0x0,0,1,1,0x0,0,0,0,,
2864,0,0,0x0,52030,51175,0,0x0,0,1,1,0x0,0,0,0,,
2865,0,0,0x0,52027,50394,0,0x0,0,1,1,0x0,0,0,0,,
2866,0,0,0x0,52027,50393,0,0x0,0,1,1,0x0,0,0,0,,
2867,0,0,0x0,52027,50396,0,0x0,0,1,1,0x0,0,0,0,,
2868,0,0,0x0,52027,50391,0,0x0,0,1,1,0x0,0,0,0,,
2869,0,0,0x0,52027,50392,0,0x0,0,1,1,0x0,0,0,0,,
2870,0,0,0x0,52030,51184,0,0x0,0,1,1,0x0,0,0,0,,
2871,0,0,0x0,52030,51183,0,0x0,0,1,1,0x0,0,0,0,,
2872,0,0,0x0,52030,51182,0,0x0,0,1,1,0x0,0,0,0,,
2873,0,0,0x0,52030,51181,0,0x0,0,1,1,0x0,0,0,0,,
2874,0,0,0x0,52030,51180,0,0x0,0,1,1,0x0,0,0,0,,
2875,0,0,0x0,52026,50082,0,0x0,0,1,1,0x0,0,0,0,,
2876,0,0,0x0,52026,50081,0,0x0,0,1,1,0x0,0,0,0,,
2877,0,0,0x0,52026,50080,0,0x0,0,1,1,0x0,0,0,0,,
2878,0,0,0x0,52026,50079,0,0x0,0,1,1,0x0,0,0,0,,
2879,0,0,0x0,52026,50078,0,0x0,0,1,1,0x0,0,0,0,,
2880,0,0,0x0,52029,51214,0,0x0,0,1,1,0x0,0,0,0,,
2881,0,0,0x0,52029,51213,0,0x0,0,1,1,0x0,0,0,0,,
2882,0,0,0x0,52029,51212,0,0x0,0,1,1,0x0,0,0,0,,
2883,0,0,0x0,52029,51211,0,0x0,0,1,1,0x0,0,0,0,,
2884,0,0,0x0,52029,51210,0,0x0,0,1,1,0x0,0,0,0,,
2885,0,0,0x0,52026,50846,0,0x0,0,1,1,0x0,0,0,0,,
2886,0,0,0x0,52026,50847,0,0x0,0,1,1,0x0,0,0,0,,
2887,0,0,0x0,52026,50849,0,0x0,0,1,1,0x0,0,0,0,,
2888,0,0,0x0,52026,50848,0,0x0,0,1,1,0x0,0,0,0,,
2889,0,0,0x0,52026,50850,0,0x0,0,1,1,0x0,0,0,0,,
2890,0,0,0x0,52029,51219,0,0x0,0,1,1,0x0,0,0,0,,
2891,0,0,0x0,52029,51218,0,0x0,0,1,1,0x0,0,0,0,,
2892,0,0,0x0,52029,51217,0,0x0,0,1,1,0x0,0,0,0,,
2893,0,0,0x0,52029,51216,0,0x0,0,1,1,0x0,0,0,0,,
2894,0,0,0x0,52029,51215,0,0x0,0,1,1,0x0,0,0,0,,
2895,0,0,0x0,52026,50118,0,0x0,0,1,1,0x0,0,0,0,,
2896,0,0,0x0,52026,50117,0,0x0,0,1,1,0x0,0,0,0,,
2897,0,0,0x0,52026,50116,0,0x0,0,1,1,0x0,0,0,0,,
2898,0,0,0x0,52026,50115,0,0x0,0,1,1,0x0,0,0,0,,
2899,0,0,0x0,52026,50114,0,0x0,0,1,1,0x0,0,0,0,,
2900,0,0,0x0,52029,51154,0,0x0,0,1,1,0x0,0,0,0,,
2901,0,0,0x0,52029,51153,0,0x0,0,1,1,0x0,0,0,0,,
2902,0,0,0x0,52029,51152,0,0x0,0,1,1,0x0,0,0,0,,
2903,0,0,0x0,52029,51151,0,0x0,0,1,1,0x0,0,0,0,,
2904,0,0,0x0,52029,51150,0,0x0,0,1,1,0x0,0,0,0,,
2905,0,0,0x0,52026,50835,0,0x0,0,1,1,0x0,0,0,0,,
2906,0,0,0x0,52026,50836,0,0x0,0,1,1,0x0,0,0,0,,
2907,0,0,0x0,52026,50837,0,0x0,0,1,1,0x0,0,0,0,,
2908,0,0,0x0,52026,50838,0,0x0,0,1,1,0x0,0,0,0,,
2909,0,0,0x0,52026,50839,0,0x0,0,1,1,0x0,0,0,0,,
2910,0,0,0x0,52029,51190,0,0x0,0,1,1,0x0,0,0,0,,
2911,0,0,0x0,52029,51191,0,0x0,0,1,1,0x0,0,0,0,,
2912,0,0,0x0,52029,51192,0,0x0,0,1,1,0x0,0,0,0,,
2913,0,0,0x0,52029,51193,0,0x0,0,1,1,0x0,0,0,0,,
2914,0,0,0x0,52029,51194,0,0x0,0,1,1,0x0,0,0,0,,
2915,0,0,0x0,52026,50830,0,0x0,0,1,1,0x0,0,0,0,,
2916,0,0,0x0,52026,50831,0,0x0,0,1,1,0x0,0,0,0,,
2917,0,0,0x0,52026,50832,0,0x0,0,1,1,0x0,0,0,0,,
2918,0,0,0x0,52026,50833,0,0x0,0,1,1,0x0,0,0,0,,
2919,0,0,0x0,52026,50834,0,0x0,0,1,1,0x0,0,0,0,,
2920,0,0,0x0,52029,51195,0,0x0,0,1,1,0x0,0,0,0,,
2921,0,0,0x0,52029,51196,0,0x0,0,1,1,0x0,0,0,0,,
2922,0,0,0x0,52029,51197,0,0x0,0,1,1,0x0,0,0,0,,
2923,0,0,0x0,52029,51198,0,0x0,0,1,1,0x0,0,0,0,,
2924,0,0,0x0,52029,51198,0,0x0,0,1,1,0x0,0,0,0,,
2925,0,0,0x0,52026,50841,0,0x0,0,1,1,0x0,0,0,0,,
2926,0,0,0x0,52026,50842,0,0x0,0,1,1,0x0,0,0,0,,
2927,0,0,0x0,52026,50843,0,0x0,0,1,1,0x0,0,0,0,,
2928,0,0,0x0,52026,50844,0,0x0,0,1,1,0x0,0,0,0,,
2929,0,0,0x0,52026,50845,0,0x0,0,1,1,0x0,0,0,0,,
2930,0,0,0x0,52029,51200,0,0x0,0,1,1,0x0,0,0,0,,
2931,0,0,0x0,52029,51201,0,0x0,0,1,1,0x0,0,0,0,,
2932,0,0,0x0,52029,51202,0,0x0,0,1,1,0x0,0,0,0,,
2933,0,0,0x0,52029,51203,0,0x0,0,1,1,0x0,0,0,0,,
2934,0,0,0x0,52029,51204,0,0x0,0,1,1,0x0,0,0,0,,
2935,0,0,0x0,52029,51199,0,0x0,0,1,1,0x0,0,0,0,,
2936,55000,1540,0x0,0,0,0,0x0,0,0,0,0x0,0,0,1800,,
2937,0,550,0x1,0,0,0,0x0,0,0,0,0x0,0,0,2350,,
2938,0,550,0x1,0,0,0,0x0,0,0,0,0x0,0,0,2300,,
2939,0,4670,0x1,0,0,0,0x0,0,0,0,0x0,0,0,2200,,
2940,0,3950,0x1,0,0,0,0x0,0,0,0,0x0,0,0,2200,,
2941,55000,1540,0x1,0,0,0,0x0,0,0,0,0x0,0,0,1800,,
2942,0,4670,0x1,0,0,0,0x0,0,0,0,0x0,0,0,2200,,
2943,38500,1300,0x0,0,0,0,0x0,0,0,0,0x0,0,0,1800,,
2944,0,3300,0x1,0,0,0,0x0,0,0,0,0x0,0,0,2200,,
2945,38500,1090,0x0,0,0,0,0x0,0,0,0,0x0,0,0,1800,,
2946,16500,450,0x0,0,0,0,0x0,0,0,0,0x0,0,0,1800,,
2947,0,1370,0x1,0,0,0,0x0,0,0,0,0x0,0,0,2200,,
2948,0,1930,0x1,0,0,0,0x0,0,0,0,0x0,0,0,2000,,
2949,0,2370,0x0,0,0,0,0x0,0,0,0,0x0,0,0,1950,,
2950,0,350,0x0,0,0,0,0x0,0,0,0,0x0,0,0,1800,,
2951,0,1260,0x0,0,0,0,0x0,0,0,0,0x0,0,0,1700,,
2952,0,2370,0x0,0,0,0,0x0,0,0,0,0x0,0,0,1600,,
2953,0,2370,0x0,0,0,0,0x0,0,0,0,0x0,0,0,1500,,
2954,0,1430,0x0,0,0,0,0x0,0,0,0,0x0,0,0,1400,,
2955,10550,600,0x0,0,0,0,0x0,0,0,0,0x0,0,0,0,,
2956,13200,770,0x0,0,0,0,0x0,0,0,0,0x0,0,0,0,,
2957,8000,440,0x0,0,0,0,0x0,0,0,0,0x0,0,0,0,,
2958,34700,0,0x0,0,0,0,0x0,0,0,0,0x0,0,0,0,,
2959,54500,0,0x0,0,0,0,0x0,0,0,0,0x0,0,0,0,,
2960,43300,0,0x0,0,0,0,0x0,0,0,0,0x0,0,0,0,,
2961,68200,0,0x0,0,0,0,0x0,0,0,0,0x0,0,0,1400,,
2962,68200,0,0x0,0,0,0,0x0,0,0,0,0x0,0,0,1300,,
2963,43400,0,0x0,0,0,0,0x0,0,0,0,0x0,0,0,0,,
2964,52200,0,0x0,0,0,0,0x0,0,0,0,0x0,0,0,0,,
2965,68200,0,0x0,0,0,0,0x0,0,0,0,0x0,0,0,0,,
2966,34100,0,0x0,0,0,0,0x0,0,0,0,0x0,0,0,0,,
2967,21700,0,0x0,0,0,0,0x0,0,0,0,0x0,0,0,0,,
2968,26100,0,0x0,0,0,0,0x0,0,0,0,0x0,0,0,0,,
2969,12000,0,0x0,0,0,0,0x0,0,0,0,0x0,0,0,0,,
2974,0,0,0x0,50402,0,0,0x0,0,1,0,0x0,0,0,0,,
2975,0,0,0x0,50401,0,0,0x0,0,1,0,0x0,0,0,0,,
2976,0,0,0x0,50387,0,0,0x0,0,1,0,0x0,0,0,0,,
2977,0,0,0x0,50376,0,0,0x0,0,1,0,0x0,0,0,0,,
2978,0,0,0x0,52569,0,0,0x0,0,1,0,0x0,0,0,0,,
2979,0,0,0x0,52570,0,0,0x0,0,1,0,0x0,0,0,0,,
2980,0,0,0x0,52571,0,0,0x0,0,1,0,0x0,0,0,0,,
2981,0,0,0x0,52572,0,0,0x0,0,1,0,0x0,0,0,0,,
2982,0,0,0x0,52572,0,0,0x0,0,1,0,0x0,0,0,0,,
2985,0,0,0x0,43102,0,0,0x0,0,1,0,0x0,0,0,0,,
2986,0,0,0x0,43102,0,0,0x0,0,6,0,0x0,0,0,0,,
2987,0,0,0x0,43102,0,0,0x0,0,4,0,0x0,0,0,0,,
2991,0,0,0x0,47395,0,0,0x0,0,1,0,0x0,0,0,0,,
2992,0,0,0x0,42425,0,0,0x0,0,1,0,0x0,0,0,0,,
2993,0,0,0x0,29024,0,0,0x0,0,1,0,0x0,0,0,0,,
2994,0,0,0x0,20559,0,0,0x0,0,1,0,0x0,0,0,0,,
2995,0,0,0x0,20560,0,0,0x0,0,1,0,0x0,0,0,0,,
2996,0,0,0x0,20558,0,0,0x0,0,1,0,0x0,0,0,0,,
2997,0,0,0x0,47241,0,0,0x0,0,22,0,0x0,0,0,0,,
