DROP TABLE IF EXISTS `forge_spell_scaling`; 
CREATE TABLE `forge_spell_scaling` ( `ID` INT NOT NULL DEFAULT '0', `CastTimeMin` INT NOT NULL DEFAULT '0', `CastTimeMax` INT NOT NULL DEFAULT '0', `CastTimeMaxLevel` INT NOT NULL DEFAULT '0', `Class` INT NOT NULL DEFAULT '0', `Coefficient_1` FLOAT NOT NULL DEFAULT '0', `Coefficient_2` FLOAT NOT NULL DEFAULT '0', `Coefficient_3` FLOAT NOT NULL DEFAULT '0', `Variance_1` FLOAT NOT NULL DEFAULT '0', `Variance_2` FLOAT NOT NULL DEFAULT '0', `Variance_3` FLOAT NOT NULL DEFAULT '0', `ComboPointsCoefficient_1` FLOAT NOT NULL DEFAULT '0', `ComboPointsCoefficient_2` FLOAT NOT NULL DEFAULT '0', `ComboPointsCoefficient_3` FLOAT NOT NULL DEFAULT '0', `CoefBase` FLOAT NOT NULL DEFAULT '0', `CoefBaseLevel` INT NOT NULL DEFAULT '0', PRIMARY KEY (`ID`)) ENGINE=MyISAM DEFAULT CHARSET=utf8; 
INSERT INTO acore_world.forge_spell_scaling (ID,CastTimeMin,CastTimeMax,CastTimeMaxLevel,Class,Coefficient_1,Coefficient_2,Coefficient_3,Variance_1,Variance_2,Variance_3,ComboPointsCoefficient_1,ComboPointsCoefficient_2,ComboPointsCoefficient_3,CoefBase,CoefBaseLevel) VALUES
	 (1,1500,3500,20,8,1.004,0.035,0.221,0.242,0.0,0.0,0.0,0.0,0.0,0.45,20),
	 (2,1500,3000,20,8,0.0,1.0,0.0,0.0,0.077,0.0,0.0,0.0,0.0,1.0,0),
	 (8,0,0,20,8,1.413,0.0,0.0,0.2,0.0,0.0,0.0,0.0,0.0,0.83,80),
	 (9,2000,2000,20,8,1.933,0.0,0.0,0.15,0.0,0.0,0.0,0.0,0.0,0.485,80),
	 (10,0,0,20,8,0.368,0.0,0.0,0.08,0.0,0.0,0.0,0.0,0.0,1.0,0),
	 (12,0,0,20,8,0.432,0.0,0.0,0.0,0.0,0.0,0.0,0.0,0.0,1.0,80),
	 (13,0,0,20,8,0.989,0.0,0.0,0.164,0.0,0.0,0.0,0.0,0.0,1.0,0),
	 (14,0,0,20,8,0.542,0.0,0.0,0.0,0.0,0.0,0.0,0.0,0.0,1.0,0),
	 (15,0,0,20,8,0.0,0.84,0.0,0.0,0.09,0.0,0.0,0.0,0.0,1.0,0),
	 (16,0,0,20,8,1.378,0.0,0.0,0.15,0.0,0.0,0.0,0.0,0.0,1.0,0);
INSERT INTO acore_world.forge_spell_scaling (ID,CastTimeMin,CastTimeMax,CastTimeMaxLevel,Class,Coefficient_1,Coefficient_2,Coefficient_3,Variance_1,Variance_2,Variance_3,ComboPointsCoefficient_1,ComboPointsCoefficient_2,ComboPointsCoefficient_3,CoefBase,CoefBaseLevel) VALUES
	 (17,0,0,20,8,1.113,0.0,0.0,0.17,0.0,0.0,0.0,0.0,0.0,1.0,0),
	 (18,1500,2500,20,8,1.2,0.0,0.0,0.242,0.0,0.0,0.0,0.0,0.0,0.88,80),
	 (19,2000,2000,20,8,0.662,0.103,0.0,0.202,0.0,0.0,0.0,0.0,0.0,1.0,0),
	 (20,0,0,20,8,0.424,0.0,0.0,0.15,0.0,0.0,0.0,0.0,0.0,1.0,0),
	 (21,1500,2000,20,8,0.0,0.884,0.0,0.0,0.242,0.0,0.0,0.0,0.0,0.88,80),
	 (22,1500,2500,20,8,0.0,0.949,0.00712,0.0,0.242,0.0,0.0,0.0,0.0,0.8,80),
	 (23,0,0,20,8,0.432,0.0,0.0,0.242,0.0,0.0,0.0,0.0,0.0,0.8,80),
	 (24,0,0,20,8,0.25,0.0,0.0,0.0,0.0,0.0,0.0,0.0,0.0,0.88,80),
	 (25,0,0,20,8,0.5,0.0,0.0,0.0,0.0,0.0,0.0,0.0,0.0,0.88,80),
	 (26,2100,3500,20,8,1.5,0.175,0.0,0.238,0.0,0.0,0.0,0.0,0.0,0.88,80);
INSERT INTO acore_world.forge_spell_scaling (ID,CastTimeMin,CastTimeMax,CastTimeMaxLevel,Class,Coefficient_1,Coefficient_2,Coefficient_3,Variance_1,Variance_2,Variance_3,ComboPointsCoefficient_1,ComboPointsCoefficient_2,ComboPointsCoefficient_3,CoefBase,CoefBaseLevel) VALUES
	 (27,1500,1500,20,8,0.781,0.0,0.0,0.17,0.0,0.0,0.0,0.0,0.0,1.0,0),
	 (34,0,0,20,8,2.324,0.0,0.0,0.0,0.0,0.0,0.0,0.0,0.0,1.0,0),
	 (36,0,0,20,8,8.6088,0.0,0.0,0.0,0.0,0.0,0.0,0.0,0.0,1.0,0),
	 (37,0,0,20,8,1.585,0.0,0.0,0.0,0.0,0.0,0.0,0.0,0.0,1.0,0),
	 (38,0,0,20,8,0.203,0.0,0.0,0.0,0.0,0.0,0.0,0.0,0.0,1.0,0),
	 (41,0,0,20,8,0.048,0.0,0.0,0.0,0.0,0.0,0.0,0.0,0.0,1.0,0),
	 (42,0,0,20,11,0.72,0.0,0.0,0.0,0.0,0.0,0.0,0.0,0.0,1.0,0),
	 (50,0,0,20,11,0.095,0.221,0.0,0.0,0.2,0.0,0.0,0.0,0.0,1.0,0),
	 (51,1500,3000,20,11,7.97,0.0,0.0,0.166,0.0,0.0,0.0,0.0,0.0,1.0,0),
	 (52,0,0,20,11,0.327,0.0,0.0,0.0,0.0,0.0,0.0,0.0,0.0,1.0,0);
INSERT INTO acore_world.forge_spell_scaling (ID,CastTimeMin,CastTimeMax,CastTimeMaxLevel,Class,Coefficient_1,Coefficient_2,Coefficient_3,Variance_1,Variance_2,Variance_3,ComboPointsCoefficient_1,ComboPointsCoefficient_2,ComboPointsCoefficient_3,CoefBase,CoefBaseLevel) VALUES
	 (53,0,0,20,11,0.138,0.0,0.0,0.0,0.0,0.0,0.0,0.0,0.0,1.0,0),
	 (54,0,0,20,11,0.07,0.07,0.0,0.0,0.0,0.0,0.0,0.0,0.0,1.0,0),
	 (55,0,0,20,11,0.2314,1.87292,0.0,0.0,0.0,0.0,0.0,0.0,0.0,1.0,0),
	 (56,0,0,20,11,0.057,0.0,0.0,0.0,0.0,0.0,0.0,0.0,0.0,1.0,0),
	 (57,0,0,20,11,1.2,0.0,0.0,0.0,0.0,0.0,0.0,0.0,0.0,1.0,0),
	 (58,0,0,20,11,0.396,0.0,0.0,0.0,0.0,0.0,0.0,0.0,0.0,1.0,0),
	 (59,0,0,20,11,0.057,0.057,0.0,0.0,0.0,0.0,0.0,0.0,0.0,1.0,0),
	 (60,0,0,20,11,0.057,0.0,0.0,0.0,0.0,0.0,0.0,0.0,0.0,1.0,0),
	 (61,1500,1500,20,11,3.628,0.366,0.0,0.11,0.0,0.0,0.0,0.0,0.0,1.0,0),
	 (62,0,0,20,11,1.325,0.0,0.0,0.0,0.0,0.0,0.0,0.0,0.0,1.0,0);
INSERT INTO acore_world.forge_spell_scaling (ID,CastTimeMin,CastTimeMax,CastTimeMaxLevel,Class,Coefficient_1,Coefficient_2,Coefficient_3,Variance_1,Variance_2,Variance_3,ComboPointsCoefficient_1,ComboPointsCoefficient_2,ComboPointsCoefficient_3,CoefBase,CoefBaseLevel) VALUES
	 (63,0,0,20,11,0.057,0.0,0.0,0.0,0.0,0.0,0.0,0.0,0.0,1.0,0),
	 (64,0,0,20,11,0.404,0.0,0.0,0.15,0.0,0.0,0.0,0.0,0.0,1.0,0),
	 (66,3500,3200,20,11,1.383,0.0,0.0,0.22,0.0,0.0,0.0,0.0,0.0,1.0,0),
	 (67,0,0,20,11,0.012,0.0,0.0,0.0,0.0,0.0,0.0,0.0,0.0,1.0,0),
	 (68,0,0,20,11,0.181,0.0,0.0,0.0,0.0,0.0,0.0,0.0,0.0,1.0,0),
	 (69,0,0,20,11,0.0,0.0,0.0,0.0,0.0,0.0,0.0,0.0,0.0,1.0,0),
	 (70,0,0,20,11,3.935,0.348,0.0,0.0,0.0,0.0,0.0,0.0,0.0,1.0,0),
	 (71,0,0,20,11,0.0,1.316,0.0,0.0,0.0,0.0,0.0,0.0,0.0,1.0,0),
	 (72,0,0,20,11,0.431,0.0,0.0,0.0,0.0,0.0,0.0,0.0,0.0,1.0,0),
	 (73,1500,2500,20,11,0.896,0.0,0.0,0.12,0.0,0.0,0.0,0.0,0.0,1.0,0);
INSERT INTO acore_world.forge_spell_scaling (ID,CastTimeMin,CastTimeMax,CastTimeMaxLevel,Class,Coefficient_1,Coefficient_2,Coefficient_3,Variance_1,Variance_2,Variance_3,ComboPointsCoefficient_1,ComboPointsCoefficient_2,ComboPointsCoefficient_3,CoefBase,CoefBaseLevel) VALUES
	 (75,-1000000,-1000000,20,3,0.2576,0.0,0.0,0.0,0.0,0.0,0.0,0.0,0.0,1.0,0),
	 (76,0,0,0,3,0.73,0.0,0.0,0.11,0.0,0.0,0.0,0.0,0.0,1.0,0),
	 (78,0,0,20,-1,6.09525,0.0,0.0,0.0,0.0,0.0,0.0,0.0,0.0,1.0,0),
	 (80,-1000000,-1000000,20,3,0.2535,0.934,0.0,0.0,0.0,0.0,0.0,0.0,0.0,1.0,0),
	 (81,0,0,20,3,0.285,0.0,0.0,0.0,0.0,0.0,0.0,0.0,0.0,1.0,0),
	 (82,-1000000,-1000000,20,3,0.365,0.0,0.0,0.187,0.0,0.0,0.0,0.0,0.0,1.0,0),
	 (83,0,0,20,3,0.198,0.026,0.0,0.25,0.0,0.0,0.0,0.0,0.0,1.0,0),
	 (84,0,0,20,-1,0.0,4.0,0.0,0.0,0.0,0.0,0.0,0.0,0.0,1.0,0),
	 (85,0,0,20,3,0.512,0.0,0.0,0.0,0.0,0.0,0.0,0.0,0.0,1.0,0),
	 (86,0,0,1,4,0.251,0.0,0.0,1.0,0.0,0.0,0.366,0.0,0.0,1.0,0);
INSERT INTO acore_world.forge_spell_scaling (ID,CastTimeMin,CastTimeMax,CastTimeMaxLevel,Class,Coefficient_1,Coefficient_2,Coefficient_3,Variance_1,Variance_2,Variance_3,ComboPointsCoefficient_1,ComboPointsCoefficient_2,ComboPointsCoefficient_3,CoefBase,CoefBaseLevel) VALUES
	 (87,-1000000,-1000000,20,3,0.483,0.0,0.0,0.0,0.0,0.0,0.0,0.0,0.0,1.0,0),
	 (88,0,0,20,3,0.0,0.0,0.0,0.0,0.0,0.0,0.0,0.0,0.0,1.0,0),
	 (91,0,0,20,3,0.332,0.0,0.0,0.0,0.0,0.0,0.0,0.0,0.0,1.0,0),
	 (92,-1000000,-1000000,20,3,0.409,0.0,0.0,0.0,0.0,0.0,0.0,0.0,0.0,1.0,0),
	 (93,2000,2000,20,3,0.249,0.0,0.0,0.0,0.0,0.0,0.0,0.0,0.0,1.0,0),
	 (94,0,0,20,3,0.177,0.0,0.0,0.0,0.0,0.0,0.0,0.0,0.0,1.0,0),
	 (95,0,0,20,3,0.811,0.0,0.0,0.0,0.0,0.0,0.0,0.0,0.0,1.0,0),
	 (96,0,0,20,3,0.0,0.0,0.0,0.0,0.0,0.0,0.0,0.0,0.0,1.0,0),
	 (97,0,0,20,3,0.0,0.0,0.0,0.0,0.0,0.0,0.0,0.0,0.0,1.0,0),
	 (98,0,0,20,3,0.142,0.0,0.0,0.35,0.0,0.0,0.0,0.0,0.0,1.0,0);
INSERT INTO acore_world.forge_spell_scaling (ID,CastTimeMin,CastTimeMax,CastTimeMaxLevel,Class,Coefficient_1,Coefficient_2,Coefficient_3,Variance_1,Variance_2,Variance_3,ComboPointsCoefficient_1,ComboPointsCoefficient_2,ComboPointsCoefficient_3,CoefBase,CoefBaseLevel) VALUES
	 (99,0,0,20,3,0.142,0.0,0.0,0.35,0.0,0.0,0.0,0.0,0.0,1.0,0),
	 (100,0,0,20,3,0.0,0.0,0.0,0.0,0.0,0.0,0.0,0.0,0.0,1.0,0),
	 (101,0,0,20,3,0.0,0.0,0.0,0.0,0.0,0.0,0.0,0.0,0.0,1.0,0),
	 (102,0,0,20,3,0.0,0.0,0.0,0.0,0.0,0.0,0.0,0.0,0.0,1.0,0),
	 (103,0,0,20,3,0.0,0.0,0.0,0.0,0.0,0.0,0.0,0.0,0.0,1.0,0),
	 (104,0,0,20,3,1.221,0.0,0.0,0.0,0.0,0.0,0.0,0.0,0.0,1.0,0),
	 (105,0,0,20,3,0.0,0.0,0.0,0.0,0.0,0.0,0.0,0.0,0.0,1.0,0),
	 (106,0,0,20,3,0.0,0.0,0.0,0.0,0.0,0.0,0.0,0.0,0.0,1.0,0),
	 (107,0,0,20,3,0.0,0.0,0.0,0.0,0.0,0.0,0.0,0.0,0.0,1.0,0),
	 (108,0,0,20,3,0.0,0.0,0.0,0.0,0.0,0.0,0.0,0.0,0.0,1.0,0);
INSERT INTO acore_world.forge_spell_scaling (ID,CastTimeMin,CastTimeMax,CastTimeMaxLevel,Class,Coefficient_1,Coefficient_2,Coefficient_3,Variance_1,Variance_2,Variance_3,ComboPointsCoefficient_1,ComboPointsCoefficient_2,ComboPointsCoefficient_3,CoefBase,CoefBaseLevel) VALUES
	 (109,0,0,20,3,0.0,0.0,0.0,0.0,0.0,0.0,0.0,0.0,0.0,1.0,0),
	 (110,0,0,20,3,0.0,0.0,0.0,0.0,0.0,0.0,0.0,0.0,0.0,1.0,0),
	 (111,0,0,20,3,0.056,0.022,0.0,0.352,0.292,0.0,0.0,0.0,0.0,1.0,0),
	 (112,0,0,20,3,0.0,0.0,0.0,0.0,0.0,0.0,0.0,0.0,0.0,1.0,0),
	 (113,0,0,20,3,0.0,0.0,0.0,0.0,0.0,0.0,0.0,0.0,0.0,1.0,0),
	 (114,0,0,20,3,0.0,0.023,0.0,0.0,0.3,0.0,0.0,0.0,0.0,1.0,0),
	 (115,0,0,20,3,0.0,0.0,0.0,0.0,0.0,0.0,0.0,0.0,0.0,1.0,0),
	 (116,0,0,20,3,0.142,0.0,0.0,0.35,0.0,0.0,0.0,0.0,0.0,1.0,0),
	 (117,0,0,20,3,0.0,0.0,0.0,0.0,0.0,0.0,0.0,0.0,0.0,1.0,0),
	 (118,0,0,20,3,0.0,0.0,0.0,0.0,0.0,0.0,0.0,0.0,0.0,1.0,0);
INSERT INTO acore_world.forge_spell_scaling (ID,CastTimeMin,CastTimeMax,CastTimeMaxLevel,Class,Coefficient_1,Coefficient_2,Coefficient_3,Variance_1,Variance_2,Variance_3,ComboPointsCoefficient_1,ComboPointsCoefficient_2,ComboPointsCoefficient_3,CoefBase,CoefBaseLevel) VALUES
	 (119,0,0,20,3,0.056,0.056,0.0,0.3,0.3,0.0,0.0,0.0,0.0,1.0,0),
	 (120,0,0,20,3,0.0,0.0,0.0,0.0,0.0,0.0,0.0,0.0,0.0,1.0,0),
	 (121,0,0,20,3,0.0,0.0,0.0,0.0,0.0,0.0,0.0,0.0,0.0,1.0,0),
	 (122,0,0,20,3,0.0,0.0,0.0,0.0,0.0,0.0,0.0,0.0,0.0,1.0,0),
	 (123,0,0,20,3,0.0,0.0,0.0,0.0,0.0,0.0,0.0,0.0,0.0,1.0,0),
	 (124,0,0,20,3,0.0,0.0,0.0,0.0,0.0,0.0,0.0,0.0,0.0,1.0,0),
	 (125,0,0,20,3,0.0,0.0,0.0,0.0,0.0,0.0,0.0,0.0,0.0,1.0,0),
	 (126,0,0,20,3,0.0,0.0,0.0,0.0,0.0,0.0,0.0,0.0,0.0,1.0,0),
	 (127,0,0,20,11,0.0576,0.0,0.0,0.0,0.0,0.0,0.163,0.0,0.0,1.0,0),
	 (128,0,0,20,11,0.383,0.0,0.0,0.74,0.0,0.0,0.584,0.0,0.0,0.439,80);
INSERT INTO acore_world.forge_spell_scaling (ID,CastTimeMin,CastTimeMax,CastTimeMaxLevel,Class,Coefficient_1,Coefficient_2,Coefficient_3,Variance_1,Variance_2,Variance_3,ComboPointsCoefficient_1,ComboPointsCoefficient_2,ComboPointsCoefficient_3,CoefBase,CoefBaseLevel) VALUES
	 (130,0,0,20,11,0.075,0.0,0.0,0.0,0.0,0.0,0.179,0.0,0.0,1.0,0),
	 (131,0,0,20,-1,2.24,2.24,0.0,0.0,0.0,0.0,0.0,0.0,0.0,1.0,0),
	 (133,0,0,20,-1,1.32,0.0,0.0,0.0,0.0,0.0,0.0,0.0,0.0,1.0,0),
	 (135,0,0,20,1,0.0,0.759,0.0,0.0,0.0,0.0,0.0,0.0,0.0,1.0,0),
	 (139,0,0,20,1,0.0,0.376,0.0,0.0,0.0,0.0,0.0,0.0,0.0,1.0,0),
	 (140,0,0,20,1,0.075,0.0,0.0,0.0,0.0,0.0,0.0,0.0,0.0,1.0,0),
	 (141,0,0,20,1,1.598,0.0,0.0,0.2,0.0,0.0,0.0,0.0,0.0,1.0,0),
	 (142,0,0,20,1,0.0,1.706,0.0,0.0,0.05,0.0,0.0,0.0,0.0,0.3,80),
	 (143,1500,1500,20,1,0.383,0.0,0.0,0.0,0.0,0.0,0.0,0.0,0.0,1.0,0),
	 (144,0,0,20,1,0.269,0.0,0.0,0.0,0.0,0.0,0.0,0.0,0.0,1.0,0);
INSERT INTO acore_world.forge_spell_scaling (ID,CastTimeMin,CastTimeMax,CastTimeMaxLevel,Class,Coefficient_1,Coefficient_2,Coefficient_3,Variance_1,Variance_2,Variance_3,ComboPointsCoefficient_1,ComboPointsCoefficient_2,ComboPointsCoefficient_3,CoefBase,CoefBaseLevel) VALUES
	 (145,0,0,20,6,0.317,0.0,0.0,0.0,0.0,0.0,0.0,0.0,0.0,1.0,0),
	 (146,0,0,20,6,0.756,0.0,0.0,0.0,0.0,0.0,0.0,0.0,0.0,1.0,0),
	 (147,0,0,20,6,0.378,0.0,0.0,0.0,0.0,0.0,0.0,0.0,0.0,1.0,0),
	 (149,0,0,20,6,0.041,0.0,0.0,0.0,0.0,0.0,0.0,0.0,0.0,1.0,0),
	 (150,0,0,20,6,0.876,0.0,0.0,0.0,0.0,0.0,0.0,0.0,0.0,1.0,0),
	 (151,0,0,20,6,0.294,0.0,0.0,0.0,0.0,0.0,0.0,0.0,0.0,1.0,0),
	 (152,0,0,20,6,0.147,0.0,0.0,0.0,0.0,0.0,0.0,0.0,0.0,1.0,0),
	 (153,0,0,20,6,0.247,0.0,0.0,0.0,0.0,0.0,0.0,0.0,0.0,1.0,0),
	 (154,0,0,20,6,0.124,0.0,0.0,0.0,0.0,0.0,0.0,0.0,0.0,1.0,0),
	 (155,0,0,20,6,0.728,0.0,0.0,0.0,0.0,0.0,0.0,0.0,0.0,1.0,0);
INSERT INTO acore_world.forge_spell_scaling (ID,CastTimeMin,CastTimeMax,CastTimeMaxLevel,Class,Coefficient_1,Coefficient_2,Coefficient_3,Variance_1,Variance_2,Variance_3,ComboPointsCoefficient_1,ComboPointsCoefficient_2,ComboPointsCoefficient_3,CoefBase,CoefBaseLevel) VALUES
	 (156,0,0,20,-1,1.24,1.24,0.0,0.0,0.0,0.0,0.0,0.0,0.0,1.0,0),
	 (157,0,0,20,6,0.0,1.175,0.0,0.0,0.0,0.0,0.0,0.0,0.0,1.0,0),
	 (158,0,0,20,6,0.468,0.0,0.0,0.083,0.0,0.0,0.0,0.0,0.0,1.0,0),
	 (159,0,0,20,6,0.578,0.0,0.0,0.0,0.0,0.0,0.0,0.0,0.0,1.0,0),
	 (160,0,0,20,6,0.289,0.0,0.0,0.0,0.0,0.0,0.0,0.0,0.0,1.0,0),
	 (161,0,0,20,6,0.374,0.0,0.0,0.0,0.0,0.0,0.0,0.0,0.0,1.0,0),
	 (162,0,0,20,6,0.187,0.0,0.0,0.0,0.0,0.0,0.0,0.0,0.0,1.0,0),
	 (163,0,0,20,6,0.555,0.0,0.0,0.0,0.0,0.0,0.0,0.0,0.0,1.0,0),
	 (164,0,0,20,2,3.024,0.0,0.0,0.2,0.0,0.0,0.0,0.0,0.0,0.33,80),
	 (168,0,0,20,-1,9.2,0.0,0.0,0.0,0.0,0.0,0.0,0.0,0.0,1.0,0);
INSERT INTO acore_world.forge_spell_scaling (ID,CastTimeMin,CastTimeMax,CastTimeMaxLevel,Class,Coefficient_1,Coefficient_2,Coefficient_3,Variance_1,Variance_2,Variance_3,ComboPointsCoefficient_1,ComboPointsCoefficient_2,ComboPointsCoefficient_3,CoefBase,CoefBaseLevel) VALUES
	 (169,1500,1500,20,2,2.663,0.179,0.0,0.11,0.0,0.0,0.0,0.0,0.0,1.0,0),
	 (170,0,0,20,-1,1.04,0.0,0.0,0.0,0.0,0.0,0.0,0.0,0.0,1.0,0),
	 (171,1500,1500,20,2,1.719,0.0,0.0,0.115,0.0,0.0,0.0,0.0,0.0,1.0,0),
	 (175,0,0,20,2,3.9,0.0,0.0,0.1,0.0,0.0,0.0,0.0,0.0,1.0,0),
	 (176,1500,3000,20,2,4.274,0.0,0.0,0.108,0.0,0.0,0.0,0.0,0.0,1.0,0),
	 (178,0,0,20,2,2.66,0.0,0.0,0.08,0.0,0.0,0.0,0.0,0.0,1.0,0),
	 (179,0,0,20,2,1.416,0.0,0.0,0.08,0.0,0.0,0.0,0.0,0.0,1.0,0),
	 (180,0,0,20,2,2.333,0.0,0.0,0.0,0.0,0.0,0.0,0.0,0.0,1.0,0),
	 (181,0,0,20,2,0.0,0.0,0.0,0.0,0.0,0.0,0.0,0.0,0.0,1.0,0),
	 (182,0,0,20,2,0.118,0.0,0.0,0.0,0.0,0.0,0.0,0.0,0.0,1.0,0);
INSERT INTO acore_world.forge_spell_scaling (ID,CastTimeMin,CastTimeMax,CastTimeMaxLevel,Class,Coefficient_1,Coefficient_2,Coefficient_3,Variance_1,Variance_2,Variance_3,ComboPointsCoefficient_1,ComboPointsCoefficient_2,ComboPointsCoefficient_3,CoefBase,CoefBaseLevel) VALUES
	 (184,0,0,20,2,0.593,0.0,0.0,0.0,0.0,0.0,0.0,0.0,0.0,1.0,0),
	 (185,1500,1500,20,5,5.746,5.746,0.0,0.25,0.25,0.0,0.0,0.0,0.0,1.0,0),
	 (186,0,0,20,5,2.571,0.0,0.0,0.1,0.0,0.0,0.0,0.0,0.0,1.0,0),
	 (187,0,0,20,5,0.0,0.0,0.0,0.0,0.0,0.0,0.0,0.0,0.0,1.0,0),
	 (188,0,0,20,5,0.144,0.0,0.0,0.0,0.0,0.0,0.0,0.0,0.0,1.0,0),
	 (189,1500,1500,20,5,7.174,0.0,0.0,0.15,0.0,0.0,0.0,0.0,0.0,1.0,0),
	 (190,1500,3000,20,5,1.81,0.0,0.0,0.15,0.0,0.0,0.0,0.0,0.0,1.0,0),
	 (191,2000,2000,20,5,1.083,0.054,0.0,0.238,0.0,0.0,0.0,0.0,0.0,1.0,0),
	 (192,0,0,20,5,0.316,0.0,0.0,0.15,0.0,0.0,0.0,0.0,0.0,1.0,0),
	 (193,0,0,20,5,1.94,0.0,0.0,0.15,0.0,0.0,0.0,0.0,0.0,1.0,0);
INSERT INTO acore_world.forge_spell_scaling (ID,CastTimeMin,CastTimeMax,CastTimeMaxLevel,Class,Coefficient_1,Coefficient_2,Coefficient_3,Variance_1,Variance_2,Variance_3,ComboPointsCoefficient_1,ComboPointsCoefficient_2,ComboPointsCoefficient_3,CoefBase,CoefBaseLevel) VALUES
	 (194,0,0,20,-1,0.0,1.2,1.2,0.0,0.0,0.0,0.0,0.0,0.0,1.0,0),
	 (195,0,0,20,5,3.045,0.0,0.0,0.0,0.0,0.0,0.0,0.0,0.0,1.0,0),
	 (196,1500,1500,20,5,1.557,0.0,0.0,0.055,0.0,0.0,0.0,0.0,0.0,1.0,0),
	 (197,0,0,20,5,0.198,0.0,0.0,0.0,0.0,0.0,0.0,0.0,0.0,1.0,0),
	 (198,0,0,20,5,0.23,0.0,0.0,0.08,0.0,0.0,0.0,0.0,0.0,1.0,0),
	 (199,0,0,20,5,0.788,0.0,0.0,0.122,0.0,0.0,0.0,0.0,0.0,1.0,0),
	 (200,0,0,20,5,3.18,0.0,0.0,0.122,0.0,0.0,0.0,0.0,0.0,1.0,0),
	 (202,0,0,20,5,8.6088,0.0,0.0,0.0,0.0,0.0,0.0,0.0,0.0,1.0,0),
	 (204,2500,2500,20,5,3.359,0.0,0.0,0.055,0.0,0.0,0.0,0.0,0.0,1.0,0),
	 (205,0,0,20,5,3.144,0.0,0.0,0.0,0.0,0.0,0.0,0.0,0.0,1.0,0);
INSERT INTO acore_world.forge_spell_scaling (ID,CastTimeMin,CastTimeMax,CastTimeMaxLevel,Class,Coefficient_1,Coefficient_2,Coefficient_3,Variance_1,Variance_2,Variance_3,ComboPointsCoefficient_1,ComboPointsCoefficient_2,ComboPointsCoefficient_3,CoefBase,CoefBaseLevel) VALUES
	 (207,0,0,20,5,1.295,0.0,0.0,0.0,0.0,0.0,0.0,0.0,0.0,1.0,0),
	 (209,0,0,20,5,0.357,0.0,0.0,0.0,0.0,0.0,0.0,0.0,0.0,1.0,0),
	 (210,0,0,20,5,0.206,0.0,0.0,0.0,0.0,0.0,0.0,0.0,0.0,1.0,0),
	 (211,1500,2500,20,5,0.733,0.0,0.0,0.115,0.0,0.0,0.0,0.0,0.0,1.0,0),
	 (212,1500,1500,20,5,0.0,0.101,0.0,0.0,0.0,0.0,0.0,0.0,0.0,1.0,0),
	 (213,0,0,20,4,0.327,0.0,0.0,0.0,0.0,0.0,0.0,0.0,0.0,1.0,0),
	 (214,0,0,20,4,0.307,0.0,0.0,0.0,0.0,0.0,0.0,0.0,0.0,1.0,0),
	 (215,-1000000,-1000000,20,4,0.143,0.0,0.0,0.25,0.0,0.0,0.222,0.0,0.0,1.0,0),
	 (216,0,0,20,4,0.214,0.0,0.0,0.0,0.0,0.0,0.0,0.0,0.0,1.0,0),
	 (217,0,0,20,4,0.326,0.0,0.0,1.0,0.0,0.0,0.476,0.0,0.0,0.414,80);
INSERT INTO acore_world.forge_spell_scaling (ID,CastTimeMin,CastTimeMax,CastTimeMaxLevel,Class,Coefficient_1,Coefficient_2,Coefficient_3,Variance_1,Variance_2,Variance_3,ComboPointsCoefficient_1,ComboPointsCoefficient_2,ComboPointsCoefficient_3,CoefBase,CoefBaseLevel) VALUES
	 (219,0,0,20,4,0.118,0.0,0.0,0.0,0.0,0.0,0.0,0.0,0.0,1.0,0),
	 (220,0,0,20,4,0.104,0.0,0.0,0.0,0.0,0.0,0.0,0.0,0.0,1.0,0),
	 (222,0,0,20,4,0.179,0.0,0.0,0.0,0.0,0.0,0.0,0.0,0.0,1.0,0),
	 (223,0,0,20,4,0.179,0.0,0.0,0.0,0.0,0.0,0.0,0.0,0.0,1.0,0),
	 (224,0,0,20,4,0.126,0.0,0.0,0.0,0.0,0.0,0.018,0.0,0.0,1.0,0),
	 (225,0,0,20,4,0.178,0.0,0.0,0.0,0.0,0.0,0.0,0.0,0.0,1.0,0),
	 (226,0,0,20,4,0.246,0.0,0.0,0.25,0.0,0.0,0.0,0.0,0.0,0.0,80),
	 (227,0,0,20,4,0.12,0.0,0.0,0.0,0.0,0.0,0.0,0.0,0.0,0.0,80),
	 (228,0,0,20,4,0.313,0.0,0.0,0.28,0.0,0.0,0.0,0.0,0.0,0.0,80),
	 (229,0,0,20,4,0.0,0.245,0.0,0.0,0.0,0.0,0.0,0.0,0.0,0.0,80);
INSERT INTO acore_world.forge_spell_scaling (ID,CastTimeMin,CastTimeMax,CastTimeMaxLevel,Class,Coefficient_1,Coefficient_2,Coefficient_3,Variance_1,Variance_2,Variance_3,ComboPointsCoefficient_1,ComboPointsCoefficient_2,ComboPointsCoefficient_3,CoefBase,CoefBaseLevel) VALUES
	 (230,2500,2500,20,7,3.5,0.0,0.0,0.133,0.0,0.0,0.0,0.0,0.0,1.0,0),
	 (231,2000,2000,20,7,1.088,0.0,0.0,0.133,0.0,0.0,0.0,0.0,0.0,1.0,0),
	 (232,0,0,20,7,0.816,0.0,0.0,0.133,0.0,0.0,0.0,0.0,0.0,1.0,0),
	 (233,0,0,20,7,1.40976,0.0,0.0,0.0,0.0,0.0,0.0,0.0,0.0,1.0,0),
	 (234,0,0,20,7,0.0,0.927,0.0,0.0,0.053,0.0,0.0,0.0,0.0,1.0,0),
	 (236,0,0,20,7,0.574,0.0,0.0,0.0,0.0,0.0,0.0,0.0,0.0,1.0,0),
	 (237,0,0,20,7,0.0,0.785,0.0,0.0,0.112,0.0,0.0,0.0,0.0,1.0,0),
	 (239,0,0,20,7,0.529,0.142,0.0,0.0,0.0,0.0,0.0,0.0,0.0,1.0,0),
	 (243,0,0,20,7,0.0,0.869,0.0,0.0,0.056,0.0,0.0,0.0,0.0,1.0,0),
	 (244,0,0,20,7,0.0,0.609,0.0,0.0,0.0,0.0,0.0,0.0,0.0,1.0,0);
INSERT INTO acore_world.forge_spell_scaling (ID,CastTimeMin,CastTimeMax,CastTimeMaxLevel,Class,Coefficient_1,Coefficient_2,Coefficient_3,Variance_1,Variance_2,Variance_3,ComboPointsCoefficient_1,ComboPointsCoefficient_2,ComboPointsCoefficient_3,CoefBase,CoefBaseLevel) VALUES
	 (245,0,0,20,7,0.028,0.0,0.0,0.0,0.0,0.0,0.0,0.0,0.0,1.0,0),
	 (247,1500,3000,20,7,2.989,0.0,0.0,0.133,0.0,0.0,0.0,0.0,0.0,1.0,0),
	 (248,2000,2000,20,7,1.579,0.0,0.0,0.242,0.0,0.0,0.0,0.0,0.0,1.0,0),
	 (249,1500,1500,20,7,1.782,0.0,0.0,0.133,0.0,0.0,0.0,0.0,0.0,1.0,0),
	 (250,1500,2500,20,7,0.767,0.0,0.0,0.133,0.0,0.0,0.0,0.0,0.0,1.0,0),
	 (251,1500,2500,20,7,0.575,0.0,0.0,0.133,0.0,0.0,0.0,0.0,0.0,1.0,0),
	 (252,0,0,20,7,0.389,0.0,0.0,0.0,0.0,0.0,0.0,0.0,0.0,0.35,80),
	 (253,0,0,20,7,0.267,0.0,0.0,0.0,0.0,0.0,0.0,0.0,0.0,1.0,0),
	 (254,0,0,20,-1,0.736,0.0,0.0,0.0,0.0,0.0,0.0,0.0,0.0,1.0,0),
	 (255,0,0,20,7,2.353,1.113,0.0,0.0,0.0,0.0,0.0,0.0,0.0,1.0,0);
INSERT INTO acore_world.forge_spell_scaling (ID,CastTimeMin,CastTimeMax,CastTimeMaxLevel,Class,Coefficient_1,Coefficient_2,Coefficient_3,Variance_1,Variance_2,Variance_3,ComboPointsCoefficient_1,ComboPointsCoefficient_2,ComboPointsCoefficient_3,CoefBase,CoefBaseLevel) VALUES
	 (256,1500,1500,20,7,0.096,0.0,0.0,0.3,0.0,0.0,0.0,0.0,0.0,1.0,0),
	 (257,0,0,20,-1,9.353,0.0,0.0,0.0,0.0,0.0,0.0,0.0,0.0,1.0,0),
	 (258,0,0,20,7,0.683,0.0,0.0,0.0,0.0,0.0,0.0,0.0,0.0,1.0,0),
	 (259,0,0,20,-1,9.2,0.0,0.0,0.0,0.0,0.0,0.0,0.0,0.0,1.0,0),
	 (260,0,0,20,-1,1.24,1.24,0.0,0.0,0.0,0.0,0.0,0.0,0.0,1.0,0),
	 (261,0,0,20,7,1.63,0.0,0.0,0.133,0.0,0.0,0.0,0.0,0.0,1.0,0),
	 (263,0,0,20,-1,0.0,0.8,0.0,0.0,0.0,0.0,0.0,0.0,0.0,1.0,0),
	 (264,0,0,20,-1,1.712,0.0,0.0,0.0,0.0,0.0,0.0,0.0,0.0,1.0,0),
	 (265,0,0,20,-1,0.0,10.0,0.0,0.0,0.0,0.0,0.0,0.0,0.0,1.0,0),
	 (266,0,0,20,9,1.368,0.0,0.0,0.0,0.0,0.0,0.0,0.0,0.0,1.0,0);
INSERT INTO acore_world.forge_spell_scaling (ID,CastTimeMin,CastTimeMax,CastTimeMaxLevel,Class,Coefficient_1,Coefficient_2,Coefficient_3,Variance_1,Variance_2,Variance_3,ComboPointsCoefficient_1,ComboPointsCoefficient_2,ComboPointsCoefficient_3,CoefBase,CoefBaseLevel) VALUES
	 (267,0,0,20,-1,1.32,0.0,0.0,0.0,0.0,0.0,0.0,0.0,0.0,1.0,0),
	 (268,0,2500,20,9,1.547,0.0,0.0,0.238,0.0,0.0,0.0,0.0,0.0,1.0,0),
	 (269,0,0,20,9,0.0,0.144,0.0,0.0,0.0,0.0,0.0,0.0,0.0,1.0,0),
	 (270,0,0,20,9,0.0,0.0,0.0,0.0,0.0,0.0,0.0,0.0,0.0,1.0,0),
	 (271,0,0,20,9,0.153,0.0,0.0,0.0,0.0,0.0,0.0,0.0,0.0,1.0,0),
	 (272,0,0,20,9,0.0,0.0,0.057,0.0,0.0,0.0,0.0,0.0,0.0,1.0,0),
	 (273,0,0,20,9,0.133,0.0,0.0,0.0,0.0,0.0,0.0,0.0,0.0,1.0,0),
	 (274,0,0,20,9,2.024,0.0,0.0,0.0,0.0,0.0,0.0,0.0,0.0,1.0,0),
	 (275,0,0,20,9,-0.191,0.0,0.0,0.0,0.0,0.0,0.0,0.0,0.0,1.0,0),
	 (277,0,0,20,9,1.227,0.0,0.0,0.0,0.0,0.0,0.0,0.0,0.0,1.0,0);
INSERT INTO acore_world.forge_spell_scaling (ID,CastTimeMin,CastTimeMax,CastTimeMaxLevel,Class,Coefficient_1,Coefficient_2,Coefficient_3,Variance_1,Variance_2,Variance_3,ComboPointsCoefficient_1,ComboPointsCoefficient_2,ComboPointsCoefficient_3,CoefBase,CoefBaseLevel) VALUES
	 (278,0,0,20,9,0.784,0.0,0.0,0.0,0.0,0.0,0.0,0.0,0.0,1.0,0),
	 (279,0,0,20,9,2.437,0.0,0.0,0.0,0.0,0.0,0.0,0.0,0.0,1.0,0),
	 (280,0,0,20,9,0.0,0.0,0.0,0.0,0.0,0.0,0.0,0.0,0.0,1.0,0),
	 (281,0,0,20,9,0.0855,0.0,0.0,0.0,0.0,0.0,0.0,0.0,0.0,1.0,0),
	 (282,0,0,20,9,0.08,0.0,0.0,0.0,0.0,0.0,0.0,0.0,0.0,1.0,0),
	 (283,0,0,20,-1,1.44,0.0,0.0,0.0,0.0,0.0,0.0,0.0,0.0,1.0,0),
	 (285,2000,2500,20,9,0.123,0.0,0.0,0.11,0.0,0.0,0.0,0.0,0.0,1.0,0),
	 (286,1500,1500,20,9,0.9581,0.0,0.0,0.0,0.0,0.0,0.0,0.0,0.0,1.0,0),
	 (288,0,0,20,9,0.0,0.0,0.0,0.0,0.0,0.0,0.0,0.0,0.0,1.0,0),
	 (289,0,0,20,9,0.0,0.332,0.0,0.0,0.0,0.0,0.0,0.0,0.0,1.0,0);
INSERT INTO acore_world.forge_spell_scaling (ID,CastTimeMin,CastTimeMax,CastTimeMaxLevel,Class,Coefficient_1,Coefficient_2,Coefficient_3,Variance_1,Variance_2,Variance_3,ComboPointsCoefficient_1,ComboPointsCoefficient_2,ComboPointsCoefficient_3,CoefBase,CoefBaseLevel) VALUES
	 (290,0,0,20,9,0.332,0.0,0.0,0.0,0.0,0.0,0.0,0.0,0.0,1.0,0),
	 (291,2000,2000,20,9,0.0,0.692,0.439,0.0,0.0,0.0,0.0,0.0,0.0,0.55,80),
	 (292,2500,2500,20,9,0.573,0.0,0.0,0.15,0.0,0.0,0.0,0.0,0.0,1.0,0),
	 (293,0,0,20,9,0.0,0.0,0.0,0.0,0.0,0.0,0.0,0.0,0.0,1.0,0),
	 (297,0,0,20,9,0.201,0.0,0.0,0.16,0.0,0.0,0.0,0.0,0.0,-1.0,80),
	 (298,0,0,20,9,0.0,0.0,0.0,0.0,0.0,0.0,0.0,0.0,0.0,1.0,0),
	 (299,0,0,20,9,0.797,0.0,0.0,0.0,0.0,0.0,0.0,0.0,0.0,1.0,0),
	 (300,0,0,20,9,9.706,0.0,0.0,0.0,0.0,0.0,0.0,0.0,0.0,1.0,0),
	 (301,1500,1500,20,9,0.322,0.0,0.0,0.17,0.0,0.0,0.0,0.0,0.0,1.0,0),
	 (302,2000,2000,20,9,0.3024,2.113,0.0,0.0,0.0,0.0,0.0,0.0,0.0,1.0,0);
INSERT INTO acore_world.forge_spell_scaling (ID,CastTimeMin,CastTimeMax,CastTimeMaxLevel,Class,Coefficient_1,Coefficient_2,Coefficient_3,Variance_1,Variance_2,Variance_3,ComboPointsCoefficient_1,ComboPointsCoefficient_2,ComboPointsCoefficient_3,CoefBase,CoefBaseLevel) VALUES
	 (303,0,0,20,9,0.7656,0.0,0.0,0.15,0.0,0.0,0.0,0.0,0.0,1.0,0),
	 (304,0,0,20,9,1.5996,0.0,0.0,0.15,0.0,0.0,0.0,0.0,0.0,1.0,0),
	 (305,0,0,20,9,0.126,0.0,0.0,0.35,0.0,0.0,0.0,0.0,0.0,1.0,0),
	 (306,1700,3000,20,9,0.82,0.0,0.0,0.11,0.0,0.0,0.0,0.0,0.0,1.0,0),
	 (307,0,0,20,9,3.69,0.0,0.0,0.0,0.0,0.0,0.0,0.0,0.0,1.0,0),
	 (308,0,0,20,9,0.0,0.714,0.0,0.0,0.11,0.0,0.0,0.0,0.0,1.0,0),
	 (309,0,0,20,9,0.727,0.0,0.0,0.09,0.0,0.0,0.0,0.0,0.0,1.0,0),
	 (310,0,0,20,9,0.169,0.0,0.0,0.0,0.0,0.0,0.0,0.0,0.0,1.0,0),
	 (311,0,0,20,9,0.783,0.0,0.0,0.175,0.0,0.0,0.0,0.0,0.0,1.0,0),
	 (312,0,0,20,9,0.46,0.0,0.0,0.15,0.0,0.0,0.0,0.0,0.0,1.0,0);
INSERT INTO acore_world.forge_spell_scaling (ID,CastTimeMin,CastTimeMax,CastTimeMaxLevel,Class,Coefficient_1,Coefficient_2,Coefficient_3,Variance_1,Variance_2,Variance_3,ComboPointsCoefficient_1,ComboPointsCoefficient_2,ComboPointsCoefficient_3,CoefBase,CoefBaseLevel) VALUES
	 (313,4000,4000,20,9,2.543,0.0,0.0,0.225,0.0,0.0,0.0,0.0,0.0,1.0,0),
	 (314,0,0,20,9,1.943,0.0,0.0,0.0,0.0,0.0,0.0,0.0,0.0,1.0,0),
	 (315,0,0,20,9,0.758,0.0,0.0,0.0,0.0,0.0,0.0,0.0,0.0,1.0,0),
	 (316,1500,1500,20,9,0.0,0.232,0.0,0.0,0.0,0.0,0.0,0.0,0.0,1.0,0),
	 (318,2000,2000,20,7,1.435,0.0,0.0,0.242,0.0,0.0,0.0,0.0,0.0,1.0,0),
	 (319,0,0,20,9,0.0,0.0,0.07,0.0,0.0,0.0,0.0,0.0,0.0,1.0,0),
	 (321,3000,3000,20,11,2.633,0.0,0.0,0.15,0.0,0.0,0.0,0.0,0.0,1.0,0),
	 (322,0,0,20,5,4.242,0.0,0.0,0.0,0.0,0.0,0.0,0.0,0.0,1.0,0),
	 (323,0,0,20,2,2.067,0.0,0.0,0.0,0.0,0.0,0.0,0.0,0.0,1.0,0),
	 (324,0,0,20,9,0.03,0.0,0.0,0.0,0.0,0.0,0.0,0.0,0.0,1.0,0);
INSERT INTO acore_world.forge_spell_scaling (ID,CastTimeMin,CastTimeMax,CastTimeMaxLevel,Class,Coefficient_1,Coefficient_2,Coefficient_3,Variance_1,Variance_2,Variance_3,ComboPointsCoefficient_1,ComboPointsCoefficient_2,ComboPointsCoefficient_3,CoefBase,CoefBaseLevel) VALUES
	 (325,0,0,20,9,0.03,0.0,0.0,0.0,0.0,0.0,0.0,0.0,0.0,1.0,0),
	 (329,0,0,20,7,0.178,0.0,0.0,0.0,0.0,0.0,0.0,0.0,0.0,1.0,0),
	 (330,0,0,20,7,1.987,0.0,0.0,0.08,0.0,0.0,0.0,0.0,0.0,1.0,0),
	 (331,0,0,20,7,1.113,0.0,0.0,0.17,0.0,0.0,0.0,0.0,0.0,1.0,0),
	 (332,0,0,20,7,0.752,0.0,0.0,0.173,0.0,0.0,0.0,0.0,0.0,1.0,0),
	 (350,0,0,20,7,1.186,0.0,0.0,0.242,0.0,0.0,0.0,0.0,0.0,1.0,0),
	 (353,1500,3500,20,9,1.004,0.035,0.0,0.242,0.0,0.0,0.0,0.0,0.0,1.0,0),
	 (355,3000,3000,20,7,9.564,0.0,0.0,0.133,0.0,0.0,0.0,0.0,0.0,1.0,0),
	 (358,0,0,20,7,0.324,0.0,0.0,0.0,0.0,0.0,0.0,0.0,0.0,1.0,0),
	 (367,3000,3000,20,5,9.564,0.0,0.0,0.15,0.0,0.0,0.0,0.0,0.0,1.0,0);
INSERT INTO acore_world.forge_spell_scaling (ID,CastTimeMin,CastTimeMax,CastTimeMaxLevel,Class,Coefficient_1,Coefficient_2,Coefficient_3,Variance_1,Variance_2,Variance_3,ComboPointsCoefficient_1,ComboPointsCoefficient_2,ComboPointsCoefficient_3,CoefBase,CoefBaseLevel) VALUES
	 (368,0,0,20,7,0.0192,0.0,0.0,0.0,0.0,0.0,0.0,0.0,0.0,1.0,0),
	 (370,0,0,20,11,1.056,0.589,0.0,0.21,0.0,0.0,0.0,0.0,0.0,1.0,0),
	 (372,2000,2000,20,1,0.246,0.0,0.0,0.0,0.0,0.0,0.0,0.0,0.0,1.0,0),
	 (373,0,0,20,9,0.248,0.0,0.0,0.15,0.0,0.0,0.0,0.0,0.0,1.0,0),
	 (376,0,0,20,11,5.3,0.0,0.0,0.0,0.0,0.0,0.0,0.0,0.0,1.0,0),
	 (377,3500,3500,20,11,1.124,0.0,0.0,0.0,0.0,0.0,0.0,0.0,0.0,1.0,0),
	 (378,1500,2000,20,11,0.582,0.0,0.0,0.12,0.0,0.0,0.0,0.0,0.0,1.0,0),
	 (380,0,0,20,7,0.869,0.0,0.0,0.15,0.0,0.0,0.0,0.0,0.0,1.0,0),
	 (381,0,0,20,-1,0.0,1.2,0.0,0.0,0.0,0.0,0.0,0.0,0.0,1.0,0),
	 (383,2000,2000,25,11,1.228,0.0,0.0,0.32,0.0,0.0,0.0,0.0,0.0,1.0,0);
INSERT INTO acore_world.forge_spell_scaling (ID,CastTimeMin,CastTimeMax,CastTimeMaxLevel,Class,Coefficient_1,Coefficient_2,Coefficient_3,Variance_1,Variance_2,Variance_3,ComboPointsCoefficient_1,ComboPointsCoefficient_2,ComboPointsCoefficient_3,CoefBase,CoefBaseLevel) VALUES
	 (385,0,0,20,11,0.9464,0.0,0.0,0.19,0.0,0.0,0.0,0.0,0.0,1.0,0),
	 (386,0,0,20,-1,4.8,0.736,0.0,0.0,0.0,0.0,0.0,0.0,0.0,1.0,0),
	 (390,0,0,20,-1,4.8,0.0,0.0,0.0,0.0,0.0,0.0,0.0,0.0,1.0,0),
	 (391,0,0,20,-1,4.8,0.0,0.0,0.0,0.0,0.0,0.0,0.0,0.0,1.0,0),
	 (392,0,0,20,-1,4.8,0.0,0.0,0.0,0.0,0.0,0.0,0.0,0.0,1.0,0),
	 (393,0,0,20,-1,4.8,0.0,0.0,0.0,0.0,0.0,0.0,0.0,0.0,1.0,0),
	 (394,0,0,20,-1,0.0,0.0,0.736,0.0,0.0,0.0,0.0,0.0,0.0,1.0,0),
	 (395,0,0,20,-1,0.0,0.0,0.736,0.0,0.0,0.0,0.0,0.0,0.0,1.0,0),
	 (396,0,0,20,-1,1.32,0.0,0.0,0.0,0.0,0.0,0.0,0.0,0.0,1.0,0),
	 (397,0,0,20,-1,1.32,0.0,0.0,0.0,0.0,0.0,0.0,0.0,0.0,1.0,0);
INSERT INTO acore_world.forge_spell_scaling (ID,CastTimeMin,CastTimeMax,CastTimeMaxLevel,Class,Coefficient_1,Coefficient_2,Coefficient_3,Variance_1,Variance_2,Variance_3,ComboPointsCoefficient_1,ComboPointsCoefficient_2,ComboPointsCoefficient_3,CoefBase,CoefBaseLevel) VALUES
	 (398,0,0,20,5,0.154,0.0,0.0,0.0,0.0,0.0,0.0,0.0,0.0,1.0,0),
	 (399,0,0,20,5,0.154,0.0,0.0,0.0,0.0,0.0,0.0,0.0,0.0,1.0,0),
	 (400,0,0,20,4,0.6,0.0,0.0,0.0,0.0,0.0,0.0,0.0,0.0,1.0,0),
	 (401,0,0,20,-1,27.32,0.0,0.0,0.05,0.0,0.0,0.0,0.0,0.0,1.0,0),
	 (402,0,0,20,-1,27.32,0.0,0.0,0.05,0.0,0.0,0.0,0.0,0.0,1.0,0),
	 (403,0,0,20,-1,27.32,0.0,0.0,0.05,0.0,0.0,0.0,0.0,0.0,1.0,0),
	 (404,0,0,20,-1,27.32,0.0,0.0,0.05,0.0,0.0,0.0,0.0,0.0,1.0,0),
	 (405,0,0,20,-1,27.32,0.0,0.0,0.05,0.0,0.0,0.0,0.0,0.0,1.0,0),
	 (406,0,0,20,-1,27.32,0.0,0.0,0.05,0.0,0.0,0.0,0.0,0.0,1.0,0),
	 (407,0,0,20,-1,27.32,0.0,0.0,0.05,0.0,0.0,0.0,0.0,0.0,1.0,0);
INSERT INTO acore_world.forge_spell_scaling (ID,CastTimeMin,CastTimeMax,CastTimeMaxLevel,Class,Coefficient_1,Coefficient_2,Coefficient_3,Variance_1,Variance_2,Variance_3,ComboPointsCoefficient_1,ComboPointsCoefficient_2,ComboPointsCoefficient_3,CoefBase,CoefBaseLevel) VALUES
	 (408,0,0,20,8,1.392,0.0,0.0,0.225,0.0,0.0,0.0,0.0,0.0,0.8,80),
	 (409,0,0,20,-1,4.8,0.0,0.0,0.0,0.0,0.0,0.0,0.0,0.0,1.0,0),
	 (410,2000,2000,20,9,0.148,0.499,0.0,0.0,0.0,0.0,0.0,0.0,0.0,1.0,0),
	 (411,0,0,20,9,0.151,0.0,0.0,0.0,0.0,0.0,0.0,0.0,0.0,1.0,0),
	 (418,1500,1500,20,5,1.178,0.0,0.0,0.055,0.0,0.0,0.0,0.0,0.0,1.0,0),
	 (462,0,0,20,-1,0.0,0.608,0.0,0.0,0.0,0.0,0.0,0.0,0.0,1.0,0),
	 (464,0,0,20,-1,0.0,0.608,0.0,0.0,0.0,0.0,0.0,0.0,0.0,1.0,0),
	 (465,0,0,20,-1,0.0,0.608,0.0,0.0,0.0,0.0,0.0,0.0,0.0,1.0,0),
	 (493,0,0,20,11,0.057,0.0,0.0,0.0,0.0,0.0,0.0,0.0,0.0,1.0,0),
	 (494,0,0,20,11,0.0,0.0,2.743,0.0,0.0,0.0,0.0,0.0,0.0,1.0,0);
INSERT INTO acore_world.forge_spell_scaling (ID,CastTimeMin,CastTimeMax,CastTimeMaxLevel,Class,Coefficient_1,Coefficient_2,Coefficient_3,Variance_1,Variance_2,Variance_3,ComboPointsCoefficient_1,ComboPointsCoefficient_2,ComboPointsCoefficient_3,CoefBase,CoefBaseLevel) VALUES
	 (498,1500,1500,20,5,0.168,0.0,0.0,0.055,0.0,0.0,0.0,0.0,0.0,1.0,0),
	 (499,0,0,20,2,0.079,0.0,0.0,0.0,0.0,0.0,0.0,0.0,0.0,1.0,0),
	 (500,2000,2000,20,7,1.435,0.0,0.0,0.242,0.0,0.0,0.0,0.0,0.0,1.0,0),
	 (538,3000,3000,20,2,11.397,0.0,0.0,0.108,0.0,0.0,0.0,0.0,0.0,1.0,0),
	 (569,0,0,0,3,0.0,0.0,0.0,0.0,0.0,0.0,0.0,0.0,0.0,1.0,0),
	 (572,0,0,20,8,0.278,0.0,0.0,0.25,0.0,0.0,0.0,0.0,0.0,1.0,0),
	 (578,2400,2400,0,3,0.73,0.0,0.0,0.11,0.0,0.0,0.0,0.0,0.0,1.0,0),
	 (579,0,0,20,-1,13.965,0.0,0.0,0.0,0.0,0.0,0.0,0.0,0.0,1.0,0),
	 (581,0,0,20,3,0.82,0.0,0.0,0.16,0.0,0.0,0.0,0.0,0.0,1.0,0),
	 (583,0,0,20,8,1.318,0.0,0.0,0.164,0.0,0.0,0.0,0.0,0.0,1.0,0);
INSERT INTO acore_world.forge_spell_scaling (ID,CastTimeMin,CastTimeMax,CastTimeMaxLevel,Class,Coefficient_1,Coefficient_2,Coefficient_3,Variance_1,Variance_2,Variance_3,ComboPointsCoefficient_1,ComboPointsCoefficient_2,ComboPointsCoefficient_3,CoefBase,CoefBaseLevel) VALUES
	 (584,0,0,20,8,1.054,0.0,0.0,0.164,0.0,0.0,0.0,0.0,0.0,1.0,0),
	 (585,0,0,20,8,0.791,0.0,0.0,0.164,0.0,0.0,0.0,0.0,0.0,1.0,0),
	 (586,0,0,20,8,0.527,0.0,0.0,0.164,0.0,0.0,0.0,0.0,0.0,1.0,0),
	 (587,0,0,20,8,0.264,0.0,0.0,0.164,0.0,0.0,0.0,0.0,0.0,1.0,0),
	 (588,0,0,20,-1,0.0,0.63333,0.0,0.0,0.0,0.0,0.0,0.0,0.0,1.0,0),
	 (593,0,0,20,1,0.075,0.0,0.0,0.0,0.0,0.0,0.0,0.0,0.0,1.0,0),
	 (594,0,0,20,1,0.075,0.0,0.0,0.0,0.0,0.0,0.0,0.0,0.0,1.0,0),
	 (595,0,0,20,1,0.149,0.0,0.0,0.0,0.0,0.0,0.0,0.0,0.0,1.0,0),
	 (596,1500,1500,20,1,0.383,0.0,0.0,0.0,0.0,0.0,0.0,0.0,0.0,1.0,0),
	 (597,0,0,20,1,0.383,0.0,0.0,0.0,0.0,0.0,0.0,0.0,0.0,1.0,0);
INSERT INTO acore_world.forge_spell_scaling (ID,CastTimeMin,CastTimeMax,CastTimeMaxLevel,Class,Coefficient_1,Coefficient_2,Coefficient_3,Variance_1,Variance_2,Variance_3,ComboPointsCoefficient_1,ComboPointsCoefficient_2,ComboPointsCoefficient_3,CoefBase,CoefBaseLevel) VALUES
	 (598,0,0,20,1,0.383,0.0,0.0,0.0,0.0,0.0,0.0,0.0,0.0,1.0,0),
	 (600,0,0,20,2,0.0,0.19,0.0,0.0,0.0,0.0,0.0,0.0,0.0,1.0,0),
	 (601,0,0,20,2,0.0,0.285,0.0,0.0,0.0,0.0,0.0,0.0,0.0,1.0,0),
	 (603,0,0,20,8,0.0,0.278,0.0,0.0,0.25,0.0,0.0,0.0,0.0,1.0,0),
	 (606,0,0,20,1,0.075,0.0,0.0,0.0,0.0,0.0,0.0,0.0,0.0,1.0,0),
	 (620,0,0,20,9,0.0,0.501,0.0,0.0,0.0,0.0,0.0,0.0,0.0,1.0,0),
	 (621,1500,1500,0,9,0.0,0.174,0.0,0.0,0.0,0.0,0.0,0.0,0.0,0.0,0),
	 (622,2000,2000,20,9,1.593,0.0,0.0,0.166,0.0,0.0,0.0,0.0,0.0,1.0,0),
	 (624,0,0,20,9,-0.191,0.0,0.0,0.0,0.0,0.0,0.0,0.0,0.0,1.0,0),
	 (625,0,0,20,2,0.622,0.622,0.0,0.108,0.108,0.0,0.0,0.0,0.0,1.0,0);
INSERT INTO acore_world.forge_spell_scaling (ID,CastTimeMin,CastTimeMax,CastTimeMaxLevel,Class,Coefficient_1,Coefficient_2,Coefficient_3,Variance_1,Variance_2,Variance_3,ComboPointsCoefficient_1,ComboPointsCoefficient_2,ComboPointsCoefficient_3,CoefBase,CoefBaseLevel) VALUES
	 (626,0,0,20,1,0.005,0.0,0.0,0.0,0.0,0.0,0.0,0.0,0.0,1.0,0),
	 (627,0,0,20,2,2.072,0.346,0.0,0.108,0.0,0.0,0.0,0.0,0.0,0.25,80),
	 (629,1700,3000,20,9,1.056,0.0,0.0,0.11,0.0,0.0,0.0,0.0,0.0,1.0,0),
	 (634,0,0,20,6,0.498,0.0,0.0,0.0,0.0,0.0,0.0,0.0,0.0,1.0,0),
	 (637,0,0,20,9,0.0,0.059,0.0,0.0,0.0,0.0,0.0,0.0,0.0,1.0,0),
	 (638,0,0,20,6,0.249,0.0,0.0,0.0,0.0,0.0,0.0,0.0,0.0,1.0,0),
	 (639,0,0,20,9,0.0,-0.191,0.0,0.0,0.0,0.0,0.0,0.0,0.0,1.0,0),
	 (640,0,0,20,9,0.174,0.0,0.0,0.0,0.0,0.0,0.0,0.0,0.0,0.0,0),
	 (642,0,0,20,9,0.174,0.0,0.0,0.0,0.0,0.0,0.0,0.0,0.0,0.0,0),
	 (643,0,0,20,9,0.201,0.0,0.0,0.0,0.0,0.0,0.0,0.0,0.0,1.0,0);
INSERT INTO acore_world.forge_spell_scaling (ID,CastTimeMin,CastTimeMax,CastTimeMaxLevel,Class,Coefficient_1,Coefficient_2,Coefficient_3,Variance_1,Variance_2,Variance_3,ComboPointsCoefficient_1,ComboPointsCoefficient_2,ComboPointsCoefficient_3,CoefBase,CoefBaseLevel) VALUES
	 (646,0,0,20,2,0.479,0.0,0.0,0.0,0.0,0.0,0.0,0.0,0.0,1.0,0),
	 (649,0,0,20,8,0.278,0.0,0.0,0.25,0.0,0.0,0.0,0.0,0.0,1.0,0),
	 (650,1500,2500,20,8,0.405,0.0,0.0,0.25,0.0,0.0,0.0,0.0,0.0,0.0,50),
	 (651,0,0,20,8,0.41,0.0,0.0,0.15,0.0,0.0,0.0,0.0,0.0,0.0,50),
	 (652,1500,2500,20,8,0.405,0.0,0.0,0.25,0.0,0.0,0.0,0.0,0.0,0.0,50),
	 (654,0,0,20,7,2.79,0.0,0.0,0.12,0.0,0.0,0.0,0.0,0.0,1.0,0),
	 (656,0,0,20,7,1.395,0.0,0.0,0.12,0.0,0.0,0.0,0.0,0.0,1.0,0),
	 (658,0,0,20,2,1.296,0.0,0.0,0.14,0.0,0.0,0.0,0.0,0.0,1.0,0),
	 (659,0,0,20,2,2.591,0.0,0.0,0.14,0.0,0.0,0.0,0.0,0.0,1.0,0),
	 (660,0,0,20,2,0.0,0.095,0.0,0.0,0.0,0.0,0.0,0.0,0.0,1.0,0);
INSERT INTO acore_world.forge_spell_scaling (ID,CastTimeMin,CastTimeMax,CastTimeMaxLevel,Class,Coefficient_1,Coefficient_2,Coefficient_3,Variance_1,Variance_2,Variance_3,ComboPointsCoefficient_1,ComboPointsCoefficient_2,ComboPointsCoefficient_3,CoefBase,CoefBaseLevel) VALUES
	 (661,0,0,20,9,1.333,0.0,0.0,0.15,0.0,0.0,0.0,0.0,0.0,1.0,0),
	 (662,0,0,20,9,0.153,0.0,0.0,0.0,0.0,0.0,0.0,0.0,0.0,1.0,0),
	 (663,0,0,20,5,0.0,0.0,0.0,0.0,0.0,0.0,0.0,0.0,0.0,1.0,0),
	 (664,0,0,20,5,0.646,0.0,0.0,0.165,0.0,0.0,0.0,0.0,0.0,1.0,0),
	 (666,0,0,20,5,0.514,0.0,0.0,0.0,0.0,0.0,0.0,0.0,0.0,1.0,0),
	 (668,0,0,20,7,0.028,0.0,0.0,0.0,0.0,0.0,0.0,0.0,0.0,1.0,0),
	 (672,2000,2000,20,8,0.235,0.0,0.0,0.1,0.0,0.0,0.0,0.0,0.0,1.0,0),
	 (673,2500,2500,20,8,0.328,0.0,0.0,0.242,0.0,0.0,0.0,0.0,0.0,1.0,0),
	 (674,2500,2500,20,8,0.259,0.0,0.0,0.15,0.0,0.0,0.0,0.0,0.0,1.0,0),
	 (675,2000,2000,20,8,0.662,0.103,0.0,0.202,0.0,0.0,0.0,0.0,0.0,1.0,0);
INSERT INTO acore_world.forge_spell_scaling (ID,CastTimeMin,CastTimeMax,CastTimeMaxLevel,Class,Coefficient_1,Coefficient_2,Coefficient_3,Variance_1,Variance_2,Variance_3,ComboPointsCoefficient_1,ComboPointsCoefficient_2,ComboPointsCoefficient_3,CoefBase,CoefBaseLevel) VALUES
	 (678,0,0,20,2,0.708,0.0,0.0,0.4,0.0,0.0,0.0,0.0,0.0,1.0,0),
	 (679,0,0,20,-1,1.24,1.24,0.0,0.0,0.0,0.0,0.0,0.0,0.0,1.0,0),
	 (681,0,0,20,-1,0.0,0.0,9.2,0.0,0.0,0.0,0.0,0.0,0.0,1.0,0),
	 (682,0,0,20,-1,0.0,0.736,0.0,0.0,0.0,0.0,0.0,0.0,0.0,1.0,0),
	 (684,-1000000,-1000000,20,3,0.409,0.0,0.0,0.0,0.0,0.0,0.0,0.0,0.0,1.0,0),
	 (685,-1000000,-1000000,20,3,0.409,0.0,0.0,0.0,0.0,0.0,0.0,0.0,0.0,1.0,0),
	 (686,0,0,20,5,0.633,0.0,0.0,0.115,0.0,0.0,0.0,0.0,0.0,1.0,0),
	 (690,0,0,20,5,2.353,0.742,0.0,0.0,0.0,0.0,0.0,0.0,0.0,1.0,0),
	 (691,0,0,20,5,5.977,0.0,0.0,0.16,0.0,0.0,0.0,0.0,0.0,1.0,0),
	 (692,0,0,20,5,0.346,0.0,0.0,0.173,0.0,0.0,0.0,0.0,0.0,1.0,0);
INSERT INTO acore_world.forge_spell_scaling (ID,CastTimeMin,CastTimeMax,CastTimeMaxLevel,Class,Coefficient_1,Coefficient_2,Coefficient_3,Variance_1,Variance_2,Variance_3,ComboPointsCoefficient_1,ComboPointsCoefficient_2,ComboPointsCoefficient_3,CoefBase,CoefBaseLevel) VALUES
	 (693,0,0,20,-1,0.0,4.0,0.0,0.0,0.0,0.0,0.0,0.0,0.0,1.0,0),
	 (697,0,0,20,9,0.0855,0.0,0.0,0.0,0.0,0.0,0.0,0.0,0.0,1.0,0),
	 (699,-1000,-1000,20,3,0.0,1.44,0.0,0.0,0.0,0.0,0.0,0.0,0.0,1.0,0),
	 (700,1500,3000,20,9,0.0,0.147,0.0,0.0,0.0,0.0,0.0,0.0,0.0,1.0,0),
	 (701,0,0,20,-1,11.328,0.0,0.0,0.0,0.0,0.0,0.0,0.0,0.0,1.0,0),
	 (702,0,0,20,9,0.1155,0.0,0.0,0.0,0.0,0.0,0.0,0.0,0.0,1.0,0),
	 (703,0,0,20,9,0.0,0.0,0.0,0.0,0.0,0.0,0.0,0.0,0.0,1.0,0),
	 (705,0,0,20,9,0.0,0.0,0.0,0.0,0.0,0.0,0.0,0.0,0.0,1.0,0),
	 (706,0,0,20,3,0.0,0.0,0.0,0.0,0.0,0.0,0.0,0.0,0.0,1.0,0),
	 (707,0,0,20,3,0.0,0.0,0.0,0.0,0.0,0.0,0.0,0.0,0.0,1.0,0);
INSERT INTO acore_world.forge_spell_scaling (ID,CastTimeMin,CastTimeMax,CastTimeMaxLevel,Class,Coefficient_1,Coefficient_2,Coefficient_3,Variance_1,Variance_2,Variance_3,ComboPointsCoefficient_1,ComboPointsCoefficient_2,ComboPointsCoefficient_3,CoefBase,CoefBaseLevel) VALUES
	 (708,500,500,20,3,0.0,0.0,0.0,0.0,0.0,0.0,0.0,0.0,0.0,1.0,0),
	 (709,0,0,20,3,1.1,0.423,0.0,0.0,0.0,0.0,0.0,0.0,0.0,1.0,0),
	 (711,0,0,20,-1,1.32,0.0,0.0,0.0,0.0,0.0,0.0,0.0,0.0,1.0,0),
	 (715,0,0,20,11,0.178,1.798,0.0,0.0,0.0,0.0,0.0,0.0,0.0,1.0,0),
	 (716,0,0,20,11,0.9275,0.0,0.0,0.0,0.0,0.0,0.0,0.0,0.0,1.0,0),
	 (720,0,0,20,3,0.0,0.0,0.0,0.0,0.0,0.0,0.0,0.0,0.0,1.0,0),
	 (721,0,0,20,9,3.69,0.0,0.0,0.0,0.0,0.0,0.0,0.0,0.0,1.0,0),
	 (723,0,0,20,5,22.456,0.0,0.0,0.0,0.0,0.0,0.0,0.0,0.0,1.0,0),
	 (724,0,0,0,9,0.0,0.174,0.0,0.0,0.0,0.0,0.0,0.0,0.0,0.0,0),
	 (725,1500,3000,20,9,0.0,0.0735,0.0,0.0,0.0,0.0,0.0,0.0,0.0,1.0,0);
INSERT INTO acore_world.forge_spell_scaling (ID,CastTimeMin,CastTimeMax,CastTimeMaxLevel,Class,Coefficient_1,Coefficient_2,Coefficient_3,Variance_1,Variance_2,Variance_3,ComboPointsCoefficient_1,ComboPointsCoefficient_2,ComboPointsCoefficient_3,CoefBase,CoefBaseLevel) VALUES
	 (726,0,0,20,8,0.0,1.113,0.0,0.0,0.17,0.0,0.0,0.0,0.0,1.0,0),
	 (729,2100,3500,20,8,1.352,0.202,0.0,0.238,0.0,0.0,0.0,0.0,0.0,1.0,0),
	 (730,0,0,20,8,1.5,0.175,0.0,0.238,0.0,0.0,0.0,0.0,0.0,0.88,80),
	 (737,0,0,20,11,0.0,0.0,0.0,0.0,0.0,0.0,0.0,0.0,0.0,1.0,0),
	 (738,0,0,20,5,3.144,0.0,0.0,0.0,0.0,0.0,0.0,0.0,0.0,1.0,0),
	 (739,0,0,20,9,0.0,0.0,0.0,0.0,0.0,0.0,0.0,0.0,0.0,1.0,0),
	 (740,0,0,20,11,0.095,0.221,0.0,0.0,0.2,0.0,0.0,0.0,0.0,1.0,0),
	 (741,0,0,20,-1,1.24,1.24,0.0,0.0,0.0,0.0,0.0,0.0,0.0,1.0,0),
	 (746,0,0,20,-1,0.0,0.0,0.5888,0.0,0.0,0.0,0.0,0.0,0.0,1.0,0),
	 (747,0,0,20,5,0.177,0.0,0.0,0.0,0.0,0.0,0.0,0.0,0.0,1.0,0);
INSERT INTO acore_world.forge_spell_scaling (ID,CastTimeMin,CastTimeMax,CastTimeMaxLevel,Class,Coefficient_1,Coefficient_2,Coefficient_3,Variance_1,Variance_2,Variance_3,ComboPointsCoefficient_1,ComboPointsCoefficient_2,ComboPointsCoefficient_3,CoefBase,CoefBaseLevel) VALUES
	 (749,0,0,20,3,0.184,0.0,0.0,0.35,0.0,0.0,0.0,0.0,0.0,1.0,0),
	 (753,0,0,20,1,0.094,0.0,0.0,0.0,0.0,0.0,0.0,0.0,0.0,1.0,0),
	 (754,0,0,20,-1,2.64,1.32,1.32,0.0,0.0,0.0,0.0,0.0,0.0,1.0,0),
	 (755,0,0,20,7,0.0,7.61,0.0,0.0,0.0,0.0,0.0,0.0,0.0,1.0,0),
	 (756,-10000,-10000,20,3,0.0,0.0,0.0,0.0,0.0,0.0,0.0,0.0,0.0,0.0,0),
	 (757,0,0,20,9,1.334,0.0,0.0,0.0,0.0,0.0,0.0,0.0,0.0,1.0,0),
	 (758,0,0,20,9,0.0,0.0,0.0,0.0,0.0,0.0,0.0,0.0,0.0,1.0,0),
	 (763,0,0,20,2,0.907,0.0,0.0,0.14,0.0,0.0,0.0,0.0,0.0,1.0,0),
	 (764,0,0,20,2,1.814,0.0,0.0,0.14,0.0,0.0,0.0,0.0,0.0,1.0,0),
	 (765,0,0,20,2,2.721,0.0,0.0,0.14,0.0,0.0,0.0,0.0,0.0,1.0,0);
INSERT INTO acore_world.forge_spell_scaling (ID,CastTimeMin,CastTimeMax,CastTimeMaxLevel,Class,Coefficient_1,Coefficient_2,Coefficient_3,Variance_1,Variance_2,Variance_3,ComboPointsCoefficient_1,ComboPointsCoefficient_2,ComboPointsCoefficient_3,CoefBase,CoefBaseLevel) VALUES
	 (766,2000,2000,20,11,0.0,0.038,0.0,0.0,0.0,0.0,0.0,0.0,0.0,1.0,0),
	 (778,0,0,20,11,0.2314,2.3374,0.0,0.0,0.0,0.0,0.0,0.0,0.0,1.0,0),
	 (779,0,0,20,3,0.0,0.0,0.0,0.0,0.0,0.0,0.0,0.0,0.0,1.0,0),
	 (794,0,0,20,9,0.0,2.514,0.0,0.0,0.17,0.0,0.0,0.0,0.0,1.0,0),
	 (839,0,0,20,2,0.2366,0.0,0.0,0.3,0.0,0.0,0.0,0.0,0.0,1.0,0),
	 (840,0,0,20,9,0.485,0.0,0.0,0.12,0.0,0.0,0.0,0.0,0.0,1.0,0),
	 (841,0,0,20,3,0.0,0.0,0.0,0.0,0.0,0.0,0.0,0.0,0.0,1.0,0),
	 (842,0,0,20,3,0.0,0.0,0.0,0.0,0.0,0.0,0.0,0.0,0.0,1.0,0),
	 (843,0,0,20,3,0.0,0.0,0.0,0.0,0.0,0.0,0.0,0.0,0.0,1.0,0),
	 (844,0,0,20,3,0.221,0.0,0.0,0.35,0.0,0.0,0.0,0.0,0.0,1.0,0);
INSERT INTO acore_world.forge_spell_scaling (ID,CastTimeMin,CastTimeMax,CastTimeMaxLevel,Class,Coefficient_1,Coefficient_2,Coefficient_3,Variance_1,Variance_2,Variance_3,ComboPointsCoefficient_1,ComboPointsCoefficient_2,ComboPointsCoefficient_3,CoefBase,CoefBaseLevel) VALUES
	 (845,0,0,20,3,0.221,0.0,0.0,0.35,0.0,0.0,0.0,0.0,0.0,1.0,0),
	 (847,0,0,20,-1,1.32,1.32,0.0,0.0,0.0,0.0,0.0,0.0,0.0,1.0,0),
	 (848,0,0,20,-1,2.64,2.64,0.0,0.0,0.0,0.0,0.0,0.0,0.0,1.0,0),
	 (849,1500,3500,20,8,1.004,0.035,0.0,0.242,0.0,0.0,0.0,0.0,0.0,0.45,20),
	 (850,-1000000,-1000000,20,3,0.667,0.0,0.0,0.0,0.0,0.0,0.0,0.0,0.0,1.0,0),
	 (857,0,0,20,8,0.0,0.278,0.0,0.0,0.25,0.0,0.0,0.0,0.0,1.0,0),
	 (858,0,0,20,-1,0.508,0.678,0.0,0.0,0.0,0.0,0.0,0.0,0.0,1.0,0),
	 (863,0,0,20,-1,0.508,0.678,0.0,0.0,0.0,0.0,0.0,0.0,0.0,1.0,0),
	 (864,0,0,20,-1,0.0,1.08,0.0,0.0,0.0,0.0,0.0,0.0,0.0,1.0,0),
	 (865,0,0,20,-1,0.0,1.08,0.0,0.0,0.0,0.0,0.0,0.0,0.0,1.0,0);
INSERT INTO acore_world.forge_spell_scaling (ID,CastTimeMin,CastTimeMax,CastTimeMaxLevel,Class,Coefficient_1,Coefficient_2,Coefficient_3,Variance_1,Variance_2,Variance_3,ComboPointsCoefficient_1,ComboPointsCoefficient_2,ComboPointsCoefficient_3,CoefBase,CoefBaseLevel) VALUES
	 (868,0,0,20,9,0.589,0.0,0.0,0.0,0.0,0.0,0.0,0.0,0.0,1.0,0),
	 (869,1500,3000,20,2,0.0,0.0,0.0,0.0,0.0,0.0,0.0,0.0,0.0,1.0,0),
	 (887,0,0,20,6,0.041,0.0,0.0,0.0,0.0,0.0,0.0,0.0,0.0,1.0,0),
	 (888,2000,2000,20,8,0.662,0.103,0.0,0.202,0.0,0.0,0.0,0.0,0.0,1.0,0),
	 (889,0,0,20,8,0.989,0.0,0.0,0.164,0.0,0.0,0.0,0.0,0.0,1.0,0),
	 (890,0,0,20,8,0.41,0.0,0.0,0.15,0.0,0.0,0.0,0.0,0.0,0.0,50),
	 (891,0,0,20,8,1.113,0.0,0.0,0.17,0.0,0.0,0.0,0.0,0.0,1.0,0),
	 (895,0,0,20,11,0.095,0.221,0.0,0.0,0.2,0.0,0.0,0.0,0.0,1.0,0),
	 (896,0,0,20,3,0.0,0.0,0.0,0.0,0.0,0.0,0.0,0.0,0.0,1.0,0),
	 (928,0,0,20,11,0.095,0.221,0.0,0.0,0.0,0.0,0.0,0.0,0.0,1.0,0);
INSERT INTO acore_world.forge_spell_scaling (ID,CastTimeMin,CastTimeMax,CastTimeMaxLevel,Class,Coefficient_1,Coefficient_2,Coefficient_3,Variance_1,Variance_2,Variance_3,ComboPointsCoefficient_1,ComboPointsCoefficient_2,ComboPointsCoefficient_3,CoefBase,CoefBaseLevel) VALUES
	 (938,0,0,20,1,0.383,0.0,0.0,0.0,0.0,0.0,0.0,0.0,0.0,1.0,0),
	 (939,0,0,20,6,0.041,0.0,0.0,0.0,0.0,0.0,0.0,0.0,0.0,1.0,0),
	 (952,0,0,20,8,8.6088,0.0,0.0,0.0,0.0,0.0,0.0,0.0,0.0,1.0,0),
	 (957,0,0,20,5,22.456,0.0,0.0,0.0,0.0,0.0,0.0,0.0,0.0,1.0,0),
	 (959,2500,2500,20,8,0.0,0.0,0.0,0.0,0.0,0.0,0.0,0.0,0.0,1.0,0),
	 (963,0,0,20,9,1.333,0.0,0.0,0.15,0.0,0.0,0.0,0.0,0.0,1.0,0),
	 (964,0,0,20,8,0.015,0.0,0.0,0.2,0.0,0.0,0.0,0.0,0.0,1.0,0),
	 (966,0,0,20,8,1.2,0.0,0.0,0.17,0.0,0.0,0.0,0.0,0.0,1.0,0),
	 (967,0,0,20,8,1.2,0.0,0.0,0.17,0.0,0.0,0.0,0.0,0.0,1.0,0),
	 (975,0,0,20,11,0.404,0.0,0.0,0.15,0.0,0.0,0.0,0.0,0.0,1.0,0);
INSERT INTO acore_world.forge_spell_scaling (ID,CastTimeMin,CastTimeMax,CastTimeMaxLevel,Class,Coefficient_1,Coefficient_2,Coefficient_3,Variance_1,Variance_2,Variance_3,ComboPointsCoefficient_1,ComboPointsCoefficient_2,ComboPointsCoefficient_3,CoefBase,CoefBaseLevel) VALUES
	 (977,0,0,20,-1,5.175,0.0,0.0,0.0,0.0,0.0,0.0,0.0,0.0,1.0,0),
	 (978,0,0,20,5,7.174,0.0,0.0,0.15,0.0,0.0,0.0,0.0,0.0,1.0,0),
	 (979,1000,1000,85,-1,20.0,0.0,0.0,0.4,0.0,0.0,0.0,0.0,0.0,0.0,0),
	 (980,500,500,1,-1,11.3,0.0,0.0,0.5,0.0,0.0,0.0,0.0,0.0,1.0,0),
	 (1000,0,0,20,-1,0.0,0.0,9.2,0.0,0.0,0.0,0.0,0.0,0.0,1.0,0),
	 (1006,0,0,20,11,2.99,0.0,0.0,0.0,0.0,0.0,0.0,0.0,0.0,1.0,0),
	 (1012,0,0,20,-1,1.24,1.24,0.0,0.0,0.0,0.0,0.0,0.0,0.0,1.0,0),
	 (1081,0,0,20,8,0.0,0.84,0.0,0.0,0.09,0.0,0.0,0.0,0.0,1.0,0),
	 (1240,3000,3000,0,4,0.0,2.59,0.0,0.0,0.2,0.0,0.0,0.0,0.0,1.0,0),
	 (1244,0,0,20,9,0.0,0.144,0.0,0.0,0.0,0.0,0.0,0.0,0.0,1.0,0);
INSERT INTO acore_world.forge_spell_scaling (ID,CastTimeMin,CastTimeMax,CastTimeMaxLevel,Class,Coefficient_1,Coefficient_2,Coefficient_3,Variance_1,Variance_2,Variance_3,ComboPointsCoefficient_1,ComboPointsCoefficient_2,ComboPointsCoefficient_3,CoefBase,CoefBaseLevel) VALUES
	 (1265,0,0,0,-1,1.015,1.015,0.0,0.0,0.0,0.0,0.0,0.0,0.0,1.0,0),
	 (1274,0,0,20,-1,3.084,0.771,0.0,0.0,0.0,0.0,0.0,0.0,0.0,1.0,0),
	 (1275,0,0,20,-1,3.93,0.983,0.0,0.0,0.0,0.0,0.0,0.0,0.0,1.0,0),
	 (1276,0,0,20,-1,3.481,0.872,0.0,0.0,0.0,0.0,0.0,0.0,0.0,1.0,0);


-- acore_world.forge_spell_scaling definition
drop table if exists `forge_spell_scaling_spells`;
CREATE TABLE `forge_spell_scaling_spells` (
  `SpellId` int NOT NULL,
  `ScalingId` int NOT NULL,
  PRIMARY KEY (`SpellId`)
) ENGINE=MyISAM DEFAULT CHARSET=utf8mb3;

INSERT INTO acore_world.forge_spell_scaling_spells (SpellId,ScalingId) VALUES
	 (17,202),
	 (53,214),
	 (116,21),
	 (120,15),
	 (122,20),
	 (133,18),
	 (136,88),
	 (139,207),
	 (172,271),
	 (331,247);
INSERT INTO acore_world.forge_spell_scaling_spells (SpellId,ScalingId) VALUES
	 (348,291),
	 (403,250),
	 (421,231),
	 (465,168),
	 (467,68),
	 (469,133),
	 (543,34),
	 (585,211),
	 (588,194),
	 (589,210);
INSERT INTO acore_world.forge_spell_scaling_spells (SpellId,ScalingId) VALUES
	 (596,204),
	 (603,274),
	 (633,181),
	 (635,176),
	 (686,306),
	 (687,279),
	 (689,281),
	 (703,219),
	 (755,288),
	 (772,140);
INSERT INTO acore_world.forge_spell_scaling_spells (SpellId,ScalingId) VALUES
	 (774,62),
	 (779,67),
	 (879,169),
	 (974,233),
	 (980,273),
	 (1064,230),
	 (1079,127),
	 (1082,42),
	 (1120,282),
	 (1130,84);
INSERT INTO acore_world.forge_spell_scaling_spells (SpellId,ScalingId) VALUES
	 (1449,10),
	 (1454,298),
	 (1463,37),
	 (1464,143),
	 (1490,275),
	 (1752,225),
	 (1776,220),
	 (1822,59),
	 (1943,224),
	 (1949,289);
INSERT INTO acore_world.forge_spell_scaling_spells (SpellId,ScalingId) VALUES
	 (1978,92),
	 (2050,190),
	 (2060,367),
	 (2061,189),
	 (2098,217),
	 (2120,19),
	 (2136,17),
	 (2649,104),
	 (2812,180),
	 (2818,227);
INSERT INTO acore_world.forge_spell_scaling_spells (SpellId,ScalingId) VALUES
	 (2912,66),
	 (2944,188),
	 (2948,27),
	 (2973,91),
	 (3044,75),
	 (3110,285),
	 (3606,256),
	 (3674,80),
	 (3716,315),
	 (5176,73);
INSERT INTO acore_world.forge_spell_scaling_spells (SpellId,ScalingId) VALUES
	 (5185,51),
	 (5217,69),
	 (5221,63),
	 (5374,222),
	 (5405,407),
	 (5570,53),
	 (5672,245),
	 (5676,301),
	 (5677,254),
	 (5729,258);
INSERT INTO acore_world.forge_spell_scaling_spells (SpellId,ScalingId) VALUES
	 (5730,579),
	 (5857,290),
	 (6117,41),
	 (6229,307),
	 (6307,267),
	 (6343,144),
	 (6353,313),
	 (6360,312),
	 (6572,141),
	 (6673,131);
INSERT INTO acore_world.forge_spell_scaling_spells (SpellId,ScalingId) VALUES
	 (6785,60),
	 (6789,278),
	 (7001,195),
	 (7268,12),
	 (7294,182),
	 (7812,300),
	 (7814,297),
	 (7870,758),
	 (8004,249),
	 (8024,755);
INSERT INTO acore_world.forge_spell_scaling_spells (SpellId,ScalingId) VALUES
	 (8034,244),
	 (8042,234),
	 (8050,239),
	 (8056,243),
	 (8072,259),
	 (8076,260),
	 (8092,196),
	 (8187,253),
	 (8232,265),
	 (8349,237);
INSERT INTO acore_world.forge_spell_scaling_spells (SpellId,ScalingId) VALUES
	 (8676,213),
	 (8680,228),
	 (8921,50),
	 (8936,61),
	 (9007,58),
	 (10052,406),
	 (10057,405),
	 (10058,404),
	 (11113,13),
	 (11129,726);
INSERT INTO acore_world.forge_spell_scaling_spells (SpellId,ScalingId) VALUES
	 (11366,26),
	 (11426,36),
	 (12294,139),
	 (13165,78),
	 (13218,229),
	 (13797,85),
	 (13812,83),
	 (14914,191),
	 (15237,192),
	 (15407,197);
INSERT INTO acore_world.forge_spell_scaling_spells (SpellId,ScalingId) VALUES
	 (16827,99),
	 (17253,98),
	 (17735,314),
	 (17767,270),
	 (17877,308),
	 (18562,376),
	 (19236,187),
	 (19306,81),
	 (19434,76),
	 (19505,280);
INSERT INTO acore_world.forge_spell_scaling_spells (SpellId,ScalingId) VALUES
	 (19658,757),
	 (19750,171),
	 (19891,170),
	 (20243,135),
	 (20572,848),
	 (22568,128),
	 (22570,130),
	 (22699,324),
	 (22703,840),
	 (23455,193);
INSERT INTO acore_world.forge_spell_scaling_spells (SpellId,ScalingId) VALUES
	 (23922,142),
	 (24131,95),
	 (24275,175),
	 (24423,100),
	 (24604,103),
	 (24640,114),
	 (24844,106),
	 (25912,179),
	 (25914,178),
	 (26364,252);
INSERT INTO acore_world.forge_spell_scaling_spells (SpellId,ScalingId) VALUES
	 (26679,215),
	 (27103,403),
	 (27243,302),
	 (27285,303),
	 (27576,223),
	 (28176,283),
	 (29722,292),
	 (30108,316),
	 (30153,293),
	 (30213,269);
INSERT INTO acore_world.forge_spell_scaling_spells (SpellId,ScalingId) VALUES
	 (30283,311),
	 (30451,9),
	 (30455,23),
	 (31661,16),
	 (31707,650),
	 (31935,164),
	 (32120,679),
	 (32379,209),
	 (32546,185),
	 (32645,216);
INSERT INTO acore_world.forge_spell_scaling_spells (SpellId,ScalingId) VALUES
	 (33076,205),
	 (33395,651),
	 (33697,754),
	 (33698,266),
	 (33702,847),
	 (33745,54),
	 (33763,55),
	 (33876,56),
	 (33878,57),
	 (34026,756);
INSERT INTO acore_world.forge_spell_scaling_spells (SpellId,ScalingId) VALUES
	 (34861,186),
	 (34889,101),
	 (34913,38),
	 (34914,212),
	 (35290,126),
	 (35387,110),
	 (42208,14),
	 (42223,299),
	 (42231,52),
	 (42987,402);
INSERT INTO acore_world.forge_spell_scaling_spells (SpellId,ScalingId) VALUES
	 (42988,401),
	 (43265,149),
	 (43991,304),
	 (44203,70),
	 (44425,8),
	 (44457,24),
	 (44461,25),
	 (44614,22),
	 (45284,251),
	 (45297,232);
INSERT INTO acore_world.forge_spell_scaling_spells (SpellId,ScalingId) VALUES
	 (45462,161),
	 (45477,158),
	 (45902,146),
	 (47541,150),
	 (47666,199),
	 (47750,200),
	 (47897,309),
	 (47960,310),
	 (48181,286),
	 (48438,72);
INSERT INTO acore_world.forge_spell_scaling_spells (SpellId,ScalingId) VALUES
	 (48721,145),
	 (49020,159),
	 (49143,153),
	 (49184,157),
	 (49821,198),
	 (49966,116),
	 (49998,151),
	 (50245,109),
	 (50256,123),
	 (50271,124);
INSERT INTO acore_world.forge_spell_scaling_spells (SpellId,ScalingId) VALUES
	 (50274,120),
	 (50288,64),
	 (50318,115),
	 (50433,97),
	 (50464,321),
	 (50479,108),
	 (50498,113),
	 (50518,112),
	 (50519,118),
	 (50541,117);
INSERT INTO acore_world.forge_spell_scaling_spells (SpellId,ScalingId) VALUES
	 (50590,868),
	 (50782,596),
	 (50783,598),
	 (50796,268),
	 (51490,261),
	 (51505,248),
	 (51945,236),
	 (52007,381),
	 (52127,263),
	 (52128,264);
INSERT INTO acore_world.forge_spell_scaling_spells (SpellId,ScalingId) VALUES
	 (52212,939),
	 (53209,699),
	 (53301,82),
	 (53351,87),
	 (53600,184),
	 (54049,305),
	 (54424,386),
	 (54644,102),
	 (54680,107),
	 (54706,125);
INSERT INTO acore_world.forge_spell_scaling_spells (SpellId,ScalingId) VALUES
	 (54786,794),
	 (55050,155),
	 (55090,163),
	 (55328,257),
	 (55749,96),
	 (56626,122),
	 (56641,93),
	 (57330,156),
	 (57386,121),
	 (58604,105);
INSERT INTO acore_world.forge_spell_scaling_spells (SpellId,ScalingId) VALUES
	 (59638,672),
	 (59881,111),
	 (60089,1006),
	 (61193,119),
	 (61295,255),
	 (61391,71),
	 (61782,682),
	 (62618,723),
	 (64844,322),
	 (66188,152);
INSERT INTO acore_world.forge_spell_scaling_spells (SpellId,ScalingId) VALUES
	 (66196,154),
	 (66198,160),
	 (66215,147),
	 (66216,162),
	 (71521,622),
	 (71757,408),
	 (72898,652),
	 (73510,418),
	 (73682,380),
	 (73683,331);
INSERT INTO acore_world.forge_spell_scaling_spells (SpellId,ScalingId) VALUES
	 (73685,330),
	 (73899,329),
	 (73910,1),
	 (73921,332),
	 (74063,2),
	 (74860,86),
	 (76110,318),
	 (77451,350),
	 (77467,353),
	 (77472,355);
INSERT INTO acore_world.forge_spell_scaling_spells (SpellId,ScalingId) VALUES
	 (77478,358),
	 (77661,368),
	 (77758,370),
	 (77767,372),
	 (77799,373),
	 (77960,377),
	 (77961,378),
	 (78674,383),
	 (78777,385),
	 (79038,390);
INSERT INTO acore_world.forge_spell_scaling_spells (SpellId,ScalingId) VALUES
	 (79039,391),
	 (79057,392),
	 (79058,393),
	 (79061,462),
	 (79062,465),
	 (79063,464),
	 (79101,394),
	 (79102,395),
	 (79104,396),
	 (79105,397);
INSERT INTO acore_world.forge_spell_scaling_spells (SpellId,ScalingId) VALUES
	 (79106,398),
	 (79107,399),
	 (79136,400),
	 (79579,409),
	 (79621,410),
	 (80313,494),
	 (80964,737),
	 (81101,597),
	 (81170,493),
	 (81297,499);
INSERT INTO acore_world.forge_spell_scaling_spells (SpellId,ScalingId) VALUES
	 (81561,500),
	 (82207,979),
	 (82326,538),
	 (82327,1240),
	 (82661,569),
	 (82739,572),
	 (82928,578),
	 (83381,581),
	 (83619,583),
	 (83872,588);
INSERT INTO acore_world.forge_spell_scaling_spells (SpellId,ScalingId) VALUES
	 (84137,593),
	 (84154,594),
	 (84721,603),
	 (84939,606),
	 (85112,700),
	 (85222,625),
	 (85285,869),
	 (85403,620),
	 (85547,624),
	 (85673,627);
INSERT INTO acore_world.forge_spell_scaling_spells (SpellId,ScalingId) VALUES
	 (85692,629),
	 (85948,634),
	 (86061,638),
	 (86105,639),
	 (86121,640),
	 (86213,642),
	 (86230,643),
	 (86452,646),
	 (86704,839),
	 (86719,649);
INSERT INTO acore_world.forge_spell_scaling_spells (SpellId,ScalingId) VALUES
	 (86958,654),
	 (86961,656),
	 (87188,658),
	 (87189,659),
	 (87385,661),
	 (87389,662),
	 (87427,663),
	 (87441,664),
	 (87532,666),
	 (87735,668);
INSERT INTO acore_world.forge_spell_scaling_spells (SpellId,ScalingId) VALUES
	 (88082,673),
	 (88084,674),
	 (88148,675),
	 (88263,678),
	 (88325,681),
	 (88453,684),
	 (88466,685),
	 (88625,686),
	 (88684,691),
	 (88686,692);
INSERT INTO acore_world.forge_spell_scaling_spells (SpellId,ScalingId) VALUES
	 (88691,693),
	 (89420,697),
	 (89637,980),
	 (89753,702),
	 (89792,703),
	 (89808,705),
	 (90309,706),
	 (90327,707),
	 (90337,708),
	 (90361,709);
INSERT INTO acore_world.forge_spell_scaling_spells (SpellId,ScalingId) VALUES
	 (90364,711),
	 (90801,716),
	 (91644,720),
	 (91711,721),
	 (91986,725),
	 (92315,730),
	 (92380,749),
	 (93093,738),
	 (93282,739),
	 (93402,740);
INSERT INTO acore_world.forge_spell_scaling_spells (SpellId,ScalingId) VALUES
	 (93433,779),
	 (93435,741),
	 (93744,746),
	 (94009,753),
	 (94286,763),
	 (94288,764),
	 (94289,765),
	 (94358,766),
	 (94447,778),
	 (95466,841);
INSERT INTO acore_world.forge_spell_scaling_spells (SpellId,ScalingId) VALUES
	 (95467,842),
	 (95711,843),
	 (95714,844),
	 (95725,845),
	 (95917,849),
	 (95933,850),
	 (95969,857),
	 (96092,858),
	 (96161,863),
	 (96165,864);
INSERT INTO acore_world.forge_spell_scaling_spells (SpellId,ScalingId) VALUES
	 (96168,865),
	 (97068,887),
	 (97070,888),
	 (97071,889),
	 (97078,890),
	 (97114,891),
	 (97224,895),
	 (97229,896),
	 (97547,928),
	 (97992,938);
INSERT INTO acore_world.forge_spell_scaling_spells (SpellId,ScalingId) VALUES
	 (98864,952),
	 (98888,957),
	 (99062,959),
	 (99509,963),
	 (100037,964),
	 (100138,966),
	 (100287,967),
	 (100806,975),
	 (101033,977),
	 (101062,978);
INSERT INTO acore_world.forge_spell_scaling_spells (SpellId,ScalingId) VALUES
	 (102357,1000),
	 (102927,1012),
	 (104783,1081),
	 (107804,1276),
	 (109388,1244),
	 (109842,1274),
	 (109844,1275),
	 (109933,1265);

drop table if exists `forge_spell_scaling_value`;
CREATE TABLE `forge_spell_scaling_value` (
  `ScalingId` int NOT NULL,
  `value` int NOT NULL,
  PRIMARY KEY (`ScalingId`)
) ENGINE=MyISAM DEFAULT CHARSET=utf8mb3;

INSERT INTO acore_world.forge_spell_scaling_value (ScalingId,value) VALUES
	 (0,54),
	 (1,59),
	 (2,64),
	 (3,70),
	 (4,76),
	 (5,82),
	 (6,89),
	 (7,96),
	 (8,103),
	 (9,111);
INSERT INTO acore_world.forge_spell_scaling_value (ScalingId,value) VALUES
	 (10,120),
	 (11,128),
	 (12,138),
	 (13,147),
	 (14,157),
	 (15,168),
	 (16,179),
	 (17,190),
	 (18,203),
	 (19,215);
INSERT INTO acore_world.forge_spell_scaling_value (ScalingId,value) VALUES
	 (20,228),
	 (21,238),
	 (22,247),
	 (23,257),
	 (24,266),
	 (25,277),
	 (26,287),
	 (27,297),
	 (28,308),
	 (29,319);
INSERT INTO acore_world.forge_spell_scaling_value (ScalingId,value) VALUES
	 (30,330),
	 (31,341),
	 (32,352),
	 (33,364),
	 (34,376),
	 (35,388),
	 (36,400),
	 (37,413),
	 (38,426),
	 (39,478);
INSERT INTO acore_world.forge_spell_scaling_value (ScalingId,value) VALUES
	 (40,492),
	 (41,512),
	 (42,533),
	 (43,554),
	 (44,576),
	 (45,599),
	 (46,622),
	 (47,645),
	 (48,670),
	 (49,695);
INSERT INTO acore_world.forge_spell_scaling_value (ScalingId,value) VALUES
	 (50,720),
	 (51,746),
	 (52,773),
	 (53,800),
	 (54,828),
	 (55,857),
	 (56,886),
	 (57,916),
	 (58,947),
	 (59,978);
INSERT INTO acore_world.forge_spell_scaling_value (ScalingId,value) VALUES
	 (60,1010),
	 (61,1033),
	 (62,1056),
	 (63,1079),
	 (64,1102),
	 (65,1125),
	 (66,1149),
	 (67,1173),
	 (68,1197),
	 (69,1222);
INSERT INTO acore_world.forge_spell_scaling_value (ScalingId,value) VALUES
	 (70,1246),
	 (71,1271),
	 (72,1297),
	 (73,1322),
	 (74,1348),
	 (75,1374),
	 (76,1400),
	 (77,1426),
	 (78,1453),
	 (79,1480);
INSERT INTO acore_world.forge_spell_scaling_value (ScalingId,value) VALUES
	 (80,1507),
	 (100,53),
	 (101,54),
	 (102,56),
	 (103,58),
	 (104,60),
	 (105,61),
	 (106,63),
	 (107,64),
	 (108,65);
INSERT INTO acore_world.forge_spell_scaling_value (ScalingId,value) VALUES
	 (109,67),
	 (110,68),
	 (111,70),
	 (112,73),
	 (113,75),
	 (114,78),
	 (115,80),
	 (116,82),
	 (117,85),
	 (118,87);
INSERT INTO acore_world.forge_spell_scaling_value (ScalingId,value) VALUES
	 (119,89),
	 (120,91),
	 (121,95),
	 (122,98),
	 (123,101),
	 (124,104),
	 (125,107),
	 (126,110),
	 (127,113),
	 (128,116);
INSERT INTO acore_world.forge_spell_scaling_value (ScalingId,value) VALUES
	 (129,119),
	 (130,122),
	 (131,125),
	 (132,128),
	 (133,131),
	 (134,134),
	 (135,138),
	 (136,141),
	 (137,144),
	 (138,293);
INSERT INTO acore_world.forge_spell_scaling_value (ScalingId,value) VALUES
	 (139,327),
	 (140,333),
	 (141,354),
	 (142,376),
	 (143,399),
	 (144,422),
	 (145,447),
	 (146,472),
	 (147,498),
	 (148,525);
INSERT INTO acore_world.forge_spell_scaling_value (ScalingId,value) VALUES
	 (149,553),
	 (150,582),
	 (151,611),
	 (152,642),
	 (153,674),
	 (154,706),
	 (155,740),
	 (156,774),
	 (157,810),
	 (158,847);
INSERT INTO acore_world.forge_spell_scaling_value (ScalingId,value) VALUES
	 (159,884),
	 (160,923),
	 (161,944),
	 (162,965),
	 (163,986),
	 (164,1008),
	 (165,1029),
	 (166,1052),
	 (167,1074),
	 (168,1096);
INSERT INTO acore_world.forge_spell_scaling_value (ScalingId,value) VALUES
	 (169,1119),
	 (170,1142),
	 (171,1165),
	 (172,1189),
	 (173,1212),
	 (174,1236),
	 (175,1260),
	 (176,1284),
	 (177,1309),
	 (178,1334);
INSERT INTO acore_world.forge_spell_scaling_value (ScalingId,value) VALUES
	 (179,1359),
	 (180,1384),
	 (200,27),
	 (201,30),
	 (202,32),
	 (203,35),
	 (204,38),
	 (205,41),
	 (206,44),
	 (207,48);
INSERT INTO acore_world.forge_spell_scaling_value (ScalingId,value) VALUES
	 (208,51),
	 (209,55),
	 (210,59),
	 (211,63),
	 (212,67),
	 (213,72),
	 (214,77),
	 (215,81),
	 (216,87),
	 (217,92);
INSERT INTO acore_world.forge_spell_scaling_value (ScalingId,value) VALUES
	 (218,98),
	 (219,103),
	 (220,109),
	 (221,116),
	 (222,124),
	 (223,132),
	 (224,140),
	 (225,148),
	 (226,157),
	 (227,166);
INSERT INTO acore_world.forge_spell_scaling_value (ScalingId,value) VALUES
	 (228,176),
	 (229,186),
	 (230,197),
	 (231,207),
	 (232,219),
	 (233,230),
	 (234,243),
	 (235,255),
	 (236,268),
	 (237,282);
INSERT INTO acore_world.forge_spell_scaling_value (ScalingId,value) VALUES
	 (238,296),
	 (239,339),
	 (240,355),
	 (241,377),
	 (242,399),
	 (243,423),
	 (244,448),
	 (245,474),
	 (246,500),
	 (247,528);
INSERT INTO acore_world.forge_spell_scaling_value (ScalingId,value) VALUES
	 (248,558),
	 (249,588),
	 (250,620),
	 (251,653),
	 (252,687),
	 (253,722),
	 (254,759),
	 (255,797),
	 (256,837),
	 (257,878);
INSERT INTO acore_world.forge_spell_scaling_value (ScalingId,value) VALUES
	 (258,921),
	 (259,965),
	 (260,1010),
	 (261,1033),
	 (262,1056),
	 (263,1079),
	 (264,1102),
	 (265,1125),
	 (266,1149),
	 (267,1173);
INSERT INTO acore_world.forge_spell_scaling_value (ScalingId,value) VALUES
	 (268,1197),
	 (269,1222),
	 (270,1246),
	 (271,1271),
	 (272,1297),
	 (273,1322),
	 (274,1348),
	 (275,1374),
	 (276,1400),
	 (277,1426);
INSERT INTO acore_world.forge_spell_scaling_value (ScalingId,value) VALUES
	 (278,1453),
	 (279,1480),
	 (280,1507),
	 (300,86),
	 (301,90),
	 (302,94),
	 (303,99),
	 (304,103),
	 (305,107),
	 (306,111);
INSERT INTO acore_world.forge_spell_scaling_value (ScalingId,value) VALUES
	 (307,116),
	 (308,120),
	 (309,124),
	 (310,129),
	 (311,133),
	 (312,138),
	 (313,142),
	 (314,146),
	 (315,150),
	 (316,155);
INSERT INTO acore_world.forge_spell_scaling_value (ScalingId,value) VALUES
	 (317,159),
	 (318,163),
	 (319,167),
	 (320,171),
	 (321,182),
	 (322,193),
	 (323,205),
	 (324,218),
	 (325,230),
	 (326,244);
INSERT INTO acore_world.forge_spell_scaling_value (ScalingId,value) VALUES
	 (327,258),
	 (328,272),
	 (329,287),
	 (330,302),
	 (331,318),
	 (332,335),
	 (333,352),
	 (334,370),
	 (335,388),
	 (336,407);
INSERT INTO acore_world.forge_spell_scaling_value (ScalingId,value) VALUES
	 (337,427),
	 (338,447),
	 (339,510),
	 (340,533),
	 (341,552),
	 (342,572),
	 (343,592),
	 (344,613),
	 (345,634),
	 (346,655);
INSERT INTO acore_world.forge_spell_scaling_value (ScalingId,value) VALUES
	 (347,678),
	 (348,700),
	 (349,723),
	 (350,747),
	 (351,771),
	 (352,795),
	 (353,820),
	 (354,846),
	 (355,872),
	 (356,899);
INSERT INTO acore_world.forge_spell_scaling_value (ScalingId,value) VALUES
	 (357,926),
	 (358,953),
	 (359,982),
	 (360,1010),
	 (361,1033),
	 (362,1056),
	 (363,1079),
	 (364,1102),
	 (365,1125),
	 (366,1149);
INSERT INTO acore_world.forge_spell_scaling_value (ScalingId,value) VALUES
	 (367,1173),
	 (368,1197),
	 (369,1222),
	 (370,1246),
	 (371,1271),
	 (372,1297),
	 (373,1322),
	 (374,1348),
	 (375,1374),
	 (376,1400);
INSERT INTO acore_world.forge_spell_scaling_value (ScalingId,value) VALUES
	 (377,1426),
	 (378,1453),
	 (379,1480),
	 (380,1507),
	 (400,32),
	 (401,34),
	 (402,35),
	 (403,37),
	 (404,39),
	 (405,41);
INSERT INTO acore_world.forge_spell_scaling_value (ScalingId,value) VALUES
	 (406,42),
	 (407,44),
	 (408,46),
	 (409,48),
	 (410,49),
	 (411,52),
	 (412,55),
	 (413,58),
	 (414,61),
	 (415,64);
INSERT INTO acore_world.forge_spell_scaling_value (ScalingId,value) VALUES
	 (416,68),
	 (417,71),
	 (418,74),
	 (419,78),
	 (420,82),
	 (421,85),
	 (422,88),
	 (423,91),
	 (424,95),
	 (425,98);
INSERT INTO acore_world.forge_spell_scaling_value (ScalingId,value) VALUES
	 (426,102),
	 (427,105),
	 (428,109),
	 (429,112),
	 (430,116),
	 (431,119),
	 (432,123),
	 (433,127),
	 (434,131),
	 (435,134);
INSERT INTO acore_world.forge_spell_scaling_value (ScalingId,value) VALUES
	 (436,138),
	 (437,142),
	 (438,292),
	 (439,328),
	 (440,337),
	 (441,355),
	 (442,375),
	 (443,395),
	 (444,415),
	 (445,437);
INSERT INTO acore_world.forge_spell_scaling_value (ScalingId,value) VALUES
	 (446,459),
	 (447,481),
	 (448,505),
	 (449,529),
	 (450,554),
	 (451,580),
	 (452,606),
	 (453,633),
	 (454,661),
	 (455,690);
INSERT INTO acore_world.forge_spell_scaling_value (ScalingId,value) VALUES
	 (456,720),
	 (457,750),
	 (458,781),
	 (459,813),
	 (460,846),
	 (461,866),
	 (462,885),
	 (463,905),
	 (464,925),
	 (465,945);
INSERT INTO acore_world.forge_spell_scaling_value (ScalingId,value) VALUES
	 (466,966),
	 (467,986),
	 (468,1007),
	 (469,1028),
	 (470,1049),
	 (471,1071),
	 (472,1092),
	 (473,1114),
	 (474,1136),
	 (475,1159);
INSERT INTO acore_world.forge_spell_scaling_value (ScalingId,value) VALUES
	 (476,1181),
	 (477,1204),
	 (478,1227),
	 (479,1250),
	 (480,1273),
	 (500,54),
	 (501,59),
	 (502,64),
	 (503,70),
	 (504,76);
INSERT INTO acore_world.forge_spell_scaling_value (ScalingId,value) VALUES
	 (505,82),
	 (506,89),
	 (507,96),
	 (508,103),
	 (509,111),
	 (510,120),
	 (511,128),
	 (512,138),
	 (513,147),
	 (514,157);
INSERT INTO acore_world.forge_spell_scaling_value (ScalingId,value) VALUES
	 (515,168),
	 (516,179),
	 (517,190),
	 (518,203),
	 (519,215),
	 (520,228),
	 (521,236),
	 (522,243),
	 (523,250),
	 (524,258);
INSERT INTO acore_world.forge_spell_scaling_value (ScalingId,value) VALUES
	 (525,265),
	 (526,272),
	 (527,280),
	 (528,287),
	 (529,295),
	 (530,302),
	 (531,310),
	 (532,317),
	 (533,325),
	 (534,332);
INSERT INTO acore_world.forge_spell_scaling_value (ScalingId,value) VALUES
	 (535,340),
	 (536,347),
	 (537,354),
	 (538,362),
	 (539,403),
	 (540,410),
	 (541,432),
	 (542,455),
	 (543,479),
	 (544,503);
INSERT INTO acore_world.forge_spell_scaling_value (ScalingId,value) VALUES
	 (545,528),
	 (546,554),
	 (547,581),
	 (548,609),
	 (549,637),
	 (550,667),
	 (551,697),
	 (552,728),
	 (553,760),
	 (554,793);
INSERT INTO acore_world.forge_spell_scaling_value (ScalingId,value) VALUES
	 (555,827),
	 (556,862),
	 (557,897),
	 (558,934),
	 (559,972),
	 (560,1010),
	 (561,1033),
	 (562,1056),
	 (563,1079),
	 (564,1102);
INSERT INTO acore_world.forge_spell_scaling_value (ScalingId,value) VALUES
	 (565,1125),
	 (566,1149),
	 (567,1173),
	 (568,1197),
	 (569,1222),
	 (570,1246),
	 (571,1271),
	 (572,1297),
	 (573,1322),
	 (574,1348);
INSERT INTO acore_world.forge_spell_scaling_value (ScalingId,value) VALUES
	 (575,1374),
	 (576,1400),
	 (577,1426),
	 (578,1453),
	 (579,1480),
	 (580,1507),
	 (600,45),
	 (601,47),
	 (602,48),
	 (603,49);
INSERT INTO acore_world.forge_spell_scaling_value (ScalingId,value) VALUES
	 (604,50),
	 (605,51),
	 (606,52),
	 (607,52),
	 (608,53),
	 (609,54),
	 (610,54),
	 (611,55),
	 (612,57),
	 (613,58);
INSERT INTO acore_world.forge_spell_scaling_value (ScalingId,value) VALUES
	 (614,59),
	 (615,60),
	 (616,61),
	 (617,62),
	 (618,63),
	 (619,64),
	 (620,64),
	 (621,67),
	 (622,69),
	 (623,71);
INSERT INTO acore_world.forge_spell_scaling_value (ScalingId,value) VALUES
	 (624,74),
	 (625,76),
	 (626,79),
	 (627,81),
	 (628,84),
	 (629,86),
	 (630,89),
	 (631,92),
	 (632,94),
	 (633,97);
INSERT INTO acore_world.forge_spell_scaling_value (ScalingId,value) VALUES
	 (634,99),
	 (635,102),
	 (636,105),
	 (637,107),
	 (638,220),
	 (639,246),
	 (640,252),
	 (641,274),
	 (642,297),
	 (643,321);
INSERT INTO acore_world.forge_spell_scaling_value (ScalingId,value) VALUES
	 (644,347),
	 (645,373),
	 (646,400),
	 (647,428),
	 (648,458),
	 (649,488),
	 (650,520),
	 (651,552),
	 (652,586),
	 (653,621);
INSERT INTO acore_world.forge_spell_scaling_value (ScalingId,value) VALUES
	 (654,657),
	 (655,695),
	 (656,733),
	 (657,773),
	 (658,814),
	 (659,856),
	 (660,900),
	 (661,921),
	 (662,941),
	 (663,962);
INSERT INTO acore_world.forge_spell_scaling_value (ScalingId,value) VALUES
	 (664,983),
	 (665,1004),
	 (666,1026),
	 (667,1048),
	 (668,1070),
	 (669,1092),
	 (670,1115),
	 (671,1137),
	 (672,1160),
	 (673,1183);
INSERT INTO acore_world.forge_spell_scaling_value (ScalingId,value) VALUES
	 (674,1207),
	 (675,1230),
	 (676,1254),
	 (677,1278),
	 (678,1302),
	 (679,1327),
	 (680,1351),
	 (700,45),
	 (701,47),
	 (702,49);
INSERT INTO acore_world.forge_spell_scaling_value (ScalingId,value) VALUES
	 (703,51),
	 (704,54),
	 (705,56),
	 (706,58),
	 (707,61),
	 (708,63),
	 (709,65),
	 (710,68),
	 (711,71),
	 (712,75);
INSERT INTO acore_world.forge_spell_scaling_value (ScalingId,value) VALUES
	 (713,79),
	 (714,83),
	 (715,87),
	 (716,92),
	 (717,96),
	 (718,100),
	 (719,105),
	 (720,110),
	 (721,113),
	 (722,116);
INSERT INTO acore_world.forge_spell_scaling_value (ScalingId,value) VALUES
	 (723,120),
	 (724,123),
	 (725,126),
	 (726,129),
	 (727,132),
	 (728,136),
	 (729,139),
	 (730,142),
	 (731,145),
	 (732,147);
INSERT INTO acore_world.forge_spell_scaling_value (ScalingId,value) VALUES
	 (733,150),
	 (734,153),
	 (735,156),
	 (736,158),
	 (737,161),
	 (738,326),
	 (739,362),
	 (740,367),
	 (741,384),
	 (742,403);
INSERT INTO acore_world.forge_spell_scaling_value (ScalingId,value) VALUES
	 (743,422),
	 (744,441),
	 (745,461),
	 (746,482),
	 (747,503),
	 (748,525),
	 (749,548),
	 (750,571),
	 (751,595),
	 (752,619);
INSERT INTO acore_world.forge_spell_scaling_value (ScalingId,value) VALUES
	 (753,644),
	 (754,670),
	 (755,696),
	 (756,724),
	 (757,751),
	 (758,780),
	 (759,809),
	 (760,839),
	 (761,858),
	 (762,878);
INSERT INTO acore_world.forge_spell_scaling_value (ScalingId,value) VALUES
	 (763,897),
	 (764,917),
	 (765,937),
	 (766,958),
	 (767,978),
	 (768,999),
	 (769,1020),
	 (770,1041),
	 (771,1062),
	 (772,1084);
INSERT INTO acore_world.forge_spell_scaling_value (ScalingId,value) VALUES
	 (773,1105),
	 (774,1127),
	 (775,1149),
	 (776,1172),
	 (777,1194),
	 (778,1217),
	 (779,1240),
	 (780,1263),
	 (800,47),
	 (801,49);
INSERT INTO acore_world.forge_spell_scaling_value (ScalingId,value) VALUES
	 (802,51),
	 (803,53),
	 (804,55),
	 (805,57),
	 (806,59),
	 (807,61),
	 (808,62),
	 (809,64),
	 (810,66),
	 (811,69);
INSERT INTO acore_world.forge_spell_scaling_value (ScalingId,value) VALUES
	 (812,72),
	 (813,75),
	 (814,78),
	 (815,82),
	 (816,85),
	 (817,88),
	 (818,92),
	 (819,95),
	 (820,99),
	 (821,101);
INSERT INTO acore_world.forge_spell_scaling_value (ScalingId,value) VALUES
	 (822,104),
	 (823,107),
	 (824,109),
	 (825,112),
	 (826,114),
	 (827,117),
	 (828,119),
	 (829,122),
	 (830,124),
	 (831,126);
INSERT INTO acore_world.forge_spell_scaling_value (ScalingId,value) VALUES
	 (832,128),
	 (833,130),
	 (834,132),
	 (835,134),
	 (836,135),
	 (837,137),
	 (838,277),
	 (839,307),
	 (840,309),
	 (841,329);
INSERT INTO acore_world.forge_spell_scaling_value (ScalingId,value) VALUES
	 (842,349),
	 (843,370),
	 (844,392),
	 (845,415),
	 (846,439),
	 (847,463),
	 (848,489),
	 (849,515),
	 (850,542),
	 (851,570);
INSERT INTO acore_world.forge_spell_scaling_value (ScalingId,value) VALUES
	 (852,598),
	 (853,628),
	 (854,659),
	 (855,690),
	 (856,723),
	 (857,756),
	 (858,790),
	 (859,826),
	 (860,862),
	 (861,882);
INSERT INTO acore_world.forge_spell_scaling_value (ScalingId,value) VALUES
	 (862,901),
	 (863,921),
	 (864,942),
	 (865,962),
	 (866,983),
	 (867,1004),
	 (868,1025),
	 (869,1047),
	 (870,1068),
	 (871,1090);
INSERT INTO acore_world.forge_spell_scaling_value (ScalingId,value) VALUES
	 (872,1112),
	 (873,1134),
	 (874,1157),
	 (875,1179),
	 (876,1202),
	 (877,1225),
	 (878,1249),
	 (879,1272),
	 (880,1296),
	 (900,0);
INSERT INTO acore_world.forge_spell_scaling_value (ScalingId,value) VALUES
	 (901,0),
	 (902,0),
	 (903,0),
	 (904,0),
	 (905,0),
	 (906,0),
	 (907,0),
	 (908,0),
	 (909,0),
	 (910,0);
INSERT INTO acore_world.forge_spell_scaling_value (ScalingId,value) VALUES
	 (911,0),
	 (912,0),
	 (913,0),
	 (914,0),
	 (915,0),
	 (916,0),
	 (917,0),
	 (918,0),
	 (919,0),
	 (920,0);
INSERT INTO acore_world.forge_spell_scaling_value (ScalingId,value) VALUES
	 (921,0),
	 (922,0),
	 (923,0),
	 (924,0),
	 (925,0),
	 (926,0),
	 (927,0),
	 (928,0),
	 (929,0),
	 (930,0);
INSERT INTO acore_world.forge_spell_scaling_value (ScalingId,value) VALUES
	 (931,0),
	 (932,0),
	 (933,0),
	 (934,0),
	 (935,0),
	 (936,0),
	 (937,0),
	 (938,0),
	 (939,0),
	 (940,0);
INSERT INTO acore_world.forge_spell_scaling_value (ScalingId,value) VALUES
	 (941,0),
	 (942,0),
	 (943,0),
	 (944,0),
	 (945,0),
	 (946,0),
	 (947,0),
	 (948,0),
	 (949,0),
	 (950,0);
INSERT INTO acore_world.forge_spell_scaling_value (ScalingId,value) VALUES
	 (951,0),
	 (952,0),
	 (953,0),
	 (954,0),
	 (955,0),
	 (956,0),
	 (957,0),
	 (958,0),
	 (959,0),
	 (960,0);
INSERT INTO acore_world.forge_spell_scaling_value (ScalingId,value) VALUES
	 (961,0),
	 (962,0),
	 (963,0),
	 (964,0),
	 (965,0),
	 (966,0),
	 (967,0),
	 (968,0),
	 (969,0),
	 (970,0);
INSERT INTO acore_world.forge_spell_scaling_value (ScalingId,value) VALUES
	 (971,0),
	 (972,0),
	 (973,0),
	 (974,0),
	 (975,0),
	 (976,0),
	 (977,0),
	 (978,0),
	 (979,0),
	 (980,0);
INSERT INTO acore_world.forge_spell_scaling_value (ScalingId,value) VALUES
	 (981,0),
	 (982,0),
	 (983,0),
	 (984,0),
	 (985,0),
	 (986,0),
	 (987,0),
	 (988,0),
	 (989,0),
	 (990,0);
INSERT INTO acore_world.forge_spell_scaling_value (ScalingId,value) VALUES
	 (991,0),
	 (992,0),
	 (993,0),
	 (994,0),
	 (995,0),
	 (996,0),
	 (997,0),
	 (998,0),
	 (999,0),
	 (1000,40);
INSERT INTO acore_world.forge_spell_scaling_value (ScalingId,value) VALUES
	 (1001,41),
	 (1002,43),
	 (1003,44),
	 (1004,46),
	 (1005,47),
	 (1006,49),
	 (1007,50),
	 (1008,52),
	 (1009,53),
	 (1010,54);
INSERT INTO acore_world.forge_spell_scaling_value (ScalingId,value) VALUES
	 (1011,57),
	 (1012,59),
	 (1013,61),
	 (1014,64),
	 (1015,66),
	 (1016,69),
	 (1017,71),
	 (1018,74),
	 (1019,76),
	 (1020,79);
INSERT INTO acore_world.forge_spell_scaling_value (ScalingId,value) VALUES
	 (1021,81),
	 (1022,84),
	 (1023,87),
	 (1024,89),
	 (1025,92),
	 (1026,94),
	 (1027,97),
	 (1028,100),
	 (1029,102),
	 (1030,105);
INSERT INTO acore_world.forge_spell_scaling_value (ScalingId,value) VALUES
	 (1031,107),
	 (1032,110),
	 (1033,112),
	 (1034,115),
	 (1035,117),
	 (1036,120),
	 (1037,122),
	 (1038,249),
	 (1039,278),
	 (1040,283);
INSERT INTO acore_world.forge_spell_scaling_value (ScalingId,value) VALUES
	 (1041,304),
	 (1042,326),
	 (1043,348),
	 (1044,372),
	 (1045,396),
	 (1046,422),
	 (1047,448),
	 (1048,476),
	 (1049,504),
	 (1050,533);
INSERT INTO acore_world.forge_spell_scaling_value (ScalingId,value) VALUES
	 (1051,564),
	 (1052,595),
	 (1053,627),
	 (1054,661),
	 (1055,695),
	 (1056,731),
	 (1057,767),
	 (1058,805),
	 (1059,844),
	 (1060,884);
INSERT INTO acore_world.forge_spell_scaling_value (ScalingId,value) VALUES
	 (1061,904),
	 (1062,924),
	 (1063,945),
	 (1064,966),
	 (1065,987),
	 (1066,1008),
	 (1067,1029),
	 (1068,1051),
	 (1069,1073),
	 (1070,1095);
INSERT INTO acore_world.forge_spell_scaling_value (ScalingId,value) VALUES
	 (1071,1117),
	 (1072,1140),
	 (1073,1162),
	 (1074,1185),
	 (1075,1208),
	 (1076,1232),
	 (1077,1255),
	 (1078,1279),
	 (1079,1303),
	 (1080,1327);
INSERT INTO acore_world.forge_spell_scaling_value (ScalingId,value) VALUES
	 (1100,3),
	 (1101,3),
	 (1102,4),
	 (1103,4),
	 (1104,5),
	 (1105,5),
	 (1106,6),
	 (1107,7),
	 (1108,7),
	 (1109,8);
INSERT INTO acore_world.forge_spell_scaling_value (ScalingId,value) VALUES
	 (1110,8),
	 (1111,9),
	 (1112,9),
	 (1113,10),
	 (1114,11),
	 (1115,11),
	 (1116,12),
	 (1117,12),
	 (1118,13),
	 (1119,14);
INSERT INTO acore_world.forge_spell_scaling_value (ScalingId,value) VALUES
	 (1120,14),
	 (1121,15),
	 (1122,15),
	 (1123,16),
	 (1124,17),
	 (1125,17),
	 (1126,18),
	 (1127,18),
	 (1128,19),
	 (1129,20);
INSERT INTO acore_world.forge_spell_scaling_value (ScalingId,value) VALUES
	 (1130,20),
	 (1131,21),
	 (1132,21),
	 (1133,22),
	 (1134,23),
	 (1135,23),
	 (1136,24),
	 (1137,24),
	 (1138,25),
	 (1139,26);
INSERT INTO acore_world.forge_spell_scaling_value (ScalingId,value) VALUES
	 (1140,26),
	 (1141,27),
	 (1142,27),
	 (1143,28),
	 (1144,28),
	 (1145,29),
	 (1146,30),
	 (1147,30),
	 (1148,31),
	 (1149,31);
INSERT INTO acore_world.forge_spell_scaling_value (ScalingId,value) VALUES
	 (1150,32),
	 (1151,33),
	 (1152,33),
	 (1153,34),
	 (1154,34),
	 (1155,35),
	 (1156,36),
	 (1157,36),
	 (1158,37),
	 (1159,37);
INSERT INTO acore_world.forge_spell_scaling_value (ScalingId,value) VALUES
	 (1160,54),
	 (1161,55),
	 (1162,56),
	 (1163,57),
	 (1164,59),
	 (1165,60),
	 (1166,61),
	 (1167,63),
	 (1168,68),
	 (1169,70);
INSERT INTO acore_world.forge_spell_scaling_value (ScalingId,value) VALUES
	 (1170,89),
	 (1171,93),
	 (1172,96),
	 (1173,100),
	 (1174,104),
	 (1175,107),
	 (1176,112),
	 (1177,116),
	 (1178,120),
	 (1179,125);
INSERT INTO acore_world.forge_spell_scaling_value (ScalingId,value) VALUES
	 (1180,305),
	 (1181,338),
	 (1182,375),
	 (1183,407),
	 (1184,443),
	 (1185,1083),
	 (1186,1200),
	 (1187,1330),
	 (1188,1446),
	 (1189,1573);
INSERT INTO acore_world.forge_spell_scaling_value (ScalingId,value) VALUES
	 (1190,3847),
	 (1191,4262),
	 (1192,4722),
	 (1193,5135),
	 (1194,5584),
	 (1195,13659),
	 (1196,15134),
	 (1197,16767),
	 (1198,18234),
	 (1199,19829);
INSERT INTO acore_world.forge_spell_scaling_value (ScalingId,value) VALUES
	 (1200,3),
	 (1201,4),
	 (1202,0),
	 (1203,0),
	 (1204,0),
	 (1205,0),
	 (1206,0),
	 (1207,0),
	 (1208,0),
	 (1209,0);
INSERT INTO acore_world.forge_spell_scaling_value (ScalingId,value) VALUES
	 (1210,0),
	 (1211,0),
	 (1212,0),
	 (1213,0),
	 (1214,0),
	 (1215,0),
	 (1216,0),
	 (1217,0),
	 (1218,0),
	 (1219,0);
INSERT INTO acore_world.forge_spell_scaling_value (ScalingId,value) VALUES
	 (1220,0),
	 (1221,0),
	 (1222,0),
	 (1223,0),
	 (1224,0),
	 (1225,0),
	 (1226,0),
	 (1227,0),
	 (1228,0),
	 (1229,0);
INSERT INTO acore_world.forge_spell_scaling_value (ScalingId,value) VALUES
	 (1230,0),
	 (1231,0),
	 (1232,0),
	 (1233,0),
	 (1234,0),
	 (1235,0),
	 (1236,0),
	 (1237,0),
	 (1238,0),
	 (1239,0);
INSERT INTO acore_world.forge_spell_scaling_value (ScalingId,value) VALUES
	 (1240,0),
	 (1241,0),
	 (1242,0),
	 (1243,0),
	 (1244,0),
	 (1245,0),
	 (1246,0),
	 (1247,0),
	 (1248,0),
	 (1249,0);
INSERT INTO acore_world.forge_spell_scaling_value (ScalingId,value) VALUES
	 (1250,0),
	 (1251,0),
	 (1252,0),
	 (1253,0),
	 (1254,0),
	 (1255,0),
	 (1256,0),
	 (1257,0),
	 (1258,0),
	 (1259,0);
INSERT INTO acore_world.forge_spell_scaling_value (ScalingId,value) VALUES
	 (1260,0),
	 (1261,0),
	 (1262,0),
	 (1263,0),
	 (1264,0),
	 (1265,0),
	 (1266,0),
	 (1267,0),
	 (1268,0),
	 (1269,0);
INSERT INTO acore_world.forge_spell_scaling_value (ScalingId,value) VALUES
	 (1270,0),
	 (1271,0),
	 (1272,0),
	 (1273,0),
	 (1274,0),
	 (1275,0),
	 (1276,0),
	 (1277,0),
	 (1278,0),
	 (1279,0);
INSERT INTO acore_world.forge_spell_scaling_value (ScalingId,value) VALUES
	 (1280,0),
	 (1281,0),
	 (1282,0),
	 (1283,0),
	 (1284,0),
	 (1285,0),
	 (1286,0),
	 (1287,0),
	 (1288,0),
	 (1289,0);
INSERT INTO acore_world.forge_spell_scaling_value (ScalingId,value) VALUES
	 (1290,0),
	 (1291,0),
	 (1292,0),
	 (1293,0),
	 (1294,0),
	 (1295,0),
	 (1296,0),
	 (1297,0),
	 (1298,0),
	 (1299,0);
