-- Mana Tombs
-- Level 65 - 67 originally
-- map 557

-- NHC
-- update creature_template set minlevel = (minlevel + 90)  where entry in (select id1 from creature where map = 557);
-- update creature_template set maxlevel = (maxlevel + 90) where entry in (select id1 from creature where map = 557);

-- HC
-- select difficulty_entry_1 as entry from creature_template where entry in (select id1 from creature where map = 557);

-- update creature_template set minlevel = (minlevel + 90) where entry in (20258, 20255, 20259, 20257, 20264, 20256, 20265, 20254, 20263, 20268, 20266, 20267, 20261, 20260, 20252);
-- update creature_template set maxlevel = (maxlevel + 90) where entry in (20258, 20255, 20259, 20257, 20264, 20256, 20265, 20254, 20263, 20268, 20266, 20267, 20261, 20260, 20252);

-- very low amount of HP, to be increased
update creature_template set HealthModifier = (HealthModifier + 20)  where entry in (select id1 from creature where map = 558);
update creature_template set ManaModifier = (ManaModifier + 20)  where entry in (select id1 from creature where map = 558);

-- update creature_template set HealthModifier = (HealthModifier + 20) where entry in (20258, 20255, 20259, 20257, 20264, 20256, 20265, 20254, 20263, 20268, 20266, 20267, 20261, 20260, 20252);
-- update creature_template set ManaModifier = (ManaModifier + 20) where entry in (20258, 20255, 20259, 20257, 20264, 20256, 20265, 20254, 20263, 20268, 20266, 20267, 20261, 20260, 20252);

-- dungeon access template
DELETE FROM `dungeon_access_template` WHERE `id`=58;
INSERT INTO `dungeon_access_template` (`id`, `map_id`, `difficulty`, `min_level`, `max_level`, `min_avg_item_level`, `comment`) VALUES (58, 557, 0, 155, 0, 0, 'Mana Tombs');
DELETE FROM `dungeon_access_template` WHERE `id`=59;
INSERT INTO `dungeon_access_template` (`id`, `map_id`, `difficulty`, `min_level`, `max_level`, `min_avg_item_level`, `comment`) VALUES (59, 557, 1, 158, 0, 0, 'Mana Tombs');

-- Questgiver Mana Tombs
-- 19674 Nexus-Prince Haramad -> 820004
DELETE FROM `creature_template` WHERE (`entry` = 820004);
INSERT INTO `creature_template` (`entry`, `difficulty_entry_1`, `difficulty_entry_2`, `difficulty_entry_3`, `KillCredit1`, `KillCredit2`, `modelid1`, `modelid2`, `modelid3`, `modelid4`, `name`, `subname`, `IconName`, `gossip_menu_id`, `minlevel`, `maxlevel`, `exp`, `faction`, `npcflag`, `speed_walk`, `speed_run`, `speed_swim`, `speed_flight`, `detection_range`, `scale`, `rank`, `dmgschool`, `DamageModifier`, `BaseAttackTime`, `RangeAttackTime`, `BaseVariance`, `RangeVariance`, `unit_class`, `unit_flags`, `unit_flags2`, `dynamicflags`, `family`, `trainer_type`, `trainer_spell`, `trainer_class`, `trainer_race`, `type`, `type_flags`, `lootid`, `pickpocketloot`, `skinloot`, `PetSpellDataId`, `VehicleId`, `mingold`, `maxgold`, `AIName`, `MovementType`, `HoverHeight`, `HealthModifier`, `ManaModifier`, `ArmorModifier`, `ExperienceModifier`, `RacialLeader`, `movementId`, `RegenHealth`, `mechanic_immune_mask`, `spell_school_immune_mask`, `flags_extra`, `ScriptName`, `VerifiedBuild`) VALUES
(820004, 0, 0, 0, 0, 0, 21020, 0, 0, 0, 'Nexus-Prince Haramad', 'Mana Tombs Quest Giver', NULL, 8026, 73, 73, 1, 1731, 3, 1, 1.14286, 1, 1, 20, 1, 1, 0, 4.6, 2000, 2000, 1, 1, 1, 0, 2048, 0, 0, 0, 0, 0, 0, 7, 0, 0, 0, 0, 0, 0, 0, 0, '', 1, 1, 1, 1, 1, 1, 0, 0, 1, 0, 0, 2, '', 12340);

-- Quests
-- 10165 Undercutting the Competition
DELETE FROM `quest_template` WHERE (`ID` = 820040);
INSERT INTO `quest_template` (`ID`, `QuestType`, `QuestLevel`, `MinLevel`, `QuestSortID`, `QuestInfoID`, `SuggestedGroupNum`, `RequiredFactionId1`, `RequiredFactionId2`, `RequiredFactionValue1`, `RequiredFactionValue2`, `RewardNextQuest`, `RewardXPDifficulty`, `RewardMoney`, `RewardMoneyDifficulty`, `RewardBonusMoney`, `RewardDisplaySpell`, `RewardSpell`, `RewardHonor`, `RewardKillHonor`, `StartItem`, `Flags`, `RequiredPlayerKills`, `RewardItem1`, `RewardAmount1`, `RewardItem2`, `RewardAmount2`, `RewardItem3`, `RewardAmount3`, `RewardItem4`, `RewardAmount4`, `ItemDrop1`, `ItemDropQuantity1`, `ItemDrop2`, `ItemDropQuantity2`, `ItemDrop3`, `ItemDropQuantity3`, `ItemDrop4`, `ItemDropQuantity4`, `RewardChoiceItemID1`, `RewardChoiceItemQuantity1`, `RewardChoiceItemID2`, `RewardChoiceItemQuantity2`, `RewardChoiceItemID3`, `RewardChoiceItemQuantity3`, `RewardChoiceItemID4`, `RewardChoiceItemQuantity4`, `RewardChoiceItemID5`, `RewardChoiceItemQuantity5`, `RewardChoiceItemID6`, `RewardChoiceItemQuantity6`, `POIContinent`, `POIx`, `POIy`, `POIPriority`, `RewardTitle`, `RewardTalents`, `RewardArenaPoints`, `RewardFactionID1`, `RewardFactionValue1`, `RewardFactionOverride1`, `RewardFactionID2`, `RewardFactionValue2`, `RewardFactionOverride2`, `RewardFactionID3`, `RewardFactionValue3`, `RewardFactionOverride3`, `RewardFactionID4`, `RewardFactionValue4`, `RewardFactionOverride4`, `RewardFactionID5`, `RewardFactionValue5`, `RewardFactionOverride5`, `TimeAllowed`, `AllowableRaces`, `LogTitle`, `LogDescription`, `QuestDescription`, `AreaDescription`, `QuestCompletionLog`, `RequiredNpcOrGo1`, `RequiredNpcOrGo2`, `RequiredNpcOrGo3`, `RequiredNpcOrGo4`, `RequiredNpcOrGoCount1`, `RequiredNpcOrGoCount2`, `RequiredNpcOrGoCount3`, `RequiredNpcOrGoCount4`, `RequiredItemId1`, `RequiredItemId2`, `RequiredItemId3`, `RequiredItemId4`, `RequiredItemId5`, `RequiredItemId6`, `RequiredItemCount1`, `RequiredItemCount2`, `RequiredItemCount3`, `RequiredItemCount4`, `RequiredItemCount5`, `RequiredItemCount6`, `Unknown0`, `ObjectiveText1`, `ObjectiveText2`, `ObjectiveText3`, `ObjectiveText4`, `VerifiedBuild`) VALUES
(820040, 2, 150, 154, 3792, 81, 0, 0, 0, 0, 0, 0, 8, 105000, 0, 13500, 0, 0, 0, 0, 0, 136, 0, 0, 0, 0, 0, 0, 0, 0, 0, 0, 0, 0, 0, 0, 0, 0, 0, 29343, 1, 29342, 1, 29345, 1, 29344, 1, 0, 0, 0, 0, 0, 0, 0, 0, 0, 0, 0, 933, 7, 0, 0, 0, 0, 0, 0, 0, 0, 0, 0, 0, 0, 0, 0, 0, 'Undercutting the Competition', 'Nexus-Prince Haramad located outside of the Mana-Tombs wants you to kill Nexus-Prince Shaffar and bring Shaffar\'s Wrappings back to him.', 'That Shaffar is a shrewd one - I\'ll give him that... He\'s managed to keep the Consortium out while he safely pillages this crypt for all it\'s worth. I have no faith in these imbeciles actually breaking through Shaffar\'s defenses so I\'ll make you a deal, $r.$B$BEnter the Mana-Tombs and kill Nexus-Prince Shaffar. Bring me back his body wrap as proof of this deed and I\'ll reward you handsomely.', '', 'Return to Nexus-Prince Haramad at The Bone Wastes in Terokkar Forest.', 0, 0, 0, 0, 0, 0, 0, 0, 28490, 0, 0, 0, 0, 0, 1, 0, 0, 0, 0, 0, 0, '', '', '', '', 12340);

-- 10218 Someone Else's Hard Work Pays Off
DELETE FROM `quest_template` WHERE (`ID` = 820041);
INSERT INTO `quest_template` (`ID`, `QuestType`, `QuestLevel`, `MinLevel`, `QuestSortID`, `QuestInfoID`, `SuggestedGroupNum`, `RequiredFactionId1`, `RequiredFactionId2`, `RequiredFactionValue1`, `RequiredFactionValue2`, `RewardNextQuest`, `RewardXPDifficulty`, `RewardMoney`, `RewardMoneyDifficulty`, `RewardBonusMoney`, `RewardDisplaySpell`, `RewardSpell`, `RewardHonor`, `RewardKillHonor`, `StartItem`, `Flags`, `RequiredPlayerKills`, `RewardItem1`, `RewardAmount1`, `RewardItem2`, `RewardAmount2`, `RewardItem3`, `RewardAmount3`, `RewardItem4`, `RewardAmount4`, `ItemDrop1`, `ItemDropQuantity1`, `ItemDrop2`, `ItemDropQuantity2`, `ItemDrop3`, `ItemDropQuantity3`, `ItemDrop4`, `ItemDropQuantity4`, `RewardChoiceItemID1`, `RewardChoiceItemQuantity1`, `RewardChoiceItemID2`, `RewardChoiceItemQuantity2`, `RewardChoiceItemID3`, `RewardChoiceItemQuantity3`, `RewardChoiceItemID4`, `RewardChoiceItemQuantity4`, `RewardChoiceItemID5`, `RewardChoiceItemQuantity5`, `RewardChoiceItemID6`, `RewardChoiceItemQuantity6`, `POIContinent`, `POIx`, `POIy`, `POIPriority`, `RewardTitle`, `RewardTalents`, `RewardArenaPoints`, `RewardFactionID1`, `RewardFactionValue1`, `RewardFactionOverride1`, `RewardFactionID2`, `RewardFactionValue2`, `RewardFactionOverride2`, `RewardFactionID3`, `RewardFactionValue3`, `RewardFactionOverride3`, `RewardFactionID4`, `RewardFactionValue4`, `RewardFactionOverride4`, `RewardFactionID5`, `RewardFactionValue5`, `RewardFactionOverride5`, `TimeAllowed`, `AllowableRaces`, `LogTitle`, `LogDescription`, `QuestDescription`, `AreaDescription`, `QuestCompletionLog`, `RequiredNpcOrGo1`, `RequiredNpcOrGo2`, `RequiredNpcOrGo3`, `RequiredNpcOrGo4`, `RequiredNpcOrGoCount1`, `RequiredNpcOrGoCount2`, `RequiredNpcOrGoCount3`, `RequiredNpcOrGoCount4`, `RequiredItemId1`, `RequiredItemId2`, `RequiredItemId3`, `RequiredItemId4`, `RequiredItemId5`, `RequiredItemId6`, `RequiredItemCount1`, `RequiredItemCount2`, `RequiredItemCount3`, `RequiredItemCount4`, `RequiredItemCount5`, `RequiredItemCount6`, `Unknown0`, `ObjectiveText1`, `ObjectiveText2`, `ObjectiveText3`, `ObjectiveText4`, `VerifiedBuild`) VALUES
(820041, 2, 150, 154, 3792, 81, 0, 0, 0, 0, 0, 0, 8, 105000, 0, 13500, 0, 0, 0, 0, 0, 130, 0, 0, 0, 0, 0, 0, 0, 0, 0, 0, 0, 0, 0, 0, 0, 0, 0, 29328, 1, 29327, 1, 29326, 1, 29325, 1, 0, 0, 0, 0, 0, 0, 0, 0, 0, 0, 0, 933, 7, 0, 0, 0, 0, 0, 0, 0, 0, 0, 0, 0, 0, 0, 0, 0, 'Someone Else\'s Hard Work Pays Off', 'Escort Cryo-Engineer Sha\'heen safely through the Mana-Tombs so that he can gather the ether held inside Shaffar\'s ether collectors.$B$BReport to Nexus-Prince Haramad located outside the Mana-Tombs at the Consortium encampment should you succeed.', 'Who were you expecting!? That idiot Morphalius was \'de-prioritized.\' Now I\'m here to clean up his mess. All I need from you is to watch my back as I go through Shaffar\'s ether gatherers and suck them dry of all that they have collected. If I successfully complete my mission, Haramad himself will reward you!$B$BWhat do you say? Escort me through the Mana-Tombs and then collect some incredible treasure? You already did most of the work anyway! Nothing\'s alive back behind us, right?', 'Escort Cryo-Engineer Sha\'heen', 'Return to Nexus-Prince Haramad at The Bone Wastes in Terokkar Forest.', 0, 0, 0, 0, 0, 0, 0, 0, 0, 0, 0, 0, 0, 0, 0, 0, 0, 0, 0, 0, 0, '', '', '', '', 12340);

-- 10981 Nexus-Prince Shaffar's Personal Chamber
DELETE FROM `quest_template` WHERE (`ID` = 820042);
INSERT INTO `quest_template` (`ID`, `QuestType`, `QuestLevel`, `MinLevel`, `QuestSortID`, `QuestInfoID`, `SuggestedGroupNum`, `RequiredFactionId1`, `RequiredFactionId2`, `RequiredFactionValue1`, `RequiredFactionValue2`, `RewardNextQuest`, `RewardXPDifficulty`, `RewardMoney`, `RewardMoneyDifficulty`, `RewardBonusMoney`, `RewardDisplaySpell`, `RewardSpell`, `RewardHonor`, `RewardKillHonor`, `StartItem`, `Flags`, `RequiredPlayerKills`, `RewardItem1`, `RewardAmount1`, `RewardItem2`, `RewardAmount2`, `RewardItem3`, `RewardAmount3`, `RewardItem4`, `RewardAmount4`, `ItemDrop1`, `ItemDropQuantity1`, `ItemDrop2`, `ItemDropQuantity2`, `ItemDrop3`, `ItemDropQuantity3`, `ItemDrop4`, `ItemDropQuantity4`, `RewardChoiceItemID1`, `RewardChoiceItemQuantity1`, `RewardChoiceItemID2`, `RewardChoiceItemQuantity2`, `RewardChoiceItemID3`, `RewardChoiceItemQuantity3`, `RewardChoiceItemID4`, `RewardChoiceItemQuantity4`, `RewardChoiceItemID5`, `RewardChoiceItemQuantity5`, `RewardChoiceItemID6`, `RewardChoiceItemQuantity6`, `POIContinent`, `POIx`, `POIy`, `POIPriority`, `RewardTitle`, `RewardTalents`, `RewardArenaPoints`, `RewardFactionID1`, `RewardFactionValue1`, `RewardFactionOverride1`, `RewardFactionID2`, `RewardFactionValue2`, `RewardFactionOverride2`, `RewardFactionID3`, `RewardFactionValue3`, `RewardFactionOverride3`, `RewardFactionID4`, `RewardFactionValue4`, `RewardFactionOverride4`, `RewardFactionID5`, `RewardFactionValue5`, `RewardFactionOverride5`, `TimeAllowed`, `AllowableRaces`, `LogTitle`, `LogDescription`, `QuestDescription`, `AreaDescription`, `QuestCompletionLog`, `RequiredNpcOrGo1`, `RequiredNpcOrGo2`, `RequiredNpcOrGo3`, `RequiredNpcOrGo4`, `RequiredNpcOrGoCount1`, `RequiredNpcOrGoCount2`, `RequiredNpcOrGoCount3`, `RequiredNpcOrGoCount4`, `RequiredItemId1`, `RequiredItemId2`, `RequiredItemId3`, `RequiredItemId4`, `RequiredItemId5`, `RequiredItemId6`, `RequiredItemCount1`, `RequiredItemCount2`, `RequiredItemCount3`, `RequiredItemCount4`, `RequiredItemCount5`, `RequiredItemCount6`, `Unknown0`, `ObjectiveText1`, `ObjectiveText2`, `ObjectiveText3`, `ObjectiveText4`, `VerifiedBuild`) VALUES
(820042, 0, 160, 160, 3792, 85, 0, 0, 0, 0, 0, 0, 0, 0, 0, 0, 0, 0, 0, 0, 0, 136, 0, 32079, 1, 0, 0, 0, 0, 0, 0, 0, 0, 0, 0, 0, 0, 0, 0, 0, 0, 0, 0, 0, 0, 0, 0, 0, 0, 0, 0, 0, 0, 0, 0, 0, 0, 0, 933, 7, 0, 0, 0, 0, 0, 0, 0, 0, 0, 0, 0, 0, 0, 0, 0, 'Nexus-Prince Shaffar\'s Personal Chamber', '', '', '', 'Return to the Image of Commander Ameer at Bash\'ir\'s Landing in the Blade\'s Edge Mountains.', 0, 0, 0, 0, 0, 0, 0, 0, 31941, 0, 0, 0, 0, 0, 1, 0, 0, 0, 0, 0, 0, '', '', '', '', 12340);

-- 10216 Safety Is Job One
DELETE FROM `quest_template` WHERE (`ID` = 820043);
INSERT INTO `quest_template` (`ID`, `QuestType`, `QuestLevel`, `MinLevel`, `QuestSortID`, `QuestInfoID`, `SuggestedGroupNum`, `RequiredFactionId1`, `RequiredFactionId2`, `RequiredFactionValue1`, `RequiredFactionValue2`, `RewardNextQuest`, `RewardXPDifficulty`, `RewardMoney`, `RewardMoneyDifficulty`, `RewardBonusMoney`, `RewardDisplaySpell`, `RewardSpell`, `RewardHonor`, `RewardKillHonor`, `StartItem`, `Flags`, `RequiredPlayerKills`, `RewardItem1`, `RewardAmount1`, `RewardItem2`, `RewardAmount2`, `RewardItem3`, `RewardAmount3`, `RewardItem4`, `RewardAmount4`, `ItemDrop1`, `ItemDropQuantity1`, `ItemDrop2`, `ItemDropQuantity2`, `ItemDrop3`, `ItemDropQuantity3`, `ItemDrop4`, `ItemDropQuantity4`, `RewardChoiceItemID1`, `RewardChoiceItemQuantity1`, `RewardChoiceItemID2`, `RewardChoiceItemQuantity2`, `RewardChoiceItemID3`, `RewardChoiceItemQuantity3`, `RewardChoiceItemID4`, `RewardChoiceItemQuantity4`, `RewardChoiceItemID5`, `RewardChoiceItemQuantity5`, `RewardChoiceItemID6`, `RewardChoiceItemQuantity6`, `POIContinent`, `POIx`, `POIy`, `POIPriority`, `RewardTitle`, `RewardTalents`, `RewardArenaPoints`, `RewardFactionID1`, `RewardFactionValue1`, `RewardFactionOverride1`, `RewardFactionID2`, `RewardFactionValue2`, `RewardFactionOverride2`, `RewardFactionID3`, `RewardFactionValue3`, `RewardFactionOverride3`, `RewardFactionID4`, `RewardFactionValue4`, `RewardFactionOverride4`, `RewardFactionID5`, `RewardFactionValue5`, `RewardFactionOverride5`, `TimeAllowed`, `AllowableRaces`, `LogTitle`, `LogDescription`, `QuestDescription`, `AreaDescription`, `QuestCompletionLog`, `RequiredNpcOrGo1`, `RequiredNpcOrGo2`, `RequiredNpcOrGo3`, `RequiredNpcOrGo4`, `RequiredNpcOrGoCount1`, `RequiredNpcOrGoCount2`, `RequiredNpcOrGoCount3`, `RequiredNpcOrGoCount4`, `RequiredItemId1`, `RequiredItemId2`, `RequiredItemId3`, `RequiredItemId4`, `RequiredItemId5`, `RequiredItemId6`, `RequiredItemCount1`, `RequiredItemCount2`, `RequiredItemCount3`, `RequiredItemCount4`, `RequiredItemCount5`, `RequiredItemCount6`, `Unknown0`, `ObjectiveText1`, `ObjectiveText2`, `ObjectiveText3`, `ObjectiveText4`, `VerifiedBuild`) VALUES
(820043, 2, 150, 154, 3792, 81, 0, 0, 0, 0, 0, 0, 8, 0, 0, 13500, 0, 0, 0, 0, 0, 136, 0, 0, 0, 0, 0, 0, 0, 0, 0, 0, 0, 0, 0, 0, 0, 0, 0, 0, 0, 0, 0, 0, 0, 0, 0, 0, 0, 0, 0, 0, 0, 0, 0, 0, 0, 0, 933, 6, 0, 0, 0, 0, 0, 0, 0, 0, 0, 0, 0, 0, 0, 0, 0, 'Safety Is Job One', 'Artificer Morphalius wants you to kill 10 Ethereal Crypt Raiders, 5 Ethereal Sorcerers, 5 Nexus Stalkers and 5 Ethereal Spellbinders.$B$BOnce that\'s done, find the Ethereal Transporter in the chamber before Shaffar\'s and activate it.', 'Shaffar\'s ethereals have completely blocked us out of the Mana-Tombs. Thankfully, I\'ve got a plan. While we can\'t go in through the front door, there are sure to be several transporters inside.$B$BI want you to clear the way for my crew first and then I want you to activate one of their transporters to teleport us inside.$B$BActivate the teleporter in the chamber right before Shaffar\'s chambers when the way has been cleared. Don\'t worry, I\'ll make it worth your while...', '', 'Return to Ethereal Transporter Control Panel at Hillsbrad Fields in Hillsbrad Foothills.', 18311, 18314, 18313, 18312, 10, 5, 5, 5, 0, 0, 0, 0, 0, 0, 0, 0, 0, 0, 0, 0, 0, '', '', '', '', 12340);

-- 10977 Stasis Chambers of the Mana-Tombs
DELETE FROM `quest_template` WHERE (`ID` = 820044);
INSERT INTO `quest_template` (`ID`, `QuestType`, `QuestLevel`, `MinLevel`, `QuestSortID`, `QuestInfoID`, `SuggestedGroupNum`, `RequiredFactionId1`, `RequiredFactionId2`, `RequiredFactionValue1`, `RequiredFactionValue2`, `RewardNextQuest`, `RewardXPDifficulty`, `RewardMoney`, `RewardMoneyDifficulty`, `RewardBonusMoney`, `RewardDisplaySpell`, `RewardSpell`, `RewardHonor`, `RewardKillHonor`, `StartItem`, `Flags`, `RequiredPlayerKills`, `RewardItem1`, `RewardAmount1`, `RewardItem2`, `RewardAmount2`, `RewardItem3`, `RewardAmount3`, `RewardItem4`, `RewardAmount4`, `ItemDrop1`, `ItemDropQuantity1`, `ItemDrop2`, `ItemDropQuantity2`, `ItemDrop3`, `ItemDropQuantity3`, `ItemDrop4`, `ItemDropQuantity4`, `RewardChoiceItemID1`, `RewardChoiceItemQuantity1`, `RewardChoiceItemID2`, `RewardChoiceItemQuantity2`, `RewardChoiceItemID3`, `RewardChoiceItemQuantity3`, `RewardChoiceItemID4`, `RewardChoiceItemQuantity4`, `RewardChoiceItemID5`, `RewardChoiceItemQuantity5`, `RewardChoiceItemID6`, `RewardChoiceItemQuantity6`, `POIContinent`, `POIx`, `POIy`, `POIPriority`, `RewardTitle`, `RewardTalents`, `RewardArenaPoints`, `RewardFactionID1`, `RewardFactionValue1`, `RewardFactionOverride1`, `RewardFactionID2`, `RewardFactionValue2`, `RewardFactionOverride2`, `RewardFactionID3`, `RewardFactionValue3`, `RewardFactionOverride3`, `RewardFactionID4`, `RewardFactionValue4`, `RewardFactionOverride4`, `RewardFactionID5`, `RewardFactionValue5`, `RewardFactionOverride5`, `TimeAllowed`, `AllowableRaces`, `LogTitle`, `LogDescription`, `QuestDescription`, `AreaDescription`, `QuestCompletionLog`, `RequiredNpcOrGo1`, `RequiredNpcOrGo2`, `RequiredNpcOrGo3`, `RequiredNpcOrGo4`, `RequiredNpcOrGoCount1`, `RequiredNpcOrGoCount2`, `RequiredNpcOrGoCount3`, `RequiredNpcOrGoCount4`, `RequiredItemId1`, `RequiredItemId2`, `RequiredItemId3`, `RequiredItemId4`, `RequiredItemId5`, `RequiredItemId6`, `RequiredItemCount1`, `RequiredItemCount2`, `RequiredItemCount3`, `RequiredItemCount4`, `RequiredItemCount5`, `RequiredItemCount6`, `Unknown0`, `ObjectiveText1`, `ObjectiveText2`, `ObjectiveText3`, `ObjectiveText4`, `VerifiedBuild`) VALUES
(820044, 2, 70, 70, 3792, 85, 0, 0, 0, 0, 0, 0, 7, 132000, 0, 11400, 0, 0, 0, 0, 32069, 130, 0, 29434, 5, 0, 0, 0, 0, 0, 0, 0, 0, 0, 0, 0, 0, 0, 0, 0, 0, 0, 0, 0, 0, 0, 0, 0, 0, 0, 0, 0, 0, 0, 0, 0, 0, 0, 933, 7, 0, 0, 0, 0, 0, 0, 0, 0, 0, 0, 0, 0, 0, 0, 0, 'Stasis Chambers of the Mana-Tombs', 'The Image of Commander Ameer at Bash\'ir\'s Landing in the Blade\'s Edge Mountains wants you to use the Mana-Tombs Stasis Chamber Key on the Stasis Chamber inside the Mana-Tombs of Auchindoun.$B$BThis quest may only be completed on Heroic difficulty.', 'The Mark of the Nexus-King that you recovered has allowed me to forge a new key for the stasis chambers found inside the Mana-Tombs.$B$BAccording to the glyphs on the mark, two exist: one near the front and one near Nexus-Prince Shaffar. This key that I am about to give you will open the stasis chamber near the front.$B$BI want you to go to the Mana-Tombs of Auchindoun and open the Mana-Tombs Stasis Chamber.', 'Mana-Tombs Stasis Chamber Investigated', 'Return to the Image of Commander Ameer at Bash\'ir\'s Landing in the Blade\'s Edge Mountains.', 0, 0, 0, 0, 0, 0, 0, 0, 0, 0, 0, 32069, 0, 0, 0, 0, 0, 1, 0, 0, 0, '', '', '', '', 12340);

-- Quests for the new NPC
delete from creature_queststarter where id = 820004;
INSERT INTO `creature_queststarter` (`id`, `quest`) VALUES
(820004, 820040),
(820004, 820041),
(820004, 820042),
(820004, 820043),
(820004, 820044);

delete from creature_questender where id = 820004;
INSERT INTO `creature_questender` (`id`, `quest`) VALUES
(820004, 820040),
(820004, 820041),
(820004, 820042),
(820004, 820043),
(820004, 820044);

