DELETE FROM `creature` WHERE `id1` IN (15383, 15431, 15432, 15434, 15437, 15445, 15446, 15448, 15450, 15451, 15452, 15453, 15455, 15456, 15457, 15700);
INSERT INTO `creature` (`guid`, `id1`, `id2`, `id3`, `map`, `zoneId`, `areaId`, `spawnMask`, `phaseMask`, `equipment_id`, `position_x`, `position_y`, `position_z`, `orientation`, `spawntimesecs`, `wander_distance`, `currentwaypoint`, `curhealth`, `curmana`, `MovementType`, `npcflag`, `unit_flags`, `dynamicflags`, `ScriptName`, `VerifiedBuild`) VALUES
(3115452,15383,0,0,0,0,0,1,1,1,-4914.29,-1228.1,501.65,3.66003,300,0,0,13495,0,0,0,0,0,'',0),
(3115450,15431,0,0,0,0,0,1,1,1,-4915.32,-1220.84,501.658,4.07551,300,0,0,14355,0,0,0,0,0,'',0),
(3115451,15432,0,0,0,0,0,1,1,0,-4913.26,-1222.67,501.654,4.02445,300,0,0,15260,0,0,0,0,0,'',0),
(3115453,15434,0,0,0,0,0,1,1,1,-4946.99,-1281.73,501.675,0.977894,300,0,0,13495,0,0,0,0,0,'',0),
(3115457,15437,0,0,0,0,0,1,1,1,-4942.68,-1284.58,501.674,1.52846,300,0,0,14355,0,0,0,0,0,'',0),
(3115458,15445,0,0,0,0,0,1,1,1,-4944.6,-1283.01,501.674,1.29677,300,0,0,15260,0,0,0,0,0,'',0),
(3115446,15446,0,0,0,0,0,1,1,1,-4959.54,-1176.73,501.66,3.66733,300,0,0,13495,0,0,0,0,0,'',0),
(3115448,15448,0,0,0,0,0,1,1,1,-4960.88,-1175.1,501.66,3.82756,300,0,0,14355,0,0,0,0,0,'',0),
(3115449,15450,0,0,0,0,0,1,1,1,-4965.87,-1174.28,501.648,3.79535,300,0,0,15260,0,0,0,0,0,'',0),
(3115443,15451,0,0,0,0,0,1,1,1,-4970.42,-1152.78,501.658,3.61236,300,0,0,13495,0,0,0,0,0,'',0),
(3115444,15452,0,0,0,0,0,1,1,0,-4971.47,-1150.77,501.655,3.5888,300,0,0,14355,0,0,0,0,0,'',0),
(3115445,15453,0,0,0,0,0,1,1,1,-4974.99,-1149.58,501.649,4.06239,300,0,0,15260,0,0,0,0,0,'',0),
(3115442,15455,0,0,0,0,0,1,1,1,-4936.96,-1280.96,501.671,2.38871,300,0,0,13495,0,0,0,0,0,'',0),
(3115441,15456,0,0,0,0,0,1,1,0,-4934.81,-1279.79,501.668,2.64632,300,0,0,14355,0,0,0,0,0,'',0),
(3115440,15457,0,0,0,0,0,1,1,1,-4933.33,-1278.1,501.666,2.70444,300,0,0,15260,0,0,0,0,0,'',0),
(3115437,15700,0,0,1,0,0,1,1,1,16233.2,16262.5,13.6813,0.665966,300,0,0,30520,0,0,0,134217728,0,'',0);

DELETE FROM `creature` WHERE `id1` IN (15459, 15460, 15469, 15477, 15508, 15512, 15515, 15522, 15525, 15528, 15529, 15532, 15533, 15534, 15535);
INSERT INTO `creature` (`guid`, `id1`, `id2`, `id3`, `map`, `zoneId`, `areaId`, `spawnMask`, `phaseMask`, `equipment_id`, `position_x`, `position_y`, `position_z`, `orientation`, `spawntimesecs`, `wander_distance`, `currentwaypoint`, `curhealth`, `curmana`, `MovementType`, `npcflag`, `unit_flags`, `dynamicflags`, `ScriptName`, `VerifiedBuild`) VALUES
(3115472,15459,0,0,1,0,0,1,1,1,1671.67,-4107.41,36.0965,3.85839,300,0,0,13495,0,0,0,0,0,'',0),
(3115470,15460,0,0,1,0,0,1,1,1,1657.41,-4112.72,33.7797,1.90117,300,0,0,14355,0,0,0,0,0,'',0),
(3115471,15469,0,0,1,0,0,1,1,1,1669.59,-4117.64,35.6868,2.63395,300,0,0,15260,0,0,0,0,0,'',0),
(3115467,15477,0,0,1,0,0,1,1,1,1615.13,-4139.08,33.6528,1.23872,300,0,0,13495,0,0,0,0,0,'',0),
(3115468,15508,0,0,1,0,0,1,1,1,1620.51,-4139.6,33.9276,2.16785,300,0,0,14355,0,0,0,0,0,'',0),
(3115469,15512,0,0,1,0,0,1,1,1,1625.6,-4134.17,32.9404,2.72077,300,0,0,15260,0,0,0,0,0,'',0),
(3115473,15515,0,0,1,0,0,1,1,1,1595.86,-4188.08,41.7613,3.708,300,0,0,13495,0,0,0,0,0,'',0),
(3115475,15522,0,0,1,0,0,1,1,1,1590.7,-4184.49,40.7992,4.23577,300,0,0,14355,0,0,0,0,0,'',0),
(3115474,15525,0,0,1,0,0,1,1,1,1593.12,-4196.92,42.347,2.48199,300,0,0,15260,0,0,0,0,0,'',0),
(3115461,15528,0,0,1,0,0,1,1,1,1566.1,-4122.68,37.3608,6.23736,300,0,0,13495,0,0,0,0,0,'',0),
(3115462,15529,0,0,1,0,0,1,1,0,1571.74,-4119.56,36.6828,4.67363,300,0,0,14355,0,0,0,0,0,'',0),
(3115463,15532,0,0,1,0,0,1,1,1,1567.14,-4126.69,37.2995,0.075908,300,0,0,15260,0,0,0,0,0,'',0),
(3115464,15533,0,0,1,0,0,1,1,1,1642.74,-4089.04,36.6118,3.70578,300,0,0,13495,0,0,0,0,0,'',0),
(3115466,15534,0,0,1,0,0,1,1,1,1632.55,-4091.73,35.2461,5.86929,300,0,0,14355,0,0,0,0,0,'',0),
(3115465,15535,0,0,1,0,0,1,1,1,1634.37,-4087.58,36.2655,5.29543,300,0,0,15260,0,0,0,0,0,'',0);

-- Horde commendation npcs
DELETE FROM `creature` WHERE `id1` IN (21968, 15738, 15737, 15739, 15736);
INSERT INTO `creature` (`guid`, `id1`, `id2`, `id3`, `map`, `zoneId`, `areaId`, `spawnMask`, `phaseMask`, `equipment_id`, `position_x`, `position_y`, `position_z`, `orientation`, `spawntimesecs`, `wander_distance`, `currentwaypoint`, `curhealth`, `curmana`, `MovementType`, `npcflag`, `unit_flags`, `dynamicflags`, `ScriptName`, `VerifiedBuild`) VALUES
(3115482,15736,0,0,1,0,0,1,1,0,1592.17,-4097.91,34.9759,6.25645,300,0,0,2614,0,0,0,0,0,'',0),
(3115484,15737,0,0,1,0,0,1,1,0,1595.6,-4091.94,35.8097,5.20323,300,0,0,2614,0,0,0,0,0,'',0),
(3115485,15738,0,0,1,0,0,1,1,0,1598.27,-4090.5,35.8736,5.13568,300,0,0,2614,0,0,0,0,0,'',0),
(3115483,15739,0,0,1,0,0,1,1,0,1592.84,-4094.01,35.6404,5.82527,300,0,0,2614,0,0,0,0,0,'',0),
(3115486,21968,0,0,1,0,0,1,1,0,1601.01,-4091.87,35.5195,4.52778,300,0,0,2614,0,0,0,0,0,'',0);

-- Alliance commendation npcs
DELETE FROM `creature` WHERE `id1` IN (15731, 15733, 15735, 15734, 21969);
INSERT INTO `creature` (`guid`, `id1`, `id2`, `id3`, `map`, `zoneId`, `areaId`, `spawnMask`, `phaseMask`, `equipment_id`, `position_x`, `position_y`, `position_z`, `orientation`, `spawntimesecs`, `wander_distance`, `currentwaypoint`, `curhealth`, `curmana`, `MovementType`, `npcflag`, `unit_flags`, `dynamicflags`, `ScriptName`, `VerifiedBuild`) VALUES
(3115489,15731,0,0,0,0,0,1,1,0,-4938.75,-1206.29,501.658,4.03146,300,0,0,2614,0,0,0,0,0,'',0),
(3115490,15733,0,0,0,0,0,1,1,0,-4936.65,-1209.73,501.658,3.95796,300,0,0,2614,0,0,0,0,0,'',0),
(3115492,15734,0,0,0,0,0,1,1,0,-4943.13,-1204.78,501.658,4.62712,300,0,0,2614,0,0,0,0,0,'',0),
(3115491,15735,0,0,0,0,0,1,1,0,-4936.06,-1214.82,501.639,3.21465,300,0,0,2614,0,0,0,0,0,'',0),
(3115493,21969,0,0,0,0,0,1,1,0,-4946.71,-1206.24,501.658,5.19933,300,0,0,2614,0,0,0,0,0,'',0);

DELETE FROM `creature` WHERE `id1` IN (15700, 15701);
INSERT INTO `creature` (`guid`, `id1`, `id2`, `id3`, `map`, `zoneId`, `areaId`, `spawnMask`, `phaseMask`, `equipment_id`, `position_x`, `position_y`, `position_z`, `orientation`, `spawntimesecs`, `wander_distance`, `currentwaypoint`, `curhealth`, `curmana`, `MovementType`, `npcflag`, `unit_flags`, `dynamicflags`, `ScriptName`, `VerifiedBuild`) VALUES
(3115499,15701,0,0,0,0,0,1,1,1,-4961.68,-1243.19,501.672,2.46488,300,0,0,30520,0,0,0,134254592,0,'',0),
(3115502,15700,0,0,1,0,0,1,1,1,1581.39,-4202.27,41.8233,4.96133,300,0,1,30520,0,2,0,134217728,0,'',0);

SET @NPC := 15701;
SET @PATH := @NPC * 10;
DELETE FROM `waypoint_data` WHERE `id` = @PATH;
INSERT INTO `waypoint_data` (`id`, `point`, `position_x`, `position_y`, `position_z`, `orientation`, `delay`, `move_type`, `action`, `action_chance`, `wpguid`) VALUES
(@PATH, 1, -4975.995605, -1231.047607, 501.676392, 2.419811, 0, 0, 0, 100, 0),
(@PATH, 2, -4994.347168, -1208.347168, 501.676392, 2.021614, 0, 0, 0, 100, 0),
(@PATH, 3, -4992.331543, -1191.743164, 501.661407, 1.034368, 0, 0, 0, 100, 0),
(@PATH, 4, -4977.826172, -1184.909424, 501.659943, 6.023217, 0, 0, 0, 100, 0),
(@PATH, 5, -4963.172852, -1191.700562, 501.659943, 5.594390, 0, 0, 0, 100, 0),
(@PATH, 6, -4953.628418, -1206.568237, 501.659943, 5.093306, 0, 0, 0, 100, 0),
(@PATH, 7, -4944.017578, -1226.812378, 501.659241, 4.541171, 0, 0, 0, 100, 0),
(@PATH, 8, -4951.852051, -1236.240234, 501.664520, 3.806038, 0, 0, 0, 100, 0);

DELETE FROM `creature_template_addon` WHERE `entry` IN (@NPC);
INSERT INTO `creature_template_addon` (`entry`,`path_id`,`mount`,`bytes1`,`bytes2`,`emote`,`visibilityDistanceType`,`auras`) VALUES
(@NPC,@PATH,14347,0,1,0,0, '');

UPDATE `creature` SET `MovementType` = 2, `currentwaypoint` = 1 WHERE `id1` = 15701;

SET @NPC := 15700;
SET @PATH := @NPC * 10;
DELETE FROM `waypoint_data` WHERE `id` = @PATH;
INSERT INTO `waypoint_data` (`id`, `point`, `position_x`, `position_y`, `position_z`, `orientation`, `delay`, `move_type`, `action`, `action_chance`, `wpguid`) VALUES
(@PATH, 1, 1578.605957, -4182.716797, 39.134441, 1.467103, 0, 0, 0, 100, 0),
(@PATH, 2, 1580.579590, -4161.104004, 35.596245, 1.116816, 0, 0, 0, 100, 0),
(@PATH, 3, 1592.792236, -4137.739746, 32.130486, 0.887479, 0, 0, 0, 100, 0),
(@PATH, 4, 1606.842896, -4121.146484, 29.679825, 0.547402, 0, 0, 0, 100, 0),
(@PATH, 5, 1647.132690, -4103.271484, 31.960993, 0.366760, 0, 0, 0, 100, 0),
(@PATH, 6, 1684.800659, -4091.520508, 37.020203, 0.325919, 0, 0, 0, 100, 0),
(@PATH, 7, 1712.287964, -4083.820801, 40.581638, 0.325919, 0, 0, 0, 100, 0),
(@PATH, 8, 1731.218018, -4067.316650, 45.004307, 0.883552, 0, 0, 0, 100, 0),
(@PATH, 9, 1712.287964, -4083.820801, 40.581638, 0.325919, 0, 0, 0, 100, 0),
(@PATH, 10, 1684.800659, -4091.520508, 37.020203, 0.325919, 0, 0, 0, 100, 0),
(@PATH, 11, 1647.132690, -4103.271484, 31.960993, 0.366760, 0, 0, 0, 100, 0),
(@PATH, 12, 1606.842896, -4121.146484, 29.679825, 0.547402, 0, 0, 0, 100, 0),
(@PATH, 13, 1592.792236, -4137.739746, 32.130486, 0.887479, 0, 0, 0, 100, 0),
(@PATH, 14, 1580.579590, -4161.104004, 35.596245, 1.116816, 0, 0, 0, 100, 0),
(@PATH, 15, 1578.605957, -4182.716797, 39.134441, 1.467103, 0, 0, 0, 100, 0);

UPDATE `creature_template_addon` SET `path_id` = @PATH WHERE `entry` = @NPC;

UPDATE `creature` SET `MovementType` = 2, `currentwaypoint` = 1 WHERE `id1` = @NPC;

DELETE FROM `gossip_menu` WHERE `MenuID` = 61050 AND `TextID` = 8092;
DELETE FROM `gossip_menu` WHERE `MenuID` = 61051 AND `TextID` = 8082;
INSERT INTO `gossip_menu` (`MenuID`, `TextID`) VALUES
(61050, 8092),
(61051, 8082);

UPDATE `creature_template` SET `gossip_menu_id` = 61050 WHERE `entry` = 15700;
UPDATE `creature_template` SET `gossip_menu_id` = 61051 WHERE `entry` = 15701;

DELETE FROM `gossip_menu_option` WHERE `MenuID` = 61050 AND `OptionID` IN (0, 1, 2, 3, 4);
INSERT INTO `gossip_menu_option` (`MenuID`, `OptionID`, `OptionIcon`, `OptionText`, `OptionBroadcastTextID`, `OptionType`, `OptionNpcFlag`, `ActionMenuID`, `ActionPoiID`, `BoxCoded`, `BoxMoney`, `BoxText`, `BoxBroadcastTextID`, `VerifiedBuild`) VALUES
(61050, 0, 0, 'How many metal bars have the Horde collected so far?', 0, 1, 2, 0, 0, 0, 0, '', 0, 0),
(61050, 1, 0, 'How many herbs have the Horde collected so far?', 0, 1, 2, 0, 0, 0, 0, '', 0, 0),
(61050, 2, 0, 'How many leather skins have the Horde collected so far?', 0, 1, 2, 0, 0, 0, 0, '', 0, 0),
(61050, 3, 0, 'How many bandages have the Horde collected so far?', 0, 1, 2, 0, 0, 0, 0, '', 0, 0),
(61050, 4, 0, 'How many cooked goods have the Horde collected so far?', 0, 1, 2, 0, 0, 0, 0, '', 0, 0);

DELETE FROM `gossip_menu_option` WHERE `MenuID` = 61051 AND `OptionID` IN (0, 1, 2, 3, 4);
INSERT INTO `gossip_menu_option` (`MenuID`, `OptionID`, `OptionIcon`, `OptionText`, `OptionBroadcastTextID`, `OptionType`, `OptionNpcFlag`, `ActionMenuID`, `ActionPoiID`, `BoxCoded`, `BoxMoney`, `BoxText`, `BoxBroadcastTextID`, `VerifiedBuild`) VALUES
(61051, 0, 0, 'How many metal bars have the Alliance collected so far?', 0, 1, 2, 0, 0, 0, 0, '', 0, 0),
(61051, 1, 0, 'How many herbs have the Alliance collected so far?', 0, 1, 2, 0, 0, 0, 0, '', 0, 0),
(61051, 2, 0, 'How many leather skins have the Alliance collected so far?', 0, 1, 2, 0, 0, 0, 0, '', 0, 0),
(61051, 3, 0, 'How many bandages have the Alliance collected so far?', 0, 1, 2, 0, 0, 0, 0, '', 0, 0),
(61051, 4, 0, 'How many cooked goods have the Alliance collected so far?', 0, 1, 2, 0, 0, 0, 0, '', 0, 0);

UPDATE `creature_template` SET `ScriptName` = 'npc_mod_war_effort_quartermaster' WHERE `entry` IN (15700, 15701);
