-- DB update 2024_12_07_04 -> 2024_12_08_00

-- Delete Unofficial Npcs

DELETE FROM `creature` WHERE (`id1` = 28610) AND (`guid` IN (130030, 130012, 130010, 130016, 130029, 130033));
DELETE FROM `creature_addon` WHERE (`guid` IN (130030, 130012, 130010, 130016, 130029, 130033));

DELETE FROM `creature` WHERE (`id1` = 28936) AND (`guid` IN (129650));
DELETE FROM `creature_addon` WHERE (`guid` IN (129650));

DELETE FROM `creature` WHERE (`id1` = 28946) AND (`guid` IN (129809, 129810));
DELETE FROM `creature_addon` WHERE (`guid` IN (129809, 129810));


-- Adding new Npcs

DELETE FROM `creature` WHERE (`id1` = 28940) AND (`guid` IN (129709, 129724, 129726, 129809, 129810, 129815, 129816, 129817, 129818, 129819, 129820, 129821, 129822, 129827, 129828));
INSERT INTO `creature` (`guid`, `id1`, `id2`, `id3`, `map`, `zoneId`, `areaId`, `spawnMask`, `phaseMask`, `equipment_id`, `position_x`, `position_y`, `position_z`, `orientation`, `spawntimesecs`, `wander_distance`, `currentwaypoint`, `curhealth`, `curmana`, `MovementType`, `npcflag`, `unit_flags`, `dynamicflags`, `ScriptName`, `VerifiedBuild`, `CreateObject`, `Comment`) VALUES
(129709, 28940, 0, 0, 609, 0, 0, 1, 4, 1, 1734.43, -5784.23, 116.172, 0.406355, 360, 5, 0, 2533, 0, 1, 0, 0, 0, '', 0, 0, NULL),
(129724, 28940, 0, 0, 609, 0, 0, 1, 4, 1, 1749.67, -5742.82, 114.931, 3.7556, 360, 5, 0, 2533, 0, 1, 0, 0, 0, '', 0, 0, NULL),
(129726, 28940, 0, 0, 609, 0, 0, 1, 4, 1, 1623.07, -5805.79, 117.111, 1.67552, 360, 5, 0, 2533, 0, 1, 0, 0, 0, '', 0, 0, NULL),
(129809, 28940, 0, 0, 609, 0, 0, 1, 4, 1, 1566.68, -5843.24, 124.486, 0.018112, 360, 5, 0, 2533, 0, 1, 0, 0, 0, '', 0, 0, NULL),
(129810, 28940, 0, 0, 609, 0, 0, 1, 4, 1, 1568.07, -5872.31, 126.611, 2.97082, 360, 5, 0, 2533, 0, 1, 0, 0, 0, '', 0, 0, NULL),
(129815, 28940, 0, 0, 609, 0, 0, 1, 4, 1, 1539.99, -5827.92, 126.968, 0.003454, 360, 5, 0, 2533, 0, 1, 0, 0, 0, '', 0, 0, NULL),
(129816, 28940, 0, 0, 609, 0, 0, 1, 4, 1, 1620.68, -5959.25, 130.031, 4.83092, 360, 5, 0, 2533, 0, 1, 0, 0, 0, '', 0, 0, NULL),
(129817, 28940, 0, 0, 609, 0, 0, 1, 4, 1, 1665, -5941.56, 125.38, 4.69872, 360, 5, 0, 2533, 0, 1, 0, 0, 0, '', 0, 0, NULL),
(129818, 28940, 0, 0, 609, 0, 0, 1, 4, 1, 1532.09, -6093.49, 116.442, 2.7939, 360, 5, 0, 2533, 0, 1, 0, 0, 0, '', 0, 0, NULL),
(129819, 28940, 0, 0, 609, 0, 0, 1, 4, 1, 1451.44, -6018, 116.488, 4.07183, 360, 5, 0, 2533, 0, 1, 0, 0, 0, '', 0, 0, NULL),
(129820, 28940, 0, 0, 609, 0, 0, 1, 4, 1, 1580.83, -5946.55, 120.622, 5.8606, 360, 5, 0, 2533, 0, 1, 0, 0, 0, '', 0, 0, NULL),
(129821, 28940, 0, 0, 609, 0, 0, 1, 4, 1, 1511.32, -5919.43, 132.269, 6.26352, 360, 5, 0, 2533, 0, 1, 0, 0, 0, '', 0, 0, NULL),
(129822, 28940, 0, 0, 609, 0, 0, 1, 4, 1, 1490.2, -5941.34, 132.825, 2.79482, 360, 5, 0, 2533, 0, 1, 0, 0, 0, '', 0, 0, NULL),
(129827, 28940, 0, 0, 609, 0, 0, 1, 4, 1, 1520.09, -5794.53, 129.856, 1.62651, 360, 5, 0, 2533, 0, 1, 0, 0, 0, '', 0, 0, NULL),
(129828, 28940, 0, 0, 609, 0, 0, 1, 4, 1, 1729.86, -5913.41, 116.746, 3.49053, 360, 5, 0, 2533, 0, 1, 0, 0, 0, '', 0, 0, NULL);


DELETE FROM `creature` WHERE (`id1` = 28610) AND (`guid` IN (129999, 130000, 130010, 130012, 130015, 130016, 130029, 130030, 130033, 130036, 130037, 130039, 130040, 130041, 130223, 130224));
INSERT INTO `creature` (`guid`, `id1`, `id2`, `id3`, `map`, `zoneId`, `areaId`, `spawnMask`, `phaseMask`, `equipment_id`, `position_x`, `position_y`, `position_z`, `orientation`, `spawntimesecs`, `wander_distance`, `currentwaypoint`, `curhealth`, `curmana`, `MovementType`, `npcflag`, `unit_flags`, `dynamicflags`, `ScriptName`, `VerifiedBuild`, `CreateObject`, `Comment`) VALUES
(129999, 28610, 0, 0, 609, 0, 0, 1, 4, 1, 1734.43, -5784.23, 116.172, 0.406355, 360, 5, 0, 2026, 2041, 1, 0, 0, 0, '', 0, 0, NULL),
(130000, 28610, 0, 0, 609, 0, 0, 1, 4, 1, 1663.36, -5752.88, 113.99, 3.03396, 360, 5, 0, 2026, 2041, 1, 0, 0, 0, '', 0, 0, NULL),
(130010, 28610, 0, 0, 609, 0, 0, 1, 4, 1, 1677.36, -5703.88, 105.353, 2.24203, 360, 5, 0, 2026, 2041, 1, 0, 0, 0, '', 0, 0, NULL),
(130012, 28610, 0, 0, 609, 0, 0, 1, 4, 1, 1648.06, -5674.08, 116.467, 3.081, 360, 5, 0, 2026, 2041, 1, 0, 0, 0, '', 0, 0, NULL),
(130015, 28610, 0, 0, 609, 0, 0, 1, 4, 1, 1660.21, -5824.9, 116.971, 3.94356, 360, 5, 0, 2026, 2041, 1, 0, 0, 0, '', 0, 0, NULL),
(130016, 28610, 0, 0, 609, 0, 0, 1, 4, 1, 1576.75, -5783.07, 118.481, 3.62097, 360, 5, 0, 2026, 2041, 1, 0, 0, 0, '', 0, 0, NULL),
(130029, 28610, 0, 0, 609, 0, 0, 1, 4, 1, 1522.65, -5847.58, 131.443, 4.58716, 360, 5, 0, 2026, 2041, 1, 0, 0, 0, '', 0, 0, NULL),
(130030, 28610, 0, 0, 609, 0, 0, 1, 4, 1, 1479.81, -5878.11, 132.03, 3.4523, 360, 5, 0, 2026, 2041, 1, 0, 0, 0, '', 0, 0, NULL),
(130033, 28610, 0, 0, 609, 0, 0, 1, 4, 1, 1503.04, -6021.4, 117.001, 2.53463, 360, 5, 0, 2026, 2041, 1, 0, 0, 0, '', 0, 0, NULL),
(130036, 28610, 0, 0, 609, 0, 0, 1, 4, 1, 1475.8, -5729.39, 131.817, 1.30954, 360, 5, 0, 2026, 2041, 1, 0, 0, 0, '', 0, 0, NULL),
(130037, 28610, 0, 0, 609, 0, 0, 1, 4, 1, 1598.54, -5873.95, 118.091, 4.6867, 360, 5, 0, 2026, 2041, 1, 0, 0, 0, '', 0, 0, NULL),
(130039, 28610, 0, 0, 609, 0, 0, 1, 4, 1, 1780.26, -5889.16, 116.729, 0.107993, 360, 5, 0, 2026, 2041, 1, 0, 0, 0, '', 0, 0, NULL),
(130040, 28610, 0, 0, 609, 0, 0, 1, 4, 1, 1511.32, -5919.43, 132.269, 6.26352, 360, 5, 0, 2026, 2041, 1, 0, 0, 0, '', 0, 0, NULL),
(130041, 28610, 0, 0, 609, 0, 0, 1, 4, 1, 1490.2, -5941.34, 132.825, 2.79482, 360, 5, 0, 2026, 2041, 1, 0, 0, 0, '', 0, 0, NULL),
(130223, 28610, 0, 0, 609, 0, 0, 1, 4, 1, 1520.09, -5794.53, 129.856, 1.62651, 360, 5, 0, 2026, 2041, 1, 0, 0, 0, '', 0, 0, NULL),
(130224, 28610, 0, 0, 609, 0, 0, 1, 4, 1, 1729.86, -5913.41, 116.746, 3.49053, 360, 5, 0, 2026, 2041, 1, 0, 0, 0, '', 0, 0, NULL);


DELETE FROM `creature` WHERE (`id1` = 28939) AND (`guid` IN (129540, 129541, 129542, 129543, 129548, 129549, 129550, 129551, 129552, 129553, 129554, 129557, 129558, 129559, 129560, 129561, 129539, 129538, 129537, 129536, 129535, 129644, 129650));
INSERT INTO `creature` (`guid`, `id1`, `id2`, `id3`, `map`, `zoneId`, `areaId`, `spawnMask`, `phaseMask`, `equipment_id`, `position_x`, `position_y`, `position_z`, `orientation`, `spawntimesecs`, `wander_distance`, `currentwaypoint`, `curhealth`, `curmana`, `MovementType`, `npcflag`, `unit_flags`, `dynamicflags`, `ScriptName`, `VerifiedBuild`, `CreateObject`, `Comment`) VALUES
(129540, 28939, 0, 0, 609, 0, 0, 1, 4, 1, 1749.67, -5742.82, 114.931, 3.7556, 360, 5, 0, 1717, 4765, 1, 0, 0, 0, '', 0, 0, NULL),
(129541, 28939, 0, 0, 609, 0, 0, 1, 4, 1, 1663.36, -5752.88, 113.99, 3.03396, 360, 5, 0, 1717, 4765, 1, 0, 0, 0, '', 0, 0, NULL),
(129542, 28939, 0, 0, 609, 0, 0, 1, 4, 1, 1648.06, -5674.08, 116.467, 3.081, 360, 5, 0, 1717, 4765, 1, 0, 0, 0, '', 0, 0, NULL),
(129543, 28939, 0, 0, 609, 0, 0, 1, 4, 1, 1677.36, -5703.88, 105.353, 2.24203, 360, 5, 0, 1717, 4765, 1, 0, 0, 0, '', 0, 0, NULL),
(129548, 28939, 0, 0, 609, 0, 0, 1, 4, 1, 1623.07, -5805.79, 117.111, 1.67552, 360, 5, 0, 1717, 4765, 1, 0, 0, 0, '', 0, 0, NULL),
(129549, 28939, 0, 0, 609, 0, 0, 1, 4, 1, 1660.21, -5824.9, 116.971, 3.94356, 360, 5, 0, 1717, 4765, 1, 0, 0, 0, '', 0, 0, NULL),
(129550, 28939, 0, 0, 609, 0, 0, 1, 4, 1, 1576.75, -5783.07, 118.481, 3.62097, 360, 5, 0, 1717, 4765, 1, 0, 0, 0, '', 0, 0, NULL),
(129551, 28939, 0, 0, 609, 0, 0, 1, 4, 1, 1522.65, -5847.58, 131.443, 4.58716, 360, 5, 0, 1717, 4765, 1, 0, 0, 0, '', 0, 0, NULL),
(129552, 28939, 0, 0, 609, 0, 0, 1, 4, 1, 1479.81, -5878.11, 132.03, 3.4523, 360, 5, 0, 1717, 4765, 1, 0, 0, 0, '', 0, 0, NULL),
(129553, 28939, 0, 0, 609, 0, 0, 1, 4, 1, 1503.04, -6021.4, 117.001, 2.53463, 360, 5, 0, 1717, 4765, 1, 0, 0, 0, '', 0, 0, NULL),
(129554, 28939, 0, 0, 609, 0, 0, 1, 4, 1, 1475.8, -5729.39, 131.817, 1.30954, 360, 5, 0, 1717, 4765, 1, 0, 0, 0, '', 0, 0, NULL),
(129557, 28939, 0, 0, 609, 0, 0, 1, 4, 1, 1598.54, -5873.95, 118.091, 4.6867, 360, 5, 0, 1717, 4765, 1, 0, 0, 0, '', 0, 0, NULL),
(129558, 28939, 0, 0, 609, 0, 0, 1, 4, 1, 1780.26, -5889.16, 116.729, 0.107993, 360, 5, 0, 1717, 4765, 1, 0, 0, 0, '', 0, 0, NULL),
(129559, 28939, 0, 0, 609, 0, 0, 1, 4, 1, 1566.68, -5843.24, 124.486, 0.018112, 360, 5, 0, 1717, 4765, 1, 0, 0, 0, '', 0, 0, NULL),
(129560, 28939, 0, 0, 609, 0, 0, 1, 4, 1, 1568.07, -5872.31, 126.611, 2.97082, 360, 5, 0, 1717, 4765, 1, 0, 0, 0, '', 0, 0, NULL),
(129561, 28939, 0, 0, 609, 0, 0, 1, 4, 1, 1539.99, -5827.92, 126.968, 0.003454, 360, 5, 0, 1717, 4765, 1, 0, 0, 0, '', 0, 0, NULL),
(129539, 28939, 0, 0, 609, 0, 0, 1, 4, 1, 1620.68, -5959.25, 130.031, 4.83092, 360, 5, 0, 1717, 4765, 1, 0, 0, 0, '', 0, 0, NULL),
(129538, 28939, 0, 0, 609, 0, 0, 1, 4, 1, 1665, -5941.56, 125.38, 4.69872, 360, 5, 0, 1717, 4765, 1, 0, 0, 0, '', 0, 0, NULL),
(129537, 28939, 0, 0, 609, 0, 0, 1, 4, 1, 1532.09, -6093.49, 116.442, 2.7939, 360, 5, 0, 1717, 4765, 1, 0, 0, 0, '', 0, 0, NULL),
(129536, 28939, 0, 0, 609, 0, 0, 1, 4, 1, 1451.44, -6018, 116.488, 4.07183, 360, 5, 0, 1717, 4765, 1, 0, 0, 0, '', 0, 0, NULL),
(129535, 28939, 0, 0, 609, 0, 0, 1, 4, 1, 1580.83, -5946.55, 120.622, 5.8606, 360, 5, 0, 1717, 4765, 1, 0, 0, 0, '', 0, 0, NULL),
(129644, 28939, 0, 0, 609, 0, 0, 1, 4, 1, 1786.45, -5806.70, 113.72, 0.21385, 360, 0, 0, 1717, 4765, 0, 0, 0, 0, '', 0, 0, NULL),
(129650, 28939, 0, 0, 609, 0, 0, 1, 4, 1, 1805.73, -5937.30, 115.72, 0.3613, 360, 0, 0, 1717, 4765, 0, 0, 0, 0, '', 0, 0, NULL);


-- Update positions

UPDATE `creature` SET `position_x` = 1802.79, `position_y` = -5914.66, `position_z` = 116.15, `orientation` = 6.0555 WHERE `guid` = 130017 AND `id1` = 28610;
UPDATE `creature` SET `position_x` = 1807.15, `position_y` = -5984.17, `position_z` = 116.08, `orientation` = 1.5276 WHERE `guid` = 129641 AND `id1` = 28936;
UPDATE `creature` SET `position_x` = 1831.41, `position_y` = -5949.47, `position_z` = 116.00, `orientation` = 0.4477 WHERE `guid` = 129642 AND `id1` = 28936;
UPDATE `creature` SET `position_x` = 1760.93, `position_y` = -5819.50, `position_z` = 116.11, `orientation` = 0.0865 WHERE `guid` = 129645 AND `id1` = 28936;
UPDATE `creature` SET `position_x` = 1780.02, `position_y` = -5797.99, `position_z` = 115.79, `orientation` = 0.06693 WHERE `guid` = 130018 AND `id1` = 28610;
UPDATE `creature` SET `position_x` = 1774.23, `position_y` = -5778.09, `position_z` = 116.67, `orientation` = 5.10919 WHERE `guid` = 130019 AND `id1` = 28610;
UPDATE `creature` SET `position_x` = 1813.46, `position_y` = -5798.06, `position_z` = 116.06, `orientation` = 6.15145 WHERE `guid` = 130027 AND `id1` = 28610;


-- Add Waypoints

DELETE FROM `waypoint_data` WHERE `id` IN (12981300, 12981400);
INSERT INTO `waypoint_data` (`id`, `point`, `position_x`, `position_y`, `position_z`, `orientation`, `delay`, `move_type`, `action`, `action_chance`, `wpguid`) VALUES

(12981300, 1, 1585.32, -5710.3, 121.681, NULL, 0, 0, 0, 100, 0),
(12981300, 2, 1581.37, -5702.54, 121.681, NULL, 0, 0, 0, 100, 0),
(12981300, 3, 1585.08, -5700.96, 123.04, NULL, 0, 0, 0, 100, 0),
(12981300, 4, 1581.93, -5702.5, 121.682, NULL, 0, 0, 0, 100, 0),
(12981300, 5, 1573.53, -5706.46, 121.682, NULL, 0, 0, 0, 100, 0),
(12981300, 6, 1564.8, -5710.51, 121.682, NULL, 0, 0, 0, 100, 0),
(12981300, 7, 1557.25, -5714.21, 121.682, NULL, 0, 0, 0, 100, 0),
(12981300, 8, 1561.1, -5721.96, 121.682, NULL, 0, 0, 0, 100, 0),
(12981300, 9, 1567.68, -5718.7, 121.682, NULL, 0, 0, 0, 100, 0),
(12981300, 10, 1575.49, -5714.84, 121.682, NULL, 0, 0, 0, 100, 0),
(12981300, 11, 1578.94, -5713.27, 121.78, NULL, 0, 0, 0, 100, 0),

(12981400, 1, 1601.89, -5753.35, 119.255, NULL, 0, 0, 0, 100, 0),
(12981400, 2, 1595.51, -5741.11, 119.235, NULL, 0, 0, 0, 100, 0),
(12981400, 3, 1592.99, -5735.69, 121.679, NULL, 0, 0, 0, 100, 0),
(12981400, 4, 1591.42, -5732.56, 121.679, NULL, 0, 0, 0, 100, 0),
(12981400, 5, 1586.49, -5722.84, 121.679, NULL, 0, 0, 0, 100, 0),
(12981400, 6, 1580.38, -5722.36, 121.68, NULL, 0, 0, 0, 100, 0),
(12981400, 7, 1577.53, -5723.89, 120.786, NULL, 0, 0, 0, 100, 0),
(12981400, 8, 1572.46, -5726.39, 120.779, NULL, 0, 0, 0, 100, 0),
(12981400, 9, 1571.4, -5724.31, 120.78, NULL, 0, 0, 0, 100, 0),
(12981400, 10, 1570.38, -5722.27, 121.681, NULL, 0, 0, 0, 100, 0),
(12981400, 11, 1564.72, -5710.61, 121.681, NULL, 0, 0, 0, 100, 0),
(12981400, 12, 1569.95, -5708.03, 121.681, NULL, 0, 0, 0, 100, 0),
(12981400, 13, 1576.13, -5705.05, 121.681, NULL, 0, 0, 0, 100, 0),
(12981400, 14, 1580.03, -5703.18, 121.681, NULL, 0, 0, 0, 100, 0),
(12981400, 15, 1576.13, -5705.05, 121.681, NULL, 0, 0, 0, 100, 0),
(12981400, 16, 1569.95, -5708.03, 121.681, NULL, 0, 0, 0, 100, 0),
(12981400, 17, 1564.72, -5710.61, 121.681, NULL, 0, 0, 0, 100, 0),
(12981400, 18, 1570.38, -5722.27, 121.681, NULL, 0, 0, 0, 100, 0),
(12981400, 19, 1571.4, -5724.31, 120.78, NULL, 0, 0, 0, 100, 0),
(12981400, 20, 1572.46, -5726.39, 120.779, NULL, 0, 0, 0, 100, 0),
(12981400, 21, 1577.53, -5723.89, 120.786, NULL, 0, 0, 0, 100, 0),
(12981400, 22, 1580.38, -5722.36, 121.68, NULL, 0, 0, 0, 100, 0),
(12981400, 23, 1586.49, -5722.84, 121.679, NULL, 0, 0, 0, 100, 0),
(12981400, 24, 1591.42, -5732.56, 121.679, NULL, 0, 0, 0, 100, 0),
(12981400, 25, 1592.99, -5735.69, 121.679, NULL, 0, 0, 0, 100, 0),
(12981400, 26, 1595.51, -5741.11, 119.235, NULL, 0, 0, 0, 100, 0),
(12981400, 27, 1601.89, -5753.35, 119.255, NULL, 0, 0, 0, 100, 0);


-- Set Creature wander distance and movement type

UPDATE `creature` SET `wander_distance` = 5, `MovementType` = 1 WHERE `guid` = 130019 AND `id1` = 28610;
UPDATE `creature` SET `wander_distance` = 0, `MovementType` = 2 WHERE `guid` IN (129813, 129814) AND `id1` = 28946;

-- Update path IDs.

UPDATE `creature_addon` SET `path_id` = 12981300 WHERE (`guid` IN (129813));
UPDATE `creature_addon` SET `path_id` = 12981400 WHERE (`guid` IN (129814));


-- Spawn Groups

DELETE FROM `pool_template` WHERE (`entry` IN (22357, 22358, 22359, 22360, 22361, 22362, 22363, 22364, 22365, 22366, 22367, 22368, 22369, 22370, 22371, 22372, 22373, 22374, 22375, 22376, 22377, 22378, 22379, 22380, 22381, 22382));
INSERT INTO `pool_template` (`entry`, `max_limit`, `description`) VALUES 
(22357, 1, 'Scarlet Crusader/Preacher/Marksman Spawn (1 out 26)'),
(22358, 1, 'Scarlet Crusader/Preacher/Marksman Spawn (2 out 26)'),
(22359, 1, 'Scarlet Crusader/Preacher/Marksman Spawn (3 out 26)'),
(22360, 1, 'Scarlet Crusader/Preacher/Marksman Spawn (4 out 26)'),
(22361, 1, 'Scarlet Crusader/Preacher/Marksman Spawn (5 out 26)'),
(22362, 1, 'Scarlet Crusader/Preacher/Marksman Spawn (6 out 26)'),
(22363, 1, 'Scarlet Crusader/Preacher/Marksman Spawn (7 out 26)'),
(22364, 1, 'Scarlet Crusader/Preacher/Marksman Spawn (8 out 26)'),
(22365, 1, 'Scarlet Crusader/Preacher/Marksman Spawn (9 out 26)'),
(22366, 1, 'Scarlet Crusader/Preacher/Marksman Spawn (10 out 26)'),
(22367, 1, 'Scarlet Crusader/Preacher/Marksman Spawn (11 out 26)'),
(22368, 1, 'Scarlet Crusader/Preacher/Marksman Spawn (12 out 26)'),
(22369, 1, 'Scarlet Crusader/Preacher/Marksman Spawn (13 out 26)'),
(22370, 1, 'Scarlet Crusader/Preacher/Marksman Spawn (14 out 26)'),
(22371, 1, 'Scarlet Crusader/Preacher/Marksman Spawn (15 out 26)'),
(22372, 1, 'Scarlet Crusader/Preacher/Marksman Spawn (16 out 26)'),
(22373, 1, 'Scarlet Crusader/Preacher/Marksman Spawn (17 out 26)'),
(22374, 1, 'Scarlet Crusader/Preacher/Marksman Spawn (18 out 26)'),
(22375, 1, 'Scarlet Crusader/Preacher/Marksman Spawn (19 out 26)'),
(22376, 1, 'Scarlet Crusader/Preacher/Marksman Spawn (20 out 26)'),
(22377, 1, 'Scarlet Crusader/Preacher/Marksman Spawn (21 out 26)'),
(22378, 1, 'Scarlet Crusader/Preacher/Marksman Spawn (22 out 26)'),
(22379, 1, 'Scarlet Crusader/Preacher/Marksman Spawn (23 out 26)'),
(22380, 1, 'Scarlet Crusader/Preacher/Marksman Spawn (24 out 26)'),
(22381, 1, 'Scarlet Crusader/Preacher/Marksman Spawn (25 out 26)'),
(22382, 1, 'Scarlet Crusader/Preacher/Marksman Spawn (26 out 26)');



DELETE FROM `pool_creature` WHERE (`pool_entry` IN (22357, 22358, 22359, 22360, 22361, 22362, 22363, 22364, 22365, 22366, 22367, 22368, 22369, 22370, 22371, 22372, 22373, 22374, 22375, 22376, 22377, 22378, 22379, 22380, 22381, 22382));
INSERT INTO `pool_creature` (`guid`, `pool_entry`, `chance`, `description`) VALUES 
(129558, 22357, 0, 'Scarlet Preacher (28939) (1 out 26)'),
(129693, 22357, 0, 'Scarlet Crusader (28940) (1 out 26)'),
(130039, 22357, 0, 'Scarlet Marksman (28610) (1 out 26)'),

(129676, 22358, 0, 'Scarlet Preacher (28939) (2 out 26)'),
(129709, 22358, 0, 'Scarlet Crusader (28940) (2 out 26)'),
(129999, 22358, 0, 'Scarlet Marksman (28610) (2 out 26)'),

(129540, 22359, 0, 'Scarlet Preacher (28939) (3 out 26)'),
(129724, 22359, 0, 'Scarlet Crusader (28940) (3 out 26)'),
(130023, 22359, 0, 'Scarlet Marksman (28610) (3 out 26)'),

(129541, 22360, 0, 'Scarlet Preacher (28939) (4 out 26)'),
(129692, 22360, 0, 'Scarlet Crusader (28940) (4 out 26)'),
(130000, 22360, 0, 'Scarlet Marksman (28610) (4 out 26)'),

(129543, 22361, 0, 'Scarlet Preacher (28939) (5 out 26)'),
(129687, 22361, 0, 'Scarlet Crusader (28940) (5 out 26)'),
(130010, 22361, 0, 'Scarlet Marksman (28610) (5 out 26)'),

(129542, 22362, 0, 'Scarlet Preacher (28939) (6 out 26)'),
(129684, 22362, 0, 'Scarlet Crusader (28940) (6 out 26)'),
(130012, 22362, 0, 'Scarlet Marksman (28610) (6 out 26)'),

(129548, 22363, 0, 'Scarlet Preacher (28939) (7 out 26)'),
(129726, 22363, 0, 'Scarlet Crusader (28940) (7 out 26)'),
(130021, 22363, 0, 'Scarlet Marksman (28610) (7 out 26)'),

(129550, 22364, 0, 'Scarlet Preacher (28939) (8 out 26)'),
(129686, 22364, 0, 'Scarlet Crusader (28940) (8 out 26)'),
(130016, 22364, 0, 'Scarlet Marksman (28610) (8 out 26)'),

(129549, 22365, 0, 'Scarlet Preacher (28939) (9 out 26)'),
(129725, 22365, 0, 'Scarlet Crusader (28940) (9 out 26)'),
(130015, 22365, 0, 'Scarlet Marksman (28610) (9 out 26)'),

(129554, 22366, 0, 'Scarlet Preacher (28939) (10 out 26)'),
(129685, 22366, 0, 'Scarlet Crusader (28940) (10 out 26)'),
(130036, 22366, 0, 'Scarlet Marksman (28610) (10 out 26)'),

(129665, 22367, 0, 'Scarlet Preacher (28939) (11 out 26)'),
(129827, 22367, 0, 'Scarlet Crusader (28940) (11 out 26)'),
(130223, 22367, 0, 'Scarlet Marksman (28610) (11 out 26)'),

(129561, 22368, 0, 'Scarlet Preacher (28939) (12 out 26)'),
(129815, 22368, 0, 'Scarlet Crusader (28940) (12 out 26)'),
(130003, 22368, 0, 'Scarlet Marksman (28610) (12 out 26)'),

(129559, 22369, 0, 'Scarlet Preacher (28939) (13 out 26)'),
(129809, 22369, 0, 'Scarlet Crusader (28940) (13 out 26)'),
(130020, 22369, 0, 'Scarlet Marksman (28610) (13 out 26)'),

(129560, 22370, 0, 'Scarlet Preacher (28939) (14 out 26)'),
(129810, 22370, 0, 'Scarlet Crusader (28940) (14 out 26)'),
(130006, 22370, 0, 'Scarlet Marksman (28610) (14 out 26)'),

(129551, 22371, 0, 'Scarlet Preacher (28939) (15 out 26)'),
(129694, 22371, 0, 'Scarlet Crusader (28940) (15 out 26)'),
(130029, 22371, 0, 'Scarlet Marksman (28610) (15 out 26)'),

(129552, 22372, 0, 'Scarlet Preacher (28939) (16 out 26)'),
(129723, 22372, 0, 'Scarlet Crusader (28940) (16 out 26)'),
(130030, 22372, 0, 'Scarlet Marksman (28610) (16 out 26)'),

(129669, 22373, 0, 'Scarlet Preacher (28939) (17 out 26)'),
(129821, 22373, 0, 'Scarlet Crusader (28940) (17 out 26)'),
(130040, 22373, 0, 'Scarlet Marksman (28610) (17 out 26)'),

(129666, 22374, 0, 'Scarlet Preacher (28939) (18 out 26)'),
(129822, 22374, 0, 'Scarlet Crusader (28940) (18 out 26)'),
(130041, 22374, 0, 'Scarlet Marksman (28610) (18 out 26)'),

(129557, 22375, 0, 'Scarlet Preacher (28939) (19 out 26)'),
(129710, 22375, 0, 'Scarlet Crusader (28940) (19 out 26)'),
(130037, 22375, 0, 'Scarlet Marksman (28610) (19 out 26)'),

(129670, 22376, 0, 'Scarlet Preacher (28939) (20 out 26)'),
(129828, 22376, 0, 'Scarlet Crusader (28940) (20 out 26)'),
(130224, 22376, 0, 'Scarlet Marksman (28610) (20 out 26)'),

(129538, 22377, 0, 'Scarlet Preacher (28939) (21 out 26)'),
(129817, 22377, 0, 'Scarlet Crusader (28940) (21 out 26)'),
(130024, 22377, 0, 'Scarlet Marksman (28610) (21 out 26)'),

(129539, 22378, 0, 'Scarlet Preacher (28939) (22 out 26)'),
(129816, 22378, 0, 'Scarlet Crusader (28940) (22 out 26)'),
(130008, 22378, 0, 'Scarlet Marksman (28610) (22 out 26)'),

(129535, 22379, 0, 'Scarlet Preacher (28939) (23 out 26)'),
(129820, 22379, 0, 'Scarlet Crusader (28940) (23 out 26)'),
(130005, 22379, 0, 'Scarlet Marksman (28610) (23 out 26)'),

(129553, 22380, 0, 'Scarlet Preacher (28939) (24 out 26)'),
(129691, 22380, 0, 'Scarlet Crusader (28940) (24 out 26)'),
(130033, 22380, 0, 'Scarlet Marksman (28610) (24 out 26)'),

(129536, 22381, 0, 'Scarlet Preacher (28939) (25 out 26)'),
(129819, 22381, 0, 'Scarlet Crusader (28940) (25 out 26)'),
(130011, 22381, 0, 'Scarlet Marksman (28610) (25 out 26)'),

(129537, 22382, 0, 'Scarlet Preacher (28939) (26 out 26)'),
(129818, 22382, 0, 'Scarlet Crusader (28940) (26 out 26)'),
(130004, 22382, 0, 'Scarlet Marksman (28610) (26 out 26)');
