-- DB update 2025_07_12_00 -> 2025_07_12_01
--
-- creature start guid
SET @CGUID := 153321;
-- gameobject start guid
SET @GGUID := 83038;

DELETE FROM `command` WHERE `name` IN ('worldstate scourgeinvasion show', 'worldstate scourgeinvasion state', 'worldstate scourgeinvasion battleswon', 'worldstate scourgeinvasion startzone');
INSERT INTO `command` (`name`, `security`, `help`) VALUES
('worldstate scourgeinvasion show',       3, 'Syntax: .worldstate scourgeinvasion show\nDisplays the current status of the Scourge Invasion.'),
('worldstate scourgeinvasion state',      3, 'Syntax: .worldstate scourgeinvasion state <value>\nSets the Scourge Invasion state.\nValid values:\n0: Disabled\n1: Enabled'),
('worldstate scourgeinvasion battleswon', 3, 'Syntax: .worldstate scourgeinvasion battleswon <value>\nAdjusts the Scourge Invasion battles won count by <value> (can be negative).'),
('worldstate scourgeinvasion startzone',  3, 'Syntax: .worldstate scourgeinvasion startzone <id>\nStarts a Scourge Invasion event in the zone specified by <id>.\nValid zone IDs: 0-7.');

SET @scourge_invasion = 17, @scourge_boss_in_instance = 120, @scourge_winterspring = 121, @scourge_tanaris = 122, @scourge_azshara = 123, @scourge_blasted_lands = 124, @scourge_eastern_plaguelands = 125, @scourge_burning_steppes = 126, @scourge_50_invasions_done = 127, @scourge_100_invasions_done = 128, @scourge_150_invasions_done = 129, @scourge_invasions_done = 130;

-- never handled in GameEventMgr update
SET @GAMEEVENT_INTERNAL = 5;
DELETE FROM `game_event` WHERE `eventEntry` IN (@scourge_boss_in_instance, @scourge_winterspring, @scourge_tanaris, @scourge_azshara, @scourge_blasted_lands, @scourge_eastern_plaguelands, @scourge_burning_steppes, @scourge_50_invasions_done, @scourge_100_invasions_done, @scourge_150_invasions_done, @scourge_invasions_done);
INSERT INTO `game_event` (`eventEntry`, `description`, `world_event`) VALUES
(@scourge_boss_in_instance,    'Scourge Invasion - Boss in instance activation', @GAMEEVENT_INTERNAL),
(@scourge_winterspring,        'Scourge Invasion - Attacking Winterspring', @GAMEEVENT_INTERNAL),
(@scourge_tanaris,             'Scourge Invasion - Attacking Tanaris', @GAMEEVENT_INTERNAL),
(@scourge_azshara,             'Scourge Invasion - Attacking Azshara', @GAMEEVENT_INTERNAL),
(@scourge_blasted_lands,       'Scourge Invasion - Attacking Blasted Lands', @GAMEEVENT_INTERNAL),
(@scourge_eastern_plaguelands, 'Scourge Invasion - Attacking Eastern Plaguelands', @GAMEEVENT_INTERNAL),
(@scourge_burning_steppes,     'Scourge Invasion - Attacking Burning Steppes', @GAMEEVENT_INTERNAL),
(@scourge_50_invasions_done,   'Scourge Invasion - 50 Invasions Done', @GAMEEVENT_INTERNAL),
(@scourge_100_invasions_done,  'Scourge Invasion - 100 Invasions Done', @GAMEEVENT_INTERNAL),
(@scourge_150_invasions_done,  'Scourge Invasion - 150 Invasions Done', @GAMEEVENT_INTERNAL),
(@scourge_invasions_done,      'Scourge Invasion - Invasions Done', @GAMEEVENT_INTERNAL);
UPDATE `game_event` SET `world_event` = @GAMEEVENT_INTERNAL WHERE `eventEntry` = 17;

-- Scourge Invasion - Boss in instance activation
UPDATE `game_event_creature` SET `eventEntry` = @scourge_boss_in_instance WHERE `guid` IN (248653, 248650, 248654, 248651);
-- missing entry for Lord Blackwood 14695 Scholomance
SET @LORD_BLACKWOOD_ENTRY := 14695;
DELETE FROM `creature` WHERE `guid` = @CGUID AND `id1` = @LORD_BLACKWOOD_ENTRY;
INSERT INTO `creature` (`guid`, `id1`, `map`, `spawnMask`, `phaseMask`, `position_x`, `position_y`, `position_z`, `orientation`, `spawntimesecs`, `wander_distance`, `MovementType`, `VerifiedBuild`, `Comment`) VALUES
(@CGUID, @LORD_BLACKWOOD_ENTRY, 289, 1, 1, 200.201, 150.839, 109.879, 5.06145, 604800, 0.0, 2, 0, '');
DELETE FROM `game_event_creature` WHERE `eventEntry` = @scourge_boss_in_instance AND `guid` = @CGUID;
INSERT INTO `game_event_creature` (`eventEntry`, `guid`) VALUES
(@scourge_boss_in_instance, @CGUID);

-- Scourge Invasion - 50 invasions done
-- Pallid Horror and Argent Dawn Paladin
DELETE FROM `creature` WHERE `guid` BETWEEN @CGUID+1 AND @CGUID+7 AND `id1` IN (16395, 16384);
INSERT INTO `creature` (`guid`, `id1`, `map`, `spawnMask`, `phaseMask`, `position_x`, `position_y`, `position_z`, `orientation`, `spawntimesecs`, `wander_distance`, `MovementType`, `VerifiedBuild`, `Comment`) VALUES
(@CGUID+1, 16395, 0, 1, 1, -8834.5302734375, 643.0269775390625, 95.25319671630861, 4.328420162200928, 120, 0.0, 0, 0, ''),
(@CGUID+2, 16395, 0, 1, 1, -4888.240234375, -945.9739990234376, 501.5490112304688, 2.8619101047515874, 120, 0.0, 0, 0, ''),
(@CGUID+3, 16395, 0, 1, 1, 2251.89990234375, -5310.8701171875, 82.25060272216797, 2.3736500740051274, 120, 0.0, 0, 0, ''),
(@CGUID+4, 16395, 1, 1, 1, 9908.9599609375, 2521.10009765625, 1316.47998046875, 0.1221729964017868, 120, 0.0, 0, 0, ''),
(@CGUID+5, 16384, 0, 1, 1, 1584.52001953125, 248.00100708007807, -61.993999481201165, 3.0892300605773926, 120, 0.0, 0, 0, ''),
(@CGUID+6, 16384, 1, 1, 1, -1256.8199462890625, 75.16290283203125, 127.89199829101562, 4.18878984451294, 120, 0.0, 0, 0, ''),
(@CGUID+7, 16384, 1, 1, 1, 1581.3699951171875, -4411.89990234375, 7.435699939727782, 2.478369951248169, 120, 0.0, 0, 0, '');
DELETE FROM `game_event_creature` WHERE `eventEntry` = @scourge_50_invasions_done AND `guid` BETWEEN @CGUID+1 AND @CGUID+7;
INSERT INTO `game_event_creature` (`eventEntry`, `guid`) VALUES
(@scourge_50_invasions_done, @CGUID+1),
(@scourge_50_invasions_done, @CGUID+2),
(@scourge_50_invasions_done, @CGUID+3),
(@scourge_50_invasions_done, @CGUID+4),
(@scourge_50_invasions_done, @CGUID+5),
(@scourge_50_invasions_done, @CGUID+6),
(@scourge_50_invasions_done, @CGUID+7);

-- Scourge Invasion - 100 invasions done
-- Argent Dawn Cleric and Argent Dawn Crusader
DELETE FROM `creature` WHERE `guid` BETWEEN @CGUID+8 AND @CGUID+14 AND `id1` IN (16433, 16435);
INSERT INTO `creature` (`guid`, `id1`, `map`, `spawnMask`, `phaseMask`, `position_x`, `position_y`, `position_z`, `orientation`, `spawntimesecs`, `wander_distance`, `MovementType`, `VerifiedBuild`, `Comment`) VALUES
(@CGUID+8, 16433, 0, 1, 1, -8834.5302734375, 643.0269775390625, 95.25319671630861, 4.328420162200928, 120, 0.0, 0, 0, ''),
(@CGUID+9, 16433, 0, 1, 1, -4888.240234375, -945.9739990234376, 501.5490112304688, 2.8619101047515874, 120, 0.0, 0, 0, ''),
(@CGUID+10, 16433, 0, 1, 1, 2251.89990234375, -5310.8701171875, 82.25060272216797, 2.3736500740051274, 120, 0.0, 0, 0, ''),
(@CGUID+11, 16433, 1, 1, 1, 9908.9599609375, 2521.10009765625, 1316.47998046875, 0.1221729964017868, 120, 0.0, 0, 0, ''),
(@CGUID+12, 16435, 0, 1, 1, 1584.52001953125, 248.00100708007807, -61.993999481201165, 3.0892300605773926, 120, 0.0, 0, 0, ''),
(@CGUID+13, 16435, 1, 1, 1, -1256.8199462890625, 75.16290283203125, 127.89199829101562, 4.18878984451294, 120, 0.0, 0, 0, ''),
(@CGUID+14, 16435, 1, 1, 1, 1581.3699951171875, -4411.89990234375, 7.435699939727782, 2.478369951248169, 120, 0.0, 0, 0, '');
DELETE FROM `game_event_creature` WHERE `eventEntry` = @scourge_100_invasions_done AND `guid` BETWEEN @CGUID+8 AND @CGUID+14;
INSERT INTO `game_event_creature` (`eventEntry`, `guid`) VALUES
(@scourge_100_invasions_done, @CGUID+8),
(@scourge_100_invasions_done, @CGUID+9),
(@scourge_100_invasions_done, @CGUID+10),
(@scourge_100_invasions_done, @CGUID+11),
(@scourge_100_invasions_done, @CGUID+12),
(@scourge_100_invasions_done, @CGUID+13),
(@scourge_100_invasions_done, @CGUID+14);

-- Scourge Invasion - 150 invasions done
-- Argent Dawn Champion and Argent Dawn Priest
DELETE FROM `creature` WHERE `guid` BETWEEN @CGUID+15 AND @CGUID+21 AND `id1` IN (16434, 16436);
INSERT INTO `creature` (`guid`, `id1`, `map`, `spawnMask`, `phaseMask`, `position_x`, `position_y`, `position_z`, `orientation`, `spawntimesecs`, `wander_distance`, `MovementType`, `VerifiedBuild`, `Comment`) VALUES
(@CGUID+15, 16434, 0, 1, 1, -8834.5302734375, 643.0269775390625, 95.25319671630861, 4.328420162200928, 120, 0.0, 0, 0, ''),
(@CGUID+16, 16434, 0, 1, 1, -4888.240234375, -945.9739990234376, 501.5490112304688, 2.8619101047515874, 120, 0.0, 0, 0, ''),
(@CGUID+17, 16434, 0, 1, 1, 2251.89990234375, -5310.8701171875, 82.25060272216797, 2.3736500740051274, 120, 0.0, 0, 0, ''),
(@CGUID+18, 16434, 1, 1, 1, 9908.9599609375, 2521.10009765625, 1316.47998046875, 0.1221729964017868, 120, 0.0, 0, 0, ''),
(@CGUID+19, 16436, 0, 1, 1, 1584.52001953125, 248.00100708007807, -61.993999481201165, 3.0892300605773926, 120, 0.0, 0, 0, ''),
(@CGUID+20, 16436, 1, 1, 1, -1256.8199462890625, 75.16290283203125, 127.89199829101562, 4.18878984451294, 120, 0.0, 0, 0, ''),
(@CGUID+21, 16436, 1, 1, 1, 1581.3699951171875, -4411.89990234375, 7.435699939727782, 2.478369951248169, 120, 0.0, 0, 0, '');
DELETE FROM `game_event_creature` WHERE `eventEntry` = @scourge_150_invasions_done AND `guid` BETWEEN @CGUID+15 AND @CGUID+21;
INSERT INTO `game_event_creature` (`eventEntry`, `guid`) VALUES
(@scourge_150_invasions_done, @CGUID+15),
(@scourge_150_invasions_done, @CGUID+16),
(@scourge_150_invasions_done, @CGUID+17),
(@scourge_150_invasions_done, @CGUID+18),
(@scourge_150_invasions_done, @CGUID+19),
(@scourge_150_invasions_done, @CGUID+20),
(@scourge_150_invasions_done, @CGUID+21);

-- Scourge Invasion - done
-- Argent Outfitter and Argent Quartermaster
DELETE FROM `creature` WHERE `guid` BETWEEN @CGUID+22 AND @CGUID+27 + 5 AND `id1` IN (16787, 16786);
INSERT INTO `creature` (`guid`, `id1`, `map`, `spawnMask`, `phaseMask`, `position_x`, `position_y`, `position_z`, `orientation`, `spawntimesecs`, `wander_distance`, `MovementType`, `VerifiedBuild`, `Comment`) VALUES
(@CGUID+22, 16787, 0, 1, 1, 1585.9599609375, 249.9900054931641, -61.993999481201165, 2.268929958343506, 120, 0.0, 0, 0, ''),
(@CGUID+23, 16787, 1, 1, 1, -1256.719970703125, 76.73930358886719, 128.0489959716797, 4.415679931640625, 120, 0.0, 0, 0, ''),
(@CGUID+24, 16786, 1, 1, 1, 9907.4501953125, 2519.830078125, 1316.4100341796875, 0.1570799946784973, 120, 0.0, 0, 0, ''),
(@CGUID+25, 16786, 0, 1, 1, -8836.5703125, 647.6099853515625, 96.3019027709961, 3.9095399379730233, 120, 0.0, 0, 0, ''),
(@CGUID+26, 16786, 0, 1, 1, -4885.83984375, -945.7949829101561, 501.5469970703125, 2.7222800254821777, 120, 0.0, 0, 0, ''),
(@CGUID+27, 16786, 0, 1, 1, 2253.820068359375, -5310.68017578125, 82.25060272216797, 1.8674999475479128, 120, 0.0, 0, 0, '');
DELETE FROM `game_event_creature` WHERE `eventEntry` = @scourge_invasions_done AND `guid` BETWEEN @CGUID+22 AND @CGUID+27;
INSERT INTO `game_event_creature` (`eventEntry`, `guid`) VALUES
(@scourge_invasions_done, @CGUID+22),
(@scourge_invasions_done, @CGUID+23),
(@scourge_invasions_done, @CGUID+24),
(@scourge_invasions_done, @CGUID+25),
(@scourge_invasions_done, @CGUID+26),
(@scourge_invasions_done, @CGUID+27);

-- Scourge Invasion
-- Skeletal Soldier, Spectral Apparition, Spectral Spirit, Skeletal Trooper
DELETE FROM `creature` WHERE `id1` IN (16422, 16423, 16437, 16438) AND `guid` BETWEEN (@CGUID+28) AND (@CGUID+28)+191;
INSERT INTO `creature` (`guid`, `id1`, `map`, `spawnMask`, `phaseMask`, `position_x`, `position_y`, `position_z`, `orientation`, `spawntimesecs`, `wander_distance`, `MovementType`, `VerifiedBuild`, `Comment`) VALUES
((@CGUID+28)+000, 16422, 0, 1, 1, -9226.01953125, 355.3179931640625, 73.57369995117188, 2.4289000034332275, 120, 3.0, 1, 0, ''),
((@CGUID+28)+001, 16422, 0, 1, 1, -9224.33984375, 255.6779937744141, 72.43949890136719, 5.6263298988342285, 120, 3.0, 1, 0, ''),
((@CGUID+28)+002, 16422, 0, 1, 1, -9222.330078125, 322.4469909667969, 73.44830322265625, 6.019740104675293, 120, 3.0, 1, 0, ''),
((@CGUID+28)+003, 16422, 0, 1, 1, -9214.3603515625, 360.7789916992188, 72.61319732666016, 2.036180019378662, 120, 3.0, 1, 0, ''),
((@CGUID+28)+004, 16422, 0, 1, 1, -9210.9296875, 354.04400634765625, 73.79660034179688, 3.196470022201538, 120, 3.0, 1, 0, ''),
((@CGUID+28)+005, 16422, 0, 1, 1, -9208.83984375, 324.1180114746094, 73.66120147705078, 4.133739948272705, 120, 3.0, 1, 0, ''),
((@CGUID+28)+006, 16422, 0, 1, 1, -9207.4296875, 254.06100463867188, 73.69879913330078, 3.406820058822632, 120, 3.0, 1, 0, ''),
((@CGUID+28)+007, 16422, 0, 1, 1, -9206.3095703125, 426.3630065917969, 89.42220306396483, 0.3605740070343017, 120, 3.0, 1, 0, ''),
((@CGUID+28)+008, 16422, 0, 1, 1, -9188.7998046875, 425.8869934082031, 91.93409729003906, 0.0458393990993499, 120, 3.0, 1, 0, ''),
((@CGUID+28)+009, 16422, 0, 1, 1, -9172.3896484375, 408.5740051269531, 89.66899871826173, 0.600246012210846, 120, 3.0, 1, 0, ''),
((@CGUID+28)+010, 16422, 0, 1, 1, -9156.009765625, 408.66500854492193, 92.17700195312499, 4.8435702323913565, 120, 3.0, 1, 0, ''),
((@CGUID+28)+011, 16422, 0, 1, 1, -9153.509765625, 409.5889892578125, 92.58719635009767, 0.704101026058197, 120, 3.0, 1, 0, ''),
((@CGUID+28)+012, 16422, 0, 1, 1, -9143.33984375, 341.83499145507807, 91.1759033203125, 2.796319961547852, 120, 3.0, 1, 0, ''),
((@CGUID+28)+013, 16422, 0, 1, 1, -9126.509765625, 307.1430053710937, 93.98120117187501, 3.3025600910186768, 120, 3.0, 1, 0, ''),
((@CGUID+28)+014, 16422, 0, 1, 1, -9108.8603515625, 356.6789855957031, 93.55439758300781, 5.856589794158936, 120, 3.0, 1, 0, ''),
((@CGUID+28)+015, 16422, 0, 1, 1, -9108.0302734375, 326.0589904785156, 93.3302993774414, 0.8538269996643066, 120, 3.0, 1, 0, ''),
((@CGUID+28)+016, 16422, 0, 1, 1, -9107.830078125, 343.0790100097656, 93.59700012207033, 1.8682099580764768, 120, 3.0, 1, 0, ''),
((@CGUID+28)+017, 16422, 0, 1, 1, -9095.3896484375, 307.97198486328125, 94.95490264892578, 0.4706409871578216, 120, 3.0, 1, 0, ''),
((@CGUID+28)+018, 16422, 0, 1, 1, -9076.5302734375, 355.6220092773437, 94.0186996459961, 4.855480194091797, 120, 3.0, 1, 0, ''),
((@CGUID+28)+019, 16422, 0, 1, 1, -9074.669921875, 304.95700073242193, 92.77159881591795, 4.812660217285156, 120, 3.0, 1, 0, ''),
((@CGUID+28)+020, 16422, 0, 1, 1, -9074.080078125, 340.36199951171875, 93.15640258789062, 4.056029796600343, 120, 3.0, 1, 0, ''),
((@CGUID+28)+021, 16422, 0, 1, 1, -9066.51953125, 324.9930114746094, 93.45379638671875, 1.6009600162506104, 120, 3.0, 1, 0, ''),
((@CGUID+28)+022, 16422, 0, 1, 1, -9060.7802734375, 341.51901245117193, 93.83329772949219, 5.901340007781982, 120, 3.0, 1, 0, ''),
((@CGUID+28)+023, 16422, 0, 1, 1, 1958.0, 308.1220092773437, 40.49440002441406, 1.5787299871444702, 120, 3.0, 1, 0, ''),
((@CGUID+28)+024, 16422, 0, 1, 1, 1975.6400146484373, 342.8930053710937, 41.4202995300293, 6.10290002822876, 120, 3.0, 1, 0, ''),
((@CGUID+28)+025, 16422, 0, 1, 1, 1977.2199707031248, 324.7349853515625, 39.765800476074226, 6.121500015258789, 120, 3.0, 1, 0, ''),
((@CGUID+28)+026, 16422, 0, 1, 1, 1991.77001953125, 291.62600708007807, 45.72740173339844, 1.4607199430465698, 120, 3.0, 1, 0, ''),
((@CGUID+28)+027, 16422, 0, 1, 1, 2008.1500244140625, 308.2229919433594, 44.56710052490234, 4.242189884185791, 120, 3.0, 1, 0, ''),
((@CGUID+28)+028, 16422, 0, 1, 1, 2009.81005859375, 278.1300048828125, 47.63190078735352, 1.0034600496292114, 120, 3.0, 1, 0, ''),
((@CGUID+28)+029, 16422, 0, 1, 1, 2012.0500488281248, 321.21600341796875, 43.52009963989258, 4.5810298919677725, 120, 3.0, 1, 0, ''),
((@CGUID+28)+030, 16422, 0, 1, 1, 2012.6199951171875, 345.44000244140625, 41.638301849365234, 5.0261101722717285, 120, 3.0, 1, 0, ''),
((@CGUID+28)+031, 16422, 0, 1, 1, 2024.4699707031248, 308.4140014648437, 47.88769912719727, 4.034570217132568, 120, 3.0, 1, 0, ''),
((@CGUID+28)+032, 16422, 0, 1, 1, 2024.47998046875, 291.3500061035156, 50.525001525878906, 1.9263299703598025, 120, 3.0, 1, 0, ''),
((@CGUID+28)+033, 16423, 0, 1, 1, -9241.490234375, 322.718994140625, 74.46710205078125, 5.117849826812744, 120, 3.0, 1, 0, ''),
((@CGUID+28)+034, 16423, 0, 1, 1, -9225.75, 307.1780090332031, 74.4929962158203, 5.674900054931641, 120, 3.0, 1, 0, ''),
((@CGUID+28)+035, 16423, 0, 1, 1, -9225.509765625, 374.5329895019531, 73.25769805908203, 1.8750400543212888, 120, 3.0, 1, 0, ''),
((@CGUID+28)+036, 16423, 0, 1, 1, -9224.330078125, 406.9490051269531, 85.95240020751953, 1.1841200590133667, 120, 3.0, 1, 0, ''),
((@CGUID+28)+037, 16423, 0, 1, 1, -9221.76953125, 339.0369873046875, 73.71610260009767, 3.6314499378204346, 120, 3.0, 1, 0, ''),
((@CGUID+28)+038, 16423, 0, 1, 1, -9219.4404296875, 365.2770080566406, 72.21920013427734, 5.938479900360107, 120, 3.0, 1, 0, ''),
((@CGUID+28)+039, 16423, 0, 1, 1, -9208.7001953125, 307.1369934082031, 74.76110076904298, 5.6549601554870605, 120, 3.0, 1, 0, ''),
((@CGUID+28)+040, 16423, 0, 1, 1, -9207.4599609375, 340.77899169921875, 72.71920013427734, 5.697669982910156, 120, 3.0, 1, 0, ''),
((@CGUID+28)+041, 16423, 0, 1, 1, -9193.4697265625, 356.8190002441406, 74.90540313720702, 4.89093017578125, 120, 3.0, 1, 0, ''),
((@CGUID+28)+042, 16423, 0, 1, 1, -9191.1103515625, 371.74398803710943, 74.43710327148439, 5.74828004837036, 120, 3.0, 1, 0, ''),
((@CGUID+28)+043, 16423, 0, 1, 1, -9173.080078125, 390.7550048828125, 85.52239990234375, 6.20635986328125, 120, 3.0, 1, 0, ''),
((@CGUID+28)+044, 16423, 0, 1, 1, -9128.23046875, 322.4979858398437, 93.55660247802734, 0.998881995677948, 120, 3.0, 1, 0, ''),
((@CGUID+28)+045, 16423, 0, 1, 1, -9126.6201171875, 338.9419860839844, 93.98269653320312, 6.082459926605225, 120, 3.0, 1, 0, ''),
((@CGUID+28)+046, 16423, 0, 1, 1, -9124.919921875, 354.7120056152344, 93.43810272216797, 2.508510112762451, 120, 3.0, 1, 0, ''),
((@CGUID+28)+047, 16423, 0, 1, 1, -9107.0498046875, 307.76901245117193, 94.09049987792967, 1.85794997215271, 120, 3.0, 1, 0, ''),
((@CGUID+28)+048, 16423, 0, 1, 1, -9091.759765625, 341.15399169921875, 94.35479736328125, 4.534840106964111, 120, 3.0, 1, 0, ''),
((@CGUID+28)+049, 16423, 0, 1, 1, -9091.4501953125, 327.67401123046875, 94.24340057373048, 5.324230194091797, 120, 3.0, 1, 0, ''),
((@CGUID+28)+050, 16423, 0, 1, 1, -9058.75, 357.2959899902344, 93.08329772949219, 4.778550148010255, 120, 3.0, 1, 0, ''),
((@CGUID+28)+051, 16423, 0, 1, 1, -9050.0, 341.66598510742193, 94.83329772949219, 2.653019905090332, 120, 3.0, 1, 0, ''),
((@CGUID+28)+052, 16423, 0, 1, 1, -9045.6396484375, 355.1019897460937, 94.33329772949219, 1.321969985961914, 120, 3.0, 1, 0, ''),
((@CGUID+28)+053, 16423, 0, 1, 1, -9045.259765625, 322.6090087890625, 93.52159881591795, 3.4448299407958984, 120, 3.0, 1, 0, ''),
((@CGUID+28)+054, 16423, 0, 1, 1, 1955.6500244140625, 342.0899963378906, 39.400299072265625, 0.779187023639679, 120, 3.0, 1, 0, ''),
((@CGUID+28)+055, 16423, 0, 1, 1, 1958.3599853515625, 324.7919921875, 38.977100372314446, 0.5954350233078003, 120, 3.0, 1, 0, ''),
((@CGUID+28)+056, 16423, 0, 1, 1, 1975.52001953125, 310.34698486328125, 41.015800476074226, 0.6997500061988831, 120, 3.0, 1, 0, ''),
((@CGUID+28)+057, 16423, 0, 1, 1, 1977.68994140625, 290.12399291992193, 41.75820159912109, 3.067239999771118, 120, 3.0, 1, 0, ''),
((@CGUID+28)+058, 16423, 0, 1, 1, 1989.75, 277.58599853515625, 46.49660110473633, 4.394690036773682, 120, 3.0, 1, 0, ''),
((@CGUID+28)+059, 16423, 0, 1, 1, 1989.9200439453125, 347.11199951171875, 39.91510009765625, 0.521888017654419, 120, 3.0, 1, 0, ''),
((@CGUID+28)+060, 16423, 0, 1, 1, 1992.0, 308.21099853515625, 41.813800811767585, 5.51092004776001, 120, 3.0, 1, 0, ''),
((@CGUID+28)+061, 16423, 0, 1, 1, 1997.9499511718752, 299.76998901367193, 44.60810089111328, 0.6927229762077332, 120, 3.0, 1, 0, ''),
((@CGUID+28)+062, 16423, 0, 1, 1, 2001.8800048828125, 329.07598876953125, 40.94969940185547, 5.4882798194885245, 120, 3.0, 1, 0, ''),
((@CGUID+28)+063, 16423, 0, 1, 1, 2010.4899902343752, 289.4169921875, 48.156700134277344, 4.278960227966309, 120, 3.0, 1, 0, ''),
((@CGUID+28)+064, 16423, 0, 1, 1, 2025.3199462890625, 326.2479858398437, 46.44900131225586, 5.627220153808594, 120, 3.0, 1, 0, ''),
((@CGUID+28)+065, 16423, 0, 1, 1, 2040.02001953125, 326.79098510742193, 49.735599517822266, 5.467410087585449, 120, 3.0, 1, 0, ''),
((@CGUID+28)+066, 16437, 0, 1, 1, -5210.27978515625, -574.2849731445312, 401.20999145507807, 1.09142005443573, 120, 3.0, 1, 0, ''),
((@CGUID+28)+067, 16437, 0, 1, 1, -5193.85009765625, -607.4199829101561, 398.4010009765625, 3.075540065765381, 120, 3.0, 1, 0, ''),
((@CGUID+28)+068, 16437, 0, 1, 1, -5193.39013671875, -638.0809936523439, 402.87399291992193, 1.4129300117492676, 120, 3.0, 1, 0, ''),
((@CGUID+28)+069, 16437, 0, 1, 1, -5193.1201171875, -558.6959838867188, 396.1579895019531, 4.626609802246095, 120, 3.0, 1, 0, ''),
((@CGUID+28)+070, 16437, 0, 1, 1, -5192.8701171875, -574.9290161132812, 398.66598510742193, 2.1964199542999268, 120, 3.0, 1, 0, ''),
((@CGUID+28)+071, 16437, 0, 1, 1, -5175.580078125, -625.2940063476561, 396.4339904785156, 5.0248498916625985, 120, 3.0, 1, 0, ''),
((@CGUID+28)+072, 16437, 0, 1, 1, -5170.580078125, -667.4359741210938, 408.42700195312494, 5.217060089111328, 120, 3.0, 1, 0, ''),
((@CGUID+28)+073, 16437, 0, 1, 1, -5159.0498046875, -658.7979736328125, 401.20700073242193, 1.7013599872589111, 120, 3.0, 1, 0, ''),
((@CGUID+28)+074, 16437, 0, 1, 1, -5158.7001953125, -607.2550048828125, 399.50100708007807, 6.261149883270264, 120, 3.0, 1, 0, ''),
((@CGUID+28)+075, 16437, 0, 1, 1, -5156.75, -588.1409912109375, 398.9830017089844, 3.460360050201416, 120, 3.0, 1, 0, ''),
((@CGUID+28)+076, 16437, 0, 1, 1, -5144.27001953125, -622.6500244140625, 396.5249938964844, 5.572440147399902, 120, 3.0, 1, 0, ''),
((@CGUID+28)+077, 16437, 0, 1, 1, -5139.8701171875, -641.9650268554688, 396.4580078125, 0.9849839806556702, 120, 3.0, 1, 0, ''),
((@CGUID+28)+078, 16437, 0, 1, 1, -5127.9501953125, -672.583984375, 408.1480102539063, 3.420989990234375, 120, 3.0, 1, 0, ''),
((@CGUID+28)+079, 16437, 0, 1, 1, -5125.7900390625, -573.4210205078125, 402.43600463867193, 2.7360498905181885, 120, 3.0, 1, 0, ''),
((@CGUID+28)+080, 16437, 0, 1, 1, -5124.47998046875, -608.4509887695312, 398.76998901367193, 3.0762898921966557, 120, 3.0, 1, 0, ''),
((@CGUID+28)+097, 16437, 1, 1, 1, -1578.75, 46.79439926147461, -0.2763040065765381, 2.4532198905944824, 120, 3.0, 1, 0, ''),
((@CGUID+28)+098, 16437, 1, 1, 1, -1576.989990234375, 79.10479736328125, -7.79198980331421, 2.8081099987030034, 120, 3.0, 1, 0, ''),
((@CGUID+28)+099, 16437, 1, 1, 1, -1576.3399658203125, 21.808300018310547, 4.111179828643799, 3.0622301101684566, 120, 3.0, 1, 0, ''),
((@CGUID+28)+100, 16437, 1, 1, 1, -1558.2099609375, 41.72439956665039, 7.006000041961671, 3.7385599613189697, 120, 3.0, 1, 0, ''),
((@CGUID+28)+101, 16437, 1, 1, 1, -1558.0699462890625, -22.85980033874512, 8.725350379943848, 4.14684009552002, 120, 3.0, 1, 0, ''),
((@CGUID+28)+102, 16437, 1, 1, 1, -1544.18994140625, 56.87850189208984, 3.7257900238037114, 0.4862099885940552, 120, 3.0, 1, 0, ''),
((@CGUID+28)+103, 16437, 1, 1, 1, -1543.0699462890625, 89.14630126953125, -1.0218199491500854, 3.754019975662232, 120, 3.0, 1, 0, ''),
((@CGUID+28)+104, 16437, 1, 1, 1, -1542.699951171875, 22.576099395751957, 12.609600067138672, 4.529930114746095, 120, 3.0, 1, 0, ''),
((@CGUID+28)+105, 16437, 1, 1, 1, -1523.3399658203125, 54.29729843139648, 6.268509864807129, 3.977240085601807, 120, 3.0, 1, 0, ''),
((@CGUID+28)+106, 16437, 1, 1, 1, -1522.449951171875, 42.585899353027344, 10.252099990844728, 4.840390205383301, 120, 3.0, 1, 0, ''),
((@CGUID+28)+107, 16437, 1, 1, 1, -1509.1300048828125, 91.32900238037111, 3.2809500694274902, 2.1149001121521, 120, 3.0, 1, 0, ''),
((@CGUID+28)+108, 16437, 1, 1, 1, -1507.260009765625, 75.98739624023439, 6.121329784393311, 1.9977500438690183, 120, 3.0, 1, 0, ''),
((@CGUID+28)+109, 16437, 1, 1, 1, -1491.4100341796875, 58.644798278808594, 12.222000122070312, 1.122599959373474, 120, 3.0, 1, 0, ''),
((@CGUID+28)+110, 16437, 1, 1, 1, -1488.1600341796875, 90.9718017578125, 6.649710178375244, 6.1317901611328125, 120, 3.0, 1, 0, ''),
((@CGUID+28)+111, 16437, 1, 1, 1, -1473.9000244140625, 7.4646902084350595, 26.55279922485352, 6.024469852447511, 120, 3.0, 1, 0, ''),
((@CGUID+28)+112, 16437, 1, 1, 1, 1150.199951171875, -4321.02978515625, 22.707500457763672, 0.8762500286102295, 120, 3.0, 1, 0, ''),
((@CGUID+28)+113, 16437, 1, 1, 1, 1156.3900146484375, -4343.2900390625, 25.801700592041016, 2.9223699569702153, 120, 3.0, 1, 0, ''),
((@CGUID+28)+114, 16437, 1, 1, 1, 1173.8599853515625, -4308.9599609375, 20.815000534057617, 1.9837100505828855, 120, 3.0, 1, 0, ''),
((@CGUID+28)+115, 16437, 1, 1, 1, 1174.699951171875, -4344.56005859375, 25.65290069580078, 5.777379989624023, 120, 3.0, 1, 0, ''),
((@CGUID+28)+116, 16437, 1, 1, 1, 1186.800048828125, -4321.39013671875, 21.457399368286133, 3.2878100872039795, 120, 3.0, 1, 0, ''),
((@CGUID+28)+117, 16437, 1, 1, 1, 1188.68994140625, -4285.91015625, 21.08139991760254, 4.34768009185791, 120, 3.0, 1, 0, ''),
((@CGUID+28)+118, 16437, 1, 1, 1, 1190.489990234375, -4357.669921875, 27.666099548339844, 1.400230050086975, 120, 3.0, 1, 0, ''),
((@CGUID+28)+119, 16437, 1, 1, 1, 1204.719970703125, -4339.25, 25.60810089111328, 5.987750053405762, 120, 3.0, 1, 0, ''),
((@CGUID+28)+120, 16437, 1, 1, 1, 1210.7099609375, -4286.72998046875, 22.70479965209961, 0.5741379857063293, 120, 3.0, 1, 0, ''),
((@CGUID+28)+121, 16437, 1, 1, 1, 1211.4100341796875, -4323.1298828125, 23.34079933166504, 2.018709897994995, 120, 3.0, 1, 0, ''),
((@CGUID+28)+122, 16437, 1, 1, 1, 1218.3299560546875, -4331.81005859375, 24.951499938964844, 5.082369804382324, 120, 3.0, 1, 0, ''),
((@CGUID+28)+123, 16437, 1, 1, 1, 1225.5899658203125, -4324.97021484375, 25.337400436401367, 5.884510040283203, 120, 3.0, 1, 0, ''),
((@CGUID+28)+124, 16437, 1, 1, 1, 1227.2900390625, -4308.43017578125, 25.17620086669922, 0.175819993019104, 120, 3.0, 1, 0, ''),
((@CGUID+28)+125, 16437, 1, 1, 1, 1231.6199951171875, -4348.39013671875, 28.491300582885746, 3.410789966583252, 120, 3.0, 1, 0, ''),
((@CGUID+28)+126, 16437, 1, 1, 1, 1242.3900146484375, -4357.7099609375, 30.62070083618164, 3.8617000579833984, 120, 3.0, 1, 0, ''),
((@CGUID+28)+127, 16437, 1, 1, 1, 1242.56005859375, -4308.2099609375, 28.429000854492188, 4.3110599517822275, 120, 3.0, 1, 0, ''),
((@CGUID+28)+128, 16437, 1, 1, 1, 1258.1099853515625, -4374.1298828125, 28.58799934387207, 3.9619100093841553, 120, 3.0, 1, 0, ''),
((@CGUID+28)+129, 16437, 1, 1, 1, 9872.900390625, 1883.7900390625, 1325.449951171875, 2.091439962387085, 120, 3.0, 1, 0, ''),
((@CGUID+28)+130, 16437, 1, 1, 1, 9872.990234375, 1861.0799560546875, 1319.6700439453125, 2.9127900600433354, 120, 3.0, 1, 0, ''),
((@CGUID+28)+131, 16437, 1, 1, 1, 9892.919921875, 1875.0100097656248, 1320.8599853515625, 0.4526210129261017, 120, 3.0, 1, 0, ''),
((@CGUID+28)+132, 16437, 1, 1, 1, 9908.330078125, 1841.6700439453125, 1319.8399658203125, 0.9608790278434752, 120, 3.0, 1, 0, ''),
((@CGUID+28)+133, 16437, 1, 1, 1, 9908.5302734375, 1891.8399658203125, 1323.8800048828125, 0.3294239938259125, 120, 3.0, 1, 0, ''),
((@CGUID+28)+134, 16437, 1, 1, 1, 9922.26953125, 1908.4200439453125, 1327.5999755859375, 6.220449924468993, 120, 3.0, 1, 0, ''),
((@CGUID+28)+135, 16437, 1, 1, 1, 9925.1396484375, 1820.7099609375, 1324.9100341796875, 4.737100124359131, 120, 3.0, 1, 0, ''),
((@CGUID+28)+136, 16437, 1, 1, 1, 9926.3603515625, 1876.0899658203125, 1324.6099853515625, 5.094250202178955, 120, 3.0, 1, 0, ''),
((@CGUID+28)+137, 16437, 1, 1, 1, 9927.3095703125, 1858.22998046875, 1321.9300537109375, 5.205760002136231, 120, 3.0, 1, 0, ''),
((@CGUID+28)+138, 16437, 1, 1, 1, 9938.650390625, 1955.2900390625, 1336.4200439453125, 2.5429201126098637, 120, 3.0, 1, 0, ''),
((@CGUID+28)+139, 16437, 1, 1, 1, 9939.1103515625, 1924.3800048828125, 1329.6400146484375, 3.78737998008728, 120, 3.0, 1, 0, ''),
((@CGUID+28)+140, 16437, 1, 1, 1, 9940.9296875, 1939.5400390625, 1330.780029296875, 3.9413099288940434, 120, 3.0, 1, 0, ''),
((@CGUID+28)+141, 16437, 1, 1, 1, 9943.2099609375, 1888.1800537109373, 1326.97998046875, 5.128119945526123, 120, 3.0, 1, 0, ''),
((@CGUID+28)+142, 16437, 1, 1, 1, 9954.8095703125, 1943.2099609375, 1328.800048828125, 0.052359901368618, 120, 3.0, 1, 0, ''),
((@CGUID+28)+143, 16437, 1, 1, 1, 9957.4501953125, 1924.7099609375, 1327.550048828125, 3.366309881210327, 120, 3.0, 1, 0, ''),
((@CGUID+28)+081, 16438, 0, 1, 1, -5210.47998046875, -612.7839965820312, 405.8330078125, 3.976219892501831, 120, 3.0, 1, 0, ''),
((@CGUID+28)+082, 16438, 0, 1, 1, -5210.41015625, -609.385986328125, 405.45599365234375, 1.5727499723434448, 120, 3.0, 1, 0, ''),
((@CGUID+28)+083, 16438, 0, 1, 1, -5193.669921875, -589.218994140625, 398.7330017089844, 3.8144800662994394, 120, 3.0, 1, 0, ''),
((@CGUID+28)+084, 16438, 0, 1, 1, -5192.419921875, -625.458984375, 400.0929870605469, 4.047929763793944, 120, 3.0, 1, 0, ''),
((@CGUID+28)+085, 16438, 0, 1, 1, -5191.669921875, -662.5, 414.17700195312494, 5.110229969024657, 120, 3.0, 1, 0, ''),
((@CGUID+28)+086, 16438, 0, 1, 1, -5177.41015625, -590.89501953125, 397.7829895019531, 2.31427001953125, 120, 3.0, 1, 0, ''),
((@CGUID+28)+087, 16438, 0, 1, 1, -5177.3701171875, -551.8660278320312, 398.43600463867193, 5.119919776916504, 120, 3.0, 1, 0, ''),
((@CGUID+28)+088, 16438, 0, 1, 1, -5176.080078125, -646.344970703125, 400.25201416015625, 0.9830049872398376, 120, 3.0, 1, 0, ''),
((@CGUID+28)+089, 16438, 0, 1, 1, -5173.43994140625, -574.8200073242188, 396.75299072265625, 1.1296600103378296, 120, 3.0, 1, 0, ''),
((@CGUID+28)+090, 16438, 0, 1, 1, -5172.56005859375, -607.5050048828125, 397.49398803710943, 4.213819980621338, 120, 3.0, 1, 0, ''),
((@CGUID+28)+091, 16438, 0, 1, 1, -5159.18017578125, -644.219970703125, 396.3460083007813, 5.230800151824951, 120, 3.0, 1, 0, ''),
((@CGUID+28)+092, 16438, 0, 1, 1, -5156.7099609375, -574.0029907226561, 399.1619873046875, 1.8233699798583984, 120, 3.0, 1, 0, ''),
((@CGUID+28)+093, 16438, 0, 1, 1, -5153.8798828125, -621.489013671875, 397.3259887695313, 0.6409969925880432, 120, 3.0, 1, 0, ''),
((@CGUID+28)+094, 16438, 0, 1, 1, -5145.43994140625, -585.31201171875, 399.91598510742193, 1.1138099431991575, 120, 3.0, 1, 0, ''),
((@CGUID+28)+095, 16438, 0, 1, 1, -5144.8701171875, -609.6010131835938, 398.9660034179688, 1.862689971923828, 120, 3.0, 1, 0, ''),
((@CGUID+28)+096, 16438, 0, 1, 1, -5142.009765625, -657.8070068359375, 401.12701416015625, 2.2539899349212646, 120, 3.0, 1, 0, ''),
((@CGUID+28)+144, 16438, 1, 1, 1, -1592.760009765625, 22.43560028076172, 0.0125070000067353, 3.5420300960540767, 120, 3.0, 1, 0, ''),
((@CGUID+28)+145, 16438, 1, 1, 1, -1591.949951171875, 55.83620071411133, -7.80010986328125, 0.8279010057449341, 120, 3.0, 1, 0, ''),
((@CGUID+28)+146, 16438, 1, 1, 1, -1591.9000244140625, 41.98460006713867, -3.431230068206787, 0.6622419953346252, 120, 3.0, 1, 0, ''),
((@CGUID+28)+147, 16438, 1, 1, 1, -1575.93994140625, 59.027099609375, -3.2720301151275635, 2.718159914016724, 120, 3.0, 1, 0, ''),
((@CGUID+28)+148, 16438, 1, 1, 1, -1558.6800537109375, 23.933500289916992, 8.834239959716797, 2.1524500846862797, 120, 3.0, 1, 0, ''),
((@CGUID+28)+149, 16438, 1, 1, 1, -1556.8199462890625, 56.689800262451165, 2.502579927444458, 5.948450088500977, 120, 3.0, 1, 0, ''),
((@CGUID+28)+150, 16438, 1, 1, 1, -1553.3800048828125, 77.70549774169922, -2.747900009155273, 0.2452449947595596, 120, 3.0, 1, 0, ''),
((@CGUID+28)+151, 16438, 1, 1, 1, -1546.3399658203125, 44.589599609375, 7.677690029144286, 3.6026999950408936, 120, 3.0, 1, 0, ''),
((@CGUID+28)+152, 16438, 1, 1, 1, -1541.3199462890625, -22.447799682617188, 13.200499534606934, 5.42588996887207, 120, 3.0, 1, 0, ''),
((@CGUID+28)+153, 16438, 1, 1, 1, -1540.6199951171875, 79.17320251464845, -0.0488023981451988, 4.406089782714844, 120, 3.0, 1, 0, ''),
((@CGUID+28)+154, 16438, 1, 1, 1, -1525.97998046875, 76.68900299072266, 3.2360401153564453, 2.944200038909912, 120, 3.0, 1, 0, ''),
((@CGUID+28)+155, 16438, 1, 1, 1, -1522.5699462890625, 25.06060028076172, 14.540499687194824, 1.5219099521636963, 120, 3.0, 1, 0, ''),
((@CGUID+28)+156, 16438, 1, 1, 1, -1511.18994140625, 44.40719985961913, 10.715299606323242, 3.8851399421691895, 120, 3.0, 1, 0, ''),
((@CGUID+28)+157, 16438, 1, 1, 1, -1507.8499755859375, 58.347801208496094, 8.656530380249022, 1.1307499408721924, 120, 3.0, 1, 0, ''),
((@CGUID+28)+158, 16438, 1, 1, 1, -1486.1099853515625, 78.21330261230469, 9.391329765319824, 6.204919815063477, 120, 3.0, 1, 0, ''),
((@CGUID+28)+159, 16438, 1, 1, 1, 1153.949951171875, -4311.10009765625, 21.206600189208984, 4.59857988357544, 120, 3.0, 1, 0, ''),
((@CGUID+28)+160, 16438, 1, 1, 1, 1173.02001953125, -4326.6298828125, 21.97030067443848, 4.021249771118164, 120, 3.0, 1, 0, ''),
((@CGUID+28)+161, 16438, 1, 1, 1, 1174.9200439453125, -4283.89013671875, 20.75359916687012, 1.8932000398635864, 120, 3.0, 1, 0, ''),
((@CGUID+28)+162, 16438, 1, 1, 1, 1176.260009765625, -4357.64990234375, 26.902999877929688, 0.1437429934740066, 120, 3.0, 1, 0, ''),
((@CGUID+28)+163, 16438, 1, 1, 1, 1187.6300048828125, -4343.8798828125, 25.863800048828125, 0.8155360221862793, 120, 3.0, 1, 0, ''),
((@CGUID+28)+164, 16438, 1, 1, 1, 1190.3800048828125, -4307.77978515625, 21.077699661254883, 3.5779600143432617, 120, 3.0, 1, 0, ''),
((@CGUID+28)+165, 16438, 1, 1, 1, 1209.4000244140625, -4357.4501953125, 27.4606990814209, 3.1636700630187993, 120, 3.0, 1, 0, ''),
((@CGUID+28)+166, 16438, 1, 1, 1, 1209.81005859375, -4311.330078125, 22.944700241088867, 3.5401799678802486, 120, 3.0, 1, 0, ''),
((@CGUID+28)+167, 16438, 1, 1, 1, 1221.8599853515625, -4355.10009765625, 27.3356990814209, 2.3413400650024414, 120, 3.0, 1, 0, ''),
((@CGUID+28)+168, 16438, 1, 1, 1, 1224.18994140625, -4343.22998046875, 26.611499786376957, 3.6879398822784415, 120, 3.0, 1, 0, ''),
((@CGUID+28)+169, 16438, 1, 1, 1, 1224.77001953125, -4287.22021484375, 23.260900497436523, 5.7137699127197275, 120, 3.0, 1, 0, ''),
((@CGUID+28)+170, 16438, 1, 1, 1, 1226.5999755859375, -4372.580078125, 28.628400802612305, 0.2117300033569336, 120, 3.0, 1, 0, ''),
((@CGUID+28)+171, 16438, 1, 1, 1, 1230.6400146484375, -4338.64013671875, 27.77989959716797, 4.264550209045409, 120, 3.0, 1, 0, ''),
((@CGUID+28)+172, 16438, 1, 1, 1, 1239.6800537109375, -4324.43994140625, 29.61289978027344, 6.259749889373779, 120, 3.0, 1, 0, ''),
((@CGUID+28)+173, 16438, 1, 1, 1, 1244.760009765625, -4377.22021484375, 28.045799255371094, 4.490039825439453, 120, 3.0, 1, 0, ''),
((@CGUID+28)+174, 16438, 1, 1, 1, 1245.25, -4385.990234375, 28.420799255371094, 3.2260999679565434, 120, 3.0, 1, 0, ''),
((@CGUID+28)+175, 16438, 1, 1, 1, 9871.48046875, 1870.9499511718752, 1323.4000244140625, 5.743330001831056, 120, 3.0, 1, 0, ''),
((@CGUID+28)+176, 16438, 1, 1, 1, 9890.740234375, 1860.2099609375, 1317.6400146484375, 2.4378199577331543, 120, 3.0, 1, 0, ''),
((@CGUID+28)+177, 16438, 1, 1, 1, 9891.169921875, 1843.8800048828125, 1320.27001953125, 0.6950349807739258, 120, 3.0, 1, 0, ''),
((@CGUID+28)+178, 16438, 1, 1, 1, 9907.849609375, 1873.27001953125, 1320.550048828125, 2.3989200592041016, 120, 3.0, 1, 0, ''),
((@CGUID+28)+179, 16438, 1, 1, 1, 9908.259765625, 1861.27001953125, 1320.2900390625, 1.4393399953842163, 120, 3.0, 1, 0, ''),
((@CGUID+28)+180, 16438, 1, 1, 1, 9920.849609375, 1891.93994140625, 1325.9200439453125, 3.021519899368286, 120, 3.0, 1, 0, ''),
((@CGUID+28)+181, 16438, 1, 1, 1, 9924.2099609375, 1959.2199707031248, 1339.25, 1.3616299629211426, 120, 3.0, 1, 0, ''),
((@CGUID+28)+182, 16438, 1, 1, 1, 9926.3203125, 1941.6600341796875, 1332.72998046875, 1.1098999977111816, 120, 3.0, 1, 0, ''),
((@CGUID+28)+183, 16438, 1, 1, 1, 9926.7197265625, 1839.8599853515625, 1323.4000244140625, 5.225979804992676, 120, 3.0, 1, 0, ''),
((@CGUID+28)+184, 16438, 1, 1, 1, 9940.0595703125, 1874.9200439453125, 1325.510009765625, 3.2135601043701167, 120, 3.0, 1, 0, ''),
((@CGUID+28)+185, 16438, 1, 1, 1, 9942.25, 1858.6300048828125, 1324.18994140625, 3.7084701061248784, 120, 3.0, 1, 0, ''),
((@CGUID+28)+186, 16438, 1, 1, 1, 9957.2900390625, 1906.2600097656248, 1327.010009765625, 2.4801199436187744, 120, 3.0, 1, 0, ''),
((@CGUID+28)+187, 16438, 1, 1, 1, 9959.3798828125, 1873.6999511718752, 1324.7099609375, 2.362489938735962, 120, 3.0, 1, 0, ''),
((@CGUID+28)+188, 16438, 1, 1, 1, 9971.0400390625, 1924.8900146484373, 1327.050048828125, 1.4813400506973269, 120, 3.0, 1, 0, ''),
((@CGUID+28)+189, 16438, 1, 1, 1, 9973.0498046875, 1942.3199462890625, 1327.2099609375, 1.7547399997711182, 120, 3.0, 1, 0, ''),
((@CGUID+28)+190, 16438, 1, 1, 1, 9976.259765625, 1942.5500488281248, 1326.4200439453125, 0.0850052013993263, 120, 3.0, 1, 0, ''),
((@CGUID+28)+191, 16438, 1, 1, 1, 9976.2998046875, 1942.97998046875, 1326.3199462890625, 0.9841989874839784, 120, 3.0, 1, 0, '');
DELETE FROM `game_event_creature` WHERE `eventEntry` = @scourge_invasion AND `guid` BETWEEN (@CGUID+28) AND (@CGUID+28) + 191;
INSERT INTO `game_event_creature` (`eventEntry`, `guid`) VALUES
(@scourge_invasion, (@CGUID+28)+000),
(@scourge_invasion, (@CGUID+28)+001),
(@scourge_invasion, (@CGUID+28)+002),
(@scourge_invasion, (@CGUID+28)+003),
(@scourge_invasion, (@CGUID+28)+004),
(@scourge_invasion, (@CGUID+28)+005),
(@scourge_invasion, (@CGUID+28)+006),
(@scourge_invasion, (@CGUID+28)+007),
(@scourge_invasion, (@CGUID+28)+008),
(@scourge_invasion, (@CGUID+28)+009),
(@scourge_invasion, (@CGUID+28)+010),
(@scourge_invasion, (@CGUID+28)+011),
(@scourge_invasion, (@CGUID+28)+012),
(@scourge_invasion, (@CGUID+28)+013),
(@scourge_invasion, (@CGUID+28)+014),
(@scourge_invasion, (@CGUID+28)+015),
(@scourge_invasion, (@CGUID+28)+016),
(@scourge_invasion, (@CGUID+28)+017),
(@scourge_invasion, (@CGUID+28)+018),
(@scourge_invasion, (@CGUID+28)+019),
(@scourge_invasion, (@CGUID+28)+020),
(@scourge_invasion, (@CGUID+28)+021),
(@scourge_invasion, (@CGUID+28)+022),
(@scourge_invasion, (@CGUID+28)+023),
(@scourge_invasion, (@CGUID+28)+024),
(@scourge_invasion, (@CGUID+28)+025),
(@scourge_invasion, (@CGUID+28)+026),
(@scourge_invasion, (@CGUID+28)+027),
(@scourge_invasion, (@CGUID+28)+028),
(@scourge_invasion, (@CGUID+28)+029),
(@scourge_invasion, (@CGUID+28)+030),
(@scourge_invasion, (@CGUID+28)+031),
(@scourge_invasion, (@CGUID+28)+032),
(@scourge_invasion, (@CGUID+28)+033),
(@scourge_invasion, (@CGUID+28)+034),
(@scourge_invasion, (@CGUID+28)+035),
(@scourge_invasion, (@CGUID+28)+036),
(@scourge_invasion, (@CGUID+28)+037),
(@scourge_invasion, (@CGUID+28)+038),
(@scourge_invasion, (@CGUID+28)+039),
(@scourge_invasion, (@CGUID+28)+040),
(@scourge_invasion, (@CGUID+28)+041),
(@scourge_invasion, (@CGUID+28)+042),
(@scourge_invasion, (@CGUID+28)+043),
(@scourge_invasion, (@CGUID+28)+044),
(@scourge_invasion, (@CGUID+28)+045),
(@scourge_invasion, (@CGUID+28)+046),
(@scourge_invasion, (@CGUID+28)+047),
(@scourge_invasion, (@CGUID+28)+048),
(@scourge_invasion, (@CGUID+28)+049),
(@scourge_invasion, (@CGUID+28)+050),
(@scourge_invasion, (@CGUID+28)+051),
(@scourge_invasion, (@CGUID+28)+052),
(@scourge_invasion, (@CGUID+28)+053),
(@scourge_invasion, (@CGUID+28)+054),
(@scourge_invasion, (@CGUID+28)+055),
(@scourge_invasion, (@CGUID+28)+056),
(@scourge_invasion, (@CGUID+28)+057),
(@scourge_invasion, (@CGUID+28)+058),
(@scourge_invasion, (@CGUID+28)+059),
(@scourge_invasion, (@CGUID+28)+060),
(@scourge_invasion, (@CGUID+28)+061),
(@scourge_invasion, (@CGUID+28)+062),
(@scourge_invasion, (@CGUID+28)+063),
(@scourge_invasion, (@CGUID+28)+064),
(@scourge_invasion, (@CGUID+28)+065),
(@scourge_invasion, (@CGUID+28)+066),
(@scourge_invasion, (@CGUID+28)+067),
(@scourge_invasion, (@CGUID+28)+068),
(@scourge_invasion, (@CGUID+28)+069),
(@scourge_invasion, (@CGUID+28)+070),
(@scourge_invasion, (@CGUID+28)+071),
(@scourge_invasion, (@CGUID+28)+072),
(@scourge_invasion, (@CGUID+28)+073),
(@scourge_invasion, (@CGUID+28)+074),
(@scourge_invasion, (@CGUID+28)+075),
(@scourge_invasion, (@CGUID+28)+076),
(@scourge_invasion, (@CGUID+28)+077),
(@scourge_invasion, (@CGUID+28)+078),
(@scourge_invasion, (@CGUID+28)+079),
(@scourge_invasion, (@CGUID+28)+080),
(@scourge_invasion, (@CGUID+28)+081),
(@scourge_invasion, (@CGUID+28)+082),
(@scourge_invasion, (@CGUID+28)+083),
(@scourge_invasion, (@CGUID+28)+084),
(@scourge_invasion, (@CGUID+28)+085),
(@scourge_invasion, (@CGUID+28)+086),
(@scourge_invasion, (@CGUID+28)+087),
(@scourge_invasion, (@CGUID+28)+088),
(@scourge_invasion, (@CGUID+28)+089),
(@scourge_invasion, (@CGUID+28)+090),
(@scourge_invasion, (@CGUID+28)+091),
(@scourge_invasion, (@CGUID+28)+092),
(@scourge_invasion, (@CGUID+28)+093),
(@scourge_invasion, (@CGUID+28)+094),
(@scourge_invasion, (@CGUID+28)+095),
(@scourge_invasion, (@CGUID+28)+096),
(@scourge_invasion, (@CGUID+28)+097),
(@scourge_invasion, (@CGUID+28)+098),
(@scourge_invasion, (@CGUID+28)+099),
(@scourge_invasion, (@CGUID+28)+100),
(@scourge_invasion, (@CGUID+28)+101),
(@scourge_invasion, (@CGUID+28)+102),
(@scourge_invasion, (@CGUID+28)+103),
(@scourge_invasion, (@CGUID+28)+104),
(@scourge_invasion, (@CGUID+28)+105),
(@scourge_invasion, (@CGUID+28)+106),
(@scourge_invasion, (@CGUID+28)+107),
(@scourge_invasion, (@CGUID+28)+108),
(@scourge_invasion, (@CGUID+28)+109),
(@scourge_invasion, (@CGUID+28)+110),
(@scourge_invasion, (@CGUID+28)+111),
(@scourge_invasion, (@CGUID+28)+112),
(@scourge_invasion, (@CGUID+28)+113),
(@scourge_invasion, (@CGUID+28)+114),
(@scourge_invasion, (@CGUID+28)+115),
(@scourge_invasion, (@CGUID+28)+116),
(@scourge_invasion, (@CGUID+28)+117),
(@scourge_invasion, (@CGUID+28)+118),
(@scourge_invasion, (@CGUID+28)+119),
(@scourge_invasion, (@CGUID+28)+120),
(@scourge_invasion, (@CGUID+28)+121),
(@scourge_invasion, (@CGUID+28)+122),
(@scourge_invasion, (@CGUID+28)+123),
(@scourge_invasion, (@CGUID+28)+124),
(@scourge_invasion, (@CGUID+28)+125),
(@scourge_invasion, (@CGUID+28)+126),
(@scourge_invasion, (@CGUID+28)+127),
(@scourge_invasion, (@CGUID+28)+128),
(@scourge_invasion, (@CGUID+28)+129),
(@scourge_invasion, (@CGUID+28)+130),
(@scourge_invasion, (@CGUID+28)+131),
(@scourge_invasion, (@CGUID+28)+132),
(@scourge_invasion, (@CGUID+28)+133),
(@scourge_invasion, (@CGUID+28)+134),
(@scourge_invasion, (@CGUID+28)+135),
(@scourge_invasion, (@CGUID+28)+136),
(@scourge_invasion, (@CGUID+28)+137),
(@scourge_invasion, (@CGUID+28)+138),
(@scourge_invasion, (@CGUID+28)+139),
(@scourge_invasion, (@CGUID+28)+140),
(@scourge_invasion, (@CGUID+28)+141),
(@scourge_invasion, (@CGUID+28)+142),
(@scourge_invasion, (@CGUID+28)+143),
(@scourge_invasion, (@CGUID+28)+144),
(@scourge_invasion, (@CGUID+28)+145),
(@scourge_invasion, (@CGUID+28)+146),
(@scourge_invasion, (@CGUID+28)+147),
(@scourge_invasion, (@CGUID+28)+148),
(@scourge_invasion, (@CGUID+28)+149),
(@scourge_invasion, (@CGUID+28)+150),
(@scourge_invasion, (@CGUID+28)+151),
(@scourge_invasion, (@CGUID+28)+152),
(@scourge_invasion, (@CGUID+28)+153),
(@scourge_invasion, (@CGUID+28)+154),
(@scourge_invasion, (@CGUID+28)+155),
(@scourge_invasion, (@CGUID+28)+156),
(@scourge_invasion, (@CGUID+28)+157),
(@scourge_invasion, (@CGUID+28)+158),
(@scourge_invasion, (@CGUID+28)+159),
(@scourge_invasion, (@CGUID+28)+160),
(@scourge_invasion, (@CGUID+28)+161),
(@scourge_invasion, (@CGUID+28)+162),
(@scourge_invasion, (@CGUID+28)+163),
(@scourge_invasion, (@CGUID+28)+164),
(@scourge_invasion, (@CGUID+28)+165),
(@scourge_invasion, (@CGUID+28)+166),
(@scourge_invasion, (@CGUID+28)+167),
(@scourge_invasion, (@CGUID+28)+168),
(@scourge_invasion, (@CGUID+28)+169),
(@scourge_invasion, (@CGUID+28)+170),
(@scourge_invasion, (@CGUID+28)+171),
(@scourge_invasion, (@CGUID+28)+172),
(@scourge_invasion, (@CGUID+28)+173),
(@scourge_invasion, (@CGUID+28)+174),
(@scourge_invasion, (@CGUID+28)+175),
(@scourge_invasion, (@CGUID+28)+176),
(@scourge_invasion, (@CGUID+28)+177),
(@scourge_invasion, (@CGUID+28)+178),
(@scourge_invasion, (@CGUID+28)+179),
(@scourge_invasion, (@CGUID+28)+180),
(@scourge_invasion, (@CGUID+28)+181),
(@scourge_invasion, (@CGUID+28)+182),
(@scourge_invasion, (@CGUID+28)+183),
(@scourge_invasion, (@CGUID+28)+184),
(@scourge_invasion, (@CGUID+28)+185),
(@scourge_invasion, (@CGUID+28)+186),
(@scourge_invasion, (@CGUID+28)+187),
(@scourge_invasion, (@CGUID+28)+188),
(@scourge_invasion, (@CGUID+28)+189),
(@scourge_invasion, (@CGUID+28)+190),
(@scourge_invasion, (@CGUID+28)+191);
-- Herald of the Lich King
DELETE FROM `creature` WHERE `guid` BETWEEN (@CGUID+28) + 192 AND (@CGUID+28) + 197 AND `id1` = 16995;
INSERT INTO `creature` (`guid`, `id1`, `map`, `spawnMask`, `phaseMask`, `position_x`, `position_y`, `position_z`, `orientation`, `spawntimesecs`, `wander_distance`, `MovementType`, `VerifiedBuild`, `Comment`) VALUES
((@CGUID+28)+192, 16995, 0, 1, 1, -4978.740234375, -886.3259887695312, 501.71899414062494, 4.1189799308776855, 120, 0.0, 0, 0, ''),
((@CGUID+28)+193, 16995, 0, 1, 1, 1805.5999755859373, 238.5039978027344, 62.83700180053711, 4.415679931640625, 120, 0.0, 0, 0, ''),
((@CGUID+28)+194, 16995, 0, 1, 1, -8955.740234375, 570.614990234375, 93.87799835205078, 0.0872664973139762, 120, 0.0, 0, 0, ''),
((@CGUID+28)+195, 16995, 1, 1, 1, 1488.3900146484375, -4415.52978515625, 23.7460994720459, 5.061450004577637, 120, 0.0, 0, 0, ''),
((@CGUID+28)+196, 16995, 1, 1, 1, -1300.3399658203125, 173.2779998779297, 68.63510131835938, 4.18878984451294, 120, 0.0, 0, 0, ''),
((@CGUID+28)+197, 16995, 1, 1, 1, 9952.8798828125, 2246.56005859375, 1334.5, 4.24114990234375, 120, 0.0, 0, 0, '');
DELETE FROM `game_event_creature` WHERE `eventEntry` = @scourge_invasion AND `guid` BETWEEN (@CGUID+28) + 192 AND (@CGUID+28) + 197;
INSERT INTO `game_event_creature` (`eventEntry`, `guid`) VALUES
(@scourge_invasion, (@CGUID+28)+192),
(@scourge_invasion, (@CGUID+28)+193),
(@scourge_invasion, (@CGUID+28)+194),
(@scourge_invasion, (@CGUID+28)+195),
(@scourge_invasion, (@CGUID+28)+196),
(@scourge_invasion, (@CGUID+28)+197);

-- Gameobjects
-- Circle
DELETE FROM `gameobject` WHERE `guid` BETWEEN @GGUID AND @GGUID + 12 AND `id` = 181227;
INSERT INTO `gameobject` (`guid`, `id`, `map`, `spawnMask`, `phaseMask`, `position_x`, `position_y`, `position_z`, `orientation`, `rotation0`, `rotation1`, `rotation2`, `rotation3`, `spawntimesecs`, `VerifiedBuild`, `Comment`) VALUES
(@GGUID+00, 181227, 1, 1, 1, 9948.01953125, 1932.3900146484373, 1328.68994140625, 3.682650089263916, 0.0, 0.0, -0.9636300206184388, 0.2672410011291504, 120, 0, ''),
(@GGUID+01, 181227, 1, 1, 1, 9914.1796875, 1864.6600341796875, 1321.260009765625, 2.9146900177001958, 0.0, 0.0, 0.9935709834098816, 0.1132080033421516, 120, 0, ''),
(@GGUID+02, 181227, 1, 1, 1, -1545.469970703125, 51.2859001159668, 5.394120216369629, 0.6283169984817505, 0.0, 0.0, 0.3090159893035888, 0.9510570168495178, 120, 0, ''),
(@GGUID+03, 181227, 0, 1, 1, 1980.0100097656248, 305.23098754882807, 41.189300537109375, 0.4363319873809814, 0.0, 0.0, 0.2164389938116073, 0.9762960076332092, 120, 0, ''),
(@GGUID+04, 181227, 1, 1, 1, 1217.81005859375, -4339.419921875, 25.92490005493164, 4.0142598152160645, 0.0, 0.0, -0.9063069820404052, 0.4226189851760864, 120, 0, ''),
(@GGUID+05, 181227, 1, 1, 1, 1169.6199951171875, -4320.02978515625, 20.873899459838867, 0.5759570002555847, 0.0, 0.0, 0.2840149998664856, 0.9588199853897096, 120, 0, ''),
(@GGUID+06, 181227, 0, 1, 1, -9061.4599609375, 349.66598510742193, 93.10980224609376, 4.572760105133057, 0.0, 0.0, -0.754709005355835, 0.6560590267181396, 120, 0, ''),
(@GGUID+07, 181227, 0, 1, 1, -5175.25, -588.093017578125, 397.9840087890625, 2.5132699012756348, 0.0, 0.0, 0.9510560035705566, 0.30901700258255, 120, 0, ''),
(@GGUID+08, 181227, 0, 1, 1, -9218.099609375, 318.7850036621094, 73.86499786376953, 3.0194098949432373, 0.0, 0.0, 0.998134970664978, 0.0610518008470535, 120, 0, ''),
(@GGUID+09, 181227, 0, 1, 1, -5163.2001953125, -645.8519897460938, 396.9920043945313, 0.0523588992655277, 0.0, 0.0, 0.0261764992028474, 0.9996569752693176, 120, 0, ''),
(@GGUID+10, 181227, 0, 1, 1, -9118.919921875, 330.1000061035156, 93.19799804687501, 3.001950025558472, 0.0, 0.0, 0.9975630044937134, 0.0697660967707634, 120, 0, ''),
(@GGUID+11, 181227, 0, 1, 1, -9183.830078125, 416.18798828125, 89.91230010986328, 0.4014250040054321, 0.0, 0.0, 0.1993670016527176, 0.979924976825714, 120, 0, '');
DELETE FROM `game_event_gameobject` WHERE `eventEntry` = @scourge_invasion AND `guid` BETWEEN @GGUID AND @GGUID + 11;
INSERT INTO `game_event_gameobject` (`eventEntry`, `guid`) VALUES
(@scourge_invasion, @GGUID+00),
(@scourge_invasion, @GGUID+01),
(@scourge_invasion, @GGUID+02),
(@scourge_invasion, @GGUID+03),
(@scourge_invasion, @GGUID+04),
(@scourge_invasion, @GGUID+05),
(@scourge_invasion, @GGUID+06),
(@scourge_invasion, @GGUID+07),
(@scourge_invasion, @GGUID+08),
(@scourge_invasion, @GGUID+09),
(@scourge_invasion, @GGUID+10),
(@scourge_invasion, @GGUID+11);

DELETE FROM `creature` WHERE `guid` BETWEEN @CGUID+226 AND @CGUID+472 AND `id1` IN (16386, 16995, 16356, 16421, 16398, 16401);
INSERT INTO `creature` (`guid`, `id1`, `map`, `position_x`, `position_y`, `position_z`, `orientation`, `spawntimesecs`, `wander_distance`, `MovementType`, `VerifiedBuild`, `Comment`) VALUES
(@CGUID+226, 16356, 1, 7803.92, -4223.38, 676.976, 2.00713, 120, 0, 0, 0, ''),
(@CGUID+227, 16356, 1, 7692.21, -3843.77, 688.606, 4.46804, 120, 0, 0, 0, ''),
(@CGUID+228, 16356, 1, 7688.04, -3897.73, 694.276, 0.506145, 120, 0, 0, 0, ''),
(@CGUID+229, 16356, 1, 7682.71, -3885.57, 687.503, 0.715585, 120, 0, 0, 0, ''),
(@CGUID+230, 16356, 1, 7680.04, -3872.52, 686.097, 5.63741, 120, 0, 0, 0, ''),
(@CGUID+231, 16356, 1, 7678.66, -3914.82, 692.927, 5.81195, 120, 0, 0, 0, ''),
(@CGUID+232, 16356, 1, 7677.0, -3857.65, 685.728, 5.53269, 120, 0, 0, 0, ''),
(@CGUID+233, 16356, 1, 7667.13, -3911.85, 689.31, 3.14159, 120, 0, 0, 0, ''),
(@CGUID+234, 16356, 1, 7652.64, -3903.16, 686.687, 1.09956, 120, 0, 0, 0, ''),
(@CGUID+235, 16356, 1, 6809.51, -3588.19, 715.367, 2.23402, 120, 0, 0, 0, ''),
(@CGUID+236, 16356, 1, 6803.28, -3609.97, 724.075, 3.14159, 120, 0, 0, 0, ''),
(@CGUID+237, 16356, 1, 7692.97, -3869.9, 686.828, 1.8675, 120, 0, 0, 0, ''),
(@CGUID+238, 16356, 1, 7693.95, -3855.77, 687.262, 4.04917, 120, 0, 0, 0, ''),
(@CGUID+239, 16356, 1, 7795.84, -4235.55, 680.31, 3.26377, 120, 0, 0, 0, ''),
(@CGUID+240, 16356, 1, 7795.27, -4208.93, 676.937, 6.24828, 120, 0, 0, 0, ''),
(@CGUID+241, 16356, 1, 7795.15, -4252.16, 684.127, 4.06662, 120, 0, 0, 0, ''),
(@CGUID+242, 16356, 1, 7789.24, -4224.77, 678.404, 2.80997, 120, 0, 0, 0, ''),
(@CGUID+243, 16356, 1, 7788.19, -4196.17, 678.94, 1.37881, 120, 0, 0, 0, ''),
(@CGUID+244, 16356, 1, 7722.49, -3863.91, 692.282, 4.20625, 120, 0, 0, 0, ''),
(@CGUID+245, 16356, 1, 7709.28, -3870.56, 688.726, 1.95477, 120, 0, 0, 0, ''),
(@CGUID+246, 16356, 1, 7707.08, -3889.23, 688.648, 4.04917, 120, 0, 0, 0, ''),
(@CGUID+247, 16356, 1, 7706.35, -3854.83, 690.143, 3.26377, 120, 0, 0, 0, ''),
(@CGUID+248, 16356, 1, 7696.09, -3920.77, 696.934, 4.03171, 120, 0, 0, 0, ''),
(@CGUID+249, 16356, 1, 6798.58, -3567.63, 707.992, 4.46804, 120, 0, 0, 0, ''),
(@CGUID+250, 16356, 1, 6798.46, -3596.05, 715.951, 2.00713, 120, 0, 0, 0, ''),
(@CGUID+251, 16356, 1, 6795.1, -3623.55, 723.573, 6.24828, 120, 0, 0, 0, ''),
(@CGUID+252, 16356, 1, 6767.9, -3597.28, 715.526, 1.8675, 120, 0, 0, 0, ''),
(@CGUID+253, 16356, 1, 6765.78, -3312.03, 670.013, 4.03171, 120, 0, 0, 0, ''),
(@CGUID+254, 16356, 1, 6761.73, -3369.84, 680.471, 2.23402, 120, 0, 0, 0, ''),
(@CGUID+255, 16356, 1, 6759.54, -3586.78, 711.38, 1.37881, 120, 0, 0, 0, ''),
(@CGUID+256, 16356, 1, 6758.04, -3387.27, 681.821, 1.37881, 120, 0, 0, 0, ''),
(@CGUID+257, 16356, 1, 6757.12, -3329.69, 679.008, 5.49779, 120, 0, 0, 0, ''),
(@CGUID+258, 16356, 1, 6755.89, -3355.38, 684.195, 5.63741, 120, 0, 0, 0, ''),
(@CGUID+259, 16356, 1, 6755.18, -3542.83, 695.273, 1.09956, 120, 0, 0, 0, ''),
(@CGUID+260, 16356, 1, 6751.6, -3343.63, 685.362, 1.8675, 120, 0, 0, 0, ''),
(@CGUID+261, 16356, 1, 6750.93, -3596.03, 712.466, 5.53269, 120, 0, 0, 0, ''),
(@CGUID+262, 16356, 1, 6768.14, -3343.88, 679.026, 1.85005, 120, 0, 0, 0, ''),
(@CGUID+263, 16356, 1, 6768.48, -3608.16, 718.727, 4.46804, 120, 0, 0, 0, ''),
(@CGUID+264, 16356, 1, 6793.59, -3582.59, 711.24, 5.81195, 120, 0, 0, 0, ''),
(@CGUID+265, 16356, 1, 6792.82, -3333.73, 672.688, 5.81195, 120, 0, 0, 0, ''),
(@CGUID+266, 16356, 1, 6781.79, -3605.28, 718.212, 0.715585, 120, 0, 0, 0, ''),
(@CGUID+267, 16356, 1, 6781.78, -3572.2, 707.945, 5.20108, 120, 0, 0, 0, ''),
(@CGUID+268, 16356, 1, 6780.61, -3388.83, 670.426, 4.46804, 120, 0, 0, 0, ''),
(@CGUID+269, 16356, 1, 6776.84, -3327.48, 675.283, 4.46804, 120, 0, 0, 0, ''),
(@CGUID+270, 16356, 1, 6773.43, -3359.75, 674.856, 0.226893, 120, 0, 0, 0, ''),
(@CGUID+271, 16356, 1, 6770.59, -3539.92, 696.328, 2.80997, 120, 0, 0, 0, ''),
(@CGUID+272, 16356, 1, 6768.67, -3576.22, 709.911, 5.63741, 120, 0, 0, 0, ''),
(@CGUID+273, 16356, 1, 6768.63, -3558.32, 703.155, 4.04917, 120, 0, 0, 0, ''),
(@CGUID+274, 16356, 1, 6748.63, -3577.6, 706.911, 1.95477, 120, 0, 0, 0, ''),
(@CGUID+275, 16356, 1, 7806.19, -4247.15, 682.155, 5.49779, 120, 0, 0, 0, ''),
(@CGUID+276, 16356, 1, 7965.54, -3861.22, 694.937, 1.85005, 120, 0, 0, 0, ''),
(@CGUID+277, 16356, 1, 7945.12, -3861.87, 695.372, 1.8675, 120, 0, 0, 0, ''),
(@CGUID+278, 16356, 1, 7943.79, -3893.78, 694.071, 2.23402, 120, 0, 0, 0, ''),
(@CGUID+279, 16356, 1, 7941.25, -3838.65, 695.45, 0.226893, 120, 0, 0, 0, ''),
(@CGUID+280, 16356, 1, 7939.44, -3824.62, 694.276, 3.14159, 120, 0, 0, 0, ''),
(@CGUID+281, 16356, 1, 7937.52, -3907.76, 691.837, 2.80997, 120, 0, 0, 0, ''),
(@CGUID+282, 16356, 1, 7936.22, -3851.07, 695.79, 4.04917, 120, 0, 0, 0, ''),
(@CGUID+283, 16356, 1, 7933.96, -3880.2, 695.511, 5.20108, 120, 0, 0, 0, ''),
(@CGUID+284, 16356, 1, 7930.05, -3865.68, 696.047, 5.63741, 120, 0, 0, 0, ''),
(@CGUID+285, 16356, 1, 7928.04, -3895.8, 693.936, 6.24828, 120, 0, 0, 0, ''),
(@CGUID+286, 16356, 1, 7927.97, -3839.86, 697.547, 4.46804, 120, 0, 0, 0, ''),
(@CGUID+287, 16356, 1, 7947.64, -3849.3, 695.279, 5.53269, 120, 0, 0, 0, ''),
(@CGUID+288, 16356, 1, 7949.9, -3877.03, 694.952, 0.715585, 120, 0, 0, 0, ''),
(@CGUID+289, 16356, 1, 7965.36, -3899.19, 690.591, 4.20625, 120, 0, 0, 0, ''),
(@CGUID+290, 16356, 1, 7963.28, -3831.76, 695.148, 3.03684, 120, 0, 0, 0, ''),
(@CGUID+291, 16356, 1, 7962.0, -3877.56, 694.392, 1.88495, 120, 0, 0, 0, ''),
(@CGUID+292, 16356, 1, 7959.24, -3852.64, 695.212, 1.09956, 120, 0, 0, 0, ''),
(@CGUID+293, 16356, 1, 7957.85, -3866.2, 695.307, 4.04917, 120, 0, 0, 0, ''),
(@CGUID+294, 16356, 1, 7957.6, -3842.41, 695.523, 4.46804, 120, 0, 0, 0, ''),
(@CGUID+295, 16356, 1, 7956.16, -3890.51, 692.989, 0.506145, 120, 0, 0, 0, ''),
(@CGUID+296, 16356, 1, 7956.12, -3823.11, 694.151, 4.03171, 120, 0, 0, 0, ''),
(@CGUID+297, 16356, 1, 7954.25, -3903.53, 692.432, 4.06662, 120, 0, 0, 0, ''),
(@CGUID+298, 16356, 1, 7951.07, -3833.49, 694.815, 5.81195, 120, 0, 0, 0, ''),
(@CGUID+299, 16356, 1, 7919.76, -3859.64, 697.67, 1.95477, 120, 0, 0, 0, ''),
(@CGUID+300, 16356, 1, 7919.69, -3876.01, 695.881, 2.00713, 120, 0, 0, 0, ''),
(@CGUID+301, 16356, 1, 7911.53, -3892.2, 694.113, 3.26377, 120, 0, 0, 0, ''),
(@CGUID+302, 16356, 1, 7828.07, -4212.5, 675.284, 5.20108, 120, 0, 0, 0, ''),
(@CGUID+303, 16356, 1, 7824.58, -4198.73, 676.44, 4.04917, 120, 0, 0, 0, ''),
(@CGUID+304, 16356, 1, 7823.87, -4236.39, 680.851, 2.23402, 120, 0, 0, 0, ''),
(@CGUID+305, 16356, 1, 7823.81, -4183.98, 678.287, 3.14159, 120, 0, 0, 0, ''),
(@CGUID+306, 16356, 1, 7819.69, -4253.9, 683.877, 1.85005, 120, 0, 0, 0, ''),
(@CGUID+307, 16356, 1, 7819.46, -4228.16, 678.039, 1.8675, 120, 0, 0, 0, ''),
(@CGUID+308, 16356, 1, 7814.38, -4215.36, 675.235, 5.63741, 120, 0, 0, 0, ''),
(@CGUID+309, 16356, 1, 7810.57, -4187.36, 679.448, 4.46804, 120, 0, 0, 0, ''),
(@CGUID+310, 16356, 1, 7808.61, -4236.62, 680.346, 1.95477, 120, 0, 0, 0, ''),
(@CGUID+311, 16356, 1, 7807.68, -4200.73, 676.644, 0.506145, 120, 0, 0, 0, ''),
(@CGUID+312, 16356, 1, 7830.36, -4226.16, 676.592, 0.715585, 120, 0, 0, 0, ''),
(@CGUID+313, 16356, 1, 7830.58, -4248.46, 683.335, 1.09956, 120, 0, 0, 0, ''),
(@CGUID+314, 16356, 1, 7906.08, -3869.86, 697.101, 5.49779, 120, 0, 0, 0, ''),
(@CGUID+315, 16356, 1, 7898.49, -3883.67, 695.912, 1.37881, 120, 0, 0, 0, ''),
(@CGUID+316, 16356, 1, 7862.23, -4231.88, 680.239, 4.46804, 120, 0, 0, 0, ''),
(@CGUID+317, 16356, 1, 7859.19, -4210.56, 677.92, 0.226893, 120, 0, 0, 0, ''),
(@CGUID+318, 16356, 1, 7848.99, -4251.67, 682.438, 4.03171, 120, 0, 0, 0, ''),
(@CGUID+319, 16356, 1, 7845.04, -4220.46, 676.056, 4.04917, 120, 0, 0, 0, ''),
(@CGUID+320, 16356, 1, 7843.34, -4239.35, 680.186, 5.53269, 120, 0, 0, 0, ''),
(@CGUID+321, 16356, 1, 7837.27, -4205.74, 676.506, 1.88495, 120, 0, 0, 0, ''),
(@CGUID+322, 16356, 1, 7834.89, -4191.34, 678.831, 5.81195, 120, 0, 0, 0, ''),
(@CGUID+323, 16356, 1, 7833.12, -4264.02, 685.045, 3.03684, 120, 0, 0, 0, ''),
(@CGUID+324, 16356, 1, 7806.81, -4258.37, 684.659, 4.20625, 120, 0, 0, 0, ''),
(@CGUID+325, 16356, 1, 6744.93, -3365.14, 685.487, 5.20108, 120, 0, 0, 0, ''),
(@CGUID+326, 16356, 1, 6267.61, -4741.21, 752.306, 1.37881, 120, 0, 0, 0, ''),
(@CGUID+327, 16356, 1, 6097.15, -4760.67, 757.799, 4.03171, 120, 0, 0, 0, ''),
(@CGUID+328, 16356, 1, 6095.58, -5003.05, 786.695, 1.09956, 120, 0, 0, 0, ''),
(@CGUID+329, 16356, 1, 6094.11, -4743.58, 760.271, 4.20625, 120, 0, 0, 0, ''),
(@CGUID+330, 16356, 1, 6091.63, -4773.75, 767.684, 3.03684, 120, 0, 0, 0, ''),
(@CGUID+331, 16356, 1, 6088.08, -4715.84, 748.35, 3.14159, 120, 0, 0, 0, ''),
(@CGUID+332, 16356, 1, 6084.75, -4788.65, 767.875, 2.80997, 120, 0, 0, 0, ''),
(@CGUID+333, 16356, 1, 6082.92, -4760.65, 768.08, 5.49779, 120, 0, 0, 0, ''),
(@CGUID+334, 16356, 1, 6082.63, -5087.32, 826.216, 4.06662, 120, 0, 0, 0, ''),
(@CGUID+335, 16356, 1, 6077.83, -5007.27, 784.157, 1.95477, 120, 0, 0, 0, ''),
(@CGUID+336, 16356, 1, 6074.85, -4773.89, 773.899, 1.37881, 120, 0, 0, 0, ''),
(@CGUID+337, 16356, 1, 6099.65, -5034.8, 791.309, 5.53269, 120, 0, 0, 0, ''),
(@CGUID+338, 16356, 1, 6101.9, -5048.42, 793.883, 6.24828, 120, 0, 0, 0, ''),
(@CGUID+339, 16356, 1, 6266.41, -4760.14, 754.315, 5.53269, 120, 0, 0, 0, ''),
(@CGUID+340, 16356, 1, 6264.28, -4779.01, 755.461, 4.04917, 120, 0, 0, 0, ''),
(@CGUID+341, 16356, 1, 6261.85, -4815.35, 756.9, 4.46804, 120, 0, 0, 0, ''),
(@CGUID+342, 16356, 1, 6260.05, -4793.75, 756.794, 1.88495, 120, 0, 0, 0, ''),
(@CGUID+343, 16356, 1, 6245.98, -4805.58, 757.178, 0.226893, 120, 0, 0, 0, ''),
(@CGUID+344, 16356, 1, 6244.2, -4822.47, 758.176, 4.20625, 120, 0, 0, 0, ''),
(@CGUID+345, 16356, 1, 6115.64, -5055.81, 794.876, 4.03171, 120, 0, 0, 0, ''),
(@CGUID+346, 16356, 1, 6114.28, -5035.89, 791.659, 3.26377, 120, 0, 0, 0, ''),
(@CGUID+347, 16356, 1, 6111.27, -5071.46, 809.851, 4.20625, 120, 0, 0, 0, ''),
(@CGUID+348, 16356, 1, 6107.5, -5018.22, 790.313, 5.49779, 120, 0, 0, 0, ''),
(@CGUID+349, 16356, 1, 6074.01, -5025.43, 786.359, 5.63741, 120, 0, 0, 0, ''),
(@CGUID+350, 16356, 1, 6066.06, -5051.1, 793.402, 0.715585, 120, 0, 0, 0, ''),
(@CGUID+351, 16356, 1, 6065.56, -5072.04, 807.075, 3.14159, 120, 0, 0, 0, ''),
(@CGUID+352, 16356, 1, 6038.34, -5052.79, 793.367, 4.46804, 120, 0, 0, 0, ''),
(@CGUID+353, 16356, 1, 6034.1, -5016.35, 781.757, 0.226893, 120, 0, 0, 0, ''),
(@CGUID+354, 16356, 1, 6032.58, -4761.92, 796.403, 1.88495, 120, 0, 0, 0, ''),
(@CGUID+355, 16356, 1, 6030.76, -4794.53, 783.93, 0.226893, 120, 0, 0, 0, ''),
(@CGUID+356, 16356, 1, 6030.33, -4747.28, 800.217, 5.53269, 120, 0, 0, 0, ''),
(@CGUID+357, 16356, 1, 6029.56, -5033.75, 783.063, 5.81195, 120, 0, 0, 0, ''),
(@CGUID+358, 16356, 1, 6028.84, -5069.67, 798.821, 2.80997, 120, 0, 0, 0, ''),
(@CGUID+359, 16356, 1, 6026.22, -5049.34, 787.266, 1.37881, 120, 0, 0, 0, ''),
(@CGUID+360, 16356, 1, 6023.85, -4776.91, 796.595, 4.46804, 120, 0, 0, 0, ''),
(@CGUID+361, 16356, 1, 6019.6, -4757.41, 803.772, 0.506145, 120, 0, 0, 0, ''),
(@CGUID+362, 16356, 1, 6043.09, -4722.28, 788.435, 4.04917, 120, 0, 0, 0, ''),
(@CGUID+363, 16356, 1, 6044.18, -5030.07, 783.474, 4.04917, 120, 0, 0, 0, ''),
(@CGUID+364, 16356, 1, 6064.33, -4785.45, 776.044, 4.46804, 120, 0, 0, 0, ''),
(@CGUID+365, 16356, 1, 6063.3, -4997.71, 781.419, 1.85005, 120, 0, 0, 0, ''),
(@CGUID+366, 16356, 1, 6061.17, -4742.39, 780.267, 5.20108, 120, 0, 0, 0, ''),
(@CGUID+367, 16356, 1, 6060.16, -5034.83, 786.358, 1.8675, 120, 0, 0, 0, ''),
(@CGUID+368, 16356, 1, 6058.75, -5016.88, 782.489, 2.23402, 120, 0, 0, 0, ''),
(@CGUID+369, 16356, 1, 6051.28, -5047.69, 789.502, 4.04917, 120, 0, 0, 0, ''),
(@CGUID+370, 16356, 1, 6049.2, -5003.04, 780.38, 4.46804, 120, 0, 0, 0, ''),
(@CGUID+371, 16356, 1, 6048.68, -5063.69, 803.729, 0.506145, 120, 0, 0, 0, ''),
(@CGUID+372, 16356, 1, 6047.73, -4760.52, 791.407, 0.715585, 120, 0, 0, 0, ''),
(@CGUID+373, 16356, 1, 6046.94, -4713.09, 780.627, 4.06662, 120, 0, 0, 0, ''),
(@CGUID+374, 16356, 1, 6019.56, -4732.35, 802.346, 6.24828, 120, 0, 0, 0, ''),
(@CGUID+375, 16356, 1, 6274.75, -4790.02, 757.197, 5.20108, 120, 0, 0, 0, ''),
(@CGUID+376, 16356, 1, 6744.9, -3380.01, 681.274, 4.04917, 120, 0, 0, 0, ''),
(@CGUID+377, 16356, 1, 6710.2, -3323.17, 675.236, 3.03684, 120, 0, 0, 0, ''),
(@CGUID+378, 16356, 1, 6710.0, -3337.31, 680.159, 0.506145, 120, 0, 0, 0, ''),
(@CGUID+379, 16356, 1, 6707.89, -3378.02, 672.704, 4.06662, 120, 0, 0, 0, ''),
(@CGUID+380, 16356, 1, 6697.96, -3353.05, 678.908, 3.14159, 120, 0, 0, 0, ''),
(@CGUID+381, 16356, 1, 6592.46, -3487.51, 668.623, 4.06662, 120, 0, 0, 0, ''),
(@CGUID+382, 16356, 1, 6585.37, -3473.38, 661.758, 0.226893, 120, 0, 0, 0, ''),
(@CGUID+383, 16356, 1, 6582.48, -3498.92, 668.396, 5.81195, 120, 0, 0, 0, ''),
(@CGUID+384, 16356, 1, 6571.48, -3482.74, 656.277, 1.95477, 120, 0, 0, 0, ''),
(@CGUID+385, 16356, 1, 6569.58, -3465.98, 650.354, 4.04917, 120, 0, 0, 0, ''),
(@CGUID+386, 16356, 1, 6566.26, -3496.04, 657.436, 5.53269, 120, 0, 0, 0, ''),
(@CGUID+387, 16356, 1, 6714.63, -3360.29, 685.129, 5.53269, 120, 0, 0, 0, ''),
(@CGUID+388, 16356, 1, 6722.37, -3390.24, 670.368, 2.80997, 120, 0, 0, 0, ''),
(@CGUID+389, 16356, 1, 6743.57, -3622.55, 716.376, 5.49779, 120, 0, 0, 0, ''),
(@CGUID+390, 16356, 1, 6743.03, -3307.84, 673.46, 1.09956, 120, 0, 0, 0, ''),
(@CGUID+391, 16356, 1, 6740.54, -3392.55, 681.018, 4.20625, 120, 0, 0, 0, ''),
(@CGUID+392, 16356, 1, 6738.41, -3327.87, 681.681, 6.24828, 120, 0, 0, 0, ''),
(@CGUID+393, 16356, 1, 6735.53, -3341.49, 686.324, 0.715585, 120, 0, 0, 0, ''),
(@CGUID+394, 16356, 1, 6732.38, -3355.74, 687.47, 2.00713, 120, 0, 0, 0, ''),
(@CGUID+395, 16356, 1, 6729.42, -3370.34, 682.625, 4.04917, 120, 0, 0, 0, ''),
(@CGUID+396, 16356, 1, 6725.51, -3317.41, 676.774, 3.26377, 120, 0, 0, 0, ''),
(@CGUID+397, 16356, 1, 6724.65, -3332.95, 682.82, 1.88495, 120, 0, 0, 0, ''),
(@CGUID+398, 16356, 1, 6722.6, -3345.27, 685.512, 1.95477, 120, 0, 0, 0, ''),
(@CGUID+399, 16356, 1, 6566.17, -3515.59, 664.822, 4.46804, 120, 0, 0, 0, ''),
(@CGUID+400, 16356, 1, 6555.9, -3442.93, 639.3, 4.46804, 120, 0, 0, 0, ''),
(@CGUID+401, 16356, 1, 6275.42, -4772.54, 756.038, 5.63741, 120, 0, 0, 0, ''),
(@CGUID+402, 16356, 1, 6507.96, -3520.64, 646.056, 4.03171, 120, 0, 0, 0, ''),
(@CGUID+403, 16356, 1, 6328.0, -4811.45, 754.255, 4.03171, 120, 0, 0, 0, ''),
(@CGUID+404, 16356, 1, 6321.46, -4795.62, 751.583, 3.26377, 120, 0, 0, 0, ''),
(@CGUID+405, 16356, 1, 6316.25, -4825.19, 752.389, 3.03684, 120, 0, 0, 0, ''),
(@CGUID+406, 16356, 1, 6315.73, -4777.7, 756.809, 6.24828, 120, 0, 0, 0, ''),
(@CGUID+407, 16356, 1, 6300.74, -4746.35, 763.063, 2.80997, 120, 0, 0, 0, ''),
(@CGUID+408, 16356, 1, 6300.34, -4823.2, 755.121, 1.09956, 120, 0, 0, 0, ''),
(@CGUID+409, 16356, 1, 6293.97, -4810.5, 757.794, 0.506145, 120, 0, 0, 0, ''),
(@CGUID+410, 16356, 1, 6278.87, -4805.42, 758.657, 2.23402, 120, 0, 0, 0, ''),
(@CGUID+411, 16356, 1, 6278.3, -4822.49, 753.667, 1.85005, 120, 0, 0, 0, ''),
(@CGUID+412, 16356, 1, 6518.95, -3487.36, 636.76, 3.26377, 120, 0, 0, 0, ''),
(@CGUID+413, 16356, 1, 6524.56, -3475.16, 631.954, 5.49779, 120, 0, 0, 0, ''),
(@CGUID+414, 16356, 1, 6555.51, -3507.44, 654.253, 1.88495, 120, 0, 0, 0, ''),
(@CGUID+415, 16356, 1, 6554.91, -3494.86, 649.53, 1.8675, 120, 0, 0, 0, ''),
(@CGUID+416, 16356, 1, 6554.11, -3471.91, 643.641, 5.20108, 120, 0, 0, 0, ''),
(@CGUID+417, 16356, 1, 6550.84, -3458.72, 638.834, 4.04917, 120, 0, 0, 0, ''),
(@CGUID+418, 16356, 1, 6545.69, -3522.92, 654.758, 1.37881, 120, 0, 0, 0, ''),
(@CGUID+419, 16356, 1, 6544.11, -3447.51, 631.453, 3.14159, 120, 0, 0, 0, ''),
(@CGUID+420, 16356, 1, 6538.32, -3507.86, 647.232, 0.506145, 120, 0, 0, 0, ''),
(@CGUID+421, 16356, 1, 6536.56, -3488.23, 642.123, 2.00713, 120, 0, 0, 0, ''),
(@CGUID+422, 16356, 1, 6532.16, -3437.84, 620.91, 1.85005, 120, 0, 0, 0, ''),
(@CGUID+423, 16356, 1, 6530.19, -3521.71, 651.428, 2.80997, 120, 0, 0, 0, ''),
(@CGUID+424, 16356, 1, 6525.9, -3499.27, 642.475, 6.24828, 120, 0, 0, 0, ''),
(@CGUID+425, 16386, 1, 7878.21, -3923.94, 725.313, 0.715585, 120, 0, 0, 0, ''),
(@CGUID+426, 16386, 1, 7797.48, -4146.13, 715.934, 2.60054, 120, 0, 0, 0, ''),
(@CGUID+427, 16386, 1, 7703.4, -3912.95, 708.642, 2.60054, 120, 0, 0, 0, ''),
(@CGUID+428, 16386, 1, 6752.62, -3553.76, 729.794, 2.60054, 120, 0, 0, 0, ''),
(@CGUID+429, 16386, 1, 6713.44, -3379.66, 720.502, 0.767945, 120, 0, 0, 0, ''),
(@CGUID+430, 16386, 1, 6596.59, -3462.38, 716.452, 3.52556, 120, 0, 0, 0, ''),
(@CGUID+431, 16386, 1, 6237.09, -4843.21, 780.975, 0.925025, 120, 0, 0, 0, ''),
(@CGUID+432, 16386, 1, 6107.43, -4999.62, 794.913, 3.9968, 120, 0, 0, 0, ''),
(@CGUID+433, 16386, 1, 6103.93, -4813.46, 792.546, 2.23402, 120, 0, 0, 0, ''),
(@CGUID+434, 16398, 1, 7815.69, -3978.53, 754.773, 0.733038, 120, 0, 0, 0, ''),
(@CGUID+435, 16398, 1, 7777.75, -4086.5, 749.041, 5.11381, 120, 0, 0, 0, ''),
(@CGUID+436, 16398, 1, 7722.3, -3953.9, 734.255, 4.10152, 120, 0, 0, 0, ''),
(@CGUID+437, 16398, 1, 6701.14, -3500.28, 757.474, 5.11381, 120, 0, 0, 0, ''),
(@CGUID+438, 16398, 1, 6677.47, -3414.77, 760.265, 4.10152, 120, 0, 0, 0, ''),
(@CGUID+439, 16398, 1, 6615.65, -3459.45, 738.292, 3.50811, 120, 0, 0, 0, ''),
(@CGUID+440, 16398, 1, 6213.64, -4873.82, 792.298, 0.925025, 120, 0, 0, 0, ''),
(@CGUID+441, 16398, 1, 6156.84, -4878.55, 798.983, 2.23402, 120, 0, 0, 0, ''),
(@CGUID+442, 16398, 1, 6145.26, -4957.15, 800.845, 3.97935, 120, 0, 0, 0, ''),
-- (@CGUID+443, 16995, 1, 7736.56, -4033.75, 696.327, 5.51524, 120, 0, 0, 0, ''),
(@CGUID+444, 16356, 1, 7641.33, -3886.13, 685.196, 4.46804, 120, 0, 0, 0, ''),
(@CGUID+445, 16356, 1, 7646.42, -3869.21, 684.996, 0.226893, 120, 0, 0, 0, ''),
(@CGUID+446, 16356, 1, 7649.19, -3855.19, 685.153, 1.37881, 120, 0, 0, 0, ''),
(@CGUID+447, 16356, 1, 7656.79, -3884.09, 685.892, 1.88495, 120, 0, 0, 0, ''),
(@CGUID+448, 16356, 1, 7662.29, -3869.07, 685.412, 2.23402, 120, 0, 0, 0, ''),
(@CGUID+449, 16356, 1, 7664.56, -3850.75, 686.131, 5.49779, 120, 0, 0, 0, ''),
(@CGUID+450, 16356, 1, 7677.6, -3841.15, 687.133, 2.80997, 120, 0, 0, 0, ''),
(@CGUID+451, 16356, 1, 7711.92, -3840.43, 700.432, 4.06663, 120, 0, 0, 0, ''),
(@CGUID+452, 16356, 1, 7723.1, -3902.68, 691.732, 3.03684, 120, 0, 0, 0, ''),
(@CGUID+453, 16356, 1, 7669.45, -3886.25, 686.572, 2.00713, 120, 0, 0, 0, ''),
(@CGUID+454, 16401, 1, 6184.28, -4913.32, 807.76, 6.0912, 120, 0, 0, 0, ''),
(@CGUID+455, 16401, 1, 6646.69, -3442.36, 793.0, 4.86947, 120, 0, 0, 0, ''),
(@CGUID+456, 16401, 1, 7755.75, -4030.91, 786.58, 0.471238, 120, 0, 0, 0, ''),
(@CGUID+457, 16421, 1, 6184.28, -4913.32, 807.76, 6.0912, 120, 0, 0, 0, ''),
(@CGUID+458, 16421, 1, 6646.69, -3442.36, 793.0, 4.86947, 120, 0, 0, 0, ''),
(@CGUID+459, 16421, 1, 7755.75, -4030.91, 786.58, 0.471238, 120, 0, 0, 0, ''),
(@CGUID+460, 16356, 1, 6244.0, -4779.69, 751.865, 5.81195, 120, 0, 0, 0, ''),
(@CGUID+461, 16356, 1, 6074.43, -4722.75, 756.323, 1.09956, 120, 0, 0, 0, ''),
(@CGUID+462, 16356, 1, 6248.46, -4755.08, 752.166, 4.46804, 120, 0, 0, 0, ''),
(@CGUID+463, 16356, 1, 6734.2, -3572.91, 704.114, 4.06663, 120, 0, 0, 0, ''),
(@CGUID+464, 16356, 1, 6743.76, -3605.07, 718.871, 4.03172, 120, 0, 0, 0, ''),
(@CGUID+465, 16356, 1, 6745.98, -3560.78, 700.922, 4.04917, 120, 0, 0, 0, ''),
(@CGUID+466, 16356, 1, 6756.25, -3610.65, 717.194, 1.88495, 120, 0, 0, 0, ''),
(@CGUID+467, 16356, 1, 6772.13, -3621.32, 721.724, 0.506145, 120, 0, 0, 0, ''),
(@CGUID+468, 16356, 1, 6817.91, -3615.72, 729.997, 3.26377, 120, 0, 0, 0, ''),
(@CGUID+469, 16356, 1, 6819.23, -3570.4, 727.156, 0.226893, 120, 0, 0, 0, ''),
(@CGUID+470, 16356, 1, 7694.82, -3881.97, 688.048, 5.20109, 120, 0, 0, 0, ''),
(@CGUID+471, 16356, 1, 7708.42, -3907.95, 691.825, 6.24828, 120, 0, 0, 0, ''),
(@CGUID+472, 16356, 1, 7720.34, -3881.16, 690.539, 1.85005, 120, 0, 0, 0, '');
DELETE FROM `game_event_creature` WHERE `eventEntry` = @scourge_winterspring AND `guid` BETWEEN @CGUID+226 AND @CGUID+472;
INSERT INTO `game_event_creature` (`eventEntry`, `guid`) VALUES
(@scourge_winterspring, @CGUID+226),
(@scourge_winterspring, @CGUID+227),
(@scourge_winterspring, @CGUID+228),
(@scourge_winterspring, @CGUID+229),
(@scourge_winterspring, @CGUID+230),
(@scourge_winterspring, @CGUID+231),
(@scourge_winterspring, @CGUID+232),
(@scourge_winterspring, @CGUID+233),
(@scourge_winterspring, @CGUID+234),
(@scourge_winterspring, @CGUID+235),
(@scourge_winterspring, @CGUID+236),
(@scourge_winterspring, @CGUID+237),
(@scourge_winterspring, @CGUID+238),
(@scourge_winterspring, @CGUID+239),
(@scourge_winterspring, @CGUID+240),
(@scourge_winterspring, @CGUID+241),
(@scourge_winterspring, @CGUID+242),
(@scourge_winterspring, @CGUID+243),
(@scourge_winterspring, @CGUID+244),
(@scourge_winterspring, @CGUID+245),
(@scourge_winterspring, @CGUID+246),
(@scourge_winterspring, @CGUID+247),
(@scourge_winterspring, @CGUID+248),
(@scourge_winterspring, @CGUID+249),
(@scourge_winterspring, @CGUID+250),
(@scourge_winterspring, @CGUID+251),
(@scourge_winterspring, @CGUID+252),
(@scourge_winterspring, @CGUID+253),
(@scourge_winterspring, @CGUID+254),
(@scourge_winterspring, @CGUID+255),
(@scourge_winterspring, @CGUID+256),
(@scourge_winterspring, @CGUID+257),
(@scourge_winterspring, @CGUID+258),
(@scourge_winterspring, @CGUID+259),
(@scourge_winterspring, @CGUID+260),
(@scourge_winterspring, @CGUID+261),
(@scourge_winterspring, @CGUID+262),
(@scourge_winterspring, @CGUID+263),
(@scourge_winterspring, @CGUID+264),
(@scourge_winterspring, @CGUID+265),
(@scourge_winterspring, @CGUID+266),
(@scourge_winterspring, @CGUID+267),
(@scourge_winterspring, @CGUID+268),
(@scourge_winterspring, @CGUID+269),
(@scourge_winterspring, @CGUID+270),
(@scourge_winterspring, @CGUID+271),
(@scourge_winterspring, @CGUID+272),
(@scourge_winterspring, @CGUID+273),
(@scourge_winterspring, @CGUID+274),
(@scourge_winterspring, @CGUID+275),
(@scourge_winterspring, @CGUID+276),
(@scourge_winterspring, @CGUID+277),
(@scourge_winterspring, @CGUID+278),
(@scourge_winterspring, @CGUID+279),
(@scourge_winterspring, @CGUID+280),
(@scourge_winterspring, @CGUID+281),
(@scourge_winterspring, @CGUID+282),
(@scourge_winterspring, @CGUID+283),
(@scourge_winterspring, @CGUID+284),
(@scourge_winterspring, @CGUID+285),
(@scourge_winterspring, @CGUID+286),
(@scourge_winterspring, @CGUID+287),
(@scourge_winterspring, @CGUID+288),
(@scourge_winterspring, @CGUID+289),
(@scourge_winterspring, @CGUID+290),
(@scourge_winterspring, @CGUID+291),
(@scourge_winterspring, @CGUID+292),
(@scourge_winterspring, @CGUID+293),
(@scourge_winterspring, @CGUID+294),
(@scourge_winterspring, @CGUID+295),
(@scourge_winterspring, @CGUID+296),
(@scourge_winterspring, @CGUID+297),
(@scourge_winterspring, @CGUID+298),
(@scourge_winterspring, @CGUID+299),
(@scourge_winterspring, @CGUID+300),
(@scourge_winterspring, @CGUID+301),
(@scourge_winterspring, @CGUID+302),
(@scourge_winterspring, @CGUID+303),
(@scourge_winterspring, @CGUID+304),
(@scourge_winterspring, @CGUID+305),
(@scourge_winterspring, @CGUID+306),
(@scourge_winterspring, @CGUID+307),
(@scourge_winterspring, @CGUID+308),
(@scourge_winterspring, @CGUID+309),
(@scourge_winterspring, @CGUID+310),
(@scourge_winterspring, @CGUID+311),
(@scourge_winterspring, @CGUID+312),
(@scourge_winterspring, @CGUID+313),
(@scourge_winterspring, @CGUID+314),
(@scourge_winterspring, @CGUID+315),
(@scourge_winterspring, @CGUID+316),
(@scourge_winterspring, @CGUID+317),
(@scourge_winterspring, @CGUID+318),
(@scourge_winterspring, @CGUID+319),
(@scourge_winterspring, @CGUID+320),
(@scourge_winterspring, @CGUID+321),
(@scourge_winterspring, @CGUID+322),
(@scourge_winterspring, @CGUID+323),
(@scourge_winterspring, @CGUID+324),
(@scourge_winterspring, @CGUID+325),
(@scourge_winterspring, @CGUID+326),
(@scourge_winterspring, @CGUID+327),
(@scourge_winterspring, @CGUID+328),
(@scourge_winterspring, @CGUID+329),
(@scourge_winterspring, @CGUID+330),
(@scourge_winterspring, @CGUID+331),
(@scourge_winterspring, @CGUID+332),
(@scourge_winterspring, @CGUID+333),
(@scourge_winterspring, @CGUID+334),
(@scourge_winterspring, @CGUID+335),
(@scourge_winterspring, @CGUID+336),
(@scourge_winterspring, @CGUID+337),
(@scourge_winterspring, @CGUID+338),
(@scourge_winterspring, @CGUID+339),
(@scourge_winterspring, @CGUID+340),
(@scourge_winterspring, @CGUID+341),
(@scourge_winterspring, @CGUID+342),
(@scourge_winterspring, @CGUID+343),
(@scourge_winterspring, @CGUID+344),
(@scourge_winterspring, @CGUID+345),
(@scourge_winterspring, @CGUID+346),
(@scourge_winterspring, @CGUID+347),
(@scourge_winterspring, @CGUID+348),
(@scourge_winterspring, @CGUID+349),
(@scourge_winterspring, @CGUID+350),
(@scourge_winterspring, @CGUID+351),
(@scourge_winterspring, @CGUID+352),
(@scourge_winterspring, @CGUID+353),
(@scourge_winterspring, @CGUID+354),
(@scourge_winterspring, @CGUID+355),
(@scourge_winterspring, @CGUID+356),
(@scourge_winterspring, @CGUID+357),
(@scourge_winterspring, @CGUID+358),
(@scourge_winterspring, @CGUID+359),
(@scourge_winterspring, @CGUID+360),
(@scourge_winterspring, @CGUID+361),
(@scourge_winterspring, @CGUID+362),
(@scourge_winterspring, @CGUID+363),
(@scourge_winterspring, @CGUID+364),
(@scourge_winterspring, @CGUID+365),
(@scourge_winterspring, @CGUID+366),
(@scourge_winterspring, @CGUID+367),
(@scourge_winterspring, @CGUID+368),
(@scourge_winterspring, @CGUID+369),
(@scourge_winterspring, @CGUID+370),
(@scourge_winterspring, @CGUID+371),
(@scourge_winterspring, @CGUID+372),
(@scourge_winterspring, @CGUID+373),
(@scourge_winterspring, @CGUID+374),
(@scourge_winterspring, @CGUID+375),
(@scourge_winterspring, @CGUID+376),
(@scourge_winterspring, @CGUID+377),
(@scourge_winterspring, @CGUID+378),
(@scourge_winterspring, @CGUID+379),
(@scourge_winterspring, @CGUID+380),
(@scourge_winterspring, @CGUID+381),
(@scourge_winterspring, @CGUID+382),
(@scourge_winterspring, @CGUID+383),
(@scourge_winterspring, @CGUID+384),
(@scourge_winterspring, @CGUID+385),
(@scourge_winterspring, @CGUID+386),
(@scourge_winterspring, @CGUID+387),
(@scourge_winterspring, @CGUID+388),
(@scourge_winterspring, @CGUID+389),
(@scourge_winterspring, @CGUID+390),
(@scourge_winterspring, @CGUID+391),
(@scourge_winterspring, @CGUID+392),
(@scourge_winterspring, @CGUID+393),
(@scourge_winterspring, @CGUID+394),
(@scourge_winterspring, @CGUID+395),
(@scourge_winterspring, @CGUID+396),
(@scourge_winterspring, @CGUID+397),
(@scourge_winterspring, @CGUID+398),
(@scourge_winterspring, @CGUID+399),
(@scourge_winterspring, @CGUID+400),
(@scourge_winterspring, @CGUID+401),
(@scourge_winterspring, @CGUID+402),
(@scourge_winterspring, @CGUID+403),
(@scourge_winterspring, @CGUID+404),
(@scourge_winterspring, @CGUID+405),
(@scourge_winterspring, @CGUID+406),
(@scourge_winterspring, @CGUID+407),
(@scourge_winterspring, @CGUID+408),
(@scourge_winterspring, @CGUID+409),
(@scourge_winterspring, @CGUID+410),
(@scourge_winterspring, @CGUID+411),
(@scourge_winterspring, @CGUID+412),
(@scourge_winterspring, @CGUID+413),
(@scourge_winterspring, @CGUID+414),
(@scourge_winterspring, @CGUID+415),
(@scourge_winterspring, @CGUID+416),
(@scourge_winterspring, @CGUID+417),
(@scourge_winterspring, @CGUID+418),
(@scourge_winterspring, @CGUID+419),
(@scourge_winterspring, @CGUID+420),
(@scourge_winterspring, @CGUID+421),
(@scourge_winterspring, @CGUID+422),
(@scourge_winterspring, @CGUID+423),
(@scourge_winterspring, @CGUID+424),
(@scourge_winterspring, @CGUID+425),
(@scourge_winterspring, @CGUID+426),
(@scourge_winterspring, @CGUID+427),
(@scourge_winterspring, @CGUID+428),
(@scourge_winterspring, @CGUID+429),
(@scourge_winterspring, @CGUID+430),
(@scourge_winterspring, @CGUID+431),
(@scourge_winterspring, @CGUID+432),
(@scourge_winterspring, @CGUID+433),
(@scourge_winterspring, @CGUID+434),
(@scourge_winterspring, @CGUID+435),
(@scourge_winterspring, @CGUID+436),
(@scourge_winterspring, @CGUID+437),
(@scourge_winterspring, @CGUID+438),
(@scourge_winterspring, @CGUID+439),
(@scourge_winterspring, @CGUID+440),
(@scourge_winterspring, @CGUID+441),
(@scourge_winterspring, @CGUID+442),
-- (@scourge_winterspring, @CGUID+443),
(@scourge_winterspring, @CGUID+444),
(@scourge_winterspring, @CGUID+445),
(@scourge_winterspring, @CGUID+446),
(@scourge_winterspring, @CGUID+447),
(@scourge_winterspring, @CGUID+448),
(@scourge_winterspring, @CGUID+449),
(@scourge_winterspring, @CGUID+450),
(@scourge_winterspring, @CGUID+451),
(@scourge_winterspring, @CGUID+452),
(@scourge_winterspring, @CGUID+453),
(@scourge_winterspring, @CGUID+454),
(@scourge_winterspring, @CGUID+455),
(@scourge_winterspring, @CGUID+456),
(@scourge_winterspring, @CGUID+457),
(@scourge_winterspring, @CGUID+458),
(@scourge_winterspring, @CGUID+459),
(@scourge_winterspring, @CGUID+460),
(@scourge_winterspring, @CGUID+461),
(@scourge_winterspring, @CGUID+462),
(@scourge_winterspring, @CGUID+463),
(@scourge_winterspring, @CGUID+464),
(@scourge_winterspring, @CGUID+465),
(@scourge_winterspring, @CGUID+466),
(@scourge_winterspring, @CGUID+467),
(@scourge_winterspring, @CGUID+468),
(@scourge_winterspring, @CGUID+469),
(@scourge_winterspring, @CGUID+470),
(@scourge_winterspring, @CGUID+471),
(@scourge_winterspring, @CGUID+472);

DELETE FROM `creature` WHERE `guid` BETWEEN @CGUID+473 AND @CGUID+749 AND `id1` IN (16386, 16356, 16421, 16398, 16401);
INSERT INTO `creature` (`guid`, `id1`, `map`, `position_x`, `position_y`, `position_z`, `orientation`, `spawntimesecs`, `wander_distance`, `MovementType`, `VerifiedBuild`, `Comment`) VALUES
(@CGUID+473, 16356, 1, -7613.69, -3766.51, 14.5989, 3.03684, 120, 0, 0, 0, ''),
(@CGUID+474, 16356, 1, -7653.08, -3726.19, 25.1272, 5.53269, 120, 0, 0, 0, ''),
(@CGUID+475, 16356, 1, -7655.67, -3714.27, 24.4955, 1.37881, 120, 0, 0, 0, ''),
(@CGUID+476, 16356, 1, -7659.07, -3736.71, 25.7794, 1.88495, 120, 0, 0, 0, ''),
(@CGUID+477, 16356, 1, -7661.95, -3727.53, 26.8725, 2.80997, 120, 0, 0, 0, ''),
(@CGUID+478, 16356, 1, -8123.68, -3817.04, 12.3483, 2.80997, 120, 0, 0, 0, ''),
(@CGUID+479, 16356, 1, -8132.48, -3789.38, 12.4753, 4.06662, 120, 0, 0, 0, ''),
(@CGUID+480, 16356, 1, -8133.4, -3803.21, 12.2422, 1.88495, 120, 0, 0, 0, ''),
(@CGUID+481, 16356, 1, -8138.02, -3827.97, 15.4933, 1.37881, 120, 0, 0, 0, ''),
(@CGUID+482, 16356, 1, -8143.17, -3775.31, 12.8539, 4.20625, 120, 0, 0, 0, ''),
(@CGUID+483, 16356, 1, -8143.77, -3815.97, 14.8309, 5.53269, 120, 0, 0, 0, ''),
(@CGUID+484, 16356, 1, -8146.28, -3789.86, 12.565, 0.506145, 120, 0, 0, 0, ''),
(@CGUID+485, 16356, 1, -8150.57, -3803.01, 14.1501, 2.00713, 120, 0, 0, 0, ''),
(@CGUID+486, 16356, 1, -8150.95, -3838.64, 15.2399, 4.46804, 120, 0, 0, 0, ''),
(@CGUID+487, 16356, 1, -7650.74, -3757.32, 21.7677, 3.14159, 120, 0, 0, 0, ''),
(@CGUID+488, 16356, 1, -7649.6, -3746.09, 23.8511, 0.506145, 120, 0, 0, 0, ''),
(@CGUID+489, 16356, 1, -7648.75, -3736.26, 24.7103, 5.20108, 120, 0, 0, 0, ''),
(@CGUID+490, 16356, 1, -7614.92, -3753.19, 16.2557, 5.49779, 120, 0, 0, 0, ''),
(@CGUID+491, 16356, 1, -7618.54, -3742.16, 17.8402, 0.715585, 120, 0, 0, 0, ''),
(@CGUID+492, 16356, 1, -7620.14, -3708.12, 18.9941, 0.226893, 120, 0, 0, 0, ''),
(@CGUID+493, 16356, 1, -7622.82, -3722.15, 18.0316, 2.23402, 120, 0, 0, 0, ''),
(@CGUID+494, 16356, 1, -7627.59, -3763.22, 17.7038, 3.26377, 120, 0, 0, 0, ''),
(@CGUID+495, 16356, 1, -7628.52, -3751.79, 19.5663, 1.8675, 120, 0, 0, 0, ''),
(@CGUID+496, 16356, 1, -7633.44, -3698.23, 20.7083, 5.81195, 120, 0, 0, 0, ''),
(@CGUID+497, 16356, 1, -7634.08, -3713.65, 19.354, 4.04917, 120, 0, 0, 0, ''),
(@CGUID+498, 16356, 1, -7639.1, -3743.79, 22.6832, 5.63741, 120, 0, 0, 0, ''),
(@CGUID+499, 16356, 1, -7639.91, -3753.53, 21.4733, 6.24828, 120, 0, 0, 0, ''),
(@CGUID+500, 16356, 1, -7643.15, -3726.38, 22.7255, 4.04917, 120, 0, 0, 0, ''),
(@CGUID+501, 16356, 1, -7645.2, -3712.39, 21.2355, 1.95477, 120, 0, 0, 0, ''),
(@CGUID+502, 16356, 1, -7646.51, -3698.16, 21.8852, 4.46804, 120, 0, 0, 0, ''),
(@CGUID+503, 16356, 1, -8153.07, -3825.89, 15.7912, 1.95477, 120, 0, 0, 0, ''),
(@CGUID+504, 16356, 1, -8156.69, -3765.66, 13.2382, 4.03171, 120, 0, 0, 0, ''),
(@CGUID+505, 16356, 1, -8157.87, -3779.69, 12.999, 6.24828, 120, 0, 0, 0, ''),
(@CGUID+506, 16356, 1, -8290.03, -4207.55, 8.68307, 4.46804, 120, 0, 0, 0, ''),
(@CGUID+507, 16356, 1, -8294.54, -4177.96, 8.66661, 1.37881, 120, 0, 0, 0, ''),
(@CGUID+508, 16356, 1, -8299.23, -4196.12, 9.59805, 1.85005, 120, 0, 0, 0, ''),
(@CGUID+509, 16356, 1, -8304.14, -4227.69, 8.9611, 3.14159, 120, 0, 0, 0, ''),
(@CGUID+510, 16356, 1, -8306.88, -4210.41, 9.92429, 1.09956, 120, 0, 0, 0, ''),
(@CGUID+511, 16356, 1, -8309.51, -4162.99, 10.0566, 2.80997, 120, 0, 0, 0, ''),
(@CGUID+512, 16356, 1, -8312.53, -4185.8, 11.8573, 1.95477, 120, 0, 0, 0, ''),
(@CGUID+513, 16356, 1, -8313.99, -4199.83, 11.3477, 5.20108, 120, 0, 0, 0, ''),
(@CGUID+514, 16356, 1, -8317.97, -4225.9, 11.1311, 5.49779, 120, 0, 0, 0, ''),
(@CGUID+515, 16356, 1, -8321.77, -4211.24, 11.495, 4.04917, 120, 0, 0, 0, ''),
(@CGUID+516, 16356, 1, -8322.67, -4151.78, 10.2642, 4.06662, 120, 0, 0, 0, ''),
(@CGUID+517, 16356, 1, -8324.41, -4177.46, 12.9567, 5.53269, 120, 0, 0, 0, ''),
(@CGUID+518, 16356, 1, -8326.1, -4190.56, 12.6192, 5.63741, 120, 0, 0, 0, ''),
(@CGUID+519, 16356, 1, -8202.46, -3804.13, 10.8938, 1.85005, 120, 0, 0, 0, ''),
(@CGUID+520, 16356, 1, -8195.46, -3781.23, 16.1365, 3.14159, 120, 0, 0, 0, ''),
(@CGUID+521, 16356, 1, -8192.93, -3832.2, 9.10186, 3.03684, 120, 0, 0, 0, ''),
(@CGUID+522, 16356, 1, -8157.91, -3812.96, 15.47, 0.715585, 120, 0, 0, 0, ''),
(@CGUID+523, 16356, 1, -8160.06, -3793.21, 14.1458, 2.23402, 120, 0, 0, 0, ''),
(@CGUID+524, 16356, 1, -8164.48, -3840.64, 12.4232, 5.81195, 120, 0, 0, 0, ''),
(@CGUID+525, 16356, 1, -8165.72, -3823.48, 14.4758, 1.8675, 120, 0, 0, 0, ''),
(@CGUID+526, 16356, 1, -8170.4, -3769.46, 14.0081, 3.26377, 120, 0, 0, 0, ''),
(@CGUID+527, 16356, 1, -8171.13, -3783.95, 14.9894, 4.04917, 120, 0, 0, 0, ''),
(@CGUID+528, 16356, 1, -8176.62, -3816.16, 13.4556, 5.63741, 120, 0, 0, 0, ''),
(@CGUID+529, 16356, 1, -8178.19, -3829.83, 11.3705, 0.226893, 120, 0, 0, 0, ''),
(@CGUID+530, 16356, 1, -8179.1, -3794.72, 15.3744, 4.04917, 120, 0, 0, 0, ''),
(@CGUID+531, 16356, 1, -8183.67, -3783.81, 16.3321, 5.49779, 120, 0, 0, 0, ''),
(@CGUID+532, 16356, 1, -8186.83, -3807.78, 12.8409, 5.20108, 120, 0, 0, 0, ''),
(@CGUID+533, 16356, 1, -8189.24, -3820.07, 10.7394, 4.46804, 120, 0, 0, 0, ''),
(@CGUID+534, 16356, 1, -8191.13, -3792.8, 14.827, 1.09956, 120, 0, 0, 0, ''),
(@CGUID+535, 16356, 1, -8330.82, -4240.35, 12.4493, 5.81195, 120, 0, 0, 0, ''),
(@CGUID+536, 16356, 1, -7218.94, -3544.25, 12.0636, 4.46804, 120, 0, 0, 0, ''),
(@CGUID+537, 16356, 1, -7256.64, -3513.72, 11.9059, 4.46804, 120, 0, 0, 0, ''),
(@CGUID+538, 16356, 1, -7258.44, -3562.49, 10.4937, 3.26377, 120, 0, 0, 0, ''),
(@CGUID+539, 16356, 1, -7259.76, -3575.32, 9.33801, 3.03684, 120, 0, 0, 0, ''),
(@CGUID+540, 16356, 1, -7260.92, -3543.11, 12.5748, 1.8675, 120, 0, 0, 0, ''),
(@CGUID+541, 16356, 1, -7263.98, -3533.87, 12.9191, 1.88495, 120, 0, 0, 0, ''),
(@CGUID+542, 16356, 1, -7265.0, -3523.32, 12.9154, 1.37881, 120, 0, 0, 0, ''),
(@CGUID+543, 16356, 1, -7266.57, -3554.31, 10.0326, 6.24828, 120, 0, 0, 0, ''),
(@CGUID+544, 16356, 1, -7268.31, -3567.27, 8.98188, 4.20625, 120, 0, 0, 0, ''),
(@CGUID+545, 16356, 1, -7272.66, -3543.49, 10.7438, 0.506145, 120, 0, 0, 0, ''),
(@CGUID+546, 16356, 1, -7275.22, -3531.92, 11.8755, 2.80997, 120, 0, 0, 0, ''),
(@CGUID+547, 16356, 1, -7277.21, -3552.66, 8.59923, 4.06662, 120, 0, 0, 0, ''),
(@CGUID+548, 16356, 1, -7299.75, -3971.29, 10.1425, 0.506145, 120, 0, 0, 0, ''),
(@CGUID+549, 16356, 1, -7306.82, -3949.61, 11.5471, 3.03684, 120, 0, 0, 0, ''),
(@CGUID+550, 16356, 1, -7256.06, -3524.96, 13.0664, 5.53269, 120, 0, 0, 0, ''),
(@CGUID+551, 16356, 1, -7255.17, -3535.15, 13.4109, 5.63741, 120, 0, 0, 0, ''),
(@CGUID+552, 16356, 1, -7254.99, -3551.95, 12.341, 0.715585, 120, 0, 0, 0, ''),
(@CGUID+553, 16356, 1, -7226.05, -3532.65, 11.8293, 0.226893, 120, 0, 0, 0, ''),
(@CGUID+554, 16356, 1, -7226.6, -3565.82, 13.0601, 3.14159, 120, 0, 0, 0, ''),
(@CGUID+555, 16356, 1, -7227.98, -3553.69, 13.3394, 1.85005, 120, 0, 0, 0, ''),
(@CGUID+556, 16356, 1, -7231.06, -3542.7, 13.2445, 4.04917, 120, 0, 0, 0, ''),
(@CGUID+557, 16356, 1, -7234.28, -3523.69, 11.7133, 5.81195, 120, 0, 0, 0, ''),
(@CGUID+558, 16356, 1, -7236.96, -3534.54, 13.0861, 4.04917, 120, 0, 0, 0, ''),
(@CGUID+559, 16356, 1, -7238.6, -3551.89, 13.6019, 2.23402, 120, 0, 0, 0, ''),
(@CGUID+560, 16356, 1, -7238.77, -3562.69, 12.8448, 1.09956, 120, 0, 0, 0, ''),
(@CGUID+561, 16356, 1, -7239.63, -3575.09, 11.3355, 4.03171, 120, 0, 0, 0, ''),
(@CGUID+562, 16356, 1, -7244.28, -3515.06, 11.3882, 1.95477, 120, 0, 0, 0, ''),
(@CGUID+563, 16356, 1, -7246.26, -3528.72, 13.1347, 5.20108, 120, 0, 0, 0, ''),
(@CGUID+564, 16356, 1, -7248.59, -3560.16, 12.1926, 2.00713, 120, 0, 0, 0, ''),
(@CGUID+565, 16356, 1, -7251.03, -3573.52, 10.2201, 5.49779, 120, 0, 0, 0, ''),
(@CGUID+566, 16356, 1, -7308.69, -3959.18, 10.5048, 1.88495, 120, 0, 0, 0, ''),
(@CGUID+567, 16356, 1, -7308.94, -3980.61, 10.3655, 5.81195, 120, 0, 0, 0, ''),
(@CGUID+568, 16356, 1, -7311.69, -3968.46, 9.96437, 4.04917, 120, 0, 0, 0, ''),
(@CGUID+569, 16356, 1, -7346.61, -3957.99, 9.51486, 3.26377, 120, 0, 0, 0, ''),
(@CGUID+570, 16356, 1, -7347.73, -3978.61, 9.64909, 1.09956, 120, 0, 0, 0, ''),
(@CGUID+571, 16356, 1, -7348.71, -3948.03, 11.5307, 4.06662, 120, 0, 0, 0, ''),
(@CGUID+572, 16356, 1, -7349.55, -3989.31, 10.3145, 1.37881, 120, 0, 0, 0, ''),
(@CGUID+573, 16356, 1, -7354.07, -3968.47, 9.26089, 5.49779, 120, 0, 0, 0, ''),
(@CGUID+574, 16356, 1, -7356.55, -3958.05, 10.2371, 4.20625, 120, 0, 0, 0, ''),
(@CGUID+575, 16356, 1, -7356.58, -3978.46, 9.93594, 2.80997, 120, 0, 0, 0, ''),
(@CGUID+576, 16356, 1, -7588.72, -3744.07, 12.7845, 4.06662, 120, 0, 0, 0, ''),
(@CGUID+577, 16356, 1, -7592.56, -3732.58, 14.9795, 1.85005, 120, 0, 0, 0, ''),
(@CGUID+578, 16356, 1, -7599.78, -3755.23, 12.4615, 4.20625, 120, 0, 0, 0, ''),
(@CGUID+579, 16356, 1, -7603.88, -3743.44, 14.7937, 1.09956, 120, 0, 0, 0, ''),
(@CGUID+580, 16356, 1, -7606.45, -3707.07, 17.96, 4.03171, 120, 0, 0, 0, ''),
(@CGUID+581, 16356, 1, -7607.49, -3719.28, 17.4744, 4.46804, 120, 0, 0, 0, ''),
(@CGUID+582, 16356, 1, -7343.19, -3968.54, 9.55852, 1.8675, 120, 0, 0, 0, ''),
(@CGUID+583, 16356, 1, -7341.13, -3938.26, 12.6796, 3.14159, 120, 0, 0, 0, ''),
(@CGUID+584, 16356, 1, -7339.9, -3949.15, 10.7003, 6.24828, 120, 0, 0, 0, ''),
(@CGUID+585, 16356, 1, -7317.51, -3948.85, 11.0682, 5.53269, 120, 0, 0, 0, ''),
(@CGUID+586, 16356, 1, -7318.98, -3959.46, 10.0326, 4.04917, 120, 0, 0, 0, ''),
(@CGUID+587, 16356, 1, -7319.24, -3938.45, 12.1927, 4.03171, 120, 0, 0, 0, ''),
(@CGUID+588, 16356, 1, -7319.5, -3989.14, 12.536, 0.226893, 120, 0, 0, 0, ''),
(@CGUID+589, 16356, 1, -7319.64, -3977.81, 11.7139, 2.23402, 120, 0, 0, 0, ''),
(@CGUID+590, 16356, 1, -7327.48, -3999.14, 11.5049, 4.46804, 120, 0, 0, 0, ''),
(@CGUID+591, 16356, 1, -7328.43, -3987.73, 12.0351, 2.00713, 120, 0, 0, 0, ''),
(@CGUID+592, 16356, 1, -7328.98, -3952.59, 10.2225, 5.20108, 120, 0, 0, 0, ''),
(@CGUID+593, 16356, 1, -7330.96, -3940.37, 12.3137, 1.95477, 120, 0, 0, 0, ''),
(@CGUID+594, 16356, 1, -7336.37, -3979.78, 11.1886, 0.715585, 120, 0, 0, 0, ''),
(@CGUID+595, 16356, 1, -7337.17, -3960.35, 9.55714, 5.63741, 120, 0, 0, 0, ''),
(@CGUID+596, 16356, 1, -7337.82, -3989.84, 10.5515, 1.85005, 120, 0, 0, 0, ''),
(@CGUID+597, 16356, 1, -7338.79, -4001.61, 11.0869, 4.46804, 120, 0, 0, 0, ''),
(@CGUID+598, 16356, 1, -7609.51, -3731.71, 16.5359, 2.00713, 120, 0, 0, 0, ''),
(@CGUID+599, 16356, 1, -8526.18, -2323.52, 32.4688, 6.24828, 120, 0, 0, 0, ''),
(@CGUID+600, 16356, 1, -8546.58, -2300.08, 27.483, 5.63741, 120, 0, 0, 0, ''),
(@CGUID+601, 16356, 1, -8546.71, -2287.25, 26.5024, 5.20108, 120, 0, 0, 0, ''),
(@CGUID+602, 16356, 1, -8550.62, -2674.02, 24.4004, 4.46804, 120, 0, 0, 0, ''),
(@CGUID+603, 16356, 1, -8551.27, -2696.9, 19.5145, 4.04917, 120, 0, 0, 0, ''),
(@CGUID+604, 16356, 1, -8553.1, -2325.86, 28.7335, 1.88495, 120, 0, 0, 0, ''),
(@CGUID+605, 16356, 1, -8554.31, -2270.46, 25.5822, 4.20625, 120, 0, 0, 0, ''),
(@CGUID+606, 16356, 1, -8554.6, -2711.14, 18.1204, 1.95477, 120, 0, 0, 0, ''),
(@CGUID+607, 16356, 1, -8554.92, -2294.24, 26.1406, 1.95477, 120, 0, 0, 0, ''),
(@CGUID+608, 16356, 1, -8556.13, -2725.65, 16.8157, 1.37881, 120, 0, 0, 0, ''),
(@CGUID+609, 16356, 1, -8556.26, -2309.37, 27.1497, 5.53269, 120, 0, 0, 0, ''),
(@CGUID+610, 16356, 1, -8557.07, -2280.72, 25.1838, 5.81195, 120, 0, 0, 0, ''),
(@CGUID+611, 16356, 1, -8560.55, -2681.99, 20.8305, 0.226893, 120, 0, 0, 0, ''),
(@CGUID+612, 16356, 1, -8567.42, -2321.62, 27.4631, 3.14159, 120, 0, 0, 0, ''),
(@CGUID+613, 16356, 1, -8545.69, -2313.16, 28.6384, 1.8675, 120, 0, 0, 0, ''),
(@CGUID+614, 16356, 1, -8544.33, -2259.92, 26.6284, 4.03171, 120, 0, 0, 0, ''),
(@CGUID+615, 16356, 1, -8543.9, -2274.42, 26.0788, 0.226893, 120, 0, 0, 0, ''),
(@CGUID+616, 16356, 1, -8530.54, -2734.3, 16.4976, 1.88495, 120, 0, 0, 0, ''),
(@CGUID+617, 16356, 1, -8530.84, -2267.82, 26.2574, 4.46804, 120, 0, 0, 0, ''),
(@CGUID+618, 16356, 1, -8531.11, -2716.61, 19.1148, 5.63741, 120, 0, 0, 0, ''),
(@CGUID+619, 16356, 1, -8532.56, -2335.88, 32.7435, 2.80997, 120, 0, 0, 0, ''),
(@CGUID+620, 16356, 1, -8533.4, -2311.17, 30.1374, 0.715585, 120, 0, 0, 0, ''),
(@CGUID+621, 16356, 1, -8535.79, -2661.39, 29.0533, 1.85005, 120, 0, 0, 0, ''),
(@CGUID+622, 16356, 1, -8536.0, -2284.88, 27.1547, 4.04917, 120, 0, 0, 0, ''),
(@CGUID+623, 16356, 1, -8536.47, -2680.38, 25.2552, 2.23402, 120, 0, 0, 0, ''),
(@CGUID+624, 16356, 1, -8538.17, -2323.67, 30.6695, 0.506145, 120, 0, 0, 0, ''),
(@CGUID+625, 16356, 1, -8540.64, -2708.69, 19.0619, 5.20108, 120, 0, 0, 0, ''),
(@CGUID+626, 16356, 1, -8543.02, -2741.27, 15.7143, 2.80997, 120, 0, 0, 0, ''),
(@CGUID+627, 16356, 1, -8543.18, -2688.59, 22.2679, 4.04917, 120, 0, 0, 0, ''),
(@CGUID+628, 16356, 1, -8543.75, -2723.52, 17.3032, 5.53269, 120, 0, 0, 0, ''),
(@CGUID+629, 16356, 1, -8567.95, -2291.9, 24.4589, 4.46804, 120, 0, 0, 0, ''),
(@CGUID+630, 16356, 1, -8568.37, -2695.87, 18.6941, 5.81195, 120, 0, 0, 0, ''),
(@CGUID+631, 16356, 1, -8568.39, -2710.22, 17.4404, 4.46804, 120, 0, 0, 0, ''),
(@CGUID+632, 16356, 1, -8843.74, -2589.91, 20.3794, 2.00713, 120, 0, 0, 0, ''),
(@CGUID+633, 16356, 1, -8844.4, -2576.94, 18.7649, 1.95477, 120, 0, 0, 0, ''),
(@CGUID+634, 16356, 1, -8844.52, -2638.38, 23.0135, 4.20625, 120, 0, 0, 0, ''),
(@CGUID+635, 16356, 1, -8847.34, -2563.92, 17.0464, 3.03684, 120, 0, 0, 0, ''),
(@CGUID+636, 16356, 1, -8849.52, -2601.38, 21.1683, 5.20108, 120, 0, 0, 0, ''),
(@CGUID+637, 16356, 1, -8852.79, -2614.9, 21.5556, 0.506145, 120, 0, 0, 0, ''),
(@CGUID+638, 16356, 1, -8854.67, -2627.79, 21.6025, 4.06662, 120, 0, 0, 0, ''),
(@CGUID+639, 16356, 1, -8855.31, -2589.61, 19.9539, 5.53269, 120, 0, 0, 0, ''),
(@CGUID+640, 16356, 1, -8858.14, -2576.11, 19.1797, 4.46804, 120, 0, 0, 0, ''),
(@CGUID+641, 16356, 1, -8860.52, -2601.38, 19.9517, 1.88495, 120, 0, 0, 0, ''),
(@CGUID+642, 16356, 1, -8866.35, -2591.27, 18.9667, 1.37881, 120, 0, 0, 0, ''),
(@CGUID+643, 16356, 1, -8866.47, -2614.57, 19.8519, 2.80997, 120, 0, 0, 0, ''),
(@CGUID+644, 16356, 1, -8866.94, -2627.48, 20.5245, 3.14159, 120, 0, 0, 0, ''),
(@CGUID+645, 16356, 1, -8843.16, -2624.59, 23.1432, 6.24828, 120, 0, 0, 0, ''),
(@CGUID+646, 16356, 1, -8842.16, -2611.2, 22.6175, 1.8675, 120, 0, 0, 0, ''),
(@CGUID+647, 16356, 1, -8833.58, -2619.84, 24.0012, 5.63741, 120, 0, 0, 0, ''),
(@CGUID+648, 16356, 1, -8569.21, -2307.8, 26.149, 1.37881, 120, 0, 0, 0, ''),
(@CGUID+649, 16356, 1, -8570.12, -2280.41, 23.9053, 3.03684, 120, 0, 0, 0, ''),
(@CGUID+650, 16356, 1, -8796.55, -2601.58, 16.4604, 1.85005, 120, 0, 0, 0, ''),
(@CGUID+651, 16356, 1, -8803.88, -2588.05, 14.9465, 4.46804, 120, 0, 0, 0, ''),
(@CGUID+652, 16356, 1, -8809.92, -2613.55, 22.483, 1.09956, 120, 0, 0, 0, ''),
(@CGUID+653, 16356, 1, -8813.18, -2600.65, 20.0722, 2.23402, 120, 0, 0, 0, ''),
(@CGUID+654, 16356, 1, -8817.13, -2574.37, 14.2864, 0.226893, 120, 0, 0, 0, ''),
(@CGUID+655, 16356, 1, -8821.94, -2588.89, 18.6781, 4.04917, 120, 0, 0, 0, ''),
(@CGUID+656, 16356, 1, -8821.97, -2612.31, 23.3849, 4.04917, 120, 0, 0, 0, ''),
(@CGUID+657, 16356, 1, -8822.62, -2624.8, 24.9219, 5.49779, 120, 0, 0, 0, ''),
(@CGUID+658, 16356, 1, -8831.92, -2562.77, 14.4384, 5.81195, 120, 0, 0, 0, ''),
(@CGUID+659, 16356, 1, -8833.24, -2580.29, 18.1988, 0.715585, 120, 0, 0, 0, ''),
(@CGUID+660, 16356, 1, -8833.29, -2633.88, 24.6284, 3.26377, 120, 0, 0, 0, ''),
(@CGUID+661, 16356, 1, -8875.47, -2605.15, 18.6127, 4.03171, 120, 0, 0, 0, ''),
(@CGUID+662, 16356, 1, -8331.53, -4222.94, 13.4123, 4.04917, 120, 0, 0, 0, ''),
(@CGUID+663, 16356, 1, -8440.73, -3850.02, 13.0488, 2.80997, 120, 0, 0, 0, ''),
(@CGUID+664, 16356, 1, -8447.66, -3833.82, 12.3459, 0.506145, 120, 0, 0, 0, ''),
(@CGUID+665, 16356, 1, -8450.82, -3861.77, 14.0416, 4.06662, 120, 0, 0, 0, ''),
(@CGUID+666, 16356, 1, -8453.66, -3796.16, 10.6514, 3.14159, 120, 0, 0, 0, ''),
(@CGUID+667, 16356, 1, -8454.86, -3809.41, 10.7524, 3.26377, 120, 0, 0, 0, ''),
(@CGUID+668, 16356, 1, -8455.49, -3821.52, 11.621, 1.8675, 120, 0, 0, 0, ''),
(@CGUID+669, 16356, 1, -8458.14, -3846.84, 14.1027, 1.88495, 120, 0, 0, 0, ''),
(@CGUID+670, 16356, 1, -8463.16, -3833.24, 13.3817, 5.63741, 120, 0, 0, 0, ''),
(@CGUID+671, 16356, 1, -8463.29, -3871.34, 16.7454, 1.37881, 120, 0, 0, 0, ''),
(@CGUID+672, 16356, 1, -8468.25, -3784.74, 10.6056, 4.03171, 120, 0, 0, 0, ''),
(@CGUID+673, 16356, 1, -8468.27, -3812.58, 12.6366, 0.715585, 120, 0, 0, 0, ''),
(@CGUID+674, 16356, 1, -8468.51, -3799.28, 11.0332, 5.49779, 120, 0, 0, 0, ''),
(@CGUID+675, 16356, 1, -8470.19, -3854.1, 17.8575, 5.53269, 120, 0, 0, 0, ''),
(@CGUID+676, 16356, 1, -8440.53, -3807.73, 11.7735, 3.03684, 120, 0, 0, 0, ''),
(@CGUID+677, 16356, 1, -8438.92, -3823.27, 12.1672, 6.24828, 120, 0, 0, 0, ''),
(@CGUID+678, 16356, 1, -8431.08, -3834.85, 12.4184, 4.20625, 120, 0, 0, 0, ''),
(@CGUID+679, 16356, 1, -8335.46, -4182.44, 13.014, 1.8675, 120, 0, 0, 0, ''),
(@CGUID+680, 16356, 1, -8337.4, -4166.29, 12.8508, 4.46804, 120, 0, 0, 0, ''),
(@CGUID+681, 16356, 1, -8342.07, -4215.83, 13.6906, 2.23402, 120, 0, 0, 0, ''),
(@CGUID+682, 16356, 1, -8344.86, -4230.75, 13.3013, 3.26377, 120, 0, 0, 0, ''),
(@CGUID+683, 16356, 1, -8345.09, -4195.04, 11.8301, 0.715585, 120, 0, 0, 0, ''),
(@CGUID+684, 16356, 1, -8347.74, -4182.62, 12.731, 1.88495, 120, 0, 0, 0, ''),
(@CGUID+685, 16356, 1, -8351.21, -4168.74, 13.3854, 3.03684, 120, 0, 0, 0, ''),
(@CGUID+686, 16356, 1, -8353.0, -4208.15, 12.2674, 2.00713, 120, 0, 0, 0, ''),
(@CGUID+687, 16356, 1, -8357.24, -4220.91, 12.8511, 6.24828, 120, 0, 0, 0, ''),
(@CGUID+688, 16356, 1, -8358.85, -4194.83, 10.88, 0.506145, 120, 0, 0, 0, ''),
(@CGUID+689, 16356, 1, -8365.46, -4179.82, 12.2681, 4.20625, 120, 0, 0, 0, ''),
(@CGUID+690, 16356, 1, -8371.76, -4209.64, 12.2172, 0.226893, 120, 0, 0, 0, ''),
(@CGUID+691, 16356, 1, -8372.59, -4222.65, 13.8112, 4.03171, 120, 0, 0, 0, ''),
(@CGUID+692, 16356, 1, -8473.98, -3841.03, 17.8062, 5.20108, 120, 0, 0, 0, ''),
(@CGUID+693, 16356, 1, -8478.91, -3859.43, 20.9495, 4.46804, 120, 0, 0, 0, ''),
(@CGUID+694, 16356, 1, -8524.61, -2690.84, 24.5677, 2.00713, 120, 0, 0, 0, ''),
(@CGUID+695, 16356, 1, -8509.53, -2306.43, 31.1962, 5.49779, 120, 0, 0, 0, ''),
(@CGUID+696, 16356, 1, -8509.53, -3832.18, 23.253, 0.226893, 120, 0, 0, 0, ''),
(@CGUID+697, 16356, 1, -8509.89, -2291.45, 29.0953, 1.09956, 120, 0, 0, 0, ''),
(@CGUID+698, 16356, 1, -8512.32, -2322.18, 33.4144, 3.26377, 120, 0, 0, 0, ''),
(@CGUID+699, 16356, 1, -8514.31, -2701.25, 23.6604, 0.715585, 120, 0, 0, 0, ''),
(@CGUID+700, 16356, 1, -8515.25, -2723.55, 20.5058, 0.506145, 120, 0, 0, 0, ''),
(@CGUID+701, 16356, 1, -8515.51, -2271.21, 26.7178, 1.85005, 120, 0, 0, 0, ''),
(@CGUID+702, 16356, 1, -8516.23, -2736.99, 18.1427, 4.06662, 120, 0, 0, 0, ''),
(@CGUID+703, 16356, 1, -8521.43, -2298.91, 29.8686, 2.23402, 120, 0, 0, 0, ''),
(@CGUID+704, 16356, 1, -8521.69, -2311.75, 31.5211, 2.00713, 120, 0, 0, 0, ''),
(@CGUID+705, 16356, 1, -8521.8, -2675.69, 28.1672, 1.09956, 120, 0, 0, 0, ''),
(@CGUID+706, 16356, 1, -8522.25, -2284.88, 28.0509, 4.04917, 120, 0, 0, 0, ''),
(@CGUID+707, 16356, 1, -8522.76, -2709.36, 21.0987, 1.8675, 120, 0, 0, 0, ''),
(@CGUID+708, 16356, 1, -8509.28, -2670.58, 31.3468, 3.14159, 120, 0, 0, 0, ''),
(@CGUID+709, 16356, 1, -8508.45, -2687.16, 27.8193, 5.49779, 120, 0, 0, 0, ''),
(@CGUID+710, 16356, 1, -8503.3, -2714.46, 22.2704, 6.24828, 120, 0, 0, 0, ''),
(@CGUID+711, 16356, 1, -8482.06, -3806.28, 16.3868, 2.00713, 120, 0, 0, 0, ''),
(@CGUID+712, 16356, 1, -8482.11, -3848.27, 21.205, 1.95477, 120, 0, 0, 0, ''),
(@CGUID+713, 16356, 1, -8484.35, -3837.43, 21.0825, 4.04917, 120, 0, 0, 0, ''),
(@CGUID+714, 16356, 1, -8485.91, -3791.77, 14.1813, 1.09956, 120, 0, 0, 0, ''),
(@CGUID+715, 16356, 1, -8487.71, -2715.79, 23.6916, 3.03684, 120, 0, 0, 0, ''),
(@CGUID+716, 16356, 1, -8489.18, -3818.92, 20.8645, 2.23402, 120, 0, 0, 0, ''),
(@CGUID+717, 16356, 1, -8492.32, -2687.27, 29.2567, 4.03171, 120, 0, 0, 0, ''),
(@CGUID+718, 16356, 1, -8492.5, -2702.93, 25.9494, 3.26377, 120, 0, 0, 0, ''),
(@CGUID+719, 16356, 1, -8502.65, -3817.23, 23.0028, 4.46804, 120, 0, 0, 0, ''),
(@CGUID+720, 16356, 1, -8500.43, -2728.77, 21.0354, 4.20625, 120, 0, 0, 0, ''),
(@CGUID+721, 16356, 1, -8497.73, -3829.68, 23.2553, 4.04917, 120, 0, 0, 0, ''),
(@CGUID+722, 16356, 1, -8497.2, -3843.25, 23.6297, 5.81195, 120, 0, 0, 0, ''),
(@CGUID+723, 16356, 1, -8495.78, -3805.49, 20.6777, 1.85005, 120, 0, 0, 0, ''),
(@CGUID+724, 16356, 1, -8495.53, -2299.1, 28.8357, 4.06662, 120, 0, 0, 0, ''),
(@CGUID+725, 16386, 1, -7286.2, -3605.43, 27.6063, 2.60054, 120, 0, 0, 0, ''),
(@CGUID+726, 16386, 1, -7358.42, -3891.88, 28.3298, 2.60054, 120, 0, 0, 0, ''),
(@CGUID+727, 16386, 1, -7567.21, -3732.62, 27.0627, 2.60054, 120, 0, 0, 0, ''),
(@CGUID+728, 16386, 1, -8223.52, -3857.08, 27.0452, 2.60054, 120, 0, 0, 0, ''),
(@CGUID+729, 16386, 1, -8333.31, -4133.65, 22.6421, 2.60054, 120, 0, 0, 0, ''),
(@CGUID+730, 16386, 1, -8433.66, -3865.46, 25.2579, 2.60054, 120, 0, 0, 0, ''),
(@CGUID+731, 16386, 1, -8566.54, -2633.84, 42.1126, 2.60054, 120, 0, 0, 0, ''),
(@CGUID+732, 16386, 1, -8566.67, -2367.05, 49.5516, 2.60054, 120, 0, 0, 0, ''),
(@CGUID+733, 16386, 1, -8767.29, -2566.3, 31.2359, 2.60054, 120, 0, 0, 0, ''),
(@CGUID+734, 16398, 1, -7334.35, -3665.95, 39.8496, 4.10152, 120, 0, 0, 0, ''),
(@CGUID+735, 16398, 1, -7380.73, -3816.19, 35.7702, 4.10152, 120, 0, 0, 0, ''),
(@CGUID+736, 16398, 1, -7484.02, -3732.84, 46.1922, 4.10152, 120, 0, 0, 0, ''),
(@CGUID+737, 16398, 1, -8282.23, -3916.84, 41.9036, 4.10152, 120, 0, 0, 0, ''),
(@CGUID+738, 16398, 1, -8333.9, -4049.92, 37.7556, 4.10152, 120, 0, 0, 0, ''),
(@CGUID+739, 16398, 1, -8387.38, -3912.66, 35.1221, 4.10152, 120, 0, 0, 0, ''),
(@CGUID+740, 16398, 1, -8599.53, -2432.71, 70.9452, 4.10152, 120, 0, 0, 0, ''),
(@CGUID+741, 16398, 1, -8600.12, -2566.9, 64.9577, 4.10152, 120, 0, 0, 0, ''),
(@CGUID+742, 16398, 1, -8700.02, -2533.75, 51.4734, 4.10152, 120, 0, 0, 0, ''),
-- (@CGUID+743, 16995, 1, -8352.68, -3972.68, 10.0753, 2.14675, 120, 0, 0, 0, ''),
(@CGUID+744, 16401, 1, -8633.21, -2499.82, 114.1, 2.82743, 120, 0, 0, 0, ''),
(@CGUID+745, 16401, 1, -8333.68, -3966.4, 77.9316, 1.37881, 120, 0, 0, 0, ''),
(@CGUID+746, 16401, 1, -7399.95, -3733.06, 61.1337, 5.81195, 120, 0, 0, 0, ''),
(@CGUID+747, 16421, 1, -8633.21, -2499.82, 114.1, 2.82743, 120, 0, 0, 0, ''),
(@CGUID+748, 16421, 1, -8333.68, -3966.4, 77.9316, 1.37881, 120, 0, 0, 0, ''),
(@CGUID+749, 16421, 1, -7399.95, -3733.06, 61.1337, 5.81195, 120, 0, 0, 0, '');
DELETE FROM `game_event_creature` WHERE `eventEntry` = @scourge_tanaris AND `guid` BETWEEN @CGUID+473 AND @CGUID+749;
INSERT INTO `game_event_creature` (`eventEntry`, `guid`) VALUES
(@scourge_tanaris, @CGUID+473),
(@scourge_tanaris, @CGUID+474),
(@scourge_tanaris, @CGUID+475),
(@scourge_tanaris, @CGUID+476),
(@scourge_tanaris, @CGUID+477),
(@scourge_tanaris, @CGUID+478),
(@scourge_tanaris, @CGUID+479),
(@scourge_tanaris, @CGUID+480),
(@scourge_tanaris, @CGUID+481),
(@scourge_tanaris, @CGUID+482),
(@scourge_tanaris, @CGUID+483),
(@scourge_tanaris, @CGUID+484),
(@scourge_tanaris, @CGUID+485),
(@scourge_tanaris, @CGUID+486),
(@scourge_tanaris, @CGUID+487),
(@scourge_tanaris, @CGUID+488),
(@scourge_tanaris, @CGUID+489),
(@scourge_tanaris, @CGUID+490),
(@scourge_tanaris, @CGUID+491),
(@scourge_tanaris, @CGUID+492),
(@scourge_tanaris, @CGUID+493),
(@scourge_tanaris, @CGUID+494),
(@scourge_tanaris, @CGUID+495),
(@scourge_tanaris, @CGUID+496),
(@scourge_tanaris, @CGUID+497),
(@scourge_tanaris, @CGUID+498),
(@scourge_tanaris, @CGUID+499),
(@scourge_tanaris, @CGUID+500),
(@scourge_tanaris, @CGUID+501),
(@scourge_tanaris, @CGUID+502),
(@scourge_tanaris, @CGUID+503),
(@scourge_tanaris, @CGUID+504),
(@scourge_tanaris, @CGUID+505),
(@scourge_tanaris, @CGUID+506),
(@scourge_tanaris, @CGUID+507),
(@scourge_tanaris, @CGUID+508),
(@scourge_tanaris, @CGUID+509),
(@scourge_tanaris, @CGUID+510),
(@scourge_tanaris, @CGUID+511),
(@scourge_tanaris, @CGUID+512),
(@scourge_tanaris, @CGUID+513),
(@scourge_tanaris, @CGUID+514),
(@scourge_tanaris, @CGUID+515),
(@scourge_tanaris, @CGUID+516),
(@scourge_tanaris, @CGUID+517),
(@scourge_tanaris, @CGUID+518),
(@scourge_tanaris, @CGUID+519),
(@scourge_tanaris, @CGUID+520),
(@scourge_tanaris, @CGUID+521),
(@scourge_tanaris, @CGUID+522),
(@scourge_tanaris, @CGUID+523),
(@scourge_tanaris, @CGUID+524),
(@scourge_tanaris, @CGUID+525),
(@scourge_tanaris, @CGUID+526),
(@scourge_tanaris, @CGUID+527),
(@scourge_tanaris, @CGUID+528),
(@scourge_tanaris, @CGUID+529),
(@scourge_tanaris, @CGUID+530),
(@scourge_tanaris, @CGUID+531),
(@scourge_tanaris, @CGUID+532),
(@scourge_tanaris, @CGUID+533),
(@scourge_tanaris, @CGUID+534),
(@scourge_tanaris, @CGUID+535),
(@scourge_tanaris, @CGUID+536),
(@scourge_tanaris, @CGUID+537),
(@scourge_tanaris, @CGUID+538),
(@scourge_tanaris, @CGUID+539),
(@scourge_tanaris, @CGUID+540),
(@scourge_tanaris, @CGUID+541),
(@scourge_tanaris, @CGUID+542),
(@scourge_tanaris, @CGUID+543),
(@scourge_tanaris, @CGUID+544),
(@scourge_tanaris, @CGUID+545),
(@scourge_tanaris, @CGUID+546),
(@scourge_tanaris, @CGUID+547),
(@scourge_tanaris, @CGUID+548),
(@scourge_tanaris, @CGUID+549),
(@scourge_tanaris, @CGUID+550),
(@scourge_tanaris, @CGUID+551),
(@scourge_tanaris, @CGUID+552),
(@scourge_tanaris, @CGUID+553),
(@scourge_tanaris, @CGUID+554),
(@scourge_tanaris, @CGUID+555),
(@scourge_tanaris, @CGUID+556),
(@scourge_tanaris, @CGUID+557),
(@scourge_tanaris, @CGUID+558),
(@scourge_tanaris, @CGUID+559),
(@scourge_tanaris, @CGUID+560),
(@scourge_tanaris, @CGUID+561),
(@scourge_tanaris, @CGUID+562),
(@scourge_tanaris, @CGUID+563),
(@scourge_tanaris, @CGUID+564),
(@scourge_tanaris, @CGUID+565),
(@scourge_tanaris, @CGUID+566),
(@scourge_tanaris, @CGUID+567),
(@scourge_tanaris, @CGUID+568),
(@scourge_tanaris, @CGUID+569),
(@scourge_tanaris, @CGUID+570),
(@scourge_tanaris, @CGUID+571),
(@scourge_tanaris, @CGUID+572),
(@scourge_tanaris, @CGUID+573),
(@scourge_tanaris, @CGUID+574),
(@scourge_tanaris, @CGUID+575),
(@scourge_tanaris, @CGUID+576),
(@scourge_tanaris, @CGUID+577),
(@scourge_tanaris, @CGUID+578),
(@scourge_tanaris, @CGUID+579),
(@scourge_tanaris, @CGUID+580),
(@scourge_tanaris, @CGUID+581),
(@scourge_tanaris, @CGUID+582),
(@scourge_tanaris, @CGUID+583),
(@scourge_tanaris, @CGUID+584),
(@scourge_tanaris, @CGUID+585),
(@scourge_tanaris, @CGUID+586),
(@scourge_tanaris, @CGUID+587),
(@scourge_tanaris, @CGUID+588),
(@scourge_tanaris, @CGUID+589),
(@scourge_tanaris, @CGUID+590),
(@scourge_tanaris, @CGUID+591),
(@scourge_tanaris, @CGUID+592),
(@scourge_tanaris, @CGUID+593),
(@scourge_tanaris, @CGUID+594),
(@scourge_tanaris, @CGUID+595),
(@scourge_tanaris, @CGUID+596),
(@scourge_tanaris, @CGUID+597),
(@scourge_tanaris, @CGUID+598),
(@scourge_tanaris, @CGUID+599),
(@scourge_tanaris, @CGUID+600),
(@scourge_tanaris, @CGUID+601),
(@scourge_tanaris, @CGUID+602),
(@scourge_tanaris, @CGUID+603),
(@scourge_tanaris, @CGUID+604),
(@scourge_tanaris, @CGUID+605),
(@scourge_tanaris, @CGUID+606),
(@scourge_tanaris, @CGUID+607),
(@scourge_tanaris, @CGUID+608),
(@scourge_tanaris, @CGUID+609),
(@scourge_tanaris, @CGUID+610),
(@scourge_tanaris, @CGUID+611),
(@scourge_tanaris, @CGUID+612),
(@scourge_tanaris, @CGUID+613),
(@scourge_tanaris, @CGUID+614),
(@scourge_tanaris, @CGUID+615),
(@scourge_tanaris, @CGUID+616),
(@scourge_tanaris, @CGUID+617),
(@scourge_tanaris, @CGUID+618),
(@scourge_tanaris, @CGUID+619),
(@scourge_tanaris, @CGUID+620),
(@scourge_tanaris, @CGUID+621),
(@scourge_tanaris, @CGUID+622),
(@scourge_tanaris, @CGUID+623),
(@scourge_tanaris, @CGUID+624),
(@scourge_tanaris, @CGUID+625),
(@scourge_tanaris, @CGUID+626),
(@scourge_tanaris, @CGUID+627),
(@scourge_tanaris, @CGUID+628),
(@scourge_tanaris, @CGUID+629),
(@scourge_tanaris, @CGUID+630),
(@scourge_tanaris, @CGUID+631),
(@scourge_tanaris, @CGUID+632),
(@scourge_tanaris, @CGUID+633),
(@scourge_tanaris, @CGUID+634),
(@scourge_tanaris, @CGUID+635),
(@scourge_tanaris, @CGUID+636),
(@scourge_tanaris, @CGUID+637),
(@scourge_tanaris, @CGUID+638),
(@scourge_tanaris, @CGUID+639),
(@scourge_tanaris, @CGUID+640),
(@scourge_tanaris, @CGUID+641),
(@scourge_tanaris, @CGUID+642),
(@scourge_tanaris, @CGUID+643),
(@scourge_tanaris, @CGUID+644),
(@scourge_tanaris, @CGUID+645),
(@scourge_tanaris, @CGUID+646),
(@scourge_tanaris, @CGUID+647),
(@scourge_tanaris, @CGUID+648),
(@scourge_tanaris, @CGUID+649),
(@scourge_tanaris, @CGUID+650),
(@scourge_tanaris, @CGUID+651),
(@scourge_tanaris, @CGUID+652),
(@scourge_tanaris, @CGUID+653),
(@scourge_tanaris, @CGUID+654),
(@scourge_tanaris, @CGUID+655),
(@scourge_tanaris, @CGUID+656),
(@scourge_tanaris, @CGUID+657),
(@scourge_tanaris, @CGUID+658),
(@scourge_tanaris, @CGUID+659),
(@scourge_tanaris, @CGUID+660),
(@scourge_tanaris, @CGUID+661),
(@scourge_tanaris, @CGUID+662),
(@scourge_tanaris, @CGUID+663),
(@scourge_tanaris, @CGUID+664),
(@scourge_tanaris, @CGUID+665),
(@scourge_tanaris, @CGUID+666),
(@scourge_tanaris, @CGUID+667),
(@scourge_tanaris, @CGUID+668),
(@scourge_tanaris, @CGUID+669),
(@scourge_tanaris, @CGUID+670),
(@scourge_tanaris, @CGUID+671),
(@scourge_tanaris, @CGUID+672),
(@scourge_tanaris, @CGUID+673),
(@scourge_tanaris, @CGUID+674),
(@scourge_tanaris, @CGUID+675),
(@scourge_tanaris, @CGUID+676),
(@scourge_tanaris, @CGUID+677),
(@scourge_tanaris, @CGUID+678),
(@scourge_tanaris, @CGUID+679),
(@scourge_tanaris, @CGUID+680),
(@scourge_tanaris, @CGUID+681),
(@scourge_tanaris, @CGUID+682),
(@scourge_tanaris, @CGUID+683),
(@scourge_tanaris, @CGUID+684),
(@scourge_tanaris, @CGUID+685),
(@scourge_tanaris, @CGUID+686),
(@scourge_tanaris, @CGUID+687),
(@scourge_tanaris, @CGUID+688),
(@scourge_tanaris, @CGUID+689),
(@scourge_tanaris, @CGUID+690),
(@scourge_tanaris, @CGUID+691),
(@scourge_tanaris, @CGUID+692),
(@scourge_tanaris, @CGUID+693),
(@scourge_tanaris, @CGUID+694),
(@scourge_tanaris, @CGUID+695),
(@scourge_tanaris, @CGUID+696),
(@scourge_tanaris, @CGUID+697),
(@scourge_tanaris, @CGUID+698),
(@scourge_tanaris, @CGUID+699),
(@scourge_tanaris, @CGUID+700),
(@scourge_tanaris, @CGUID+701),
(@scourge_tanaris, @CGUID+702),
(@scourge_tanaris, @CGUID+703),
(@scourge_tanaris, @CGUID+704),
(@scourge_tanaris, @CGUID+705),
(@scourge_tanaris, @CGUID+706),
(@scourge_tanaris, @CGUID+707),
(@scourge_tanaris, @CGUID+708),
(@scourge_tanaris, @CGUID+709),
(@scourge_tanaris, @CGUID+710),
(@scourge_tanaris, @CGUID+711),
(@scourge_tanaris, @CGUID+712),
(@scourge_tanaris, @CGUID+713),
(@scourge_tanaris, @CGUID+714),
(@scourge_tanaris, @CGUID+715),
(@scourge_tanaris, @CGUID+716),
(@scourge_tanaris, @CGUID+717),
(@scourge_tanaris, @CGUID+718),
(@scourge_tanaris, @CGUID+719),
(@scourge_tanaris, @CGUID+720),
(@scourge_tanaris, @CGUID+721),
(@scourge_tanaris, @CGUID+722),
(@scourge_tanaris, @CGUID+723),
(@scourge_tanaris, @CGUID+724),
(@scourge_tanaris, @CGUID+725),
(@scourge_tanaris, @CGUID+726),
(@scourge_tanaris, @CGUID+727),
(@scourge_tanaris, @CGUID+728),
(@scourge_tanaris, @CGUID+729),
(@scourge_tanaris, @CGUID+730),
(@scourge_tanaris, @CGUID+731),
(@scourge_tanaris, @CGUID+732),
(@scourge_tanaris, @CGUID+733),
(@scourge_tanaris, @CGUID+734),
(@scourge_tanaris, @CGUID+735),
(@scourge_tanaris, @CGUID+736),
(@scourge_tanaris, @CGUID+737),
(@scourge_tanaris, @CGUID+738),
(@scourge_tanaris, @CGUID+739),
(@scourge_tanaris, @CGUID+740),
(@scourge_tanaris, @CGUID+741),
(@scourge_tanaris, @CGUID+742),
-- (@scourge_tanaris, @CGUID+743),
(@scourge_tanaris, @CGUID+744),
(@scourge_tanaris, @CGUID+745),
(@scourge_tanaris, @CGUID+746),
(@scourge_tanaris, @CGUID+747),
(@scourge_tanaris, @CGUID+748),
(@scourge_tanaris, @CGUID+749);

DELETE FROM `creature` WHERE `guid` BETWEEN @CGUID+750 AND @CGUID+934 AND `id1` IN (16386, 16356, 16421, 16398, 16401);
INSERT INTO `creature` (`guid`, `id1`, `map`, `position_x`, `position_y`, `position_z`, `orientation`, `spawntimesecs`, `wander_distance`, `MovementType`, `VerifiedBuild`, `Comment`) VALUES
(@CGUID+750, 16356, 1, 3533.39, -4172.37, 105.328, 1.88495, 120, 0, 0, 0, ''),
(@CGUID+751, 16356, 1, 3518.78, -5750.42, 5.19787, 4.03171, 120, 0, 0, 0, ''),
(@CGUID+752, 16356, 1, 3515.6, -4132.6, 105.999, 4.04917, 120, 0, 0, 0, ''),
(@CGUID+753, 16356, 1, 3514.81, -5692.86, 4.26868, 0.715585, 120, 0, 0, 0, ''),
(@CGUID+754, 16356, 1, 3513.05, -5738.57, 4.13426, 3.26377, 120, 0, 0, 0, ''),
(@CGUID+755, 16356, 1, 3511.52, -4160.92, 105.342, 5.63741, 120, 0, 0, 0, ''),
(@CGUID+756, 16356, 1, 3511.37, -4193.3, 100.419, 3.14159, 120, 0, 0, 0, ''),
(@CGUID+757, 16356, 1, 3511.29, -4177.76, 101.65, 5.53269, 120, 0, 0, 0, ''),
(@CGUID+758, 16356, 1, 3511.0, -5722.33, 4.77359, 5.20108, 120, 0, 0, 0, ''),
(@CGUID+759, 16356, 1, 3519.91, -4119.88, 105.367, 2.80997, 120, 0, 0, 0, ''),
(@CGUID+760, 16356, 1, 3521.14, -4171.2, 103.552, 2.23402, 120, 0, 0, 0, ''),
(@CGUID+761, 16356, 1, 3522.71, -5729.77, 2.86675, 4.04917, 120, 0, 0, 0, ''),
(@CGUID+762, 16356, 1, 3527.92, -5741.46, 2.53033, 5.49779, 120, 0, 0, 0, ''),
(@CGUID+763, 16356, 1, 3526.56, -4130.81, 107.419, 3.26377, 120, 0, 0, 0, ''),
(@CGUID+764, 16356, 1, 3525.95, -5690.33, 5.74887, 4.04917, 120, 0, 0, 0, ''),
(@CGUID+765, 16356, 1, 3525.71, -5702.98, 5.7656, 1.8675, 120, 0, 0, 0, ''),
(@CGUID+766, 16356, 1, 3524.68, -4158.03, 107.071, 1.8675, 120, 0, 0, 0, ''),
(@CGUID+767, 16356, 1, 3524.24, -4185.59, 102.865, 0.226893, 120, 0, 0, 0, ''),
(@CGUID+768, 16356, 1, 3523.98, -5675.84, 4.81455, 4.06662, 120, 0, 0, 0, ''),
(@CGUID+769, 16356, 1, 3522.99, -4142.82, 107.56, 0.715585, 120, 0, 0, 0, ''),
(@CGUID+770, 16356, 1, 3508.56, -4145.32, 105.706, 5.20108, 120, 0, 0, 0, ''),
(@CGUID+771, 16356, 1, 3508.2, -5678.11, 5.59947, 2.80997, 120, 0, 0, 0, ''),
(@CGUID+772, 16356, 1, 3494.08, -5724.02, 7.07728, 0.506145, 120, 0, 0, 0, ''),
(@CGUID+773, 16356, 1, 3493.71, -5702.21, 4.62473, 5.53269, 120, 0, 0, 0, ''),
(@CGUID+774, 16356, 1, 3491.65, -5687.77, 4.77581, 1.37881, 120, 0, 0, 0, ''),
(@CGUID+775, 16356, 1, 3490.66, -5733.71, 7.04485, 3.03684, 120, 0, 0, 0, ''),
(@CGUID+776, 16356, 1, 3489.89, -4127.42, 103.58, 4.20625, 120, 0, 0, 0, ''),
(@CGUID+777, 16356, 1, 3488.06, -5710.97, 5.98872, 1.88495, 120, 0, 0, 0, ''),
(@CGUID+778, 16356, 1, 3486.96, -4157.97, 102.621, 1.85005, 120, 0, 0, 0, ''),
(@CGUID+779, 16356, 1, 3482.23, -4172.11, 99.6946, 4.03171, 120, 0, 0, 0, ''),
(@CGUID+780, 16356, 1, 3496.34, -4145.18, 103.741, 1.09956, 120, 0, 0, 0, ''),
(@CGUID+781, 16356, 1, 3497.39, -4183.08, 98.5261, 4.46804, 120, 0, 0, 0, ''),
(@CGUID+782, 16356, 1, 3498.01, -4168.62, 101.474, 1.95477, 120, 0, 0, 0, ''),
(@CGUID+783, 16356, 1, 3507.83, -4123.35, 103.923, 4.06662, 120, 0, 0, 0, ''),
(@CGUID+784, 16356, 1, 3507.8, -5705.52, 4.60514, 5.63741, 120, 0, 0, 0, ''),
(@CGUID+785, 16356, 1, 3504.39, -4133.83, 107.599, 5.49779, 120, 0, 0, 0, ''),
(@CGUID+786, 16356, 1, 3503.97, -5690.9, 4.51797, 1.95477, 120, 0, 0, 0, ''),
(@CGUID+787, 16356, 1, 3503.59, -5743.56, 4.9394, 4.20625, 120, 0, 0, 0, ''),
(@CGUID+788, 16356, 1, 3501.47, -5732.45, 5.50239, 6.24828, 120, 0, 0, 0, ''),
(@CGUID+789, 16356, 1, 3499.21, -4155.17, 103.601, 2.00713, 120, 0, 0, 0, ''),
(@CGUID+790, 16356, 1, 3498.46, -5715.92, 6.02655, 2.00713, 120, 0, 0, 0, ''),
(@CGUID+791, 16356, 1, 3475.85, -4132.15, 108.939, 3.03684, 120, 0, 0, 0, ''),
(@CGUID+792, 16356, 1, 3702.28, -5548.42, 17.2446, 4.20625, 120, 0, 0, 0, ''),
(@CGUID+793, 16356, 1, 3672.79, -5499.77, 28.3583, 5.81195, 120, 0, 0, 0, ''),
(@CGUID+794, 16356, 1, 3670.6, -5514.95, 24.1455, 4.04917, 120, 0, 0, 0, ''),
(@CGUID+795, 16356, 1, 3666.26, -5572.33, 15.0484, 3.14159, 120, 0, 0, 0, ''),
(@CGUID+796, 16356, 1, 3664.29, -5550.41, 17.9544, 2.00713, 120, 0, 0, 0, ''),
(@CGUID+797, 16356, 1, 3662.81, -5563.04, 16.3745, 4.46804, 120, 0, 0, 0, ''),
(@CGUID+798, 16356, 1, 3660.68, -5508.89, 26.724, 5.49779, 120, 0, 0, 0, ''),
(@CGUID+799, 16356, 1, 3658.43, -5522.9, 23.2322, 0.715585, 120, 0, 0, 0, ''),
(@CGUID+800, 16356, 1, 3654.55, -5541.72, 20.819, 5.20108, 120, 0, 0, 0, ''),
(@CGUID+801, 16356, 1, 3675.8, -5542.07, 18.1617, 5.63741, 120, 0, 0, 0, ''),
(@CGUID+802, 16356, 1, 3676.29, -5565.21, 14.818, 2.80997, 120, 0, 0, 0, ''),
(@CGUID+803, 16356, 1, 3676.53, -5526.23, 21.2233, 1.8675, 120, 0, 0, 0, ''),
(@CGUID+804, 16356, 1, 3699.76, -5535.99, 19.664, 0.226893, 120, 0, 0, 0, ''),
(@CGUID+805, 16356, 1, 3693.61, -5512.01, 24.4701, 3.03684, 120, 0, 0, 0, ''),
(@CGUID+806, 16356, 1, 3690.1, -5555.26, 15.5335, 4.06662, 120, 0, 0, 0, ''),
(@CGUID+807, 16356, 1, 3689.47, -5523.47, 22.0029, 6.24828, 120, 0, 0, 0, ''),
(@CGUID+808, 16356, 1, 3689.03, -5544.3, 17.1654, 0.506145, 120, 0, 0, 0, ''),
(@CGUID+809, 16356, 1, 3687.04, -5535.02, 18.9696, 2.23402, 120, 0, 0, 0, ''),
(@CGUID+810, 16356, 1, 3682.15, -5513.76, 24.072, 3.26377, 120, 0, 0, 0, ''),
(@CGUID+811, 16356, 1, 3676.9, -5552.87, 16.2495, 1.88495, 120, 0, 0, 0, ''),
(@CGUID+812, 16356, 1, 3651.64, -5564.29, 17.5879, 4.03171, 120, 0, 0, 0, ''),
(@CGUID+813, 16356, 1, 3650.81, -5552.16, 19.3526, 5.53269, 120, 0, 0, 0, ''),
(@CGUID+814, 16356, 1, 3543.24, -5746.65, 1.89087, 3.14159, 120, 0, 0, 0, ''),
(@CGUID+815, 16356, 1, 3542.16, -5733.04, 1.71104, 1.09956, 120, 0, 0, 0, ''),
(@CGUID+816, 16356, 1, 3541.88, -4160.51, 106.205, 0.506145, 120, 0, 0, 0, ''),
(@CGUID+817, 16356, 1, 3539.37, -4138.37, 107.582, 6.24828, 120, 0, 0, 0, ''),
(@CGUID+818, 16356, 1, 3538.77, -4126.51, 109.197, 1.37881, 120, 0, 0, 0, ''),
(@CGUID+819, 16356, 1, 3538.73, -5697.86, 7.8636, 0.226893, 120, 0, 0, 0, ''),
(@CGUID+820, 16356, 1, 3537.48, -5684.61, 6.55419, 4.46804, 120, 0, 0, 0, ''),
(@CGUID+821, 16356, 1, 3537.0, -5709.04, 6.25807, 2.23402, 120, 0, 0, 0, ''),
(@CGUID+822, 16356, 1, 3543.48, -4172.77, 106.955, 5.81195, 120, 0, 0, 0, ''),
(@CGUID+823, 16356, 1, 3547.56, -5722.0, 2.6648, 1.85005, 120, 0, 0, 0, ''),
(@CGUID+824, 16356, 1, 3551.49, -5701.81, 6.66457, 5.81195, 120, 0, 0, 0, ''),
(@CGUID+825, 16356, 1, 3646.52, -5513.63, 25.4151, 1.09956, 120, 0, 0, 0, ''),
(@CGUID+826, 16356, 1, 3645.98, -5527.76, 23.378, 4.04917, 120, 0, 0, 0, ''),
(@CGUID+827, 16356, 1, 3642.21, -5539.7, 22.084, 1.95477, 120, 0, 0, 0, ''),
(@CGUID+828, 16356, 1, 3637.79, -5551.26, 20.5829, 1.37881, 120, 0, 0, 0, ''),
(@CGUID+829, 16356, 1, 3632.27, -5525.7, 23.2605, 1.85005, 120, 0, 0, 0, ''),
(@CGUID+830, 16356, 1, 3629.52, -5537.6, 21.5078, 4.46804, 120, 0, 0, 0, ''),
(@CGUID+831, 16356, 1, 3552.45, -5712.3, 4.66837, 4.46804, 120, 0, 0, 0, ''),
(@CGUID+832, 16356, 1, 3551.9, -4149.52, 105.794, 4.46804, 120, 0, 0, 0, ''),
(@CGUID+833, 16356, 1, 3535.63, -4150.14, 107.273, 4.04917, 120, 0, 0, 0, ''),
(@CGUID+834, 16356, 1, 3334.05, -4547.67, 97.5789, 5.53269, 120, 0, 0, 0, ''),
(@CGUID+835, 16356, 1, 3303.45, -4537.55, 94.6147, 4.03171, 120, 0, 0, 0, ''),
(@CGUID+836, 16356, 1, 3297.06, -4492.66, 97.7712, 3.03684, 120, 0, 0, 0, ''),
(@CGUID+837, 16356, 1, 3123.73, -4224.92, 100.597, 2.80997, 120, 0, 0, 0, ''),
(@CGUID+838, 16356, 1, 3122.37, -4198.01, 106.872, 4.06662, 120, 0, 0, 0, ''),
(@CGUID+839, 16356, 1, 3117.07, -4212.53, 102.378, 1.88495, 120, 0, 0, 0, ''),
(@CGUID+840, 16356, 1, 3115.46, -4239.17, 99.894, 1.37881, 120, 0, 0, 0, ''),
(@CGUID+841, 16356, 1, 3111.7, -4224.77, 99.2081, 5.53269, 120, 0, 0, 0, ''),
(@CGUID+842, 16356, 1, 3107.96, -4200.47, 102.344, 0.506145, 120, 0, 0, 0, ''),
(@CGUID+843, 16356, 1, 3303.64, -4508.5, 96.8414, 1.37881, 120, 0, 0, 0, ''),
(@CGUID+844, 16356, 1, 3311.86, -4483.88, 99.9921, 1.85005, 120, 0, 0, 0, ''),
(@CGUID+845, 16356, 1, 3317.9, -4552.03, 95.2773, 0.226893, 120, 0, 0, 0, ''),
(@CGUID+846, 16356, 1, 3333.38, -4523.2, 98.2382, 5.63741, 120, 0, 0, 0, ''),
(@CGUID+847, 16356, 1, 3332.78, -5576.57, 14.3716, 4.06662, 120, 0, 0, 0, ''),
(@CGUID+848, 16356, 1, 3331.88, -4510.62, 97.4588, 0.715585, 120, 0, 0, 0, ''),
(@CGUID+849, 16356, 1, 3331.03, -4484.22, 98.3, 1.09956, 120, 0, 0, 0, ''),
(@CGUID+850, 16356, 1, 3322.0, -4535.2, 97.9475, 1.95477, 120, 0, 0, 0, ''),
(@CGUID+851, 16356, 1, 3321.41, -4519.14, 98.2024, 4.04917, 120, 0, 0, 0, ''),
(@CGUID+852, 16356, 1, 3321.15, -4497.27, 97.3538, 5.49779, 120, 0, 0, 0, ''),
(@CGUID+853, 16356, 1, 3319.64, -4470.73, 102.761, 4.20625, 120, 0, 0, 0, ''),
(@CGUID+854, 16356, 1, 3106.46, -4184.55, 102.513, 4.20625, 120, 0, 0, 0, ''),
(@CGUID+855, 16356, 1, 3105.64, -4249.88, 99.2042, 4.46804, 120, 0, 0, 0, ''),
(@CGUID+856, 16356, 1, 3077.45, -4255.77, 97.9742, 3.14159, 120, 0, 0, 0, ''),
(@CGUID+857, 16356, 1, 3077.05, -4209.22, 96.0722, 1.8675, 120, 0, 0, 0, ''),
(@CGUID+858, 16356, 1, 3070.3, -4194.14, 96.5278, 5.49779, 120, 0, 0, 0, ''),
(@CGUID+859, 16356, 1, 3069.67, -4218.87, 95.3934, 4.04917, 120, 0, 0, 0, ''),
(@CGUID+860, 16356, 1, 3068.87, -4181.28, 97.6392, 3.03684, 120, 0, 0, 0, ''),
(@CGUID+861, 16356, 1, 3064.58, -4231.33, 96.0068, 4.46804, 120, 0, 0, 0, ''),
(@CGUID+862, 16356, 1, 3061.03, -4205.14, 95.3405, 1.09956, 120, 0, 0, 0, ''),
(@CGUID+863, 16356, 1, 3054.88, -4193.17, 96.3701, 4.03171, 120, 0, 0, 0, ''),
(@CGUID+864, 16356, 1, 3078.05, -4241.88, 97.7776, 0.226893, 120, 0, 0, 0, ''),
(@CGUID+865, 16356, 1, 3078.86, -4226.2, 96.4072, 0.715585, 120, 0, 0, 0, ''),
(@CGUID+866, 16356, 1, 3082.93, -4181.02, 98.3096, 3.26377, 120, 0, 0, 0, ''),
(@CGUID+867, 16356, 1, 3104.51, -4213.21, 99.724, 2.00713, 120, 0, 0, 0, ''),
(@CGUID+868, 16356, 1, 3101.93, -4236.38, 98.152, 1.95477, 120, 0, 0, 0, ''),
(@CGUID+869, 16356, 1, 3097.55, -4222.91, 97.6538, 5.20108, 120, 0, 0, 0, ''),
(@CGUID+870, 16356, 1, 3094.07, -4204.89, 98.4522, 5.63741, 120, 0, 0, 0, ''),
(@CGUID+871, 16356, 1, 3091.28, -4249.13, 98.1309, 5.81195, 120, 0, 0, 0, ''),
(@CGUID+872, 16356, 1, 3091.23, -4189.78, 98.9192, 6.24828, 120, 0, 0, 0, ''),
(@CGUID+873, 16356, 1, 3089.11, -4233.47, 97.1534, 4.04917, 120, 0, 0, 0, ''),
(@CGUID+874, 16356, 1, 3084.01, -4199.98, 98.0012, 2.23402, 120, 0, 0, 0, ''),
(@CGUID+875, 16356, 1, 3052.05, -4218.66, 94.5101, 1.85005, 120, 0, 0, 0, ''),
(@CGUID+876, 16356, 1, 3401.69, -5572.06, 11.1274, 2.80997, 120, 0, 0, 0, ''),
(@CGUID+877, 16356, 1, 3374.54, -4503.57, 99.4529, 4.06662, 120, 0, 0, 0, ''),
(@CGUID+878, 16356, 1, 3374.33, -5572.26, 10.2641, 5.63741, 120, 0, 0, 0, ''),
(@CGUID+879, 16356, 1, 3374.06, -5540.74, 16.3713, 6.24828, 120, 0, 0, 0, ''),
(@CGUID+880, 16356, 1, 3373.94, -5559.22, 12.58, 1.8675, 120, 0, 0, 0, ''),
(@CGUID+881, 16356, 1, 3367.3, -5602.42, 8.44488, 3.14159, 120, 0, 0, 0, ''),
(@CGUID+882, 16356, 1, 3367.16, -5590.04, 8.40419, 4.04917, 120, 0, 0, 0, ''),
(@CGUID+883, 16356, 1, 3367.03, -5580.67, 9.14213, 0.715585, 120, 0, 0, 0, ''),
(@CGUID+884, 16356, 1, 3366.84, -4551.24, 99.3444, 5.81195, 120, 0, 0, 0, ''),
(@CGUID+885, 16356, 1, 3375.73, -4517.19, 100.536, 6.24828, 120, 0, 0, 0, ''),
(@CGUID+886, 16356, 1, 3378.03, -5583.71, 8.52229, 1.95477, 120, 0, 0, 0, ''),
(@CGUID+887, 16356, 1, 3378.62, -5593.57, 7.50537, 4.46804, 120, 0, 0, 0, ''),
(@CGUID+888, 16356, 1, 3397.78, -5563.62, 12.4127, 1.88495, 120, 0, 0, 0, ''),
(@CGUID+889, 16356, 1, 3397.08, -5551.55, 14.2353, 3.03684, 120, 0, 0, 0, ''),
(@CGUID+890, 16356, 1, 3391.48, -5584.0, 8.78693, 1.37881, 120, 0, 0, 0, ''),
(@CGUID+891, 16356, 1, 3388.58, -5574.24, 9.89189, 5.53269, 120, 0, 0, 0, ''),
(@CGUID+892, 16356, 1, 3386.67, -5540.08, 16.1174, 4.03171, 120, 0, 0, 0, ''),
(@CGUID+893, 16356, 1, 3385.7, -5552.67, 13.7273, 0.506145, 120, 0, 0, 0, ''),
(@CGUID+894, 16356, 1, 3383.45, -5565.49, 11.5553, 2.23402, 120, 0, 0, 0, ''),
(@CGUID+895, 16356, 1, 3380.49, -4541.89, 99.703, 4.46804, 120, 0, 0, 0, ''),
(@CGUID+896, 16356, 1, 3365.3, -5550.28, 14.5021, 4.04917, 120, 0, 0, 0, ''),
(@CGUID+897, 16356, 1, 3365.13, -4574.19, 97.0721, 3.14159, 120, 0, 0, 0, ''),
(@CGUID+898, 16356, 1, 3343.69, -5574.38, 11.6644, 4.46804, 120, 0, 0, 0, ''),
(@CGUID+899, 16356, 1, 3343.45, -5586.44, 10.6995, 4.20625, 120, 0, 0, 0, ''),
(@CGUID+900, 16356, 1, 3342.43, -5554.33, 16.3574, 1.09956, 120, 0, 0, 0, ''),
(@CGUID+901, 16356, 1, 3342.15, -4509.72, 97.5853, 1.8675, 120, 0, 0, 0, ''),
(@CGUID+902, 16356, 1, 3341.39, -4562.71, 98.1636, 4.46804, 120, 0, 0, 0, ''),
(@CGUID+903, 16356, 1, 3340.95, -4533.95, 98.2443, 2.00713, 120, 0, 0, 0, ''),
(@CGUID+904, 16356, 1, 3340.66, -4470.9, 99.1944, 2.80997, 120, 0, 0, 0, ''),
(@CGUID+905, 16356, 1, 3335.97, -4498.37, 97.0747, 4.04917, 120, 0, 0, 0, ''),
(@CGUID+906, 16356, 1, 3334.31, -5564.92, 15.6421, 1.85005, 120, 0, 0, 0, ''),
(@CGUID+907, 16356, 1, 3343.84, -4521.73, 98.083, 5.20108, 120, 0, 0, 0, ''),
(@CGUID+908, 16356, 1, 3349.37, -5564.11, 12.6707, 2.00713, 120, 0, 0, 0, ''),
(@CGUID+909, 16356, 1, 3364.0, -5533.69, 19.6938, 3.26377, 120, 0, 0, 0, ''),
(@CGUID+910, 16356, 1, 3359.02, -4534.84, 100.891, 0.506145, 120, 0, 0, 0, ''),
(@CGUID+911, 16356, 1, 3358.77, -5573.38, 10.0153, 5.20108, 120, 0, 0, 0, ''),
(@CGUID+912, 16356, 1, 3355.53, -4514.97, 99.4529, 2.23402, 120, 0, 0, 0, ''),
(@CGUID+913, 16356, 1, 3355.19, -5583.63, 9.23584, 0.226893, 120, 0, 0, 0, ''),
(@CGUID+914, 16356, 1, 3354.8, -4496.21, 97.864, 3.26377, 120, 0, 0, 0, ''),
(@CGUID+915, 16356, 1, 3353.38, -5594.22, 9.27417, 5.81195, 120, 0, 0, 0, ''),
(@CGUID+916, 16356, 1, 3351.04, -5543.88, 18.714, 5.49779, 120, 0, 0, 0, ''),
(@CGUID+917, 16356, 1, 3350.16, -4550.55, 99.9108, 1.88495, 120, 0, 0, 0, ''),
(@CGUID+918, 16386, 1, 3612.61, -5566.16, 25.598, 2.60054, 120, 0, 0, 0, ''),
(@CGUID+919, 16386, 1, 3529.63, -5678.56, 12.0461, 2.60054, 120, 0, 0, 0, ''),
(@CGUID+920, 16386, 1, 3448.66, -4191.01, 119.208, 2.60054, 120, 0, 0, 0, ''),
(@CGUID+921, 16386, 1, 3433.84, -5589.88, 31.0207, 2.60054, 120, 0, 0, 0, ''),
(@CGUID+922, 16386, 1, 3313.65, -4433.73, 124.361, 2.60054, 120, 0, 0, 0, ''),
(@CGUID+923, 16386, 1, 3166.14, -4244.19, 127.344, 2.60054, 120, 0, 0, 0, ''),
(@CGUID+924, 16398, 1, 3564.39, -5596.77, 31.2577, 4.10152, 120, 0, 0, 0, ''),
(@CGUID+925, 16398, 1, 3535.45, -5643.02, 26.5771, 4.10152, 120, 0, 0, 0, ''),
(@CGUID+926, 16398, 1, 3489.95, -5599.45, 38.5652, 4.10152, 120, 0, 0, 0, ''),
(@CGUID+927, 16398, 1, 3363.05, -4230.81, 147.63, 4.10152, 120, 0, 0, 0, ''),
(@CGUID+928, 16398, 1, 3300.44, -4356.98, 154.459, 4.10152, 120, 0, 0, 0, ''),
(@CGUID+929, 16398, 1, 3234.63, -4264.38, 141.236, 4.10152, 120, 0, 0, 0, ''),
-- (@CGUID+930, 16995, 1, 3273.75, -4276.98, 125.509, 5.44543, 120, 0, 0, 0, ''),
(@CGUID+931, 16401, 1, 3299.55, -4301.3, 177.891, 5.81195, 120, 0, 0, 0, ''),
(@CGUID+932, 16401, 1, 3544.98, -5610.26, 67.196, 2.82743, 120, 0, 0, 0, ''),
(@CGUID+933, 16421, 1, 3299.55, -4301.3, 177.891, 5.81195, 120, 0, 0, 0, ''),
(@CGUID+934, 16421, 1, 3544.98, -5610.26, 67.196, 2.82743, 120, 0, 0, 0, '');
DELETE FROM `game_event_creature` WHERE `eventEntry` = @scourge_azshara AND `guid` BETWEEN @CGUID+750 AND @CGUID+934;
INSERT INTO `game_event_creature` (`eventEntry`, `guid`) VALUES
(@scourge_azshara, @CGUID+750),
(@scourge_azshara, @CGUID+751),
(@scourge_azshara, @CGUID+752),
(@scourge_azshara, @CGUID+753),
(@scourge_azshara, @CGUID+754),
(@scourge_azshara, @CGUID+755),
(@scourge_azshara, @CGUID+756),
(@scourge_azshara, @CGUID+757),
(@scourge_azshara, @CGUID+758),
(@scourge_azshara, @CGUID+759),
(@scourge_azshara, @CGUID+760),
(@scourge_azshara, @CGUID+761),
(@scourge_azshara, @CGUID+762),
(@scourge_azshara, @CGUID+763),
(@scourge_azshara, @CGUID+764),
(@scourge_azshara, @CGUID+765),
(@scourge_azshara, @CGUID+766),
(@scourge_azshara, @CGUID+767),
(@scourge_azshara, @CGUID+768),
(@scourge_azshara, @CGUID+769),
(@scourge_azshara, @CGUID+770),
(@scourge_azshara, @CGUID+771),
(@scourge_azshara, @CGUID+772),
(@scourge_azshara, @CGUID+773),
(@scourge_azshara, @CGUID+774),
(@scourge_azshara, @CGUID+775),
(@scourge_azshara, @CGUID+776),
(@scourge_azshara, @CGUID+777),
(@scourge_azshara, @CGUID+778),
(@scourge_azshara, @CGUID+779),
(@scourge_azshara, @CGUID+780),
(@scourge_azshara, @CGUID+781),
(@scourge_azshara, @CGUID+782),
(@scourge_azshara, @CGUID+783),
(@scourge_azshara, @CGUID+784),
(@scourge_azshara, @CGUID+785),
(@scourge_azshara, @CGUID+786),
(@scourge_azshara, @CGUID+787),
(@scourge_azshara, @CGUID+788),
(@scourge_azshara, @CGUID+789),
(@scourge_azshara, @CGUID+790),
(@scourge_azshara, @CGUID+791),
(@scourge_azshara, @CGUID+792),
(@scourge_azshara, @CGUID+793),
(@scourge_azshara, @CGUID+794),
(@scourge_azshara, @CGUID+795),
(@scourge_azshara, @CGUID+796),
(@scourge_azshara, @CGUID+797),
(@scourge_azshara, @CGUID+798),
(@scourge_azshara, @CGUID+799),
(@scourge_azshara, @CGUID+800),
(@scourge_azshara, @CGUID+801),
(@scourge_azshara, @CGUID+802),
(@scourge_azshara, @CGUID+803),
(@scourge_azshara, @CGUID+804),
(@scourge_azshara, @CGUID+805),
(@scourge_azshara, @CGUID+806),
(@scourge_azshara, @CGUID+807),
(@scourge_azshara, @CGUID+808),
(@scourge_azshara, @CGUID+809),
(@scourge_azshara, @CGUID+810),
(@scourge_azshara, @CGUID+811),
(@scourge_azshara, @CGUID+812),
(@scourge_azshara, @CGUID+813),
(@scourge_azshara, @CGUID+814),
(@scourge_azshara, @CGUID+815),
(@scourge_azshara, @CGUID+816),
(@scourge_azshara, @CGUID+817),
(@scourge_azshara, @CGUID+818),
(@scourge_azshara, @CGUID+819),
(@scourge_azshara, @CGUID+820),
(@scourge_azshara, @CGUID+821),
(@scourge_azshara, @CGUID+822),
(@scourge_azshara, @CGUID+823),
(@scourge_azshara, @CGUID+824),
(@scourge_azshara, @CGUID+825),
(@scourge_azshara, @CGUID+826),
(@scourge_azshara, @CGUID+827),
(@scourge_azshara, @CGUID+828),
(@scourge_azshara, @CGUID+829),
(@scourge_azshara, @CGUID+830),
(@scourge_azshara, @CGUID+831),
(@scourge_azshara, @CGUID+832),
(@scourge_azshara, @CGUID+833),
(@scourge_azshara, @CGUID+834),
(@scourge_azshara, @CGUID+835),
(@scourge_azshara, @CGUID+836),
(@scourge_azshara, @CGUID+837),
(@scourge_azshara, @CGUID+838),
(@scourge_azshara, @CGUID+839),
(@scourge_azshara, @CGUID+840),
(@scourge_azshara, @CGUID+841),
(@scourge_azshara, @CGUID+842),
(@scourge_azshara, @CGUID+843),
(@scourge_azshara, @CGUID+844),
(@scourge_azshara, @CGUID+845),
(@scourge_azshara, @CGUID+846),
(@scourge_azshara, @CGUID+847),
(@scourge_azshara, @CGUID+848),
(@scourge_azshara, @CGUID+849),
(@scourge_azshara, @CGUID+850),
(@scourge_azshara, @CGUID+851),
(@scourge_azshara, @CGUID+852),
(@scourge_azshara, @CGUID+853),
(@scourge_azshara, @CGUID+854),
(@scourge_azshara, @CGUID+855),
(@scourge_azshara, @CGUID+856),
(@scourge_azshara, @CGUID+857),
(@scourge_azshara, @CGUID+858),
(@scourge_azshara, @CGUID+859),
(@scourge_azshara, @CGUID+860),
(@scourge_azshara, @CGUID+861),
(@scourge_azshara, @CGUID+862),
(@scourge_azshara, @CGUID+863),
(@scourge_azshara, @CGUID+864),
(@scourge_azshara, @CGUID+865),
(@scourge_azshara, @CGUID+866),
(@scourge_azshara, @CGUID+867),
(@scourge_azshara, @CGUID+868),
(@scourge_azshara, @CGUID+869),
(@scourge_azshara, @CGUID+870),
(@scourge_azshara, @CGUID+871),
(@scourge_azshara, @CGUID+872),
(@scourge_azshara, @CGUID+873),
(@scourge_azshara, @CGUID+874),
(@scourge_azshara, @CGUID+875),
(@scourge_azshara, @CGUID+876),
(@scourge_azshara, @CGUID+877),
(@scourge_azshara, @CGUID+878),
(@scourge_azshara, @CGUID+879),
(@scourge_azshara, @CGUID+880),
(@scourge_azshara, @CGUID+881),
(@scourge_azshara, @CGUID+882),
(@scourge_azshara, @CGUID+883),
(@scourge_azshara, @CGUID+884),
(@scourge_azshara, @CGUID+885),
(@scourge_azshara, @CGUID+886),
(@scourge_azshara, @CGUID+887),
(@scourge_azshara, @CGUID+888),
(@scourge_azshara, @CGUID+889),
(@scourge_azshara, @CGUID+890),
(@scourge_azshara, @CGUID+891),
(@scourge_azshara, @CGUID+892),
(@scourge_azshara, @CGUID+893),
(@scourge_azshara, @CGUID+894),
(@scourge_azshara, @CGUID+895),
(@scourge_azshara, @CGUID+896),
(@scourge_azshara, @CGUID+897),
(@scourge_azshara, @CGUID+898),
(@scourge_azshara, @CGUID+899),
(@scourge_azshara, @CGUID+900),
(@scourge_azshara, @CGUID+901),
(@scourge_azshara, @CGUID+902),
(@scourge_azshara, @CGUID+903),
(@scourge_azshara, @CGUID+904),
(@scourge_azshara, @CGUID+905),
(@scourge_azshara, @CGUID+906),
(@scourge_azshara, @CGUID+907),
(@scourge_azshara, @CGUID+908),
(@scourge_azshara, @CGUID+909),
(@scourge_azshara, @CGUID+910),
(@scourge_azshara, @CGUID+911),
(@scourge_azshara, @CGUID+912),
(@scourge_azshara, @CGUID+913),
(@scourge_azshara, @CGUID+914),
(@scourge_azshara, @CGUID+915),
(@scourge_azshara, @CGUID+916),
(@scourge_azshara, @CGUID+917),
(@scourge_azshara, @CGUID+918),
(@scourge_azshara, @CGUID+919),
(@scourge_azshara, @CGUID+920),
(@scourge_azshara, @CGUID+921),
(@scourge_azshara, @CGUID+922),
(@scourge_azshara, @CGUID+923),
(@scourge_azshara, @CGUID+924),
(@scourge_azshara, @CGUID+925),
(@scourge_azshara, @CGUID+926),
(@scourge_azshara, @CGUID+927),
(@scourge_azshara, @CGUID+928),
(@scourge_azshara, @CGUID+929),
-- (@scourge_azshara, @CGUID+930),
(@scourge_azshara, @CGUID+931),
(@scourge_azshara, @CGUID+932),
(@scourge_azshara, @CGUID+933),
(@scourge_azshara, @CGUID+934);

DELETE FROM `creature` WHERE `guid` BETWEEN @CGUID+935 AND @CGUID+1119 AND `id1` IN (16386, 16356, 16421, 16398, 16401);
INSERT INTO `creature` (`guid`, `id1`, `map`, `position_x`, `position_y`, `position_z`, `orientation`, `spawntimesecs`, `wander_distance`, `MovementType`, `VerifiedBuild`, `Comment`) VALUES
(@CGUID+935, 16356, 0, -11181.1, -2973.18, 7.62003, 5.20108, 120, 0, 0, 0, ''),
(@CGUID+936, 16356, 0, -11217.4, -3372.26, 9.48901, 4.20625, 120, 0, 0, 0, ''),
(@CGUID+937, 16356, 0, -11218.1, -3309.33, 9.15481, 2.80997, 120, 0, 0, 0, ''),
(@CGUID+938, 16356, 0, -11218.2, -3391.36, 22.9658, 0.226893, 120, 0, 0, 0, ''),
(@CGUID+939, 16356, 0, -11219.5, -3353.26, 5.08604, 6.24828, 120, 0, 0, 0, ''),
(@CGUID+940, 16356, 0, -11221.0, -3023.16, 6.41069, 5.81195, 120, 0, 0, 0, ''),
(@CGUID+941, 16356, 0, -11222.0, -2984.07, 3.90817, 2.80997, 120, 0, 0, 0, ''),
(@CGUID+942, 16356, 0, -11223.0, -3005.04, 7.03504, 0.226893, 120, 0, 0, 0, ''),
(@CGUID+943, 16356, 0, -11223.5, -2946.92, 10.2132, 4.20625, 120, 0, 0, 0, ''),
(@CGUID+944, 16356, 0, -11216.1, -3325.78, 8.73674, 1.37881, 120, 0, 0, 0, ''),
(@CGUID+945, 16356, 0, -11208.6, -2953.39, 8.99919, 4.06662, 120, 0, 0, 0, ''),
(@CGUID+946, 16356, 0, -11208.1, -3013.59, 5.09382, 4.46804, 120, 0, 0, 0, ''),
(@CGUID+947, 16356, 0, -11184.0, -2946.85, 19.4695, 2.23402, 120, 0, 0, 0, ''),
(@CGUID+948, 16356, 0, -11193.0, -2963.79, 8.5652, 2.00713, 120, 0, 0, 0, ''),
(@CGUID+949, 16356, 0, -11193.0, -2978.19, 8.73847, 5.63741, 120, 0, 0, 0, ''),
(@CGUID+950, 16356, 0, -11193.0, -3005.14, 6.8718, 1.09956, 120, 0, 0, 0, ''),
(@CGUID+951, 16356, 0, -11194.0, -3023.39, 7.16518, 1.85005, 120, 0, 0, 0, ''),
(@CGUID+952, 16356, 0, -11205.5, -2971.31, 8.41278, 4.46804, 120, 0, 0, 0, ''),
(@CGUID+953, 16356, 0, -11206.8, -3342.5, 5.20492, 4.06662, 120, 0, 0, 0, ''),
(@CGUID+954, 16356, 0, -11207.4, -2992.09, 4.00507, 1.37881, 120, 0, 0, 0, ''),
(@CGUID+955, 16356, 0, -11227.2, -3338.57, 9.37604, 1.95477, 120, 0, 0, 0, ''),
(@CGUID+956, 16356, 0, -11231.3, -3323.45, 9.99582, 0.506145, 120, 0, 0, 0, ''),
(@CGUID+957, 16356, 0, -11265.1, -3368.0, 6.34093, 2.23402, 120, 0, 0, 0, ''),
(@CGUID+958, 16356, 0, -11272.0, -3384.21, 6.37339, 5.49779, 120, 0, 0, 0, ''),
(@CGUID+959, 16356, 0, -11272.4, -3343.95, 9.96668, 4.04917, 120, 0, 0, 0, ''),
(@CGUID+960, 16356, 0, -11274.2, -3317.7, 25.2531, 5.81195, 120, 0, 0, 0, ''),
(@CGUID+961, 16356, 0, -11276.0, -3358.51, 6.2773, 1.88495, 120, 0, 0, 0, ''),
(@CGUID+962, 16356, 0, -11287.3, -3372.26, 7.9216, 1.09956, 120, 0, 0, 0, ''),
(@CGUID+963, 16356, 0, -11287.8, -3340.54, 9.04822, 4.46804, 120, 0, 0, 0, ''),
(@CGUID+964, 16356, 0, -11288.4, -3389.93, 7.66957, 3.14159, 120, 0, 0, 0, ''),
(@CGUID+965, 16356, 0, -11262.1, -3354.55, 8.87, 5.20108, 120, 0, 0, 0, ''),
(@CGUID+966, 16356, 0, -11259.6, -3394.71, 10.1496, 4.03171, 120, 0, 0, 0, ''),
(@CGUID+967, 16356, 0, -11258.9, -3340.28, 10.113, 5.63741, 120, 0, 0, 0, ''),
(@CGUID+968, 16356, 0, -11235.0, -3369.2, 9.52345, 5.53269, 120, 0, 0, 0, ''),
(@CGUID+969, 16356, 0, -11235.5, -3353.5, 5.08604, 0.715585, 120, 0, 0, 0, ''),
(@CGUID+970, 16356, 0, -11238.2, -3306.17, 15.0118, 4.46804, 120, 0, 0, 0, ''),
(@CGUID+971, 16356, 0, -11238.7, -3390.98, 10.9117, 3.03684, 120, 0, 0, 0, ''),
(@CGUID+972, 16356, 0, -11243.1, -3340.19, 9.38895, 1.8675, 120, 0, 0, 0, ''),
(@CGUID+973, 16356, 0, -11249.8, -3363.01, 10.1013, 2.00713, 120, 0, 0, 0, ''),
(@CGUID+974, 16356, 0, -11250.9, -3379.86, 7.35147, 3.26377, 120, 0, 0, 0, ''),
(@CGUID+975, 16356, 0, -11252.6, -3324.28, 18.7379, 4.04917, 120, 0, 0, 0, ''),
(@CGUID+976, 16356, 0, -11293.2, -3355.24, 9.05811, 1.85005, 120, 0, 0, 0, ''),
(@CGUID+977, 16356, 0, -10973.5, -2807.63, 5.38797, 4.46804, 120, 0, 0, 0, ''),
(@CGUID+978, 16356, 0, -11008.3, -2738.67, 5.43277, 4.03171, 120, 0, 0, 0, ''),
(@CGUID+979, 16356, 0, -11018.4, -2753.57, 3.71715, 2.80997, 120, 0, 0, 0, ''),
(@CGUID+980, 16356, 0, -11019.8, -2771.0, 3.74648, 1.8675, 120, 0, 0, 0, ''),
(@CGUID+981, 16356, 0, -11021.8, -2794.13, 5.22963, 5.20108, 120, 0, 0, 0, ''),
(@CGUID+982, 16356, 0, -11023.6, -2822.95, 10.6242, 5.81195, 120, 0, 0, 0, ''),
(@CGUID+983, 16356, 0, -11025.9, -2807.95, 7.76655, 5.53269, 120, 0, 0, 0, ''),
(@CGUID+984, 16356, 0, -11030.3, -2782.59, 4.53305, 5.63741, 120, 0, 0, 0, ''),
(@CGUID+985, 16356, 0, -11033.8, -2767.28, 4.80015, 4.04917, 120, 0, 0, 0, ''),
(@CGUID+986, 16356, 0, -11008.1, -2817.31, 7.10468, 1.88495, 120, 0, 0, 0, ''),
(@CGUID+987, 16356, 0, -11005.0, -2763.27, 3.90122, 2.23402, 120, 0, 0, 0, ''),
(@CGUID+988, 16356, 0, -11004.4, -2777.81, 4.51385, 0.715585, 120, 0, 0, 0, ''),
(@CGUID+989, 16356, 0, -10974.5, -2782.83, 5.10687, 1.85005, 120, 0, 0, 0, ''),
(@CGUID+990, 16356, 0, -10976.6, -2762.51, 4.21193, 1.09956, 120, 0, 0, 0, ''),
(@CGUID+991, 16356, 0, -10989.3, -2812.23, 5.92583, 0.506145, 120, 0, 0, 0, ''),
(@CGUID+992, 16356, 0, -10990.2, -2793.42, 5.36988, 6.24828, 120, 0, 0, 0, ''),
(@CGUID+993, 16356, 0, -10990.4, -2771.42, 4.11056, 3.26377, 120, 0, 0, 0, ''),
(@CGUID+994, 16356, 0, -10990.6, -2756.9, 5.03873, 5.49779, 120, 0, 0, 0, ''),
(@CGUID+995, 16356, 0, -10995.8, -2829.69, 9.40201, 0.226893, 120, 0, 0, 0, ''),
(@CGUID+996, 16356, 0, -11003.4, -2796.45, 5.53892, 2.00713, 120, 0, 0, 0, ''),
(@CGUID+997, 16356, 0, -11036.5, -2796.51, 5.90141, 1.95477, 120, 0, 0, 0, ''),
(@CGUID+998, 16356, 0, -11039.7, -2750.75, 2.0154, 4.06662, 120, 0, 0, 0, ''),
(@CGUID+999, 16356, 0, -11153.4, -2983.32, 8.81915, 0.506145, 120, 0, 0, 0, ''),
(@CGUID+1000, 16356, 0, -11160.2, -2995.96, 8.56307, 1.88495, 120, 0, 0, 0, ''),
(@CGUID+1001, 16356, 0, -11160.4, -2940.95, 20.0501, 1.95477, 120, 0, 0, 0, ''),
(@CGUID+1002, 16356, 0, -11162.9, -3011.74, 7.76301, 3.26377, 120, 0, 0, 0, ''),
(@CGUID+1003, 16356, 0, -11168.3, -2963.32, 8.0324, 4.04917, 120, 0, 0, 0, ''),
(@CGUID+1004, 16356, 0, -11169.5, -2980.98, 9.00698, 0.715585, 120, 0, 0, 0, ''),
(@CGUID+1005, 16356, 0, -11176.3, -2996.02, 9.51162, 1.8675, 120, 0, 0, 0, ''),
(@CGUID+1006, 16356, 0, -11176.8, -3027.3, 7.47332, 4.03171, 120, 0, 0, 0, ''),
(@CGUID+1007, 16356, 0, -11151.9, -2962.63, 8.69393, 4.04917, 120, 0, 0, 0, ''),
(@CGUID+1008, 16356, 0, -11147.6, -3013.51, 20.7093, 3.14159, 120, 0, 0, 0, ''),
(@CGUID+1009, 16356, 0, -11145.5, -2953.04, 9.862, 5.53269, 120, 0, 0, 0, ''),
(@CGUID+1010, 16356, 0, -11042.2, -2816.22, 11.9086, 4.46804, 120, 0, 0, 0, ''),
(@CGUID+1011, 16356, 0, -11044.8, -2779.02, 5.63407, 4.04917, 120, 0, 0, 0, ''),
(@CGUID+1012, 16356, 0, -11057.7, -2763.12, 1.95432, 4.20625, 120, 0, 0, 0, ''),
(@CGUID+1013, 16356, 0, -11058.8, -2803.73, 10.737, 1.37881, 120, 0, 0, 0, ''),
(@CGUID+1014, 16356, 0, -11060.6, -2822.69, 9.96001, 3.14159, 120, 0, 0, 0, ''),
(@CGUID+1015, 16356, 0, -11061.5, -2784.66, 7.56118, 3.03684, 120, 0, 0, 0, ''),
(@CGUID+1016, 16356, 0, -11141.8, -2973.75, 8.65759, 3.03684, 120, 0, 0, 0, ''),
(@CGUID+1017, 16356, 0, -11144.7, -2994.87, 9.82344, 6.24828, 120, 0, 0, 0, ''),
(@CGUID+1018, 16356, 0, -11178.6, -3011.94, 7.4886, 5.49779, 120, 0, 0, 0, ''),
(@CGUID+1019, 16356, 0, -11412.8, -2791.76, 1.57174, 0.506145, 120, 0, 0, 0, ''),
(@CGUID+1020, 16356, 0, -11458.5, -2791.27, -1.29338, 6.24828, 120, 0, 0, 0, ''),
(@CGUID+1021, 16356, 0, -11458.5, -2835.28, -0.501001, 4.20625, 120, 0, 0, 0, ''),
(@CGUID+1022, 16356, 0, -11509.8, -3283.77, 8.013, 6.24828, 120, 0, 0, 0, ''),
(@CGUID+1023, 16356, 0, -11510.2, -3314.3, 8.31123, 1.37881, 120, 0, 0, 0, ''),
(@CGUID+1024, 16356, 0, -11521.2, -3300.12, 9.13522, 1.88495, 120, 0, 0, 0, ''),
(@CGUID+1025, 16356, 0, -11521.3, -3263.87, 7.51119, 5.53269, 120, 0, 0, 0, ''),
(@CGUID+1026, 16356, 0, -11523.9, -3245.55, 7.11017, 4.46804, 120, 0, 0, 0, ''),
(@CGUID+1027, 16356, 0, -11525.6, -3316.16, 8.15826, 0.506145, 120, 0, 0, 0, ''),
(@CGUID+1028, 16356, 0, -11452.7, -2810.38, -1.63872, 2.80997, 120, 0, 0, 0, ''),
(@CGUID+1029, 16356, 0, -11448.2, -2859.39, 0.904908, 3.14159, 120, 0, 0, 0, ''),
(@CGUID+1030, 16356, 0, -11443.4, -2783.43, -0.325569, 1.37881, 120, 0, 0, 0, ''),
(@CGUID+1031, 16356, 0, -11419.1, -2860.09, 1.96834, 1.88495, 120, 0, 0, 0, ''),
(@CGUID+1032, 16356, 0, -11424.0, -2838.84, 0.50487, 1.95477, 120, 0, 0, 0, ''),
(@CGUID+1033, 16356, 0, -11424.5, -2803.79, 0.722889, 0.715585, 120, 0, 0, 0, ''),
(@CGUID+1034, 16356, 0, -11426.9, -2783.61, 0.789475, 4.46804, 120, 0, 0, 0, ''),
(@CGUID+1035, 16356, 0, -11428.8, -2827.22, 0.264869, 2.23402, 120, 0, 0, 0, ''),
(@CGUID+1036, 16356, 0, -11435.1, -2813.19, -1.24098, 2.00713, 120, 0, 0, 0, ''),
(@CGUID+1037, 16356, 0, -11442.2, -2843.87, -0.296348, 4.06662, 120, 0, 0, 0, ''),
(@CGUID+1038, 16356, 0, -11443.2, -2825.79, -1.2147, 5.53269, 120, 0, 0, 0, ''),
(@CGUID+1039, 16356, 0, -11525.7, -3283.26, 8.72746, 2.00713, 120, 0, 0, 0, ''),
(@CGUID+1040, 16356, 0, -11534.7, -3327.86, 14.1548, 2.80997, 120, 0, 0, 0, ''),
(@CGUID+1041, 16356, 0, -11568.8, -3316.34, 9.62002, 1.85005, 120, 0, 0, 0, ''),
(@CGUID+1042, 16356, 0, -11571.2, -3270.33, 7.40802, 4.04917, 120, 0, 0, 0, ''),
(@CGUID+1043, 16356, 0, -11576.2, -3288.48, 9.07377, 5.49779, 120, 0, 0, 0, ''),
(@CGUID+1044, 16356, 0, -11577.8, -3253.41, 6.74885, 0.226893, 120, 0, 0, 0, ''),
(@CGUID+1045, 16356, 0, -11583.9, -3310.85, 8.08078, 4.06662, 120, 0, 0, 0, ''),
(@CGUID+1046, 16356, 0, -11585.3, -3275.69, 7.71706, 4.46804, 120, 0, 0, 0, ''),
(@CGUID+1047, 16356, 0, -11588.4, -3239.93, 7.05529, 3.14159, 120, 0, 0, 0, ''),
(@CGUID+1048, 16356, 0, -11591.7, -3259.07, 7.44409, 3.03684, 120, 0, 0, 0, ''),
(@CGUID+1049, 16356, 0, -11568.4, -3238.51, 6.11985, 4.03171, 120, 0, 0, 0, ''),
(@CGUID+1050, 16356, 0, -11562.0, -3254.91, 6.87348, 3.26377, 120, 0, 0, 0, ''),
(@CGUID+1051, 16356, 0, -11560.6, -3284.29, 7.74791, 1.8675, 120, 0, 0, 0, ''),
(@CGUID+1052, 16356, 0, -11538.1, -3304.59, 8.15991, 2.23402, 120, 0, 0, 0, ''),
(@CGUID+1053, 16356, 0, -11538.9, -3290.09, 8.57665, 5.63741, 120, 0, 0, 0, ''),
(@CGUID+1054, 16356, 0, -11539.6, -3276.42, 7.99829, 5.20108, 120, 0, 0, 0, ''),
(@CGUID+1055, 16356, 0, -11540.4, -3260.93, 7.04242, 1.95477, 120, 0, 0, 0, ''),
(@CGUID+1056, 16356, 0, -11546.3, -3245.86, 6.85342, 5.81195, 120, 0, 0, 0, ''),
(@CGUID+1057, 16356, 0, -11549.5, -3318.25, 9.25334, 1.09956, 120, 0, 0, 0, ''),
(@CGUID+1058, 16356, 0, -11554.3, -3269.97, 7.27003, 0.715585, 120, 0, 0, 0, ''),
(@CGUID+1059, 16356, 0, -11557.2, -3303.17, 9.34602, 4.04917, 120, 0, 0, 0, ''),
(@CGUID+1060, 16356, 0, -11591.7, -3294.08, 7.72112, 4.20625, 120, 0, 0, 0, ''),
(@CGUID+1061, 16356, 0, -11306.4, -3156.66, 6.39326, 0.226893, 120, 0, 0, 0, ''),
(@CGUID+1062, 16356, 0, -11343.4, -3110.82, -1.571, 3.03684, 120, 0, 0, 0, ''),
(@CGUID+1063, 16356, 0, -11345.2, -3184.88, 9.96713, 3.26377, 120, 0, 0, 0, ''),
(@CGUID+1064, 16356, 0, -11346.8, -3169.79, 10.8443, 5.63741, 120, 0, 0, 0, ''),
(@CGUID+1065, 16356, 0, -11351.4, -3135.15, 2.55729, 2.00713, 120, 0, 0, 0, ''),
(@CGUID+1066, 16356, 0, -11355.9, -3120.81, 2.03413, 1.85005, 120, 0, 0, 0, ''),
(@CGUID+1067, 16356, 0, -11359.4, -3191.0, 12.9642, 1.37881, 120, 0, 0, 0, ''),
(@CGUID+1068, 16356, 0, -11361.2, -3159.3, 8.87013, 1.8675, 120, 0, 0, 0, ''),
(@CGUID+1069, 16356, 0, -11361.3, -3143.44, 6.54761, 0.715585, 120, 0, 0, 0, ''),
(@CGUID+1070, 16356, 0, -11337.9, -3126.06, -1.45812, 1.88495, 120, 0, 0, 0, ''),
(@CGUID+1071, 16356, 0, -11336.0, -3156.0, 7.16726, 5.20108, 120, 0, 0, 0, ''),
(@CGUID+1072, 16356, 0, -11333.7, -3195.45, 9.97451, 4.46804, 120, 0, 0, 0, ''),
(@CGUID+1073, 16356, 0, -11306.5, -3119.29, -1.06902, 3.14159, 120, 0, 0, 0, ''),
(@CGUID+1074, 16356, 0, -11313.1, -3143.47, 5.6345, 0.506145, 120, 0, 0, 0, ''),
(@CGUID+1075, 16356, 0, -11318.2, -3184.48, 10.1433, 5.81195, 120, 0, 0, 0, ''),
(@CGUID+1076, 16356, 0, -11319.7, -3163.73, 7.40355, 6.24828, 120, 0, 0, 0, ''),
(@CGUID+1077, 16356, 0, -11320.6, -3127.99, -0.00666066, 4.46804, 120, 0, 0, 0, ''),
(@CGUID+1078, 16356, 0, -11324.3, -3115.12, -1.57099, 4.03171, 120, 0, 0, 0, ''),
(@CGUID+1079, 16356, 0, -11330.6, -3141.88, 6.51639, 2.23402, 120, 0, 0, 0, ''),
(@CGUID+1080, 16356, 0, -11331.3, -3174.08, 8.75502, 4.04917, 120, 0, 0, 0, ''),
(@CGUID+1081, 16356, 0, -11362.9, -3174.96, 10.6151, 4.04917, 120, 0, 0, 0, ''),
(@CGUID+1082, 16356, 0, -11364.6, -3129.79, 5.75585, 5.53269, 120, 0, 0, 0, ''),
(@CGUID+1083, 16356, 0, -11388.5, -2857.65, 3.03795, 4.03171, 120, 0, 0, 0, ''),
(@CGUID+1084, 16356, 0, -11389.1, -2836.06, -2.25091, 3.26377, 120, 0, 0, 0, ''),
(@CGUID+1085, 16356, 0, -11392.3, -2813.08, -2.27471, 1.8675, 120, 0, 0, 0, ''),
(@CGUID+1086, 16356, 0, -11393.4, -2789.38, 3.18945, 1.85005, 120, 0, 0, 0, ''),
(@CGUID+1087, 16356, 0, -11399.7, -2827.16, -2.43278, 4.04917, 120, 0, 0, 0, ''),
(@CGUID+1088, 16356, 0, -11405.1, -2846.84, -2.72865, 3.03684, 120, 0, 0, 0, ''),
(@CGUID+1089, 16356, 0, -11409.1, -2774.37, 2.76715, 5.81195, 120, 0, 0, 0, ''),
(@CGUID+1090, 16356, 0, -11409.4, -2807.62, -2.2806, 5.20108, 120, 0, 0, 0, ''),
(@CGUID+1091, 16356, 0, -11411.0, -2832.68, -2.81856, 5.63741, 120, 0, 0, 0, ''),
(@CGUID+1092, 16356, 0, -11387.6, -2775.46, 3.7363, 0.226893, 120, 0, 0, 0, ''),
(@CGUID+1093, 16356, 0, -11380.6, -2824.51, -2.15952, 4.04917, 120, 0, 0, 0, ''),
(@CGUID+1094, 16356, 0, -11370.2, -3108.52, 3.10605, 4.20625, 120, 0, 0, 0, ''),
(@CGUID+1095, 16356, 0, -11372.4, -3151.96, 9.45155, 1.95477, 120, 0, 0, 0, ''),
(@CGUID+1096, 16356, 0, -11373.6, -2804.95, 3.71653, 1.09956, 120, 0, 0, 0, ''),
(@CGUID+1097, 16356, 0, -11374.0, -2842.94, 4.32663, 5.49779, 120, 0, 0, 0, ''),
(@CGUID+1098, 16356, 0, -11375.2, -3166.46, 11.8, 5.49779, 120, 0, 0, 0, ''),
(@CGUID+1099, 16356, 0, -11375.5, -2787.37, 3.76548, 4.46804, 120, 0, 0, 0, ''),
(@CGUID+1100, 16356, 0, -11376.8, -3139.34, 7.8165, 1.09956, 120, 0, 0, 0, ''),
(@CGUID+1101, 16356, 0, -11377.2, -3123.76, 5.38044, 4.06662, 120, 0, 0, 0, ''),
(@CGUID+1102, 16356, 0, -11378.0, -3184.08, 13.2359, 2.80997, 120, 0, 0, 0, ''),
(@CGUID+1103, 16386, 0, -11090.6, -2803.51, 67.0964, 0.279253, 120, 0, 0, 0, ''),
(@CGUID+1104, 16386, 0, -11201.1, -2930.16, 76.1435, 4.10152, 120, 0, 0, 0, ''),
(@CGUID+1105, 16386, 0, -11297.2, -3340.3, 41.148, 6.0912, 120, 0, 0, 0, ''),
(@CGUID+1106, 16386, 0, -11362.7, -2824.68, 59.6948, 3.00197, 120, 0, 0, 0, ''),
(@CGUID+1107, 16386, 0, -11371.4, -3223.08, 52.8462, 1.23918, 120, 0, 0, 0, ''),
(@CGUID+1108, 16386, 0, -11498.7, -3294.72, 43.3584, 2.89725, 120, 0, 0, 0, ''),
(@CGUID+1109, 16398, 0, -11163.2, -2823.37, 128.413, 0.279253, 120, 0, 0, 0, ''),
(@CGUID+1110, 16398, 0, -11215.6, -2890.43, 124.73, 5.07891, 120, 0, 0, 0, ''),
(@CGUID+1111, 16398, 0, -11296.2, -2834.15, 124.322, 3.00197, 120, 0, 0, 0, ''),
(@CGUID+1112, 16398, 0, -11343.3, -3330.49, 68.0946, 6.07375, 120, 0, 0, 0, ''),
(@CGUID+1113, 16398, 0, -11395.4, -3298.51, 98.6445, 1.309, 120, 0, 0, 0, ''),
(@CGUID+1114, 16398, 0, -11472.5, -3300.64, 62.1611, 2.9147, 120, 0, 0, 0, ''),
-- (@CGUID+1115, 16995, 0, -11429.3, -3327.82, 7.73628, 1.0821, 120, 0, 0, 0, ''),
(@CGUID+1116, 16401, 0, -11402.1, -3316.55, 111.272, 4.46804, 120, 0, 0, 0, ''),
(@CGUID+1117, 16401, 0, -11233.9, -2841.77, 185.686, 4.45059, 120, 0, 0, 0, ''),
(@CGUID+1118, 16421, 0, -11402.1, -3316.55, 111.272, 4.46804, 120, 0, 0, 0, ''),
(@CGUID+1119, 16421, 0, -11233.9, -2841.77, 185.686, 4.45059, 120, 0, 0, 0, '');
DELETE FROM `game_event_creature` WHERE `eventEntry` = @scourge_blasted_lands AND `guid` BETWEEN @CGUID+935 AND @CGUID+1119;
INSERT INTO `game_event_creature` (`eventEntry`, `guid`) VALUES
(@scourge_blasted_lands, @CGUID+935),
(@scourge_blasted_lands, @CGUID+936),
(@scourge_blasted_lands, @CGUID+937),
(@scourge_blasted_lands, @CGUID+938),
(@scourge_blasted_lands, @CGUID+939),
(@scourge_blasted_lands, @CGUID+940),
(@scourge_blasted_lands, @CGUID+941),
(@scourge_blasted_lands, @CGUID+942),
(@scourge_blasted_lands, @CGUID+943),
(@scourge_blasted_lands, @CGUID+944),
(@scourge_blasted_lands, @CGUID+945),
(@scourge_blasted_lands, @CGUID+946),
(@scourge_blasted_lands, @CGUID+947),
(@scourge_blasted_lands, @CGUID+948),
(@scourge_blasted_lands, @CGUID+949),
(@scourge_blasted_lands, @CGUID+950),
(@scourge_blasted_lands, @CGUID+951),
(@scourge_blasted_lands, @CGUID+952),
(@scourge_blasted_lands, @CGUID+953),
(@scourge_blasted_lands, @CGUID+954),
(@scourge_blasted_lands, @CGUID+955),
(@scourge_blasted_lands, @CGUID+956),
(@scourge_blasted_lands, @CGUID+957),
(@scourge_blasted_lands, @CGUID+958),
(@scourge_blasted_lands, @CGUID+959),
(@scourge_blasted_lands, @CGUID+960),
(@scourge_blasted_lands, @CGUID+961),
(@scourge_blasted_lands, @CGUID+962),
(@scourge_blasted_lands, @CGUID+963),
(@scourge_blasted_lands, @CGUID+964),
(@scourge_blasted_lands, @CGUID+965),
(@scourge_blasted_lands, @CGUID+966),
(@scourge_blasted_lands, @CGUID+967),
(@scourge_blasted_lands, @CGUID+968),
(@scourge_blasted_lands, @CGUID+969),
(@scourge_blasted_lands, @CGUID+970),
(@scourge_blasted_lands, @CGUID+971),
(@scourge_blasted_lands, @CGUID+972),
(@scourge_blasted_lands, @CGUID+973),
(@scourge_blasted_lands, @CGUID+974),
(@scourge_blasted_lands, @CGUID+975),
(@scourge_blasted_lands, @CGUID+976),
(@scourge_blasted_lands, @CGUID+977),
(@scourge_blasted_lands, @CGUID+978),
(@scourge_blasted_lands, @CGUID+979),
(@scourge_blasted_lands, @CGUID+980),
(@scourge_blasted_lands, @CGUID+981),
(@scourge_blasted_lands, @CGUID+982),
(@scourge_blasted_lands, @CGUID+983),
(@scourge_blasted_lands, @CGUID+984),
(@scourge_blasted_lands, @CGUID+985),
(@scourge_blasted_lands, @CGUID+986),
(@scourge_blasted_lands, @CGUID+987),
(@scourge_blasted_lands, @CGUID+988),
(@scourge_blasted_lands, @CGUID+989),
(@scourge_blasted_lands, @CGUID+990),
(@scourge_blasted_lands, @CGUID+991),
(@scourge_blasted_lands, @CGUID+992),
(@scourge_blasted_lands, @CGUID+993),
(@scourge_blasted_lands, @CGUID+994),
(@scourge_blasted_lands, @CGUID+995),
(@scourge_blasted_lands, @CGUID+996),
(@scourge_blasted_lands, @CGUID+997),
(@scourge_blasted_lands, @CGUID+998),
(@scourge_blasted_lands, @CGUID+999),
(@scourge_blasted_lands, @CGUID+1000),
(@scourge_blasted_lands, @CGUID+1001),
(@scourge_blasted_lands, @CGUID+1002),
(@scourge_blasted_lands, @CGUID+1003),
(@scourge_blasted_lands, @CGUID+1004),
(@scourge_blasted_lands, @CGUID+1005),
(@scourge_blasted_lands, @CGUID+1006),
(@scourge_blasted_lands, @CGUID+1007),
(@scourge_blasted_lands, @CGUID+1008),
(@scourge_blasted_lands, @CGUID+1009),
(@scourge_blasted_lands, @CGUID+1010),
(@scourge_blasted_lands, @CGUID+1011),
(@scourge_blasted_lands, @CGUID+1012),
(@scourge_blasted_lands, @CGUID+1013),
(@scourge_blasted_lands, @CGUID+1014),
(@scourge_blasted_lands, @CGUID+1015),
(@scourge_blasted_lands, @CGUID+1016),
(@scourge_blasted_lands, @CGUID+1017),
(@scourge_blasted_lands, @CGUID+1018),
(@scourge_blasted_lands, @CGUID+1019),
(@scourge_blasted_lands, @CGUID+1020),
(@scourge_blasted_lands, @CGUID+1021),
(@scourge_blasted_lands, @CGUID+1022),
(@scourge_blasted_lands, @CGUID+1023),
(@scourge_blasted_lands, @CGUID+1024),
(@scourge_blasted_lands, @CGUID+1025),
(@scourge_blasted_lands, @CGUID+1026),
(@scourge_blasted_lands, @CGUID+1027),
(@scourge_blasted_lands, @CGUID+1028),
(@scourge_blasted_lands, @CGUID+1029),
(@scourge_blasted_lands, @CGUID+1030),
(@scourge_blasted_lands, @CGUID+1031),
(@scourge_blasted_lands, @CGUID+1032),
(@scourge_blasted_lands, @CGUID+1033),
(@scourge_blasted_lands, @CGUID+1034),
(@scourge_blasted_lands, @CGUID+1035),
(@scourge_blasted_lands, @CGUID+1036),
(@scourge_blasted_lands, @CGUID+1037),
(@scourge_blasted_lands, @CGUID+1038),
(@scourge_blasted_lands, @CGUID+1039),
(@scourge_blasted_lands, @CGUID+1040),
(@scourge_blasted_lands, @CGUID+1041),
(@scourge_blasted_lands, @CGUID+1042),
(@scourge_blasted_lands, @CGUID+1043),
(@scourge_blasted_lands, @CGUID+1044),
(@scourge_blasted_lands, @CGUID+1045),
(@scourge_blasted_lands, @CGUID+1046),
(@scourge_blasted_lands, @CGUID+1047),
(@scourge_blasted_lands, @CGUID+1048),
(@scourge_blasted_lands, @CGUID+1049),
(@scourge_blasted_lands, @CGUID+1050),
(@scourge_blasted_lands, @CGUID+1051),
(@scourge_blasted_lands, @CGUID+1052),
(@scourge_blasted_lands, @CGUID+1053),
(@scourge_blasted_lands, @CGUID+1054),
(@scourge_blasted_lands, @CGUID+1055),
(@scourge_blasted_lands, @CGUID+1056),
(@scourge_blasted_lands, @CGUID+1057),
(@scourge_blasted_lands, @CGUID+1058),
(@scourge_blasted_lands, @CGUID+1059),
(@scourge_blasted_lands, @CGUID+1060),
(@scourge_blasted_lands, @CGUID+1061),
(@scourge_blasted_lands, @CGUID+1062),
(@scourge_blasted_lands, @CGUID+1063),
(@scourge_blasted_lands, @CGUID+1064),
(@scourge_blasted_lands, @CGUID+1065),
(@scourge_blasted_lands, @CGUID+1066),
(@scourge_blasted_lands, @CGUID+1067),
(@scourge_blasted_lands, @CGUID+1068),
(@scourge_blasted_lands, @CGUID+1069),
(@scourge_blasted_lands, @CGUID+1070),
(@scourge_blasted_lands, @CGUID+1071),
(@scourge_blasted_lands, @CGUID+1072),
(@scourge_blasted_lands, @CGUID+1073),
(@scourge_blasted_lands, @CGUID+1074),
(@scourge_blasted_lands, @CGUID+1075),
(@scourge_blasted_lands, @CGUID+1076),
(@scourge_blasted_lands, @CGUID+1077),
(@scourge_blasted_lands, @CGUID+1078),
(@scourge_blasted_lands, @CGUID+1079),
(@scourge_blasted_lands, @CGUID+1080),
(@scourge_blasted_lands, @CGUID+1081),
(@scourge_blasted_lands, @CGUID+1082),
(@scourge_blasted_lands, @CGUID+1083),
(@scourge_blasted_lands, @CGUID+1084),
(@scourge_blasted_lands, @CGUID+1085),
(@scourge_blasted_lands, @CGUID+1086),
(@scourge_blasted_lands, @CGUID+1087),
(@scourge_blasted_lands, @CGUID+1088),
(@scourge_blasted_lands, @CGUID+1089),
(@scourge_blasted_lands, @CGUID+1090),
(@scourge_blasted_lands, @CGUID+1091),
(@scourge_blasted_lands, @CGUID+1092),
(@scourge_blasted_lands, @CGUID+1093),
(@scourge_blasted_lands, @CGUID+1094),
(@scourge_blasted_lands, @CGUID+1095),
(@scourge_blasted_lands, @CGUID+1096),
(@scourge_blasted_lands, @CGUID+1097),
(@scourge_blasted_lands, @CGUID+1098),
(@scourge_blasted_lands, @CGUID+1099),
(@scourge_blasted_lands, @CGUID+1100),
(@scourge_blasted_lands, @CGUID+1101),
(@scourge_blasted_lands, @CGUID+1102),
(@scourge_blasted_lands, @CGUID+1103),
(@scourge_blasted_lands, @CGUID+1104),
(@scourge_blasted_lands, @CGUID+1105),
(@scourge_blasted_lands, @CGUID+1106),
(@scourge_blasted_lands, @CGUID+1107),
(@scourge_blasted_lands, @CGUID+1108),
(@scourge_blasted_lands, @CGUID+1109),
(@scourge_blasted_lands, @CGUID+1110),
(@scourge_blasted_lands, @CGUID+1111),
(@scourge_blasted_lands, @CGUID+1112),
(@scourge_blasted_lands, @CGUID+1113),
(@scourge_blasted_lands, @CGUID+1114),
-- (@scourge_blasted_lands, @CGUID+1115),
(@scourge_blasted_lands, @CGUID+1116),
(@scourge_blasted_lands, @CGUID+1117),
(@scourge_blasted_lands, @CGUID+1118),
(@scourge_blasted_lands, @CGUID+1119);

DELETE FROM `creature` WHERE `guid` BETWEEN @CGUID+1120 AND @CGUID+1292 AND `id1` IN (16386, 16356, 16421, 16398, 16401);
INSERT INTO `creature` (`guid`, `id1`, `map`, `position_x`, `position_y`, `position_z`, `orientation`, `spawntimesecs`, `wander_distance`, `MovementType`, `VerifiedBuild`, `Comment`) VALUES
(@CGUID+1120, 16356, 0, 1966.54, -4717.01, 98.3666, 0.226893, 120, 0, 0, 0, ''),
(@CGUID+1121, 16356, 0, 1965.33, -5104.58, 84.9795, 3.26377, 120, 0, 0, 0, ''),
(@CGUID+1122, 16356, 0, 1965.17, -3119.4, 82.47, 4.04917, 120, 0, 0, 0, ''),
(@CGUID+1123, 16356, 0, 1961.65, -3086.94, 81.2841, 2.00713, 120, 0, 0, 0, ''),
(@CGUID+1124, 16356, 0, 1960.41, -5144.66, 74.0155, 1.8675, 120, 0, 0, 0, ''),
(@CGUID+1125, 16356, 0, 1960.3, -4754.93, 97.2724, 2.00713, 120, 0, 0, 0, ''),
(@CGUID+1126, 16356, 0, 1959.05, -5115.43, 80.9018, 2.23402, 120, 0, 0, 0, ''),
(@CGUID+1127, 16356, 0, 1967.54, -5156.13, 75.3015, 1.95477, 120, 0, 0, 0, ''),
(@CGUID+1128, 16356, 0, 1969.07, -3130.91, 84.8494, 4.46804, 120, 0, 0, 0, ''),
(@CGUID+1129, 16356, 0, 1970.84, -5116.75, 83.369, 4.04917, 120, 0, 0, 0, ''),
(@CGUID+1130, 16356, 0, 1971.79, -3107.76, 82.1643, 4.04917, 120, 0, 0, 0, ''),
(@CGUID+1131, 16356, 0, 1972.56, -5094.81, 87.8344, 4.46804, 120, 0, 0, 0, ''),
(@CGUID+1132, 16356, 0, 1972.73, -3093.22, 81.4991, 2.23402, 120, 0, 0, 0, ''),
(@CGUID+1133, 16356, 0, 1973.04, -5169.46, 79.5659, 4.06662, 120, 0, 0, 0, ''),
(@CGUID+1134, 16356, 0, 1973.19, -5143.4, 77.7543, 0.715585, 120, 0, 0, 0, ''),
(@CGUID+1135, 16356, 0, 1973.42, -3082.14, 77.2806, 1.09956, 120, 0, 0, 0, ''),
(@CGUID+1136, 16356, 0, 1957.9, -3125.03, 87.3232, 5.53269, 120, 0, 0, 0, ''),
(@CGUID+1137, 16356, 0, 1957.71, -5164.12, 78.0502, 1.85005, 120, 0, 0, 0, ''),
(@CGUID+1138, 16356, 0, 1957.29, -5095.38, 87.063, 5.81195, 120, 0, 0, 0, ''),
(@CGUID+1139, 16356, 0, 1941.83, -3111.62, 88.3198, 5.63741, 120, 0, 0, 0, ''),
(@CGUID+1140, 16356, 0, 1942.3, -4798.79, 99.2277, 1.85005, 120, 0, 0, 0, ''),
(@CGUID+1141, 16356, 0, 1942.91, -3099.65, 86.0871, 5.20108, 120, 0, 0, 0, ''),
(@CGUID+1142, 16356, 0, 1945.33, -4746.02, 96.7858, 5.20109, 120, 0, 0, 0, ''),
(@CGUID+1143, 16356, 0, 1945.81, -3120.04, 90.1894, 1.88495, 120, 0, 0, 0, ''),
(@CGUID+1144, 16356, 0, 1946.28, -5116.19, 79.0226, 2.00713, 120, 0, 0, 0, ''),
(@CGUID+1145, 16356, 0, 1946.92, -3085.17, 82.5324, 1.8675, 120, 0, 0, 0, ''),
(@CGUID+1146, 16356, 0, 1947.12, -5129.18, 74.6231, 5.20108, 120, 0, 0, 0, ''),
(@CGUID+1147, 16356, 0, 1947.14, -5142.58, 73.7133, 5.63741, 120, 0, 0, 0, ''),
(@CGUID+1148, 16356, 0, 1947.81, -3067.52, 78.5057, 4.46804, 120, 0, 0, 0, ''),
(@CGUID+1149, 16356, 0, 1948.49, -3130.42, 91.1517, 0.226893, 120, 0, 0, 0, ''),
(@CGUID+1150, 16356, 0, 1950.57, -5105.44, 83.4558, 6.24828, 120, 0, 0, 0, ''),
(@CGUID+1151, 16356, 0, 1951.62, -5182.88, 75.7269, 3.14159, 120, 0, 0, 0, ''),
(@CGUID+1152, 16356, 0, 1952.13, -4767.6, 98.859, 2.23402, 120, 0, 0, 0, ''),
(@CGUID+1153, 16356, 0, 1952.47, -5154.08, 74.4785, 4.04917, 120, 0, 0, 0, ''),
(@CGUID+1154, 16356, 0, 1953.1, -3115.71, 86.7831, 0.715585, 120, 0, 0, 0, ''),
(@CGUID+1155, 16356, 0, 1954.47, -3079.95, 79.4626, 3.26377, 120, 0, 0, 0, ''),
(@CGUID+1156, 16356, 0, 1976.3, -3117.37, 79.6319, 1.95477, 120, 0, 0, 0, ''),
(@CGUID+1157, 16356, 0, 1976.63, -4751.14, 95.7854, 5.49779, 120, 0, 0, 0, ''),
(@CGUID+1158, 16356, 0, 2304.92, -4950.09, 77.5079, 2.00713, 120, 0, 0, 0, ''),
(@CGUID+1159, 16356, 0, 2308.03, -4891.65, 96.8087, 1.95477, 120, 0, 0, 0, ''),
(@CGUID+1160, 16356, 0, 2317.52, -4917.48, 86.1716, 0.715585, 120, 0, 0, 0, ''),
(@CGUID+1161, 16356, 0, 2319.81, -4995.46, 73.668, 4.20625, 120, 0, 0, 0, ''),
(@CGUID+1162, 16356, 0, 2322.73, -4955.73, 74.6833, 1.8675, 120, 0, 0, 0, ''),
(@CGUID+1163, 16356, 0, 2325.54, -4973.26, 72.068, 3.26377, 120, 0, 0, 0, ''),
(@CGUID+1164, 16356, 0, 2328.11, -4937.05, 78.605, 5.20108, 120, 0, 0, 0, ''),
(@CGUID+1165, 16356, 0, 2333.36, -4921.62, 78.8639, 5.63741, 120, 0, 0, 0, ''),
(@CGUID+1166, 16356, 0, 2333.59, -4907.31, 79.932, 5.53269, 120, 0, 0, 0, ''),
(@CGUID+1167, 16356, 0, 2338.23, -4951.55, 72.1418, 0.506145, 120, 0, 0, 0, ''),
(@CGUID+1168, 16356, 0, 2342.1, -4966.08, 70.4122, 1.09956, 120, 0, 0, 0, ''),
(@CGUID+1169, 16356, 0, 2342.53, -4932.7, 74.7631, 1.88495, 120, 0, 0, 0, ''),
(@CGUID+1170, 16356, 0, 2348.67, -4913.01, 74.6708, 6.24828, 120, 0, 0, 0, ''),
(@CGUID+1171, 16356, 0, 2348.91, -4896.29, 78.0656, 1.37881, 120, 0, 0, 0, ''),
(@CGUID+1172, 16356, 0, 2353.36, -4948.53, 72.1315, 1.85005, 120, 0, 0, 0, ''),
(@CGUID+1173, 16356, 0, 2358.82, -4966.1, 70.6148, 2.80997, 120, 0, 0, 0, ''),
(@CGUID+1174, 16356, 0, 2362.78, -4922.81, 73.5862, 4.46804, 120, 0, 0, 0, ''),
(@CGUID+1175, 16356, 0, 2303.51, -4924.88, 88.2932, 4.04917, 120, 0, 0, 0, ''),
(@CGUID+1176, 16356, 0, 2300.33, -4909.28, 96.9081, 4.04917, 120, 0, 0, 0, ''),
(@CGUID+1177, 16356, 0, 1978.7, -5104.94, 88.0376, 1.09956, 120, 0, 0, 0, ''),
(@CGUID+1178, 16356, 0, 1979.44, -5155.38, 77.7833, 4.46804, 120, 0, 0, 0, ''),
(@CGUID+1179, 16356, 0, 1982.26, -3130.7, 82.4981, 1.37881, 120, 0, 0, 0, ''),
(@CGUID+1180, 16356, 0, 1983.41, -3107.48, 79.13, 1.85005, 120, 0, 0, 0, ''),
(@CGUID+1181, 16356, 0, 1985.02, -4733.8, 98.0468, 4.46804, 120, 0, 0, 0, ''),
(@CGUID+1182, 16356, 0, 1986.43, -5137.69, 83.5169, 1.37881, 120, 0, 0, 0, ''),
(@CGUID+1183, 16356, 0, 1987.22, -3089.93, 78.7242, 5.81195, 120, 0, 0, 0, ''),
(@CGUID+1184, 16356, 0, 1987.54, -3073.56, 75.334, 3.14159, 120, 0, 0, 0, ''),
(@CGUID+1185, 16356, 0, 1988.02, -4748.86, 97.1419, 5.97208, 120, 0, 0, 0, ''),
(@CGUID+1186, 16356, 0, 1993.22, -3117.53, 75.8745, 2.80997, 120, 0, 0, 0, ''),
(@CGUID+1187, 16356, 0, 1998.26, -3100.47, 76.1631, 4.06662, 120, 0, 0, 0, ''),
(@CGUID+1188, 16356, 0, 2287.74, -4912.95, 98.9361, 0.226893, 120, 0, 0, 0, ''),
(@CGUID+1189, 16356, 0, 2289.91, -4894.23, 105.882, 5.81195, 120, 0, 0, 0, ''),
(@CGUID+1190, 16356, 0, 2296.32, -4938.82, 82.8966, 2.23402, 120, 0, 0, 0, ''),
(@CGUID+1191, 16356, 0, 2297.14, -4990.14, 73.9808, 5.49779, 120, 0, 0, 0, ''),
(@CGUID+1192, 16356, 0, 2366.47, -4908.5, 76.7359, 4.46804, 120, 0, 0, 0, ''),
(@CGUID+1193, 16356, 0, 1571.33, -3029.47, 81.6105, 0.226893, 120, 0, 0, 0, ''),
(@CGUID+1194, 16356, 0, 1756.27, -2838.5, 71.8524, 4.46804, 120, 0, 0, 0, ''),
(@CGUID+1195, 16356, 0, 1764.52, -2853.84, 71.4485, 6.24828, 120, 0, 0, 0, ''),
(@CGUID+1196, 16356, 0, 1764.65, -2870.41, 73.6183, 4.46804, 120, 0, 0, 0, ''),
(@CGUID+1197, 16356, 0, 1770.04, -2833.66, 69.1137, 5.49779, 120, 0, 0, 0, ''),
(@CGUID+1198, 16356, 0, 1776.72, -2847.62, 68.0293, 3.26377, 120, 0, 0, 0, ''),
(@CGUID+1199, 16356, 0, 1776.73, -2862.17, 69.8869, 0.506145, 120, 0, 0, 0, ''),
(@CGUID+1200, 16356, 0, 1783.63, -2797.31, 69.6425, 4.06662, 120, 0, 0, 0, ''),
(@CGUID+1201, 16356, 0, 1784.81, -2827.16, 68.9084, 1.09956, 120, 0, 0, 0, ''),
(@CGUID+1202, 16356, 0, 1788.41, -2854.86, 69.5864, 5.63741, 120, 0, 0, 0, ''),
(@CGUID+1203, 16356, 0, 1789.62, -2811.81, 69.1659, 1.85005, 120, 0, 0, 0, ''),
(@CGUID+1204, 16356, 0, 1790.0, -2870.0, 69.488, 2.00713, 120, 0, 0, 0, ''),
(@CGUID+1205, 16356, 0, 1790.67, -2839.55, 67.9582, 5.20108, 120, 0, 0, 0, ''),
(@CGUID+1206, 16356, 0, 1796.8, -2883.29, 69.08, 5.81195, 120, 0, 0, 0, ''),
(@CGUID+1207, 16356, 0, 1800.43, -2858.79, 68.4132, 1.8675, 120, 0, 0, 0, ''),
(@CGUID+1208, 16356, 0, 1806.57, -2895.59, 71.0175, 3.14159, 120, 0, 0, 0, ''),
(@CGUID+1209, 16356, 0, 1807.25, -2871.81, 68.1865, 5.53269, 120, 0, 0, 0, ''),
(@CGUID+1210, 16356, 0, 1808.64, -2810.6, 71.4553, 2.23402, 120, 0, 0, 0, ''),
(@CGUID+1211, 16356, 0, 1754.28, -2822.62, 69.5536, 4.20625, 120, 0, 0, 0, ''),
(@CGUID+1212, 16356, 0, 1639.01, -3033.52, 80.0769, 1.37881, 120, 0, 0, 0, ''),
(@CGUID+1213, 16356, 0, 1573.15, -3015.96, 82.5453, 3.03684, 120, 0, 0, 0, ''),
(@CGUID+1214, 16356, 0, 1577.9, -3040.05, 80.2832, 5.53269, 120, 0, 0, 0, ''),
(@CGUID+1215, 16356, 0, 1585.47, -3047.95, 81.0597, 0.715585, 120, 0, 0, 0, ''),
(@CGUID+1216, 16356, 0, 1587.5, -3057.86, 80.5577, 1.88495, 120, 0, 0, 0, ''),
(@CGUID+1217, 16356, 0, 1588.02, -3035.67, 79.5394, 1.8675, 120, 0, 0, 0, ''),
(@CGUID+1218, 16356, 0, 1591.62, -3023.66, 79.6951, 5.63741, 120, 0, 0, 0, ''),
(@CGUID+1219, 16356, 0, 1596.86, -3051.43, 80.3504, 2.00713, 120, 0, 0, 0, ''),
(@CGUID+1220, 16356, 0, 1601.55, -3062.51, 79.5382, 0.506145, 120, 0, 0, 0, ''),
(@CGUID+1221, 16356, 0, 1609.52, -3080.49, 78.5546, 4.20625, 120, 0, 0, 0, ''),
(@CGUID+1222, 16356, 0, 1610.03, -3054.43, 77.6714, 2.23402, 120, 0, 0, 0, ''),
(@CGUID+1223, 16356, 0, 1612.26, -3020.53, 80.1317, 5.49779, 120, 0, 0, 0, ''),
(@CGUID+1224, 16356, 0, 1615.18, -3043.48, 77.9448, 4.04917, 120, 0, 0, 0, ''),
(@CGUID+1225, 16356, 0, 1616.92, -3032.24, 77.9181, 4.04917, 120, 0, 0, 0, ''),
(@CGUID+1226, 16356, 0, 1620.94, -3053.08, 78.5073, 6.24828, 120, 0, 0, 0, ''),
(@CGUID+1227, 16356, 0, 1625.65, -3040.63, 79.4046, 3.26377, 120, 0, 0, 0, ''),
(@CGUID+1228, 16356, 0, 1625.89, -3025.52, 78.6135, 4.46804, 120, 0, 0, 0, ''),
(@CGUID+1229, 16356, 0, 1627.02, -3068.68, 76.4933, 4.06662, 120, 0, 0, 0, ''),
(@CGUID+1230, 16356, 0, 1813.97, -2881.81, 70.605, 0.226893, 120, 0, 0, 0, ''),
(@CGUID+1231, 16356, 0, 1941.35, -4781.74, 98.7184, 4.04917, 120, 0, 0, 0, ''),
(@CGUID+1232, 16356, 0, 1925.22, -5146.31, 73.7998, 2.80997, 120, 0, 0, 0, ''),
(@CGUID+1233, 16356, 0, 1927.25, -3115.44, 89.5502, 4.20625, 120, 0, 0, 0, ''),
(@CGUID+1234, 16356, 0, 1927.37, -4775.64, 99.3061, 1.15499, 120, 0, 0, 0, ''),
(@CGUID+1235, 16356, 0, 1928.41, -4788.16, 101.161, 5.5327, 120, 0, 0, 0, ''),
(@CGUID+1236, 16356, 0, 1929.7, -4811.18, 106.314, 4.46804, 120, 0, 0, 0, ''),
(@CGUID+1237, 16356, 0, 1930.32, -3128.16, 92.3846, 3.03684, 120, 0, 0, 0, ''),
(@CGUID+1238, 16356, 0, 1932.12, -4738.85, 98.4199, 5.63741, 120, 0, 0, 0, ''),
(@CGUID+1239, 16356, 0, 1933.82, -3105.16, 87.6127, 0.506145, 120, 0, 0, 0, ''),
(@CGUID+1240, 16356, 0, 1934.48, -5106.6, 81.5771, 5.49779, 120, 0, 0, 0, ''),
(@CGUID+1241, 16356, 0, 1934.5, -3089.65, 85.2839, 6.24828, 120, 0, 0, 0, ''),
(@CGUID+1242, 16356, 0, 1936.21, -3078.9, 81.3924, 5.49779, 120, 0, 0, 0, ''),
(@CGUID+1243, 16356, 0, 1936.64, -5122.08, 77.2904, 0.506145, 120, 0, 0, 0, ''),
(@CGUID+1244, 16356, 0, 1937.51, -5136.48, 74.0787, 1.88495, 120, 0, 0, 0, ''),
(@CGUID+1245, 16356, 0, 1937.79, -5168.97, 73.8352, 0.226893, 120, 0, 0, 0, ''),
(@CGUID+1246, 16356, 0, 1937.89, -4727.84, 101.581, 6.24828, 120, 0, 0, 0, ''),
(@CGUID+1247, 16356, 0, 1938.22, -5153.89, 73.7006, 5.53269, 120, 0, 0, 0, ''),
(@CGUID+1248, 16356, 0, 1939.71, -5093.66, 85.3817, 4.20625, 120, 0, 0, 0, ''),
(@CGUID+1249, 16356, 0, 1923.5, -4796.78, 105.35, 1.09956, 120, 0, 0, 0, ''),
(@CGUID+1250, 16356, 0, 1922.56, -3092.55, 84.8936, 4.03171, 120, 0, 0, 0, ''),
(@CGUID+1251, 16356, 0, 1842.08, -2865.71, 83.0356, 2.80997, 120, 0, 0, 0, ''),
(@CGUID+1252, 16356, 0, 1836.86, -2846.55, 80.2934, 1.95477, 120, 0, 0, 0, ''),
(@CGUID+1253, 16356, 0, 1834.68, -2826.12, 80.1513, 4.04917, 120, 0, 0, 0, ''),
(@CGUID+1254, 16356, 0, 1832.86, -2799.42, 89.9933, 3.03684, 120, 0, 0, 0, ''),
(@CGUID+1255, 16356, 0, 1825.61, -2841.07, 77.8605, 0.715585, 120, 0, 0, 0, ''),
(@CGUID+1256, 16356, 0, 1824.64, -2815.49, 80.8515, 4.04917, 120, 0, 0, 0, ''),
(@CGUID+1257, 16356, 0, 1823.68, -2869.15, 72.6406, 1.88495, 120, 0, 0, 0, ''),
(@CGUID+1258, 16356, 0, 1818.12, -2792.36, 78.1475, 4.03171, 120, 0, 0, 0, ''),
(@CGUID+1259, 16356, 0, 1846.59, -2836.98, 78.5254, 1.37881, 120, 0, 0, 0, ''),
(@CGUID+1260, 16356, 0, 1900.38, -4771.46, 107.922, 1.88495, 120, 0, 0, 0, ''),
(@CGUID+1261, 16356, 0, 1921.88, -4755.47, 98.8025, 1.8675, 120, 0, 0, 0, ''),
(@CGUID+1262, 16356, 0, 1919.65, -4726.78, 103.351, 3.26377, 120, 0, 0, 0, ''),
(@CGUID+1263, 16356, 0, 1918.46, -5104.83, 78.6254, 3.03684, 120, 0, 0, 0, ''),
(@CGUID+1264, 16356, 0, 1916.43, -4800.17, 108.368, 3.94112, 120, 0, 0, 0, ''),
(@CGUID+1265, 16356, 0, 1914.86, -4768.54, 102.673, 0.715585, 120, 0, 0, 0, ''),
(@CGUID+1266, 16356, 0, 1910.36, -4804.91, 113.312, 3.23939, 120, 0, 0, 0, ''),
(@CGUID+1267, 16356, 0, 1908.37, -4756.09, 103.381, 1.95477, 120, 0, 0, 0, ''),
(@CGUID+1268, 16356, 0, 1901.73, -4804.16, 117.785, 5.81195, 120, 0, 0, 0, ''),
(@CGUID+1269, 16386, 0, 2233.62, -4933.13, 112.119, 2.60054, 120, 0, 0, 0, ''),
(@CGUID+1270, 16386, 0, 2006.85, -5044.05, 112.968, 2.60054, 120, 0, 0, 0, ''),
(@CGUID+1271, 16386, 0, 2000.8, -4824.39, 125.672, 2.60054, 120, 0, 0, 0, ''),
(@CGUID+1272, 16386, 0, 1900.86, -3088.09, 103.535, 2.60054, 120, 0, 0, 0, ''),
(@CGUID+1273, 16386, 0, 1792.28, -2899.8, 81.2749, 2.60054, 120, 0, 0, 0, ''),
(@CGUID+1274, 16386, 0, 1655.07, -3034.06, 91.5934, 2.60054, 120, 0, 0, 0, ''),
(@CGUID+1275, 16398, 0, 2148.52, -4933.43, 141.273, 4.10152, 120, 0, 0, 0, ''),
(@CGUID+1276, 16398, 0, 2060.0, -4967.85, 143.28, 4.10152, 120, 0, 0, 0, ''),
(@CGUID+1277, 16398, 0, 2057.19, -4887.02, 149.565, 4.10152, 120, 0, 0, 0, ''),
(@CGUID+1278, 16398, 0, 1833.31, -3066.72, 107.489, 4.10152, 120, 0, 0, 0, ''),
(@CGUID+1279, 16398, 0, 1776.76, -2966.79, 98.8574, 4.10152, 120, 0, 0, 0, ''),
(@CGUID+1280, 16398, 0, 1716.76, -3033.74, 108.011, 4.10152, 120, 0, 0, 0, ''),
-- (@CGUID+1281, 16995, 0, 2014.55, -4934.52, 73.9846, 0.0698132, 120, 0, 0, 0, ''),
(@CGUID+1282, 16401, 0, 1766.67, -3033.34, 132.888, 5.18363, 120, 0, 0, 0, ''),
(@CGUID+1283, 16401, 0, 2101.69, -4930.03, 168.364, 1.0472, 120, 0, 0, 0, ''),
(@CGUID+1284, 16421, 0, 1766.67, -3033.34, 132.888, 5.18363, 120, 0, 0, 0, ''),
(@CGUID+1285, 16421, 0, 2101.69, -4930.03, 168.364, 1.0472, 120, 0, 0, 0, ''),
(@CGUID+1286, 16356, 0, 1635.26, -3052.03, 79.3638, 2.80997, 120, 0, 0, 0, ''),
(@CGUID+1287, 16356, 0, 1880.03, -4775.64, 118.908, 4.06662, 120, 0, 0, 0, ''),
(@CGUID+1288, 16356, 0, 1963.06, -4740.15, 96.6595, 0.506145, 120, 0, 0, 0, ''),
(@CGUID+1289, 16356, 0, 1983.9, -4803.06, 100.701, 3.14159, 120, 0, 0, 0, ''),
(@CGUID+1290, 16356, 0, 1997.14, -4768.31, 92.9923, 3.03684, 120, 0, 0, 0, ''),
(@CGUID+1291, 16356, 0, 1999.05, -4747.77, 96.9688, 4.03171, 120, 0, 0, 0, ''),
(@CGUID+1292, 16356, 0, 2343.07, -4984.65, 71.8132, 4.06663, 120, 0, 0, 0, '');
DELETE FROM `game_event_creature` WHERE `eventEntry` = @scourge_eastern_plaguelands AND `guid` BETWEEN @CGUID+1120 AND @CGUID+1292;
INSERT INTO `game_event_creature` (`eventEntry`, `guid`) VALUES
(@scourge_eastern_plaguelands, @CGUID+1120),
(@scourge_eastern_plaguelands, @CGUID+1121),
(@scourge_eastern_plaguelands, @CGUID+1122),
(@scourge_eastern_plaguelands, @CGUID+1123),
(@scourge_eastern_plaguelands, @CGUID+1124),
(@scourge_eastern_plaguelands, @CGUID+1125),
(@scourge_eastern_plaguelands, @CGUID+1126),
(@scourge_eastern_plaguelands, @CGUID+1127),
(@scourge_eastern_plaguelands, @CGUID+1128),
(@scourge_eastern_plaguelands, @CGUID+1129),
(@scourge_eastern_plaguelands, @CGUID+1130),
(@scourge_eastern_plaguelands, @CGUID+1131),
(@scourge_eastern_plaguelands, @CGUID+1132),
(@scourge_eastern_plaguelands, @CGUID+1133),
(@scourge_eastern_plaguelands, @CGUID+1134),
(@scourge_eastern_plaguelands, @CGUID+1135),
(@scourge_eastern_plaguelands, @CGUID+1136),
(@scourge_eastern_plaguelands, @CGUID+1137),
(@scourge_eastern_plaguelands, @CGUID+1138),
(@scourge_eastern_plaguelands, @CGUID+1139),
(@scourge_eastern_plaguelands, @CGUID+1140),
(@scourge_eastern_plaguelands, @CGUID+1141),
(@scourge_eastern_plaguelands, @CGUID+1142),
(@scourge_eastern_plaguelands, @CGUID+1143),
(@scourge_eastern_plaguelands, @CGUID+1144),
(@scourge_eastern_plaguelands, @CGUID+1145),
(@scourge_eastern_plaguelands, @CGUID+1146),
(@scourge_eastern_plaguelands, @CGUID+1147),
(@scourge_eastern_plaguelands, @CGUID+1148),
(@scourge_eastern_plaguelands, @CGUID+1149),
(@scourge_eastern_plaguelands, @CGUID+1150),
(@scourge_eastern_plaguelands, @CGUID+1151),
(@scourge_eastern_plaguelands, @CGUID+1152),
(@scourge_eastern_plaguelands, @CGUID+1153),
(@scourge_eastern_plaguelands, @CGUID+1154),
(@scourge_eastern_plaguelands, @CGUID+1155),
(@scourge_eastern_plaguelands, @CGUID+1156),
(@scourge_eastern_plaguelands, @CGUID+1157),
(@scourge_eastern_plaguelands, @CGUID+1158),
(@scourge_eastern_plaguelands, @CGUID+1159),
(@scourge_eastern_plaguelands, @CGUID+1160),
(@scourge_eastern_plaguelands, @CGUID+1161),
(@scourge_eastern_plaguelands, @CGUID+1162),
(@scourge_eastern_plaguelands, @CGUID+1163),
(@scourge_eastern_plaguelands, @CGUID+1164),
(@scourge_eastern_plaguelands, @CGUID+1165),
(@scourge_eastern_plaguelands, @CGUID+1166),
(@scourge_eastern_plaguelands, @CGUID+1167),
(@scourge_eastern_plaguelands, @CGUID+1168),
(@scourge_eastern_plaguelands, @CGUID+1169),
(@scourge_eastern_plaguelands, @CGUID+1170),
(@scourge_eastern_plaguelands, @CGUID+1171),
(@scourge_eastern_plaguelands, @CGUID+1172),
(@scourge_eastern_plaguelands, @CGUID+1173),
(@scourge_eastern_plaguelands, @CGUID+1174),
(@scourge_eastern_plaguelands, @CGUID+1175),
(@scourge_eastern_plaguelands, @CGUID+1176),
(@scourge_eastern_plaguelands, @CGUID+1177),
(@scourge_eastern_plaguelands, @CGUID+1178),
(@scourge_eastern_plaguelands, @CGUID+1179),
(@scourge_eastern_plaguelands, @CGUID+1180),
(@scourge_eastern_plaguelands, @CGUID+1181),
(@scourge_eastern_plaguelands, @CGUID+1182),
(@scourge_eastern_plaguelands, @CGUID+1183),
(@scourge_eastern_plaguelands, @CGUID+1184),
(@scourge_eastern_plaguelands, @CGUID+1185),
(@scourge_eastern_plaguelands, @CGUID+1186),
(@scourge_eastern_plaguelands, @CGUID+1187),
(@scourge_eastern_plaguelands, @CGUID+1188),
(@scourge_eastern_plaguelands, @CGUID+1189),
(@scourge_eastern_plaguelands, @CGUID+1190),
(@scourge_eastern_plaguelands, @CGUID+1191),
(@scourge_eastern_plaguelands, @CGUID+1192),
(@scourge_eastern_plaguelands, @CGUID+1193),
(@scourge_eastern_plaguelands, @CGUID+1194),
(@scourge_eastern_plaguelands, @CGUID+1195),
(@scourge_eastern_plaguelands, @CGUID+1196),
(@scourge_eastern_plaguelands, @CGUID+1197),
(@scourge_eastern_plaguelands, @CGUID+1198),
(@scourge_eastern_plaguelands, @CGUID+1199),
(@scourge_eastern_plaguelands, @CGUID+1200),
(@scourge_eastern_plaguelands, @CGUID+1201),
(@scourge_eastern_plaguelands, @CGUID+1202),
(@scourge_eastern_plaguelands, @CGUID+1203),
(@scourge_eastern_plaguelands, @CGUID+1204),
(@scourge_eastern_plaguelands, @CGUID+1205),
(@scourge_eastern_plaguelands, @CGUID+1206),
(@scourge_eastern_plaguelands, @CGUID+1207),
(@scourge_eastern_plaguelands, @CGUID+1208),
(@scourge_eastern_plaguelands, @CGUID+1209),
(@scourge_eastern_plaguelands, @CGUID+1210),
(@scourge_eastern_plaguelands, @CGUID+1211),
(@scourge_eastern_plaguelands, @CGUID+1212),
(@scourge_eastern_plaguelands, @CGUID+1213),
(@scourge_eastern_plaguelands, @CGUID+1214),
(@scourge_eastern_plaguelands, @CGUID+1215),
(@scourge_eastern_plaguelands, @CGUID+1216),
(@scourge_eastern_plaguelands, @CGUID+1217),
(@scourge_eastern_plaguelands, @CGUID+1218),
(@scourge_eastern_plaguelands, @CGUID+1219),
(@scourge_eastern_plaguelands, @CGUID+1220),
(@scourge_eastern_plaguelands, @CGUID+1221),
(@scourge_eastern_plaguelands, @CGUID+1222),
(@scourge_eastern_plaguelands, @CGUID+1223),
(@scourge_eastern_plaguelands, @CGUID+1224),
(@scourge_eastern_plaguelands, @CGUID+1225),
(@scourge_eastern_plaguelands, @CGUID+1226),
(@scourge_eastern_plaguelands, @CGUID+1227),
(@scourge_eastern_plaguelands, @CGUID+1228),
(@scourge_eastern_plaguelands, @CGUID+1229),
(@scourge_eastern_plaguelands, @CGUID+1230),
(@scourge_eastern_plaguelands, @CGUID+1231),
(@scourge_eastern_plaguelands, @CGUID+1232),
(@scourge_eastern_plaguelands, @CGUID+1233),
(@scourge_eastern_plaguelands, @CGUID+1234),
(@scourge_eastern_plaguelands, @CGUID+1235),
(@scourge_eastern_plaguelands, @CGUID+1236),
(@scourge_eastern_plaguelands, @CGUID+1237),
(@scourge_eastern_plaguelands, @CGUID+1238),
(@scourge_eastern_plaguelands, @CGUID+1239),
(@scourge_eastern_plaguelands, @CGUID+1240),
(@scourge_eastern_plaguelands, @CGUID+1241),
(@scourge_eastern_plaguelands, @CGUID+1242),
(@scourge_eastern_plaguelands, @CGUID+1243),
(@scourge_eastern_plaguelands, @CGUID+1244),
(@scourge_eastern_plaguelands, @CGUID+1245),
(@scourge_eastern_plaguelands, @CGUID+1246),
(@scourge_eastern_plaguelands, @CGUID+1247),
(@scourge_eastern_plaguelands, @CGUID+1248),
(@scourge_eastern_plaguelands, @CGUID+1249),
(@scourge_eastern_plaguelands, @CGUID+1250),
(@scourge_eastern_plaguelands, @CGUID+1251),
(@scourge_eastern_plaguelands, @CGUID+1252),
(@scourge_eastern_plaguelands, @CGUID+1253),
(@scourge_eastern_plaguelands, @CGUID+1254),
(@scourge_eastern_plaguelands, @CGUID+1255),
(@scourge_eastern_plaguelands, @CGUID+1256),
(@scourge_eastern_plaguelands, @CGUID+1257),
(@scourge_eastern_plaguelands, @CGUID+1258),
(@scourge_eastern_plaguelands, @CGUID+1259),
(@scourge_eastern_plaguelands, @CGUID+1260),
(@scourge_eastern_plaguelands, @CGUID+1261),
(@scourge_eastern_plaguelands, @CGUID+1262),
(@scourge_eastern_plaguelands, @CGUID+1263),
(@scourge_eastern_plaguelands, @CGUID+1264),
(@scourge_eastern_plaguelands, @CGUID+1265),
(@scourge_eastern_plaguelands, @CGUID+1266),
(@scourge_eastern_plaguelands, @CGUID+1267),
(@scourge_eastern_plaguelands, @CGUID+1268),
(@scourge_eastern_plaguelands, @CGUID+1269),
(@scourge_eastern_plaguelands, @CGUID+1270),
(@scourge_eastern_plaguelands, @CGUID+1271),
(@scourge_eastern_plaguelands, @CGUID+1272),
(@scourge_eastern_plaguelands, @CGUID+1273),
(@scourge_eastern_plaguelands, @CGUID+1274),
(@scourge_eastern_plaguelands, @CGUID+1275),
(@scourge_eastern_plaguelands, @CGUID+1276),
(@scourge_eastern_plaguelands, @CGUID+1277),
(@scourge_eastern_plaguelands, @CGUID+1278),
(@scourge_eastern_plaguelands, @CGUID+1279),
(@scourge_eastern_plaguelands, @CGUID+1280),
-- (@scourge_eastern_plaguelands, @CGUID+1281),
(@scourge_eastern_plaguelands, @CGUID+1282),
(@scourge_eastern_plaguelands, @CGUID+1283),
(@scourge_eastern_plaguelands, @CGUID+1284),
(@scourge_eastern_plaguelands, @CGUID+1285),
(@scourge_eastern_plaguelands, @CGUID+1286),
(@scourge_eastern_plaguelands, @CGUID+1287),
(@scourge_eastern_plaguelands, @CGUID+1288),
(@scourge_eastern_plaguelands, @CGUID+1289),
(@scourge_eastern_plaguelands, @CGUID+1290),
(@scourge_eastern_plaguelands, @CGUID+1291),
(@scourge_eastern_plaguelands, @CGUID+1292);

DELETE FROM `creature` WHERE `guid` BETWEEN @CGUID+1293 AND @CGUID+1472 AND `id1` IN (16386, 16356, 16421, 16398, 16401);
INSERT INTO `creature` (`guid`, `id1`, `map`, `position_x`, `position_y`, `position_z`, `orientation`, `spawntimesecs`, `wander_distance`, `MovementType`, `VerifiedBuild`, `Comment`) VALUES
(@CGUID+1293, 16356, 0, -8000.75, -985.283, 127.825, 1.09956, 120, 0, 0, 0, ''),
(@CGUID+1294, 16356, 0, -7756.19, -2210.4, 133.609, 2.80997, 120, 0, 0, 0, ''),
(@CGUID+1295, 16356, 0, -7762.09, -2256.11, 133.522, 4.46804, 120, 0, 0, 0, ''),
(@CGUID+1296, 16356, 0, -7764.27, -2231.68, 134.763, 1.88495, 120, 0, 0, 0, ''),
(@CGUID+1297, 16356, 0, -7768.15, -2244.1, 133.522, 5.81195, 120, 0, 0, 0, ''),
(@CGUID+1298, 16356, 0, -7942.9, -2434.35, 130.081, 4.20625, 120, 0, 0, 0, ''),
(@CGUID+1299, 16356, 0, -7953.56, -2426.47, 126.483, 0.226893, 120, 0, 0, 0, ''),
(@CGUID+1300, 16356, 0, -7954.89, -2411.8, 126.7, 5.81195, 120, 0, 0, 0, ''),
(@CGUID+1301, 16356, 0, -7955.28, -2440.49, 129.066, 4.46804, 120, 0, 0, 0, ''),
(@CGUID+1302, 16356, 0, -7754.92, -2243.28, 133.559, 0.506145, 120, 0, 0, 0, ''),
(@CGUID+1303, 16356, 0, -7753.04, -2220.56, 133.522, 5.53269, 120, 0, 0, 0, ''),
(@CGUID+1304, 16356, 0, -7739.1, -2263.74, 135.584, 3.26377, 120, 0, 0, 0, ''),
(@CGUID+1305, 16356, 0, -7741.34, -2222.07, 133.522, 5.20108, 120, 0, 0, 0, ''),
(@CGUID+1306, 16356, 0, -7743.51, -2240.18, 134.333, 1.8675, 120, 0, 0, 0, ''),
(@CGUID+1307, 16356, 0, -7744.63, -2199.94, 133.522, 4.06662, 120, 0, 0, 0, ''),
(@CGUID+1308, 16356, 0, -7745.01, -2211.63, 133.522, 1.95477, 120, 0, 0, 0, ''),
(@CGUID+1309, 16356, 0, -7748.55, -2253.08, 133.889, 6.24828, 120, 0, 0, 0, ''),
(@CGUID+1310, 16356, 0, -7749.98, -2230.43, 133.549, 5.63741, 120, 0, 0, 0, ''),
(@CGUID+1311, 16356, 0, -7752.77, -2269.4, 133.522, 1.37881, 120, 0, 0, 0, ''),
(@CGUID+1312, 16356, 0, -7958.5, -2455.63, 133.389, 1.85005, 120, 0, 0, 0, ''),
(@CGUID+1313, 16356, 0, -7964.2, -2404.19, 125.886, 4.46804, 120, 0, 0, 0, ''),
(@CGUID+1314, 16356, 0, -7983.29, -2466.48, 133.952, 3.03684, 120, 0, 0, 0, ''),
(@CGUID+1315, 16356, 0, -7986.28, -996.667, 130.558, 0.226893, 120, 0, 0, 0, ''),
(@CGUID+1316, 16356, 0, -7989.67, -2411.44, 124.287, 5.53269, 120, 0, 0, 0, ''),
(@CGUID+1317, 16356, 0, -7990.3, -2455.1, 132.799, 5.49779, 120, 0, 0, 0, ''),
(@CGUID+1318, 16356, 0, -7995.75, -2420.87, 127.493, 5.63741, 120, 0, 0, 0, ''),
(@CGUID+1319, 16356, 0, -7995.8, -2432.08, 130.865, 1.8675, 120, 0, 0, 0, ''),
(@CGUID+1320, 16356, 0, -7996.59, -2444.02, 132.116, 0.715585, 120, 0, 0, 0, ''),
(@CGUID+1321, 16356, 0, -7996.63, -1013.41, 131.867, 1.85005, 120, 0, 0, 0, ''),
(@CGUID+1322, 16356, 0, -7982.83, -2444.96, 131.372, 2.00713, 120, 0, 0, 0, ''),
(@CGUID+1323, 16356, 0, -7982.13, -958.83, 130.196, 5.81195, 120, 0, 0, 0, ''),
(@CGUID+1324, 16356, 0, -7966.7, -2434.54, 126.773, 4.04917, 120, 0, 0, 0, ''),
(@CGUID+1325, 16356, 0, -7967.0, -2421.33, 126.912, 4.04917, 120, 0, 0, 0, ''),
(@CGUID+1326, 16356, 0, -7968.86, -2445.95, 129.784, 2.23402, 120, 0, 0, 0, ''),
(@CGUID+1327, 16356, 0, -7974.29, -2411.05, 125.853, 1.95477, 120, 0, 0, 0, ''),
(@CGUID+1328, 16356, 0, -7974.82, -2456.0, 132.592, 1.09956, 120, 0, 0, 0, ''),
(@CGUID+1329, 16356, 0, -7978.5, -980.081, 130.28, 4.46804, 120, 0, 0, 0, ''),
(@CGUID+1330, 16356, 0, -7981.53, -2400.69, 123.693, 1.37881, 120, 0, 0, 0, ''),
(@CGUID+1331, 16356, 0, -7981.67, -2421.34, 127.498, 5.20108, 120, 0, 0, 0, ''),
(@CGUID+1332, 16356, 0, -7736.6, -2248.45, 135.77, 0.715585, 120, 0, 0, 0, ''),
(@CGUID+1333, 16356, 0, -7732.98, -2200.64, 133.522, 0.226893, 120, 0, 0, 0, ''),
(@CGUID+1334, 16356, 0, -7732.21, -2213.26, 133.522, 4.04917, 120, 0, 0, 0, ''),
(@CGUID+1335, 16356, 0, -7599.6, -2557.68, 133.46, 1.85005, 120, 0, 0, 0, ''),
(@CGUID+1336, 16356, 0, -7601.51, -2575.6, 134.627, 2.23402, 120, 0, 0, 0, ''),
(@CGUID+1337, 16356, 0, -7606.8, -2629.2, 134.006, 1.88495, 120, 0, 0, 0, ''),
(@CGUID+1338, 16356, 0, -7607.12, -2613.97, 134.21, 5.63741, 120, 0, 0, 0, ''),
(@CGUID+1339, 16356, 0, -7609.75, -2643.94, 135.102, 3.14159, 120, 0, 0, 0, ''),
(@CGUID+1340, 16356, 0, -7613.49, -2583.94, 132.551, 4.04917, 120, 0, 0, 0, ''),
(@CGUID+1341, 16356, 0, -7614.09, -2569.0, 132.293, 4.46804, 120, 0, 0, 0, ''),
(@CGUID+1342, 16356, 0, -7614.49, -2605.03, 133.224, 5.20108, 120, 0, 0, 0, ''),
(@CGUID+1343, 16356, 0, -7596.23, -2607.85, 136.089, 1.8675, 120, 0, 0, 0, ''),
(@CGUID+1344, 16356, 0, -7595.52, -2620.74, 135.202, 0.506145, 120, 0, 0, 0, ''),
(@CGUID+1345, 16356, 0, -7574.27, -2597.62, 138.662, 3.26377, 120, 0, 0, 0, ''),
(@CGUID+1346, 16356, 0, -7578.33, -2584.39, 137.647, 5.49779, 120, 0, 0, 0, ''),
(@CGUID+1347, 16356, 0, -7583.83, -2611.54, 137.273, 6.24828, 120, 0, 0, 0, ''),
(@CGUID+1348, 16356, 0, -7584.07, -2624.76, 136.432, 1.37881, 120, 0, 0, 0, ''),
(@CGUID+1349, 16356, 0, -7586.65, -2571.02, 134.666, 1.09956, 120, 0, 0, 0, ''),
(@CGUID+1350, 16356, 0, -7587.62, -2596.89, 138.436, 0.715585, 120, 0, 0, 0, ''),
(@CGUID+1351, 16356, 0, -7591.38, -2586.37, 137.663, 2.00713, 120, 0, 0, 0, ''),
(@CGUID+1352, 16356, 0, -7593.19, -2637.25, 134.726, 4.03171, 120, 0, 0, 0, ''),
(@CGUID+1353, 16356, 0, -7617.49, -2618.51, 132.388, 5.53269, 120, 0, 0, 0, ''),
(@CGUID+1354, 16356, 0, -7619.34, -2632.74, 132.442, 2.80997, 120, 0, 0, 0, ''),
(@CGUID+1355, 16356, 0, -7714.18, -2242.01, 138.917, 1.09956, 120, 0, 0, 0, ''),
(@CGUID+1356, 16356, 0, -7716.08, -2231.63, 136.743, 2.23402, 120, 0, 0, 0, ''),
(@CGUID+1357, 16356, 0, -7720.22, -2210.86, 133.522, 4.46804, 120, 0, 0, 0, ''),
(@CGUID+1358, 16356, 0, -7720.99, -2198.35, 133.522, 4.20625, 120, 0, 0, 0, ''),
(@CGUID+1359, 16356, 0, -7722.57, -2222.69, 134.566, 4.04917, 120, 0, 0, 0, ''),
(@CGUID+1360, 16356, 0, -7724.87, -2251.59, 138.604, 5.49779, 120, 0, 0, 0, ''),
(@CGUID+1361, 16356, 0, -7726.67, -2240.58, 137.086, 2.00713, 120, 0, 0, 0, ''),
(@CGUID+1362, 16356, 0, -7726.86, -2266.75, 139.26, 3.14159, 120, 0, 0, 0, ''),
(@CGUID+1363, 16356, 0, -7713.89, -2254.8, 140.417, 4.03171, 120, 0, 0, 0, ''),
(@CGUID+1364, 16356, 0, -7710.2, -2220.98, 135.435, 1.85005, 120, 0, 0, 0, ''),
(@CGUID+1365, 16356, 0, -7623.71, -2594.94, 132.243, 4.04917, 120, 0, 0, 0, ''),
(@CGUID+1366, 16356, 0, -7626.99, -2580.78, 132.126, 0.226893, 120, 0, 0, 0, ''),
(@CGUID+1367, 16356, 0, -7627.43, -2608.99, 132.801, 1.95477, 120, 0, 0, 0, ''),
(@CGUID+1368, 16356, 0, -7628.49, -2566.81, 133.167, 4.46804, 120, 0, 0, 0, ''),
(@CGUID+1369, 16356, 0, -7637.5, -2596.85, 133.659, 5.81195, 120, 0, 0, 0, ''),
(@CGUID+1370, 16356, 0, -7639.9, -2581.16, 133.687, 4.06662, 120, 0, 0, 0, ''),
(@CGUID+1371, 16356, 0, -7640.81, -2611.35, 134.295, 4.20625, 120, 0, 0, 0, ''),
(@CGUID+1372, 16356, 0, -7703.33, -2233.25, 138.695, 3.03684, 120, 0, 0, 0, ''),
(@CGUID+1373, 16356, 0, -7573.04, -2570.58, 135.373, 3.03684, 120, 0, 0, 0, ''),
(@CGUID+1374, 16356, 0, -8002.21, -959.982, 128.742, 5.49779, 120, 0, 0, 0, ''),
(@CGUID+1375, 16356, 0, -8434.59, -1251.75, 212.887, 3.14159, 120, 0, 0, 0, ''),
(@CGUID+1376, 16356, 0, -8385.5, -1216.21, 188.255, 4.46804, 120, 0, 0, 0, ''),
(@CGUID+1377, 16356, 0, -8387.62, -972.728, 190.48, 4.04917, 120, 0, 0, 0, ''),
(@CGUID+1378, 16356, 0, -8387.81, -1228.66, 190.961, 5.53269, 120, 0, 0, 0, ''),
(@CGUID+1379, 16356, 0, -8388.02, -984.879, 188.321, 6.24828, 120, 0, 0, 0, ''),
(@CGUID+1380, 16356, 0, -8389.59, -1238.51, 196.46, 4.04917, 120, 0, 0, 0, ''),
(@CGUID+1381, 16356, 0, -8393.72, -1254.68, 206.65, 4.04917, 120, 0, 0, 0, ''),
(@CGUID+1382, 16356, 0, -8393.84, -1264.77, 210.899, 5.49779, 120, 0, 0, 0, ''),
(@CGUID+1383, 16356, 0, -8397.75, -960.193, 197.608, 5.49779, 120, 0, 0, 0, ''),
(@CGUID+1384, 16356, 0, -8385.35, -959.903, 194.977, 4.04917, 120, 0, 0, 0, ''),
(@CGUID+1385, 16356, 0, -8384.74, -1274.93, 211.92, 4.06662, 120, 0, 0, 0, ''),
(@CGUID+1386, 16356, 0, -8374.22, -1288.5, 214.244, 4.03171, 120, 0, 0, 0, ''),
(@CGUID+1387, 16356, 0, -8374.31, -974.651, 188.325, 5.20108, 120, 0, 0, 0, ''),
(@CGUID+1388, 16356, 0, -8376.08, -989.427, 187.287, 0.506145, 120, 0, 0, 0, ''),
(@CGUID+1389, 16356, 0, -8376.3, -1242.36, 194.958, 1.95477, 120, 0, 0, 0, ''),
(@CGUID+1390, 16356, 0, -8379.6, -949.735, 198.216, 2.23402, 120, 0, 0, 0, ''),
(@CGUID+1391, 16356, 0, -8381.1, -1261.64, 204.694, 1.09956, 120, 0, 0, 0, ''),
(@CGUID+1392, 16356, 0, -8383.28, -939.714, 203.698, 0.226893, 120, 0, 0, 0, ''),
(@CGUID+1393, 16356, 0, -8383.68, -1250.24, 200.656, 2.23402, 120, 0, 0, 0, ''),
(@CGUID+1394, 16356, 0, -8398.03, -1215.75, 189.571, 1.85005, 120, 0, 0, 0, ''),
(@CGUID+1395, 16356, 0, -8398.1, -945.571, 204.354, 4.06662, 120, 0, 0, 0, ''),
(@CGUID+1396, 16356, 0, -8411.97, -1259.67, 212.583, 3.26377, 120, 0, 0, 0, ''),
(@CGUID+1397, 16356, 0, -8412.83, -1223.1, 192.778, 1.88495, 120, 0, 0, 0, ''),
(@CGUID+1398, 16356, 0, -8416.66, -1268.47, 217.223, 2.80997, 120, 0, 0, 0, ''),
(@CGUID+1399, 16356, 0, -8417.09, -1242.56, 202.798, 5.63741, 120, 0, 0, 0, ''),
(@CGUID+1400, 16356, 0, -8417.78, -982.665, 193.693, 3.14159, 120, 0, 0, 0, ''),
(@CGUID+1401, 16356, 0, -8420.82, -1250.93, 208.61, 6.24828, 120, 0, 0, 0, ''),
(@CGUID+1402, 16356, 0, -8422.15, -1230.22, 201.935, 0.506145, 120, 0, 0, 0, ''),
(@CGUID+1403, 16356, 0, -8430.69, -1236.92, 209.005, 0.226893, 120, 0, 0, 0, ''),
(@CGUID+1404, 16356, 0, -8411.01, -966.88, 197.595, 4.20625, 120, 0, 0, 0, ''),
(@CGUID+1405, 16356, 0, -8410.35, -950.937, 204.729, 3.03684, 120, 0, 0, 0, ''),
(@CGUID+1406, 16356, 0, -8399.72, -1231.35, 194.753, 5.20108, 120, 0, 0, 0, ''),
(@CGUID+1407, 16356, 0, -8401.44, -974.976, 192.589, 3.26377, 120, 0, 0, 0, ''),
(@CGUID+1408, 16356, 0, -8402.34, -1258.13, 210.17, 2.00713, 120, 0, 0, 0, ''),
(@CGUID+1409, 16356, 0, -8403.62, -990.62, 189.168, 2.80997, 120, 0, 0, 0, ''),
(@CGUID+1410, 16356, 0, -8405.25, -1270.55, 215.192, 5.81195, 120, 0, 0, 0, ''),
(@CGUID+1411, 16356, 0, -8406.53, -1011.18, 187.62, 4.03171, 120, 0, 0, 0, ''),
(@CGUID+1412, 16356, 0, -8408.37, -1251.06, 206.726, 0.715585, 120, 0, 0, 0, ''),
(@CGUID+1413, 16356, 0, -8410.06, -1236.7, 198.685, 1.8675, 120, 0, 0, 0, ''),
(@CGUID+1414, 16356, 0, -8372.71, -1228.52, 191.559, 1.37881, 120, 0, 0, 0, ''),
(@CGUID+1415, 16356, 0, -8371.14, -940.599, 200.466, 1.09956, 120, 0, 0, 0, ''),
(@CGUID+1416, 16356, 0, -8008.24, -2411.38, 124.142, 1.88495, 120, 0, 0, 0, ''),
(@CGUID+1417, 16356, 0, -8021.97, -2447.23, 128.728, 3.14159, 120, 0, 0, 0, ''),
(@CGUID+1418, 16356, 0, -8023.47, -996.543, 122.887, 1.8675, 120, 0, 0, 0, ''),
(@CGUID+1419, 16356, 0, -8032.22, -1009.51, 122.717, 1.95477, 120, 0, 0, 0, ''),
(@CGUID+1420, 16356, 0, -8033.76, -958.735, 131.688, 4.04917, 120, 0, 0, 0, ''),
(@CGUID+1421, 16356, 0, -8035.43, -946.744, 134.689, 6.24828, 120, 0, 0, 0, ''),
(@CGUID+1422, 16356, 0, -8044.14, -994.623, 129.837, 0.715585, 120, 0, 0, 0, ''),
(@CGUID+1423, 16356, 0, -8044.6, -1019.05, 122.717, 5.53269, 120, 0, 0, 0, ''),
(@CGUID+1424, 16356, 0, -8047.01, -962.325, 133.982, 4.04917, 120, 0, 0, 0, ''),
(@CGUID+1425, 16356, 0, -8021.12, -2433.45, 127.165, 4.06662, 120, 0, 0, 0, ''),
(@CGUID+1426, 16356, 0, -8020.13, -984.429, 122.73, 5.20108, 120, 0, 0, 0, ''),
(@CGUID+1427, 16356, 0, -8008.86, -2426.77, 127.948, 0.506145, 120, 0, 0, 0, ''),
(@CGUID+1428, 16356, 0, -8009.85, -2439.8, 129.72, 6.24828, 120, 0, 0, 0, ''),
(@CGUID+1429, 16356, 0, -8011.34, -2452.43, 131.309, 3.26377, 120, 0, 0, 0, ''),
(@CGUID+1430, 16356, 0, -8016.62, -950.324, 132.549, 3.26377, 120, 0, 0, 0, ''),
(@CGUID+1431, 16356, 0, -8018.83, -972.995, 122.73, 5.63741, 120, 0, 0, 0, ''),
(@CGUID+1432, 16356, 0, -8019.33, -2405.6, 124.062, 4.03171, 120, 0, 0, 0, ''),
(@CGUID+1433, 16356, 0, -8019.44, -1026.2, 130.085, 4.46804, 120, 0, 0, 0, ''),
(@CGUID+1434, 16356, 0, -8019.59, -2417.85, 125.19, 2.80997, 120, 0, 0, 0, ''),
(@CGUID+1435, 16356, 0, -8047.03, -1037.13, 122.743, 4.20625, 120, 0, 0, 0, ''),
(@CGUID+1436, 16356, 0, -8053.54, -977.332, 132.213, 2.23402, 120, 0, 0, 0, ''),
(@CGUID+1437, 16356, 0, -8357.42, -941.79, 196.902, 1.85005, 120, 0, 0, 0, ''),
(@CGUID+1438, 16356, 0, -8358.7, -1274.18, 212.731, 3.03684, 120, 0, 0, 0, ''),
(@CGUID+1439, 16356, 0, -8359.42, -992.785, 185.469, 1.88495, 120, 0, 0, 0, ''),
(@CGUID+1440, 16356, 0, -8361.33, -1242.17, 191.948, 4.20625, 120, 0, 0, 0, ''),
(@CGUID+1441, 16356, 0, -8362.64, -977.057, 187.058, 5.63741, 120, 0, 0, 0, ''),
(@CGUID+1442, 16356, 0, -8366.68, -950.877, 194.8, 2.00713, 120, 0, 0, 0, ''),
(@CGUID+1443, 16356, 0, -8369.19, -1256.53, 197.905, 4.46804, 120, 0, 0, 0, ''),
(@CGUID+1444, 16356, 0, -8371.06, -927.954, 206.34, 5.81195, 120, 0, 0, 0, ''),
(@CGUID+1445, 16356, 0, -8356.6, -966.806, 188.383, 1.8675, 120, 0, 0, 0, ''),
(@CGUID+1446, 16356, 0, -8354.76, -925.623, 207.732, 4.46804, 120, 0, 0, 0, ''),
(@CGUID+1447, 16356, 0, -8350.88, -954.868, 191.154, 0.715585, 120, 0, 0, 0, ''),
(@CGUID+1448, 16356, 0, -8058.0, -1007.02, 130.824, 1.88495, 120, 0, 0, 0, ''),
(@CGUID+1449, 16356, 0, -8058.14, -994.36, 131.377, 2.00713, 120, 0, 0, 0, ''),
(@CGUID+1450, 16356, 0, -8070.64, -997.174, 132.958, 0.506145, 120, 0, 0, 0, ''),
(@CGUID+1451, 16356, 0, -8078.88, -1017.77, 132.302, 1.37881, 120, 0, 0, 0, ''),
(@CGUID+1452, 16356, 0, -8333.76, -976.666, 184.352, 1.37881, 120, 0, 0, 0, ''),
(@CGUID+1453, 16356, 0, -8340.74, -963.852, 188.287, 5.53269, 120, 0, 0, 0, ''),
(@CGUID+1454, 16356, 0, -8347.13, -990.8, 183.778, 4.46804, 120, 0, 0, 0, ''),
(@CGUID+1455, 16356, 0, -8349.12, -977.729, 185.528, 1.95477, 120, 0, 0, 0, ''),
(@CGUID+1456, 16386, 0, -7647.04, -2547.52, 151.049, 2.60054, 120, 0, 0, 0, ''),
(@CGUID+1457, 16386, 0, -7733.57, -2299.61, 157.64, 2.60054, 120, 0, 0, 0, ''),
(@CGUID+1458, 16386, 0, -7899.5, -2433.15, 153.734, 2.60054, 120, 0, 0, 0, ''),
(@CGUID+1459, 16386, 0, -8100.71, -1033.66, 158.131, 2.60054, 120, 0, 0, 0, ''),
(@CGUID+1460, 16386, 0, -8320.97, -1001.09, 193.758, 2.60054, 120, 0, 0, 0, ''),
(@CGUID+1461, 16386, 0, -8333.14, -1217.13, 197.564, 2.60054, 120, 0, 0, 0, ''),
(@CGUID+1462, 16398, 0, -7693.2, -2489.52, 187.512, 4.10152, 120, 0, 0, 0, ''),
(@CGUID+1463, 16398, 0, -7733.7, -2366.28, 173.029, 4.10152, 120, 0, 0, 0, ''),
(@CGUID+1464, 16398, 0, -7816.48, -2433.53, 177.415, 4.10152, 120, 0, 0, 0, ''),
(@CGUID+1465, 16398, 0, -8177.04, -1073.41, 180.32, 4.10152, 120, 0, 0, 0, ''),
(@CGUID+1466, 16398, 0, -8266.16, -1067.22, 193.666, 4.10152, 120, 0, 0, 0, ''),
(@CGUID+1467, 16398, 0, -8267.19, -1166.55, 195.599, 4.10152, 120, 0, 0, 0, ''),
-- (@CGUID+1468, 16995, 0, -8229.53, -1118.11, 144.012, 6.17846, 120, 0, 0, 0, ''),
(@CGUID+1469, 16401, 0, -8232.78, -1099.86, 201.572, 5.18363, 120, 0, 0, 0, ''),
(@CGUID+1470, 16401, 0, -7733.71, -2432.74, 190.869, 2.67035, 120, 0, 0, 0, ''),
(@CGUID+1471, 16421, 0, -8232.78, -1099.86, 201.572, 5.18363, 120, 0, 0, 0, ''),
(@CGUID+1472, 16421, 0, -7733.71, -2432.74, 190.869, 2.67035, 120, 0, 0, 0, '');
DELETE FROM `game_event_creature` WHERE `eventEntry` = @scourge_burning_steppes AND `guid` BETWEEN @CGUID+1293 AND @CGUID+1472;
INSERT INTO `game_event_creature` (`eventEntry`, `guid`) VALUES
(@scourge_burning_steppes, @CGUID+1293),
(@scourge_burning_steppes, @CGUID+1294),
(@scourge_burning_steppes, @CGUID+1295),
(@scourge_burning_steppes, @CGUID+1296),
(@scourge_burning_steppes, @CGUID+1297),
(@scourge_burning_steppes, @CGUID+1298),
(@scourge_burning_steppes, @CGUID+1299),
(@scourge_burning_steppes, @CGUID+1300),
(@scourge_burning_steppes, @CGUID+1301),
(@scourge_burning_steppes, @CGUID+1302),
(@scourge_burning_steppes, @CGUID+1303),
(@scourge_burning_steppes, @CGUID+1304),
(@scourge_burning_steppes, @CGUID+1305),
(@scourge_burning_steppes, @CGUID+1306),
(@scourge_burning_steppes, @CGUID+1307),
(@scourge_burning_steppes, @CGUID+1308),
(@scourge_burning_steppes, @CGUID+1309),
(@scourge_burning_steppes, @CGUID+1310),
(@scourge_burning_steppes, @CGUID+1311),
(@scourge_burning_steppes, @CGUID+1312),
(@scourge_burning_steppes, @CGUID+1313),
(@scourge_burning_steppes, @CGUID+1314),
(@scourge_burning_steppes, @CGUID+1315),
(@scourge_burning_steppes, @CGUID+1316),
(@scourge_burning_steppes, @CGUID+1317),
(@scourge_burning_steppes, @CGUID+1318),
(@scourge_burning_steppes, @CGUID+1319),
(@scourge_burning_steppes, @CGUID+1320),
(@scourge_burning_steppes, @CGUID+1321),
(@scourge_burning_steppes, @CGUID+1322),
(@scourge_burning_steppes, @CGUID+1323),
(@scourge_burning_steppes, @CGUID+1324),
(@scourge_burning_steppes, @CGUID+1325),
(@scourge_burning_steppes, @CGUID+1326),
(@scourge_burning_steppes, @CGUID+1327),
(@scourge_burning_steppes, @CGUID+1328),
(@scourge_burning_steppes, @CGUID+1329),
(@scourge_burning_steppes, @CGUID+1330),
(@scourge_burning_steppes, @CGUID+1331),
(@scourge_burning_steppes, @CGUID+1332),
(@scourge_burning_steppes, @CGUID+1333),
(@scourge_burning_steppes, @CGUID+1334),
(@scourge_burning_steppes, @CGUID+1335),
(@scourge_burning_steppes, @CGUID+1336),
(@scourge_burning_steppes, @CGUID+1337),
(@scourge_burning_steppes, @CGUID+1338),
(@scourge_burning_steppes, @CGUID+1339),
(@scourge_burning_steppes, @CGUID+1340),
(@scourge_burning_steppes, @CGUID+1341),
(@scourge_burning_steppes, @CGUID+1342),
(@scourge_burning_steppes, @CGUID+1343),
(@scourge_burning_steppes, @CGUID+1344),
(@scourge_burning_steppes, @CGUID+1345),
(@scourge_burning_steppes, @CGUID+1346),
(@scourge_burning_steppes, @CGUID+1347),
(@scourge_burning_steppes, @CGUID+1348),
(@scourge_burning_steppes, @CGUID+1349),
(@scourge_burning_steppes, @CGUID+1350),
(@scourge_burning_steppes, @CGUID+1351),
(@scourge_burning_steppes, @CGUID+1352),
(@scourge_burning_steppes, @CGUID+1353),
(@scourge_burning_steppes, @CGUID+1354),
(@scourge_burning_steppes, @CGUID+1355),
(@scourge_burning_steppes, @CGUID+1356),
(@scourge_burning_steppes, @CGUID+1357),
(@scourge_burning_steppes, @CGUID+1358),
(@scourge_burning_steppes, @CGUID+1359),
(@scourge_burning_steppes, @CGUID+1360),
(@scourge_burning_steppes, @CGUID+1361),
(@scourge_burning_steppes, @CGUID+1362),
(@scourge_burning_steppes, @CGUID+1363),
(@scourge_burning_steppes, @CGUID+1364),
(@scourge_burning_steppes, @CGUID+1365),
(@scourge_burning_steppes, @CGUID+1366),
(@scourge_burning_steppes, @CGUID+1367),
(@scourge_burning_steppes, @CGUID+1368),
(@scourge_burning_steppes, @CGUID+1369),
(@scourge_burning_steppes, @CGUID+1370),
(@scourge_burning_steppes, @CGUID+1371),
(@scourge_burning_steppes, @CGUID+1372),
(@scourge_burning_steppes, @CGUID+1373),
(@scourge_burning_steppes, @CGUID+1374),
(@scourge_burning_steppes, @CGUID+1375),
(@scourge_burning_steppes, @CGUID+1376),
(@scourge_burning_steppes, @CGUID+1377),
(@scourge_burning_steppes, @CGUID+1378),
(@scourge_burning_steppes, @CGUID+1379),
(@scourge_burning_steppes, @CGUID+1380),
(@scourge_burning_steppes, @CGUID+1381),
(@scourge_burning_steppes, @CGUID+1382),
(@scourge_burning_steppes, @CGUID+1383),
(@scourge_burning_steppes, @CGUID+1384),
(@scourge_burning_steppes, @CGUID+1385),
(@scourge_burning_steppes, @CGUID+1386),
(@scourge_burning_steppes, @CGUID+1387),
(@scourge_burning_steppes, @CGUID+1388),
(@scourge_burning_steppes, @CGUID+1389),
(@scourge_burning_steppes, @CGUID+1390),
(@scourge_burning_steppes, @CGUID+1391),
(@scourge_burning_steppes, @CGUID+1392),
(@scourge_burning_steppes, @CGUID+1393),
(@scourge_burning_steppes, @CGUID+1394),
(@scourge_burning_steppes, @CGUID+1395),
(@scourge_burning_steppes, @CGUID+1396),
(@scourge_burning_steppes, @CGUID+1397),
(@scourge_burning_steppes, @CGUID+1398),
(@scourge_burning_steppes, @CGUID+1399),
(@scourge_burning_steppes, @CGUID+1400),
(@scourge_burning_steppes, @CGUID+1401),
(@scourge_burning_steppes, @CGUID+1402),
(@scourge_burning_steppes, @CGUID+1403),
(@scourge_burning_steppes, @CGUID+1404),
(@scourge_burning_steppes, @CGUID+1405),
(@scourge_burning_steppes, @CGUID+1406),
(@scourge_burning_steppes, @CGUID+1407),
(@scourge_burning_steppes, @CGUID+1408),
(@scourge_burning_steppes, @CGUID+1409),
(@scourge_burning_steppes, @CGUID+1410),
(@scourge_burning_steppes, @CGUID+1411),
(@scourge_burning_steppes, @CGUID+1412),
(@scourge_burning_steppes, @CGUID+1413),
(@scourge_burning_steppes, @CGUID+1414),
(@scourge_burning_steppes, @CGUID+1415),
(@scourge_burning_steppes, @CGUID+1416),
(@scourge_burning_steppes, @CGUID+1417),
(@scourge_burning_steppes, @CGUID+1418),
(@scourge_burning_steppes, @CGUID+1419),
(@scourge_burning_steppes, @CGUID+1420),
(@scourge_burning_steppes, @CGUID+1421),
(@scourge_burning_steppes, @CGUID+1422),
(@scourge_burning_steppes, @CGUID+1423),
(@scourge_burning_steppes, @CGUID+1424),
(@scourge_burning_steppes, @CGUID+1425),
(@scourge_burning_steppes, @CGUID+1426),
(@scourge_burning_steppes, @CGUID+1427),
(@scourge_burning_steppes, @CGUID+1428),
(@scourge_burning_steppes, @CGUID+1429),
(@scourge_burning_steppes, @CGUID+1430),
(@scourge_burning_steppes, @CGUID+1431),
(@scourge_burning_steppes, @CGUID+1432),
(@scourge_burning_steppes, @CGUID+1433),
(@scourge_burning_steppes, @CGUID+1434),
(@scourge_burning_steppes, @CGUID+1435),
(@scourge_burning_steppes, @CGUID+1436),
(@scourge_burning_steppes, @CGUID+1437),
(@scourge_burning_steppes, @CGUID+1438),
(@scourge_burning_steppes, @CGUID+1439),
(@scourge_burning_steppes, @CGUID+1440),
(@scourge_burning_steppes, @CGUID+1441),
(@scourge_burning_steppes, @CGUID+1442),
(@scourge_burning_steppes, @CGUID+1443),
(@scourge_burning_steppes, @CGUID+1444),
(@scourge_burning_steppes, @CGUID+1445),
(@scourge_burning_steppes, @CGUID+1446),
(@scourge_burning_steppes, @CGUID+1447),
(@scourge_burning_steppes, @CGUID+1448),
(@scourge_burning_steppes, @CGUID+1449),
(@scourge_burning_steppes, @CGUID+1450),
(@scourge_burning_steppes, @CGUID+1451),
(@scourge_burning_steppes, @CGUID+1452),
(@scourge_burning_steppes, @CGUID+1453),
(@scourge_burning_steppes, @CGUID+1454),
(@scourge_burning_steppes, @CGUID+1455),
(@scourge_burning_steppes, @CGUID+1456),
(@scourge_burning_steppes, @CGUID+1457),
(@scourge_burning_steppes, @CGUID+1458),
(@scourge_burning_steppes, @CGUID+1459),
(@scourge_burning_steppes, @CGUID+1460),
(@scourge_burning_steppes, @CGUID+1461),
(@scourge_burning_steppes, @CGUID+1462),
(@scourge_burning_steppes, @CGUID+1463),
(@scourge_burning_steppes, @CGUID+1464),
(@scourge_burning_steppes, @CGUID+1465),
(@scourge_burning_steppes, @CGUID+1466),
(@scourge_burning_steppes, @CGUID+1467),
-- (@scourge_burning_steppes, @CGUID+1468),
(@scourge_burning_steppes, @CGUID+1469),
(@scourge_burning_steppes, @CGUID+1470),
(@scourge_burning_steppes, @CGUID+1471),
(@scourge_burning_steppes, @CGUID+1472);

DELETE FROM `gameobject` WHERE `guid` BETWEEN @GGUID+12 AND @GGUID+275 AND `id` IN (181191, 181192, 181193, 181194, 181223, 181136, 181173, 181174, 181373);
INSERT INTO `gameobject` (`guid`, `id`, `map`, `position_x`, `position_y`, `position_z`, `orientation`, `rotation0`, `rotation1`, `rotation2`, `rotation3`, `animprogress`, `state`, `spawntimesecs`, `VerifiedBuild`, `Comment`) VALUES
(@GGUID+012, 181136, 1, 6052.6, -4749.63, 785.534, 1.27409, 0, 0, 0.594822, 0.803857, 100, 1, 120, 0, ''),
(@GGUID+013, 181136, 1, 7939.65, -3870.93, 695.403, 0.244346, 0, 0, 0.121869, 0.992546, 100, 1, 120, 0, ''),
(@GGUID+014, 181136, 1, 7822.94, -4220.18, 675.491, 0.244346, 0, 0, 0.121869, 0.992546, 100, 1, 120, 0, ''),
(@GGUID+015, 181136, 1, 7687.87, -3877.74, 687.153, 0.244346, 0, 0, 0.121869, 0.992546, 100, 1, 120, 0, ''),
(@GGUID+016, 181136, 1, 6782.0, -3585.64, 712.276, 0.244346, 0, 0, 0.121869, 0.992546, 100, 1, 120, 0, ''),
(@GGUID+017, 181136, 1, 6742.24, -3352.34, 688.37, 0.244346, 0, 0, 0.121869, 0.992546, 100, 1, 120, 0, ''),
(@GGUID+018, 181136, 1, 6547.4, -3482.4, 643.628, 0.244346, 0, 0, 0.121869, 0.992546, 100, 1, 120, 0, ''),
(@GGUID+019, 181136, 1, 6284.69, -4782.17, 757.315, 2.33874, 0, 0, 0.920505, 0.390732, 100, 1, 120, 0, ''),
(@GGUID+020, 181136, 1, 6072.11, -5040.12, 789.939, 5.13127, 0, 0, -0.544639, 0.838671, 100, 1, 120, 0, ''),
(@GGUID+021, 181173, 1, 7688.84, -3892.03, 689.552, 1.90241, 0, 0, 0.814116, 0.580703, 100, 1, 120, 0, ''),
(@GGUID+022, 181173, 1, 7677.07, -3887.32, 687.06, 3.87463, 0, 0, -0.93358, 0.358368, 100, 1, 120, 0, ''),
(@GGUID+023, 181173, 1, 7675.17, -3868.89, 685.395, 1.44862, 0, 0, 0.66262, 0.748956, 100, 1, 120, 0, ''),
(@GGUID+024, 181173, 1, 6791.23, -3586.77, 712.718, 1.44862, 0, 0, 0.66262, 0.748956, 100, 1, 120, 0, ''),
(@GGUID+025, 181173, 1, 6787.01, -3575.92, 708.803, 5.42798, 0, 0, -0.414693, 0.909962, 100, 1, 120, 0, ''),
(@GGUID+026, 181173, 1, 6783.48, -3595.3, 715.923, 3.87463, 0, 0, -0.93358, 0.358368, 100, 1, 120, 0, ''),
(@GGUID+027, 181173, 1, 6773.85, -3579.55, 710.883, 0.890117, 0, 0, 0.43051, 0.902586, 100, 1, 120, 0, ''),
(@GGUID+028, 181173, 1, 6773.62, -3590.98, 714.233, 1.90241, 0, 0, 0.814116, 0.580703, 100, 1, 120, 0, ''),
(@GGUID+029, 181173, 1, 6752.31, -3349.22, 685.869, 1.44862, 0, 0, 0.66262, 0.748956, 100, 1, 120, 0, ''),
(@GGUID+030, 181173, 1, 7689.83, -3862.5, 686.37, 5.42798, 0, 0, -0.414693, 0.909962, 100, 1, 120, 0, ''),
(@GGUID+031, 181173, 1, 7701.99, -3880.54, 687.945, 0.890117, 0, 0, 0.43051, 0.902586, 100, 1, 120, 0, ''),
(@GGUID+032, 181173, 1, 7811.98, -4226.34, 677.521, 1.90241, 0, 0, 0.814116, 0.580703, 100, 1, 120, 0, ''),
(@GGUID+033, 181173, 1, 7951.54, -3875.18, 694.948, 1.44862, 0, 0, 0.66262, 0.748956, 100, 1, 120, 0, ''),
(@GGUID+034, 181173, 1, 7945.81, -3859.84, 695.185, 3.87463, 0, 0, -0.93358, 0.358368, 100, 1, 120, 0, ''),
(@GGUID+035, 181173, 1, 7939.62, -3882.95, 695.515, 1.90241, 0, 0, 0.814116, 0.580703, 100, 1, 120, 0, ''),
(@GGUID+036, 181173, 1, 7932.25, -3861.72, 695.668, 5.42798, 0, 0, -0.414693, 0.909962, 100, 1, 120, 0, ''),
(@GGUID+037, 181173, 1, 7926.75, -3878.23, 695.294, 0.890117, 0, 0, 0.43051, 0.902586, 100, 1, 120, 0, ''),
(@GGUID+038, 181173, 1, 7840.28, -4217.08, 675.564, 0.890117, 0, 0, 0.43051, 0.902586, 100, 1, 120, 0, ''),
(@GGUID+039, 181173, 1, 7830.69, -4208.48, 675.725, 1.44862, 0, 0, 0.66262, 0.748956, 100, 1, 120, 0, ''),
(@GGUID+040, 181173, 1, 7822.53, -4234.33, 680.112, 5.42798, 0, 0, -0.414693, 0.909962, 100, 1, 120, 0, ''),
(@GGUID+041, 181173, 1, 7815.5, -4209.39, 675.145, 3.87463, 0, 0, -0.93358, 0.358368, 100, 1, 120, 0, ''),
(@GGUID+042, 181173, 1, 6751.79, -3360.8, 684.975, 0.890117, 0, 0, 0.43051, 0.902586, 100, 1, 120, 0, ''),
(@GGUID+043, 181173, 1, 6740.9, -3342.74, 686.804, 3.87463, 0, 0, -0.93358, 0.358368, 100, 1, 120, 0, ''),
(@GGUID+044, 181173, 1, 6737.26, -3361.34, 687.013, 5.42798, 0, 0, -0.414693, 0.909962, 100, 1, 120, 0, ''),
(@GGUID+045, 181173, 1, 6080.37, -5030.69, 788.598, 3.7001, 0, 0, -0.961261, 0.27564, 100, 1, 120, 0, ''),
(@GGUID+046, 181173, 1, 6070.33, -5052.18, 794.006, 1.44862, 0, 0, 0.66262, 0.748956, 100, 1, 120, 0, ''),
(@GGUID+047, 181173, 1, 6065.6, -5029.23, 785.481, 5.42798, 0, 0, -0.414693, 0.909962, 100, 1, 120, 0, ''),
(@GGUID+048, 181173, 1, 6063.71, -4749.12, 778.662, 5.42798, 0, 0, -0.414693, 0.909962, 100, 1, 120, 0, ''),
(@GGUID+049, 181173, 1, 6061.29, -5044.73, 790.336, 3.87463, 0, 0, -0.93358, 0.358368, 100, 1, 120, 0, ''),
(@GGUID+050, 181173, 1, 6056.9, -4757.58, 785.737, 4.32842, 0, 0, -0.829037, 0.559194, 100, 1, 120, 0, ''),
(@GGUID+051, 181173, 1, 6053.48, -4740.55, 785.28, 3.87463, 0, 0, -0.93358, 0.358368, 100, 1, 120, 0, ''),
(@GGUID+052, 181173, 1, 6047.01, -4754.71, 790.205, 1.90241, 0, 0, 0.814116, 0.580703, 100, 1, 120, 0, ''),
(@GGUID+053, 181173, 1, 6046.73, -4744.43, 789.809, 1.44862, 0, 0, 0.66262, 0.748956, 100, 1, 120, 0, ''),
(@GGUID+054, 181173, 1, 6081.69, -5044.22, 792.539, 1.90241, 0, 0, 0.814116, 0.580703, 100, 1, 120, 0, ''),
(@GGUID+055, 181173, 1, 6275.49, -4782.48, 756.862, 5.42798, 0, 0, -0.414693, 0.909962, 100, 1, 120, 0, ''),
(@GGUID+056, 181173, 1, 6280.31, -4772.92, 756.073, 1.90241, 0, 0, 0.814116, 0.580703, 100, 1, 120, 0, ''),
(@GGUID+057, 181173, 1, 6732.46, -3350.71, 687.625, 1.90241, 0, 0, 0.814116, 0.580703, 100, 1, 120, 0, ''),
(@GGUID+058, 181173, 1, 6557.24, -3474.46, 645.709, 0.890117, 0, 0, 0.43051, 0.902586, 100, 1, 120, 0, ''),
(@GGUID+059, 181173, 1, 6553.72, -3489.82, 647.38, 5.42798, 0, 0, -0.414693, 0.909962, 100, 1, 120, 0, ''),
(@GGUID+060, 181173, 1, 6547.0, -3471.53, 639.958, 1.44862, 0, 0, 0.66262, 0.748956, 100, 1, 120, 0, ''),
(@GGUID+061, 181173, 1, 6540.5, -3491.92, 643.55, 1.90241, 0, 0, 0.814116, 0.580703, 100, 1, 120, 0, ''),
(@GGUID+062, 181173, 1, 6536.37, -3480.21, 639.161, 3.87463, 0, 0, -0.93358, 0.358368, 100, 1, 120, 0, ''),
(@GGUID+063, 181173, 1, 6293.4, -4783.96, 758.477, 3.87463, 0, 0, -0.93358, 0.358368, 100, 1, 120, 0, ''),
(@GGUID+064, 181173, 1, 6291.0, -4774.14, 756.714, 1.44862, 0, 0, 0.66262, 0.748956, 100, 1, 120, 0, ''),
(@GGUID+065, 181173, 1, 6284.65, -4791.1, 758.13, 4.32842, 0, 0, -0.829037, 0.559194, 100, 1, 120, 0, ''),
(@GGUID+066, 181174, 1, 7688.84, -3892.03, 689.552, 1.90241, 0, 0, 0.814116, 0.580703, 100, 1, 120, 0, ''),
(@GGUID+067, 181174, 1, 7677.07, -3887.32, 687.06, 3.87463, 0, 0, -0.93358, 0.358368, 100, 1, 120, 0, ''),
(@GGUID+068, 181174, 1, 7675.17, -3868.89, 685.395, 1.44862, 0, 0, 0.66262, 0.748956, 100, 1, 120, 0, ''),
(@GGUID+069, 181174, 1, 6791.23, -3586.77, 712.718, 1.44862, 0, 0, 0.66262, 0.748956, 100, 1, 120, 0, ''),
(@GGUID+070, 181174, 1, 6787.01, -3575.92, 708.803, 5.42798, 0, 0, -0.414693, 0.909962, 100, 1, 120, 0, ''),
(@GGUID+071, 181174, 1, 6783.48, -3595.3, 715.923, 3.87463, 0, 0, -0.93358, 0.358368, 100, 1, 120, 0, ''),
(@GGUID+072, 181174, 1, 6773.85, -3579.55, 710.883, 0.890117, 0, 0, 0.43051, 0.902586, 100, 1, 120, 0, ''),
(@GGUID+073, 181174, 1, 6773.62, -3590.98, 714.233, 1.90241, 0, 0, 0.814116, 0.580703, 100, 1, 120, 0, ''),
(@GGUID+074, 181174, 1, 6752.31, -3349.22, 685.869, 1.44862, 0, 0, 0.66262, 0.748956, 100, 1, 120, 0, ''),
(@GGUID+075, 181174, 1, 6751.79, -3360.8, 684.975, 0.890117, 0, 0, 0.43051, 0.902586, 100, 1, 120, 0, ''),
(@GGUID+076, 181174, 1, 7689.83, -3862.5, 686.37, 5.42798, 0, 0, -0.414693, 0.909962, 100, 1, 120, 0, ''),
(@GGUID+077, 181174, 1, 7701.99, -3880.54, 687.945, 0.890117, 0, 0, 0.43051, 0.902586, 100, 1, 120, 0, ''),
(@GGUID+078, 181174, 1, 7945.81, -3859.84, 695.185, 3.87463, 0, 0, -0.93358, 0.358368, 100, 1, 120, 0, ''),
(@GGUID+079, 181174, 1, 7939.62, -3882.95, 695.515, 1.90241, 0, 0, 0.814116, 0.580703, 100, 1, 120, 0, ''),
(@GGUID+080, 181174, 1, 7932.25, -3861.72, 695.668, 5.42798, 0, 0, -0.414693, 0.909962, 100, 1, 120, 0, ''),
(@GGUID+081, 181174, 1, 7926.75, -3878.23, 695.294, 0.890117, 0, 0, 0.43051, 0.902586, 100, 1, 120, 0, ''),
(@GGUID+082, 181174, 1, 7840.28, -4217.08, 675.564, 0.890117, 0, 0, 0.43051, 0.902586, 100, 1, 120, 0, ''),
(@GGUID+083, 181174, 1, 7830.69, -4208.48, 675.725, 1.44862, 0, 0, 0.66262, 0.748956, 100, 1, 120, 0, ''),
(@GGUID+084, 181174, 1, 7822.53, -4234.33, 680.112, 5.42798, 0, 0, -0.414693, 0.909962, 100, 1, 120, 0, ''),
(@GGUID+085, 181174, 1, 7815.5, -4209.39, 675.145, 3.87463, 0, 0, -0.93358, 0.358368, 100, 1, 120, 0, ''),
(@GGUID+086, 181174, 1, 7811.98, -4226.34, 677.521, 1.90241, 0, 0, 0.814116, 0.580703, 100, 1, 120, 0, ''),
(@GGUID+087, 181174, 1, 7951.54, -3875.18, 694.948, 1.44862, 0, 0, 0.66262, 0.748956, 100, 1, 120, 0, ''),
(@GGUID+088, 181174, 1, 6740.9, -3342.74, 686.804, 3.87463, 0, 0, -0.93358, 0.358368, 100, 1, 120, 0, ''),
(@GGUID+089, 181174, 1, 6737.26, -3361.34, 687.013, 5.42798, 0, 0, -0.414693, 0.909962, 100, 1, 120, 0, ''),
(@GGUID+090, 181174, 1, 6080.37, -5030.69, 788.598, 3.7001, 0, 0, -0.961261, 0.27564, 100, 1, 120, 0, ''),
(@GGUID+091, 181174, 1, 6070.33, -5052.18, 794.006, 1.44862, 0, 0, 0.66262, 0.748956, 100, 1, 120, 0, ''),
(@GGUID+092, 181174, 1, 6065.6, -5029.23, 785.481, 5.42798, 0, 0, -0.414693, 0.909962, 100, 1, 120, 0, ''),
(@GGUID+093, 181174, 1, 6063.71, -4749.12, 778.662, 5.42798, 0, 0, -0.414693, 0.909962, 100, 1, 120, 0, ''),
(@GGUID+094, 181174, 1, 6061.29, -5044.73, 790.336, 3.87463, 0, 0, -0.93358, 0.358368, 100, 1, 120, 0, ''),
(@GGUID+095, 181174, 1, 6056.9, -4757.58, 785.737, 4.32842, 0, 0, -0.829037, 0.559194, 100, 1, 120, 0, ''),
(@GGUID+096, 181174, 1, 6053.48, -4740.55, 785.28, 3.87463, 0, 0, -0.93358, 0.358368, 100, 1, 120, 0, ''),
(@GGUID+097, 181174, 1, 6047.01, -4754.71, 790.205, 1.90241, 0, 0, 0.814116, 0.580703, 100, 1, 120, 0, ''),
(@GGUID+098, 181174, 1, 6046.73, -4744.43, 789.809, 1.44862, 0, 0, 0.66262, 0.748956, 100, 1, 120, 0, ''),
(@GGUID+099, 181174, 1, 6081.69, -5044.22, 792.539, 1.90241, 0, 0, 0.814116, 0.580703, 100, 1, 120, 0, ''),
(@GGUID+100, 181174, 1, 6275.49, -4782.48, 756.862, 5.42798, 0, 0, -0.414693, 0.909962, 100, 1, 120, 0, ''),
(@GGUID+101, 181174, 1, 6280.31, -4772.92, 756.073, 1.90241, 0, 0, 0.814116, 0.580703, 100, 1, 120, 0, ''),
(@GGUID+102, 181174, 1, 6732.46, -3350.71, 687.625, 1.90241, 0, 0, 0.814116, 0.580703, 100, 1, 120, 0, ''),
(@GGUID+103, 181174, 1, 6557.24, -3474.46, 645.709, 0.890117, 0, 0, 0.43051, 0.902586, 100, 1, 120, 0, ''),
(@GGUID+104, 181174, 1, 6553.72, -3489.82, 647.38, 5.42798, 0, 0, -0.414693, 0.909962, 100, 1, 120, 0, ''),
(@GGUID+105, 181174, 1, 6547.0, -3471.53, 639.958, 1.44862, 0, 0, 0.66262, 0.748956, 100, 1, 120, 0, ''),
(@GGUID+106, 181174, 1, 6540.5, -3491.92, 643.55, 1.90241, 0, 0, 0.814116, 0.580703, 100, 1, 120, 0, ''),
(@GGUID+107, 181174, 1, 6536.37, -3480.21, 639.161, 3.87463, 0, 0, -0.93358, 0.358368, 100, 1, 120, 0, ''),
(@GGUID+108, 181174, 1, 6293.4, -4783.96, 758.477, 3.87463, 0, 0, -0.93358, 0.358368, 100, 1, 120, 0, ''),
(@GGUID+109, 181174, 1, 6291.0, -4774.14, 756.714, 1.44862, 0, 0, 0.66262, 0.748956, 100, 1, 120, 0, ''),
(@GGUID+110, 181174, 1, 6284.65, -4791.1, 758.13, 4.32842, 0, 0, -0.829037, 0.559194, 100, 1, 120, 0, ''),
(@GGUID+111, 181191, 1, 6280.72, -4792.69, 757.879, 4.31097, 0, 0, -0.833885, 0.551938, 100, 1, 120, 0, ''),
(@GGUID+112, 181191, 1, 6285.01, -4810.11, 758.283, 5.37562, 0, 0, -0.438371, 0.898794, 100, 1, 120, 0, ''),
(@GGUID+113, 181191, 1, 6303.22, -4754.17, 762.843, 4.86947, 0, 0, -0.649447, 0.760406, 100, 1, 120, 0, ''),
(@GGUID+114, 181191, 1, 6305.35, -4812.15, 755.291, 2.44346, 0, 0, 0.939692, 0.342021, 100, 1, 120, 0, ''),
(@GGUID+115, 181191, 1, 7703.84, -3876.46, 687.837, 4.31097, 0, 0, -0.833885, 0.551938, 100, 1, 120, 0, ''),
(@GGUID+116, 181191, 1, 6523.63, -3485.76, 637.073, 3.01941, 0, 0, 0.998135, 0.0610518, 100, 1, 120, 0, ''),
(@GGUID+117, 181191, 1, 6279.96, -4792.25, 757.774, 1.44862, 0, 0, 0.66262, 0.748956, 100, 1, 120, 0, ''),
(@GGUID+118, 181191, 1, 6277.27, -4771.49, 755.742, 3.64774, 0, 0, -0.968147, 0.250381, 100, 1, 120, 0, ''),
(@GGUID+119, 181191, 1, 6270.84, -4755.31, 753.638, 1.32645, 0, 0, 0.615661, 0.788011, 100, 1, 120, 0, ''),
(@GGUID+120, 181191, 1, 6253.66, -4755.55, 753.513, 2.58308, 0, 0, 0.961261, 0.27564, 100, 1, 120, 0, ''),
(@GGUID+121, 181191, 1, 6239.76, -4810.6, 757.662, 4.79966, 0, 0, -0.67559, 0.737278, 100, 1, 120, 0, ''),
(@GGUID+122, 181191, 1, 6118.95, -5038.25, 791.291, 4.79966, 0, 0, -0.67559, 0.737278, 100, 1, 120, 0, ''),
(@GGUID+123, 181191, 1, 7814.2, -4236.19, 680.603, 3.31614, 0, 0, -0.996194, 0.087165, 100, 1, 120, 0, ''),
(@GGUID+124, 181191, 1, 7829.87, -4199.46, 676.699, 5.07891, 0, 0, -0.566406, 0.824126, 100, 1, 120, 0, ''),
(@GGUID+125, 181191, 1, 7700.66, -3858.5, 688.053, 2.58308, 0, 0, 0.961261, 0.27564, 100, 1, 120, 0, ''),
(@GGUID+126, 181191, 1, 6543.6, -3473.05, 638.964, 1.32645, 0, 0, 0.615661, 0.788011, 100, 1, 120, 0, ''),
(@GGUID+127, 181191, 1, 7700.63, -3853.92, 688.848, 4.86947, 0, 0, -0.649447, 0.760406, 100, 1, 120, 0, ''),
(@GGUID+128, 181191, 1, 6770.72, -3588.42, 713.462, 1.32645, 0, 0, 0.615661, 0.788011, 100, 1, 120, 0, ''),
(@GGUID+129, 181191, 1, 6780.09, -3552.03, 702.982, 3.05433, 0, 0, 0.999048, 0.0436193, 100, 1, 120, 0, ''),
(@GGUID+130, 181191, 1, 6780.31, -3608.75, 719.072, 2.44346, 0, 0, 0.939692, 0.342021, 100, 1, 120, 0, ''),
(@GGUID+131, 181191, 1, 6787.05, -3565.61, 706.188, 3.31614, 0, 0, -0.996194, 0.087165, 100, 1, 120, 0, ''),
(@GGUID+132, 181191, 1, 6733.0, -3376.66, 680.377, 3.01941, 0, 0, 0.998135, 0.0610518, 100, 1, 120, 0, ''),
(@GGUID+133, 181191, 1, 6727.33, -3325.57, 681.35, 4.86947, 0, 0, -0.649447, 0.760406, 100, 1, 120, 0, ''),
(@GGUID+134, 181191, 1, 7652.7, -3868.06, 684.898, 5.37562, 0, 0, -0.438371, 0.898794, 100, 1, 120, 0, ''),
(@GGUID+135, 181191, 1, 6573.9, -3483.82, 658.282, 3.05433, 0, 0, 0.999048, 0.0436193, 100, 1, 120, 0, ''),
(@GGUID+136, 181191, 1, 7672.77, -3879.24, 686.063, 4.79966, 0, 0, -0.67559, 0.737278, 100, 1, 120, 0, ''),
(@GGUID+137, 181191, 1, 6572.0, -3461.13, 650.298, 4.79966, 0, 0, -0.67559, 0.737278, 100, 1, 120, 0, ''),
(@GGUID+138, 181191, 1, 6559.69, -3485.18, 649.252, 4.31097, 0, 0, -0.833885, 0.551938, 100, 1, 120, 0, ''),
(@GGUID+139, 181191, 1, 7680.09, -3866.85, 685.594, 3.05433, 0, 0, 0.999048, 0.0436193, 100, 1, 120, 0, ''),
(@GGUID+140, 181191, 1, 7681.38, -3868.22, 685.793, 2.44346, 0, 0, 0.939692, 0.342021, 100, 1, 120, 0, ''),
(@GGUID+141, 181191, 1, 6771.26, -3589.5, 713.749, 4.79966, 0, 0, -0.67559, 0.737278, 100, 1, 120, 0, ''),
(@GGUID+142, 181191, 1, 7922.56, -3866.16, 696.966, 0.453785, 0, 0, 0.224951, 0.97437, 100, 1, 120, 0, ''),
(@GGUID+143, 181191, 1, 7947.38, -3862.14, 695.209, 4.79966, 0, 0, -0.67559, 0.737278, 100, 1, 120, 0, ''),
(@GGUID+144, 181191, 1, 6036.04, -5017.71, 781.846, 5.37562, 0, 0, -0.438371, 0.898794, 100, 1, 120, 0, ''),
(@GGUID+145, 181191, 1, 6027.04, -5037.71, 783.62, 4.86947, 0, 0, -0.649447, 0.760406, 100, 1, 120, 0, ''),
(@GGUID+146, 181191, 1, 7941.17, -3886.24, 695.238, 1.44862, 0, 0, 0.66262, 0.748956, 100, 1, 120, 0, ''),
(@GGUID+147, 181191, 1, 6079.17, -5018.45, 786.023, 1.44862, 0, 0, 0.66262, 0.748956, 100, 1, 120, 0, ''),
(@GGUID+148, 181191, 1, 7941.02, -3855.58, 695.078, 2.58308, 0, 0, 0.961261, 0.27564, 100, 1, 120, 0, ''),
(@GGUID+149, 181191, 1, 6038.32, -4735.53, 793.959, 5.37562, 0, 0, -0.438371, 0.898794, 100, 1, 120, 0, ''),
(@GGUID+150, 181191, 1, 6095.61, -4756.99, 758.707, 3.31614, 0, 0, -0.996194, 0.087165, 100, 1, 120, 0, ''),
(@GGUID+151, 181192, 1, 6037.22, -4760.02, 794.969, 0.453785, 0, 0, 0.224951, 0.97437, 100, 1, 120, 0, ''),
(@GGUID+152, 181192, 1, 6022.51, -5022.58, 781.851, 4.79966, 0, 0, -0.67559, 0.737278, 100, 1, 120, 0, ''),
(@GGUID+153, 181192, 1, 6723.63, -3357.09, 686.36, 0.523598, 0, 0, 0.258819, 0.965926, 100, 1, 120, 0, ''),
(@GGUID+154, 181192, 1, 6023.65, -4723.44, 799.217, 5.07891, 0, 0, -0.566406, 0.824126, 100, 1, 120, 0, ''),
(@GGUID+155, 181192, 1, 7839.97, -4227.98, 676.906, 4.79966, 0, 0, -0.67559, 0.737278, 100, 1, 120, 0, ''),
(@GGUID+156, 181192, 1, 6049.41, -4739.42, 787.897, 2.58308, 0, 0, 0.961261, 0.27564, 100, 1, 120, 0, ''),
(@GGUID+157, 181192, 1, 7680.05, -3869.54, 685.765, 5.07891, 0, 0, -0.566406, 0.824126, 100, 1, 120, 0, ''),
(@GGUID+158, 181192, 1, 7944.12, -3887.76, 694.885, 3.31614, 0, 0, -0.996194, 0.087165, 100, 1, 120, 0, ''),
(@GGUID+159, 181192, 1, 7945.83, -3886.93, 694.836, 4.31097, 0, 0, -0.833885, 0.551938, 100, 1, 120, 0, ''),
(@GGUID+160, 181192, 1, 7947.08, -3858.18, 695.113, 2.44346, 0, 0, 0.939692, 0.342021, 100, 1, 120, 0, ''),
(@GGUID+161, 181192, 1, 6735.44, -3344.8, 686.807, 3.05433, 0, 0, 0.999048, 0.0436193, 100, 1, 120, 0, ''),
(@GGUID+162, 181192, 1, 6773.27, -3334.44, 676.92, 2.58308, 0, 0, 0.961261, 0.27564, 100, 1, 120, 0, ''),
(@GGUID+163, 181192, 1, 6767.33, -3617.96, 720.119, 4.31097, 0, 0, -0.833885, 0.551938, 100, 1, 120, 0, ''),
(@GGUID+164, 181192, 1, 6773.92, -3334.25, 676.696, 4.79966, 0, 0, -0.67559, 0.737278, 100, 1, 120, 0, ''),
(@GGUID+165, 181192, 1, 6759.59, -3356.03, 682.107, 5.37562, 0, 0, -0.438371, 0.898794, 100, 1, 120, 0, ''),
(@GGUID+166, 181192, 1, 6759.39, -3578.55, 709.409, 1.44862, 0, 0, 0.66262, 0.748956, 100, 1, 120, 0, ''),
(@GGUID+167, 181192, 1, 6759.25, -3559.23, 702.179, 2.58308, 0, 0, 0.961261, 0.27564, 100, 1, 120, 0, ''),
(@GGUID+168, 181192, 1, 6752.2, -3323.48, 677.893, 1.32645, 0, 0, 0.615661, 0.788011, 100, 1, 120, 0, ''),
(@GGUID+169, 181192, 1, 7954.69, -3871.91, 695.201, 5.51524, 0, 0, -0.374606, 0.927184, 100, 1, 120, 0, ''),
(@GGUID+170, 181192, 1, 6748.73, -3341.29, 685.584, 0.453785, 0, 0, 0.224951, 0.97437, 100, 1, 120, 0, ''),
(@GGUID+171, 181192, 1, 6012.84, -4774.02, 799.936, 5.37562, 0, 0, -0.438371, 0.898794, 100, 1, 120, 0, ''),
(@GGUID+172, 181192, 1, 6790.12, -3610.6, 719.965, 3.01941, 0, 0, 0.998135, 0.0610518, 100, 1, 120, 0, ''),
(@GGUID+173, 181192, 1, 6808.92, -3588.39, 715.136, 5.37562, 0, 0, -0.438371, 0.898794, 100, 1, 120, 0, ''),
(@GGUID+174, 181192, 1, 6044.28, -5031.84, 783.654, 5.37562, 0, 0, -0.438371, 0.898794, 100, 1, 120, 0, ''),
(@GGUID+175, 181192, 1, 6539.98, -3504.23, 646.37, 2.58308, 0, 0, 0.961261, 0.27564, 100, 1, 120, 0, ''),
(@GGUID+176, 181192, 1, 7922.72, -3884.97, 694.782, 3.01941, 0, 0, 0.998135, 0.0610518, 100, 1, 120, 0, ''),
(@GGUID+177, 181192, 1, 7830.32, -4196.79, 677.141, 3.01941, 0, 0, 0.998135, 0.0610518, 100, 1, 120, 0, ''),
(@GGUID+178, 181192, 1, 6275.72, -4772.13, 755.884, 0.453785, 0, 0, 0.224951, 0.97437, 100, 1, 120, 0, ''),
(@GGUID+179, 181192, 1, 7922.17, -3870.31, 696.454, 3.05433, 0, 0, 0.999048, 0.0436193, 100, 1, 120, 0, ''),
(@GGUID+180, 181192, 1, 6254.01, -4754.98, 753.513, 4.79966, 0, 0, -0.67559, 0.737278, 100, 1, 120, 0, ''),
(@GGUID+181, 181192, 1, 6071.98, -4998.29, 782.531, 3.05433, 0, 0, 0.999048, 0.0436193, 100, 1, 120, 0, ''),
(@GGUID+182, 181192, 1, 7837.79, -4229.47, 677.319, 5.51524, 0, 0, -0.374606, 0.927184, 100, 1, 120, 0, ''),
(@GGUID+183, 181192, 1, 7815.1, -4232.74, 679.616, 3.05433, 0, 0, 0.999048, 0.0436193, 100, 1, 120, 0, ''),
(@GGUID+184, 181192, 1, 7825.49, -4240.33, 681.8, 2.58308, 0, 0, 0.961261, 0.27564, 100, 1, 120, 0, ''),
(@GGUID+185, 181192, 1, 7825.88, -4237.19, 680.884, 1.32645, 0, 0, 0.615661, 0.788011, 100, 1, 120, 0, ''),
(@GGUID+186, 181192, 1, 7827.11, -4238.12, 681.061, 4.79966, 0, 0, -0.67559, 0.737278, 100, 1, 120, 0, ''),
(@GGUID+187, 181192, 1, 6773.77, -3573.25, 708.462, 0.523598, 0, 0, 0.258819, 0.965926, 100, 1, 120, 0, ''),
(@GGUID+188, 181192, 1, 7701.28, -3857.09, 688.463, 4.79966, 0, 0, -0.67559, 0.737278, 100, 1, 120, 0, ''),
(@GGUID+189, 181192, 1, 6049.59, -4723.78, 784.482, 4.86947, 0, 0, -0.649447, 0.760406, 100, 1, 120, 0, ''),
(@GGUID+190, 181192, 1, 6526.9, -3506.54, 644.309, 5.37562, 0, 0, -0.438371, 0.898794, 100, 1, 120, 0, ''),
(@GGUID+191, 181192, 1, 6310.08, -4811.32, 754.724, 3.01941, 0, 0, 0.998135, 0.0610518, 100, 1, 120, 0, ''),
(@GGUID+192, 181192, 1, 7929.03, -3839.96, 697.334, 5.07891, 0, 0, -0.566406, 0.824126, 100, 1, 120, 0, ''),
(@GGUID+193, 181192, 1, 7928.2, -3838.52, 697.282, 1.32645, 0, 0, 0.615661, 0.788011, 100, 1, 120, 0, ''),
(@GGUID+194, 181192, 1, 6534.08, -3467.39, 632.624, 5.07891, 0, 0, -0.566406, 0.824126, 100, 1, 120, 0, ''),
(@GGUID+195, 181192, 1, 6526.48, -3511.82, 645.865, 5.37562, 0, 0, -0.438371, 0.898794, 100, 1, 120, 0, ''),
(@GGUID+196, 181193, 1, 7688.64, -3887.38, 687.983, 3.31614, 0, 0, -0.996194, 0.087165, 100, 1, 120, 0, ''),
(@GGUID+197, 181193, 1, 7956.02, -3872.67, 695.24, 4.79966, 0, 0, -0.67559, 0.737278, 100, 1, 120, 0, ''),
(@GGUID+198, 181193, 1, 6774.77, -3571.34, 707.807, 4.79966, 0, 0, -0.67559, 0.737278, 100, 1, 120, 0, ''),
(@GGUID+199, 181193, 1, 7831.1, -4197.87, 677.076, 2.44346, 0, 0, 0.939692, 0.342021, 100, 1, 120, 0, ''),
(@GGUID+200, 181193, 1, 7681.06, -3866.14, 685.673, 5.51524, 0, 0, -0.374606, 0.927184, 100, 1, 120, 0, ''),
(@GGUID+201, 181193, 1, 7813.87, -4234.42, 680.098, 1.44862, 0, 0, 0.66262, 0.748956, 100, 1, 120, 0, ''),
(@GGUID+202, 181193, 1, 6779.28, -3365.8, 671.606, 5.07891, 0, 0, -0.566406, 0.824126, 100, 1, 120, 0, ''),
(@GGUID+203, 181193, 1, 7668.84, -3879.69, 685.915, 0.453785, 0, 0, 0.224951, 0.97437, 100, 1, 120, 0, ''),
(@GGUID+204, 181193, 1, 7812.46, -4213.05, 675.142, 5.37562, 0, 0, -0.438371, 0.898794, 100, 1, 120, 0, ''),
(@GGUID+205, 181193, 1, 7807.12, -4222.25, 676.505, 0.453785, 0, 0, 0.224951, 0.97437, 100, 1, 120, 0, ''),
(@GGUID+206, 181193, 1, 7806.42, -4222.62, 676.601, 3.64774, 0, 0, -0.968147, 0.250381, 100, 1, 120, 0, ''),
(@GGUID+207, 181193, 1, 7670.92, -3881.04, 686.056, 3.64774, 0, 0, -0.968147, 0.250381, 100, 1, 120, 0, ''),
(@GGUID+208, 181193, 1, 7923.6, -3885.66, 694.762, 5.37562, 0, 0, -0.438371, 0.898794, 100, 1, 120, 0, ''),
(@GGUID+209, 181193, 1, 7927.77, -3842.22, 697.657, 4.86947, 0, 0, -0.649447, 0.760406, 100, 1, 120, 0, ''),
(@GGUID+210, 181193, 1, 7704.6, -3875.36, 687.847, 1.44862, 0, 0, 0.66262, 0.748956, 100, 1, 120, 0, ''),
(@GGUID+211, 181193, 1, 6761.1, -3345.33, 681.59, 5.37562, 0, 0, -0.438371, 0.898794, 100, 1, 120, 0, ''),
(@GGUID+212, 181193, 1, 6059.8, -5063.97, 803.037, 5.07891, 0, 0, -0.566406, 0.824126, 100, 1, 120, 0, ''),
(@GGUID+213, 181193, 1, 6559.08, -3486.38, 649.274, 0.523598, 0, 0, 0.258819, 0.965926, 100, 1, 120, 0, ''),
(@GGUID+214, 181193, 1, 6553.16, -3511.32, 654.066, 0.453785, 0, 0, 0.224951, 0.97437, 100, 1, 120, 0, ''),
(@GGUID+215, 181193, 1, 6552.37, -3512.79, 654.12, 3.64774, 0, 0, -0.968147, 0.250381, 100, 1, 120, 0, ''),
(@GGUID+216, 181193, 1, 6061.17, -4741.01, 780.119, 4.79966, 0, 0, -0.67559, 0.737278, 100, 1, 120, 0, ''),
(@GGUID+217, 181193, 1, 6548.6, -3457.54, 636.978, 5.51524, 0, 0, -0.374606, 0.927184, 100, 1, 120, 0, ''),
(@GGUID+218, 181193, 1, 7812.17, -4236.05, 680.415, 4.31097, 0, 0, -0.833885, 0.551938, 100, 1, 120, 0, ''),
(@GGUID+219, 181193, 1, 6524.11, -3485.38, 637.018, 0.0698117, 0, 0, 0.0348988, 0.999391, 100, 1, 120, 0, ''),
(@GGUID+220, 181193, 1, 6314.06, -4784.79, 755.291, 5.07891, 0, 0, -0.566406, 0.824126, 100, 1, 120, 0, ''),
(@GGUID+221, 181193, 1, 6062.72, -4765.63, 784.29, 4.79966, 0, 0, -0.67559, 0.737278, 100, 1, 120, 0, ''),
(@GGUID+222, 181193, 1, 6083.31, -4740.33, 766.961, 1.44862, 0, 0, 0.66262, 0.748956, 100, 1, 120, 0, ''),
(@GGUID+223, 181193, 1, 6117.96, -5039.05, 791.338, 5.51524, 0, 0, -0.374606, 0.927184, 100, 1, 120, 0, ''),
(@GGUID+224, 181193, 1, 6105.89, -5004.39, 788.874, 4.31097, 0, 0, -0.833885, 0.551938, 100, 1, 120, 0, ''),
(@GGUID+225, 181193, 1, 6094.67, -4758.38, 759.308, 0.523598, 0, 0, 0.258819, 0.965926, 100, 1, 120, 0, ''),
(@GGUID+226, 181193, 1, 6054.86, -5035.81, 785.729, 3.64774, 0, 0, -0.968147, 0.250381, 100, 1, 120, 0, ''),
(@GGUID+227, 181193, 1, 6572.7, -3480.62, 656.029, 1.44862, 0, 0, 0.66262, 0.748956, 100, 1, 120, 0, ''),
(@GGUID+228, 181193, 1, 6760.55, -3606.53, 716.882, 4.86947, 0, 0, -0.649447, 0.760406, 100, 1, 120, 0, ''),
(@GGUID+229, 181193, 1, 6010.73, -5045.85, 787.062, 2.58308, 0, 0, 0.961261, 0.27564, 100, 1, 120, 0, ''),
(@GGUID+230, 181193, 1, 6746.21, -3367.38, 684.331, 4.79966, 0, 0, -0.67559, 0.737278, 100, 1, 120, 0, ''),
(@GGUID+231, 181193, 1, 6746.08, -3380.7, 681.023, 2.44346, 0, 0, 0.939692, 0.342021, 100, 1, 120, 0, ''),
(@GGUID+232, 181193, 1, 6018.93, -4736.45, 803.017, 0.0698117, 0, 0, 0.0348988, 0.999391, 100, 1, 120, 0, ''),
(@GGUID+233, 181193, 1, 6049.14, -4723.7, 784.812, 1.32645, 0, 0, 0.615661, 0.788011, 100, 1, 120, 0, ''),
(@GGUID+234, 181193, 1, 6742.03, -3566.77, 701.938, 5.51524, 0, 0, -0.374606, 0.927184, 100, 1, 120, 0, ''),
(@GGUID+235, 181193, 1, 6037.43, -4760.56, 794.89, 3.64774, 0, 0, -0.968147, 0.250381, 100, 1, 120, 0, ''),
(@GGUID+236, 181193, 1, 6039.19, -5054.72, 795.048, 3.01941, 0, 0, 0.998135, 0.0610518, 100, 1, 120, 0, ''),
(@GGUID+237, 181194, 1, 6050.72, -5008.29, 781.027, 0.453785, 0, 0, 0.224951, 0.97437, 100, 1, 120, 0, ''),
(@GGUID+238, 181194, 1, 7954.38, -3870.54, 695.227, 0.523598, 0, 0, 0.258819, 0.965926, 100, 1, 120, 0, ''),
(@GGUID+239, 181194, 1, 7938.94, -3887.57, 695.173, 5.37562, 0, 0, -0.438371, 0.898794, 100, 1, 120, 0, ''),
(@GGUID+240, 181194, 1, 6094.3, -5053.53, 795.275, 1.32645, 0, 0, 0.615661, 0.788011, 100, 1, 120, 0, ''),
(@GGUID+241, 181194, 1, 6093.83, -4756.6, 759.822, 4.31097, 0, 0, -0.833885, 0.551938, 100, 1, 120, 0, ''),
(@GGUID+242, 181194, 1, 6793.19, -3594.2, 715.44, 5.37562, 0, 0, -0.438371, 0.898794, 100, 1, 120, 0, ''),
(@GGUID+243, 181194, 1, 6075.96, -4781.22, 773.205, 3.05433, 0, 0, 0.999048, 0.0436193, 100, 1, 120, 0, ''),
(@GGUID+244, 181194, 1, 7841.32, -4210.41, 676.247, 0.523598, 0, 0, 0.258819, 0.965926, 100, 1, 120, 0, ''),
(@GGUID+245, 181194, 1, 7922.0, -3868.02, 696.827, 3.64774, 0, 0, -0.968147, 0.250381, 100, 1, 120, 0, ''),
(@GGUID+246, 181194, 1, 6014.15, -4773.88, 799.724, 3.01941, 0, 0, 0.998135, 0.0610518, 100, 1, 120, 0, ''),
(@GGUID+247, 181194, 1, 6061.72, -4741.88, 779.778, 5.51524, 0, 0, -0.374606, 0.927184, 100, 1, 120, 0, ''),
(@GGUID+248, 181194, 1, 6060.76, -5063.9, 803.047, 2.44346, 0, 0, 0.939692, 0.342021, 100, 1, 120, 0, ''),
(@GGUID+249, 181194, 1, 6525.25, -3457.35, 626.526, 4.86947, 0, 0, -0.649447, 0.760406, 100, 1, 120, 0, ''),
(@GGUID+250, 181194, 1, 6104.99, -5004.92, 788.723, 3.31614, 0, 0, -0.996194, 0.087165, 100, 1, 120, 0, ''),
(@GGUID+251, 181194, 1, 6105.01, -5025.15, 790.674, 0.523598, 0, 0, 0.258819, 0.965926, 100, 1, 120, 0, ''),
(@GGUID+252, 181194, 1, 7679.69, -3852.65, 686.282, 5.37562, 0, 0, -0.438371, 0.898794, 100, 1, 120, 0, ''),
(@GGUID+253, 181194, 1, 6720.69, -3342.35, 684.403, 1.44862, 0, 0, 0.66262, 0.748956, 100, 1, 120, 0, ''),
(@GGUID+254, 181194, 1, 6724.2, -3358.49, 686.193, 4.31097, 0, 0, -0.833885, 0.551938, 100, 1, 120, 0, ''),
(@GGUID+255, 181194, 1, 6724.7, -3357.41, 686.361, 3.31614, 0, 0, -0.996194, 0.087165, 100, 1, 120, 0, ''),
(@GGUID+256, 181194, 1, 7650.75, -3870.34, 684.878, 3.01941, 0, 0, 0.998135, 0.0610518, 100, 1, 120, 0, ''),
(@GGUID+257, 181194, 1, 6810.17, -3588.13, 715.463, 0.453785, 0, 0, 0.224951, 0.97437, 100, 1, 120, 0, ''),
(@GGUID+258, 181194, 1, 6745.25, -3367.39, 684.424, 5.51524, 0, 0, -0.374606, 0.927184, 100, 1, 120, 0, ''),
(@GGUID+259, 181194, 1, 6781.15, -3551.25, 702.816, 3.64774, 0, 0, -0.968147, 0.250381, 100, 1, 120, 0, ''),
(@GGUID+260, 181194, 1, 6749.57, -3342.13, 685.646, 3.64774, 0, 0, -0.968147, 0.250381, 100, 1, 120, 0, ''),
(@GGUID+261, 181194, 1, 6753.27, -3587.21, 710.209, 5.07891, 0, 0, -0.566406, 0.824126, 100, 1, 120, 0, ''),
(@GGUID+262, 181194, 1, 6560.25, -3486.85, 650.214, 3.31614, 0, 0, -0.996194, 0.087165, 100, 1, 120, 0, ''),
(@GGUID+263, 181194, 1, 6549.6, -3456.65, 637.663, 4.79966, 0, 0, -0.67559, 0.737278, 100, 1, 120, 0, ''),
(@GGUID+264, 181194, 1, 7812.75, -4214.37, 675.185, 5.37562, 0, 0, -0.438371, 0.898794, 100, 1, 120, 0, ''),
(@GGUID+265, 181194, 1, 6257.11, -4778.2, 754.555, 3.05433, 0, 0, 0.999048, 0.0436193, 100, 1, 120, 0, ''),
(@GGUID+266, 181194, 1, 7824.72, -4201.28, 676.084, 4.86947, 0, 0, -0.649447, 0.760406, 100, 1, 120, 0, ''),
(@GGUID+267, 181194, 1, 6260.07, -4803.59, 758.109, 0.523598, 0, 0, 0.258819, 0.965926, 100, 1, 120, 0, ''),
(@GGUID+268, 181194, 1, 6279.65, -4793.17, 757.857, 3.31614, 0, 0, -0.996194, 0.087165, 100, 1, 120, 0, ''),
(@GGUID+269, 181194, 1, 6284.16, -4809.84, 758.301, 5.37562, 0, 0, -0.438371, 0.898794, 100, 1, 120, 0, ''),
(@GGUID+270, 181194, 1, 7701.83, -3855.88, 688.818, 1.32645, 0, 0, 0.615661, 0.788011, 100, 1, 120, 0, ''),
(@GGUID+271, 181194, 1, 7697.07, -3866.02, 687.001, 0.523598, 0, 0, 0.258819, 0.965926, 100, 1, 120, 0, ''),
(@GGUID+272, 181194, 1, 6240.71, -4811.52, 757.896, 5.51524, 0, 0, -0.374606, 0.927184, 100, 1, 120, 0, ''),
(@GGUID+273, 181223, 1, 6646.69, -3442.36, 792.916, 4.86947, 0, 0, -0.649447, 0.760406, 100, 1, 120, 0, ''),
(@GGUID+274, 181223, 1, 7755.75, -4030.91, 786.496, 0.471238, 0, 0, 0.233445, 0.97237, 100, 1, 120, 0, ''),
(@GGUID+275, 181373, 1, 6184.28, -4913.32, 807.676, 6.0912, 0, 0, -0.0958452, 0.995396, 100, 1, 120, 0, '');
DELETE FROM `game_event_gameobject` WHERE `eventEntry` = @scourge_winterspring AND `guid` BETWEEN @GGUID+12 AND @GGUID+275;
INSERT INTO `game_event_gameobject` (`eventEntry`, `guid`) VALUES
(@scourge_winterspring, @GGUID+012),
(@scourge_winterspring, @GGUID+013),
(@scourge_winterspring, @GGUID+014),
(@scourge_winterspring, @GGUID+015),
(@scourge_winterspring, @GGUID+016),
(@scourge_winterspring, @GGUID+017),
(@scourge_winterspring, @GGUID+018),
(@scourge_winterspring, @GGUID+019),
(@scourge_winterspring, @GGUID+020),
(@scourge_winterspring, @GGUID+021),
(@scourge_winterspring, @GGUID+022),
(@scourge_winterspring, @GGUID+023),
(@scourge_winterspring, @GGUID+024),
(@scourge_winterspring, @GGUID+025),
(@scourge_winterspring, @GGUID+026),
(@scourge_winterspring, @GGUID+027),
(@scourge_winterspring, @GGUID+028),
(@scourge_winterspring, @GGUID+029),
(@scourge_winterspring, @GGUID+030),
(@scourge_winterspring, @GGUID+031),
(@scourge_winterspring, @GGUID+032),
(@scourge_winterspring, @GGUID+033),
(@scourge_winterspring, @GGUID+034),
(@scourge_winterspring, @GGUID+035),
(@scourge_winterspring, @GGUID+036),
(@scourge_winterspring, @GGUID+037),
(@scourge_winterspring, @GGUID+038),
(@scourge_winterspring, @GGUID+039),
(@scourge_winterspring, @GGUID+040),
(@scourge_winterspring, @GGUID+041),
(@scourge_winterspring, @GGUID+042),
(@scourge_winterspring, @GGUID+043),
(@scourge_winterspring, @GGUID+044),
(@scourge_winterspring, @GGUID+045),
(@scourge_winterspring, @GGUID+046),
(@scourge_winterspring, @GGUID+047),
(@scourge_winterspring, @GGUID+048),
(@scourge_winterspring, @GGUID+049),
(@scourge_winterspring, @GGUID+050),
(@scourge_winterspring, @GGUID+051),
(@scourge_winterspring, @GGUID+052),
(@scourge_winterspring, @GGUID+053),
(@scourge_winterspring, @GGUID+054),
(@scourge_winterspring, @GGUID+055),
(@scourge_winterspring, @GGUID+056),
(@scourge_winterspring, @GGUID+057),
(@scourge_winterspring, @GGUID+058),
(@scourge_winterspring, @GGUID+059),
(@scourge_winterspring, @GGUID+060),
(@scourge_winterspring, @GGUID+061),
(@scourge_winterspring, @GGUID+062),
(@scourge_winterspring, @GGUID+063),
(@scourge_winterspring, @GGUID+064),
(@scourge_winterspring, @GGUID+065),
(@scourge_winterspring, @GGUID+066),
(@scourge_winterspring, @GGUID+067),
(@scourge_winterspring, @GGUID+068),
(@scourge_winterspring, @GGUID+069),
(@scourge_winterspring, @GGUID+070),
(@scourge_winterspring, @GGUID+071),
(@scourge_winterspring, @GGUID+072),
(@scourge_winterspring, @GGUID+073),
(@scourge_winterspring, @GGUID+074),
(@scourge_winterspring, @GGUID+075),
(@scourge_winterspring, @GGUID+076),
(@scourge_winterspring, @GGUID+077),
(@scourge_winterspring, @GGUID+078),
(@scourge_winterspring, @GGUID+079),
(@scourge_winterspring, @GGUID+080),
(@scourge_winterspring, @GGUID+081),
(@scourge_winterspring, @GGUID+082),
(@scourge_winterspring, @GGUID+083),
(@scourge_winterspring, @GGUID+084),
(@scourge_winterspring, @GGUID+085),
(@scourge_winterspring, @GGUID+086),
(@scourge_winterspring, @GGUID+087),
(@scourge_winterspring, @GGUID+088),
(@scourge_winterspring, @GGUID+089),
(@scourge_winterspring, @GGUID+090),
(@scourge_winterspring, @GGUID+091),
(@scourge_winterspring, @GGUID+092),
(@scourge_winterspring, @GGUID+093),
(@scourge_winterspring, @GGUID+094),
(@scourge_winterspring, @GGUID+095),
(@scourge_winterspring, @GGUID+096),
(@scourge_winterspring, @GGUID+097),
(@scourge_winterspring, @GGUID+098),
(@scourge_winterspring, @GGUID+099),
(@scourge_winterspring, @GGUID+100),
(@scourge_winterspring, @GGUID+101),
(@scourge_winterspring, @GGUID+102),
(@scourge_winterspring, @GGUID+103),
(@scourge_winterspring, @GGUID+104),
(@scourge_winterspring, @GGUID+105),
(@scourge_winterspring, @GGUID+106),
(@scourge_winterspring, @GGUID+107),
(@scourge_winterspring, @GGUID+108),
(@scourge_winterspring, @GGUID+109),
(@scourge_winterspring, @GGUID+110),
(@scourge_winterspring, @GGUID+111),
(@scourge_winterspring, @GGUID+112),
(@scourge_winterspring, @GGUID+113),
(@scourge_winterspring, @GGUID+114),
(@scourge_winterspring, @GGUID+115),
(@scourge_winterspring, @GGUID+116),
(@scourge_winterspring, @GGUID+117),
(@scourge_winterspring, @GGUID+118),
(@scourge_winterspring, @GGUID+119),
(@scourge_winterspring, @GGUID+120),
(@scourge_winterspring, @GGUID+121),
(@scourge_winterspring, @GGUID+122),
(@scourge_winterspring, @GGUID+123),
(@scourge_winterspring, @GGUID+124),
(@scourge_winterspring, @GGUID+125),
(@scourge_winterspring, @GGUID+126),
(@scourge_winterspring, @GGUID+127),
(@scourge_winterspring, @GGUID+128),
(@scourge_winterspring, @GGUID+129),
(@scourge_winterspring, @GGUID+130),
(@scourge_winterspring, @GGUID+131),
(@scourge_winterspring, @GGUID+132),
(@scourge_winterspring, @GGUID+133),
(@scourge_winterspring, @GGUID+134),
(@scourge_winterspring, @GGUID+135),
(@scourge_winterspring, @GGUID+136),
(@scourge_winterspring, @GGUID+137),
(@scourge_winterspring, @GGUID+138),
(@scourge_winterspring, @GGUID+139),
(@scourge_winterspring, @GGUID+140),
(@scourge_winterspring, @GGUID+141),
(@scourge_winterspring, @GGUID+142),
(@scourge_winterspring, @GGUID+143),
(@scourge_winterspring, @GGUID+144),
(@scourge_winterspring, @GGUID+145),
(@scourge_winterspring, @GGUID+146),
(@scourge_winterspring, @GGUID+147),
(@scourge_winterspring, @GGUID+148),
(@scourge_winterspring, @GGUID+149),
(@scourge_winterspring, @GGUID+150),
(@scourge_winterspring, @GGUID+151),
(@scourge_winterspring, @GGUID+152),
(@scourge_winterspring, @GGUID+153),
(@scourge_winterspring, @GGUID+154),
(@scourge_winterspring, @GGUID+155),
(@scourge_winterspring, @GGUID+156),
(@scourge_winterspring, @GGUID+157),
(@scourge_winterspring, @GGUID+158),
(@scourge_winterspring, @GGUID+159),
(@scourge_winterspring, @GGUID+160),
(@scourge_winterspring, @GGUID+161),
(@scourge_winterspring, @GGUID+162),
(@scourge_winterspring, @GGUID+163),
(@scourge_winterspring, @GGUID+164),
(@scourge_winterspring, @GGUID+165),
(@scourge_winterspring, @GGUID+166),
(@scourge_winterspring, @GGUID+167),
(@scourge_winterspring, @GGUID+168),
(@scourge_winterspring, @GGUID+169),
(@scourge_winterspring, @GGUID+170),
(@scourge_winterspring, @GGUID+171),
(@scourge_winterspring, @GGUID+172),
(@scourge_winterspring, @GGUID+173),
(@scourge_winterspring, @GGUID+174),
(@scourge_winterspring, @GGUID+175),
(@scourge_winterspring, @GGUID+176),
(@scourge_winterspring, @GGUID+177),
(@scourge_winterspring, @GGUID+178),
(@scourge_winterspring, @GGUID+179),
(@scourge_winterspring, @GGUID+180),
(@scourge_winterspring, @GGUID+181),
(@scourge_winterspring, @GGUID+182),
(@scourge_winterspring, @GGUID+183),
(@scourge_winterspring, @GGUID+184),
(@scourge_winterspring, @GGUID+185),
(@scourge_winterspring, @GGUID+186),
(@scourge_winterspring, @GGUID+187),
(@scourge_winterspring, @GGUID+188),
(@scourge_winterspring, @GGUID+189),
(@scourge_winterspring, @GGUID+190),
(@scourge_winterspring, @GGUID+191),
(@scourge_winterspring, @GGUID+192),
(@scourge_winterspring, @GGUID+193),
(@scourge_winterspring, @GGUID+194),
(@scourge_winterspring, @GGUID+195),
(@scourge_winterspring, @GGUID+196),
(@scourge_winterspring, @GGUID+197),
(@scourge_winterspring, @GGUID+198),
(@scourge_winterspring, @GGUID+199),
(@scourge_winterspring, @GGUID+200),
(@scourge_winterspring, @GGUID+201),
(@scourge_winterspring, @GGUID+202),
(@scourge_winterspring, @GGUID+203),
(@scourge_winterspring, @GGUID+204),
(@scourge_winterspring, @GGUID+205),
(@scourge_winterspring, @GGUID+206),
(@scourge_winterspring, @GGUID+207),
(@scourge_winterspring, @GGUID+208),
(@scourge_winterspring, @GGUID+209),
(@scourge_winterspring, @GGUID+210),
(@scourge_winterspring, @GGUID+211),
(@scourge_winterspring, @GGUID+212),
(@scourge_winterspring, @GGUID+213),
(@scourge_winterspring, @GGUID+214),
(@scourge_winterspring, @GGUID+215),
(@scourge_winterspring, @GGUID+216),
(@scourge_winterspring, @GGUID+217),
(@scourge_winterspring, @GGUID+218),
(@scourge_winterspring, @GGUID+219),
(@scourge_winterspring, @GGUID+220),
(@scourge_winterspring, @GGUID+221),
(@scourge_winterspring, @GGUID+222),
(@scourge_winterspring, @GGUID+223),
(@scourge_winterspring, @GGUID+224),
(@scourge_winterspring, @GGUID+225),
(@scourge_winterspring, @GGUID+226),
(@scourge_winterspring, @GGUID+227),
(@scourge_winterspring, @GGUID+228),
(@scourge_winterspring, @GGUID+229),
(@scourge_winterspring, @GGUID+230),
(@scourge_winterspring, @GGUID+231),
(@scourge_winterspring, @GGUID+232),
(@scourge_winterspring, @GGUID+233),
(@scourge_winterspring, @GGUID+234),
(@scourge_winterspring, @GGUID+235),
(@scourge_winterspring, @GGUID+236),
(@scourge_winterspring, @GGUID+237),
(@scourge_winterspring, @GGUID+238),
(@scourge_winterspring, @GGUID+239),
(@scourge_winterspring, @GGUID+240),
(@scourge_winterspring, @GGUID+241),
(@scourge_winterspring, @GGUID+242),
(@scourge_winterspring, @GGUID+243),
(@scourge_winterspring, @GGUID+244),
(@scourge_winterspring, @GGUID+245),
(@scourge_winterspring, @GGUID+246),
(@scourge_winterspring, @GGUID+247),
(@scourge_winterspring, @GGUID+248),
(@scourge_winterspring, @GGUID+249),
(@scourge_winterspring, @GGUID+250),
(@scourge_winterspring, @GGUID+251),
(@scourge_winterspring, @GGUID+252),
(@scourge_winterspring, @GGUID+253),
(@scourge_winterspring, @GGUID+254),
(@scourge_winterspring, @GGUID+255),
(@scourge_winterspring, @GGUID+256),
(@scourge_winterspring, @GGUID+257),
(@scourge_winterspring, @GGUID+258),
(@scourge_winterspring, @GGUID+259),
(@scourge_winterspring, @GGUID+260),
(@scourge_winterspring, @GGUID+261),
(@scourge_winterspring, @GGUID+262),
(@scourge_winterspring, @GGUID+263),
(@scourge_winterspring, @GGUID+264),
(@scourge_winterspring, @GGUID+265),
(@scourge_winterspring, @GGUID+266),
(@scourge_winterspring, @GGUID+267),
(@scourge_winterspring, @GGUID+268),
(@scourge_winterspring, @GGUID+269),
(@scourge_winterspring, @GGUID+270),
(@scourge_winterspring, @GGUID+271),
(@scourge_winterspring, @GGUID+272),
(@scourge_winterspring, @GGUID+273),
(@scourge_winterspring, @GGUID+274),
(@scourge_winterspring, @GGUID+275);

DELETE FROM `gameobject` WHERE `guid` BETWEEN @GGUID+276 AND @GGUID+539 AND `id` IN (181191, 181192, 181193, 181194, 181136, 181173, 181174, 181215);
INSERT INTO `gameobject` (`guid`, `id`, `map`, `position_x`, `position_y`, `position_z`, `orientation`, `rotation0`, `rotation1`, `rotation2`, `rotation3`, `animprogress`, `state`, `spawntimesecs`, `VerifiedBuild`, `Comment`) VALUES
(@GGUID+276, 181136, 1, -8833.58, -2600.38, 21.7275, 3.17653, 0, 0, -0.999847, 0.0174693, 100, 1, 120, 0, ''),
(@GGUID+277, 181136, 1, -7246.02, -3543.61, 13.5918, 0.244346, 0, 0, 0.121869, 0.992546, 100, 1, 120, 0, ''),
(@GGUID+278, 181136, 1, -7328.86, -3970.19, 11.0381, 0.244346, 0, 0, 0.121869, 0.992546, 100, 1, 120, 0, ''),
(@GGUID+279, 181136, 1, -7632.01, -3732.97, 20.6804, 0.244346, 0, 0, 0.121869, 0.992546, 100, 1, 120, 0, ''),
(@GGUID+280, 181136, 1, -8169.93, -3803.55, 14.9479, 5.02655, 0, 0, -0.587785, 0.809017, 100, 1, 120, 0, ''),
(@GGUID+281, 181136, 1, -8333.86, -4203.15, 12.3244, 5.02655, 0, 0, -0.587785, 0.809017, 100, 1, 120, 0, ''),
(@GGUID+282, 181136, 1, -8476.23, -3826.0, 16.5777, 5.02655, 0, 0, -0.587785, 0.809017, 100, 1, 120, 0, ''),
(@GGUID+283, 181136, 1, -8533.49, -2699.71, 21.2257, 3.17653, 0, 0, -0.999847, 0.0174693, 100, 1, 120, 0, ''),
(@GGUID+284, 181136, 1, -8534.21, -2298.88, 28.635, 2.30383, 0, 0, 0.913545, 0.406738, 100, 1, 120, 0, ''),
(@GGUID+285, 181173, 1, -7625.02, -3746.56, 19.273, 5.42798, 0, 0, -0.414693, 0.909962, 100, 1, 120, 0, ''),
(@GGUID+286, 181173, 1, -7644.12, -3721.98, 22.1893, 1.90241, 0, 0, 0.814116, 0.580703, 100, 1, 120, 0, ''),
(@GGUID+287, 181173, 1, -7647.7, -3742.95, 24.0148, 0.890117, 0, 0, 0.43051, 0.902586, 100, 1, 120, 0, ''),
(@GGUID+288, 181173, 1, -8149.44, -3786.35, 12.6009, 1.90241, 0, 0, 0.814116, 0.580703, 100, 1, 120, 0, ''),
(@GGUID+289, 181173, 1, -8149.45, -3812.64, 14.9879, 5.42798, 0, 0, -0.414693, 0.909962, 100, 1, 120, 0, ''),
(@GGUID+290, 181173, 1, -8166.92, -3821.79, 14.3705, 0.890117, 0, 0, 0.43051, 0.902586, 100, 1, 120, 0, ''),
(@GGUID+291, 181173, 1, -8173.21, -3784.46, 15.2138, 1.44862, 0, 0, 0.66262, 0.748956, 100, 1, 120, 0, ''),
(@GGUID+292, 181173, 1, -8185.06, -3803.97, 13.6013, 3.87463, 0, 0, -0.93358, 0.358368, 100, 1, 120, 0, ''),
(@GGUID+293, 181173, 1, -8316.71, -4193.08, 12.0411, 5.42798, 0, 0, -0.414693, 0.909962, 100, 1, 120, 0, ''),
(@GGUID+294, 181173, 1, -7622.63, -3714.87, 18.3393, 3.87463, 0, 0, -0.93358, 0.358368, 100, 1, 120, 0, ''),
(@GGUID+295, 181173, 1, -7613.95, -3732.19, 16.8296, 1.44862, 0, 0, 0.66262, 0.748956, 100, 1, 120, 0, ''),
(@GGUID+296, 181173, 1, -7344.87, -3969.87, 9.37224, 0.890117, 0, 0, 0.43051, 0.902586, 100, 1, 120, 0, ''),
(@GGUID+297, 181173, 1, -7225.1, -3539.17, 12.273, 3.87463, 0, 0, -0.93358, 0.358368, 100, 1, 120, 0, ''),
(@GGUID+298, 181173, 1, -7229.49, -3562.56, 13.1128, 1.44862, 0, 0, 0.66262, 0.748956, 100, 1, 120, 0, ''),
(@GGUID+299, 181173, 1, -7249.38, -3523.43, 12.6714, 1.90241, 0, 0, 0.814116, 0.580703, 100, 1, 120, 0, ''),
(@GGUID+300, 181173, 1, -7252.48, -3563.27, 11.2089, 5.42798, 0, 0, -0.414693, 0.909962, 100, 1, 120, 0, ''),
(@GGUID+301, 181173, 1, -7264.03, -3547.05, 11.4845, 0.890117, 0, 0, 0.43051, 0.902586, 100, 1, 120, 0, ''),
(@GGUID+302, 181173, 1, -7315.42, -3965.14, 9.92329, 3.87463, 0, 0, -0.93358, 0.358368, 100, 1, 120, 0, ''),
(@GGUID+303, 181173, 1, -7319.15, -3982.26, 12.0744, 1.44862, 0, 0, 0.66262, 0.748956, 100, 1, 120, 0, ''),
(@GGUID+304, 181173, 1, -7334.18, -3985.1, 11.2661, 1.90241, 0, 0, 0.814116, 0.580703, 100, 1, 120, 0, ''),
(@GGUID+305, 181173, 1, -7334.5, -3955.59, 9.67339, 5.42798, 0, 0, -0.414693, 0.909962, 100, 1, 120, 0, ''),
(@GGUID+306, 181173, 1, -8319.12, -4214.37, 11.0459, 0.890117, 0, 0, 0.43051, 0.902586, 100, 1, 120, 0, ''),
(@GGUID+307, 181173, 1, -8338.94, -4184.19, 12.7285, 1.44862, 0, 0, 0.66262, 0.748956, 100, 1, 120, 0, ''),
(@GGUID+308, 181173, 1, -8340.59, -4217.98, 13.6852, 1.90241, 0, 0, 0.814116, 0.580703, 100, 1, 120, 0, ''),
(@GGUID+309, 181173, 1, -8542.56, -2666.96, 27.2642, 5.42798, 0, 0, -0.414693, 0.909962, 100, 1, 120, 0, ''),
(@GGUID+310, 181173, 1, -8546.62, -2280.9, 26.0423, 0.890117, 0, 0, 0.43051, 0.902586, 100, 1, 120, 0, ''),
(@GGUID+311, 181173, 1, -8554.67, -2309.78, 27.2581, 5.42798, 0, 0, -0.414693, 0.909962, 100, 1, 120, 0, ''),
(@GGUID+312, 181173, 1, -8558.21, -2700.35, 18.5581, 0.890117, 0, 0, 0.43051, 0.902586, 100, 1, 120, 0, ''),
(@GGUID+313, 181173, 1, -8815.68, -2598.3, 19.8857, 1.90241, 0, 0, 0.814116, 0.580703, 100, 1, 120, 0, ''),
(@GGUID+314, 181173, 1, -8833.35, -2582.71, 18.6093, 0.890117, 0, 0, 0.43051, 0.902586, 100, 1, 120, 0, ''),
(@GGUID+315, 181173, 1, -8833.52, -2616.1, 23.621, 3.87463, 0, 0, -0.93358, 0.358368, 100, 1, 120, 0, ''),
(@GGUID+316, 181173, 1, -8851.25, -2594.26, 20.4284, 5.42798, 0, 0, -0.414693, 0.909962, 100, 1, 120, 0, ''),
(@GGUID+317, 181173, 1, -8851.98, -2613.53, 21.5255, 1.44862, 0, 0, 0.66262, 0.748956, 100, 1, 120, 0, ''),
(@GGUID+318, 181173, 1, -8538.61, -2733.37, 16.2711, 1.90241, 0, 0, 0.814116, 0.580703, 100, 1, 120, 0, ''),
(@GGUID+319, 181173, 1, -8533.27, -2320.92, 31.0943, 1.90241, 0, 0, 0.814116, 0.580703, 100, 1, 120, 0, ''),
(@GGUID+320, 181173, 1, -8523.53, -2280.98, 27.4485, 1.44862, 0, 0, 0.66262, 0.748956, 100, 1, 120, 0, ''),
(@GGUID+321, 181173, 1, -8351.69, -4199.87, 11.3947, 3.87463, 0, 0, -0.93358, 0.358368, 100, 1, 120, 0, ''),
(@GGUID+322, 181173, 1, -8441.58, -3821.71, 11.9222, 0.890117, 0, 0, 0.43051, 0.902586, 100, 1, 120, 0, ''),
(@GGUID+323, 181173, 1, -8454.52, -3852.54, 14.0437, 5.42798, 0, 0, -0.414693, 0.909962, 100, 1, 120, 0, ''),
(@GGUID+324, 181173, 1, -8468.24, -3795.84, 10.7968, 1.44862, 0, 0, 0.66262, 0.748956, 100, 1, 120, 0, ''),
(@GGUID+325, 181173, 1, -8491.68, -3848.15, 23.1257, 1.90241, 0, 0, 0.814116, 0.580703, 100, 1, 120, 0, ''),
(@GGUID+326, 181173, 1, -8497.19, -3813.2, 22.0456, 3.87463, 0, 0, -0.93358, 0.358368, 100, 1, 120, 0, ''),
(@GGUID+327, 181173, 1, -8506.62, -2712.38, 22.2848, 3.87463, 0, 0, -0.93358, 0.358368, 100, 1, 120, 0, ''),
(@GGUID+328, 181173, 1, -8507.15, -2679.72, 29.649, 1.44862, 0, 0, 0.66262, 0.748956, 100, 1, 120, 0, ''),
(@GGUID+329, 181173, 1, -8513.17, -2304.23, 30.8188, 3.87463, 0, 0, -0.93358, 0.358368, 100, 1, 120, 0, ''),
(@GGUID+330, 181174, 1, -7625.02, -3746.56, 19.273, 5.42798, 0, 0, -0.414693, 0.909962, 100, 1, 120, 0, ''),
(@GGUID+331, 181174, 1, -7644.12, -3721.98, 22.1893, 1.90241, 0, 0, 0.814116, 0.580703, 100, 1, 120, 0, ''),
(@GGUID+332, 181174, 1, -7647.7, -3742.95, 24.0148, 0.890117, 0, 0, 0.43051, 0.902586, 100, 1, 120, 0, ''),
(@GGUID+333, 181174, 1, -8149.44, -3786.35, 12.6009, 1.90241, 0, 0, 0.814116, 0.580703, 100, 1, 120, 0, ''),
(@GGUID+334, 181174, 1, -8149.45, -3812.64, 14.9879, 5.42798, 0, 0, -0.414693, 0.909962, 100, 1, 120, 0, ''),
(@GGUID+335, 181174, 1, -8166.92, -3821.79, 14.3705, 0.890117, 0, 0, 0.43051, 0.902586, 100, 1, 120, 0, ''),
(@GGUID+336, 181174, 1, -8173.21, -3784.46, 15.2138, 1.44862, 0, 0, 0.66262, 0.748956, 100, 1, 120, 0, ''),
(@GGUID+337, 181174, 1, -8185.06, -3803.97, 13.6013, 3.87463, 0, 0, -0.93358, 0.358368, 100, 1, 120, 0, ''),
(@GGUID+338, 181174, 1, -8316.71, -4193.08, 12.0411, 5.42798, 0, 0, -0.414693, 0.909962, 100, 1, 120, 0, ''),
(@GGUID+339, 181174, 1, -8319.12, -4214.37, 11.0459, 0.890117, 0, 0, 0.43051, 0.902586, 100, 1, 120, 0, ''),
(@GGUID+340, 181174, 1, -7622.63, -3714.87, 18.3393, 3.87463, 0, 0, -0.93358, 0.358368, 100, 1, 120, 0, ''),
(@GGUID+341, 181174, 1, -7613.95, -3732.19, 16.8296, 1.44862, 0, 0, 0.66262, 0.748956, 100, 1, 120, 0, ''),
(@GGUID+342, 181174, 1, -7229.49, -3562.56, 13.1128, 1.44862, 0, 0, 0.66262, 0.748956, 100, 1, 120, 0, ''),
(@GGUID+343, 181174, 1, -7249.38, -3523.43, 12.6714, 1.90241, 0, 0, 0.814116, 0.580703, 100, 1, 120, 0, ''),
(@GGUID+344, 181174, 1, -7252.48, -3563.27, 11.2089, 5.42798, 0, 0, -0.414693, 0.909962, 100, 1, 120, 0, ''),
(@GGUID+345, 181174, 1, -7264.03, -3547.05, 11.4845, 0.890117, 0, 0, 0.43051, 0.902586, 100, 1, 120, 0, ''),
(@GGUID+346, 181174, 1, -7315.42, -3965.14, 9.92329, 3.87463, 0, 0, -0.93358, 0.358368, 100, 1, 120, 0, ''),
(@GGUID+347, 181174, 1, -7319.15, -3982.26, 12.0744, 1.44862, 0, 0, 0.66262, 0.748956, 100, 1, 120, 0, ''),
(@GGUID+348, 181174, 1, -7334.18, -3985.1, 11.2661, 1.90241, 0, 0, 0.814116, 0.580703, 100, 1, 120, 0, ''),
(@GGUID+349, 181174, 1, -7334.5, -3955.59, 9.67339, 5.42798, 0, 0, -0.414693, 0.909962, 100, 1, 120, 0, ''),
(@GGUID+350, 181174, 1, -7344.87, -3969.87, 9.37224, 0.890117, 0, 0, 0.43051, 0.902586, 100, 1, 120, 0, ''),
(@GGUID+351, 181174, 1, -7225.1, -3539.17, 12.273, 3.87463, 0, 0, -0.93358, 0.358368, 100, 1, 120, 0, ''),
(@GGUID+352, 181174, 1, -8338.94, -4184.19, 12.7285, 1.44862, 0, 0, 0.66262, 0.748956, 100, 1, 120, 0, ''),
(@GGUID+353, 181174, 1, -8340.59, -4217.98, 13.6852, 1.90241, 0, 0, 0.814116, 0.580703, 100, 1, 120, 0, ''),
(@GGUID+354, 181174, 1, -8542.56, -2666.96, 27.2642, 5.42798, 0, 0, -0.414693, 0.909962, 100, 1, 120, 0, ''),
(@GGUID+355, 181174, 1, -8546.62, -2280.9, 26.0423, 0.890117, 0, 0, 0.43051, 0.902586, 100, 1, 120, 0, ''),
(@GGUID+356, 181174, 1, -8554.67, -2309.78, 27.2581, 5.42798, 0, 0, -0.414693, 0.909962, 100, 1, 120, 0, ''),
(@GGUID+357, 181174, 1, -8558.21, -2700.35, 18.5581, 0.890117, 0, 0, 0.43051, 0.902586, 100, 1, 120, 0, ''),
(@GGUID+358, 181174, 1, -8815.68, -2598.3, 19.8857, 1.90241, 0, 0, 0.814116, 0.580703, 100, 1, 120, 0, ''),
(@GGUID+359, 181174, 1, -8833.35, -2582.71, 18.6093, 0.890117, 0, 0, 0.43051, 0.902586, 100, 1, 120, 0, ''),
(@GGUID+360, 181174, 1, -8833.52, -2616.1, 23.621, 3.87463, 0, 0, -0.93358, 0.358368, 100, 1, 120, 0, ''),
(@GGUID+361, 181174, 1, -8851.25, -2594.26, 20.4284, 5.42798, 0, 0, -0.414693, 0.909962, 100, 1, 120, 0, ''),
(@GGUID+362, 181174, 1, -8851.98, -2613.53, 21.5255, 1.44862, 0, 0, 0.66262, 0.748956, 100, 1, 120, 0, ''),
(@GGUID+363, 181174, 1, -8538.61, -2733.37, 16.2711, 1.90241, 0, 0, 0.814116, 0.580703, 100, 1, 120, 0, ''),
(@GGUID+364, 181174, 1, -8533.27, -2320.92, 31.0943, 1.90241, 0, 0, 0.814116, 0.580703, 100, 1, 120, 0, ''),
(@GGUID+365, 181174, 1, -8523.53, -2280.98, 27.4485, 1.44862, 0, 0, 0.66262, 0.748956, 100, 1, 120, 0, ''),
(@GGUID+366, 181174, 1, -8351.69, -4199.87, 11.3947, 3.87463, 0, 0, -0.93358, 0.358368, 100, 1, 120, 0, ''),
(@GGUID+367, 181174, 1, -8441.58, -3821.71, 11.9222, 0.890117, 0, 0, 0.43051, 0.902586, 100, 1, 120, 0, ''),
(@GGUID+368, 181174, 1, -8454.52, -3852.54, 14.0437, 5.42798, 0, 0, -0.414693, 0.909962, 100, 1, 120, 0, ''),
(@GGUID+369, 181174, 1, -8468.24, -3795.84, 10.7968, 1.44862, 0, 0, 0.66262, 0.748956, 100, 1, 120, 0, ''),
(@GGUID+370, 181174, 1, -8491.68, -3848.15, 23.1257, 1.90241, 0, 0, 0.814116, 0.580703, 100, 1, 120, 0, ''),
(@GGUID+371, 181174, 1, -8497.19, -3813.2, 22.0456, 3.87463, 0, 0, -0.93358, 0.358368, 100, 1, 120, 0, ''),
(@GGUID+372, 181174, 1, -8506.62, -2712.38, 22.2848, 3.87463, 0, 0, -0.93358, 0.358368, 100, 1, 120, 0, ''),
(@GGUID+373, 181174, 1, -8507.15, -2679.72, 29.649, 1.44862, 0, 0, 0.66262, 0.748956, 100, 1, 120, 0, ''),
(@GGUID+374, 181174, 1, -8513.17, -2304.23, 30.8188, 3.87463, 0, 0, -0.93358, 0.358368, 100, 1, 120, 0, ''),
(@GGUID+375, 181191, 1, -8515.71, -2708.45, 22.0036, 2.58308, 0, 0, 0.961261, 0.27564, 100, 1, 120, 0, ''),
(@GGUID+376, 181191, 1, -8520.69, -2720.47, 20.086, 3.01941, 0, 0, 0.998135, 0.0610518, 100, 1, 120, 0, ''),
(@GGUID+377, 181191, 1, -7627.38, -3723.27, 18.5083, 3.31614, 0, 0, -0.996194, 0.087165, 100, 1, 120, 0, ''),
(@GGUID+378, 181191, 1, -8530.33, -2324.33, 31.8888, 3.01941, 0, 0, 0.998135, 0.0610518, 100, 1, 120, 0, ''),
(@GGUID+379, 181191, 1, -7619.05, -3718.65, 17.9488, 5.37562, 0, 0, -0.438371, 0.898794, 100, 1, 120, 0, ''),
(@GGUID+380, 181191, 1, -7349.37, -3974.53, 9.24155, 2.58308, 0, 0, 0.961261, 0.27564, 100, 1, 120, 0, ''),
(@GGUID+381, 181191, 1, -8543.66, -2275.98, 26.0279, 4.79966, 0, 0, -0.67559, 0.737278, 100, 1, 120, 0, ''),
(@GGUID+382, 181191, 1, -8544.29, -2275.54, 25.9921, 5.51524, 0, 0, -0.374606, 0.927184, 100, 1, 120, 0, ''),
(@GGUID+383, 181191, 1, -8552.64, -2714.94, 17.81, 3.31614, 0, 0, -0.996194, 0.087165, 100, 1, 120, 0, ''),
(@GGUID+384, 181191, 1, -7313.57, -3968.96, 9.94525, 5.37562, 0, 0, -0.438371, 0.898794, 100, 1, 120, 0, ''),
(@GGUID+385, 181191, 1, -8559.86, -2310.24, 26.8044, 5.37562, 0, 0, -0.438371, 0.898794, 100, 1, 120, 0, ''),
(@GGUID+386, 181191, 1, -7644.84, -3725.11, 22.8912, 3.64774, 0, 0, -0.968147, 0.250381, 100, 1, 120, 0, ''),
(@GGUID+387, 181191, 1, -7647.65, -3736.53, 24.4548, 4.86947, 0, 0, -0.649447, 0.760406, 100, 1, 120, 0, ''),
(@GGUID+388, 181191, 1, -8295.47, -4194.36, 9.037, 3.64774, 0, 0, -0.968147, 0.250381, 100, 1, 120, 0, ''),
(@GGUID+389, 181191, 1, -8315.76, -4222.67, 10.576, 2.58308, 0, 0, 0.961261, 0.27564, 100, 1, 120, 0, ''),
(@GGUID+390, 181191, 1, -8326.11, -4168.15, 12.292, 0.453785, 0, 0, 0.224951, 0.97437, 100, 1, 120, 0, ''),
(@GGUID+391, 181191, 1, -8330.96, -4231.78, 12.6973, 5.07891, 0, 0, -0.566406, 0.824126, 100, 1, 120, 0, ''),
(@GGUID+392, 181191, 1, -8168.28, -3828.42, 13.3761, 5.37562, 0, 0, -0.438371, 0.898794, 100, 1, 120, 0, ''),
(@GGUID+393, 181191, 1, -8353.97, -4180.1, 12.751, 5.51524, 0, 0, -0.374606, 0.927184, 100, 1, 120, 0, ''),
(@GGUID+394, 181191, 1, -8360.75, -4219.06, 12.7648, 2.44346, 0, 0, 0.939692, 0.342021, 100, 1, 120, 0, ''),
(@GGUID+395, 181191, 1, -8442.69, -3833.79, 12.2917, 3.64774, 0, 0, -0.968147, 0.250381, 100, 1, 120, 0, ''),
(@GGUID+396, 181191, 1, -8459.11, -3837.16, 13.0731, 3.05433, 0, 0, 0.999048, 0.0436193, 100, 1, 120, 0, ''),
(@GGUID+397, 181191, 1, -8467.4, -3860.53, 17.3443, 2.44346, 0, 0, 0.939692, 0.342021, 100, 1, 120, 0, ''),
(@GGUID+398, 181191, 1, -8293.62, -4193.97, 8.87366, 3.05433, 0, 0, 0.999048, 0.0436193, 100, 1, 120, 0, ''),
(@GGUID+399, 181191, 1, -7226.8, -3556.18, 13.1967, 5.37562, 0, 0, -0.438371, 0.898794, 100, 1, 120, 0, ''),
(@GGUID+400, 181191, 1, -8835.51, -2579.87, 18.2914, 2.58308, 0, 0, 0.961261, 0.27564, 100, 1, 120, 0, ''),
(@GGUID+401, 181191, 1, -7261.54, -3533.83, 13.0357, 4.79966, 0, 0, -0.67559, 0.737278, 100, 1, 120, 0, ''),
(@GGUID+402, 181191, 1, -8841.23, -2614.51, 22.8541, 4.86947, 0, 0, -0.649447, 0.760406, 100, 1, 120, 0, ''),
(@GGUID+403, 181191, 1, -8825.62, -2584.85, 18.1544, 5.37562, 0, 0, -0.438371, 0.898794, 100, 1, 120, 0, ''),
(@GGUID+404, 181191, 1, -8848.11, -2587.75, 20.037, 2.44346, 0, 0, 0.939692, 0.342021, 100, 1, 120, 0, ''),
(@GGUID+405, 181191, 1, -7276.38, -3541.23, 10.5185, 5.07891, 0, 0, -0.566406, 0.824126, 100, 1, 120, 0, ''),
(@GGUID+406, 181191, 1, -8848.14, -2586.65, 19.9328, 3.01941, 0, 0, 0.998135, 0.0610518, 100, 1, 120, 0, ''),
(@GGUID+407, 181191, 1, -8820.26, -2613.15, 23.3564, 3.31614, 0, 0, -0.996194, 0.087165, 100, 1, 120, 0, ''),
(@GGUID+408, 181191, 1, -7227.96, -3556.45, 13.2431, 5.37562, 0, 0, -0.438371, 0.898794, 100, 1, 120, 0, ''),
(@GGUID+409, 181191, 1, -8565.92, -2708.38, 17.7712, 5.37562, 0, 0, -0.438371, 0.898794, 100, 1, 120, 0, ''),
(@GGUID+410, 181191, 1, -8517.46, -2298.79, 29.9655, 3.31614, 0, 0, -0.996194, 0.087165, 100, 1, 120, 0, ''),
(@GGUID+411, 181191, 1, -7231.64, -3530.56, 12.1301, 0.453785, 0, 0, 0.224951, 0.97437, 100, 1, 120, 0, ''),
(@GGUID+412, 181192, 1, -8142.92, -3805.71, 13.4032, 4.31097, 0, 0, -0.833885, 0.551938, 100, 1, 120, 0, ''),
(@GGUID+413, 181192, 1, -8472.31, -3808.9, 13.1103, 0.453785, 0, 0, 0.224951, 0.97437, 100, 1, 120, 0, ''),
(@GGUID+414, 181192, 1, -7220.76, -3541.66, 11.9943, 4.79966, 0, 0, -0.67559, 0.737278, 100, 1, 120, 0, ''),
(@GGUID+415, 181192, 1, -7645.66, -3724.43, 22.9962, 1.44862, 0, 0, 0.66262, 0.748956, 100, 1, 120, 0, ''),
(@GGUID+416, 181192, 1, -7641.05, -3745.16, 22.8822, 5.37562, 0, 0, -0.438371, 0.898794, 100, 1, 120, 0, ''),
(@GGUID+417, 181192, 1, -7640.63, -3744.2, 22.873, 0.453785, 0, 0, 0.224951, 0.97437, 100, 1, 120, 0, ''),
(@GGUID+418, 181192, 1, -8492.48, -3824.91, 22.1804, 1.44862, 0, 0, 0.66262, 0.748956, 100, 1, 120, 0, ''),
(@GGUID+419, 181192, 1, -8154.78, -3788.68, 13.1254, 5.07891, 0, 0, -0.566406, 0.824126, 100, 1, 120, 0, ''),
(@GGUID+420, 181192, 1, -8313.8, -4205.24, 10.8326, 1.32645, 0, 0, 0.615661, 0.788011, 100, 1, 120, 0, ''),
(@GGUID+421, 181192, 1, -8449.55, -3851.52, 13.5815, 4.79966, 0, 0, -0.67559, 0.737278, 100, 1, 120, 0, ''),
(@GGUID+422, 181192, 1, -7251.92, -3518.77, 12.2586, 3.01941, 0, 0, 0.998135, 0.0610518, 100, 1, 120, 0, ''),
(@GGUID+423, 181192, 1, -8340.27, -4223.53, 13.5409, 4.86947, 0, 0, -0.649447, 0.760406, 100, 1, 120, 0, ''),
(@GGUID+424, 181192, 1, -8326.34, -4167.37, 12.2286, 1.44862, 0, 0, 0.66262, 0.748956, 100, 1, 120, 0, ''),
(@GGUID+425, 181192, 1, -8347.8, -4198.86, 11.6864, 3.01941, 0, 0, 0.998135, 0.0610518, 100, 1, 120, 0, ''),
(@GGUID+426, 181192, 1, -8190.24, -3791.99, 15.0187, 3.64774, 0, 0, -0.968147, 0.250381, 100, 1, 120, 0, ''),
(@GGUID+427, 181192, 1, -8185.36, -3824.41, 10.7623, 5.37562, 0, 0, -0.438371, 0.898794, 100, 1, 120, 0, ''),
(@GGUID+428, 181192, 1, -8164.15, -3795.79, 14.647, 1.44862, 0, 0, 0.66262, 0.748956, 100, 1, 120, 0, ''),
(@GGUID+429, 181192, 1, -8162.89, -3796.32, 14.5938, 3.31614, 0, 0, -0.996194, 0.087165, 100, 1, 120, 0, ''),
(@GGUID+430, 181192, 1, -8157.61, -3811.4, 15.3045, 3.01941, 0, 0, 0.998135, 0.0610518, 100, 1, 120, 0, ''),
(@GGUID+431, 181192, 1, -8492.51, -3840.79, 22.9963, 1.32645, 0, 0, 0.615661, 0.788011, 100, 1, 120, 0, ''),
(@GGUID+432, 181192, 1, -8498.64, -2699.57, 25.9792, 3.05433, 0, 0, 0.999048, 0.0436193, 100, 1, 120, 0, ''),
(@GGUID+433, 181192, 1, -7621.97, -3745.74, 18.5694, 4.79966, 0, 0, -0.67559, 0.737278, 100, 1, 120, 0, ''),
(@GGUID+434, 181192, 1, -7274.9, -3540.86, 10.76, 2.44346, 0, 0, 0.939692, 0.342021, 100, 1, 120, 0, ''),
(@GGUID+435, 181192, 1, -7344.34, -3960.82, 9.07886, 0.523598, 0, 0, 0.258819, 0.965926, 100, 1, 120, 0, ''),
(@GGUID+436, 181192, 1, -7339.83, -3979.17, 10.5015, 4.31097, 0, 0, -0.833885, 0.551938, 100, 1, 120, 0, ''),
(@GGUID+437, 181192, 1, -7312.35, -3956.01, 10.4644, 2.44346, 0, 0, 0.939692, 0.342021, 100, 1, 120, 0, ''),
(@GGUID+438, 181192, 1, -8544.66, -2297.59, 27.403, 5.07891, 0, 0, -0.566406, 0.824126, 100, 1, 120, 0, ''),
(@GGUID+439, 181192, 1, -7328.62, -3983.62, 12.278, 3.64774, 0, 0, -0.968147, 0.250381, 100, 1, 120, 0, ''),
(@GGUID+440, 181192, 1, -8548.03, -2675.35, 24.4387, 4.31097, 0, 0, -0.833885, 0.551938, 100, 1, 120, 0, ''),
(@GGUID+441, 181192, 1, -7327.03, -3953.43, 10.0576, 5.51524, 0, 0, -0.374606, 0.927184, 100, 1, 120, 0, ''),
(@GGUID+442, 181192, 1, -7320.23, -3979.14, 11.9099, 5.37562, 0, 0, -0.438371, 0.898794, 100, 1, 120, 0, ''),
(@GGUID+443, 181192, 1, -8559.94, -2295.46, 25.5611, 0.523598, 0, 0, 0.258819, 0.965926, 100, 1, 120, 0, ''),
(@GGUID+444, 181192, 1, -7622.35, -3744.29, 18.7069, 5.51524, 0, 0, -0.374606, 0.927184, 100, 1, 120, 0, ''),
(@GGUID+445, 181192, 1, -8521.08, -2670.82, 29.0275, 3.64774, 0, 0, -0.968147, 0.250381, 100, 1, 120, 0, ''),
(@GGUID+446, 181192, 1, -8521.03, -2312.31, 31.563, 1.32645, 0, 0, 0.615661, 0.788011, 100, 1, 120, 0, ''),
(@GGUID+447, 181192, 1, -8515.0, -2693.34, 25.3124, 0.523598, 0, 0, 0.258819, 0.965926, 100, 1, 120, 0, ''),
(@GGUID+448, 181192, 1, -8516.76, -2299.98, 30.151, 4.31097, 0, 0, -0.833885, 0.551938, 100, 1, 120, 0, ''),
(@GGUID+449, 181192, 1, -8561.86, -2683.07, 20.4009, 0.453785, 0, 0, 0.224951, 0.97437, 100, 1, 120, 0, ''),
(@GGUID+450, 181192, 1, -8518.84, -2733.52, 18.2613, 1.44862, 0, 0, 0.66262, 0.748956, 100, 1, 120, 0, ''),
(@GGUID+451, 181192, 1, -8831.08, -2607.69, 22.7675, 4.31097, 0, 0, -0.833885, 0.551938, 100, 1, 120, 0, ''),
(@GGUID+452, 181193, 1, -7610.96, -3734.53, 16.3485, 4.79966, 0, 0, -0.67559, 0.737278, 100, 1, 120, 0, ''),
(@GGUID+453, 181193, 1, -7631.79, -3712.03, 19.1096, 2.44346, 0, 0, 0.939692, 0.342021, 100, 1, 120, 0, ''),
(@GGUID+454, 181193, 1, -8153.53, -3822.95, 15.6909, 4.79966, 0, 0, -0.67559, 0.737278, 100, 1, 120, 0, ''),
(@GGUID+455, 181193, 1, -8186.86, -3808.95, 12.5813, 4.86947, 0, 0, -0.649447, 0.760406, 100, 1, 120, 0, ''),
(@GGUID+456, 181193, 1, -7326.09, -3954.75, 9.94265, 4.79966, 0, 0, -0.67559, 0.737278, 100, 1, 120, 0, ''),
(@GGUID+457, 181193, 1, -8186.66, -3823.61, 10.6459, 0.453785, 0, 0, 0.224951, 0.97437, 100, 1, 120, 0, ''),
(@GGUID+458, 181193, 1, -7262.65, -3533.37, 12.9806, 5.51524, 0, 0, -0.374606, 0.927184, 100, 1, 120, 0, ''),
(@GGUID+459, 181193, 1, -7327.16, -3984.27, 12.3565, 3.05433, 0, 0, 0.999048, 0.0436193, 100, 1, 120, 0, ''),
(@GGUID+460, 181193, 1, -7631.23, -3748.74, 20.4292, 5.07891, 0, 0, -0.566406, 0.824126, 100, 1, 120, 0, ''),
(@GGUID+461, 181193, 1, -7267.94, -3558.7, 9.20586, 0.523598, 0, 0, 0.258819, 0.965926, 100, 1, 120, 0, ''),
(@GGUID+462, 181193, 1, -7339.14, -3993.28, 10.3943, 1.32645, 0, 0, 0.615661, 0.788011, 100, 1, 120, 0, ''),
(@GGUID+463, 181193, 1, -7257.36, -3567.66, 9.99947, 1.44862, 0, 0, 0.66262, 0.748956, 100, 1, 120, 0, ''),
(@GGUID+464, 181193, 1, -8142.86, -3805.25, 13.3441, 0.523598, 0, 0, 0.258819, 0.965926, 100, 1, 120, 0, ''),
(@GGUID+465, 181193, 1, -7256.96, -3565.91, 10.2495, 4.31097, 0, 0, -0.833885, 0.551938, 100, 1, 120, 0, ''),
(@GGUID+466, 181193, 1, -7258.46, -3566.65, 9.95873, 3.31614, 0, 0, -0.996194, 0.087165, 100, 1, 120, 0, ''),
(@GGUID+467, 181193, 1, -8164.58, -3779.35, 13.619, 1.32645, 0, 0, 0.615661, 0.788011, 100, 1, 120, 0, ''),
(@GGUID+468, 181193, 1, -7245.07, -3571.42, 11.1106, 1.32645, 0, 0, 0.615661, 0.788011, 100, 1, 120, 0, ''),
(@GGUID+469, 181193, 1, -7341.67, -3950.58, 10.3941, 4.86947, 0, 0, -0.649447, 0.760406, 100, 1, 120, 0, ''),
(@GGUID+470, 181193, 1, -8835.25, -2580.45, 18.3708, 4.79966, 0, 0, -0.67559, 0.737278, 100, 1, 120, 0, ''),
(@GGUID+471, 181193, 1, -8855.68, -2612.29, 20.9845, 3.05433, 0, 0, 0.999048, 0.0436193, 100, 1, 120, 0, ''),
(@GGUID+472, 181193, 1, -8552.24, -2715.69, 17.7591, 5.37562, 0, 0, -0.438371, 0.898794, 100, 1, 120, 0, ''),
(@GGUID+473, 181193, 1, -8491.93, -3823.43, 21.9661, 3.31614, 0, 0, -0.996194, 0.087165, 100, 1, 120, 0, ''),
(@GGUID+474, 181193, 1, -8513.5, -2693.82, 25.418, 2.44346, 0, 0, 0.939692, 0.342021, 100, 1, 120, 0, ''),
(@GGUID+475, 181193, 1, -8516.58, -2299.49, 30.091, 1.44862, 0, 0, 0.66262, 0.748956, 100, 1, 120, 0, ''),
(@GGUID+476, 181193, 1, -8521.94, -2719.63, 19.9967, 5.51524, 0, 0, -0.374606, 0.927184, 100, 1, 120, 0, ''),
(@GGUID+477, 181193, 1, -8559.66, -2311.28, 26.9071, 3.64774, 0, 0, -0.968147, 0.250381, 100, 1, 120, 0, ''),
(@GGUID+478, 181193, 1, -8522.8, -2672.39, 28.4981, 4.79966, 0, 0, -0.67559, 0.737278, 100, 1, 120, 0, ''),
(@GGUID+479, 181193, 1, -8529.68, -2279.74, 26.9854, 5.37562, 0, 0, -0.438371, 0.898794, 100, 1, 120, 0, ''),
(@GGUID+480, 181193, 1, -8531.49, -2324.18, 31.6934, 2.44346, 0, 0, 0.939692, 0.342021, 100, 1, 120, 0, ''),
(@GGUID+481, 181193, 1, -8547.42, -2676.08, 24.3664, 5.07891, 0, 0, -0.566406, 0.824126, 100, 1, 120, 0, ''),
(@GGUID+482, 181193, 1, -8532.27, -2685.06, 24.7199, 4.79966, 0, 0, -0.67559, 0.737278, 100, 1, 120, 0, ''),
(@GGUID+483, 181193, 1, -8538.38, -2707.68, 19.3151, 4.86947, 0, 0, -0.649447, 0.760406, 100, 1, 120, 0, ''),
(@GGUID+484, 181193, 1, -8539.82, -2708.15, 19.1234, 1.32645, 0, 0, 0.615661, 0.788011, 100, 1, 120, 0, ''),
(@GGUID+485, 181193, 1, -8473.6, -3808.87, 13.5766, 4.31097, 0, 0, -0.833885, 0.551938, 100, 1, 120, 0, ''),
(@GGUID+486, 181193, 1, -8839.9, -2590.59, 20.3447, 5.51524, 0, 0, -0.374606, 0.927184, 100, 1, 120, 0, ''),
(@GGUID+487, 181193, 1, -8190.53, -3791.35, 15.0982, 3.05433, 0, 0, 0.999048, 0.0436193, 100, 1, 120, 0, ''),
(@GGUID+488, 181193, 1, -8307.8, -4177.41, 10.6385, 4.79966, 0, 0, -0.67559, 0.737278, 100, 1, 120, 0, ''),
(@GGUID+489, 181193, 1, -8330.78, -4230.26, 12.7909, 4.31097, 0, 0, -0.833885, 0.551938, 100, 1, 120, 0, ''),
(@GGUID+490, 181193, 1, -8347.73, -4200.1, 11.7734, 5.37562, 0, 0, -0.438371, 0.898794, 100, 1, 120, 0, ''),
(@GGUID+491, 181193, 1, -8545.43, -2296.88, 27.2682, 4.86947, 0, 0, -0.649447, 0.760406, 100, 1, 120, 0, ''),
(@GGUID+492, 181193, 1, -8853.76, -2599.58, 20.5476, 1.32645, 0, 0, 0.615661, 0.788011, 100, 1, 120, 0, ''),
(@GGUID+493, 181193, 1, -8472.53, -3809.85, 13.3288, 4.86947, 0, 0, -0.649447, 0.760406, 100, 1, 120, 0, ''),
(@GGUID+494, 181193, 1, -8840.52, -2615.04, 22.9578, 5.07891, 0, 0, -0.566406, 0.824126, 100, 1, 120, 0, ''),
(@GGUID+495, 181193, 1, -8847.73, -2586.65, 19.9377, 5.37562, 0, 0, -0.438371, 0.898794, 100, 1, 120, 0, ''),
(@GGUID+496, 181194, 1, -8855.06, -2613.22, 21.104, 0.523598, 0, 0, 0.258819, 0.965926, 100, 1, 120, 0, ''),
(@GGUID+497, 181194, 1, -8178.06, -3786.61, 15.7069, 2.44346, 0, 0, 0.939692, 0.342021, 100, 1, 120, 0, ''),
(@GGUID+498, 181194, 1, -8821.63, -2613.11, 23.407, 3.64774, 0, 0, -0.968147, 0.250381, 100, 1, 120, 0, ''),
(@GGUID+499, 181194, 1, -8825.61, -2592.94, 19.9679, 1.44862, 0, 0, 0.66262, 0.748956, 100, 1, 120, 0, ''),
(@GGUID+500, 181194, 1, -8551.15, -2317.67, 28.2411, 4.79966, 0, 0, -0.67559, 0.737278, 100, 1, 120, 0, ''),
(@GGUID+501, 181194, 1, -7327.44, -3954.89, 9.90071, 4.79966, 0, 0, -0.67559, 0.737278, 100, 1, 120, 0, ''),
(@GGUID+502, 181194, 1, -8552.41, -2283.76, 25.6822, 2.58308, 0, 0, 0.961261, 0.27564, 100, 1, 120, 0, ''),
(@GGUID+503, 181194, 1, -7221.92, -3543.15, 12.2587, 2.58308, 0, 0, 0.961261, 0.27564, 100, 1, 120, 0, ''),
(@GGUID+504, 181194, 1, -8559.13, -2310.88, 26.9176, 0.453785, 0, 0, 0.224951, 0.97437, 100, 1, 120, 0, ''),
(@GGUID+505, 181194, 1, -8815.01, -2593.01, 18.4082, 0.453785, 0, 0, 0.224951, 0.97437, 100, 1, 120, 0, ''),
(@GGUID+506, 181194, 1, -7231.16, -3531.78, 12.2061, 3.64774, 0, 0, -0.968147, 0.250381, 100, 1, 120, 0, ''),
(@GGUID+507, 181194, 1, -7238.64, -3550.66, 13.5652, 3.05433, 0, 0, 0.999048, 0.0436193, 100, 1, 120, 0, ''),
(@GGUID+508, 181194, 1, -7243.45, -3571.51, 11.2861, 4.86947, 0, 0, -0.649447, 0.760406, 100, 1, 120, 0, ''),
(@GGUID+509, 181194, 1, -7312.98, -3967.9, 9.9058, 3.01941, 0, 0, 0.998135, 0.0610518, 100, 1, 120, 0, ''),
(@GGUID+510, 181194, 1, -8825.25, -2593.34, 20.0255, 4.79966, 0, 0, -0.67559, 0.737278, 100, 1, 120, 0, ''),
(@GGUID+511, 181194, 1, -7319.34, -3979.53, 11.8133, 0.453785, 0, 0, 0.224951, 0.97437, 100, 1, 120, 0, ''),
(@GGUID+512, 181194, 1, -7327.71, -3983.61, 12.3456, 1.44862, 0, 0, 0.66262, 0.748956, 100, 1, 120, 0, ''),
(@GGUID+513, 181194, 1, -7338.49, -3993.56, 10.4255, 5.07891, 0, 0, -0.566406, 0.824126, 100, 1, 120, 0, ''),
(@GGUID+514, 181194, 1, -8140.04, -3818.99, 14.6955, 2.58308, 0, 0, 0.961261, 0.27564, 100, 1, 120, 0, ''),
(@GGUID+515, 181194, 1, -8142.68, -3794.19, 12.3602, 4.79966, 0, 0, -0.67559, 0.737278, 100, 1, 120, 0, ''),
(@GGUID+516, 181194, 1, -8152.87, -3822.27, 15.711, 5.51524, 0, 0, -0.374606, 0.927184, 100, 1, 120, 0, ''),
(@GGUID+517, 181194, 1, -8459.59, -3835.74, 12.9851, 5.51524, 0, 0, -0.374606, 0.927184, 100, 1, 120, 0, ''),
(@GGUID+518, 181194, 1, -8456.02, -3812.77, 10.9128, 0.523598, 0, 0, 0.258819, 0.965926, 100, 1, 120, 0, ''),
(@GGUID+519, 181194, 1, -8445.57, -3821.65, 11.7236, 2.58308, 0, 0, 0.961261, 0.27564, 100, 1, 120, 0, ''),
(@GGUID+520, 181194, 1, -8443.05, -3835.11, 12.3717, 5.07891, 0, 0, -0.566406, 0.824126, 100, 1, 120, 0, ''),
(@GGUID+521, 181194, 1, -8362.51, -4219.57, 12.9193, 0.523598, 0, 0, 0.258819, 0.965926, 100, 1, 120, 0, ''),
(@GGUID+522, 181194, 1, -8348.64, -4199.97, 11.6817, 5.37562, 0, 0, -0.438371, 0.898794, 100, 1, 120, 0, ''),
(@GGUID+523, 181194, 1, -8322.27, -4187.97, 12.7111, 4.79966, 0, 0, -0.67559, 0.737278, 100, 1, 120, 0, ''),
(@GGUID+524, 181194, 1, -7646.29, -3711.4, 21.3581, 2.58308, 0, 0, 0.961261, 0.27564, 100, 1, 120, 0, ''),
(@GGUID+525, 181194, 1, -8477.85, -3845.78, 19.6327, 4.79966, 0, 0, -0.67559, 0.737278, 100, 1, 120, 0, ''),
(@GGUID+526, 181194, 1, -7339.7, -3980.84, 10.4953, 3.31614, 0, 0, -0.996194, 0.087165, 100, 1, 120, 0, ''),
(@GGUID+527, 181194, 1, -8467.81, -3859.59, 17.4158, 3.01941, 0, 0, 0.998135, 0.0610518, 100, 1, 120, 0, ''),
(@GGUID+528, 181194, 1, -8537.66, -2314.78, 29.8219, 3.05433, 0, 0, 0.999048, 0.0436193, 100, 1, 120, 0, ''),
(@GGUID+529, 181194, 1, -7611.75, -3734.01, 16.4665, 1.32645, 0, 0, 0.615661, 0.788011, 100, 1, 120, 0, ''),
(@GGUID+530, 181194, 1, -7617.77, -3720.18, 17.7926, 3.01941, 0, 0, 0.998135, 0.0610518, 100, 1, 120, 0, ''),
(@GGUID+531, 181194, 1, -7623.2, -3732.59, 18.284, 0.523598, 0, 0, 0.258819, 0.965926, 100, 1, 120, 0, ''),
(@GGUID+532, 181194, 1, -7628.35, -3722.85, 18.6309, 4.31097, 0, 0, -0.833885, 0.551938, 100, 1, 120, 0, ''),
(@GGUID+533, 181194, 1, -8487.15, -3797.78, 16.1267, 5.37562, 0, 0, -0.438371, 0.898794, 100, 1, 120, 0, ''),
(@GGUID+534, 181194, 1, -8486.24, -3849.88, 22.2001, 5.37562, 0, 0, -0.438371, 0.898794, 100, 1, 120, 0, ''),
(@GGUID+535, 181194, 1, -7645.56, -3725.55, 23.1402, 3.05433, 0, 0, 0.999048, 0.0436193, 100, 1, 120, 0, ''),
(@GGUID+536, 181194, 1, -8314.28, -4204.59, 10.916, 3.31614, 0, 0, -0.996194, 0.087165, 100, 1, 120, 0, ''),
(@GGUID+537, 181215, 1, -7399.95, -3733.06, 61.0504, 5.81195, 0, 0, -0.233445, 0.97237, 100, 1, 120, 0, ''),
(@GGUID+538, 181215, 1, -8633.21, -2499.82, 114.017, 2.82743, 0, 0, 0.987688, 0.156436, 100, 1, 120, 0, ''),
(@GGUID+539, 181215, 1, -8333.68, -3966.4, 77.8483, 1.37881, 0, 0, 0.636078, 0.771625, 100, 1, 120, 0, '');
DELETE FROM `game_event_gameobject` WHERE `eventEntry` = @scourge_tanaris AND `guid` BETWEEN @GGUID+276 AND @GGUID+539;
INSERT INTO `game_event_gameobject` (`eventEntry`, `guid`) VALUES
(@scourge_tanaris, @GGUID+276),
(@scourge_tanaris, @GGUID+277),
(@scourge_tanaris, @GGUID+278),
(@scourge_tanaris, @GGUID+279),
(@scourge_tanaris, @GGUID+280),
(@scourge_tanaris, @GGUID+281),
(@scourge_tanaris, @GGUID+282),
(@scourge_tanaris, @GGUID+283),
(@scourge_tanaris, @GGUID+284),
(@scourge_tanaris, @GGUID+285),
(@scourge_tanaris, @GGUID+286),
(@scourge_tanaris, @GGUID+287),
(@scourge_tanaris, @GGUID+288),
(@scourge_tanaris, @GGUID+289),
(@scourge_tanaris, @GGUID+290),
(@scourge_tanaris, @GGUID+291),
(@scourge_tanaris, @GGUID+292),
(@scourge_tanaris, @GGUID+293),
(@scourge_tanaris, @GGUID+294),
(@scourge_tanaris, @GGUID+295),
(@scourge_tanaris, @GGUID+296),
(@scourge_tanaris, @GGUID+297),
(@scourge_tanaris, @GGUID+298),
(@scourge_tanaris, @GGUID+299),
(@scourge_tanaris, @GGUID+300),
(@scourge_tanaris, @GGUID+301),
(@scourge_tanaris, @GGUID+302),
(@scourge_tanaris, @GGUID+303),
(@scourge_tanaris, @GGUID+304),
(@scourge_tanaris, @GGUID+305),
(@scourge_tanaris, @GGUID+306),
(@scourge_tanaris, @GGUID+307),
(@scourge_tanaris, @GGUID+308),
(@scourge_tanaris, @GGUID+309),
(@scourge_tanaris, @GGUID+310),
(@scourge_tanaris, @GGUID+311),
(@scourge_tanaris, @GGUID+312),
(@scourge_tanaris, @GGUID+313),
(@scourge_tanaris, @GGUID+314),
(@scourge_tanaris, @GGUID+315),
(@scourge_tanaris, @GGUID+316),
(@scourge_tanaris, @GGUID+317),
(@scourge_tanaris, @GGUID+318),
(@scourge_tanaris, @GGUID+319),
(@scourge_tanaris, @GGUID+320),
(@scourge_tanaris, @GGUID+321),
(@scourge_tanaris, @GGUID+322),
(@scourge_tanaris, @GGUID+323),
(@scourge_tanaris, @GGUID+324),
(@scourge_tanaris, @GGUID+325),
(@scourge_tanaris, @GGUID+326),
(@scourge_tanaris, @GGUID+327),
(@scourge_tanaris, @GGUID+328),
(@scourge_tanaris, @GGUID+329),
(@scourge_tanaris, @GGUID+330),
(@scourge_tanaris, @GGUID+331),
(@scourge_tanaris, @GGUID+332),
(@scourge_tanaris, @GGUID+333),
(@scourge_tanaris, @GGUID+334),
(@scourge_tanaris, @GGUID+335),
(@scourge_tanaris, @GGUID+336),
(@scourge_tanaris, @GGUID+337),
(@scourge_tanaris, @GGUID+338),
(@scourge_tanaris, @GGUID+339),
(@scourge_tanaris, @GGUID+340),
(@scourge_tanaris, @GGUID+341),
(@scourge_tanaris, @GGUID+342),
(@scourge_tanaris, @GGUID+343),
(@scourge_tanaris, @GGUID+344),
(@scourge_tanaris, @GGUID+345),
(@scourge_tanaris, @GGUID+346),
(@scourge_tanaris, @GGUID+347),
(@scourge_tanaris, @GGUID+348),
(@scourge_tanaris, @GGUID+349),
(@scourge_tanaris, @GGUID+350),
(@scourge_tanaris, @GGUID+351),
(@scourge_tanaris, @GGUID+352),
(@scourge_tanaris, @GGUID+353),
(@scourge_tanaris, @GGUID+354),
(@scourge_tanaris, @GGUID+355),
(@scourge_tanaris, @GGUID+356),
(@scourge_tanaris, @GGUID+357),
(@scourge_tanaris, @GGUID+358),
(@scourge_tanaris, @GGUID+359),
(@scourge_tanaris, @GGUID+360),
(@scourge_tanaris, @GGUID+361),
(@scourge_tanaris, @GGUID+362),
(@scourge_tanaris, @GGUID+363),
(@scourge_tanaris, @GGUID+364),
(@scourge_tanaris, @GGUID+365),
(@scourge_tanaris, @GGUID+366),
(@scourge_tanaris, @GGUID+367),
(@scourge_tanaris, @GGUID+368),
(@scourge_tanaris, @GGUID+369),
(@scourge_tanaris, @GGUID+370),
(@scourge_tanaris, @GGUID+371),
(@scourge_tanaris, @GGUID+372),
(@scourge_tanaris, @GGUID+373),
(@scourge_tanaris, @GGUID+374),
(@scourge_tanaris, @GGUID+375),
(@scourge_tanaris, @GGUID+376),
(@scourge_tanaris, @GGUID+377),
(@scourge_tanaris, @GGUID+378),
(@scourge_tanaris, @GGUID+379),
(@scourge_tanaris, @GGUID+380),
(@scourge_tanaris, @GGUID+381),
(@scourge_tanaris, @GGUID+382),
(@scourge_tanaris, @GGUID+383),
(@scourge_tanaris, @GGUID+384),
(@scourge_tanaris, @GGUID+385),
(@scourge_tanaris, @GGUID+386),
(@scourge_tanaris, @GGUID+387),
(@scourge_tanaris, @GGUID+388),
(@scourge_tanaris, @GGUID+389),
(@scourge_tanaris, @GGUID+390),
(@scourge_tanaris, @GGUID+391),
(@scourge_tanaris, @GGUID+392),
(@scourge_tanaris, @GGUID+393),
(@scourge_tanaris, @GGUID+394),
(@scourge_tanaris, @GGUID+395),
(@scourge_tanaris, @GGUID+396),
(@scourge_tanaris, @GGUID+397),
(@scourge_tanaris, @GGUID+398),
(@scourge_tanaris, @GGUID+399),
(@scourge_tanaris, @GGUID+400),
(@scourge_tanaris, @GGUID+401),
(@scourge_tanaris, @GGUID+402),
(@scourge_tanaris, @GGUID+403),
(@scourge_tanaris, @GGUID+404),
(@scourge_tanaris, @GGUID+405),
(@scourge_tanaris, @GGUID+406),
(@scourge_tanaris, @GGUID+407),
(@scourge_tanaris, @GGUID+408),
(@scourge_tanaris, @GGUID+409),
(@scourge_tanaris, @GGUID+410),
(@scourge_tanaris, @GGUID+411),
(@scourge_tanaris, @GGUID+412),
(@scourge_tanaris, @GGUID+413),
(@scourge_tanaris, @GGUID+414),
(@scourge_tanaris, @GGUID+415),
(@scourge_tanaris, @GGUID+416),
(@scourge_tanaris, @GGUID+417),
(@scourge_tanaris, @GGUID+418),
(@scourge_tanaris, @GGUID+419),
(@scourge_tanaris, @GGUID+420),
(@scourge_tanaris, @GGUID+421),
(@scourge_tanaris, @GGUID+422),
(@scourge_tanaris, @GGUID+423),
(@scourge_tanaris, @GGUID+424),
(@scourge_tanaris, @GGUID+425),
(@scourge_tanaris, @GGUID+426),
(@scourge_tanaris, @GGUID+427),
(@scourge_tanaris, @GGUID+428),
(@scourge_tanaris, @GGUID+429),
(@scourge_tanaris, @GGUID+430),
(@scourge_tanaris, @GGUID+431),
(@scourge_tanaris, @GGUID+432),
(@scourge_tanaris, @GGUID+433),
(@scourge_tanaris, @GGUID+434),
(@scourge_tanaris, @GGUID+435),
(@scourge_tanaris, @GGUID+436),
(@scourge_tanaris, @GGUID+437),
(@scourge_tanaris, @GGUID+438),
(@scourge_tanaris, @GGUID+439),
(@scourge_tanaris, @GGUID+440),
(@scourge_tanaris, @GGUID+441),
(@scourge_tanaris, @GGUID+442),
(@scourge_tanaris, @GGUID+443),
(@scourge_tanaris, @GGUID+444),
(@scourge_tanaris, @GGUID+445),
(@scourge_tanaris, @GGUID+446),
(@scourge_tanaris, @GGUID+447),
(@scourge_tanaris, @GGUID+448),
(@scourge_tanaris, @GGUID+449),
(@scourge_tanaris, @GGUID+450),
(@scourge_tanaris, @GGUID+451),
(@scourge_tanaris, @GGUID+452),
(@scourge_tanaris, @GGUID+453),
(@scourge_tanaris, @GGUID+454),
(@scourge_tanaris, @GGUID+455),
(@scourge_tanaris, @GGUID+456),
(@scourge_tanaris, @GGUID+457),
(@scourge_tanaris, @GGUID+458),
(@scourge_tanaris, @GGUID+459),
(@scourge_tanaris, @GGUID+460),
(@scourge_tanaris, @GGUID+461),
(@scourge_tanaris, @GGUID+462),
(@scourge_tanaris, @GGUID+463),
(@scourge_tanaris, @GGUID+464),
(@scourge_tanaris, @GGUID+465),
(@scourge_tanaris, @GGUID+466),
(@scourge_tanaris, @GGUID+467),
(@scourge_tanaris, @GGUID+468),
(@scourge_tanaris, @GGUID+469),
(@scourge_tanaris, @GGUID+470),
(@scourge_tanaris, @GGUID+471),
(@scourge_tanaris, @GGUID+472),
(@scourge_tanaris, @GGUID+473),
(@scourge_tanaris, @GGUID+474),
(@scourge_tanaris, @GGUID+475),
(@scourge_tanaris, @GGUID+476),
(@scourge_tanaris, @GGUID+477),
(@scourge_tanaris, @GGUID+478),
(@scourge_tanaris, @GGUID+479),
(@scourge_tanaris, @GGUID+480),
(@scourge_tanaris, @GGUID+481),
(@scourge_tanaris, @GGUID+482),
(@scourge_tanaris, @GGUID+483),
(@scourge_tanaris, @GGUID+484),
(@scourge_tanaris, @GGUID+485),
(@scourge_tanaris, @GGUID+486),
(@scourge_tanaris, @GGUID+487),
(@scourge_tanaris, @GGUID+488),
(@scourge_tanaris, @GGUID+489),
(@scourge_tanaris, @GGUID+490),
(@scourge_tanaris, @GGUID+491),
(@scourge_tanaris, @GGUID+492),
(@scourge_tanaris, @GGUID+493),
(@scourge_tanaris, @GGUID+494),
(@scourge_tanaris, @GGUID+495),
(@scourge_tanaris, @GGUID+496),
(@scourge_tanaris, @GGUID+497),
(@scourge_tanaris, @GGUID+498),
(@scourge_tanaris, @GGUID+499),
(@scourge_tanaris, @GGUID+500),
(@scourge_tanaris, @GGUID+501),
(@scourge_tanaris, @GGUID+502),
(@scourge_tanaris, @GGUID+503),
(@scourge_tanaris, @GGUID+504),
(@scourge_tanaris, @GGUID+505),
(@scourge_tanaris, @GGUID+506),
(@scourge_tanaris, @GGUID+507),
(@scourge_tanaris, @GGUID+508),
(@scourge_tanaris, @GGUID+509),
(@scourge_tanaris, @GGUID+510),
(@scourge_tanaris, @GGUID+511),
(@scourge_tanaris, @GGUID+512),
(@scourge_tanaris, @GGUID+513),
(@scourge_tanaris, @GGUID+514),
(@scourge_tanaris, @GGUID+515),
(@scourge_tanaris, @GGUID+516),
(@scourge_tanaris, @GGUID+517),
(@scourge_tanaris, @GGUID+518),
(@scourge_tanaris, @GGUID+519),
(@scourge_tanaris, @GGUID+520),
(@scourge_tanaris, @GGUID+521),
(@scourge_tanaris, @GGUID+522),
(@scourge_tanaris, @GGUID+523),
(@scourge_tanaris, @GGUID+524),
(@scourge_tanaris, @GGUID+525),
(@scourge_tanaris, @GGUID+526),
(@scourge_tanaris, @GGUID+527),
(@scourge_tanaris, @GGUID+528),
(@scourge_tanaris, @GGUID+529),
(@scourge_tanaris, @GGUID+530),
(@scourge_tanaris, @GGUID+531),
(@scourge_tanaris, @GGUID+532),
(@scourge_tanaris, @GGUID+533),
(@scourge_tanaris, @GGUID+534),
(@scourge_tanaris, @GGUID+535),
(@scourge_tanaris, @GGUID+536),
(@scourge_tanaris, @GGUID+537),
(@scourge_tanaris, @GGUID+538),
(@scourge_tanaris, @GGUID+539);

DELETE FROM `gameobject` WHERE `guid` BETWEEN @GGUID+540 AND @GGUID+715 AND `id` IN (181154, 181191, 181192, 181193, 181194, 181136, 181173, 181174);
INSERT INTO `gameobject` (`guid`, `id`, `map`, `position_x`, `position_y`, `position_z`, `orientation`, `rotation0`, `rotation1`, `rotation2`, `rotation3`, `animprogress`, `state`, `spawntimesecs`, `VerifiedBuild`, `Comment`) VALUES
(@GGUID+540, 181136, 1, 3086.48, -4215.71, 97.6507, 0.244346, 0, 0, 0.121869, 0.992546, 100, 1, 120, 0, ''),
(@GGUID+541, 181136, 1, 3337.51, -4516.62, 97.713, 0.244346, 0, 0, 0.121869, 0.992546, 100, 1, 120, 0, ''),
(@GGUID+542, 181136, 1, 3366.27, -5566.33, 11.1423, 4.79966, 0, 0, -0.67559, 0.737278, 100, 1, 120, 0, ''),
(@GGUID+543, 181136, 1, 3516.26, -4151.81, 106.875, 0.244346, 0, 0, 0.121869, 0.992546, 100, 1, 120, 0, ''),
(@GGUID+544, 181136, 1, 3518.32, -5712.41, 4.82692, 0.244346, 0, 0, 0.121869, 0.992546, 100, 1, 120, 0, ''),
(@GGUID+545, 181136, 1, 3666.47, -5533.42, 20.5987, 4.60767, 0, 0, -0.743144, 0.669132, 100, 1, 120, 0, ''),
(@GGUID+546, 181154, 1, 3544.98, -5610.26, 67.1127, 2.82743, 0, 0, 0.987688, 0.156436, 100, 1, 120, 0, ''),
(@GGUID+547, 181154, 1, 3299.55, -4301.3, 177.808, 5.81195, 0, 0, -0.233445, 0.97237, 100, 1, 120, 0, ''),
(@GGUID+548, 181173, 1, 3494.83, -4134.08, 104.549, 1.44862, 0, 0, 0.66262, 0.748956, 100, 1, 120, 0, ''),
(@GGUID+549, 181173, 1, 3499.85, -5706.13, 4.64753, 5.42798, 0, 0, -0.414693, 0.909962, 100, 1, 120, 0, ''),
(@GGUID+550, 181173, 1, 3505.47, -5728.37, 5.0291, 0.890117, 0, 0, 0.43051, 0.902586, 100, 1, 120, 0, ''),
(@GGUID+551, 181173, 1, 3513.6, -4181.8, 101.187, 5.42798, 0, 0, -0.414693, 0.909962, 100, 1, 120, 0, ''),
(@GGUID+552, 181173, 1, 3522.2, -5691.11, 5.19167, 1.44862, 0, 0, 0.66262, 0.748956, 100, 1, 120, 0, ''),
(@GGUID+553, 181173, 1, 3526.99, -4129.5, 107.352, 3.87463, 0, 0, -0.93358, 0.358368, 100, 1, 120, 0, ''),
(@GGUID+554, 181173, 1, 3532.96, -5729.75, 1.78794, 1.90241, 0, 0, 0.814116, 0.580703, 100, 1, 120, 0, ''),
(@GGUID+555, 181173, 1, 3536.09, -5705.18, 6.73484, 3.87463, 0, 0, -0.93358, 0.358368, 100, 1, 120, 0, ''),
(@GGUID+556, 181173, 1, 3539.52, -4163.67, 106.101, 1.90241, 0, 0, 0.814116, 0.580703, 100, 1, 120, 0, ''),
(@GGUID+557, 181173, 1, 3649.75, -5535.95, 22.1447, 1.90241, 0, 0, 0.814116, 0.580703, 100, 1, 120, 0, ''),
(@GGUID+558, 181173, 1, 3661.16, -5551.96, 17.9784, 0.890117, 0, 0, 0.43051, 0.902586, 100, 1, 120, 0, ''),
(@GGUID+559, 181173, 1, 3663.16, -5517.9, 23.888, 3.87463, 0, 0, -0.93358, 0.358368, 100, 1, 120, 0, ''),
(@GGUID+560, 181173, 1, 3680.94, -5543.86, 17.4121, 5.42798, 0, 0, -0.414693, 0.909962, 100, 1, 120, 0, ''),
(@GGUID+561, 181173, 1, 3682.33, -5524.87, 21.3495, 1.44862, 0, 0, 0.66262, 0.748956, 100, 1, 120, 0, ''),
(@GGUID+562, 181173, 1, 3490.81, -4165.98, 100.503, 0.890117, 0, 0, 0.43051, 0.902586, 100, 1, 120, 0, ''),
(@GGUID+563, 181173, 1, 3386.65, -5576.33, 9.43248, 5.42798, 0, 0, -0.414693, 0.909962, 100, 1, 120, 0, ''),
(@GGUID+564, 181173, 1, 3063.17, -4228.82, 95.5224, 3.87463, 0, 0, -0.93358, 0.358368, 100, 1, 120, 0, ''),
(@GGUID+565, 181173, 1, 3063.44, -4206.71, 95.1969, 1.44862, 0, 0, 0.66262, 0.748956, 100, 1, 120, 0, ''),
(@GGUID+566, 181173, 1, 3089.63, -4194.87, 98.314, 1.90241, 0, 0, 0.814116, 0.580703, 100, 1, 120, 0, ''),
(@GGUID+567, 181173, 1, 3089.73, -4242.71, 97.7909, 5.42798, 0, 0, -0.414693, 0.909962, 100, 1, 120, 0, ''),
(@GGUID+568, 181173, 1, 3109.54, -4220.91, 99.2763, 0.890117, 0, 0, 0.43051, 0.902586, 100, 1, 120, 0, ''),
(@GGUID+569, 181173, 1, 3328.39, -4508.51, 97.6156, 1.44862, 0, 0, 0.66262, 0.748956, 100, 1, 120, 0, ''),
(@GGUID+570, 181173, 1, 3333.68, -4529.75, 98.2623, 5.42798, 0, 0, -0.414693, 0.909962, 100, 1, 120, 0, ''),
(@GGUID+571, 181173, 1, 3339.81, -4501.66, 96.8962, 3.87463, 0, 0, -0.93358, 0.358368, 100, 1, 120, 0, ''),
(@GGUID+572, 181173, 1, 3380.18, -5556.31, 13.0397, 1.90241, 0, 0, 0.814116, 0.580703, 100, 1, 120, 0, ''),
(@GGUID+573, 181173, 1, 3366.75, -5584.61, 8.67064, 0.890117, 0, 0, 0.43051, 0.902586, 100, 1, 120, 0, ''),
(@GGUID+574, 181173, 1, 3352.04, -4514.34, 98.9571, 1.90241, 0, 0, 0.814116, 0.580703, 100, 1, 120, 0, ''),
(@GGUID+575, 181173, 1, 3351.3, -5559.0, 13.5844, 3.87463, 0, 0, -0.93358, 0.358368, 100, 1, 120, 0, ''),
(@GGUID+576, 181173, 1, 3349.61, -5577.22, 10.1002, 1.44862, 0, 0, 0.66262, 0.748956, 100, 1, 120, 0, ''),
(@GGUID+577, 181173, 1, 3348.73, -4525.94, 98.1148, 0.890117, 0, 0, 0.43051, 0.902586, 100, 1, 120, 0, ''),
(@GGUID+578, 181174, 1, 3526.99, -4129.5, 107.352, 3.87463, 0, 0, -0.93358, 0.358368, 100, 1, 120, 0, ''),
(@GGUID+579, 181174, 1, 3522.2, -5691.11, 5.19167, 1.44862, 0, 0, 0.66262, 0.748956, 100, 1, 120, 0, ''),
(@GGUID+580, 181174, 1, 3513.6, -4181.8, 101.187, 5.42798, 0, 0, -0.414693, 0.909962, 100, 1, 120, 0, ''),
(@GGUID+581, 181174, 1, 3505.47, -5728.37, 5.0291, 0.890117, 0, 0, 0.43051, 0.902586, 100, 1, 120, 0, ''),
(@GGUID+582, 181174, 1, 3499.85, -5706.13, 4.64753, 5.42798, 0, 0, -0.414693, 0.909962, 100, 1, 120, 0, ''),
(@GGUID+583, 181174, 1, 3494.83, -4134.08, 104.549, 1.44862, 0, 0, 0.66262, 0.748956, 100, 1, 120, 0, ''),
(@GGUID+584, 181174, 1, 3532.96, -5729.75, 1.78794, 1.90241, 0, 0, 0.814116, 0.580703, 100, 1, 120, 0, ''),
(@GGUID+585, 181174, 1, 3536.09, -5705.18, 6.73484, 3.87463, 0, 0, -0.93358, 0.358368, 100, 1, 120, 0, ''),
(@GGUID+586, 181174, 1, 3539.52, -4163.67, 106.101, 1.90241, 0, 0, 0.814116, 0.580703, 100, 1, 120, 0, ''),
(@GGUID+587, 181174, 1, 3649.75, -5535.95, 22.1447, 1.90241, 0, 0, 0.814116, 0.580703, 100, 1, 120, 0, ''),
(@GGUID+588, 181174, 1, 3661.16, -5551.96, 17.9784, 0.890117, 0, 0, 0.43051, 0.902586, 100, 1, 120, 0, ''),
(@GGUID+589, 181174, 1, 3663.16, -5517.9, 23.888, 3.87463, 0, 0, -0.93358, 0.358368, 100, 1, 120, 0, ''),
(@GGUID+590, 181174, 1, 3680.94, -5543.86, 17.4121, 5.42798, 0, 0, -0.414693, 0.909962, 100, 1, 120, 0, ''),
(@GGUID+591, 181174, 1, 3682.33, -5524.87, 21.3495, 1.44862, 0, 0, 0.66262, 0.748956, 100, 1, 120, 0, ''),
(@GGUID+592, 181174, 1, 3490.81, -4165.98, 100.503, 0.890117, 0, 0, 0.43051, 0.902586, 100, 1, 120, 0, ''),
(@GGUID+593, 181174, 1, 3386.65, -5576.33, 9.43248, 5.42798, 0, 0, -0.414693, 0.909962, 100, 1, 120, 0, ''),
(@GGUID+594, 181174, 1, 3063.17, -4228.82, 95.5224, 3.87463, 0, 0, -0.93358, 0.358368, 100, 1, 120, 0, ''),
(@GGUID+595, 181174, 1, 3063.44, -4206.71, 95.1969, 1.44862, 0, 0, 0.66262, 0.748956, 100, 1, 120, 0, ''),
(@GGUID+596, 181174, 1, 3089.63, -4194.87, 98.314, 1.90241, 0, 0, 0.814116, 0.580703, 100, 1, 120, 0, ''),
(@GGUID+597, 181174, 1, 3089.73, -4242.71, 97.7909, 5.42798, 0, 0, -0.414693, 0.909962, 100, 1, 120, 0, ''),
(@GGUID+598, 181174, 1, 3109.54, -4220.91, 99.2763, 0.890117, 0, 0, 0.43051, 0.902586, 100, 1, 120, 0, ''),
(@GGUID+599, 181174, 1, 3328.39, -4508.51, 97.6156, 1.44862, 0, 0, 0.66262, 0.748956, 100, 1, 120, 0, ''),
(@GGUID+600, 181174, 1, 3333.68, -4529.75, 98.2623, 5.42798, 0, 0, -0.414693, 0.909962, 100, 1, 120, 0, ''),
(@GGUID+601, 181174, 1, 3339.81, -4501.66, 96.8962, 3.87463, 0, 0, -0.93358, 0.358368, 100, 1, 120, 0, ''),
(@GGUID+602, 181174, 1, 3380.18, -5556.31, 13.0397, 1.90241, 0, 0, 0.814116, 0.580703, 100, 1, 120, 0, ''),
(@GGUID+603, 181174, 1, 3366.75, -5584.61, 8.67064, 0.890117, 0, 0, 0.43051, 0.902586, 100, 1, 120, 0, ''),
(@GGUID+604, 181174, 1, 3352.04, -4514.34, 98.9571, 1.90241, 0, 0, 0.814116, 0.580703, 100, 1, 120, 0, ''),
(@GGUID+605, 181174, 1, 3351.3, -5559.0, 13.5844, 3.87463, 0, 0, -0.93358, 0.358368, 100, 1, 120, 0, ''),
(@GGUID+606, 181174, 1, 3349.61, -5577.22, 10.1002, 1.44862, 0, 0, 0.66262, 0.748956, 100, 1, 120, 0, ''),
(@GGUID+607, 181174, 1, 3348.73, -4525.94, 98.1148, 0.890117, 0, 0, 0.43051, 0.902586, 100, 1, 120, 0, ''),
(@GGUID+608, 181191, 1, 3341.19, -4531.52, 98.2102, 5.51524, 0, 0, -0.374606, 0.927184, 100, 1, 120, 0, ''),
(@GGUID+609, 181191, 1, 3508.5, -5736.2, 4.35272, 2.44346, 0, 0, 0.939692, 0.342021, 100, 1, 120, 0, ''),
(@GGUID+610, 181191, 1, 3511.88, -4129.86, 104.967, 3.01941, 0, 0, 0.998135, 0.0610518, 100, 1, 120, 0, ''),
(@GGUID+611, 181191, 1, 3332.66, -4503.76, 96.8936, 2.44346, 0, 0, 0.939692, 0.342021, 100, 1, 120, 0, ''),
(@GGUID+612, 181191, 1, 3330.0, -4536.22, 97.9976, 2.58308, 0, 0, 0.961261, 0.27564, 100, 1, 120, 0, ''),
(@GGUID+613, 181191, 1, 3527.61, -4151.38, 107.674, 4.79966, 0, 0, -0.67559, 0.737278, 100, 1, 120, 0, ''),
(@GGUID+614, 181191, 1, 3507.85, -4169.18, 103.104, 4.31097, 0, 0, -0.833885, 0.551938, 100, 1, 120, 0, ''),
(@GGUID+615, 181191, 1, 3505.94, -4150.03, 105.143, 2.44346, 0, 0, 0.939692, 0.342021, 100, 1, 120, 0, ''),
(@GGUID+616, 181191, 1, 3496.41, -5710.4, 5.28776, 5.51524, 0, 0, -0.374606, 0.927184, 100, 1, 120, 0, ''),
(@GGUID+617, 181191, 1, 3343.99, -5558.02, 14.9818, 0.453785, 0, 0, 0.224951, 0.97437, 100, 1, 120, 0, ''),
(@GGUID+618, 181191, 1, 3494.5, -5692.49, 4.33028, 1.32645, 0, 0, 0.615661, 0.788011, 100, 1, 120, 0, ''),
(@GGUID+619, 181191, 1, 3353.99, -4508.56, 98.3366, 5.37562, 0, 0, -0.438371, 0.898794, 100, 1, 120, 0, ''),
(@GGUID+620, 181191, 1, 3354.31, -4508.55, 98.3604, 5.37562, 0, 0, -0.438371, 0.898794, 100, 1, 120, 0, ''),
(@GGUID+621, 181191, 1, 3395.37, -5566.75, 11.567, 1.32645, 0, 0, 0.615661, 0.788011, 100, 1, 120, 0, ''),
(@GGUID+622, 181191, 1, 3388.04, -5552.5, 13.7602, 1.44862, 0, 0, 0.66262, 0.748956, 100, 1, 120, 0, ''),
(@GGUID+623, 181191, 1, 3322.93, -4535.42, 97.9271, 4.79966, 0, 0, -0.67559, 0.737278, 100, 1, 120, 0, ''),
(@GGUID+624, 181191, 1, 3535.08, -4142.74, 107.557, 3.64774, 0, 0, -0.968147, 0.250381, 100, 1, 120, 0, ''),
(@GGUID+625, 181191, 1, 3086.07, -4226.38, 96.6846, 5.07891, 0, 0, -0.566406, 0.824126, 100, 1, 120, 0, ''),
(@GGUID+626, 181191, 1, 3635.89, -5546.44, 20.9121, 4.86947, 0, 0, -0.649447, 0.760406, 100, 1, 120, 0, ''),
(@GGUID+627, 181191, 1, 3098.37, -4214.79, 98.0724, 5.37562, 0, 0, -0.438371, 0.898794, 100, 1, 120, 0, ''),
(@GGUID+628, 181191, 1, 3070.7, -4188.19, 96.9667, 5.37562, 0, 0, -0.438371, 0.898794, 100, 1, 120, 0, ''),
(@GGUID+629, 181191, 1, 3674.12, -5540.77, 18.4339, 5.37562, 0, 0, -0.438371, 0.898794, 100, 1, 120, 0, ''),
(@GGUID+630, 181191, 1, 3075.67, -4219.88, 95.7057, 4.86947, 0, 0, -0.649447, 0.760406, 100, 1, 120, 0, ''),
(@GGUID+631, 181191, 1, 3527.55, -4177.87, 103.897, 1.44862, 0, 0, 0.66262, 0.748956, 100, 1, 120, 0, ''),
(@GGUID+632, 181191, 1, 3072.05, -4189.65, 96.9118, 0.453785, 0, 0, 0.224951, 0.97437, 100, 1, 120, 0, ''),
(@GGUID+633, 181191, 1, 3377.61, -5570.81, 10.431, 3.31614, 0, 0, -0.996194, 0.087165, 100, 1, 120, 0, ''),
(@GGUID+634, 181191, 1, 3634.91, -5522.89, 23.6551, 0.453785, 0, 0, 0.224951, 0.97437, 100, 1, 120, 0, ''),
(@GGUID+635, 181192, 1, 3489.39, -4151.23, 103.572, 0.523598, 0, 0, 0.258819, 0.965926, 100, 1, 120, 0, ''),
(@GGUID+636, 181192, 1, 3395.81, -5587.91, 8.5719, 5.37562, 0, 0, -0.438371, 0.898794, 100, 1, 120, 0, ''),
(@GGUID+637, 181192, 1, 3667.36, -5561.11, 15.9933, 4.79966, 0, 0, -0.67559, 0.737278, 100, 1, 120, 0, ''),
(@GGUID+638, 181192, 1, 3532.85, -4143.78, 107.665, 5.37562, 0, 0, -0.438371, 0.898794, 100, 1, 120, 0, ''),
(@GGUID+639, 181192, 1, 3395.3, -5587.0, 8.63123, 5.37562, 0, 0, -0.438371, 0.898794, 100, 1, 120, 0, ''),
(@GGUID+640, 181192, 1, 3686.64, -5552.65, 15.6566, 4.31097, 0, 0, -0.833885, 0.551938, 100, 1, 120, 0, ''),
(@GGUID+641, 181192, 1, 3495.12, -5710.59, 5.39667, 0.523598, 0, 0, 0.258819, 0.965926, 100, 1, 120, 0, ''),
(@GGUID+642, 181192, 1, 3653.23, -5547.9, 19.7454, 4.79966, 0, 0, -0.67559, 0.737278, 100, 1, 120, 0, ''),
(@GGUID+643, 181192, 1, 3530.56, -5696.26, 6.54382, 5.07891, 0, 0, -0.566406, 0.824126, 100, 1, 120, 0, ''),
(@GGUID+644, 181192, 1, 3540.89, -5705.92, 6.91671, 3.31614, 0, 0, -0.996194, 0.087165, 100, 1, 120, 0, ''),
(@GGUID+645, 181192, 1, 3520.0, -4139.49, 107.101, 1.32645, 0, 0, 0.615661, 0.788011, 100, 1, 120, 0, ''),
(@GGUID+646, 181192, 1, 3512.79, -4127.95, 104.821, 5.37562, 0, 0, -0.438371, 0.898794, 100, 1, 120, 0, ''),
(@GGUID+647, 181192, 1, 3544.74, -5714.38, 4.59868, 2.58308, 0, 0, 0.961261, 0.27564, 100, 1, 120, 0, ''),
(@GGUID+648, 181192, 1, 3635.69, -5520.71, 23.9231, 3.05433, 0, 0, 0.999048, 0.0436193, 100, 1, 120, 0, ''),
(@GGUID+649, 181192, 1, 3701.38, -5541.03, 18.5767, 3.01941, 0, 0, 0.998135, 0.0610518, 100, 1, 120, 0, ''),
(@GGUID+650, 181192, 1, 3636.93, -5522.18, 23.8032, 3.64774, 0, 0, -0.968147, 0.250381, 100, 1, 120, 0, ''),
(@GGUID+651, 181192, 1, 3537.25, -4167.45, 105.964, 2.58308, 0, 0, 0.961261, 0.27564, 100, 1, 120, 0, ''),
(@GGUID+652, 181192, 1, 3063.93, -4216.36, 94.9908, 3.05433, 0, 0, 0.999048, 0.0436193, 100, 1, 120, 0, ''),
(@GGUID+653, 181192, 1, 3075.36, -4236.97, 97.2334, 0.523598, 0, 0, 0.258819, 0.965926, 100, 1, 120, 0, ''),
(@GGUID+654, 181192, 1, 3327.3, -4529.78, 98.2545, 1.44862, 0, 0, 0.66262, 0.748956, 100, 1, 120, 0, ''),
(@GGUID+655, 181192, 1, 3076.89, -4235.82, 97.1714, 3.31614, 0, 0, -0.996194, 0.087165, 100, 1, 120, 0, ''),
(@GGUID+656, 181192, 1, 3085.64, -4185.1, 97.9973, 2.58308, 0, 0, 0.961261, 0.27564, 100, 1, 120, 0, ''),
(@GGUID+657, 181192, 1, 3342.89, -4530.83, 98.2008, 4.79966, 0, 0, -0.67559, 0.737278, 100, 1, 120, 0, ''),
(@GGUID+658, 181192, 1, 3103.59, -4194.91, 101.387, 1.32645, 0, 0, 0.615661, 0.788011, 100, 1, 120, 0, ''),
(@GGUID+659, 181192, 1, 3353.43, -5588.57, 9.10668, 4.79966, 0, 0, -0.67559, 0.737278, 100, 1, 120, 0, ''),
(@GGUID+660, 181192, 1, 3062.9, -4217.87, 95.0052, 1.44862, 0, 0, 0.66262, 0.748956, 100, 1, 120, 0, ''),
(@GGUID+661, 181192, 1, 3341.89, -5573.16, 12.1904, 3.01941, 0, 0, 0.998135, 0.0610518, 100, 1, 120, 0, ''),
(@GGUID+662, 181192, 1, 3082.1, -4204.67, 97.3073, 2.44346, 0, 0, 0.939692, 0.342021, 100, 1, 120, 0, ''),
(@GGUID+663, 181192, 1, 3101.25, -4243.69, 98.4745, 4.79966, 0, 0, -0.67559, 0.737278, 100, 1, 120, 0, ''),
(@GGUID+664, 181192, 1, 3334.03, -4502.54, 96.8898, 5.07891, 0, 0, -0.566406, 0.824126, 100, 1, 120, 0, ''),
(@GGUID+665, 181192, 1, 3364.04, -5548.14, 15.0761, 4.79966, 0, 0, -0.67559, 0.737278, 100, 1, 120, 0, ''),
(@GGUID+666, 181193, 1, 3329.38, -4528.78, 98.2727, 3.31614, 0, 0, -0.996194, 0.087165, 100, 1, 120, 0, ''),
(@GGUID+667, 181193, 1, 3517.29, -4162.04, 105.765, 5.07891, 0, 0, -0.566406, 0.824126, 100, 1, 120, 0, ''),
(@GGUID+668, 181193, 1, 3666.53, -5560.65, 16.1447, 1.32645, 0, 0, 0.615661, 0.788011, 100, 1, 120, 0, ''),
(@GGUID+669, 181193, 1, 3323.2, -4536.07, 97.8793, 1.32645, 0, 0, 0.615661, 0.788011, 100, 1, 120, 0, ''),
(@GGUID+670, 181193, 1, 3104.79, -4193.94, 101.773, 4.79966, 0, 0, -0.67559, 0.737278, 100, 1, 120, 0, ''),
(@GGUID+671, 181193, 1, 3533.26, -4142.38, 107.664, 0.453785, 0, 0, 0.224951, 0.97437, 100, 1, 120, 0, ''),
(@GGUID+672, 181193, 1, 3102.88, -4243.38, 98.5706, 5.51524, 0, 0, -0.374606, 0.927184, 100, 1, 120, 0, ''),
(@GGUID+673, 181193, 1, 3081.1, -4205.11, 97.0449, 3.01941, 0, 0, 0.998135, 0.0610518, 100, 1, 120, 0, ''),
(@GGUID+674, 181193, 1, 3540.06, -5704.46, 7.14416, 4.31097, 0, 0, -0.833885, 0.551938, 100, 1, 120, 0, ''),
(@GGUID+675, 181193, 1, 3541.64, -5705.12, 7.10472, 1.44862, 0, 0, 0.66262, 0.748956, 100, 1, 120, 0, ''),
(@GGUID+676, 181193, 1, 3510.25, -5691.54, 4.28637, 5.37562, 0, 0, -0.438371, 0.898794, 100, 1, 120, 0, ''),
(@GGUID+677, 181193, 1, 3327.6, -4530.95, 98.2269, 3.05433, 0, 0, 0.999048, 0.0436193, 100, 1, 120, 0, ''),
(@GGUID+678, 181193, 1, 3378.7, -5570.63, 10.4669, 4.31097, 0, 0, -0.833885, 0.551938, 100, 1, 120, 0, ''),
(@GGUID+679, 181193, 1, 3700.34, -5543.09, 18.0561, 2.44346, 0, 0, 0.939692, 0.342021, 100, 1, 120, 0, ''),
(@GGUID+680, 181193, 1, 3394.31, -5565.42, 11.8053, 5.07891, 0, 0, -0.566406, 0.824126, 100, 1, 120, 0, ''),
(@GGUID+681, 181193, 1, 3394.7, -5567.41, 11.3836, 4.86947, 0, 0, -0.649447, 0.760406, 100, 1, 120, 0, ''),
(@GGUID+682, 181193, 1, 3687.64, -5551.49, 15.8381, 0.523598, 0, 0, 0.258819, 0.965926, 100, 1, 120, 0, ''),
(@GGUID+683, 181193, 1, 3487.37, -4150.98, 104.137, 5.51524, 0, 0, -0.374606, 0.927184, 100, 1, 120, 0, ''),
(@GGUID+684, 181193, 1, 3345.72, -4505.12, 97.3897, 3.64774, 0, 0, -0.968147, 0.250381, 100, 1, 120, 0, ''),
(@GGUID+685, 181193, 1, 3345.55, -4507.08, 97.6514, 0.453785, 0, 0, 0.224951, 0.97437, 100, 1, 120, 0, ''),
(@GGUID+686, 181193, 1, 3495.92, -5708.79, 5.05228, 4.79966, 0, 0, -0.67559, 0.737278, 100, 1, 120, 0, ''),
(@GGUID+687, 181193, 1, 3666.54, -5519.18, 23.2943, 5.37562, 0, 0, -0.438371, 0.898794, 100, 1, 120, 0, ''),
(@GGUID+688, 181193, 1, 3507.59, -5734.8, 4.43492, 3.01941, 0, 0, 0.998135, 0.0610518, 100, 1, 120, 0, ''),
(@GGUID+689, 181193, 1, 3342.97, -5574.26, 11.761, 2.44346, 0, 0, 0.939692, 0.342021, 100, 1, 120, 0, ''),
(@GGUID+690, 181193, 1, 3684.8, -5516.67, 23.3081, 3.31614, 0, 0, -0.996194, 0.087165, 100, 1, 120, 0, ''),
(@GGUID+691, 181193, 1, 3344.79, -4532.26, 98.1381, 0.523598, 0, 0, 0.258819, 0.965926, 100, 1, 120, 0, ''),
(@GGUID+692, 181194, 1, 3652.51, -5550.15, 19.4157, 5.51524, 0, 0, -0.374606, 0.927184, 100, 1, 120, 0, ''),
(@GGUID+693, 181194, 1, 3686.57, -5517.49, 23.1737, 1.44862, 0, 0, 0.66262, 0.748956, 100, 1, 120, 0, ''),
(@GGUID+694, 181194, 1, 3075.63, -4235.19, 97.0664, 4.31097, 0, 0, -0.833885, 0.551938, 100, 1, 120, 0, ''),
(@GGUID+695, 181194, 1, 3070.96, -4189.67, 96.8523, 3.64774, 0, 0, -0.968147, 0.250381, 100, 1, 120, 0, ''),
(@GGUID+696, 181194, 1, 3506.33, -4169.63, 102.766, 3.31614, 0, 0, -0.996194, 0.087165, 100, 1, 120, 0, ''),
(@GGUID+697, 181194, 1, 3685.18, -5518.93, 22.8104, 2.58308, 0, 0, 0.961261, 0.27564, 100, 1, 120, 0, ''),
(@GGUID+698, 181194, 1, 3634.7, -5544.98, 20.9806, 5.07891, 0, 0, -0.566406, 0.824126, 100, 1, 120, 0, ''),
(@GGUID+699, 181194, 1, 3539.51, -5722.72, 2.53295, 3.05433, 0, 0, 0.999048, 0.0436193, 100, 1, 120, 0, ''),
(@GGUID+700, 181194, 1, 3356.03, -5589.63, 8.83571, 5.51524, 0, 0, -0.374606, 0.927184, 100, 1, 120, 0, ''),
(@GGUID+701, 181194, 1, 3355.51, -4509.02, 98.5344, 3.01941, 0, 0, 0.998135, 0.0610518, 100, 1, 120, 0, ''),
(@GGUID+702, 181194, 1, 3355.24, -5588.03, 8.94121, 0.523598, 0, 0, 0.258819, 0.965926, 100, 1, 120, 0, ''),
(@GGUID+703, 181194, 1, 3488.67, -4149.57, 104.073, 4.79966, 0, 0, -0.67559, 0.737278, 100, 1, 120, 0, ''),
(@GGUID+704, 181194, 1, 3494.6, -5725.11, 6.93952, 4.79966, 0, 0, -0.67559, 0.737278, 100, 1, 120, 0, ''),
(@GGUID+705, 181194, 1, 3376.25, -5586.27, 8.15972, 2.58308, 0, 0, 0.961261, 0.27564, 100, 1, 120, 0, ''),
(@GGUID+706, 181194, 1, 3343.07, -5556.61, 15.4991, 3.64774, 0, 0, -0.968147, 0.250381, 100, 1, 120, 0, ''),
(@GGUID+707, 181194, 1, 3508.43, -5691.03, 4.37112, 0.453785, 0, 0, 0.224951, 0.97437, 100, 1, 120, 0, ''),
(@GGUID+708, 181194, 1, 3338.62, -4537.07, 98.0098, 4.86947, 0, 0, -0.649447, 0.760406, 100, 1, 120, 0, ''),
(@GGUID+709, 181194, 1, 3512.71, -5719.83, 4.70861, 4.86947, 0, 0, -0.649447, 0.760406, 100, 1, 120, 0, ''),
(@GGUID+710, 181194, 1, 3328.82, -4527.13, 98.2791, 4.31097, 0, 0, -0.833885, 0.551938, 100, 1, 120, 0, ''),
(@GGUID+711, 181194, 1, 3527.29, -4152.41, 107.635, 4.86947, 0, 0, -0.649447, 0.760406, 100, 1, 120, 0, ''),
(@GGUID+712, 181194, 1, 3508.76, -5734.47, 4.27758, 5.37562, 0, 0, -0.438371, 0.898794, 100, 1, 120, 0, ''),
(@GGUID+713, 181194, 1, 3529.72, -4177.77, 104.283, 3.05433, 0, 0, 0.999048, 0.0436193, 100, 1, 120, 0, ''),
(@GGUID+714, 181194, 1, 3539.07, -5723.81, 2.33291, 3.64774, 0, 0, -0.968147, 0.250381, 100, 1, 120, 0, ''),
(@GGUID+715, 181194, 1, 3386.43, -5551.54, 13.8384, 3.05433, 0, 0, 0.999048, 0.0436193, 100, 1, 120, 0, '');
DELETE FROM `game_event_gameobject` WHERE `eventEntry` = @scourge_azshara AND `guid` BETWEEN @GGUID+540 AND @GGUID+715;
INSERT INTO `game_event_gameobject` (`eventEntry`, `guid`) VALUES
(@scourge_azshara, @GGUID+540),
(@scourge_azshara, @GGUID+541),
(@scourge_azshara, @GGUID+542),
(@scourge_azshara, @GGUID+543),
(@scourge_azshara, @GGUID+544),
(@scourge_azshara, @GGUID+545),
(@scourge_azshara, @GGUID+546),
(@scourge_azshara, @GGUID+547),
(@scourge_azshara, @GGUID+548),
(@scourge_azshara, @GGUID+549),
(@scourge_azshara, @GGUID+550),
(@scourge_azshara, @GGUID+551),
(@scourge_azshara, @GGUID+552),
(@scourge_azshara, @GGUID+553),
(@scourge_azshara, @GGUID+554),
(@scourge_azshara, @GGUID+555),
(@scourge_azshara, @GGUID+556),
(@scourge_azshara, @GGUID+557),
(@scourge_azshara, @GGUID+558),
(@scourge_azshara, @GGUID+559),
(@scourge_azshara, @GGUID+560),
(@scourge_azshara, @GGUID+561),
(@scourge_azshara, @GGUID+562),
(@scourge_azshara, @GGUID+563),
(@scourge_azshara, @GGUID+564),
(@scourge_azshara, @GGUID+565),
(@scourge_azshara, @GGUID+566),
(@scourge_azshara, @GGUID+567),
(@scourge_azshara, @GGUID+568),
(@scourge_azshara, @GGUID+569),
(@scourge_azshara, @GGUID+570),
(@scourge_azshara, @GGUID+571),
(@scourge_azshara, @GGUID+572),
(@scourge_azshara, @GGUID+573),
(@scourge_azshara, @GGUID+574),
(@scourge_azshara, @GGUID+575),
(@scourge_azshara, @GGUID+576),
(@scourge_azshara, @GGUID+577),
(@scourge_azshara, @GGUID+578),
(@scourge_azshara, @GGUID+579),
(@scourge_azshara, @GGUID+580),
(@scourge_azshara, @GGUID+581),
(@scourge_azshara, @GGUID+582),
(@scourge_azshara, @GGUID+583),
(@scourge_azshara, @GGUID+584),
(@scourge_azshara, @GGUID+585),
(@scourge_azshara, @GGUID+586),
(@scourge_azshara, @GGUID+587),
(@scourge_azshara, @GGUID+588),
(@scourge_azshara, @GGUID+589),
(@scourge_azshara, @GGUID+590),
(@scourge_azshara, @GGUID+591),
(@scourge_azshara, @GGUID+592),
(@scourge_azshara, @GGUID+593),
(@scourge_azshara, @GGUID+594),
(@scourge_azshara, @GGUID+595),
(@scourge_azshara, @GGUID+596),
(@scourge_azshara, @GGUID+597),
(@scourge_azshara, @GGUID+598),
(@scourge_azshara, @GGUID+599),
(@scourge_azshara, @GGUID+600),
(@scourge_azshara, @GGUID+601),
(@scourge_azshara, @GGUID+602),
(@scourge_azshara, @GGUID+603),
(@scourge_azshara, @GGUID+604),
(@scourge_azshara, @GGUID+605),
(@scourge_azshara, @GGUID+606),
(@scourge_azshara, @GGUID+607),
(@scourge_azshara, @GGUID+608),
(@scourge_azshara, @GGUID+609),
(@scourge_azshara, @GGUID+610),
(@scourge_azshara, @GGUID+611),
(@scourge_azshara, @GGUID+612),
(@scourge_azshara, @GGUID+613),
(@scourge_azshara, @GGUID+614),
(@scourge_azshara, @GGUID+615),
(@scourge_azshara, @GGUID+616),
(@scourge_azshara, @GGUID+617),
(@scourge_azshara, @GGUID+618),
(@scourge_azshara, @GGUID+619),
(@scourge_azshara, @GGUID+620),
(@scourge_azshara, @GGUID+621),
(@scourge_azshara, @GGUID+622),
(@scourge_azshara, @GGUID+623),
(@scourge_azshara, @GGUID+624),
(@scourge_azshara, @GGUID+625),
(@scourge_azshara, @GGUID+626),
(@scourge_azshara, @GGUID+627),
(@scourge_azshara, @GGUID+628),
(@scourge_azshara, @GGUID+629),
(@scourge_azshara, @GGUID+630),
(@scourge_azshara, @GGUID+631),
(@scourge_azshara, @GGUID+632),
(@scourge_azshara, @GGUID+633),
(@scourge_azshara, @GGUID+634),
(@scourge_azshara, @GGUID+635),
(@scourge_azshara, @GGUID+636),
(@scourge_azshara, @GGUID+637),
(@scourge_azshara, @GGUID+638),
(@scourge_azshara, @GGUID+639),
(@scourge_azshara, @GGUID+640),
(@scourge_azshara, @GGUID+641),
(@scourge_azshara, @GGUID+642),
(@scourge_azshara, @GGUID+643),
(@scourge_azshara, @GGUID+644),
(@scourge_azshara, @GGUID+645),
(@scourge_azshara, @GGUID+646),
(@scourge_azshara, @GGUID+647),
(@scourge_azshara, @GGUID+648),
(@scourge_azshara, @GGUID+649),
(@scourge_azshara, @GGUID+650),
(@scourge_azshara, @GGUID+651),
(@scourge_azshara, @GGUID+652),
(@scourge_azshara, @GGUID+653),
(@scourge_azshara, @GGUID+654),
(@scourge_azshara, @GGUID+655),
(@scourge_azshara, @GGUID+656),
(@scourge_azshara, @GGUID+657),
(@scourge_azshara, @GGUID+658),
(@scourge_azshara, @GGUID+659),
(@scourge_azshara, @GGUID+660),
(@scourge_azshara, @GGUID+661),
(@scourge_azshara, @GGUID+662),
(@scourge_azshara, @GGUID+663),
(@scourge_azshara, @GGUID+664),
(@scourge_azshara, @GGUID+665),
(@scourge_azshara, @GGUID+666),
(@scourge_azshara, @GGUID+667),
(@scourge_azshara, @GGUID+668),
(@scourge_azshara, @GGUID+669),
(@scourge_azshara, @GGUID+670),
(@scourge_azshara, @GGUID+671),
(@scourge_azshara, @GGUID+672),
(@scourge_azshara, @GGUID+673),
(@scourge_azshara, @GGUID+674),
(@scourge_azshara, @GGUID+675),
(@scourge_azshara, @GGUID+676),
(@scourge_azshara, @GGUID+677),
(@scourge_azshara, @GGUID+678),
(@scourge_azshara, @GGUID+679),
(@scourge_azshara, @GGUID+680),
(@scourge_azshara, @GGUID+681),
(@scourge_azshara, @GGUID+682),
(@scourge_azshara, @GGUID+683),
(@scourge_azshara, @GGUID+684),
(@scourge_azshara, @GGUID+685),
(@scourge_azshara, @GGUID+686),
(@scourge_azshara, @GGUID+687),
(@scourge_azshara, @GGUID+688),
(@scourge_azshara, @GGUID+689),
(@scourge_azshara, @GGUID+690),
(@scourge_azshara, @GGUID+691),
(@scourge_azshara, @GGUID+692),
(@scourge_azshara, @GGUID+693),
(@scourge_azshara, @GGUID+694),
(@scourge_azshara, @GGUID+695),
(@scourge_azshara, @GGUID+696),
(@scourge_azshara, @GGUID+697),
(@scourge_azshara, @GGUID+698),
(@scourge_azshara, @GGUID+699),
(@scourge_azshara, @GGUID+700),
(@scourge_azshara, @GGUID+701),
(@scourge_azshara, @GGUID+702),
(@scourge_azshara, @GGUID+703),
(@scourge_azshara, @GGUID+704),
(@scourge_azshara, @GGUID+705),
(@scourge_azshara, @GGUID+706),
(@scourge_azshara, @GGUID+707),
(@scourge_azshara, @GGUID+708),
(@scourge_azshara, @GGUID+709),
(@scourge_azshara, @GGUID+710),
(@scourge_azshara, @GGUID+711),
(@scourge_azshara, @GGUID+712),
(@scourge_azshara, @GGUID+713),
(@scourge_azshara, @GGUID+714),
(@scourge_azshara, @GGUID+715);

DELETE FROM `gameobject` WHERE `guid` BETWEEN @GGUID+716 AND @GGUID+890 AND `id` IN (181191, 181192, 181193, 181194, 181223, 181136, 181173, 181174, 181374);
INSERT INTO `gameobject` (`guid`, `id`, `map`, `position_x`, `position_y`, `position_z`, `orientation`, `rotation0`, `rotation1`, `rotation2`, `rotation3`, `animprogress`, `state`, `spawntimesecs`, `VerifiedBuild`, `Comment`) VALUES
(@GGUID+716, 181136, 0, -11548.5, -3283.3, 7.45651, 4.4855, 0, 0, -0.782608, 0.622515, 100, 1, 120, 0, ''),
(@GGUID+717, 181136, 0, -11420.0, -2816.92, 0.782562, 2.84488, 0, 0, 0.989016, 0.147811, 100, 1, 120, 0, ''),
(@GGUID+718, 181136, 0, -11347.7, -3150.83, 6.83877, 1.3439, 0, 0, 0.622514, 0.782609, 100, 1, 120, 0, ''),
(@GGUID+719, 181136, 0, -11250.5, -3350.77, 9.86965, 3.49067, 0, 0, -0.984807, 0.173652, 100, 1, 120, 0, ''),
(@GGUID+720, 181136, 0, -11181.7, -2985.37, 8.24824, 4.4855, 0, 0, -0.782608, 0.622515, 100, 1, 120, 0, ''),
(@GGUID+721, 181136, 0, -11016.3, -2783.41, 4.35682, 3.49067, 0, 0, -0.984807, 0.173652, 100, 1, 120, 0, ''),
(@GGUID+722, 181173, 0, -11187.3, -2976.44, 8.15536, 3.07177, 0, 0, 0.999391, 0.0349061, 100, 1, 120, 0, ''),
(@GGUID+723, 181173, 0, -11193.1, -2987.38, 6.08082, 1.44862, 0, 0, 0.66262, 0.748956, 100, 1, 120, 0, ''),
(@GGUID+724, 181173, 0, -11240.3, -3346.03, 8.90917, 3.87463, 0, 0, -0.93358, 0.358368, 100, 1, 120, 0, ''),
(@GGUID+725, 181173, 0, -11243.4, -3359.44, 9.5082, 1.44862, 0, 0, 0.66262, 0.748956, 100, 1, 120, 0, ''),
(@GGUID+726, 181173, 0, -11252.0, -3339.84, 9.61862, 1.90241, 0, 0, 0.814116, 0.580703, 100, 1, 120, 0, ''),
(@GGUID+727, 181173, 0, -11256.1, -3360.71, 9.0967, 3.07177, 0, 0, 0.999391, 0.0349061, 100, 1, 120, 0, ''),
(@GGUID+728, 181173, 0, -11180.7, -2995.72, 9.00704, 3.87463, 0, 0, -0.93358, 0.358368, 100, 1, 120, 0, ''),
(@GGUID+729, 181173, 0, -11175.4, -2976.17, 7.56094, 5.42798, 0, 0, -0.414693, 0.909962, 100, 1, 120, 0, ''),
(@GGUID+730, 181173, 0, -11170.9, -2988.73, 10.0367, 1.90241, 0, 0, 0.814116, 0.580703, 100, 1, 120, 0, ''),
(@GGUID+731, 181173, 0, -11025.1, -2788.75, 4.72334, 3.87463, 0, 0, -0.93358, 0.358368, 100, 1, 120, 0, ''),
(@GGUID+732, 181173, 0, -11024.6, -2777.53, 4.05862, 1.90241, 0, 0, 0.814116, 0.580703, 100, 1, 120, 0, ''),
(@GGUID+733, 181173, 0, -11013.6, -2773.45, 3.91934, 3.07177, 0, 0, 0.999391, 0.0349061, 100, 1, 120, 0, ''),
(@GGUID+734, 181173, 0, -11013.1, -2792.5, 5.05269, 1.44862, 0, 0, 0.66262, 0.748956, 100, 1, 120, 0, ''),
(@GGUID+735, 181173, 0, -11006.2, -2783.21, 4.68019, 5.42798, 0, 0, -0.414693, 0.909962, 100, 1, 120, 0, ''),
(@GGUID+736, 181173, 0, -11261.8, -3349.11, 10.238, 5.42798, 0, 0, -0.414693, 0.909962, 100, 1, 120, 0, ''),
(@GGUID+737, 181173, 0, -11337.4, -3146.26, 6.20375, 5.42798, 0, 0, -0.414693, 0.909962, 100, 1, 120, 0, ''),
(@GGUID+738, 181173, 0, -11558.9, -3289.17, 7.57173, 3.07177, 0, 0, 0.999391, 0.0349061, 100, 1, 120, 0, ''),
(@GGUID+739, 181173, 0, -11557.1, -3274.81, 7.65565, 5.42798, 0, 0, -0.414693, 0.909962, 100, 1, 120, 0, ''),
(@GGUID+740, 181173, 0, -11547.6, -3294.89, 7.6757, 1.44862, 0, 0, 0.66262, 0.748956, 100, 1, 120, 0, ''),
(@GGUID+741, 181173, 0, -11542.8, -3272.75, 7.43698, 1.90241, 0, 0, 0.814116, 0.580703, 100, 1, 120, 0, ''),
(@GGUID+742, 181173, 0, -11539.2, -3284.73, 8.61913, 3.87463, 0, 0, -0.93358, 0.358368, 100, 1, 120, 0, ''),
(@GGUID+743, 181173, 0, -11431.3, -2813.51, -0.797982, 1.44862, 0, 0, 0.66262, 0.748956, 100, 1, 120, 0, ''),
(@GGUID+744, 181173, 0, -11427.2, -2824.02, 0.048245, 3.87463, 0, 0, -0.93358, 0.358368, 100, 1, 120, 0, ''),
(@GGUID+745, 181173, 0, -11422.6, -2806.9, 0.603001, 1.90241, 0, 0, 0.814116, 0.580703, 100, 1, 120, 0, ''),
(@GGUID+746, 181173, 0, -11340.0, -3160.64, 7.71811, 3.07177, 0, 0, 0.999391, 0.0349061, 100, 1, 120, 0, ''),
(@GGUID+747, 181173, 0, -11348.3, -3137.8, 2.5852, 1.90241, 0, 0, 0.814116, 0.580703, 100, 1, 120, 0, ''),
(@GGUID+748, 181173, 0, -11354.5, -3159.13, 8.06337, 1.44862, 0, 0, 0.66262, 0.748956, 100, 1, 120, 0, ''),
(@GGUID+749, 181173, 0, -11358.2, -3147.44, 6.7121, 3.87463, 0, 0, -0.93358, 0.358368, 100, 1, 120, 0, ''),
(@GGUID+750, 181173, 0, -11411.4, -2812.17, -2.36393, 3.07177, 0, 0, 0.999391, 0.0349061, 100, 1, 120, 0, ''),
(@GGUID+751, 181173, 0, -11414.6, -2826.01, -2.87386, 5.42798, 0, 0, -0.414693, 0.909962, 100, 1, 120, 0, ''),
(@GGUID+752, 181174, 0, -11187.3, -2976.44, 8.15536, 3.07177, 0, 0, 0.999391, 0.0349061, 100, 1, 120, 0, ''),
(@GGUID+753, 181174, 0, -11193.1, -2987.38, 6.08082, 1.44862, 0, 0, 0.66262, 0.748956, 100, 1, 120, 0, ''),
(@GGUID+754, 181174, 0, -11240.3, -3346.03, 8.90917, 3.87463, 0, 0, -0.93358, 0.358368, 100, 1, 120, 0, ''),
(@GGUID+755, 181174, 0, -11243.4, -3359.44, 9.5082, 1.44862, 0, 0, 0.66262, 0.748956, 100, 1, 120, 0, ''),
(@GGUID+756, 181174, 0, -11252.0, -3339.84, 9.61862, 1.90241, 0, 0, 0.814116, 0.580703, 100, 1, 120, 0, ''),
(@GGUID+757, 181174, 0, -11256.1, -3360.71, 9.0967, 3.07177, 0, 0, 0.999391, 0.0349061, 100, 1, 120, 0, ''),
(@GGUID+758, 181174, 0, -11180.7, -2995.72, 9.00704, 3.87463, 0, 0, -0.93358, 0.358368, 100, 1, 120, 0, ''),
(@GGUID+759, 181174, 0, -11175.4, -2976.17, 7.56094, 5.42798, 0, 0, -0.414693, 0.909962, 100, 1, 120, 0, ''),
(@GGUID+760, 181174, 0, -11170.9, -2988.73, 10.0367, 1.90241, 0, 0, 0.814116, 0.580703, 100, 1, 120, 0, ''),
(@GGUID+761, 181174, 0, -11025.1, -2788.75, 4.72334, 3.87463, 0, 0, -0.93358, 0.358368, 100, 1, 120, 0, ''),
(@GGUID+762, 181174, 0, -11024.6, -2777.53, 4.05862, 1.90241, 0, 0, 0.814116, 0.580703, 100, 1, 120, 0, ''),
(@GGUID+763, 181174, 0, -11013.6, -2773.45, 3.91934, 3.07177, 0, 0, 0.999391, 0.0349061, 100, 1, 120, 0, ''),
(@GGUID+764, 181174, 0, -11013.1, -2792.5, 5.05269, 1.44862, 0, 0, 0.66262, 0.748956, 100, 1, 120, 0, ''),
(@GGUID+765, 181174, 0, -11006.2, -2783.21, 4.68019, 5.42798, 0, 0, -0.414693, 0.909962, 100, 1, 120, 0, ''),
(@GGUID+766, 181174, 0, -11261.8, -3349.11, 10.238, 5.42798, 0, 0, -0.414693, 0.909962, 100, 1, 120, 0, ''),
(@GGUID+767, 181174, 0, -11337.4, -3146.26, 6.20375, 5.42798, 0, 0, -0.414693, 0.909962, 100, 1, 120, 0, ''),
(@GGUID+768, 181174, 0, -11558.9, -3289.17, 7.57173, 3.07177, 0, 0, 0.999391, 0.0349061, 100, 1, 120, 0, ''),
(@GGUID+769, 181174, 0, -11557.1, -3274.81, 7.65565, 5.42798, 0, 0, -0.414693, 0.909962, 100, 1, 120, 0, ''),
(@GGUID+770, 181174, 0, -11547.6, -3294.89, 7.6757, 1.44862, 0, 0, 0.66262, 0.748956, 100, 1, 120, 0, ''),
(@GGUID+771, 181174, 0, -11542.8, -3272.75, 7.43698, 1.90241, 0, 0, 0.814116, 0.580703, 100, 1, 120, 0, ''),
(@GGUID+772, 181174, 0, -11539.2, -3284.73, 8.61913, 3.87463, 0, 0, -0.93358, 0.358368, 100, 1, 120, 0, ''),
(@GGUID+773, 181174, 0, -11431.3, -2813.51, -0.797982, 1.44862, 0, 0, 0.66262, 0.748956, 100, 1, 120, 0, ''),
(@GGUID+774, 181174, 0, -11427.2, -2824.02, 0.048245, 3.87463, 0, 0, -0.93358, 0.358368, 100, 1, 120, 0, ''),
(@GGUID+775, 181174, 0, -11422.6, -2806.9, 0.603001, 1.90241, 0, 0, 0.814116, 0.580703, 100, 1, 120, 0, ''),
(@GGUID+776, 181174, 0, -11340.0, -3160.64, 7.71811, 3.07177, 0, 0, 0.999391, 0.0349061, 100, 1, 120, 0, ''),
(@GGUID+777, 181174, 0, -11348.3, -3137.8, 2.5852, 1.90241, 0, 0, 0.814116, 0.580703, 100, 1, 120, 0, ''),
(@GGUID+778, 181174, 0, -11354.5, -3159.13, 8.06337, 1.44862, 0, 0, 0.66262, 0.748956, 100, 1, 120, 0, ''),
(@GGUID+779, 181174, 0, -11358.2, -3147.44, 6.7121, 3.87463, 0, 0, -0.93358, 0.358368, 100, 1, 120, 0, ''),
(@GGUID+780, 181174, 0, -11411.4, -2812.17, -2.36393, 3.07177, 0, 0, 0.999391, 0.0349061, 100, 1, 120, 0, ''),
(@GGUID+781, 181174, 0, -11414.6, -2826.01, -2.87386, 5.42798, 0, 0, -0.414693, 0.909962, 100, 1, 120, 0, ''),
(@GGUID+782, 181191, 0, -11239.8, -3340.94, 9.11304, 5.51524, 0, 0, -0.374606, 0.927184, 100, 1, 120, 0, ''),
(@GGUID+783, 181191, 0, -11236.3, -3373.25, 9.05493, 5.37562, 0, 0, -0.438371, 0.898794, 100, 1, 120, 0, ''),
(@GGUID+784, 181191, 0, -11419.5, -2850.98, 0.854349, 5.37562, 0, 0, -0.438371, 0.898794, 100, 1, 120, 0, ''),
(@GGUID+785, 181191, 0, -11419.8, -2852.42, 1.0657, 0.453785, 0, 0, 0.224951, 0.97437, 100, 1, 120, 0, ''),
(@GGUID+786, 181191, 0, -11427.7, -2806.39, -0.251402, 2.44346, 0, 0, 0.939692, 0.342021, 100, 1, 120, 0, ''),
(@GGUID+787, 181191, 0, -11441.7, -2816.53, -1.56979, 1.32645, 0, 0, 0.615661, 0.788011, 100, 1, 120, 0, ''),
(@GGUID+788, 181191, 0, -11226.2, -3371.7, 9.3219, 3.01941, 0, 0, 0.998135, 0.0610518, 100, 1, 120, 0, ''),
(@GGUID+789, 181191, 0, -11225.2, -3354.03, 5.00269, 2.44346, 0, 0, 0.939692, 0.342021, 100, 1, 120, 0, ''),
(@GGUID+790, 181191, 0, -11251.0, -3380.69, 7.32356, 5.37562, 0, 0, -0.438371, 0.898794, 100, 1, 120, 0, ''),
(@GGUID+791, 181191, 0, -11391.3, -2822.06, -2.3644, 0.523598, 0, 0, 0.258819, 0.965926, 100, 1, 120, 0, ''),
(@GGUID+792, 181191, 0, -11255.2, -3319.01, 20.5497, 4.79966, 0, 0, -0.67559, 0.737278, 100, 1, 120, 0, ''),
(@GGUID+793, 181191, 0, -11347.3, -3191.07, 9.86258, 4.79966, 0, 0, -0.67559, 0.737278, 100, 1, 120, 0, ''),
(@GGUID+794, 181191, 0, -11336.3, -3142.19, 6.28316, 5.51524, 0, 0, -0.374606, 0.927184, 100, 1, 120, 0, ''),
(@GGUID+795, 181191, 0, -11336.2, -3116.36, -1.65432, 2.44346, 0, 0, 0.939692, 0.342021, 100, 1, 120, 0, ''),
(@GGUID+796, 181191, 0, -11321.1, -3150.07, 6.12652, 1.32645, 0, 0, 0.615661, 0.788011, 100, 1, 120, 0, ''),
(@GGUID+797, 181191, 0, -11317.5, -3152.81, 6.27768, 4.86947, 0, 0, -0.649447, 0.760406, 100, 1, 120, 0, ''),
(@GGUID+798, 181191, 0, -11279.5, -3345.42, 9.61636, 1.44862, 0, 0, 0.66262, 0.748956, 100, 1, 120, 0, ''),
(@GGUID+799, 181191, 0, -11380.5, -2781.23, 3.66675, 5.51524, 0, 0, -0.374606, 0.927184, 100, 1, 120, 0, ''),
(@GGUID+800, 181191, 0, -11261.2, -3343.55, 10.1272, 4.31097, 0, 0, -0.833885, 0.551938, 100, 1, 120, 0, ''),
(@GGUID+801, 181191, 0, -11215.6, -2948.61, 9.523, 4.86947, 0, 0, -0.649447, 0.760406, 100, 1, 120, 0, ''),
(@GGUID+802, 181191, 0, -11454.6, -2823.16, -1.42783, 4.86947, 0, 0, -0.649447, 0.760406, 100, 1, 120, 0, ''),
(@GGUID+803, 181191, 0, -11212.2, -3006.54, 3.45062, 5.37562, 0, 0, -0.438371, 0.898794, 100, 1, 120, 0, ''),
(@GGUID+804, 181191, 0, -11362.9, -3163.56, 9.51303, 4.31097, 0, 0, -0.833885, 0.551938, 100, 1, 120, 0, ''),
(@GGUID+805, 181191, 0, -10974.5, -2778.92, 4.87717, 2.44346, 0, 0, 0.939692, 0.342021, 100, 1, 120, 0, ''),
(@GGUID+806, 181191, 0, -10984.2, -2815.63, 6.10166, 4.86947, 0, 0, -0.649447, 0.760406, 100, 1, 120, 0, ''),
(@GGUID+807, 181191, 0, -11014.6, -2754.4, 3.78119, 5.37562, 0, 0, -0.438371, 0.898794, 100, 1, 120, 0, ''),
(@GGUID+808, 181191, 0, -11569.9, -3282.3, 10.1818, 4.86947, 0, 0, -0.649447, 0.760406, 100, 1, 120, 0, ''),
(@GGUID+809, 181191, 0, -11020.9, -2794.48, 5.16899, 5.51524, 0, 0, -0.374606, 0.927184, 100, 1, 120, 0, ''),
(@GGUID+810, 181191, 0, -11026.9, -2772.87, 3.89268, 4.31097, 0, 0, -0.833885, 0.551938, 100, 1, 120, 0, ''),
(@GGUID+811, 181191, 0, -11041.1, -2824.76, 13.9447, 3.31614, 0, 0, -0.996194, 0.087165, 100, 1, 120, 0, ''),
(@GGUID+812, 181191, 0, -11186.9, -2963.88, 8.17708, 2.58308, 0, 0, 0.961261, 0.27564, 100, 1, 120, 0, ''),
(@GGUID+813, 181191, 0, -11186.2, -3010.96, 7.94982, 0.453785, 0, 0, 0.224951, 0.97437, 100, 1, 120, 0, ''),
(@GGUID+814, 181191, 0, -11175.5, -3021.69, 7.32877, 5.37562, 0, 0, -0.438371, 0.898794, 100, 1, 120, 0, ''),
(@GGUID+815, 181192, 0, -11157.2, -2987.25, 8.60665, 3.31614, 0, 0, -0.996194, 0.087165, 100, 1, 120, 0, ''),
(@GGUID+816, 181192, 0, -11203.6, -2959.86, 9.16768, 1.32645, 0, 0, 0.615661, 0.788011, 100, 1, 120, 0, ''),
(@GGUID+817, 181192, 0, -11004.7, -2789.47, 5.05259, 0.523598, 0, 0, 0.258819, 0.965926, 100, 1, 120, 0, ''),
(@GGUID+818, 181192, 0, -11012.8, -2806.25, 6.10035, 2.58308, 0, 0, 0.961261, 0.27564, 100, 1, 120, 0, ''),
(@GGUID+819, 181192, 0, -11227.0, -3327.39, 9.00909, 1.32645, 0, 0, 0.615661, 0.788011, 100, 1, 120, 0, ''),
(@GGUID+820, 181192, 0, -11271.4, -3361.43, 5.99592, 3.31614, 0, 0, -0.996194, 0.087165, 100, 1, 120, 0, ''),
(@GGUID+821, 181192, 0, -11173.8, -2993.97, 9.54054, 4.79966, 0, 0, -0.67559, 0.737278, 100, 1, 120, 0, ''),
(@GGUID+822, 181192, 0, -11160.3, -2989.0, 8.60169, 1.44862, 0, 0, 0.66262, 0.748956, 100, 1, 120, 0, ''),
(@GGUID+823, 181192, 0, -11159.4, -3008.26, 8.14676, 3.64774, 0, 0, -0.968147, 0.250381, 100, 1, 120, 0, ''),
(@GGUID+824, 181192, 0, -11050.7, -2789.54, 6.56607, 3.64774, 0, 0, -0.968147, 0.250381, 100, 1, 120, 0, ''),
(@GGUID+825, 181192, 0, -11246.1, -3363.18, 9.74607, 4.79966, 0, 0, -0.67559, 0.737278, 100, 1, 120, 0, ''),
(@GGUID+826, 181192, 0, -11359.1, -3139.28, 6.13144, 0.523598, 0, 0, 0.258819, 0.965926, 100, 1, 120, 0, ''),
(@GGUID+827, 181192, 0, -11373.6, -3175.95, 12.1172, 3.05433, 0, 0, 0.999048, 0.0436193, 100, 1, 120, 0, ''),
(@GGUID+828, 181192, 0, -11428.4, -2807.11, -0.345578, 5.07891, 0, 0, -0.566406, 0.824126, 100, 1, 120, 0, ''),
(@GGUID+829, 181192, 0, -11444.7, -2840.39, -0.528655, 3.01941, 0, 0, 0.998135, 0.0610518, 100, 1, 120, 0, ''),
(@GGUID+830, 181192, 0, -11562.9, -3275.06, 8.61297, 0.523598, 0, 0, 0.258819, 0.965926, 100, 1, 120, 0, ''),
(@GGUID+831, 181192, 0, -11447.3, -2853.42, 0.316006, 5.37562, 0, 0, -0.438371, 0.898794, 100, 1, 120, 0, ''),
(@GGUID+832, 181192, 0, -11558.9, -3255.88, 6.88916, 5.37562, 0, 0, -0.438371, 0.898794, 100, 1, 120, 0, ''),
(@GGUID+833, 181192, 0, -11540.0, -3311.94, 8.04234, 4.79966, 0, 0, -0.67559, 0.737278, 100, 1, 120, 0, ''),
(@GGUID+834, 181192, 0, -11585.6, -3316.06, 8.30476, 1.32645, 0, 0, 0.615661, 0.788011, 100, 1, 120, 0, ''),
(@GGUID+835, 181192, 0, -11518.1, -3275.79, 7.65164, 1.44862, 0, 0, 0.66262, 0.748956, 100, 1, 120, 0, ''),
(@GGUID+836, 181192, 0, -11370.5, -3116.58, 3.47254, 5.37562, 0, 0, -0.438371, 0.898794, 100, 1, 120, 0, ''),
(@GGUID+837, 181192, 0, -11362.2, -3104.35, 2.20197, 5.37562, 0, 0, -0.438371, 0.898794, 100, 1, 120, 0, ''),
(@GGUID+838, 181192, 0, -11570.6, -3281.41, 10.2427, 5.07891, 0, 0, -0.566406, 0.824126, 100, 1, 120, 0, ''),
(@GGUID+839, 181193, 0, -11194.1, -2974.03, 8.55119, 5.51524, 0, 0, -0.374606, 0.927184, 100, 1, 120, 0, ''),
(@GGUID+840, 181193, 0, -11416.0, -2783.94, 1.47755, 2.58308, 0, 0, 0.961261, 0.27564, 100, 1, 120, 0, ''),
(@GGUID+841, 181193, 0, -11227.9, -2992.87, 3.46904, 5.07891, 0, 0, -0.566406, 0.824126, 100, 1, 120, 0, ''),
(@GGUID+842, 181193, 0, -11043.4, -2751.83, 1.87099, 0.453785, 0, 0, 0.224951, 0.97437, 100, 1, 120, 0, ''),
(@GGUID+843, 181193, 0, -11519.8, -3310.07, 8.64683, 2.58308, 0, 0, 0.961261, 0.27564, 100, 1, 120, 0, ''),
(@GGUID+844, 181193, 0, -11035.7, -2763.43, 4.62899, 5.37562, 0, 0, -0.438371, 0.898794, 100, 1, 120, 0, ''),
(@GGUID+845, 181193, 0, -11194.0, -2975.29, 8.59496, 4.79966, 0, 0, -0.67559, 0.737278, 100, 1, 120, 0, ''),
(@GGUID+846, 181193, 0, -11239.4, -3339.89, 9.12619, 0.523598, 0, 0, 0.258819, 0.965926, 100, 1, 120, 0, ''),
(@GGUID+847, 181193, 0, -11406.5, -2826.39, -2.88244, 3.31614, 0, 0, -0.996194, 0.087165, 100, 1, 120, 0, ''),
(@GGUID+848, 181193, 0, -11569.6, -3281.51, 10.1382, 2.44346, 0, 0, 0.939692, 0.342021, 100, 1, 120, 0, ''),
(@GGUID+849, 181193, 0, -11346.4, -3180.5, 11.1409, 1.44862, 0, 0, 0.66262, 0.748956, 100, 1, 120, 0, ''),
(@GGUID+850, 181193, 0, -11588.6, -3252.7, 8.55592, 3.01941, 0, 0, 0.998135, 0.0610518, 100, 1, 120, 0, ''),
(@GGUID+851, 181193, 0, -10984.8, -2815.37, 6.07834, 1.32645, 0, 0, 0.615661, 0.788011, 100, 1, 120, 0, ''),
(@GGUID+852, 181193, 0, -11326.7, -3121.21, -1.62494, 5.07891, 0, 0, -0.566406, 0.824126, 100, 1, 120, 0, ''),
(@GGUID+853, 181193, 0, -11012.2, -2816.72, 6.92621, 4.79966, 0, 0, -0.67559, 0.737278, 100, 1, 120, 0, ''),
(@GGUID+854, 181193, 0, -11375.3, -3149.41, 9.39994, 3.64774, 0, 0, -0.968147, 0.250381, 100, 1, 120, 0, ''),
(@GGUID+855, 181193, 0, -11275.1, -3376.35, 6.07523, 3.05433, 0, 0, 0.999048, 0.0436193, 100, 1, 120, 0, ''),
(@GGUID+856, 181193, 0, -11378.9, -2780.56, 3.8241, 4.79966, 0, 0, -0.67559, 0.737278, 100, 1, 120, 0, ''),
(@GGUID+857, 181193, 0, -11381.4, -2847.9, 3.27664, 1.44862, 0, 0, 0.66262, 0.748956, 100, 1, 120, 0, ''),
(@GGUID+858, 181193, 0, -11444.2, -2790.83, -0.916143, 4.79966, 0, 0, -0.67559, 0.737278, 100, 1, 120, 0, ''),
(@GGUID+859, 181193, 0, -11251.2, -3380.98, 7.34449, 0.453785, 0, 0, 0.224951, 0.97437, 100, 1, 120, 0, ''),
(@GGUID+860, 181193, 0, -11391.8, -2822.67, -2.36443, 4.31097, 0, 0, -0.833885, 0.551938, 100, 1, 120, 0, ''),
(@GGUID+861, 181194, 0, -11544.7, -3245.97, 6.78339, 3.64774, 0, 0, -0.968147, 0.250381, 100, 1, 120, 0, ''),
(@GGUID+862, 181194, 0, -11147.0, -2961.9, 9.2982, 4.31097, 0, 0, -0.833885, 0.551938, 100, 1, 120, 0, ''),
(@GGUID+863, 181194, 0, -11051.0, -2790.25, 6.5906, 3.05433, 0, 0, 0.999048, 0.0436193, 100, 1, 120, 0, ''),
(@GGUID+864, 181194, 0, -10974.4, -2779.73, 4.94576, 5.07891, 0, 0, -0.566406, 0.824126, 100, 1, 120, 0, ''),
(@GGUID+865, 181194, 0, -11021.1, -2795.17, 5.22782, 4.79966, 0, 0, -0.67559, 0.737278, 100, 1, 120, 0, ''),
(@GGUID+866, 181194, 0, -10994.7, -2762.28, 4.3075, 3.01941, 0, 0, 0.998135, 0.0610518, 100, 1, 120, 0, ''),
(@GGUID+867, 181194, 0, -11545.7, -3245.35, 6.74961, 0.453785, 0, 0, 0.224951, 0.97437, 100, 1, 120, 0, ''),
(@GGUID+868, 181194, 0, -11573.3, -3249.13, 6.40786, 5.37562, 0, 0, -0.438371, 0.898794, 100, 1, 120, 0, ''),
(@GGUID+869, 181194, 0, -11048.0, -2809.05, 7.60497, 1.44862, 0, 0, 0.66262, 0.748956, 100, 1, 120, 0, ''),
(@GGUID+870, 181194, 0, -11159.5, -3009.7, 8.18247, 3.05433, 0, 0, 0.999048, 0.0436193, 100, 1, 120, 0, ''),
(@GGUID+871, 181194, 0, -11335.4, -3141.92, 6.45337, 4.79966, 0, 0, -0.67559, 0.737278, 100, 1, 120, 0, ''),
(@GGUID+872, 181194, 0, -11360.7, -3103.99, 1.74725, 3.01941, 0, 0, 0.998135, 0.0610518, 100, 1, 120, 0, ''),
(@GGUID+873, 181194, 0, -11374.3, -3149.12, 9.19029, 0.453785, 0, 0, 0.224951, 0.97437, 100, 1, 120, 0, ''),
(@GGUID+874, 181194, 0, -11283.1, -3381.82, 8.24883, 3.64774, 0, 0, -0.968147, 0.250381, 100, 1, 120, 0, ''),
(@GGUID+875, 181194, 0, -11386.2, -2858.03, 3.66751, 3.05433, 0, 0, 0.999048, 0.0436193, 100, 1, 120, 0, ''),
(@GGUID+876, 181194, 0, -11254.5, -3318.65, 20.4367, 2.58308, 0, 0, 0.961261, 0.27564, 100, 1, 120, 0, ''),
(@GGUID+877, 181194, 0, -11396.8, -2841.24, -2.43388, 3.64774, 0, 0, -0.968147, 0.250381, 100, 1, 120, 0, ''),
(@GGUID+878, 181194, 0, -11228.0, -3336.56, 9.46834, 4.86947, 0, 0, -0.649447, 0.760406, 100, 1, 120, 0, ''),
(@GGUID+879, 181194, 0, -11224.7, -3352.88, 5.0027, 5.07891, 0, 0, -0.566406, 0.824126, 100, 1, 120, 0, ''),
(@GGUID+880, 181194, 0, -11213.9, -2986.06, 3.57035, 2.44346, 0, 0, 0.939692, 0.342021, 100, 1, 120, 0, ''),
(@GGUID+881, 181194, 0, -11538.7, -3297.1, 8.37852, 4.31097, 0, 0, -0.833885, 0.551938, 100, 1, 120, 0, ''),
(@GGUID+882, 181194, 0, -11537.8, -3275.93, 7.97432, 5.51524, 0, 0, -0.374606, 0.927184, 100, 1, 120, 0, ''),
(@GGUID+883, 181194, 0, -11537.1, -3276.36, 8.05586, 4.79966, 0, 0, -0.67559, 0.737278, 100, 1, 120, 0, ''),
(@GGUID+884, 181194, 0, -11183.8, -2948.68, 18.891, 0.523598, 0, 0, 0.258819, 0.965926, 100, 1, 120, 0, ''),
(@GGUID+885, 181194, 0, -11528.1, -3250.03, 6.90311, 3.05433, 0, 0, 0.999048, 0.0436193, 100, 1, 120, 0, ''),
(@GGUID+886, 181194, 0, -11211.3, -3007.63, 3.47926, 3.01941, 0, 0, 0.998135, 0.0610518, 100, 1, 120, 0, ''),
(@GGUID+887, 181194, 0, -11509.4, -3289.26, 8.31943, 3.31614, 0, 0, -0.996194, 0.087165, 100, 1, 120, 0, ''),
(@GGUID+888, 181194, 0, -11346.7, -3180.8, 11.0252, 3.31614, 0, 0, -0.996194, 0.087165, 100, 1, 120, 0, ''),
(@GGUID+889, 181223, 0, -11402.1, -3316.55, 111.188, 4.46804, 0, 0, -0.788011, 0.615662, 100, 1, 120, 0, ''),
(@GGUID+890, 181374, 0, -11233.9, -2841.77, 185.603, 4.45059, 0, 0, -0.793353, 0.608762, 100, 1, 120, 0, '');
DELETE FROM `game_event_gameobject` WHERE `eventEntry` = @scourge_blasted_lands AND `guid` BETWEEN @GGUID+716 AND @GGUID+890;
INSERT INTO `game_event_gameobject` (`eventEntry`, `guid`) VALUES
(@scourge_blasted_lands, @GGUID+716),
(@scourge_blasted_lands, @GGUID+717),
(@scourge_blasted_lands, @GGUID+718),
(@scourge_blasted_lands, @GGUID+719),
(@scourge_blasted_lands, @GGUID+720),
(@scourge_blasted_lands, @GGUID+721),
(@scourge_blasted_lands, @GGUID+722),
(@scourge_blasted_lands, @GGUID+723),
(@scourge_blasted_lands, @GGUID+724),
(@scourge_blasted_lands, @GGUID+725),
(@scourge_blasted_lands, @GGUID+726),
(@scourge_blasted_lands, @GGUID+727),
(@scourge_blasted_lands, @GGUID+728),
(@scourge_blasted_lands, @GGUID+729),
(@scourge_blasted_lands, @GGUID+730),
(@scourge_blasted_lands, @GGUID+731),
(@scourge_blasted_lands, @GGUID+732),
(@scourge_blasted_lands, @GGUID+733),
(@scourge_blasted_lands, @GGUID+734),
(@scourge_blasted_lands, @GGUID+735),
(@scourge_blasted_lands, @GGUID+736),
(@scourge_blasted_lands, @GGUID+737),
(@scourge_blasted_lands, @GGUID+738),
(@scourge_blasted_lands, @GGUID+739),
(@scourge_blasted_lands, @GGUID+740),
(@scourge_blasted_lands, @GGUID+741),
(@scourge_blasted_lands, @GGUID+742),
(@scourge_blasted_lands, @GGUID+743),
(@scourge_blasted_lands, @GGUID+744),
(@scourge_blasted_lands, @GGUID+745),
(@scourge_blasted_lands, @GGUID+746),
(@scourge_blasted_lands, @GGUID+747),
(@scourge_blasted_lands, @GGUID+748),
(@scourge_blasted_lands, @GGUID+749),
(@scourge_blasted_lands, @GGUID+750),
(@scourge_blasted_lands, @GGUID+751),
(@scourge_blasted_lands, @GGUID+752),
(@scourge_blasted_lands, @GGUID+753),
(@scourge_blasted_lands, @GGUID+754),
(@scourge_blasted_lands, @GGUID+755),
(@scourge_blasted_lands, @GGUID+756),
(@scourge_blasted_lands, @GGUID+757),
(@scourge_blasted_lands, @GGUID+758),
(@scourge_blasted_lands, @GGUID+759),
(@scourge_blasted_lands, @GGUID+760),
(@scourge_blasted_lands, @GGUID+761),
(@scourge_blasted_lands, @GGUID+762),
(@scourge_blasted_lands, @GGUID+763),
(@scourge_blasted_lands, @GGUID+764),
(@scourge_blasted_lands, @GGUID+765),
(@scourge_blasted_lands, @GGUID+766),
(@scourge_blasted_lands, @GGUID+767),
(@scourge_blasted_lands, @GGUID+768),
(@scourge_blasted_lands, @GGUID+769),
(@scourge_blasted_lands, @GGUID+770),
(@scourge_blasted_lands, @GGUID+771),
(@scourge_blasted_lands, @GGUID+772),
(@scourge_blasted_lands, @GGUID+773),
(@scourge_blasted_lands, @GGUID+774),
(@scourge_blasted_lands, @GGUID+775),
(@scourge_blasted_lands, @GGUID+776),
(@scourge_blasted_lands, @GGUID+777),
(@scourge_blasted_lands, @GGUID+778),
(@scourge_blasted_lands, @GGUID+779),
(@scourge_blasted_lands, @GGUID+780),
(@scourge_blasted_lands, @GGUID+781),
(@scourge_blasted_lands, @GGUID+782),
(@scourge_blasted_lands, @GGUID+783),
(@scourge_blasted_lands, @GGUID+784),
(@scourge_blasted_lands, @GGUID+785),
(@scourge_blasted_lands, @GGUID+786),
(@scourge_blasted_lands, @GGUID+787),
(@scourge_blasted_lands, @GGUID+788),
(@scourge_blasted_lands, @GGUID+789),
(@scourge_blasted_lands, @GGUID+790),
(@scourge_blasted_lands, @GGUID+791),
(@scourge_blasted_lands, @GGUID+792),
(@scourge_blasted_lands, @GGUID+793),
(@scourge_blasted_lands, @GGUID+794),
(@scourge_blasted_lands, @GGUID+795),
(@scourge_blasted_lands, @GGUID+796),
(@scourge_blasted_lands, @GGUID+797),
(@scourge_blasted_lands, @GGUID+798),
(@scourge_blasted_lands, @GGUID+799),
(@scourge_blasted_lands, @GGUID+800),
(@scourge_blasted_lands, @GGUID+801),
(@scourge_blasted_lands, @GGUID+802),
(@scourge_blasted_lands, @GGUID+803),
(@scourge_blasted_lands, @GGUID+804),
(@scourge_blasted_lands, @GGUID+805),
(@scourge_blasted_lands, @GGUID+806),
(@scourge_blasted_lands, @GGUID+807),
(@scourge_blasted_lands, @GGUID+808),
(@scourge_blasted_lands, @GGUID+809),
(@scourge_blasted_lands, @GGUID+810),
(@scourge_blasted_lands, @GGUID+811),
(@scourge_blasted_lands, @GGUID+812),
(@scourge_blasted_lands, @GGUID+813),
(@scourge_blasted_lands, @GGUID+814),
(@scourge_blasted_lands, @GGUID+815),
(@scourge_blasted_lands, @GGUID+816),
(@scourge_blasted_lands, @GGUID+817),
(@scourge_blasted_lands, @GGUID+818),
(@scourge_blasted_lands, @GGUID+819),
(@scourge_blasted_lands, @GGUID+820),
(@scourge_blasted_lands, @GGUID+821),
(@scourge_blasted_lands, @GGUID+822),
(@scourge_blasted_lands, @GGUID+823),
(@scourge_blasted_lands, @GGUID+824),
(@scourge_blasted_lands, @GGUID+825),
(@scourge_blasted_lands, @GGUID+826),
(@scourge_blasted_lands, @GGUID+827),
(@scourge_blasted_lands, @GGUID+828),
(@scourge_blasted_lands, @GGUID+829),
(@scourge_blasted_lands, @GGUID+830),
(@scourge_blasted_lands, @GGUID+831),
(@scourge_blasted_lands, @GGUID+832),
(@scourge_blasted_lands, @GGUID+833),
(@scourge_blasted_lands, @GGUID+834),
(@scourge_blasted_lands, @GGUID+835),
(@scourge_blasted_lands, @GGUID+836),
(@scourge_blasted_lands, @GGUID+837),
(@scourge_blasted_lands, @GGUID+838),
(@scourge_blasted_lands, @GGUID+839),
(@scourge_blasted_lands, @GGUID+840),
(@scourge_blasted_lands, @GGUID+841),
(@scourge_blasted_lands, @GGUID+842),
(@scourge_blasted_lands, @GGUID+843),
(@scourge_blasted_lands, @GGUID+844),
(@scourge_blasted_lands, @GGUID+845),
(@scourge_blasted_lands, @GGUID+846),
(@scourge_blasted_lands, @GGUID+847),
(@scourge_blasted_lands, @GGUID+848),
(@scourge_blasted_lands, @GGUID+849),
(@scourge_blasted_lands, @GGUID+850),
(@scourge_blasted_lands, @GGUID+851),
(@scourge_blasted_lands, @GGUID+852),
(@scourge_blasted_lands, @GGUID+853),
(@scourge_blasted_lands, @GGUID+854),
(@scourge_blasted_lands, @GGUID+855),
(@scourge_blasted_lands, @GGUID+856),
(@scourge_blasted_lands, @GGUID+857),
(@scourge_blasted_lands, @GGUID+858),
(@scourge_blasted_lands, @GGUID+859),
(@scourge_blasted_lands, @GGUID+860),
(@scourge_blasted_lands, @GGUID+861),
(@scourge_blasted_lands, @GGUID+862),
(@scourge_blasted_lands, @GGUID+863),
(@scourge_blasted_lands, @GGUID+864),
(@scourge_blasted_lands, @GGUID+865),
(@scourge_blasted_lands, @GGUID+866),
(@scourge_blasted_lands, @GGUID+867),
(@scourge_blasted_lands, @GGUID+868),
(@scourge_blasted_lands, @GGUID+869),
(@scourge_blasted_lands, @GGUID+870),
(@scourge_blasted_lands, @GGUID+871),
(@scourge_blasted_lands, @GGUID+872),
(@scourge_blasted_lands, @GGUID+873),
(@scourge_blasted_lands, @GGUID+874),
(@scourge_blasted_lands, @GGUID+875),
(@scourge_blasted_lands, @GGUID+876),
(@scourge_blasted_lands, @GGUID+877),
(@scourge_blasted_lands, @GGUID+878),
(@scourge_blasted_lands, @GGUID+879),
(@scourge_blasted_lands, @GGUID+880),
(@scourge_blasted_lands, @GGUID+881),
(@scourge_blasted_lands, @GGUID+882),
(@scourge_blasted_lands, @GGUID+883),
(@scourge_blasted_lands, @GGUID+884),
(@scourge_blasted_lands, @GGUID+885),
(@scourge_blasted_lands, @GGUID+886),
(@scourge_blasted_lands, @GGUID+887),
(@scourge_blasted_lands, @GGUID+888),
(@scourge_blasted_lands, @GGUID+889),
(@scourge_blasted_lands, @GGUID+890);

DELETE FROM `gameobject` WHERE `guid` BETWEEN @GGUID+891 AND @GGUID+1068 AND `id` IN (181154, 181255, 181191, 181193, 181194, 181192, 181136, 181173, 181174);
INSERT INTO `gameobject` (`guid`, `id`, `map`, `position_x`, `position_y`, `position_z`, `orientation`, `rotation0`, `rotation1`, `rotation2`, `rotation3`, `animprogress`, `state`, `spawntimesecs`, `VerifiedBuild`, `Comment`) VALUES
(@GGUID+891, 181136, 0, 1599.78, -3039.54, 78.7164, 2.1293, 0, 0, 0.874619, 0.48481, 100, 1, 120, 0, ''),
(@GGUID+892, 181136, 0, 1804.44, -2842.5, 72.9479, 2.1293, 0, 0, 0.874619, 0.48481, 100, 1, 120, 0, ''),
(@GGUID+893, 181136, 0, 1938.6, -4761.25, 97.0908, 5.21854, 0, 0, -0.507538, 0.861629, 100, 1, 120, 0, ''),
(@GGUID+894, 181136, 0, 1957.07, -3101.68, 83.5755, 2.1293, 0, 0, 0.874619, 0.48481, 100, 1, 120, 0, ''),
(@GGUID+895, 181136, 0, 1963.32, -5125.08, 78.7029, 3.9619, 0, 0, -0.91706, 0.39875, 100, 1, 120, 0, ''),
(@GGUID+896, 181136, 0, 2315.23, -4933.08, 83.0351, 5.21854, 0, 0, -0.507538, 0.861629, 100, 1, 120, 0, ''),
(@GGUID+897, 181154, 0, 1766.67, -3033.34, 132.804, 5.18363, 0, 0, -0.522498, 0.852641, 100, 1, 120, 0, ''),
(@GGUID+898, 181154, 0, 2101.69, -4930.03, 168.281, 1.0472, 0, 0, 0.5, 0.866025, 100, 1, 120, 0, ''),
(@GGUID+899, 181173, 0, 1582.5, -3030.12, 79.9779, 3.87463, 0, 0, -0.93358, 0.358368, 100, 1, 120, 0, ''),
(@GGUID+900, 181173, 0, 1590.2, -3049.41, 80.9236, 1.90241, 0, 0, 0.814116, 0.580703, 100, 1, 120, 0, ''),
(@GGUID+901, 181173, 0, 1596.72, -3020.29, 80.0585, 1.44862, 0, 0, 0.66262, 0.748956, 100, 1, 120, 0, ''),
(@GGUID+902, 181173, 0, 1614.42, -3051.32, 77.6001, 5.42798, 0, 0, -0.414693, 0.909962, 100, 1, 120, 0, ''),
(@GGUID+903, 181173, 0, 1614.48, -3030.5, 77.7499, 3.07177, 0, 0, 0.999391, 0.0349061, 100, 1, 120, 0, ''),
(@GGUID+904, 181173, 0, 1772.05, -2864.72, 69.953, 1.44862, 0, 0, 0.66262, 0.748956, 100, 1, 120, 0, ''),
(@GGUID+905, 181173, 0, 1791.07, -2852.26, 69.2167, 3.07177, 0, 0, 0.999391, 0.0349061, 100, 1, 120, 0, ''),
(@GGUID+906, 181173, 0, 1792.11, -2816.19, 68.3669, 3.87463, 0, 0, -0.93358, 0.358368, 100, 1, 120, 0, ''),
(@GGUID+907, 181173, 0, 1810.86, -2872.05, 68.268, 1.90241, 0, 0, 0.814116, 0.580703, 100, 1, 120, 0, ''),
(@GGUID+908, 181173, 0, 1828.78, -2835.28, 79.0129, 5.42798, 0, 0, -0.414693, 0.909962, 100, 1, 120, 0, ''),
(@GGUID+909, 181173, 0, 1915.6, -4761.28, 101.138, 5.42798, 0, 0, -0.414693, 0.909962, 100, 1, 120, 0, ''),
(@GGUID+910, 181173, 0, 1927.29, -4778.58, 99.4498, 1.90241, 0, 0, 0.814116, 0.580703, 100, 1, 120, 0, ''),
(@GGUID+911, 181173, 0, 1930.57, -4741.03, 98.0023, 3.07177, 0, 0, 0.999391, 0.0349061, 100, 1, 120, 0, ''),
(@GGUID+912, 181173, 0, 1942.62, -3107.03, 86.7935, 1.90241, 0, 0, 0.814116, 0.580703, 100, 1, 120, 0, ''),
(@GGUID+913, 181173, 0, 1943.04, -5142.08, 73.6436, 3.07177, 0, 0, 0.999391, 0.0349061, 100, 1, 120, 0, ''),
(@GGUID+914, 181173, 0, 1947.72, -5115.88, 79.1624, 3.87463, 0, 0, -0.93358, 0.358368, 100, 1, 120, 0, ''),
(@GGUID+915, 181173, 0, 1947.97, -3091.73, 84.0488, 5.42798, 0, 0, -0.414693, 0.909962, 100, 1, 120, 0, ''),
(@GGUID+916, 181173, 0, 1948.52, -4775.06, 99.0672, 3.87463, 0, 0, -0.93358, 0.358368, 100, 1, 120, 0, ''),
(@GGUID+917, 181173, 0, 1954.04, -3119.84, 87.7657, 3.87463, 0, 0, -0.93358, 0.358368, 100, 1, 120, 0, ''),
(@GGUID+918, 181173, 0, 1957.52, -4749.19, 96.4972, 1.44862, 0, 0, 0.66262, 0.748956, 100, 1, 120, 0, ''),
(@GGUID+919, 181173, 0, 1960.57, -5151.77, 74.0361, 5.42798, 0, 0, -0.414693, 0.909962, 100, 1, 120, 0, ''),
(@GGUID+920, 181173, 0, 1966.9, -3090.5, 81.5039, 3.07177, 0, 0, 0.999391, 0.0349061, 100, 1, 120, 0, ''),
(@GGUID+921, 181173, 0, 1967.03, -5116.3, 82.1635, 1.44862, 0, 0, 0.66262, 0.748956, 100, 1, 120, 0, ''),
(@GGUID+922, 181173, 0, 1972.12, -3110.72, 81.5372, 1.44862, 0, 0, 0.66262, 0.748956, 100, 1, 120, 0, ''),
(@GGUID+923, 181173, 0, 1977.92, -5143.16, 79.2317, 1.90241, 0, 0, 0.814116, 0.580703, 100, 1, 120, 0, ''),
(@GGUID+924, 181173, 0, 2301.16, -4941.02, 80.8607, 1.90241, 0, 0, 0.814116, 0.580703, 100, 1, 120, 0, ''),
(@GGUID+925, 181173, 0, 2306.55, -4919.39, 89.5811, 3.87463, 0, 0, -0.93358, 0.358368, 100, 1, 120, 0, ''),
(@GGUID+926, 181173, 0, 2320.43, -4951.71, 76.1494, 5.42798, 0, 0, -0.414693, 0.909962, 100, 1, 120, 0, ''),
(@GGUID+927, 181173, 0, 2321.65, -4917.39, 84.3817, 1.44862, 0, 0, 0.66262, 0.748956, 100, 1, 120, 0, ''),
(@GGUID+928, 181173, 0, 2333.07, -4938.58, 76.1625, 3.07177, 0, 0, 0.999391, 0.0349061, 100, 1, 120, 0, ''),
(@GGUID+929, 181174, 0, 1582.5, -3030.12, 79.9779, 3.87463, 0, 0, -0.93358, 0.358368, 100, 1, 120, 0, ''),
(@GGUID+930, 181174, 0, 1590.2, -3049.41, 80.9236, 1.90241, 0, 0, 0.814116, 0.580703, 100, 1, 120, 0, ''),
(@GGUID+931, 181174, 0, 1596.72, -3020.29, 80.0585, 1.44862, 0, 0, 0.66262, 0.748956, 100, 1, 120, 0, ''),
(@GGUID+932, 181174, 0, 1614.42, -3051.32, 77.6001, 5.42798, 0, 0, -0.414693, 0.909962, 100, 1, 120, 0, ''),
(@GGUID+933, 181174, 0, 1614.48, -3030.5, 77.7499, 3.07177, 0, 0, 0.999391, 0.0349061, 100, 1, 120, 0, ''),
(@GGUID+934, 181174, 0, 1772.05, -2864.72, 69.953, 1.44862, 0, 0, 0.66262, 0.748956, 100, 1, 120, 0, ''),
(@GGUID+935, 181174, 0, 1791.07, -2852.26, 69.2167, 3.07177, 0, 0, 0.999391, 0.0349061, 100, 1, 120, 0, ''),
(@GGUID+936, 181174, 0, 1792.11, -2816.19, 68.3669, 3.87463, 0, 0, -0.93358, 0.358368, 100, 1, 120, 0, ''),
(@GGUID+937, 181174, 0, 1810.86, -2872.05, 68.268, 1.90241, 0, 0, 0.814116, 0.580703, 100, 1, 120, 0, ''),
(@GGUID+938, 181174, 0, 1828.78, -2835.28, 79.0129, 5.42798, 0, 0, -0.414693, 0.909962, 100, 1, 120, 0, ''),
(@GGUID+939, 181174, 0, 1915.6, -4761.28, 101.138, 5.42798, 0, 0, -0.414693, 0.909962, 100, 1, 120, 0, ''),
(@GGUID+940, 181174, 0, 1927.29, -4778.58, 99.4498, 1.90241, 0, 0, 0.814116, 0.580703, 100, 1, 120, 0, ''),
(@GGUID+941, 181174, 0, 1930.57, -4741.03, 98.0023, 3.07177, 0, 0, 0.999391, 0.0349061, 100, 1, 120, 0, ''),
(@GGUID+942, 181174, 0, 1942.62, -3107.03, 86.7935, 1.90241, 0, 0, 0.814116, 0.580703, 100, 1, 120, 0, ''),
(@GGUID+943, 181174, 0, 1943.04, -5142.08, 73.6436, 3.07177, 0, 0, 0.999391, 0.0349061, 100, 1, 120, 0, ''),
(@GGUID+944, 181174, 0, 1947.72, -5115.88, 79.1624, 3.87463, 0, 0, -0.93358, 0.358368, 100, 1, 120, 0, ''),
(@GGUID+945, 181174, 0, 1947.97, -3091.73, 84.0488, 5.42798, 0, 0, -0.414693, 0.909962, 100, 1, 120, 0, ''),
(@GGUID+946, 181174, 0, 1948.52, -4775.06, 99.0672, 3.87463, 0, 0, -0.93358, 0.358368, 100, 1, 120, 0, ''),
(@GGUID+947, 181174, 0, 1954.04, -3119.84, 87.7657, 3.87463, 0, 0, -0.93358, 0.358368, 100, 1, 120, 0, ''),
(@GGUID+948, 181174, 0, 1957.52, -4749.19, 96.4972, 1.44862, 0, 0, 0.66262, 0.748956, 100, 1, 120, 0, ''),
(@GGUID+949, 181174, 0, 1960.57, -5151.77, 74.0361, 5.42798, 0, 0, -0.414693, 0.909962, 100, 1, 120, 0, ''),
(@GGUID+950, 181174, 0, 1966.9, -3090.5, 81.5039, 3.07177, 0, 0, 0.999391, 0.0349061, 100, 1, 120, 0, ''),
(@GGUID+951, 181174, 0, 1967.03, -5116.3, 82.1635, 1.44862, 0, 0, 0.66262, 0.748956, 100, 1, 120, 0, ''),
(@GGUID+952, 181174, 0, 1972.12, -3110.72, 81.5372, 1.44862, 0, 0, 0.66262, 0.748956, 100, 1, 120, 0, ''),
(@GGUID+953, 181174, 0, 1977.92, -5143.16, 79.2317, 1.90241, 0, 0, 0.814116, 0.580703, 100, 1, 120, 0, ''),
(@GGUID+954, 181174, 0, 2301.16, -4941.02, 80.8607, 1.90241, 0, 0, 0.814116, 0.580703, 100, 1, 120, 0, ''),
(@GGUID+955, 181174, 0, 2306.55, -4919.39, 89.5811, 3.87463, 0, 0, -0.93358, 0.358368, 100, 1, 120, 0, ''),
(@GGUID+956, 181174, 0, 2320.43, -4951.71, 76.1494, 5.42798, 0, 0, -0.414693, 0.909962, 100, 1, 120, 0, ''),
(@GGUID+957, 181174, 0, 2321.65, -4917.39, 84.3817, 1.44862, 0, 0, 0.66262, 0.748956, 100, 1, 120, 0, ''),
(@GGUID+958, 181174, 0, 2333.07, -4938.58, 76.1625, 3.07177, 0, 0, 0.999391, 0.0349061, 100, 1, 120, 0, ''),
(@GGUID+959, 181255, 0, 2239.47, -5320.43, 82.6284, 1.27409, 0, 0, 0.594822, 0.803857, 100, 1, 120, 0, ''),
(@GGUID+960, 181255, 0, 2239.56, -5320.3, 82.1271, 4.15388, 0, 0, -0.874619, 0.48481, 100, 1, 120, 0, ''),
(@GGUID+961, 181194, 0, 1568.39, -3051.2, 78.6488, 2.44346, 0, 0, 0.939692, 0.342021, 100, 1, 120, 0, ''),
(@GGUID+962, 181193, 0, 1569.98, -3050.95, 78.8824, 3.01941, 0, 0, 0.998135, 0.0610518, 100, 1, 120, 0, ''),
(@GGUID+963, 181191, 0, 1585.78, -3039.62, 79.899, 3.31614, 0, 0, -0.996194, 0.087165, 100, 1, 120, 0, ''),
(@GGUID+964, 181191, 0, 1586.16, -3040.48, 80.0321, 4.31097, 0, 0, -0.833885, 0.551938, 100, 1, 120, 0, ''),
(@GGUID+965, 181191, 0, 1586.57, -3040.22, 80.0008, 0.523598, 0, 0, 0.258819, 0.965926, 100, 1, 120, 0, ''),
(@GGUID+966, 181191, 0, 1587.12, -3015.43, 81.611, 5.37562, 0, 0, -0.438371, 0.898794, 100, 1, 120, 0, ''),
(@GGUID+967, 181194, 0, 1587.5, -3013.96, 81.7142, 5.37562, 0, 0, -0.438371, 0.898794, 100, 1, 120, 0, ''),
(@GGUID+968, 181192, 0, 1592.62, -3031.2, 78.8748, 4.86947, 0, 0, -0.649447, 0.760406, 100, 1, 120, 0, ''),
(@GGUID+969, 181192, 0, 1593.2, -3066.88, 79.9349, 5.07891, 0, 0, -0.566406, 0.824126, 100, 1, 120, 0, ''),
(@GGUID+970, 181192, 0, 1595.76, -3064.81, 79.9576, 1.44862, 0, 0, 0.66262, 0.748956, 100, 1, 120, 0, ''),
(@GGUID+971, 181191, 0, 1603.07, -3025.87, 79.0196, 5.51524, 0, 0, -0.374606, 0.927184, 100, 1, 120, 0, ''),
(@GGUID+972, 181191, 0, 1604.12, -3025.66, 79.0573, 4.79966, 0, 0, -0.67559, 0.737278, 100, 1, 120, 0, ''),
(@GGUID+973, 181191, 0, 1611.98, -3065.57, 78.606, 0.453785, 0, 0, 0.224951, 0.97437, 100, 1, 120, 0, ''),
(@GGUID+974, 181192, 0, 1613.93, -3065.54, 78.6501, 3.05433, 0, 0, 0.999048, 0.0436193, 100, 1, 120, 0, ''),
(@GGUID+975, 181194, 0, 1615.02, -3037.84, 77.6618, 1.32645, 0, 0, 0.615661, 0.788011, 100, 1, 120, 0, ''),
(@GGUID+976, 181194, 0, 1622.07, -3046.96, 79.0298, 3.64774, 0, 0, -0.968147, 0.250381, 100, 1, 120, 0, ''),
(@GGUID+977, 181194, 0, 1631.92, -3034.03, 79.7854, 2.58308, 0, 0, 0.961261, 0.27564, 100, 1, 120, 0, ''),
(@GGUID+978, 181191, 0, 1633.33, -3033.08, 79.8429, 4.79966, 0, 0, -0.67559, 0.737278, 100, 1, 120, 0, ''),
(@GGUID+979, 181192, 0, 1761.02, -2841.03, 71.8429, 4.86947, 0, 0, -0.649447, 0.760406, 100, 1, 120, 0, ''),
(@GGUID+980, 181191, 0, 1767.81, -2866.3, 71.5783, 5.07891, 0, 0, -0.566406, 0.824126, 100, 1, 120, 0, ''),
(@GGUID+981, 181191, 0, 1774.62, -2826.27, 69.0928, 1.32645, 0, 0, 0.615661, 0.788011, 100, 1, 120, 0, ''),
(@GGUID+982, 181194, 0, 1775.91, -2849.46, 68.1006, 2.44346, 0, 0, 0.939692, 0.342021, 100, 1, 120, 0, ''),
(@GGUID+983, 181192, 0, 1777.22, -2849.01, 68.127, 3.01941, 0, 0, 0.998135, 0.0610518, 100, 1, 120, 0, ''),
(@GGUID+984, 181192, 0, 1783.78, -2826.47, 69.0158, 5.37562, 0, 0, -0.438371, 0.898794, 100, 1, 120, 0, ''),
(@GGUID+985, 181194, 0, 1784.67, -2826.46, 68.9567, 5.37562, 0, 0, -0.438371, 0.898794, 100, 1, 120, 0, ''),
(@GGUID+986, 181192, 0, 1787.88, -2844.15, 67.7934, 4.79966, 0, 0, -0.67559, 0.737278, 100, 1, 120, 0, ''),
(@GGUID+987, 181192, 0, 1792.49, -2845.07, 68.9933, 5.51524, 0, 0, -0.374606, 0.927184, 100, 1, 120, 0, ''),
(@GGUID+988, 181191, 0, 1798.88, -2852.22, 68.3892, 0.523598, 0, 0, 0.258819, 0.965926, 100, 1, 120, 0, ''),
(@GGUID+989, 181193, 0, 1800.54, -2830.87, 69.9442, 3.31614, 0, 0, -0.996194, 0.087165, 100, 1, 120, 0, ''),
(@GGUID+990, 181192, 0, 1805.24, -2867.62, 67.8789, 3.05433, 0, 0, 0.999048, 0.0436193, 100, 1, 120, 0, ''),
(@GGUID+991, 181194, 0, 1806.21, -2867.52, 67.9099, 1.44862, 0, 0, 0.66262, 0.748956, 100, 1, 120, 0, ''),
(@GGUID+992, 181194, 0, 1814.01, -2841.04, 72.0197, 4.31097, 0, 0, -0.833885, 0.551938, 100, 1, 120, 0, ''),
(@GGUID+993, 181194, 0, 1821.46, -2826.06, 83.0323, 2.58308, 0, 0, 0.961261, 0.27564, 100, 1, 120, 0, ''),
(@GGUID+994, 181192, 0, 1825.73, -2841.49, 77.7955, 0.453785, 0, 0, 0.224951, 0.97437, 100, 1, 120, 0, ''),
(@GGUID+995, 181194, 0, 1826.08, -2840.09, 77.9095, 3.64774, 0, 0, -0.968147, 0.250381, 100, 1, 120, 0, ''),
(@GGUID+996, 181194, 0, 1830.81, -2853.76, 82.9595, 4.79966, 0, 0, -0.67559, 0.737278, 100, 1, 120, 0, ''),
(@GGUID+997, 181191, 0, 1906.72, -4772.17, 105.462, 3.01941, 0, 0, 0.998135, 0.0610518, 100, 1, 120, 0, ''),
(@GGUID+998, 181192, 0, 1919.0, -5145.38, 73.9771, 5.37562, 0, 0, -0.438371, 0.898794, 100, 1, 120, 0, ''),
(@GGUID+999, 181192, 0, 1920.02, -4756.39, 99.2499, 1.44862, 0, 0, 0.66262, 0.748956, 100, 1, 120, 0, ''),
(@GGUID+1000, 181192, 0, 1920.29, -4757.25, 99.1512, 3.31614, 0, 0, -0.996194, 0.087165, 100, 1, 120, 0, ''),
(@GGUID+1001, 181191, 0, 1920.82, -4756.28, 98.998, 4.31097, 0, 0, -0.833885, 0.551938, 100, 1, 120, 0, ''),
(@GGUID+1002, 181192, 0, 1921.05, -4772.1, 100.649, 3.05433, 0, 0, 0.999048, 0.0436193, 100, 1, 120, 0, ''),
(@GGUID+1003, 181194, 0, 1922.1, -4791.41, 103.396, 2.44346, 0, 0, 0.939692, 0.342021, 100, 1, 120, 0, ''),
(@GGUID+1004, 181191, 0, 1924.33, -4732.5, 101.178, 2.58308, 0, 0, 0.961261, 0.27564, 100, 1, 120, 0, ''),
(@GGUID+1005, 181193, 0, 1930.41, -5125.72, 100.938, 3.05433, 0, 0, 0.999048, 0.0436193, 100, 1, 120, 0, ''),
(@GGUID+1006, 181191, 0, 1931.61, -4785.54, 99.6964, 0.453785, 0, 0, 0.224951, 0.97437, 100, 1, 120, 0, ''),
(@GGUID+1007, 181193, 0, 1932.6, -4784.9, 99.4538, 3.64774, 0, 0, -0.968147, 0.250381, 100, 1, 120, 0, ''),
(@GGUID+1008, 181191, 0, 1935.82, -4731.0, 100.673, 5.37562, 0, 0, -0.438371, 0.898794, 100, 1, 120, 0, ''),
(@GGUID+1009, 181192, 0, 1936.16, -5172.28, 73.6389, 3.01941, 0, 0, 0.998135, 0.0610518, 100, 1, 120, 0, ''),
(@GGUID+1010, 181193, 0, 1938.05, -4745.25, 96.8655, 0.523598, 0, 0, 0.258819, 0.965926, 100, 1, 120, 0, ''),
(@GGUID+1011, 181194, 0, 1939.99, -5140.97, 73.6643, 5.51524, 0, 0, -0.374606, 0.927184, 100, 1, 120, 0, ''),
(@GGUID+1012, 181193, 0, 1940.62, -5146.29, 73.6236, 3.64774, 0, 0, -0.968147, 0.250381, 100, 1, 120, 0, ''),
(@GGUID+1013, 181191, 0, 1941.33, -3095.81, 85.892, 1.44862, 0, 0, 0.66262, 0.748956, 100, 1, 120, 0, ''),
(@GGUID+1014, 181191, 0, 1941.64, -3093.77, 85.4658, 4.79966, 0, 0, -0.67559, 0.737278, 100, 1, 120, 0, ''),
(@GGUID+1015, 181193, 0, 1942.18, -5099.56, 84.6481, 2.44346, 0, 0, 0.939692, 0.342021, 100, 1, 120, 0, ''),
(@GGUID+1016, 181192, 0, 1942.63, -3116.09, 89.4823, 5.51524, 0, 0, -0.374606, 0.927184, 100, 1, 120, 0, ''),
(@GGUID+1017, 181191, 0, 1944.42, -3116.68, 89.3527, 3.64774, 0, 0, -0.968147, 0.250381, 100, 1, 120, 0, ''),
(@GGUID+1018, 181192, 0, 1945.23, -4776.45, 98.3861, 5.37562, 0, 0, -0.438371, 0.898794, 100, 1, 120, 0, ''),
(@GGUID+1019, 181193, 0, 1945.48, -5109.0, 81.6221, 4.79966, 0, 0, -0.67559, 0.737278, 100, 1, 120, 0, ''),
(@GGUID+1020, 181192, 0, 1945.95, -5110.36, 81.0997, 2.58308, 0, 0, 0.961261, 0.27564, 100, 1, 120, 0, ''),
(@GGUID+1021, 181192, 0, 1946.93, -3069.19, 78.6248, 0.453785, 0, 0, 0.224951, 0.97437, 100, 1, 120, 0, ''),
(@GGUID+1022, 181192, 0, 1950.81, -5105.51, 83.3676, 1.44862, 0, 0, 0.66262, 0.748956, 100, 1, 120, 0, ''),
(@GGUID+1023, 181193, 0, 1953.76, -5166.41, 78.0603, 0.453785, 0, 0, 0.224951, 0.97437, 100, 1, 120, 0, ''),
(@GGUID+1024, 181193, 0, 1954.2, -4753.0, 97.0392, 5.51524, 0, 0, -0.374606, 0.927184, 100, 1, 120, 0, ''),
(@GGUID+1025, 181192, 0, 1954.51, -3122.99, 88.5028, 3.05433, 0, 0, 0.999048, 0.0436193, 100, 1, 120, 0, ''),
(@GGUID+1026, 181194, 0, 1955.3, -4751.92, 96.864, 4.79966, 0, 0, -0.67559, 0.737278, 100, 1, 120, 0, ''),
(@GGUID+1027, 181194, 0, 1955.66, -3123.42, 88.0313, 0.523598, 0, 0, 0.258819, 0.965926, 100, 1, 120, 0, ''),
(@GGUID+1028, 181194, 0, 1956.29, -4724.43, 98.3988, 4.79966, 0, 0, -0.67559, 0.737278, 100, 1, 120, 0, ''),
(@GGUID+1029, 181193, 0, 1957.21, -3079.93, 79.2057, 4.31097, 0, 0, -0.833885, 0.551938, 100, 1, 120, 0, ''),
(@GGUID+1030, 181191, 0, 1959.67, -5139.13, 74.3765, 1.32645, 0, 0, 0.615661, 0.788011, 100, 1, 120, 0, ''),
(@GGUID+1031, 181191, 0, 1961.09, -4764.02, 97.6069, 4.86947, 0, 0, -0.649447, 0.760406, 100, 1, 120, 0, ''),
(@GGUID+1032, 181192, 0, 1962.15, -4763.61, 97.2999, 5.07891, 0, 0, -0.566406, 0.824126, 100, 1, 120, 0, ''),
(@GGUID+1033, 181192, 0, 1963.22, -5099.92, 85.679, 5.07891, 0, 0, -0.566406, 0.824126, 100, 1, 120, 0, ''),
(@GGUID+1034, 181191, 0, 1963.39, -4744.69, 96.1348, 1.32645, 0, 0, 0.615661, 0.788011, 100, 1, 120, 0, ''),
(@GGUID+1035, 181193, 0, 1966.58, -3128.49, 84.4406, 4.86947, 0, 0, -0.649447, 0.760406, 100, 1, 120, 0, ''),
(@GGUID+1036, 181193, 0, 1966.66, -5165.72, 78.4688, 4.79966, 0, 0, -0.67559, 0.737278, 100, 1, 120, 0, ''),
(@GGUID+1037, 181193, 0, 1966.66, -3105.85, 83.0617, 3.31614, 0, 0, -0.996194, 0.087165, 100, 1, 120, 0, ''),
(@GGUID+1038, 181193, 0, 1967.12, -5165.38, 78.2974, 0.523598, 0, 0, 0.258819, 0.965926, 100, 1, 120, 0, ''),
(@GGUID+1039, 181191, 0, 1969.54, -3082.61, 78.2019, 5.37562, 0, 0, -0.438371, 0.898794, 100, 1, 120, 0, ''),
(@GGUID+1040, 181193, 0, 1970.66, -3100.07, 82.4968, 2.58308, 0, 0, 0.961261, 0.27564, 100, 1, 120, 0, ''),
(@GGUID+1041, 181191, 0, 1971.77, -3122.4, 81.6347, 5.07891, 0, 0, -0.566406, 0.824126, 100, 1, 120, 0, ''),
(@GGUID+1042, 181191, 0, 1971.87, -5173.95, 80.2897, 5.37562, 0, 0, -0.438371, 0.898794, 100, 1, 120, 0, ''),
(@GGUID+1043, 181192, 0, 1974.99, -3108.66, 81.2376, 3.01941, 0, 0, 0.998135, 0.0610518, 100, 1, 120, 0, ''),
(@GGUID+1044, 181192, 0, 1975.08, -3089.1, 80.0972, 5.37562, 0, 0, -0.438371, 0.898794, 100, 1, 120, 0, ''),
(@GGUID+1045, 181193, 0, 1975.42, -3109.73, 80.8529, 2.44346, 0, 0, 0.939692, 0.342021, 100, 1, 120, 0, ''),
(@GGUID+1046, 181194, 0, 1976.12, -5181.19, 79.6858, 4.86947, 0, 0, -0.649447, 0.760406, 100, 1, 120, 0, ''),
(@GGUID+1047, 181193, 0, 1979.31, -5107.51, 87.8338, 4.31097, 0, 0, -0.833885, 0.551938, 100, 1, 120, 0, ''),
(@GGUID+1048, 181191, 0, 1981.4, -3082.28, 76.7232, 4.79966, 0, 0, -0.67559, 0.737278, 100, 1, 120, 0, ''),
(@GGUID+1049, 181194, 0, 1984.65, -5138.32, 82.831, 3.31614, 0, 0, -0.996194, 0.087165, 100, 1, 120, 0, ''),
(@GGUID+1050, 181192, 0, 1988.23, -3099.97, 78.9845, 1.32645, 0, 0, 0.615661, 0.788011, 100, 1, 120, 0, ''),
(@GGUID+1051, 181192, 0, 2287.98, -4915.14, 97.5112, 1.32645, 0, 0, 0.615661, 0.788011, 100, 1, 120, 0, ''),
(@GGUID+1052, 181193, 0, 2289.23, -4915.06, 97.4164, 4.79966, 0, 0, -0.67559, 0.737278, 100, 1, 120, 0, ''),
(@GGUID+1053, 181191, 0, 2299.0, -4950.76, 77.8985, 4.86947, 0, 0, -0.649447, 0.760406, 100, 1, 120, 0, ''),
(@GGUID+1054, 181192, 0, 2303.79, -4910.37, 94.6176, 3.01941, 0, 0, 0.998135, 0.0610518, 100, 1, 120, 0, ''),
(@GGUID+1055, 181192, 0, 2305.03, -4941.07, 80.2708, 3.31614, 0, 0, -0.996194, 0.087165, 100, 1, 120, 0, ''),
(@GGUID+1056, 181194, 0, 2305.68, -4927.74, 86.4454, 4.31097, 0, 0, -0.833885, 0.551938, 100, 1, 120, 0, ''),
(@GGUID+1057, 181193, 0, 2314.24, -4945.6, 78.1637, 1.44862, 0, 0, 0.66262, 0.748956, 100, 1, 120, 0, ''),
(@GGUID+1058, 181194, 0, 2315.0, -4921.65, 86.328, 0.523598, 0, 0, 0.258819, 0.965926, 100, 1, 120, 0, ''),
(@GGUID+1059, 181192, 0, 2315.1, -4945.22, 78.2012, 3.05433, 0, 0, 0.999048, 0.0436193, 100, 1, 120, 0, ''),
(@GGUID+1060, 181194, 0, 2320.73, -4973.29, 72.4793, 2.44346, 0, 0, 0.939692, 0.342021, 100, 1, 120, 0, ''),
(@GGUID+1061, 181194, 0, 2321.23, -4972.05, 72.3983, 5.07891, 0, 0, -0.566406, 0.824126, 100, 1, 120, 0, ''),
(@GGUID+1062, 181192, 0, 2321.27, -4971.29, 72.3842, 2.58308, 0, 0, 0.961261, 0.27564, 100, 1, 120, 0, ''),
(@GGUID+1063, 181192, 0, 2325.87, -4923.38, 82.4325, 5.51524, 0, 0, -0.374606, 0.927184, 100, 1, 120, 0, ''),
(@GGUID+1064, 181191, 0, 2332.87, -4946.56, 73.514, 0.453785, 0, 0, 0.224951, 0.97437, 100, 1, 120, 0, ''),
(@GGUID+1065, 181191, 0, 2332.91, -4934.26, 77.6943, 4.79966, 0, 0, -0.67559, 0.737278, 100, 1, 120, 0, ''),
(@GGUID+1066, 181194, 0, 2333.7, -4935.03, 77.1431, 3.64774, 0, 0, -0.968147, 0.250381, 100, 1, 120, 0, ''),
(@GGUID+1067, 181192, 0, 2350.44, -4913.78, 74.405, 5.37562, 0, 0, -0.438371, 0.898794, 100, 1, 120, 0, ''),
(@GGUID+1068, 181193, 0, 2351.85, -4914.2, 74.3483, 5.37562, 0, 0, -0.438371, 0.898794, 100, 1, 120, 0, '');
DELETE FROM `game_event_gameobject` WHERE `eventEntry` = @scourge_eastern_plaguelands AND `guid` BETWEEN @GGUID+891 AND @GGUID+1068;
INSERT INTO `game_event_gameobject` (`eventEntry`, `guid`) VALUES
(@scourge_eastern_plaguelands, @GGUID+891),
(@scourge_eastern_plaguelands, @GGUID+892),
(@scourge_eastern_plaguelands, @GGUID+893),
(@scourge_eastern_plaguelands, @GGUID+894),
(@scourge_eastern_plaguelands, @GGUID+895),
(@scourge_eastern_plaguelands, @GGUID+896),
(@scourge_eastern_plaguelands, @GGUID+897),
(@scourge_eastern_plaguelands, @GGUID+898),
(@scourge_eastern_plaguelands, @GGUID+899),
(@scourge_eastern_plaguelands, @GGUID+900),
(@scourge_eastern_plaguelands, @GGUID+901),
(@scourge_eastern_plaguelands, @GGUID+902),
(@scourge_eastern_plaguelands, @GGUID+903),
(@scourge_eastern_plaguelands, @GGUID+904),
(@scourge_eastern_plaguelands, @GGUID+905),
(@scourge_eastern_plaguelands, @GGUID+906),
(@scourge_eastern_plaguelands, @GGUID+907),
(@scourge_eastern_plaguelands, @GGUID+908),
(@scourge_eastern_plaguelands, @GGUID+909),
(@scourge_eastern_plaguelands, @GGUID+910),
(@scourge_eastern_plaguelands, @GGUID+911),
(@scourge_eastern_plaguelands, @GGUID+912),
(@scourge_eastern_plaguelands, @GGUID+913),
(@scourge_eastern_plaguelands, @GGUID+914),
(@scourge_eastern_plaguelands, @GGUID+915),
(@scourge_eastern_plaguelands, @GGUID+916),
(@scourge_eastern_plaguelands, @GGUID+917),
(@scourge_eastern_plaguelands, @GGUID+918),
(@scourge_eastern_plaguelands, @GGUID+919),
(@scourge_eastern_plaguelands, @GGUID+920),
(@scourge_eastern_plaguelands, @GGUID+921),
(@scourge_eastern_plaguelands, @GGUID+922),
(@scourge_eastern_plaguelands, @GGUID+923),
(@scourge_eastern_plaguelands, @GGUID+924),
(@scourge_eastern_plaguelands, @GGUID+925),
(@scourge_eastern_plaguelands, @GGUID+926),
(@scourge_eastern_plaguelands, @GGUID+927),
(@scourge_eastern_plaguelands, @GGUID+928),
(@scourge_eastern_plaguelands, @GGUID+929),
(@scourge_eastern_plaguelands, @GGUID+930),
(@scourge_eastern_plaguelands, @GGUID+931),
(@scourge_eastern_plaguelands, @GGUID+932),
(@scourge_eastern_plaguelands, @GGUID+933),
(@scourge_eastern_plaguelands, @GGUID+934),
(@scourge_eastern_plaguelands, @GGUID+935),
(@scourge_eastern_plaguelands, @GGUID+936),
(@scourge_eastern_plaguelands, @GGUID+937),
(@scourge_eastern_plaguelands, @GGUID+938),
(@scourge_eastern_plaguelands, @GGUID+939),
(@scourge_eastern_plaguelands, @GGUID+940),
(@scourge_eastern_plaguelands, @GGUID+941),
(@scourge_eastern_plaguelands, @GGUID+942),
(@scourge_eastern_plaguelands, @GGUID+943),
(@scourge_eastern_plaguelands, @GGUID+944),
(@scourge_eastern_plaguelands, @GGUID+945),
(@scourge_eastern_plaguelands, @GGUID+946),
(@scourge_eastern_plaguelands, @GGUID+947),
(@scourge_eastern_plaguelands, @GGUID+948),
(@scourge_eastern_plaguelands, @GGUID+949),
(@scourge_eastern_plaguelands, @GGUID+950),
(@scourge_eastern_plaguelands, @GGUID+951),
(@scourge_eastern_plaguelands, @GGUID+952),
(@scourge_eastern_plaguelands, @GGUID+953),
(@scourge_eastern_plaguelands, @GGUID+954),
(@scourge_eastern_plaguelands, @GGUID+955),
(@scourge_eastern_plaguelands, @GGUID+956),
(@scourge_eastern_plaguelands, @GGUID+957),
(@scourge_eastern_plaguelands, @GGUID+958),
(@scourge_eastern_plaguelands, @GGUID+959),
(@scourge_eastern_plaguelands, @GGUID+960),
(@scourge_eastern_plaguelands, @GGUID+961),
(@scourge_eastern_plaguelands, @GGUID+962),
(@scourge_eastern_plaguelands, @GGUID+963),
(@scourge_eastern_plaguelands, @GGUID+964),
(@scourge_eastern_plaguelands, @GGUID+965),
(@scourge_eastern_plaguelands, @GGUID+966),
(@scourge_eastern_plaguelands, @GGUID+967),
(@scourge_eastern_plaguelands, @GGUID+968),
(@scourge_eastern_plaguelands, @GGUID+969),
(@scourge_eastern_plaguelands, @GGUID+970),
(@scourge_eastern_plaguelands, @GGUID+971),
(@scourge_eastern_plaguelands, @GGUID+972),
(@scourge_eastern_plaguelands, @GGUID+973),
(@scourge_eastern_plaguelands, @GGUID+974),
(@scourge_eastern_plaguelands, @GGUID+975),
(@scourge_eastern_plaguelands, @GGUID+976),
(@scourge_eastern_plaguelands, @GGUID+977),
(@scourge_eastern_plaguelands, @GGUID+978),
(@scourge_eastern_plaguelands, @GGUID+979),
(@scourge_eastern_plaguelands, @GGUID+980),
(@scourge_eastern_plaguelands, @GGUID+981),
(@scourge_eastern_plaguelands, @GGUID+982),
(@scourge_eastern_plaguelands, @GGUID+983),
(@scourge_eastern_plaguelands, @GGUID+984),
(@scourge_eastern_plaguelands, @GGUID+985),
(@scourge_eastern_plaguelands, @GGUID+986),
(@scourge_eastern_plaguelands, @GGUID+987),
(@scourge_eastern_plaguelands, @GGUID+988),
(@scourge_eastern_plaguelands, @GGUID+989),
(@scourge_eastern_plaguelands, @GGUID+990),
(@scourge_eastern_plaguelands, @GGUID+991),
(@scourge_eastern_plaguelands, @GGUID+992),
(@scourge_eastern_plaguelands, @GGUID+993),
(@scourge_eastern_plaguelands, @GGUID+994),
(@scourge_eastern_plaguelands, @GGUID+995),
(@scourge_eastern_plaguelands, @GGUID+996),
(@scourge_eastern_plaguelands, @GGUID+997),
(@scourge_eastern_plaguelands, @GGUID+998),
(@scourge_eastern_plaguelands, @GGUID+999),
(@scourge_eastern_plaguelands, @GGUID+1000),
(@scourge_eastern_plaguelands, @GGUID+1001),
(@scourge_eastern_plaguelands, @GGUID+1002),
(@scourge_eastern_plaguelands, @GGUID+1003),
(@scourge_eastern_plaguelands, @GGUID+1004),
(@scourge_eastern_plaguelands, @GGUID+1005),
(@scourge_eastern_plaguelands, @GGUID+1006),
(@scourge_eastern_plaguelands, @GGUID+1007),
(@scourge_eastern_plaguelands, @GGUID+1008),
(@scourge_eastern_plaguelands, @GGUID+1009),
(@scourge_eastern_plaguelands, @GGUID+1010),
(@scourge_eastern_plaguelands, @GGUID+1011),
(@scourge_eastern_plaguelands, @GGUID+1012),
(@scourge_eastern_plaguelands, @GGUID+1013),
(@scourge_eastern_plaguelands, @GGUID+1014),
(@scourge_eastern_plaguelands, @GGUID+1015),
(@scourge_eastern_plaguelands, @GGUID+1016),
(@scourge_eastern_plaguelands, @GGUID+1017),
(@scourge_eastern_plaguelands, @GGUID+1018),
(@scourge_eastern_plaguelands, @GGUID+1019),
(@scourge_eastern_plaguelands, @GGUID+1020),
(@scourge_eastern_plaguelands, @GGUID+1021),
(@scourge_eastern_plaguelands, @GGUID+1022),
(@scourge_eastern_plaguelands, @GGUID+1023),
(@scourge_eastern_plaguelands, @GGUID+1024),
(@scourge_eastern_plaguelands, @GGUID+1025),
(@scourge_eastern_plaguelands, @GGUID+1026),
(@scourge_eastern_plaguelands, @GGUID+1027),
(@scourge_eastern_plaguelands, @GGUID+1028),
(@scourge_eastern_plaguelands, @GGUID+1029),
(@scourge_eastern_plaguelands, @GGUID+1030),
(@scourge_eastern_plaguelands, @GGUID+1031),
(@scourge_eastern_plaguelands, @GGUID+1032),
(@scourge_eastern_plaguelands, @GGUID+1033),
(@scourge_eastern_plaguelands, @GGUID+1034),
(@scourge_eastern_plaguelands, @GGUID+1035),
(@scourge_eastern_plaguelands, @GGUID+1036),
(@scourge_eastern_plaguelands, @GGUID+1037),
(@scourge_eastern_plaguelands, @GGUID+1038),
(@scourge_eastern_plaguelands, @GGUID+1039),
(@scourge_eastern_plaguelands, @GGUID+1040),
(@scourge_eastern_plaguelands, @GGUID+1041),
(@scourge_eastern_plaguelands, @GGUID+1042),
(@scourge_eastern_plaguelands, @GGUID+1043),
(@scourge_eastern_plaguelands, @GGUID+1044),
(@scourge_eastern_plaguelands, @GGUID+1045),
(@scourge_eastern_plaguelands, @GGUID+1046),
(@scourge_eastern_plaguelands, @GGUID+1047),
(@scourge_eastern_plaguelands, @GGUID+1048),
(@scourge_eastern_plaguelands, @GGUID+1049),
(@scourge_eastern_plaguelands, @GGUID+1050),
(@scourge_eastern_plaguelands, @GGUID+1051),
(@scourge_eastern_plaguelands, @GGUID+1052),
(@scourge_eastern_plaguelands, @GGUID+1053),
(@scourge_eastern_plaguelands, @GGUID+1054),
(@scourge_eastern_plaguelands, @GGUID+1055),
(@scourge_eastern_plaguelands, @GGUID+1056),
(@scourge_eastern_plaguelands, @GGUID+1057),
(@scourge_eastern_plaguelands, @GGUID+1058),
(@scourge_eastern_plaguelands, @GGUID+1059),
(@scourge_eastern_plaguelands, @GGUID+1060),
(@scourge_eastern_plaguelands, @GGUID+1061),
(@scourge_eastern_plaguelands, @GGUID+1062),
(@scourge_eastern_plaguelands, @GGUID+1063),
(@scourge_eastern_plaguelands, @GGUID+1064),
(@scourge_eastern_plaguelands, @GGUID+1065),
(@scourge_eastern_plaguelands, @GGUID+1066),
(@scourge_eastern_plaguelands, @GGUID+1067),
(@scourge_eastern_plaguelands, @GGUID+1068);

DELETE FROM `gameobject` WHERE `guid` BETWEEN @GGUID+1069 AND @GGUID+1242 AND `id` IN (181154, 181191, 181192, 181193, 181194, 181136, 181173, 181174);
INSERT INTO `gameobject` (`guid`, `id`, `map`, `position_x`, `position_y`, `position_z`, `orientation`, `rotation0`, `rotation1`, `rotation2`, `rotation3`, `animprogress`, `state`, `spawntimesecs`, `VerifiedBuild`, `Comment`) VALUES
(@GGUID+1069, 181136, 0, -8399.82, -1246.03, 202.741, 1.37881, 0, 0, 0.636078, 0.771625, 100, 1, 120, 0, ''),
(@GGUID+1070, 181136, 0, -8371.14, -963.306, 191.002, 5.23599, 0, 0, -0.5, 0.866025, 100, 1, 120, 0, ''),
(@GGUID+1071, 181136, 0, -8032.02, -981.624, 122.643, 5.23599, 0, 0, -0.5, 0.866025, 100, 1, 120, 0, ''),
(@GGUID+1072, 181136, 0, -7981.87, -2433.27, 129.776, 0.733038, 0, 0, 0.358368, 0.933581, 100, 1, 120, 0, ''),
(@GGUID+1073, 181136, 0, -7732.86, -2232.79, 134.965, 1.37881, 0, 0, 0.636078, 0.771625, 100, 1, 120, 0, ''),
(@GGUID+1074, 181136, 0, -7603.63, -2596.44, 135.679, 1.37881, 0, 0, 0.636078, 0.771625, 100, 1, 120, 0, ''),
(@GGUID+1075, 181154, 0, -8232.78, -1099.86, 201.488, 5.18363, 0, 0, -0.522498, 0.852641, 100, 1, 120, 0, ''),
(@GGUID+1076, 181154, 0, -7733.71, -2432.74, 190.786, 2.67035, 0, 0, 0.972369, 0.233448, 100, 1, 120, 0, ''),
(@GGUID+1077, 181173, 0, -8412.98, -1248.38, 205.592, 1.90241, 0, 0, 0.814116, 0.580703, 100, 1, 120, 0, ''),
(@GGUID+1078, 181173, 0, -8408.04, -1234.03, 197.22, 5.42798, 0, 0, -0.414693, 0.909962, 100, 1, 120, 0, ''),
(@GGUID+1079, 181173, 0, -8403.73, -1258.55, 210.502, 3.87463, 0, 0, -0.93358, 0.358368, 100, 1, 120, 0, ''),
(@GGUID+1080, 181173, 0, -8391.57, -1236.6, 195.301, 3.07177, 0, 0, 0.999391, 0.0349061, 100, 1, 120, 0, ''),
(@GGUID+1081, 181173, 0, -8384.43, -965.495, 192.449, 3.87463, 0, 0, -0.93358, 0.358368, 100, 1, 120, 0, ''),
(@GGUID+1082, 181173, 0, -8374.4, -976.698, 187.892, 1.44862, 0, 0, 0.66262, 0.748956, 100, 1, 120, 0, ''),
(@GGUID+1083, 181173, 0, -8373.36, -951.099, 196.14, 1.90241, 0, 0, 0.814116, 0.580703, 100, 1, 120, 0, ''),
(@GGUID+1084, 181173, 0, -8358.83, -972.333, 187.406, 3.07177, 0, 0, 0.999391, 0.0349061, 100, 1, 120, 0, ''),
(@GGUID+1085, 181173, 0, -8356.23, -953.66, 191.819, 5.42798, 0, 0, -0.414693, 0.909962, 100, 1, 120, 0, ''),
(@GGUID+1086, 181173, 0, -8053.09, -988.775, 131.256, 3.87463, 0, 0, -0.93358, 0.358368, 100, 1, 120, 0, ''),
(@GGUID+1087, 181173, 0, -8043.76, -962.956, 132.977, 1.90241, 0, 0, 0.814116, 0.580703, 100, 1, 120, 0, ''),
(@GGUID+1088, 181173, 0, -8025.57, -1002.61, 122.94, 3.07177, 0, 0, 0.999391, 0.0349061, 100, 1, 120, 0, ''),
(@GGUID+1089, 181173, 0, -8019.87, -966.035, 122.647, 5.42798, 0, 0, -0.414693, 0.909962, 100, 1, 120, 0, ''),
(@GGUID+1090, 181173, 0, -8009.05, -988.576, 128.328, 1.44862, 0, 0, 0.66262, 0.748956, 100, 1, 120, 0, ''),
(@GGUID+1091, 181173, 0, -7995.97, -2424.91, 128.912, 5.42798, 0, 0, -0.414693, 0.909962, 100, 1, 120, 0, ''),
(@GGUID+1092, 181173, 0, -7994.7, -2440.14, 131.838, 1.44862, 0, 0, 0.66262, 0.748956, 100, 1, 120, 0, ''),
(@GGUID+1093, 181173, 0, -7979.67, -2446.44, 131.103, 3.87463, 0, 0, -0.93358, 0.358368, 100, 1, 120, 0, ''),
(@GGUID+1094, 181173, 0, -7977.75, -2418.21, 126.65, 3.07177, 0, 0, 0.999391, 0.0349061, 100, 1, 120, 0, ''),
(@GGUID+1095, 181173, 0, -7965.11, -2432.88, 126.468, 1.90241, 0, 0, 0.814116, 0.580703, 100, 1, 120, 0, ''),
(@GGUID+1096, 181173, 0, -7751.28, -2233.32, 133.5, 3.07177, 0, 0, 0.999391, 0.0349061, 100, 1, 120, 0, ''),
(@GGUID+1097, 181173, 0, -7741.55, -2250.78, 134.744, 5.42798, 0, 0, -0.414693, 0.909962, 100, 1, 120, 0, ''),
(@GGUID+1098, 181173, 0, -7735.35, -2214.41, 133.439, 1.90241, 0, 0, 0.814116, 0.580703, 100, 1, 120, 0, ''),
(@GGUID+1099, 181173, 0, -7722.01, -2243.29, 138.13, 1.44862, 0, 0, 0.66262, 0.748956, 100, 1, 120, 0, ''),
(@GGUID+1100, 181173, 0, -7717.37, -2225.96, 135.464, 3.87463, 0, 0, -0.93358, 0.358368, 100, 1, 120, 0, ''),
(@GGUID+1101, 181173, 0, -7622.51, -2594.37, 132.082, 3.07177, 0, 0, 0.999391, 0.0349061, 100, 1, 120, 0, ''),
(@GGUID+1102, 181173, 0, -7611.16, -2613.02, 133.458, 1.90241, 0, 0, 0.814116, 0.580703, 100, 1, 120, 0, ''),
(@GGUID+1103, 181173, 0, -7610.4, -2579.54, 132.969, 5.42798, 0, 0, -0.414693, 0.909962, 100, 1, 120, 0, ''),
(@GGUID+1104, 181173, 0, -7588.65, -2585.35, 137.826, 1.44862, 0, 0, 0.66262, 0.748956, 100, 1, 120, 0, ''),
(@GGUID+1105, 181173, 0, -7588.18, -2604.82, 137.333, 3.87463, 0, 0, -0.93358, 0.358368, 100, 1, 120, 0, ''),
(@GGUID+1106, 181174, 0, -8412.98, -1248.38, 205.592, 1.90241, 0, 0, 0.814116, 0.580703, 100, 1, 120, 0, ''),
(@GGUID+1107, 181174, 0, -8408.04, -1234.03, 197.22, 5.42798, 0, 0, -0.414693, 0.909962, 100, 1, 120, 0, ''),
(@GGUID+1108, 181174, 0, -8403.73, -1258.55, 210.502, 3.87463, 0, 0, -0.93358, 0.358368, 100, 1, 120, 0, ''),
(@GGUID+1109, 181174, 0, -8391.57, -1236.6, 195.301, 3.07177, 0, 0, 0.999391, 0.0349061, 100, 1, 120, 0, ''),
(@GGUID+1110, 181174, 0, -8384.43, -965.495, 192.449, 3.87463, 0, 0, -0.93358, 0.358368, 100, 1, 120, 0, ''),
(@GGUID+1111, 181174, 0, -8374.4, -976.698, 187.892, 1.44862, 0, 0, 0.66262, 0.748956, 100, 1, 120, 0, ''),
(@GGUID+1112, 181174, 0, -8373.36, -951.099, 196.14, 1.90241, 0, 0, 0.814116, 0.580703, 100, 1, 120, 0, ''),
(@GGUID+1113, 181174, 0, -8358.83, -972.333, 187.406, 3.07177, 0, 0, 0.999391, 0.0349061, 100, 1, 120, 0, ''),
(@GGUID+1114, 181174, 0, -8356.23, -953.66, 191.819, 5.42798, 0, 0, -0.414693, 0.909962, 100, 1, 120, 0, ''),
(@GGUID+1115, 181174, 0, -8053.09, -988.775, 131.256, 3.87463, 0, 0, -0.93358, 0.358368, 100, 1, 120, 0, ''),
(@GGUID+1116, 181174, 0, -8043.76, -962.956, 132.977, 1.90241, 0, 0, 0.814116, 0.580703, 100, 1, 120, 0, ''),
(@GGUID+1117, 181174, 0, -8025.57, -1002.61, 122.94, 3.07177, 0, 0, 0.999391, 0.0349061, 100, 1, 120, 0, ''),
(@GGUID+1118, 181174, 0, -8019.87, -966.035, 122.647, 5.42798, 0, 0, -0.414693, 0.909962, 100, 1, 120, 0, ''),
(@GGUID+1119, 181174, 0, -8009.05, -988.576, 128.328, 1.44862, 0, 0, 0.66262, 0.748956, 100, 1, 120, 0, ''),
(@GGUID+1120, 181174, 0, -7995.97, -2424.91, 128.912, 5.42798, 0, 0, -0.414693, 0.909962, 100, 1, 120, 0, ''),
(@GGUID+1121, 181174, 0, -7994.7, -2440.14, 131.838, 1.44862, 0, 0, 0.66262, 0.748956, 100, 1, 120, 0, ''),
(@GGUID+1122, 181174, 0, -7979.67, -2446.44, 131.103, 3.87463, 0, 0, -0.93358, 0.358368, 100, 1, 120, 0, ''),
(@GGUID+1123, 181174, 0, -7977.75, -2418.21, 126.65, 3.07177, 0, 0, 0.999391, 0.0349061, 100, 1, 120, 0, ''),
(@GGUID+1124, 181174, 0, -7965.11, -2432.88, 126.468, 1.90241, 0, 0, 0.814116, 0.580703, 100, 1, 120, 0, ''),
(@GGUID+1125, 181174, 0, -7751.28, -2233.32, 133.5, 3.07177, 0, 0, 0.999391, 0.0349061, 100, 1, 120, 0, ''),
(@GGUID+1126, 181174, 0, -7741.55, -2250.78, 134.744, 5.42798, 0, 0, -0.414693, 0.909962, 100, 1, 120, 0, ''),
(@GGUID+1127, 181174, 0, -7735.35, -2214.41, 133.439, 1.90241, 0, 0, 0.814116, 0.580703, 100, 1, 120, 0, ''),
(@GGUID+1128, 181174, 0, -7722.01, -2243.29, 138.13, 1.44862, 0, 0, 0.66262, 0.748956, 100, 1, 120, 0, ''),
(@GGUID+1129, 181174, 0, -7717.37, -2225.96, 135.464, 3.87463, 0, 0, -0.93358, 0.358368, 100, 1, 120, 0, ''),
(@GGUID+1130, 181174, 0, -7622.51, -2594.37, 132.082, 3.07177, 0, 0, 0.999391, 0.0349061, 100, 1, 120, 0, ''),
(@GGUID+1131, 181174, 0, -7611.16, -2613.02, 133.458, 1.90241, 0, 0, 0.814116, 0.580703, 100, 1, 120, 0, ''),
(@GGUID+1132, 181174, 0, -7610.4, -2579.54, 132.969, 5.42798, 0, 0, -0.414693, 0.909962, 100, 1, 120, 0, ''),
(@GGUID+1133, 181174, 0, -7588.65, -2585.35, 137.826, 1.44862, 0, 0, 0.66262, 0.748956, 100, 1, 120, 0, ''),
(@GGUID+1134, 181174, 0, -7588.18, -2604.82, 137.333, 3.87463, 0, 0, -0.93358, 0.358368, 100, 1, 120, 0, ''),
(@GGUID+1135, 181191, 0, -8433.5, -1267.95, 218.048, 1.32645, 0, 0, 0.615661, 0.788011, 100, 1, 120, 0, ''),
(@GGUID+1136, 181191, 0, -8432.31, -1247.49, 211.001, 2.44346, 0, 0, 0.939692, 0.342021, 100, 1, 120, 0, ''),
(@GGUID+1137, 181194, 0, -8424.23, -1257.97, 213.001, 5.37562, 0, 0, -0.438371, 0.898794, 100, 1, 120, 0, ''),
(@GGUID+1138, 181193, 0, -8415.65, -1250.67, 207.519, 3.05433, 0, 0, 0.999048, 0.0436193, 100, 1, 120, 0, ''),
(@GGUID+1139, 181192, 0, -8414.85, -1250.54, 207.285, 1.44862, 0, 0, 0.66262, 0.748956, 100, 1, 120, 0, ''),
(@GGUID+1140, 181194, 0, -8413.57, -1233.1, 197.218, 3.31614, 0, 0, -0.996194, 0.087165, 100, 1, 120, 0, ''),
(@GGUID+1141, 181194, 0, -8412.9, -1232.9, 196.897, 4.31097, 0, 0, -0.833885, 0.551938, 100, 1, 120, 0, ''),
(@GGUID+1142, 181191, 0, -8409.35, -1267.67, 215.369, 5.37562, 0, 0, -0.438371, 0.898794, 100, 1, 120, 0, ''),
(@GGUID+1143, 181193, 0, -8401.86, -1239.32, 198.169, 3.01941, 0, 0, 0.998135, 0.0610518, 100, 1, 120, 0, ''),
(@GGUID+1144, 181192, 0, -8395.2, -949.871, 201.626, 4.86947, 0, 0, -0.649447, 0.760406, 100, 1, 120, 0, ''),
(@GGUID+1145, 181192, 0, -8392.18, -963.944, 194.59, 3.05433, 0, 0, 0.999048, 0.0436193, 100, 1, 120, 0, ''),
(@GGUID+1146, 181194, 0, -8391.61, -1265.83, 210.55, 3.64774, 0, 0, -0.968147, 0.250381, 100, 1, 120, 0, ''),
(@GGUID+1147, 181192, 0, -8391.25, -1264.89, 210.08, 0.453785, 0, 0, 0.224951, 0.97437, 100, 1, 120, 0, ''),
(@GGUID+1148, 181191, 0, -8391.06, -964.633, 194.041, 3.64774, 0, 0, -0.968147, 0.250381, 100, 1, 120, 0, ''),
(@GGUID+1149, 181193, 0, -8390.0, -1221.27, 189.737, 4.79966, 0, 0, -0.67559, 0.737278, 100, 1, 120, 0, ''),
(@GGUID+1150, 181193, 0, -8380.72, -945.081, 200.524, 3.31614, 0, 0, -0.996194, 0.087165, 100, 1, 120, 0, ''),
(@GGUID+1151, 181193, 0, -8379.61, -944.807, 200.393, 1.44862, 0, 0, 0.66262, 0.748956, 100, 1, 120, 0, ''),
(@GGUID+1152, 181192, 0, -8379.32, -982.256, 187.678, 4.79966, 0, 0, -0.67559, 0.737278, 100, 1, 120, 0, ''),
(@GGUID+1153, 181194, 0, -8379.25, -1233.79, 193.823, 0.523598, 0, 0, 0.258819, 0.965926, 100, 1, 120, 0, ''),
(@GGUID+1154, 181192, 0, -8378.7, -981.541, 187.686, 3.01941, 0, 0, 0.998135, 0.0610518, 100, 1, 120, 0, ''),
(@GGUID+1155, 181192, 0, -8378.61, -1234.11, 193.818, 5.51524, 0, 0, -0.374606, 0.927184, 100, 1, 120, 0, ''),
(@GGUID+1156, 181192, 0, -8377.69, -958.731, 193.846, 5.07891, 0, 0, -0.566406, 0.824126, 100, 1, 120, 0, ''),
(@GGUID+1157, 181192, 0, -8377.68, -982.149, 187.548, 2.44346, 0, 0, 0.939692, 0.342021, 100, 1, 120, 0, ''),
(@GGUID+1158, 181194, 0, -8366.26, -1279.55, 212.048, 2.58308, 0, 0, 0.961261, 0.27564, 100, 1, 120, 0, ''),
(@GGUID+1159, 181192, 0, -8366.14, -1277.8, 211.669, 4.79966, 0, 0, -0.67559, 0.737278, 100, 1, 120, 0, ''),
(@GGUID+1160, 181191, 0, -8364.4, -966.61, 189.125, 2.58308, 0, 0, 0.961261, 0.27564, 100, 1, 120, 0, ''),
(@GGUID+1161, 181194, 0, -8359.07, -930.49, 207.002, 5.37562, 0, 0, -0.438371, 0.898794, 100, 1, 120, 0, ''),
(@GGUID+1162, 181193, 0, -8358.67, -929.78, 207.349, 0.453785, 0, 0, 0.224951, 0.97437, 100, 1, 120, 0, ''),
(@GGUID+1163, 181191, 0, -8358.66, -947.965, 194.263, 4.79966, 0, 0, -0.67559, 0.737278, 100, 1, 120, 0, ''),
(@GGUID+1164, 181193, 0, -8357.6, -930.427, 207.274, 5.37562, 0, 0, -0.438371, 0.898794, 100, 1, 120, 0, ''),
(@GGUID+1165, 181192, 0, -8356.36, -982.168, 185.507, 4.31097, 0, 0, -0.833885, 0.551938, 100, 1, 120, 0, ''),
(@GGUID+1166, 181194, 0, -8354.97, -1255.32, 194.544, 4.86947, 0, 0, -0.649447, 0.760406, 100, 1, 120, 0, ''),
(@GGUID+1167, 181191, 0, -8353.58, -1256.07, 194.868, 5.07891, 0, 0, -0.566406, 0.824126, 100, 1, 120, 0, ''),
(@GGUID+1168, 181192, 0, -8353.23, -958.709, 189.964, 5.51524, 0, 0, -0.374606, 0.927184, 100, 1, 120, 0, ''),
(@GGUID+1169, 181192, 0, -8351.73, -959.321, 189.72, 0.523598, 0, 0, 0.258819, 0.965926, 100, 1, 120, 0, ''),
(@GGUID+1170, 181193, 0, -8351.62, -972.482, 186.748, 1.32645, 0, 0, 0.615661, 0.788011, 100, 1, 120, 0, ''),
(@GGUID+1171, 181194, 0, -8050.72, -996.258, 130.698, 4.79966, 0, 0, -0.67559, 0.737278, 100, 1, 120, 0, ''),
(@GGUID+1172, 181191, 0, -8050.55, -972.639, 132.138, 1.32645, 0, 0, 0.615661, 0.788011, 100, 1, 120, 0, ''),
(@GGUID+1173, 181194, 0, -8049.84, -997.107, 130.537, 5.51524, 0, 0, -0.374606, 0.927184, 100, 1, 120, 0, ''),
(@GGUID+1174, 181191, 0, -8049.32, -971.909, 131.784, 4.86947, 0, 0, -0.649447, 0.760406, 100, 1, 120, 0, ''),
(@GGUID+1175, 181192, 0, -8035.09, -960.794, 130.82, 0.523598, 0, 0, 0.258819, 0.965926, 100, 1, 120, 0, ''),
(@GGUID+1176, 181194, 0, -8034.57, -959.944, 131.149, 4.31097, 0, 0, -0.833885, 0.551938, 100, 1, 120, 0, ''),
(@GGUID+1177, 181192, 0, -8032.87, -1002.25, 122.634, 5.07891, 0, 0, -0.566406, 0.824126, 100, 1, 120, 0, ''),
(@GGUID+1178, 181191, 0, -8025.99, -970.899, 122.647, 2.44346, 0, 0, 0.939692, 0.342021, 100, 1, 120, 0, ''),
(@GGUID+1179, 181193, 0, -8023.52, -989.657, 122.647, 5.37562, 0, 0, -0.438371, 0.898794, 100, 1, 120, 0, ''),
(@GGUID+1180, 181192, 0, -8022.38, -988.255, 122.647, 5.37562, 0, 0, -0.438371, 0.898794, 100, 1, 120, 0, ''),
(@GGUID+1181, 181194, 0, -8022.0, -990.26, 122.647, 3.01941, 0, 0, 0.998135, 0.0610518, 100, 1, 120, 0, ''),
(@GGUID+1182, 181192, 0, -8021.04, -1013.84, 128.752, 3.05433, 0, 0, 0.999048, 0.0436193, 100, 1, 120, 0, ''),
(@GGUID+1183, 181193, 0, -8020.25, -1013.67, 128.933, 3.64774, 0, 0, -0.968147, 0.250381, 100, 1, 120, 0, ''),
(@GGUID+1184, 181192, 0, -8018.94, -2436.24, 127.586, 4.79966, 0, 0, -0.67559, 0.737278, 100, 1, 120, 0, ''),
(@GGUID+1185, 181191, 0, -8012.74, -2417.08, 125.16, 2.44346, 0, 0, 0.939692, 0.342021, 100, 1, 120, 0, ''),
(@GGUID+1186, 181193, 0, -8011.98, -2417.71, 125.316, 1.32645, 0, 0, 0.615661, 0.788011, 100, 1, 120, 0, ''),
(@GGUID+1187, 181192, 0, -8011.56, -2416.17, 124.975, 3.64774, 0, 0, -0.968147, 0.250381, 100, 1, 120, 0, ''),
(@GGUID+1188, 181194, 0, -8011.44, -955.784, 130.491, 0.453785, 0, 0, 0.224951, 0.97437, 100, 1, 120, 0, ''),
(@GGUID+1189, 181191, 0, -8011.15, -2453.95, 131.804, 5.07891, 0, 0, -0.566406, 0.824126, 100, 1, 120, 0, ''),
(@GGUID+1190, 181191, 0, -8010.96, -983.187, 127.41, 1.44862, 0, 0, 0.66262, 0.748956, 100, 1, 120, 0, ''),
(@GGUID+1191, 181191, 0, -8010.8, -2453.43, 131.654, 0.453785, 0, 0, 0.224951, 0.97437, 100, 1, 120, 0, ''),
(@GGUID+1192, 181193, 0, -8010.23, -981.925, 127.578, 3.31614, 0, 0, -0.996194, 0.087165, 100, 1, 120, 0, ''),
(@GGUID+1193, 181191, 0, -8001.2, -2435.98, 131.14, 4.31097, 0, 0, -0.833885, 0.551938, 100, 1, 120, 0, ''),
(@GGUID+1194, 181194, 0, -7995.82, -1002.28, 129.203, 4.79966, 0, 0, -0.67559, 0.737278, 100, 1, 120, 0, ''),
(@GGUID+1195, 181192, 0, -7989.55, -2420.37, 127.713, 3.01941, 0, 0, 0.998135, 0.0610518, 100, 1, 120, 0, ''),
(@GGUID+1196, 181194, 0, -7989.18, -2421.23, 128.044, 0.523598, 0, 0, 0.258819, 0.965926, 100, 1, 120, 0, ''),
(@GGUID+1197, 181192, 0, -7987.15, -970.404, 128.898, 2.58308, 0, 0, 0.961261, 0.27564, 100, 1, 120, 0, ''),
(@GGUID+1198, 181192, 0, -7983.05, -2443.49, 131.162, 5.37562, 0, 0, -0.438371, 0.898794, 100, 1, 120, 0, ''),
(@GGUID+1199, 181191, 0, -7982.49, -2442.67, 130.99, 4.86947, 0, 0, -0.649447, 0.760406, 100, 1, 120, 0, ''),
(@GGUID+1200, 181191, 0, -7982.37, -2456.56, 132.788, 3.31614, 0, 0, -0.996194, 0.087165, 100, 1, 120, 0, ''),
(@GGUID+1201, 181193, 0, -7982.2, -2443.23, 131.006, 4.79966, 0, 0, -0.67559, 0.737278, 100, 1, 120, 0, ''),
(@GGUID+1202, 181194, 0, -7976.1, -2411.7, 125.535, 3.05433, 0, 0, 0.999048, 0.0436193, 100, 1, 120, 0, ''),
(@GGUID+1203, 181192, 0, -7969.08, -2433.74, 127.042, 5.51524, 0, 0, -0.374606, 0.927184, 100, 1, 120, 0, ''),
(@GGUID+1204, 181193, 0, -7958.08, -2416.88, 126.889, 2.58308, 0, 0, 0.961261, 0.27564, 100, 1, 120, 0, ''),
(@GGUID+1205, 181193, 0, -7952.66, -2436.15, 127.879, 5.37562, 0, 0, -0.438371, 0.898794, 100, 1, 120, 0, ''),
(@GGUID+1206, 181194, 0, -7952.01, -2437.23, 128.365, 1.44862, 0, 0, 0.66262, 0.748956, 100, 1, 120, 0, ''),
(@GGUID+1207, 181193, 0, -7766.38, -2238.1, 133.528, 3.01941, 0, 0, 0.998135, 0.0610518, 100, 1, 120, 0, ''),
(@GGUID+1208, 181194, 0, -7765.77, -2237.39, 133.541, 5.37562, 0, 0, -0.438371, 0.898794, 100, 1, 120, 0, ''),
(@GGUID+1209, 181191, 0, -7753.81, -2219.62, 133.439, 4.31097, 0, 0, -0.833885, 0.551938, 100, 1, 120, 0, ''),
(@GGUID+1210, 181193, 0, -7752.97, -2201.81, 133.439, 5.07891, 0, 0, -0.566406, 0.824126, 100, 1, 120, 0, ''),
(@GGUID+1211, 181193, 0, -7750.94, -2253.1, 133.596, 0.523598, 0, 0, 0.258819, 0.965926, 100, 1, 120, 0, ''),
(@GGUID+1212, 181192, 0, -7750.86, -2253.54, 133.605, 3.05433, 0, 0, 0.999048, 0.0436193, 100, 1, 120, 0, ''),
(@GGUID+1213, 181192, 0, -7742.58, -2236.3, 134.159, 5.37562, 0, 0, -0.438371, 0.898794, 100, 1, 120, 0, ''),
(@GGUID+1214, 181192, 0, -7742.5, -2235.79, 134.134, 0.453785, 0, 0, 0.224951, 0.97437, 100, 1, 120, 0, ''),
(@GGUID+1215, 181193, 0, -7737.12, -2256.78, 135.901, 2.44346, 0, 0, 0.939692, 0.342021, 100, 1, 120, 0, ''),
(@GGUID+1216, 181193, 0, -7734.07, -2207.99, 133.439, 3.64774, 0, 0, -0.968147, 0.250381, 100, 1, 120, 0, ''),
(@GGUID+1217, 181191, 0, -7732.74, -2206.9, 133.439, 3.31614, 0, 0, -0.996194, 0.087165, 100, 1, 120, 0, ''),
(@GGUID+1218, 181192, 0, -7730.7, -2240.86, 136.298, 2.58308, 0, 0, 0.961261, 0.27564, 100, 1, 120, 0, ''),
(@GGUID+1219, 181192, 0, -7729.55, -2239.88, 136.404, 4.79966, 0, 0, -0.67559, 0.737278, 100, 1, 120, 0, ''),
(@GGUID+1220, 181191, 0, -7726.68, -2225.7, 134.645, 1.32645, 0, 0, 0.615661, 0.788011, 100, 1, 120, 0, ''),
(@GGUID+1221, 181193, 0, -7723.87, -2252.1, 138.787, 5.51524, 0, 0, -0.374606, 0.927184, 100, 1, 120, 0, ''),
(@GGUID+1222, 181194, 0, -7718.51, -2228.76, 135.882, 4.86947, 0, 0, -0.649447, 0.760406, 100, 1, 120, 0, ''),
(@GGUID+1223, 181192, 0, -7717.21, -2228.17, 135.888, 1.44862, 0, 0, 0.66262, 0.748956, 100, 1, 120, 0, ''),
(@GGUID+1224, 181191, 0, -7716.51, -2228.38, 135.988, 4.79966, 0, 0, -0.67559, 0.737278, 100, 1, 120, 0, ''),
(@GGUID+1225, 181193, 0, -7626.21, -2575.31, 132.021, 5.37562, 0, 0, -0.438371, 0.898794, 100, 1, 120, 0, ''),
(@GGUID+1226, 181194, 0, -7625.13, -2576.57, 131.763, 3.01941, 0, 0, 0.998135, 0.0610518, 100, 1, 120, 0, ''),
(@GGUID+1227, 181193, 0, -7624.22, -2602.45, 132.385, 5.37562, 0, 0, -0.438371, 0.898794, 100, 1, 120, 0, ''),
(@GGUID+1228, 181194, 0, -7623.63, -2603.38, 132.377, 0.453785, 0, 0, 0.224951, 0.97437, 100, 1, 120, 0, ''),
(@GGUID+1229, 181194, 0, -7623.44, -2604.28, 132.392, 2.58308, 0, 0, 0.961261, 0.27564, 100, 1, 120, 0, ''),
(@GGUID+1230, 181194, 0, -7608.6, -2612.26, 133.953, 4.79966, 0, 0, -0.67559, 0.737278, 100, 1, 120, 0, ''),
(@GGUID+1231, 181191, 0, -7608.54, -2613.28, 133.934, 3.64774, 0, 0, -0.968147, 0.250381, 100, 1, 120, 0, ''),
(@GGUID+1232, 181191, 0, -7607.81, -2587.44, 134.445, 5.07891, 0, 0, -0.566406, 0.824126, 100, 1, 120, 0, ''),
(@GGUID+1233, 181191, 0, -7607.79, -2629.18, 133.869, 2.44346, 0, 0, 0.939692, 0.342021, 100, 1, 120, 0, ''),
(@GGUID+1234, 181193, 0, -7598.04, -2604.17, 136.117, 4.86947, 0, 0, -0.649447, 0.760406, 100, 1, 120, 0, ''),
(@GGUID+1235, 181193, 0, -7596.82, -2566.68, 133.868, 5.51524, 0, 0, -0.374606, 0.927184, 100, 1, 120, 0, ''),
(@GGUID+1236, 181191, 0, -7595.88, -2566.53, 133.876, 4.79966, 0, 0, -0.67559, 0.737278, 100, 1, 120, 0, ''),
(@GGUID+1237, 181193, 0, -7591.88, -2620.63, 135.565, 1.32645, 0, 0, 0.615661, 0.788011, 100, 1, 120, 0, ''),
(@GGUID+1238, 181191, 0, -7589.27, -2583.24, 137.281, 0.523598, 0, 0, 0.258819, 0.965926, 100, 1, 120, 0, ''),
(@GGUID+1239, 181192, 0, -7588.9, -2607.11, 136.995, 1.44862, 0, 0, 0.66262, 0.748956, 100, 1, 120, 0, ''),
(@GGUID+1240, 181192, 0, -7588.44, -2582.06, 137.095, 4.31097, 0, 0, -0.833885, 0.551938, 100, 1, 120, 0, ''),
(@GGUID+1241, 181194, 0, -7587.87, -2607.69, 137.044, 3.05433, 0, 0, 0.999048, 0.0436193, 100, 1, 120, 0, ''),
(@GGUID+1242, 181193, 0, -7587.59, -2606.65, 137.194, 3.31614, 0, 0, -0.996194, 0.087165, 100, 1, 120, 0, '');
DELETE FROM `game_event_gameobject` WHERE `eventEntry` = @scourge_burning_steppes AND `guid` BETWEEN @GGUID+1069 AND @GGUID+1242;
INSERT INTO `game_event_gameobject` (`eventEntry`, `guid`) VALUES
(@scourge_burning_steppes, @GGUID+1069),
(@scourge_burning_steppes, @GGUID+1070),
(@scourge_burning_steppes, @GGUID+1071),
(@scourge_burning_steppes, @GGUID+1072),
(@scourge_burning_steppes, @GGUID+1073),
(@scourge_burning_steppes, @GGUID+1074),
(@scourge_burning_steppes, @GGUID+1075),
(@scourge_burning_steppes, @GGUID+1076),
(@scourge_burning_steppes, @GGUID+1077),
(@scourge_burning_steppes, @GGUID+1078),
(@scourge_burning_steppes, @GGUID+1079),
(@scourge_burning_steppes, @GGUID+1080),
(@scourge_burning_steppes, @GGUID+1081),
(@scourge_burning_steppes, @GGUID+1082),
(@scourge_burning_steppes, @GGUID+1083),
(@scourge_burning_steppes, @GGUID+1084),
(@scourge_burning_steppes, @GGUID+1085),
(@scourge_burning_steppes, @GGUID+1086),
(@scourge_burning_steppes, @GGUID+1087),
(@scourge_burning_steppes, @GGUID+1088),
(@scourge_burning_steppes, @GGUID+1089),
(@scourge_burning_steppes, @GGUID+1090),
(@scourge_burning_steppes, @GGUID+1091),
(@scourge_burning_steppes, @GGUID+1092),
(@scourge_burning_steppes, @GGUID+1093),
(@scourge_burning_steppes, @GGUID+1094),
(@scourge_burning_steppes, @GGUID+1095),
(@scourge_burning_steppes, @GGUID+1096),
(@scourge_burning_steppes, @GGUID+1097),
(@scourge_burning_steppes, @GGUID+1098),
(@scourge_burning_steppes, @GGUID+1099),
(@scourge_burning_steppes, @GGUID+1100),
(@scourge_burning_steppes, @GGUID+1101),
(@scourge_burning_steppes, @GGUID+1102),
(@scourge_burning_steppes, @GGUID+1103),
(@scourge_burning_steppes, @GGUID+1104),
(@scourge_burning_steppes, @GGUID+1105),
(@scourge_burning_steppes, @GGUID+1106),
(@scourge_burning_steppes, @GGUID+1107),
(@scourge_burning_steppes, @GGUID+1108),
(@scourge_burning_steppes, @GGUID+1109),
(@scourge_burning_steppes, @GGUID+1110),
(@scourge_burning_steppes, @GGUID+1111),
(@scourge_burning_steppes, @GGUID+1112),
(@scourge_burning_steppes, @GGUID+1113),
(@scourge_burning_steppes, @GGUID+1114),
(@scourge_burning_steppes, @GGUID+1115),
(@scourge_burning_steppes, @GGUID+1116),
(@scourge_burning_steppes, @GGUID+1117),
(@scourge_burning_steppes, @GGUID+1118),
(@scourge_burning_steppes, @GGUID+1119),
(@scourge_burning_steppes, @GGUID+1120),
(@scourge_burning_steppes, @GGUID+1121),
(@scourge_burning_steppes, @GGUID+1122),
(@scourge_burning_steppes, @GGUID+1123),
(@scourge_burning_steppes, @GGUID+1124),
(@scourge_burning_steppes, @GGUID+1125),
(@scourge_burning_steppes, @GGUID+1126),
(@scourge_burning_steppes, @GGUID+1127),
(@scourge_burning_steppes, @GGUID+1128),
(@scourge_burning_steppes, @GGUID+1129),
(@scourge_burning_steppes, @GGUID+1130),
(@scourge_burning_steppes, @GGUID+1131),
(@scourge_burning_steppes, @GGUID+1132),
(@scourge_burning_steppes, @GGUID+1133),
(@scourge_burning_steppes, @GGUID+1134),
(@scourge_burning_steppes, @GGUID+1135),
(@scourge_burning_steppes, @GGUID+1136),
(@scourge_burning_steppes, @GGUID+1137),
(@scourge_burning_steppes, @GGUID+1138),
(@scourge_burning_steppes, @GGUID+1139),
(@scourge_burning_steppes, @GGUID+1140),
(@scourge_burning_steppes, @GGUID+1141),
(@scourge_burning_steppes, @GGUID+1142),
(@scourge_burning_steppes, @GGUID+1143),
(@scourge_burning_steppes, @GGUID+1144),
(@scourge_burning_steppes, @GGUID+1145),
(@scourge_burning_steppes, @GGUID+1146),
(@scourge_burning_steppes, @GGUID+1147),
(@scourge_burning_steppes, @GGUID+1148),
(@scourge_burning_steppes, @GGUID+1149),
(@scourge_burning_steppes, @GGUID+1150),
(@scourge_burning_steppes, @GGUID+1151),
(@scourge_burning_steppes, @GGUID+1152),
(@scourge_burning_steppes, @GGUID+1153),
(@scourge_burning_steppes, @GGUID+1154),
(@scourge_burning_steppes, @GGUID+1155),
(@scourge_burning_steppes, @GGUID+1156),
(@scourge_burning_steppes, @GGUID+1157),
(@scourge_burning_steppes, @GGUID+1158),
(@scourge_burning_steppes, @GGUID+1159),
(@scourge_burning_steppes, @GGUID+1160),
(@scourge_burning_steppes, @GGUID+1161),
(@scourge_burning_steppes, @GGUID+1162),
(@scourge_burning_steppes, @GGUID+1163),
(@scourge_burning_steppes, @GGUID+1164),
(@scourge_burning_steppes, @GGUID+1165),
(@scourge_burning_steppes, @GGUID+1166),
(@scourge_burning_steppes, @GGUID+1167),
(@scourge_burning_steppes, @GGUID+1168),
(@scourge_burning_steppes, @GGUID+1169),
(@scourge_burning_steppes, @GGUID+1170),
(@scourge_burning_steppes, @GGUID+1171),
(@scourge_burning_steppes, @GGUID+1172),
(@scourge_burning_steppes, @GGUID+1173),
(@scourge_burning_steppes, @GGUID+1174),
(@scourge_burning_steppes, @GGUID+1175),
(@scourge_burning_steppes, @GGUID+1176),
(@scourge_burning_steppes, @GGUID+1177),
(@scourge_burning_steppes, @GGUID+1178),
(@scourge_burning_steppes, @GGUID+1179),
(@scourge_burning_steppes, @GGUID+1180),
(@scourge_burning_steppes, @GGUID+1181),
(@scourge_burning_steppes, @GGUID+1182),
(@scourge_burning_steppes, @GGUID+1183),
(@scourge_burning_steppes, @GGUID+1184),
(@scourge_burning_steppes, @GGUID+1185),
(@scourge_burning_steppes, @GGUID+1186),
(@scourge_burning_steppes, @GGUID+1187),
(@scourge_burning_steppes, @GGUID+1188),
(@scourge_burning_steppes, @GGUID+1189),
(@scourge_burning_steppes, @GGUID+1190),
(@scourge_burning_steppes, @GGUID+1191),
(@scourge_burning_steppes, @GGUID+1192),
(@scourge_burning_steppes, @GGUID+1193),
(@scourge_burning_steppes, @GGUID+1194),
(@scourge_burning_steppes, @GGUID+1195),
(@scourge_burning_steppes, @GGUID+1196),
(@scourge_burning_steppes, @GGUID+1197),
(@scourge_burning_steppes, @GGUID+1198),
(@scourge_burning_steppes, @GGUID+1199),
(@scourge_burning_steppes, @GGUID+1200),
(@scourge_burning_steppes, @GGUID+1201),
(@scourge_burning_steppes, @GGUID+1202),
(@scourge_burning_steppes, @GGUID+1203),
(@scourge_burning_steppes, @GGUID+1204),
(@scourge_burning_steppes, @GGUID+1205),
(@scourge_burning_steppes, @GGUID+1206),
(@scourge_burning_steppes, @GGUID+1207),
(@scourge_burning_steppes, @GGUID+1208),
(@scourge_burning_steppes, @GGUID+1209),
(@scourge_burning_steppes, @GGUID+1210),
(@scourge_burning_steppes, @GGUID+1211),
(@scourge_burning_steppes, @GGUID+1212),
(@scourge_burning_steppes, @GGUID+1213),
(@scourge_burning_steppes, @GGUID+1214),
(@scourge_burning_steppes, @GGUID+1215),
(@scourge_burning_steppes, @GGUID+1216),
(@scourge_burning_steppes, @GGUID+1217),
(@scourge_burning_steppes, @GGUID+1218),
(@scourge_burning_steppes, @GGUID+1219),
(@scourge_burning_steppes, @GGUID+1220),
(@scourge_burning_steppes, @GGUID+1221),
(@scourge_burning_steppes, @GGUID+1222),
(@scourge_burning_steppes, @GGUID+1223),
(@scourge_burning_steppes, @GGUID+1224),
(@scourge_burning_steppes, @GGUID+1225),
(@scourge_burning_steppes, @GGUID+1226),
(@scourge_burning_steppes, @GGUID+1227),
(@scourge_burning_steppes, @GGUID+1228),
(@scourge_burning_steppes, @GGUID+1229),
(@scourge_burning_steppes, @GGUID+1230),
(@scourge_burning_steppes, @GGUID+1231),
(@scourge_burning_steppes, @GGUID+1232),
(@scourge_burning_steppes, @GGUID+1233),
(@scourge_burning_steppes, @GGUID+1234),
(@scourge_burning_steppes, @GGUID+1235),
(@scourge_burning_steppes, @GGUID+1236),
(@scourge_burning_steppes, @GGUID+1237),
(@scourge_burning_steppes, @GGUID+1238),
(@scourge_burning_steppes, @GGUID+1239),
(@scourge_burning_steppes, @GGUID+1240),
(@scourge_burning_steppes, @GGUID+1241),
(@scourge_burning_steppes, @GGUID+1242);

-- Invisible Helpers
-- Disable Gravity
DELETE FROM `creature_template_movement` WHERE (`CreatureId` IN (16386, 16398, 16401, 16421));
INSERT INTO `creature_template_movement` (`CreatureId`, `Ground`, `Swim`, `Flight`, `Rooted`, `Chase`, `Random`, `InteractionPauseTimer`) VALUES
(16386, 0, 0, 1, 0, 0, 0, 0),
(16398, 0, 0, 1, 0, 0, 0, 0),
(16401, 0, 0, 1, 0, 0, 0, 0),
(16421, 0, 0, 1, 0, 0, 0, 0);
-- Do not let the proxies move
UPDATE `creature_template` SET `MovementType`= 0 WHERE (`entry` = 16398);
-- Do not let the relay move
UPDATE `creature_template` SET `MovementType`= 0 WHERE (`entry` = 16386);
-- Set NOT_SELECTABLE for Invisible Helper NPCs
UPDATE `creature_template` SET `unit_flags`= `unit_flags` | 33554432 WHERE `entry` IN (16356, 16336, 16306, 16338, 16421, 16386, 16398, 16401);
-- Add armor to the necropolis health npc so that is takes 14 damage per zap hit
UPDATE `creature_template` SET `ArmorModifier` = 120 WHERE (`entry` = 16421);
UPDATE `creature_template` SET `RegenHealth` = 0 WHERE (`entry` = 16421);
UPDATE `creature_template` SET `minlevel` = 1, `maxlevel` = 1 WHERE (`entry` IN (16421, 16401, 16398, 16386));
-- Allow Necropoli to target proxies
DELETE FROM `disables` WHERE `sourceType` = 0 AND `entry` = 28395;
INSERT INTO `disables` (`sourceType`, `entry`, `flags`, `comment`) VALUES
(0, 28395, 64, 'Ignore LoS for Communique Timer, Necropolis');

-- Necropoli Gameobject
-- Set Scaling
UPDATE `gameobject_template` SET `size`=1.5 WHERE `entry`=181373;
UPDATE `gameobject_template` SET `size`=2.0 WHERE `entry`=181374;
UPDATE `gameobject_template` SET `size`=2.5 WHERE `entry` IN (181172, 181215);
UPDATE `gameobject_template` SET `size`=3.5 WHERE `entry`=181223;
-- Set state to 1, fixes despawn animation
UPDATE `gameobject` SET `state` = 1 WHERE `id` IN (181154, 181373, 181374, 181215, 181223, 181172);
 -- Make Necropoli untargetable/unclickable
UPDATE `gameobject_template_addon` SET `flags` = `flags` | 4 WHERE `entry` IN (181172, 181223, 181215, 181374, 181373, 181154);

-- Circle
-- Activate so that the purple runes spin
UPDATE `gameobject` SET `state` = 1 WHERE `id` IN (181136);
UPDATE `gameobject_template` SET `AIName` = 'SmartGameObjectAI' WHERE `entry` = 181136;
DELETE FROM `smart_scripts` WHERE (`entryorguid` = 181136) AND (`source_type` = 1) AND (`id` IN (0));
INSERT INTO `smart_scripts` (`entryorguid`, `source_type`, `id`, `link`, `event_type`, `event_phase_mask`, `event_chance`, `event_flags`, `event_param1`, `event_param2`, `event_param3`, `event_param4`, `event_param5`, `event_param6`, `action_type`, `action_param1`, `action_param2`, `action_param3`, `action_param4`, `action_param5`, `action_param6`, `target_type`, `target_param1`, `target_param2`, `target_param3`, `target_param4`, `target_x`, `target_y`, `target_z`, `target_o`, `comment`) VALUES
(181136, 1, 0, 0, 37, 0, 100, 0, 0, 0, 0, 0, 0, 0, 11, 28344, 0, 0, 0, 0, 0, 1, 0, 0, 0, 0, 0, 0, 0, 0, 'Circle - On Initialize - Cast \'Create Crystal\'');

-- Necrotic Shard and Damaged Necrotic Shard
-- IMMUNE_TO_PC
-- Set armor modifier to 0, so that it does not reduce damage from Zap spell
UPDATE `creature_template` SET `ArmorModifier` = 0, `unit_flags` = `unit_flags` | 256 WHERE `entry` IN (16136, 16172);
UPDATE `creature_template` SET `minlevel` = 70, `maxlevel` = 70 WHERE (`entry` = 16172);
-- SPELL_COMMUNIQUE_TIMER_CAMP 28346 Communique Timer, camp
UPDATE `creature_template_addon` SET `auras` = '28346' WHERE (`entry` IN (16172, 16136));
UPDATE `creature_template` SET `detection_range` = 0 WHERE (`entry` IN (16172, 16136));

-- Level up Invasion Creatures to 70, previously 59-60 or 60
UPDATE `creature_template` SET `minlevel` = 69, `maxlevel` = 70 WHERE `entry` IN (16298, 16141, 16299);
UPDATE `creature_template` SET `minlevel` = 70, `maxlevel` = 70 WHERE `entry` IN (16143);
UPDATE `creature_template` SET `minlevel` = 70, `maxlevel` = 70 WHERE `entry` IN (16230);

-- World Invasion Common
UPDATE `creature_template` SET `AIName` = 'SmartAI' WHERE `entry` = 16298;
DELETE FROM `smart_scripts` WHERE (`entryorguid` = 16298) AND (`source_type` = 0) AND (`id` IN (0, 1, 2, 3, 4));
INSERT INTO `smart_scripts` (`entryorguid`, `source_type`, `id`, `link`, `event_type`, `event_phase_mask`, `event_chance`, `event_flags`, `event_param1`, `event_param2`, `event_param3`, `event_param4`, `event_param5`, `event_param6`, `action_type`, `action_param1`, `action_param2`, `action_param3`, `action_param4`, `action_param5`, `action_param6`, `target_type`, `target_param1`, `target_param2`, `target_param3`, `target_param4`, `target_x`, `target_y`, `target_z`, `target_o`, `comment`) VALUES
(16298, 0, 0, 0, 6, 0, 100, 0, 0, 0, 0, 0, 0, 0, 11, 28032, 2, 0, 0, 0, 0, 1, 0, 0, 0, 0, 0, 0, 0, 0, 'Spectral Soldier - On Just Died - Cast \'Zap Crystal\''),
(16298, 0, 1, 0, 8, 0, 100, 0, 17680, 0, 0, 0, 0, 0, 41, 3000, 0, 0, 0, 0, 0, 1, 0, 0, 0, 0, 0, 0, 0, 0, 'Spectral Soldier - On Spellhit \'Spirit Spawn-out\' - Despawn In 3000 ms'),
(16298, 0, 2, 0, 0, 0, 100, 0, 0, 0, 5000, 10000, 0, 0, 11, 28265, 1, 0, 0, 0, 0, 2, 0, 0, 0, 0, 0, 0, 0, 0, 'Spectral Soldier - In Combat - Cast \'Scourge Strike\''),
(16298, 0, 3, 0, 0, 0, 100, 0, 0, 20000, 20000, 20000, 0, 0, 11, 16244, 0, 0, 0, 0, 0, 1, 0, 0, 0, 0, 0, 0, 0, 0, 'Spectral Soldier - In Combat - Cast \'Demoralizing Shout\''),
(16298, 0, 4, 0, 0, 0, 100, 0, 6000, 12000, 6000, 12000, 0, 0, 11, 21081, 0, 0, 0, 0, 0, 2, 0, 0, 0, 0, 0, 0, 0, 0, 'Spectral Soldier - In Combat - Cast \'Sunder Armor\'');
UPDATE `creature_template` SET `AIName` = 'SmartAI' WHERE `entry` = 16141;
DELETE FROM `smart_scripts` WHERE (`source_type` = 0 AND `entryorguid` = 16141) AND (`id` IN (0, 1, 2, 3, 4));
INSERT INTO `smart_scripts` (`entryorguid`, `source_type`, `id`, `link`, `event_type`, `event_phase_mask`, `event_chance`, `event_flags`, `event_param1`, `event_param2`, `event_param3`, `event_param4`, `event_param5`, `event_param6`, `action_type`, `action_param1`, `action_param2`, `action_param3`, `action_param4`, `action_param5`, `action_param6`, `target_type`, `target_param1`, `target_param2`, `target_param3`, `target_param4`, `target_x`, `target_y`, `target_z`, `target_o`, `comment`) VALUES
(16141, 0, 0, 0, 6, 0, 100, 0, 0, 0, 0, 0, 0, 0, 11, 28032, 2, 0, 0, 0, 0, 1, 0, 0, 0, 0, 0, 0, 0, 0, 'Ghoul Berserker - On Just Died - Cast \'Zap Crystal\''),
(16141, 0, 1, 0, 8, 0, 100, 0, 17680, 0, 0, 0, 0, 0, 41, 3000, 0, 0, 0, 0, 0, 1, 0, 0, 0, 0, 0, 0, 0, 0, 'Ghoul Berserker - On Spellhit \'Spirit Spawn-out\' - Despawn In 3000 ms'),
(16141, 0, 2, 0, 0, 0, 100, 0, 0, 0, 5000, 10000, 0, 0, 11, 28265, 1, 0, 0, 0, 0, 2, 0, 0, 0, 0, 0, 0, 0, 0, 'Ghoul Berserker - In Combat - Cast \'Scourge Strike\''),
(16141, 0, 3, 0, 2, 0, 100, 0, 0, 20, 0, 0, 0, 0, 11, 8599, 0, 0, 0, 0, 0, 1, 0, 0, 0, 0, 0, 0, 0, 0, 'Ghoul Berserker - Between 0-20% Health - Cast \'Enrage\''),
(16141, 0, 4, 0, 0, 0, 100, 0, 6000, 12000, 6000, 12000, 0, 0, 11, 7367, 0, 0, 0, 0, 0, 2, 0, 0, 0, 0, 0, 0, 0, 0, 'Ghoul Berserker - In Combat - Cast \'Infected Bite\'');
UPDATE `creature_template` SET `AIName` = 'SmartAI' WHERE `entry` = 16299;
DELETE FROM `smart_scripts` WHERE (`entryorguid` = 16299) AND (`source_type` = 0) AND (`id` IN (0, 1, 2, 3));
INSERT INTO `smart_scripts` (`entryorguid`, `source_type`, `id`, `link`, `event_type`, `event_phase_mask`, `event_chance`, `event_flags`, `event_param1`, `event_param2`, `event_param3`, `event_param4`, `event_param5`, `event_param6`, `action_type`, `action_param1`, `action_param2`, `action_param3`, `action_param4`, `action_param5`, `action_param6`, `target_type`, `target_param1`, `target_param2`, `target_param3`, `target_param4`, `target_x`, `target_y`, `target_z`, `target_o`, `comment`) VALUES
(16299, 0, 0, 0, 6, 0, 100, 0, 0, 0, 0, 0, 0, 0, 11, 28032, 2, 0, 0, 0, 0, 1, 0, 0, 0, 0, 0, 0, 0, 0, 'Skeletal Shocktrooper - On Just Died - Cast \'Zap Crystal\''),
(16299, 0, 1, 0, 8, 0, 100, 0, 17680, 0, 0, 0, 0, 0, 41, 3000, 0, 0, 0, 0, 0, 1, 0, 0, 0, 0, 0, 0, 0, 0, 'Skeletal Shocktrooper - On Spellhit \'Spirit Spawn-out\' - Despawn In 3000 ms'),
(16299, 0, 2, 0, 0, 0, 100, 0, 0, 0, 5000, 10000, 0, 0, 11, 28265, 1, 0, 0, 0, 0, 2, 0, 0, 0, 0, 0, 0, 0, 0, 'Skeletal Shocktrooper - In Combat - Cast \'Scourge Strike\''),
(16299, 0, 3, 0, 0, 0, 100, 0, 0, 16000, 16000, 16000, 0, 0, 11, 17014, 0, 0, 0, 0, 0, 2, 0, 0, 0, 0, 0, 0, 0, 0, 'Skeletal Shocktrooper - In Combat - Cast \'Bone Shards\'');
UPDATE `creature_template` SET `maxgold`=600 WHERE `entry` IN (16383, 16299, 16298, 16141);
-- Skeletal Shocktrooper
-- Ghoul Berserker
DELETE FROM `creature_template_addon` WHERE (`entry` IN (16299, 16141));
INSERT INTO `creature_template_addon` (`entry`, `path_id`, `mount`, `bytes1`, `bytes2`, `emote`, `visibilityDistanceType`, `auras`) VALUES
(16299, 0, 0, 0, 0, 0, 0, '28090 28126'),
(16141, 0, 0, 0, 0, 0, 0, '28090 28126');
-- Spectral Soldier
DELETE FROM `creature_template_addon` WHERE (`entry` = 16298);
INSERT INTO `creature_template_addon` (`entry`, `path_id`, `mount`, `bytes1`, `bytes2`, `emote`, `visibilityDistanceType`, `auras`) VALUES
(16298, 0, 0, 0, 0, 0, 0, '28090 28126 674');

-- World Invasion Rares
UPDATE `creature_template` SET `AIName` = 'SmartAI' WHERE `entry` = 16379;
DELETE FROM `smart_scripts` WHERE (`entryorguid` = 16379) AND (`source_type` = 0) AND (`id` IN (0, 1, 2, 3, 4));
INSERT INTO `smart_scripts` (`entryorguid`, `source_type`, `id`, `link`, `event_type`, `event_phase_mask`, `event_chance`, `event_flags`, `event_param1`, `event_param2`, `event_param3`, `event_param4`, `event_param5`, `event_param6`, `action_type`, `action_param1`, `action_param2`, `action_param3`, `action_param4`, `action_param5`, `action_param6`, `target_type`, `target_param1`, `target_param2`, `target_param3`, `target_param4`, `target_x`, `target_y`, `target_z`, `target_o`, `comment`) VALUES
(16379, 0, 0, 0, 6, 0, 100, 0, 0, 0, 0, 0, 0, 0, 11, 28032, 2, 0, 0, 0, 0, 1, 0, 0, 0, 0, 0, 0, 0, 0, 'Spirit of the Damned - On Just Died - Cast \'Zap Crystal\''),
(16379, 0, 1, 0, 8, 0, 100, 0, 17680, 0, 0, 0, 0, 0, 41, 3000, 0, 0, 0, 0, 0, 1, 0, 0, 0, 0, 0, 0, 0, 0, 'Spirit of the Damned - On Spellhit \'Spirit Spawn-out\' - Despawn In 3000 ms'),
(16379, 0, 2, 0, 0, 0, 100, 0, 0, 0, 5000, 10000, 0, 0, 11, 28265, 1, 0, 0, 0, 0, 2, 0, 0, 0, 0, 0, 0, 0, 0, 'Spirit of the Damned - In Combat - Cast \'Scourge Strike\''),
(16379, 0, 3, 0, 9, 0, 100, 0, 6000, 12000, 6000, 12000, 0, 8, 11, 22884, 0, 0, 0, 0, 0, 2, 0, 0, 0, 0, 0, 0, 0, 0, 'Spirit of the Damned - Within 0-8 Range - Cast \'Psychic Scream\''),
(16379, 0, 4, 0, 0, 0, 100, 0, 0, 0, 500, 500, 0, 0, 11, 16243, 64, 0, 0, 0, 0, 2, 0, 0, 0, 0, 0, 0, 0, 0, 'Spirit of the Damned - In Combat - Cast \'Ribbon of Souls\'');
UPDATE `creature_template` SET `AIName` = 'SmartAI' WHERE `entry` = 14697;
DELETE FROM `smart_scripts` WHERE (`entryorguid` = 14697) AND (`source_type` = 0) AND (`id` IN (0, 1, 2, 3, 4, 5));
INSERT INTO `smart_scripts` (`entryorguid`, `source_type`, `id`, `link`, `event_type`, `event_phase_mask`, `event_chance`, `event_flags`, `event_param1`, `event_param2`, `event_param3`, `event_param4`, `event_param5`, `event_param6`, `action_type`, `action_param1`, `action_param2`, `action_param3`, `action_param4`, `action_param5`, `action_param6`, `target_type`, `target_param1`, `target_param2`, `target_param3`, `target_param4`, `target_x`, `target_y`, `target_z`, `target_o`, `comment`) VALUES
(14697, 0, 0, 0, 6, 0, 100, 0, 0, 0, 0, 0, 0, 0, 11, 28032, 2, 0, 0, 0, 0, 1, 0, 0, 0, 0, 0, 0, 0, 0, 'Lumbering Horror - On Just Died - Cast \'Zap Crystal\''),
(14697, 0, 1, 0, 8, 0, 100, 0, 17680, 0, 0, 0, 0, 0, 41, 3000, 0, 0, 0, 0, 0, 1, 0, 0, 0, 0, 0, 0, 0, 0, 'Lumbering Horror - On Spellhit \'Spirit Spawn-out\' - Despawn In 3000 ms'),
(14697, 0, 2, 0, 0, 0, 100, 0, 0, 0, 5000, 10000, 0, 0, 11, 28265, 1, 0, 0, 0, 0, 2, 0, 0, 0, 0, 0, 0, 0, 0, 'Lumbering Horror - In Combat - Cast \'Scourge Strike\''),
(14697, 0, 3, 0, 4, 0, 100, 0, 0, 0, 0, 0, 0, 0, 11, 28313, 0, 0, 0, 0, 0, 2, 0, 0, 0, 0, 0, 0, 0, 0, 'Lumbering Horror - On Aggro - Cast \'Aura of Fear\''),
(14697, 0, 4, 0, 0, 0, 100, 0, 0, 17000, 17000, 17000, 0, 0, 11, 16790, 0, 0, 0, 0, 0, 2, 0, 0, 0, 0, 0, 0, 0, 0, 'Lumbering Horror - In Combat - Cast \'Knockdown\''),
(14697, 0, 5, 0, 0, 0, 100, 0, 5000, 10000, 5000, 10000, 0, 0, 11, 5568, 0, 0, 0, 0, 0, 1, 0, 0, 0, 0, 0, 0, 0, 0, 'Lumbering Horror - In Combat - Cast \'Trample\'');
UPDATE `creature_template` SET `AIName` = 'SmartAI' WHERE `entry` = 16380;
DELETE FROM `smart_scripts` WHERE (`entryorguid` = 16380) AND (`source_type` = 0) AND (`id` IN (0, 1, 2, 3));
INSERT INTO `smart_scripts` (`entryorguid`, `source_type`, `id`, `link`, `event_type`, `event_phase_mask`, `event_chance`, `event_flags`, `event_param1`, `event_param2`, `event_param3`, `event_param4`, `event_param5`, `event_param6`, `action_type`, `action_param1`, `action_param2`, `action_param3`, `action_param4`, `action_param5`, `action_param6`, `target_type`, `target_param1`, `target_param2`, `target_param3`, `target_param4`, `target_x`, `target_y`, `target_z`, `target_o`, `comment`) VALUES
(16380, 0, 0, 0, 6, 0, 100, 0, 0, 0, 0, 0, 0, 0, 11, 28032, 2, 0, 0, 0, 0, 1, 0, 0, 0, 0, 0, 0, 0, 0, 'Bone Witch - On Just Died - Cast \'Zap Crystal\''),
(16380, 0, 1, 0, 8, 0, 100, 0, 17680, 0, 0, 0, 0, 0, 41, 3000, 0, 0, 0, 0, 0, 1, 0, 0, 0, 0, 0, 0, 0, 0, 'Bone Witch - On Spellhit \'Spirit Spawn-out\' - Despawn In 3000 ms'),
(16380, 0, 2, 0, 0, 0, 100, 0, 0, 0, 5000, 10000, 0, 0, 11, 28265, 1, 0, 0, 0, 0, 2, 0, 0, 0, 0, 0, 0, 0, 0, 'Bone Witch - In Combat - Cast \'Scourge Strike\''),
(16380, 0, 3, 0, 0, 0, 100, 0, 1000, 3000, 3000, 3000, 0, 0, 11, 20720, 64, 0, 0, 0, 0, 2, 0, 0, 0, 0, 0, 0, 0, 0, 'Bone Witch - In Combat - Cast \'Arcane Bolt\'');
-- Bone Witch
DELETE FROM `creature_template_addon` WHERE (`entry` = 16380);
INSERT INTO `creature_template_addon` (`entry`, `path_id`, `mount`, `bytes1`, `bytes2`, `emote`, `visibilityDistanceType`, `auras`) VALUES
(16380, 0, 0, 0, 0, 0, 0, '32900 28292 28126');
-- Lumbering Horror
DELETE FROM `creature_template_addon` WHERE (`entry` = 14697);
INSERT INTO `creature_template_addon` (`entry`, `path_id`, `mount`, `bytes1`, `bytes2`, `emote`, `visibilityDistanceType`, `auras`) VALUES
(14697, 0, 0, 0, 0, 0, 0, '28292 28126');
-- Spirit of the Damned
UPDATE `creature_template` SET `minlevel` = 71, `maxlevel` = 71 WHERE (`entry` = 16379);
DELETE FROM `creature_template_addon` WHERE (`entry` = 16379);
INSERT INTO `creature_template_addon` (`entry`, `path_id`, `mount`, `bytes1`, `bytes2`, `emote`, `visibilityDistanceType`, `auras`) VALUES
(16379, 0, 0, 0, 0, 0, 0, '28292 28126');

-- Cultist Engineer
UPDATE `creature_template` SET `gossip_menu_id` = 7166 WHERE (`entry` = 16230);
DELETE FROM `gossip_menu` WHERE (`MenuID` = 7166) AND (`TextID` IN (8436));
INSERT INTO `gossip_menu` (`MenuID`, `TextID`) VALUES
(7166, 8436);
DELETE FROM `npc_text` WHERE (`ID` = 8436);
INSERT INTO `npc_text` (`ID`, `text0_0`, `text0_1`, `BroadcastTextID0`, `lang0`, `Probability0`, `em0_0`, `em0_1`, `em0_2`, `em0_3`, `em0_4`, `em0_5`, `text1_0`, `text1_1`, `BroadcastTextID1`, `lang1`, `Probability1`, `em1_0`, `em1_1`, `em1_2`, `em1_3`, `em1_4`, `em1_5`, `text2_0`, `text2_1`, `BroadcastTextID2`, `lang2`, `Probability2`, `em2_0`, `em2_1`, `em2_2`, `em2_3`, `em2_4`, `em2_5`, `text3_0`, `text3_1`, `BroadcastTextID3`, `lang3`, `Probability3`, `em3_0`, `em3_1`, `em3_2`, `em3_3`, `em3_4`, `em3_5`, `text4_0`, `text4_1`, `BroadcastTextID4`, `lang4`, `Probability4`, `em4_0`, `em4_1`, `em4_2`, `em4_3`, `em4_4`, `em4_5`, `text5_0`, `text5_1`, `BroadcastTextID5`, `lang5`, `Probability5`, `em5_0`, `em5_1`, `em5_2`, `em5_3`, `em5_4`, `em5_5`, `text6_0`, `text6_1`, `BroadcastTextID6`, `lang6`, `Probability6`, `em6_0`, `em6_1`, `em6_2`, `em6_3`, `em6_4`, `em6_5`, `text7_0`, `text7_1`, `BroadcastTextID7`, `lang7`, `Probability7`, `em7_0`, `em7_1`, `em7_2`, `em7_3`, `em7_4`, `em7_5`, `VerifiedBuild`) VALUES
(8436, 'This cultist is in a deep trance...', 'This cultist is in a deep trance...', 12111, 0, 100, 0, 0, 0, 0, 0, 0, '', '', 0, 0, 0, 0, 0, 0, 0, 0, 0, '', '', 0, 0, 0, 0, 0, 0, 0, 0, 0, '', '', 0, 0, 0, 0, 0, 0, 0, 0, 0, '', '', 0, 0, 0, 0, 0, 0, 0, 0, 0, '', '', 0, 0, 0, 0, 0, 0, 0, 0, 0, '', '', 0, 0, 0, 0, 0, 0, 0, 0, 0, '', '', 0, 0, 0, 0, 0, 0, 0, 0, 0, 0);
DELETE FROM `gossip_menu_option` WHERE (`MenuID` = 7166) AND (`OptionID` IN (0));
INSERT INTO `gossip_menu_option` (`MenuID`, `OptionID`, `OptionIcon`, `OptionText`, `OptionBroadcastTextID`, `OptionType`, `OptionNpcFlag`, `ActionMenuID`, `ActionPoiID`, `BoxCoded`, `BoxMoney`, `BoxText`, `BoxBroadcastTextID`, `VerifiedBuild`) VALUES
(7166, 0, 0, 'Use 8 necrotic runes and disrupt his ritual.', 12112, 1, 1, 0, 0, 0, 0, '', 0, 0);
DELETE FROM `conditions` WHERE (`SourceTypeOrReferenceId` = 15) AND (`SourceGroup` = 7166) AND (`SourceEntry` = 0);
INSERT INTO `conditions` (`SourceTypeOrReferenceId`, `SourceGroup`, `SourceEntry`, `SourceId`, `ElseGroup`, `ConditionTypeOrReference`, `ConditionTarget`, `ConditionValue1`, `ConditionValue2`, `ConditionValue3`, `NegativeCondition`, `ErrorType`, `ErrorTextId`, `ScriptName`, `Comment`) VALUES
(15, 7166, 0, 0, 0, 2, 0, 22484, 8, 0, 0, 0, 0, '', 'must have at least 8 Necrotic Runes');
-- gossip, IMMUNE_TO_PC IMMUNE_TO_NPC
UPDATE `creature_template` SET `npcflag` = `npcflag` | 1, `unit_flags` = `unit_flags` | (256 | 512) WHERE (`entry` = 16230);
DELETE FROM `creature_template_addon` WHERE (`entry` = 16230);
INSERT INTO `creature_template_addon` (`entry`, `path_id`, `mount`, `bytes1`, `bytes2`, `emote`, `visibilityDistanceType`, `auras`) VALUES
(16230, 0, 0, 0, 0, 0, 0, '29826');

-- Shadow of Doom
-- Necrotic Rune drops 30 with 100% chance
UPDATE `creature_loot_template` SET `MinCount` = 30, `MaxCount` = 30, `Chance` = 100 WHERE (`Entry` = 16143) AND (`Item` = 22484);
DELETE FROM `creature_text` WHERE (`CreatureID` = 16143) AND (`GroupID` IN (0));
INSERT INTO `creature_text` (`CreatureID`, `GroupID`, `ID`, `Text`, `Type`, `Language`, `Probability`, `Emote`, `Duration`, `Sound`, `BroadcastTextId`, `TextRange`, `comment`) VALUES
(16143, 0, 0, '', 12, 0, 0, 0, 0, 0, 12420, 0, 'Shadow of Doom Aggro 1'),
(16143, 0, 1, '', 12, 0, 0, 0, 0, 0, 12421, 0, 'Shadow of Doom Aggro 2'),
(16143, 0, 2, '', 12, 0, 0, 0, 0, 0, 12422, 0, 'Shadow of Doom Aggro 3'),
(16143, 0, 3, '', 12, 0, 0, 0, 0, 0, 12243, 0, 'Shadow of Doom Aggro 4');

DELETE FROM `spell_script_names` WHERE `spell_id` IN (28345, 28091, 28265);
INSERT INTO `spell_script_names` (`spell_id`, `ScriptName`) VALUES
(28345, 'spell_communique_trigger'),
(28091, 'spell_despawner_self'),
(28265, 'spell_scourge_invasion_scourge_strike');

-- City Attack
-- 28126 Spirit Particles (purple)
DELETE FROM `creature_template_addon` WHERE (`entry` IN (16382, 16394));
INSERT INTO `creature_template_addon` (`entry`, `path_id`, `mount`, `bytes1`, `bytes2`, `emote`, `visibilityDistanceType`, `auras`) VALUES
(16382, 0, 0, 0, 0, 0, 0, '28126'),
(16394, 0, 0, 0, 0, 0, 0, '28126');
-- Low level minions
DELETE FROM `creature_template_addon` WHERE (`entry` IN (16438, 16437, 16423));
INSERT INTO `creature_template_addon` (`entry`, `path_id`, `mount`, `bytes1`, `bytes2`, `emote`, `visibilityDistanceType`, `auras`) VALUES
(16438, 0, 0, 0, 0, 0, 0, '28126'),
(16437, 0, 0, 0, 0, 0, 0, '28126'),
(16423, 0, 0, 0, 0, 0, 0, '28126');
DELETE FROM `creature_template_addon` WHERE (`entry` = 16422);
INSERT INTO `creature_template_addon` (`entry`, `path_id`, `mount`, `bytes1`, `bytes2`, `emote`, `visibilityDistanceType`, `auras`) VALUES
(16422, 0, 0, 0, 0, 0, 0, '28126 674');

-- Cracked Necrotic Crystal
-- Faint Necrotic Crystal
UPDATE `creature_template` SET `unit_flags` = `unit_flags` | (256 | 262144) WHERE (`entry` IN (16431, 16531));
UPDATE `creature_template_addon` SET `auras` = '29826' WHERE (`entry` IN (16431, 16531));

-- Argent Quartermaster: Quest giver, IMMUNE_TO_NPC
UPDATE `creature_template` SET `npcflag` = `npcflag` | 2,  `unit_flags` = `unit_flags` | (512 | 32768) WHERE (`entry` = 16786);
-- Argent Outfitter
UPDATE `creature_template` SET `npcflag` = `npcflag` | 2 WHERE (`entry` = 16787);
UPDATE `creature_template` SET `unit_flags` = `unit_flags` | 512 WHERE `entry` IN (16787,16281,16361);
-- Argent Emissary: enable gossip, IMMUNE_TO_NPC
UPDATE `creature_template` SET `npcflag` = `npcflag` | 1, `unit_flags` = `unit_flags` | 512 WHERE (`entry` = 16285);

-- Update quests to reward mail
DELETE FROM `mail_loot_template` WHERE `Entry` IN (171, 172, 173, 174, 175, 176, 177);
INSERT INTO `mail_loot_template` (`Entry`, `Item`, `Comment`) VALUES
(171, 22723, 'A Letter from the Keeper of the Rolls'),
(172, 23008, 'Sealed Research Report'),
(173, 23010, 'Sealed Research Report'),
(174, 23011, 'Sealed Research Report'),
(175, 23012, 'Sealed Research Report'),
(176, 23013, 'Sealed Research Report'),
(177, 23016, 'Sealed Research Report');
UPDATE `quest_template_addon` SET `RewardMailDelay` = 1 WHERE (`ID` IN (9295, 9299, 9300, 9301, 9302, 9304));
UPDATE `quest_template_addon` SET `RewardMailTemplateID` = 172 WHERE (`ID` = 9299);
UPDATE `quest_template_addon` SET `RewardMailTemplateID` = 173 WHERE (`ID` = 9295);
UPDATE `quest_template_addon` SET `RewardMailTemplateID` = 174 WHERE (`ID` = 9300);
UPDATE `quest_template_addon` SET `RewardMailTemplateID` = 175 WHERE (`ID` = 9302);
UPDATE `quest_template_addon` SET `RewardMailTemplateID` = 176 WHERE (`ID` = 9301);
UPDATE `quest_template_addon` SET `RewardMailTemplateID` = 177 WHERE (`ID` = 9304);

UPDATE `creature_template` SET `flags_extra` = 2 WHERE (`entry` = 16421);

-- Lord Blackwood - Scholomance waypoints
DELETE FROM `waypoint_data` WHERE `id` = @LORD_BLACKWOOD_ENTRY*10 and `point` BETWEEN 1 AND 17;
INSERT INTO `waypoint_data` (`id`, `point`, `position_x`, `position_y`, `position_z`, `orientation`, `delay`, `move_type`) VALUES
(@LORD_BLACKWOOD_ENTRY*10, 1, 248.659, 153.031, 109.788, 100.0, 0, 0),
(@LORD_BLACKWOOD_ENTRY*10, 2, 200.116, 150.961, 109.909, 100.0, 0, 0),
(@LORD_BLACKWOOD_ENTRY*10, 3, 199.948, 127.819, 109.922, 100.0, 0, 0),
(@LORD_BLACKWOOD_ENTRY*10, 4, 200.223, 151.043, 109.91, 100.0, 0, 0),
(@LORD_BLACKWOOD_ENTRY*10, 5, 174.822, 152.469, 109.696, 100.0, 0, 0),
(@LORD_BLACKWOOD_ENTRY*10, 6, 199.917, 151.078, 109.908, 100.0, 0, 0),
(@LORD_BLACKWOOD_ENTRY*10, 7, 224.709, 133.206, 109.722, 100.0, 0, 0),
(@LORD_BLACKWOOD_ENTRY*10, 8, 200.7, 151.368, 109.915, 100.0, 0, 0),
(@LORD_BLACKWOOD_ENTRY*10, 9, 222.267, 166.311, 109.784, 100.0, 0, 0),
(@LORD_BLACKWOOD_ENTRY*10, 10, 222.267, 166.311, 109.784, 100.0, 0, 0),
(@LORD_BLACKWOOD_ENTRY*10, 11, 200.7, 151.368, 109.915, 100.0, 0, 0),
(@LORD_BLACKWOOD_ENTRY*10, 12, 224.709, 133.206, 109.722, 100.0, 0, 0),
(@LORD_BLACKWOOD_ENTRY*10, 13, 199.917, 151.078, 109.908, 100.0, 0, 0),
(@LORD_BLACKWOOD_ENTRY*10, 14, 174.822, 152.469, 109.696, 100.0, 0, 0),
(@LORD_BLACKWOOD_ENTRY*10, 15, 200.223, 151.043, 109.91, 100.0, 0, 0),
(@LORD_BLACKWOOD_ENTRY*10, 16, 199.948, 127.819, 109.922, 100.0, 0, 0),
(@LORD_BLACKWOOD_ENTRY*10, 17, 200.116, 150.961, 109.909, 100.0, 0, 0);
DELETE FROM `creature_template_addon` WHERE (`entry` = @LORD_BLACKWOOD_ENTRY);
INSERT INTO `creature_template_addon` (`entry`, `path_id`, `mount`, `bytes1`, `bytes2`, `emote`, `visibilityDistanceType`, `auras`) VALUES
(@LORD_BLACKWOOD_ENTRY, @LORD_BLACKWOOD_ENTRY*10, 0, 0, 0, 0, 0, '');

UPDATE `creature_template` SET `ScriptName` = 'npc_shadow_of_doom' WHERE (`entry` = 16143);
UPDATE `creature_template` SET `ScriptName` = 'npc_minion_spawner' WHERE (`entry` IN (16306, 16336, 16338));
UPDATE `creature_template` SET `ScriptName` = 'npc_herald_of_the_lich_king' WHERE (`entry` = 16995);
UPDATE `creature_template` SET `ScriptName` = 'npc_necropolis' WHERE (`entry` = 16401);
UPDATE `creature_template` SET `ScriptName` = 'npc_necropolis_health' WHERE (`entry` = 16421);
-- 3 -> infinite (3000.0f)
UPDATE `creature_template_addon` SET `visibilityDistanceType` = 5 WHERE (`entry` = 16421);
UPDATE `creature_template` SET `ScriptName` = 'npc_necropolis_proxy' WHERE (`entry` = 16398);
UPDATE `creature_template` SET `ScriptName` = 'npc_necropolis_relay' WHERE (`entry` = 16386);
UPDATE `creature_template` SET `ScriptName` = 'npc_necrotic_shard' WHERE (`entry` IN (16136, 16172));
UPDATE `creature_template` SET `ScriptName` = 'npc_cultist_engineer' WHERE (`entry` = 16230);
UPDATE `gameobject_template` SET `ScriptName` = 'go_necropolis' WHERE (`entry` IN (181154, 181215, 181223, 181374, 181373));

DELETE FROM `conditions` WHERE (`SourceTypeOrReferenceId` = 13) AND (`SourceEntry` IN (28326, 28365, 28366, 28367, 28373, 28281, 28364, 28032, 28078, 31315, 28056)) AND (`SourceId` = 0) AND (`ConditionTypeOrReference` = 31) AND (`ConditionTarget` = 0) AND (`ConditionValue1` IN (3, 5)) AND (`ConditionValue2` IN (16136, 16172, 16398, 16386, 16401, 181154, 181215, 181223, 181373, 181374, 181154, 181215, 181223, 181373, 181374, 16398, 16398, 16386, 16386, 1756, 13839, 16136, 16172, 16230)) AND (`ConditionValue3` = 0);
INSERT INTO `conditions` (`SourceTypeOrReferenceId`, `SourceGroup`, `SourceEntry`, `SourceId`, `ElseGroup`, `ConditionTypeOrReference`, `ConditionTarget`, `ConditionValue1`, `ConditionValue2`, `ConditionValue3`, `NegativeCondition`, `ErrorType`, `ErrorTextId`, `ScriptName`, `Comment`) VALUES
(13, 1, 28326, 0, 0,  31, 0, 3, 16136,  0, 0, 0, 0, '', 'target must be unit Necrotic Shard'),
(13, 1, 28326, 0, 1,  31, 0, 3, 16172,  0, 0, 0, 0, '', 'target must be unit Damaged Necrotic Shard'),
(13, 1, 28365, 0, 0,  31, 0, 3, 16398,  0, 0, 0, 0, '', 'target must be unit Necropolis Proxy'),
(13, 1, 28366, 0, 0,  31, 0, 3, 16386,  0, 0, 0, 0, '', 'target must be unit Necropolis Relay'),
(13, 1, 28367, 0, 0,  31, 0, 3, 16401,  0, 0, 0, 0, '', 'target must be unit Necropolis'),
(13, 2, 28373, 0, 0,  31, 0, 5, 181154, 0, 0, 0, 0, '', 'target must be gameobject Necropolis'),
(13, 2, 28373, 0, 1,  31, 0, 5, 181215, 0, 0, 0, 0, '', 'target must be gameobject Necropolis (scale 2.5)'),
(13, 2, 28373, 0, 2,  31, 0, 5, 181223, 0, 0, 0, 0, '', 'target must be gameobject Necropolis (scale 3.5)'),
(13, 2, 28373, 0, 3,  31, 0, 5, 181373, 0, 0, 0, 0, '', 'target must be gameobject Necropolis (scale 1.5)'),
(13, 2, 28373, 0, 4,  31, 0, 5, 181374, 0, 0, 0, 0, '', 'target must be gameobject Necropolis (scale 2.0)'),
(13, 1, 28373, 0, 0,  31, 0, 3, 16398,  0, 0, 0, 0, '', 'target must be unit Necropolis Proxy'),
(13, 1, 28281, 0, 0,  31, 0, 3, 16386,  0, 0, 0, 0, '', 'target must be unit Necropolis Relay'),
(13, 1, 28281, 0, 1,  31, 0, 3, 16386,  0, 0, 0, 0, '', 'target must be unit Necropolis Relay'),
(13, 1, 28364, 0, 0,  31, 0, 3, 1756,   0, 0, 0, 0, '', 'target must be unit Stormwind Royal Guard'),
(13, 1, 28364, 0, 1,  31, 0, 3, 13839,  0, 0, 0, 0, '', 'target must be unit Royal Dreadguard'),
(13, 1, 28032, 0, 0,  31, 0, 3, 16136,  0, 0, 0, 0, '', 'target must be unit Necrotic Shard'),
(13, 1, 28078, 0, 0,  31, 0, 3, 16172,  0, 0, 0, 0, '', 'target must be unit Damaged Necrotic Shard'),
(13, 1, 31315, 0, 0,  31, 0, 3, 16230,  0, 0, 0, 0, '', 'target must be unit Cultist Engineer'),
(13, 1, 28056, 0, 0,  31, 0, 3, 16172,  0, 0, 0, 0, '', 'target must be unit Damaged Necrotic Shard');

-- Herald
DELETE FROM `creature_text` WHERE (`CreatureID` = 16995) AND (`GroupID` IN (0, 1, 2));
INSERT INTO `creature_text` (`CreatureID`, `GroupID`, `ID`, `Text`, `Type`, `Language`, `Probability`, `Emote`, `Duration`, `Sound`, `BroadcastTextId`, `TextRange`, `comment`) VALUES
(16995, 0, 0, 'Can you feel it, pathetic creatures? The pall over this land is but a precursor. Soon your precious holdings will be in our grasp! You will fall before the might of the Lich King!', 14, 0, 0, 0, 0, 0, 13121, 2, 'Zone Attack Start 1'),
(16995, 0, 1, 'Forward, my minions! Forward! Let none stand in our way!', 14, 0, 0, 0, 0, 0, 13125, 2, 'Zone Attack Start 2'),
(16995, 1, 0, 'You may think you have won, worms, but against the might of the Lich King there is no victory for the living! You have not seen the last of me!', 14, 0, 0, 0, 0, 0, 13165, 2, 'Zone Attack End 1'),
(16995, 1, 1, 'You dare disrupt my works here?! Take this time to prepare yourselves... when I return, there will be nothing but death and destruction in my wake!', 14, 0, 0, 0, 0, 0, 13164, 2, 'Zone Attack End 2'),
(16995, 1, 2, 'So, the frail members of the living have some teeth after all. Take this place, then, for the time being. I will return, twice as strong, and your paltry forces will fall!', 14, 0, 0, 0, 0, 0, 13163, 2, 'Zone Attack End 3'),
(16995, 2, 0, 'Cower before our might! Flee! There will be no victory for the living!', 14, 0, 0, 0, 0, 0, 13126, 2, 'Zone Attack Random 1'),
(16995, 2, 1, 'As you fall in battle, we grow in strength. There is only one inevitable outcome. Prepare for your end!', 14, 0, 0, 0, 0, 0, 13124, 2, 'Zone Attack Random 2'),
(16995, 2, 2, 'Despair, mortals! Your doom has come!', 14, 0, 0, 0, 0, 0, 13122, 2, 'Zone Attack Random 3'),
(16995, 2, 3, 'Let this gloom serve to remind you: the shadow of the Scourge is all-encompassing! There is no escape!', 14, 0, 0, 0, 0, 0, 13123, 2, 'Zone Attack Random 4');

-- City Attacks
UPDATE `creature_template` SET `ScriptName` = 'npc_flameshocker' WHERE (`entry` = 16383);
UPDATE `creature_template` SET `ScriptName` = 'npc_pallid_horror' WHERE (`entry` IN (16382, 16394));
-- Pallid Horror, Patchwork Terror
UPDATE `creature_template` SET `minlevel` = 70, `maxlevel` = 70 WHERE (`entry` IN (16394, 16382));
-- Flameshocker
DELETE FROM `creature_template_addon` WHERE (`entry` IN (16394, 16382));
INSERT INTO `creature_template_addon` (`entry`, `path_id`, `mount`, `bytes1`, `bytes2`, `emote`, `visibilityDistanceType`, `auras`) VALUES
(16394, 0, 0, 0, 0, 0, 0, '28126'),
(16382, 0, 0, 0, 0, 0, 0, '28126');

-- Waypoints Pallid Horror, Patchwork Terror
SET @NPC_PALLID_HORROR := 16394;
SET @PATH_ID:= @NPC_PALLID_HORROR * 10;
UPDATE `creature_template_addon` SET `path_id` = @PATH_ID+1 WHERE (`entry` = 16394);
-- UPDATE `creature_template_addon` SET `path_id` = 163941 WHERE (`entry` = 16394);
UPDATE `creature_template` SET `MovementType` = 2 WHERE (`entry` = 16394);
DELETE FROM `waypoint_data` WHERE `id` BETWEEN @PATH_ID+1 AND @PATH_ID+4;
INSERT INTO `waypoint_data` (`id`, `point`, `position_x`, `position_y`, `position_z`, `orientation`, `delay`, `action`, `move_type`) VALUES
-- Stormwind Keep
(@PATH_ID+1, 1, -8571.98, 891.327, 90.7048, 100, 0, 0, 0),
(@PATH_ID+1, 2, -8564.43, 897.362, 96.6816, 100, 0, 0, 0),
(@PATH_ID+1, 3, -8543.69, 868.857, 96.678, 100, 0, 0, 0),
(@PATH_ID+1, 4, -8537.53, 877.229, 100.872, 100, 0, 0, 0), -- action: 151910
(@PATH_ID+1, 5, -8549.34, 876.808, 106.524, 100, 0, 0, 0),
(@PATH_ID+1, 6, -8528.83, 850.217, 106.519, 100, 0, 0, 0),
(@PATH_ID+1, 7, -8566.04, 819.702, 106.519, 100, 0, 0, 0),
(@PATH_ID+1, 8, -8561.33, 812.55, 106.519, 100, 0, 0, 0),
(@PATH_ID+1, 9, -8574.4, 801.162, 106.519, 100, 0, 0, 0),
(@PATH_ID+1, 10, -8581.51, 807.43, 106.519, 100, 0, 0, 0),
(@PATH_ID+1, 11, -8621.97, 775.794, 96.6517, 100, 0, 0, 0),
(@PATH_ID+1, 12, -8591.07, 756.628, 96.6506, 100, 0, 0, 0),
(@PATH_ID+1, 13, -8580.26, 738.55, 96.7067, 100, 0, 0, 0),
(@PATH_ID+1, 14, -8596.12, 719.753, 96.6506, 100, 0, 0, 0),
(@PATH_ID+1, 15, -8578.3, 693.895, 97.0165, 100, 0, 0, 0),
(@PATH_ID+1, 16, -8562.46, 674.137, 97.0165, 100, 0, 0, 0),
(@PATH_ID+1, 17, -8537.19, 689.571, 97.6661, 100, 0, 0, 0),
(@PATH_ID+1, 18, -8522.15, 670.014, 102.774, 100, 0, 0, 0),
(@PATH_ID+1, 19, -8510.12, 652.249, 100.292, 100, 0, 0, 0),
(@PATH_ID+1, 20, -8533.99, 634.753, 100.251, 100, 0, 0, 0),
(@PATH_ID+1, 21, -8551.84, 617.816, 101.984, 100, 0, 0, 0),
(@PATH_ID+1, 22, -8566.02, 614.139, 102.349, 100, 0, 0, 0),
(@PATH_ID+1, 23, -8575.44, 602.488, 103.243, 100, 0, 0, 0),
(@PATH_ID+1, 24, -8584.68, 581.049, 103.347, 100, 0, 0, 0),
(@PATH_ID+1, 25, -8578.33, 547.375, 101.777, 100, 0, 0, 0),
(@PATH_ID+1, 26, -8559.37, 524.217, 100.483, 100, 0, 0, 0),
(@PATH_ID+1, 27, -8544.85, 502.583, 98.5454, 100, 0, 0, 0),
(@PATH_ID+1, 28, -8535.21, 487.29, 101.279, 100, 0, 0, 0), -- action: 151911
(@PATH_ID+1, 29, -8539.38, 477.864, 102.922, 100, 0, 0, 0),
(@PATH_ID+1, 30, -8548.45, 468.814, 104.483, 100, 0, 0, 0),
(@PATH_ID+1, 31, -8533.58, 448.952, 104.917, 100, 0, 0, 0),
(@PATH_ID+1, 32, -8518.46, 430.065, 106.586, 100, 0, 0, 0),
(@PATH_ID+1, 33, -8497.76, 404.19, 108.386, 100, 0, 0, 0),
(@PATH_ID+1, 34, -8477.23, 378.372, 112.258, 100, 0, 0, 0),
(@PATH_ID+1, 35, -8457.71, 353.894, 120.084, 100, 0, 0, 0),
(@PATH_ID+1, 36, -8441.52, 333.366, 122.579, 100, 0, 0, 0), -- action: 151912
-- Stormwind Trade District
(@PATH_ID+2, 1, -8571.98, 891.327, 90.7048, 100, 0, 0, 0),
(@PATH_ID+2, 2, -8564.43, 897.362, 96.6816, 100, 0, 0, 0),
(@PATH_ID+2, 3, -8543.69, 868.857, 96.678, 100, 0, 0, 0),
(@PATH_ID+2, 4, -8537.53, 877.229, 100.872, 100, 0, 0, 0), -- action: 151910
(@PATH_ID+2, 5, -8549.34, 876.808, 106.524, 100, 0, 0, 0),
(@PATH_ID+2, 6, -8528.83, 850.217, 106.519, 100, 0, 0, 0),
(@PATH_ID+2, 7, -8566.04, 819.702, 106.519, 100, 0, 0, 0),
(@PATH_ID+2, 8, -8561.33, 812.55, 106.519, 100, 0, 0, 0),
(@PATH_ID+2, 9, -8574.4, 801.162, 106.519, 100, 0, 0, 0),
(@PATH_ID+2, 10, -8581.51, 807.43, 106.519, 100, 0, 0, 0),
(@PATH_ID+2, 11, -8621.97, 775.794, 96.6517, 100, 0, 0, 0),
(@PATH_ID+2, 12, -8628.31, 784.316, 96.6517, 100, 0, 0, 0),
(@PATH_ID+2, 13, -8634.53, 785.558, 96.6517, 100, 0, 0, 0),
(@PATH_ID+2, 14, -8652.83, 772.453, 96.6857, 100, 0, 0, 0),
(@PATH_ID+2, 15, -8661.34, 761.398, 96.7092, 100, 0, 0, 0),
(@PATH_ID+2, 16, -8657.61, 749.952, 96.6926, 100, 0, 0, 0),
(@PATH_ID+2, 17, -8672.58, 735.786, 97.0164, 100, 0, 0, 0),
(@PATH_ID+2, 18, -8682.54, 727.803, 97.0164, 100, 0, 0, 0),
(@PATH_ID+2, 19, -8697.41, 716.147, 97.0164, 100, 0, 0, 0),
(@PATH_ID+2, 20, -8714.37, 733.442, 97.8139, 100, 0, 0, 0),
(@PATH_ID+2, 21, -8729.23, 723.831, 101.453, 100, 0, 0, 0),
(@PATH_ID+2, 22, -8743.99, 712.039, 98.1516, 100, 0, 0, 0),
(@PATH_ID+2, 23, -8753.84, 723.528, 98.0697, 100, 0, 0, 0),
(@PATH_ID+2, 24, -8766.63, 735.125, 99.0597, 100, 0, 0, 0),
(@PATH_ID+2, 25, -8783.09, 742.485, 99.2329, 100, 0, 0, 0),
(@PATH_ID+2, 26, -8800.1, 743.276, 97.658, 100, 0, 0, 0),
(@PATH_ID+2, 27, -8818.66, 735.107, 97.987, 100, 0, 0, 0),
(@PATH_ID+2, 28, -8841.98, 722.637, 97.3206, 100, 0, 0, 0),
(@PATH_ID+2, 29, -8834.77, 699.853, 97.6099, 100, 0, 0, 0),
(@PATH_ID+2, 30, -8824.55, 678.292, 97.5775, 100, 0, 0, 0), -- action: 151920
(@PATH_ID+2, 31, -8833.21, 672.986, 98.3364, 100, 0, 0, 0),
(@PATH_ID+2, 32, -8853.18, 659.676, 96.943, 100, 0, 0, 0),
(@PATH_ID+2, 33, -8844.56, 644.785, 96.2844, 100, 0, 0, 0),
(@PATH_ID+2, 34, -8831.11, 627.578, 94.0042, 100, 0, 0, 0),
(@PATH_ID+2, 35, -8835.94, 632.075, 94.2046, 100, 0, 0, 0),
(@PATH_ID+2, 36, -8820.48, 642.907, 94.2301, 100, 0, 0, 0),
(@PATH_ID+2, 37, -8804.64, 647.774, 94.4579, 100, 0, 0, 0),
(@PATH_ID+2, 38, -8798.51, 658.14, 95.7397, 100, 0, 0, 0),
(@PATH_ID+2, 39, -8791.07, 679.552, 102.017, 100, 0, 0, 0),
(@PATH_ID+2, 40, -8807.04, 683.424, 100.21, 100, 0, 0, 0), -- action: 151921
-- Undercity Trade Quarter
(@PATH_ID+3, 1, 1660.98, 257.238, -62.1777, 100, 0, 0, 0),
(@PATH_ID+3, 2, 1659.01, 234.474, -62.1776, 100, 0, 0, 0), -- action: 149711
(@PATH_ID+3, 3, 1657.83, 213.584, -62.179, 100, 0, 0, 0),
(@PATH_ID+3, 4, 1643.68, 189.256, -62.1817, 100, 0, 0, 0),
(@PATH_ID+3, 5, 1614.92, 175.086, -62.1779, 100, 0, 0, 0),
(@PATH_ID+3, 6, 1582.18, 171.914, -62.1777, 100, 0, 0, 0),
(@PATH_ID+3, 7, 1554.78, 185.782, -62.1812, 100, 0, 0, 0),
(@PATH_ID+3, 8, 1555.19, 199.377, -60.7729, 100, 0, 0, 0),
(@PATH_ID+3, 9, 1572.48, 216.876, -58.8445, 100, 0, 0, 0), -- action: 149712
(@PATH_ID+3, 10, 1583.42, 229.032, -62.0874, 100, 0, 0, 0),
(@PATH_ID+3, 11, 1579.97, 239.346, -62.0773, 100, 0, 0, 0),
(@PATH_ID+3, 12, 1593.38, 260.254, -57.1617, 100, 0, 0, 0),
(@PATH_ID+3, 13, 1595.97, 250.856, -52.3559, 100, 0, 0, 0),
(@PATH_ID+3, 14, 1603.33, 248.817, -52.1495, 100, 0, 0, 0),
(@PATH_ID+3, 15, 1629.47, 238.688, -43.1705, 100, 0, 0, 0),
(@PATH_ID+3, 16, 1632.91, 233.36, -43.1027, 100, 0, 0, 0),
(@PATH_ID+3, 17, 1608.15, 202.839, -43.1027, 100, 0, 0, 0),
(@PATH_ID+3, 18, 1581.31, 204.956, -43.1025, 100, 0, 0, 0),
(@PATH_ID+3, 19, 1560.33, 225.354, -43.1026, 100, 0, 0, 0),
(@PATH_ID+3, 20, 1558.61, 241.44, -43.1027, 100, 0, 0, 0),
(@PATH_ID+3, 21, 1561.27, 255.781, -43.1027, 100, 0, 0, 0),
(@PATH_ID+3, 22, 1568.61, 264.061, -43.1027, 100, 0, 0, 0),
(@PATH_ID+3, 23, 1578.92, 273.572, -43.1027, 100, 0, 0, 0),
(@PATH_ID+3, 24, 1585.38, 276.608, -43.1027, 100, 0, 0, 0),
(@PATH_ID+3, 25, 1605.34, 276.451, -43.1027, 100, 0, 0, 0), -- action: 149713
-- Undercity Royal Quarter
(@PATH_ID+4, 1, 1596.72, 423.488, -46.3713, 100, 0, 0, 0), -- action: 149720
(@PATH_ID+4, 2, 1603.8, 423.409, -46.3814, 100, 0, 0, 0),
(@PATH_ID+4, 3, 1615.01, 423.43, -53.2855, 100, 0, 0, 0),
(@PATH_ID+4, 4, 1630.79, 417.648, -62.1775, 100, 0, 0, 0),
(@PATH_ID+4, 5, 1642.62, 413.764, -61.6205, 100, 0, 0, 0),
(@PATH_ID+4, 6, 1663.95, 406.928, -62.2001, 100, 0, 0, 0),
(@PATH_ID+4, 7, 1679.64, 402.133, -62.2674, 100, 0, 0, 0),
(@PATH_ID+4, 8, 1693.81, 396.803, -62.2956, 100, 0, 0, 0),
(@PATH_ID+4, 9, 1703.9, 384.448, -62.2338, 100, 0, 0, 0),
(@PATH_ID+4, 10, 1716.81, 374.437, -60.4845, 100, 0, 0, 0),
(@PATH_ID+4, 11, 1725.09, 361.466, -60.4561, 100, 0, 0, 0),
(@PATH_ID+4, 12, 1734.98, 346.717, -55.3936, 100, 0, 0, 0),
(@PATH_ID+4, 13, 1720.8, 335.518, -49.0941, 100, 0, 0, 0),
(@PATH_ID+4, 14, 1706.42, 324.186, -55.3923, 100, 0, 0, 0),
(@PATH_ID+4, 15, 1715.06, 313.223, -60.4836, 100, 0, 0, 0),
(@PATH_ID+4, 16, 1722.2, 293.859, -62.1816, 100, 0, 0, 0),
(@PATH_ID+4, 17, 1726.99, 277.646, -61.6201, 100, 0, 0, 0),
(@PATH_ID+4, 18, 1731.56, 258.869, -62.1777, 100, 0, 0, 0),
(@PATH_ID+4, 19, 1730.53, 236.534, -62.1777, 100, 0, 0, 0), -- action: 149721
(@PATH_ID+4, 20, 1730.45, 221.129, -62.1777, 100, 0, 0, 0),
(@PATH_ID+4, 21, 1727.79, 206.641, -61.6201, 100, 0, 0, 0),
(@PATH_ID+4, 22, 1721.55, 192.245, -62.1567, 100, 0, 0, 0),
(@PATH_ID+4, 23, 1710.23, 174.474, -60.748, 100, 0, 0, 0),
(@PATH_ID+4, 24, 1703.03, 162.592, -60.7572, 100, 0, 0, 0),
(@PATH_ID+4, 25, 1703.7, 151.978, -60.4547, 100, 0, 0, 0),
(@PATH_ID+4, 26, 1693.09, 140.75, -55.2145, 100, 0, 0, 0),
(@PATH_ID+4, 27, 1705.39, 128.363, -48.9765, 100, 0, 0, 0),
(@PATH_ID+4, 28, 1718.51, 115.25, -55.2142, 100, 0, 0, 0),
(@PATH_ID+4, 29, 1730.88, 126.046, -60.2606, 100, 0, 0, 0),
(@PATH_ID+4, 30, 1730.82, 115.161, -60.183, 100, 0, 0, 0),
(@PATH_ID+4, 31, 1716.92, 103.729, -60.2008, 100, 0, 0, 0),
(@PATH_ID+4, 32, 1701.28, 95.534, -62.2142, 100, 0, 0, 0),
(@PATH_ID+4, 33, 1693.78, 80.3089, -62.2901, 100, 0, 0, 0),
(@PATH_ID+4, 34, 1675.76, 75.0983, -62.2695, 100, 0, 0, 0),
(@PATH_ID+4, 35, 1641.9, 66.6623, -61.6205, 100, 0, 0, 0),
(@PATH_ID+4, 36, 1621.2, 62.7971, -62.1758, 100, 0, 0, 0),
(@PATH_ID+4, 37, 1606.1, 64.2477, -62.1757, 100, 0, 0, 0),
(@PATH_ID+4, 38, 1585.06, 65.8815, -62.1757, 100, 0, 0, 0),
(@PATH_ID+4, 39, 1566.75, 63.2784, -62.1759, 100, 0, 0, 0),
(@PATH_ID+4, 40, 1549.34, 66.7444, -61.6205, 100, 0, 0, 0),
(@PATH_ID+4, 41, 1528.12, 75.3463, -62.1931, 100, 0, 0, 0),  -- action: 149722
(@PATH_ID+4, 42, 1515.81, 76.2727, -62.312, 100, 0, 0, 0),
(@PATH_ID+4, 43, 1498.46, 72.9253, -62.2988, 100, 0, 0, 0),
(@PATH_ID+4, 44, 1481.09, 65.1825, -62.2955, 100, 0, 0, 0),
(@PATH_ID+4, 45, 1464.11, 62.5269, -62.2894, 100, 0, 0, 0),
(@PATH_ID+4, 46, 1450.53, 63.8461, -62.2829, 100, 0, 0, 0),
(@PATH_ID+4, 47, 1443.4, 77.7421, -62.281, 100, 0, 0, 0),
(@PATH_ID+4, 48, 1437.17, 95.2736, -62.2835, 100, 0, 0, 0),
(@PATH_ID+4, 49, 1431.24, 109.49, -62.2855, 100, 0, 0, 0),
(@PATH_ID+4, 50, 1425.46, 126.738, -62.2903, 100, 0, 0, 0),
(@PATH_ID+4, 51, 1428.19, 147.362, -62.2883, 100, 0, 0, 0),
(@PATH_ID+4, 52, 1430.87, 165.485, -62.2873, 100, 0, 0, 0),
(@PATH_ID+4, 53, 1422.51, 193.802, -61.6205, 100, 0, 0, 0),
(@PATH_ID+4, 54, 1418.04, 221.338, -62.1757, 100, 0, 0, 0),
(@PATH_ID+4, 55, 1417.87, 250.625, -62.1757, 100, 0, 0, 0),
(@PATH_ID+4, 56, 1422.36, 287.308, -61.6205, 100, 0, 0, 0),
(@PATH_ID+4, 57, 1431.02, 310.52, -62.1858, 100, 0, 0, 0),
(@PATH_ID+4, 58, 1431.11, 329.137, -62.1858, 100, 0, 0, 0), -- action: 149723
(@PATH_ID+4, 59, 1431.76, 340.716, -62.1858, 100, 0, 0, 0),
(@PATH_ID+4, 60, 1446.93, 345.408, -62.2555, 100, 0, 0, 0),
(@PATH_ID+4, 61, 1457.68, 352.131, -62.1858, 100, 0, 0, 0),
(@PATH_ID+4, 62, 1468.25, 368.539, -59.4315, 100, 0, 0, 0),
(@PATH_ID+4, 63, 1456.45, 382.704, -59.2146, 100, 0, 0, 0),
(@PATH_ID+4, 64, 1438.56, 402.152, -57.8187, 100, 0, 0, 0),
(@PATH_ID+4, 65, 1425.19, 415.942, -56.564, 100, 0, 0, 0),
(@PATH_ID+4, 66, 1412.51, 427.689, -54.9935, 100, 0, 0, 0),
(@PATH_ID+4, 67, 1398.04, 434.394, -54.2124, 100, 0, 0, 0),
(@PATH_ID+4, 68, 1377.36, 438.503, -52.7816, 100, 0, 0, 0),
(@PATH_ID+4, 69, 1362.51, 436.662, -54.0348, 100, 0, 0, 0),
(@PATH_ID+4, 70, 1343.87, 430.783, -56.1263, 100, 0, 0, 0),
(@PATH_ID+4, 71, 1329.61, 420.568, -58.5133, 100, 0, 0, 0),
(@PATH_ID+4, 72, 1317.72, 406.919, -61.6818, 100, 0, 0, 0), -- action: 149724
(@PATH_ID+4, 73, 1310.81, 390.742, -64.0786, 100, 0, 0, 0),
(@PATH_ID+4, 74, 1305.81, 371.942, -67.2921, 100, 0, 0, 0),
(@PATH_ID+4, 75, 1300.8, 353.982, -66.3732, 100, 0, 0, 0),
(@PATH_ID+4, 76, 1287.07, 349.808, -65.0277, 100, 0, 0, 0),
(@PATH_ID+4, 77, 1271.03, 348.118, -65.0273, 100, 0, 0, 0),
(@PATH_ID+4, 78, 1260.78, 335.246, -65.0273, 100, 0, 0, 0),
(@PATH_ID+4, 79, 1271.79, 330.043, -61.2514, 100, 0, 0, 0),
(@PATH_ID+4, 80, 1285.68, 329.953, -60.0831, 100, 0, 0, 0),
(@PATH_ID+4, 81, 1296.77, 326.485, -59.4742, 100, 0, 0, 0),
(@PATH_ID+4, 82, 1293.68, 320.572, -57.4819, 100, 0, 0, 0);

DELETE FROM `creature_text` WHERE (`CreatureID` = 16394) AND (`GroupID` IN (0));
INSERT INTO `creature_text` (`CreatureID`, `GroupID`, `ID`, `Text`, `Type`, `Language`, `Probability`, `Emote`, `Duration`, `Sound`, `BroadcastTextId`, `TextRange`, `comment`) VALUES
(16394, 0, 0, 'What?  This not Naxxramas!  We not like this place... destroy!', 14, 0, 0, 0, 0, 0, 12329, 0, 'Pallid Horror Random 1'),
(16394, 0, 1, 'Raaarrrrggghhh!  We come for you!', 14, 0, 0, 0, 0, 0, 12327, 0, 'Pallid Horror Random 2'),
(16394, 0, 2, 'Kel''Thuzad say to tell you... DIE!', 14, 0, 0, 0, 0, 0, 12326, 0, 'Pallid Horror Random 3'),
(16394, 0, 3, 'Why you run away? We make your corpse into Scourge.', 14, 0, 0, 0, 0, 0, 12342, 0, 'Pallid Horror Random 4'),
(16394, 0, 4, 'No worry, we find you.', 14, 0, 0, 0, 0, 0, 12343, 0, 'Pallid Horror Random 5'),
(16394, 0, 5, 'You spare parts!  We make more Scourge in necropolis.', 14, 0, 0, 0, 0, 0, 12330, 0, 'Pallid Horror Random 6'),
(16394, 0, 6, 'Hahaha, your guards no match for Scourge!', 14, 0, 0, 0, 0, 0, 12328, 0, 'Pallid Horror Random 7'),
(16394, 0, 7, 'We come destroy puny ones!', 14, 0, 0, 0, 0, 0, 12325, 0, 'Pallid Horror Random 8');

DELETE FROM `creature_text` WHERE (`CreatureID` = 10181) AND (`GroupID` IN (3));
INSERT INTO `creature_text` (`CreatureID`, `GroupID`, `ID`, `Text`, `Type`, `Language`, `Probability`, `Emote`, `Duration`, `Sound`, `BroadcastTextId`, `TextRange`, `comment`) VALUES
(10181, 3, 0, 'The Scourge attack against my court has been eliminated.  You may go about your business.', 0, 0, 0, 0, 0, 0, 12331, 1, 'City Attack End');

UPDATE `creature_template` SET `unit_flags` = 512 WHERE (`entry` = 5489);

-- Set alliance quest to cracked
DELETE FROM `creature_queststarter` WHERE (`quest` = 9292) AND (`id` IN (16531, 16431));
INSERT INTO `creature_queststarter` (`id`, `quest`) VALUES
(16431, 9292);

-- Argent Messenger
UPDATE `creature_template` SET `npcflag` = `npcflag` | 1, `gossip_menu_id` = 7164 WHERE (`entry` = 16359);
-- Argent Emissary
UPDATE `creature_template` SET `gossip_menu_id` = 7164 WHERE (`entry` = 16285);
DELETE FROM `gossip_menu` WHERE `MenuID` IN (7164, 7246, 7254, 7266, 7203, 7193, 7199, 7200, 7267, 7202, 7201);
INSERT INTO `gossip_menu` (`MenuID`, `TextID`) VALUES
(7164, 8434),
(7193, 8471),
-- Winterspring
(7199, 8481),
(7199, 8480),
-- Tanaris
(7200, 8481),
(7200, 8482),
-- Blasted Lands
(7201, 8481),
(7201, 8483),
-- Burning Steppes
(7202, 8481),
(7202, 8484),
(7203, 8486),
-- How many battles have we won?
(7246, 8551),
(7246, 8554),
(7246, 8555),
--
(7254, 8573),
-- Azshara
(7266, 8481),
(7266, 8593),
-- Eastern Plaguelands
(7267, 8481),
(7267, 8594);

DELETE FROM `npc_text` WHERE (`ID` = 8554);
INSERT INTO `npc_text` (`ID`, `text0_0`, `text0_1`, `BroadcastTextID0`, `lang0`, `Probability0`, `em0_0`, `em0_1`, `em0_2`, `em0_3`, `em0_4`, `em0_5`, `text1_0`, `text1_1`, `BroadcastTextID1`, `lang1`, `Probability1`, `em1_0`, `em1_1`, `em1_2`, `em1_3`, `em1_4`, `em1_5`, `text2_0`, `text2_1`, `BroadcastTextID2`, `lang2`, `Probability2`, `em2_0`, `em2_1`, `em2_2`, `em2_3`, `em2_4`, `em2_5`, `text3_0`, `text3_1`, `BroadcastTextID3`, `lang3`, `Probability3`, `em3_0`, `em3_1`, `em3_2`, `em3_3`, `em3_4`, `em3_5`, `text4_0`, `text4_1`, `BroadcastTextID4`, `lang4`, `Probability4`, `em4_0`, `em4_1`, `em4_2`, `em4_3`, `em4_4`, `em4_5`, `text5_0`, `text5_1`, `BroadcastTextID5`, `lang5`, `Probability5`, `em5_0`, `em5_1`, `em5_2`, `em5_3`, `em5_4`, `em5_5`, `text6_0`, `text6_1`, `BroadcastTextID6`, `lang6`, `Probability6`, `em6_0`, `em6_1`, `em6_2`, `em6_3`, `em6_4`, `em6_5`, `text7_0`, `text7_1`, `BroadcastTextID7`, `lang7`, `Probability7`, `em7_0`, `em7_1`, `em7_2`, `em7_3`, `em7_4`, `em7_5`, `VerifiedBuild`) VALUES
(8554, 'We have won $2219W battles against the Scourge.  Take heart, $n.  While many battles lie ahead, heroes, heroes from every realm have risen to fight them.', '', 12402, 0, 1, 0, 0, 0, 0, 0, 0, '', '', 0, 0, 0, 0, 0, 0, 0, 0, 0, '', '', 0, 0, 0, 0, 0, 0, 0, 0, 0, '', '', 0, 0, 0, 0, 0, 0, 0, 0, 0, '', '', 0, 0, 0, 0, 0, 0, 0, 0, 0, '', '', 0, 0, 0, 0, 0, 0, 0, 0, 0, '', '', 0, 0, 0, 0, 0, 0, 0, 0, 0, '', '', 0, 255, 0, 0, 0, 0, 0, 0, 0, 0);

DELETE FROM `conditions` WHERE (`SourceTypeOrReferenceId` = 14) AND (`SourceGroup` IN (7199, 7266, 7201, 7202, 7200, 7267)) AND (`SourceEntry` IN (8480, 8481, 8593, 8483, 8484, 8482, 8594)) AND (`SourceId` = 0) AND (`ElseGroup` = 0) AND (`ConditionTypeOrReference` = 103) AND (`ConditionTarget` = 0) AND (`ConditionValue2` = 0) AND (`ConditionValue3` = 0);
INSERT INTO `conditions` (`SourceTypeOrReferenceId`, `SourceGroup`, `SourceEntry`, `SourceId`, `ElseGroup`, `ConditionTypeOrReference`, `ConditionTarget`, `ConditionValue1`, `ConditionValue2`, `ConditionValue3`, `NegativeCondition`, `ErrorType`, `ErrorTextId`, `ScriptName`, `Comment`) VALUES
(14, 7199, 8480, 0, 0, 103, 0, 2259, 0, 0, 0, 0, 0, '', 'Winterspring Invasion must be in progress'),
(14, 7266, 8593, 0, 0, 103, 0, 2260, 0, 0, 0, 0, 0, '', 'Azshara Invasion must be in progress'),
(14, 7201, 8483, 0, 0, 103, 0, 2261, 0, 0, 0, 0, 0, '', 'Blasted Lands Invasion must be in progress'),
(14, 7202, 8484, 0, 0, 103, 0, 2262, 0, 0, 0, 0, 0, '', 'Burning Steppes Invasion must be in progress'),
(14, 7200, 8482, 0, 0, 103, 0, 2263, 0, 0, 0, 0, 0, '', 'Tanaris Invasion must be in progress'),
(14, 7267, 8594, 0, 0, 103, 0, 2264, 0, 0, 0, 0, 0, '', 'Eastern Plaguelands must be in progress'),
-- Add negative conditions
(14, 7199, 8481, 0, 0, 103, 0, 2259, 0, 0, 1, 0, 0, '', 'Winterspring Invasion must not not be in progress'),
(14, 7266, 8481, 0, 0, 103, 0, 2260, 0, 0, 1, 0, 0, '', 'Azshara Invasion must not be in progress'),
(14, 7201, 8481, 0, 0, 103, 0, 2261, 0, 0, 1, 0, 0, '', 'Blasted Lands Invasion must not be in progress'),
(14, 7202, 8481, 0, 0, 103, 0, 2262, 0, 0, 1, 0, 0, '', 'Burning Steppes Invasion must not be in progress'),
(14, 7200, 8481, 0, 0, 103, 0, 2263, 0, 0, 1, 0, 0, '', 'Tanaris Invasion must not be in progress'),
(14, 7267, 8481, 0, 0, 103, 0, 2264, 0, 0, 1, 0, 0, '', 'Eastern Plaguelands must not be in progress');

-- How many battles have we won?
DELETE FROM `conditions` WHERE (`SourceTypeOrReferenceId` = 14) AND (`SourceGroup` = 7246) AND (`SourceEntry` IN (8551, 8554, 8555)) AND (`SourceId` = 0) AND (`ElseGroup` = 0) AND (`ConditionTypeOrReference` = 12);
INSERT INTO `conditions` (`SourceTypeOrReferenceId`, `SourceGroup`, `SourceEntry`, `SourceId`, `ElseGroup`, `ConditionTypeOrReference`, `ConditionTarget`, `ConditionValue1`, `ConditionValue2`, `ConditionValue3`, `NegativeCondition`, `ErrorType`, `ErrorTextId`, `ScriptName`, `Comment`) VALUES
(14, 7246, 8554, 0, 0, 12, 0, 127, 0, 0, 1, 0, 0, '', '50 invasions event must not be active'),
(14, 7246, 8554, 0, 0, 12, 0, 128, 0, 0, 1, 0, 0, '', '100 invasions event must not be active'),
(14, 7246, 8551, 0, 0, 12, 0, 127, 0, 0, 0, 0, 0, '', '50 invasions event must be active'),
(14, 7246, 8555, 0, 0, 12, 0, 128, 0, 0, 0, 0, 0, '', '100 invasions event must be active');

DELETE FROM `gossip_menu_option` WHERE `MenuID` IN (7164, 7246, 7254, 7266, 7203, 7193, 7199, 7200, 7267, 7202, 7201);
INSERT INTO `gossip_menu_option` (`MenuID`, `OptionID`, `OptionIcon`, `OptionText`, `OptionBroadcastTextID`, `OptionType`, `OptionNpcFlag`, `ActionMenuID`, `ActionPoiID`, `BoxCoded`, `BoxMoney`, `BoxText`, `BoxBroadcastTextID`, `VerifiedBuild`) VALUES
(7164, 0, 0, 'What''s happening?', 12176, 1, 1, 7193, 0, 0, 0, '', 0, 0),
(7164, 1, 0, 'What can I do?', 12207, 1, 1, 7203, 0, 0, 0, '', 0, 0),
(7164, 2, 0, 'Where are we battling the Scourge?', 12434, 1, 1, 7254, 0, 0, 0, '', 0, 0),
(7164, 3, 0, 'How many battles have we won?', 12398, 1, 1, 7246, 0, 0, 0, '', 0, 0),
(7193, 0, 0, 'I have another question.', 12241, 1, 1, 7164, 0, 0, 0, '', 0, 0),
(7199, 0, 0, 'Where else are we battling the Scourge?', 12479, 1, 1, 7254, 0, 0, 0, '', 0, 0),
(7199, 1, 0, 'I have another question.', 12241, 1, 1, 7164, 0, 0, 0, '', 0, 0),
(7200, 0, 0, 'Where else are we battling the Scourge?', 12479, 1, 1, 7254, 0, 0, 0, '', 0, 0),
(7200, 1, 0, 'I have another question.', 12241, 1, 1, 7164, 0, 0, 0, '', 0, 0),
(7201, 0, 0, 'Where else are we battling the Scourge?', 12479, 1, 1, 7254, 0, 0, 0, '', 0, 0),
(7201, 1, 0, 'I have another question.', 12241, 1, 1, 7164, 0, 0, 0, '', 0, 0),
(7202, 0, 0, 'Where else are we battling the Scourge?', 12479, 1, 1, 7254, 0, 0, 0, '', 0, 0),
(7202, 1, 0, 'I have another question.', 12241, 1, 1, 7164, 0, 0, 0, '', 0, 0),
(7203, 0, 0, 'I have another question.', 12241, 1, 1, 7164, 0, 0, 0, '', 0, 0),
(7246, 0, 0, 'I have another question.', 12241, 1, 1, 7164, 0, 0, 0, '', 0, 0),
(7254, 0, 0, 'Is Azshara currently under attack?', 12476, 1, 1, 7266, 0, 0, 0, '', 0, 0),
(7254, 1, 0, 'Are the Blasted Lands currently under attack?', 12203, 1, 1, 7201, 0, 0, 0, '', 0, 0),
(7254, 2, 0, 'Are the Burning Steppes currently under attack?', 12205, 1, 1, 7202, 0, 0, 0, '', 0, 0),
(7254, 3, 0, 'Are the Eastern Plaguelands currently under attack?', 12477, 1, 1, 7267, 0, 0, 0, '', 0, 0),
(7254, 4, 0, 'Is Tanaris currently under attack?', 12201, 1, 1, 7200, 0, 0, 0, '', 0, 0),
(7254, 5, 0, 'Is Winterspring currently under attack?', 12198, 1, 1, 7199, 0, 0, 0, '', 0, 0),
(7254, 6, 0, 'I have another question.', 12241, 1, 1, 7164, 0, 0, 0, '', 0, 0),
(7266, 0, 0, 'Where else are we battling the Scourge?', 12479, 1, 1, 7254, 0, 0, 0, '', 0, 0),
(7266, 1, 0, 'I have another question.', 12241, 1, 1, 7164, 0, 0, 0, '', 0, 0),
(7267, 0, 0, 'Where else are we battling the Scourge?', 12479, 1, 1, 7254, 0, 0, 0, '', 0, 0),
(7267, 1, 0, 'I have another question.', 12241, 1, 1, 7164, 0, 0, 0, '', 0, 0);

-- Argent Quartermaster
-- Argent Outfitter
-- In wrath, these are vendors through gossip, not quest givers.
UPDATE `creature_template` SET `npcflag` = `npcflag` | 1 WHERE (`entry` IN (16787, 16786));
UPDATE `creature_template` SET `npcflag` = `npcflag` | 128 WHERE (`entry` = 16787);
UPDATE `creature_template` SET `npcflag` = `npcflag` & ~2 WHERE (`entry` IN (16787, 16786));

DELETE FROM `npc_vendor` WHERE (`entry` = 16787);
INSERT INTO `npc_vendor` (`entry`, `slot`, `item`, `maxcount`, `incrtime`, `ExtendedCost`, `VerifiedBuild`) VALUES
(16787, 0, 22999, 0, 0, 2520, 0),
(16787, 0, 23122, 0, 0, 2520, 0),
(16787, 0, 23123, 0, 0, 2520, 0),
(16787, 0, 40492, 0, 0, 2522, 0),
(16787, 0, 40593, 0, 0, 2521, 0),
(16787, 0, 40601, 0, 0, 2520, 0),
(16787, 0, 43068, 0, 0, 2518, 0),
(16787, 0, 43070, 0, 0, 2518, 0),
(16787, 0, 43073, 0, 0, 2518, 0),
(16787, 0, 43074, 0, 0, 2518, 0),
(16787, 0, 43077, 0, 0, 2518, 0),
(16787, 0, 43078, 0, 0, 2518, 0),
(16787, 0, 43081, 0, 0, 2518, 0),
(16787, 0, 43082, 0, 0, 2518, 0),
(16787, 0, 43530, 0, 0, 2519, 0),
(16787, 0, 43531, 0, 0, 2519, 0);
UPDATE `creature_template` SET `gossip_menu_id` = 7165 WHERE (`entry` IN (16786, 16787));
DELETE FROM `gossip_menu` WHERE (`MenuID` = 7165) AND (`TextID` = 13915);
INSERT INTO `gossip_menu` (`MenuID`, `TextID`) VALUES
(7165, 13915);
DELETE FROM `gossip_menu_option` WHERE (`MenuID` = 7165) AND (`OptionID` IN (0));
INSERT INTO `gossip_menu_option` (`MenuID`, `OptionID`, `OptionIcon`, `OptionText`, `OptionBroadcastTextID`, `OptionType`, `OptionNpcFlag`, `ActionMenuID`, `ActionPoiID`, `BoxCoded`, `BoxMoney`, `BoxText`, `BoxBroadcastTextID`, `VerifiedBuild`) VALUES
(7165, 0, 1, 'I would like to spend my runes.', 31735, 3, 128, 0, 0, 0, 0, '', 0, 0);
DELETE FROM `conditions` WHERE (`SourceTypeOrReferenceId` = 15) AND (`SourceGroup` = 7165) AND  (`ConditionValue1` = 9153);
INSERT INTO `conditions` (`SourceTypeOrReferenceId`, `SourceGroup`, `SourceEntry`, `SourceId`, `ElseGroup`, `ConditionTypeOrReference`, `ConditionTarget`, `ConditionValue1`, `ConditionValue2`, `ConditionValue3`, `NegativeCondition`, `ErrorType`, `ErrorTextId`, `ScriptName`, `Comment`) VALUES
(15, 7165, 0, 0, 0, 8, 0, 9153, 0, 0, 0, 0, 0, '', 'Argent Quartermaster/Outfitter - Show gossip option if Quest Under the Shadow is rewarded');
