-- DB update 2022_11_21_17 -> 2022_11_21_18
-- DELETES
DELETE FROM `waypoint_data` WHERE `id` IN (SELECT `path_id` FROM `creature_addon` WHERE `guid` IN (SELECT `guid` FROM `creature` WHERE `map`=546));
DELETE FROM `creature_addon` WHERE `guid` IN (SELECT `guid` FROM `creature` WHERE `map`=546);
DELETE FROM `linked_respawn` WHERE `guid` IN (SELECT `guid` FROM `creature` WHERE `map`=546);
DELETE FROM `creature` WHERE `map`=546;

-- TrinityCore - WowPacketParser
-- File name: 3.4.0.46368_Underbog pathing & formation recorded.pkt
-- Detected build: V3_4_0_46368
-- Detected locale: enUS
-- Targeted database: WrathOfTheLichKing
-- Parsing date: 11/09/2022 19:48:12

SET @CGUID := 138300;

DELETE FROM `creature` WHERE `map`=546 AND `ZoneId`=3716 AND `guid` BETWEEN @CGUID+0 AND @CGUID+218;
INSERT INTO `creature` (`guid`, `id1`, `map`, `zoneId`, `areaId`, `spawnMask`, `phaseMask`, `equipment_id`, `position_x`, `position_y`, `position_z`, `orientation`, `spawntimesecs`, `MovementType`, `wander_distance`, `curhealth`, `curmana`, `currentwaypoint`, `npcflag`, `unit_flags`, `dynamicflags`, `VerifiedBuild`) VALUES
(@CGUID+0  , 17725, 546, 3716, 3716, 3, 1, 0, 53.30517196655273437, -115.721046447753906, -2.65770363807678222, 3.630284786224365234, 86400, 1, 5, 16028, 0, 0, 0, 0, 0, 46368), -- 17725 (Area: 3716 - Difficulty: 1) (possible waypoints or random movement)
(@CGUID+1  , 17871, 546, 3716, 3716, 3, 1, 0, 59.85622024536132812, -97.7351760864257812, -2.66830062866210937, 2.426007747650146484, 86400, 1, 4, 12395, 5136, 0, 0, 0, 0, 46368), -- 17871 (Area: 3716 - Difficulty: 1) (possible waypoints or random movement)
(@CGUID+2  , 17725, 546, 3716, 3716, 3, 1, 0, 49.38219451904296875, -164.011978149414062, -2.76484084129333496, 1.361356854438781738, 86400, 1, 4, 16028, 0, 0, 0, 0, 0, 46368), -- 17725 (Area: 3716 - Difficulty: 1) (possible waypoints or random movement)
(@CGUID+3  , 17871, 546, 3716, 3716, 3, 1, 0, 61.72000503540039062, -168.142166137695312, -3.03930473327636718, 2.513274192810058593, 86400, 1, 5, 12395, 5136, 0, 0, 0, 0, 46368), -- 17871 (Area: 3716 - Difficulty: 1) (possible waypoints or random movement)
(@CGUID+4  , 17725, 546, 3716, 3716, 3, 1, 0, 44.16768264770507812, -106.870086669921875, -3.18854475021362304, 2.530727386474609375, 86400, 1, 5, 15489, 0, 0, 0, 0, 0, 46368), -- 17725 (Area: 3716 - Difficulty: 1) (possible waypoints or random movement)
(@CGUID+5  , 17725, 546, 3716, 3716, 3, 1, 0, -18.0226116180419921, -205.548812866210937, -4.45156049728393554, 1.690529465675354003, 86400, 1, 2, 15489, 0, 0, 0, 0, 0, 46368), -- 17725 (Area: 3716 - Difficulty: 1) (possible waypoints or random movement)
(@CGUID+6  , 17725, 546, 3716, 3716, 3, 1, 0, 4.394464969635009765, -104.604103088378906, -4.45036840438842773, 0.453785598278045654, 86400, 0, 0, 15489, 0, 0, 0, 0, 0, 46368), -- 17725 (Area: 3716 - Difficulty: 1)
(@CGUID+7  , 17725, 546, 3716, 3716, 3, 1, 0, -7.22089815139770507, -102.749656677246093, -4.45054054260253906, 4.78220224380493164, 86400, 0, 0, 15489, 0, 0, 0, 0, 0, 46368), -- 17725 (Area: 3716 - Difficulty: 1)
(@CGUID+8  , 17871, 546, 3716, 3716, 3, 1, 0, -4.9521489143371582, -115.878868103027343, -4.45028543472290039, 1.378810048103332519, 86400, 0, 0, 12395, 5136, 0, 0, 0, 0, 46368), -- 17871 (Area: 3716 - Difficulty: 1)
(@CGUID+9  , 17724, 546, 3716, 3716, 3, 1, 0, 69.10298919677734375, -81.0678939819335937, -2.71361970901489257, 4.127217292785644531, 86400, 0, 0, 16028, 0, 0, 0, 0, 0, 46368), -- 17724 (Area: 3716 - Difficulty: 1) (possible waypoints or random movement)
(@CGUID+10 , 17724, 546, 3716, 3716, 3, 1, 0, 50.7421875, -44.1618385314941406, -2.74477028846740722, 5.592258453369140625, 86400, 0, 0, 15489, 0, 0, 0, 0, 0, 46368), -- 17724 (Area: 3716 - Difficulty: 1) (possible waypoints or random movement)
(@CGUID+11 , 1420, 546, 3716, 3716, 3, 1, 0, 36.05365753173828125, -28.078378677368164, -2.66656374931335449, 4.056349754333496093, 86400, 1, 7, 8, 0, 0, 0, 0, 0, 46368), -- 1420 (Area: 3716 - Difficulty: 1) (possible waypoints or random movement)
(@CGUID+12 , 18409, 546, 3716, 3716, 3, 1, 0, 131.5263671875, -183.178787231445312, 32.36646652221679687, 5.044001579284667968, 86400, 0, 0, 5129, 2568, 0, 0, 0, 0, 46368), -- 18409 (Area: 3716 - Difficulty: 1) (possible waypoints or random movement)
(@CGUID+13 , 17725, 546, 3716, 3716, 3, 1, 0, -4.81963586807250976, -183.501251220703125, -4.45073938369750976, 4.379361152648925781, 86400, 1, 4, 16028, 0, 0, 0, 0, 0, 46368), -- 17725 (Area: 3716 - Difficulty: 1) (possible waypoints or random movement)
(@CGUID+14 , 18409, 546, 3716, 3716, 3, 1, 0, -79.5164642333984375, -129.932571411132812, 6.231275558471679687, 6.161012172698974609, 86400, 0, 0, 5306, 2620, 0, 0, 0, 0, 46368), -- 18409 (Area: 3716 - Difficulty: 1) (possible waypoints or random movement)
(@CGUID+15 , 1420, 546, 3716, 3716, 3, 1, 0, -2.36233401298522949, -103.5479736328125, -4.45044660568237304, 2.217678070068359375, 86400, 1, 7, 8, 0, 0, 0, 0, 0, 46368), -- 1420 (Area: 3716 - Difficulty: 1) (possible waypoints or random movement)
(@CGUID+16 , 18409, 546, 3716, 3716, 3, 1, 0, 3.169436931610107421, -188.74371337890625, -4.45056962966918945, 4.635853767395019531, 86400, 0, 0, 5129, 2568, 0, 0, 0, 0, 46368), -- 18409 (Area: 3716 - Difficulty: 1) (possible waypoints or random movement)
(@CGUID+17 , 17725, 546, 3716, 3716, 3, 1, 0, 6.079409122467041015, -176.566757202148437, -4.45037746429443359, 4.365723133087158203, 86400, 1, 4, 16028, 0, 0, 0, 0, 0, 46368), -- 17725 (Area: 3716 - Difficulty: 1) (possible waypoints or random movement)
(@CGUID+18 , 17992, 546, 3716, 3716, 3, 1, 0, 85.16417694091796875, -19.9881591796875, 44.319427490234375, 5.654866695404052734, 86400, 0, 0, 42, 0, 0, 0, 0, 0, 46368), -- 17992 (Area: 3716 - Difficulty: 1)
(@CGUID+19 , 17731, 546, 3716, 3716, 3, 1, 0, 123.7956924438476562, 14.59498786926269531, 26.22917938232421875, 2.58308720588684082, 86400, 0, 0, 16574, 0, 0, 0, 0, 0, 46368), -- 17731 (Area: 3716 - Difficulty: 1) (Auras: 31261 - 31261)
(@CGUID+20 , 17731, 546, 3716, 3716, 3, 1, 0, 130.1617889404296875, 1.715451002120971679, 26.40960502624511718, 0.383972436189651489, 86400, 0, 0, 16574, 0, 0, 0, 0, 0, 46368), -- 17731 (Area: 3716 - Difficulty: 1) (Auras: 31261 - 31261)
(@CGUID+21 , 18409, 546, 3716, 3716, 3, 1, 0, 124.9850082397460937, -202.62335205078125, 54.8511962890625, 0.099590368568897247, 86400, 0, 0, 5129, 2568, 0, 0, 0, 0, 46368), -- 18409 (Area: 3716 - Difficulty: 1) (possible waypoints or random movement)
(@CGUID+22 , 17731, 546, 3716, 3716, 3, 1, 0, 146.4813232421875, -4.1298680305480957, 26.15960502624511718, 4.677482128143310546, 86400, 0, 0, 16574, 0, 0, 0, 0, 0, 46368), -- 17731 (Area: 3716 - Difficulty: 1) (Auras: 31261 - 31261)
(@CGUID+23 , 17882, 546, 3716, 3716, 3, 1, 0, 143.43182373046875, 9.125844001770019531, 27.645843505859375, 4.223696708679199218, 86400, 0, 0, 75696, 27900, 0, 0, 0, 0, 46368), -- 17882 (Area: 3716 - Difficulty: 1) (possible waypoints or random movement)
(@CGUID+24 , 17725, 546, 3716, 3716, 3, 1, 0, 73.643707275390625, -245.245529174804687, -4.40129947662353515, 1.221730470657348632, 86400, 1, 4, 15489, 0, 0, 0, 0, 0, 46368), -- 17725 (Area: 3716 - Difficulty: 1) (possible waypoints or random movement)
(@CGUID+25 , 17725, 546, 3716, 3716, 3, 1, 0, -15.995253562927246, -237.312255859375, -4.53491401672363281, 1.558064818382263183, 86400, 1, 2, 16028, 0, 0, 0, 0, 0, 46368), -- 17725 (Area: 3716 - Difficulty: 1) (possible waypoints or random movement)
(@CGUID+26 , 17724, 546, 3716, 3716, 3, 1, 0, 56.37200927734375, -155.5626220703125, -2.73358535766601562, 4.942754745483398437, 86400, 1, 4, 15489, 0, 0, 0, 0, 0, 46368), -- 17724 (Area: 3716 - Difficulty: 1) (possible waypoints or random movement)
(@CGUID+27 , 18409, 546, 3716, 3716, 3, 1, 0, 106.339202880859375, -248.823501586914062, 52.99034500122070312, 2.123201608657836914, 86400, 0, 0, 5306, 2620, 0, 0, 0, 0, 46368), -- 18409 (Area: 3716 - Difficulty: 1) (possible waypoints or random movement)
(@CGUID+28 , 17734, 546, 3716, 3716, 3, 1, 0, 176.5920257568359375, -61.2998809814453125, 26.51584053039550781, 3.715864896774291992, 86400, 0, 0, 45720, 0, 0, 0, 0, 0, 46368), -- 17734 (Area: 3716 - Difficulty: 1) (possible waypoints or random movement)
(@CGUID+29 , 1420, 546, 3716, 3716, 3, 1, 0, 161.7856292724609375, -130.364593505859375, 27.01967811584472656, 4.841574668884277343, 86400, 1, 7, 8, 0, 0, 0, 0, 0, 46368), -- 1420 (Area: 3716 - Difficulty: 1) (possible waypoints or random movement)
(@CGUID+30 , 17724, 546, 3716, 3716, 3, 1, 0, -20.6918754577636718, -112.034248352050781, -4.53394508361816406, 4.940909385681152343, 86400, 0, 0, 16028, 0, 0, 0, 0, 0, 46368), -- 17724 (Area: 3716 - Difficulty: 1) (possible waypoints or random movement)
(@CGUID+31 , 17724, 546, 3716, 3716, 3, 1, 0, -18.6085033416748046, -117.241020202636718, -4.53385734558105468, 4.9155426025390625, 86400, 0, 0, 16028, 0, 0, 0, 0, 0, 46368), -- 17724 (Area: 3716 - Difficulty: 1) (possible waypoints or random movement)
(@CGUID+32 , 17725, 546, 3716, 3716, 3, 1, 0, -51.876708984375, -246.59423828125, -4.45337533950805664, 0.471238881349563598, 86400, 0, 0, 16028, 0, 0, 0, 0, 0, 46368), -- 17725 (Area: 3716 - Difficulty: 1)
(@CGUID+33 , 17871, 546, 3716, 3716, 3, 1, 0, -61.2059135437011718, -239.919540405273437, -4.45364761352539062, 0.977384388446807861, 86400, 0, 0, 12395, 5136, 0, 0, 0, 0, 46368), -- 17871 (Area: 3716 - Difficulty: 1)
(@CGUID+34 , 17724, 546, 3716, 3716, 3, 1, 0, 0.224553108215332031, -173.079132080078125, -4.53405666351318359, 0.691599786281585693, 86400, 1, 4, 16028, 0, 0, 0, 0, 0, 46368), -- 17724 (Area: 3716 - Difficulty: 1) (possible waypoints or random movement)
(@CGUID+35 , 17725, 546, 3716, 3716, 3, 1, 0, -55.9498291015625, -257.518524169921875, -4.45344161987304687, 5.916666030883789062, 86400, 0, 0, 15489, 0, 0, 0, 0, 0, 46368), -- 17725 (Area: 3716 - Difficulty: 1)
(@CGUID+36 , 17724, 546, 3716, 3716, 3, 1, 0, 2.884120941162109375, -185.097015380859375, -4.53397274017333984, 5.816865444183349609, 86400, 0, 0, 16028, 0, 0, 0, 0, 0, 46368), -- 17724 (Area: 3716 - Difficulty: 1) (possible waypoints or random movement)
(@CGUID+37 , 17723, 546, 3716, 3716, 3, 1, 0, 10.4918975830078125, -208.06329345703125, -4.5332193374633789, 4.59362649917602539, 86400, 1, 5, 36478, 0, 0, 0, 0, 0, 46368), -- 17723 (Area: 3716 - Difficulty: 1) (possible waypoints or random movement)
(@CGUID+38 , 17724, 546, 3716, 3716, 3, 1, 0, -16.8087425231933593, -194.322494506835937, -4.53450822830200195, 2.589608430862426757, 86400, 0, 0, 15489, 0, 0, 0, 0, 0, 46368), -- 17724 (Area: 3716 - Difficulty: 1) (possible waypoints or random movement)
(@CGUID+39 , 17871, 546, 3716, 3716, 3, 1, 0, -134.443710327148437, -221.692276000976562, -3.8408522605895996, 3.7479248046875, 86400, 0, 0, 12395, 5136, 0, 0, 0, 0, 46368), -- 17871 (Area: 3716 - Difficulty: 1) (possible waypoints or random movement)
(@CGUID+40 , 17871, 546, 3716, 3716, 3, 1, 0, -138.559707641601562, -223.74798583984375, -3.80365943908691406, 3.85886549949645996, 86400, 0, 0, 12395, 5136, 0, 0, 0, 0, 46368), -- 17871 (Area: 3716 - Difficulty: 1) (possible waypoints or random movement)
(@CGUID+41 , 18409, 546, 3716, 3716, 3, 1, 0, 108.2833099365234375, -276.298614501953125, 58.46154022216796875, 2.78950810432434082, 86400, 0, 0, 5129, 2568, 0, 0, 0, 0, 46368), -- 18409 (Area: 3716 - Difficulty: 1) (possible waypoints or random movement)
(@CGUID+42 , 17724, 546, 3716, 3716, 3, 1, 0, 26.55841064453125, -215.4248046875, -4.53322076797485351, 5.491258621215820312, 86400, 0, 0, 16028, 0, 0, 0, 0, 0, 46368), -- 17724 (Area: 3716 - Difficulty: 1) (possible waypoints or random movement)
(@CGUID+43 , 17724, 546, 3716, 3716, 3, 1, 0, -22.8102912902832031, -204.2177734375, -4.53505754470825195, 2.781461477279663085, 86400, 0, 0, 15489, 0, 0, 0, 0, 0, 46368), -- 17724 (Area: 3716 - Difficulty: 1) (possible waypoints or random movement)
(@CGUID+44 , 1420, 546, 3716, 3716, 3, 1, 0, -13.5606193542480468, -215.345367431640625, -4.53488588333129882, 2.750328779220581054, 86400, 1, 7, 8, 0, 0, 0, 0, 0, 46368), -- 1420 (Area: 3716 - Difficulty: 1) (possible waypoints or random movement)
(@CGUID+45 , 17724, 546, 3716, 3716, 3, 1, 0, 33.87368392944335937, -229.483184814453125, -4.48155593872070312, 1.981717109680175781, 86400, 0, 0, 16028, 0, 0, 0, 0, 0, 46368), -- 17724 (Area: 3716 - Difficulty: 1) (possible waypoints or random movement)
(@CGUID+46 , 17724, 546, 3716, 3716, 3, 1, 0, -18.1015586853027343, -226.91162109375, -4.53512763977050781, 4.55969095230102539, 86400, 0, 0, 16028, 0, 0, 0, 0, 0, 46368), -- 17724 (Area: 3716 - Difficulty: 1) (possible waypoints or random movement)
(@CGUID+47 , 17724, 546, 3716, 3716, 3, 1, 0, -10.6675224304199218, -245.508697509765625, -4.53447675704956054, 0.835907638072967529, 86400, 0, 0, 15489, 0, 0, 0, 0, 0, 46368), -- 17724 (Area: 3716 - Difficulty: 1) (possible waypoints or random movement)
(@CGUID+48 , 18409, 546, 3716, 3716, 3, 1, 0, -61.6671409606933593, -342.68017578125, 6.551271438598632812, 1.883476614952087402, 86400, 0, 0, 5129, 2568, 0, 0, 0, 0, 46368), -- 18409 (Area: 3716 - Difficulty: 1) (possible waypoints or random movement)
(@CGUID+49 , 17724, 546, 3716, 3716, 3, 1, 0, 60.98109817504882812, -240.568771362304687, -4.45644807815551757, 4.217241287231445312, 86400, 1, 5, 15489, 0, 0, 0, 0, 0, 46368), -- 17724 (Area: 3716 - Difficulty: 1) (possible waypoints or random movement)
(@CGUID+50 , 3300, 546, 3716, 3716, 3, 1, 0, 63.00201797485351562, -245.383255004882812, -4.4605717658996582, 3.893556594848632812, 86400, 1, 8, 1, 0, 0, 0, 0, 0, 46368), -- 3300 (Area: 3716 - Difficulty: 1) (possible waypoints or random movement)
(@CGUID+51 , 17724, 546, 3716, 3716, 3, 1, 0, 57.6712493896484375, -250.803207397460937, -4.47693538665771484, 6.089513301849365234, 86400, 1, 5, 15489, 0, 0, 0, 0, 0, 46368), -- 17724 (Area: 3716 - Difficulty: 1) (possible waypoints or random movement)
(@CGUID+52 , 18409, 546, 3716, 3716, 3, 1, 0, 98.9297332763671875, -326.73388671875, 19.01700973510742187, 2.51154947280883789, 86400, 0, 0, 5129, 2568, 0, 0, 0, 0, 46368), -- 18409 (Area: 3716 - Difficulty: 1) (possible waypoints or random movement)
(@CGUID+53 , 20465, 546, 3716, 3716, 3, 1, 0, 31.98462104797363281, -270.854644775390625, -21.6617946624755859, 6.006432533264160156, 86400, 1, 30, 19986, 0, 0, 0, 0, 0, 46368), -- 20465 (Area: 3716 - Difficulty: 1) (Auras: 18943 - 18943) (possible waypoints or random movement)
(@CGUID+54 , 20465, 546, 3716, 3716, 3, 1, 0, 37.3814697265625, -281.656097412109375, -21.6617946624755859, 0.61091160774230957, 86400, 1, 30, 19422, 0, 0, 0, 0, 0, 46368), -- 20465 (Area: 3716 - Difficulty: 1) (Auras: 18943 - 18943, 18950 - 18950) (possible waypoints or random movement)
(@CGUID+55 , 20465, 546, 3716, 3716, 3, 1, 0, 0.923820197582244873, -285.055572509765625, -21.6617946624755859, 0.467365443706512451, 86400, 1, 30, 19986, 0, 0, 0, 0, 0, 46368), -- 20465 (Area: 3716 - Difficulty: 1) (Auras: 18943 - 18943, 18950 - 18950) (possible waypoints or random movement)
(@CGUID+56 , 20465, 546, 3716, 3716, 3, 1, 0, 109.5407485961914062, -279.104217529296875, -18.9742946624755859, 3.662220001220703125, 86400, 1, 30, 19986, 0, 0, 0, 0, 0, 46368), -- 20465 (Area: 3716 - Difficulty: 1) (Auras: 18943 - 18943) (possible waypoints or random movement)
(@CGUID+57 , 20465, 546, 3716, 3716, 3, 1, 0, 122.5914764404296875, -272.075286865234375, -18.1793460845947265, 3.317036867141723632, 86400, 1, 30, 19422, 0, 0, 0, 0, 0, 46368), -- 20465 (Area: 3716 - Difficulty: 1) (Auras: 18943 - 18943, 18950 - 18950) (possible waypoints or random movement)
(@CGUID+58 , 3300, 546, 3716, 3716, 3, 1, 0, 82.27069854736328125, -294.929229736328125, 32.04051971435546875, 4.423070430755615234, 86400, 1, 8, 1, 0, 0, 0, 0, 0, 46368), -- 3300 (Area: 3716 - Difficulty: 1) (possible waypoints or random movement)
(@CGUID+59 , 20465, 546, 3716, 3716, 3, 1, 0, 8.860335350036621093, -304.19696044921875, -21.6617946624755859, 5.344369411468505859, 86400, 1, 30, 19422, 0, 0, 0, 0, 0, 46368), -- 20465 (Area: 3716 - Difficulty: 1) (Auras: 18943 - 18943, 18950 - 18950) (possible waypoints or random movement)
(@CGUID+60 , 20465, 546, 3716, 3716, 3, 1, 0, -15.9169492721557617, -315.86346435546875, -21.2094802856445312, 0.592654645442962646, 86400, 1, 30, 19422, 0, 0, 0, 0, 0, 46368), -- 20465 (Area: 3716 - Difficulty: 1) (Auras: 18943 - 18943) (possible waypoints or random movement)
(@CGUID+61 , 17723, 546, 3716, 3716, 3, 1, 0, -68.6884078979492187, -228.740234375, -4.53699302673339843, 0.125748008489608764, 86400, 0, 0, 36478, 0, 0, 0, 0, 0, 46368), -- 17723 (Area: 3716 - Difficulty: 1) (possible waypoints or random movement)
(@CGUID+62 , 17723, 546, 3716, 3716, 3, 1, 0, 1.211545944213867187, -323.152252197265625, 30.92621421813964843, 3.760336875915527343, 86400, 0, 0, 36478, 0, 0, 0, 0, 0, 46368), -- 17723 (Area: 3716 - Difficulty: 1) (possible waypoints or random movement)
(@CGUID+63 , 20465, 546, 3716, 3716, 3, 1, 0, -35.2714767456054687, -320.834442138671875, -21.3631858825683593, 0.806268274784088134, 86400, 1, 30, 19986, 0, 0, 0, 0, 0, 46368), -- 20465 (Area: 3716 - Difficulty: 1) (Auras: 18943 - 18943, 18950 - 18950) (possible waypoints or random movement)
(@CGUID+64 , 17723, 546, 3716, 3716, 3, 1, 0, -59.1942481994628906, -289.67742919921875, -4.53491830825805664, 4.024751186370849609, 86400, 0, 0, 36478, 0, 0, 0, 0, 0, 46368), -- 17723 (Area: 3716 - Difficulty: 1) (possible waypoints or random movement)
(@CGUID+65 , 20465, 546, 3716, 3716, 3, 1, 0, -48.718170166015625, -310.844390869140625, -21.3631839752197265, 2.003461122512817382, 86400, 1, 30, 19986, 0, 0, 0, 0, 0, 46368), -- 20465 (Area: 3716 - Difficulty: 1) (Auras: 18943 - 18943, 18950 - 18950) (possible waypoints or random movement)
(@CGUID+66 , 1420, 546, 3716, 3716, 3, 1, 0, -2.39251708984375, -329.87078857421875, 30.52985191345214843, 0.977446317672729492, 86400, 1, 7, 8, 0, 0, 0, 0, 0, 46368), -- 1420 (Area: 3716 - Difficulty: 1) (possible waypoints or random movement)
(@CGUID+67 , 17770, 546, 3716, 3716, 3, 1, 0, -121.343780517578125, -388.625946044921875, 36.86592864990234375, 1.396263360977172851, 86400, 0, 0, 65054, 0, 0, 0, 0, 0, 46368), -- 17770 (Area: 3716 - Difficulty: 1)
(@CGUID+68 , 17724, 546, 3716, 3716, 3, 1, 0, -89.6993331909179687, -286.329742431640625, 0.33470773696899414, 0.078698188066482543, 86400, 0, 0, 15489, 0, 0, 0, 0, 0, 46368), -- 17724 (Area: 3716 - Difficulty: 1) (possible waypoints or random movement)
(@CGUID+69 , 20465, 546, 3716, 3716, 3, 1, 0, -64.2600631713867187, -331.863800048828125, -21.3631858825683593, 4.490990161895751953, 86400, 1, 30, 19986, 0, 0, 0, 0, 0, 46368), -- 20465 (Area: 3716 - Difficulty: 1) (Auras: 18943 - 18943, 18950 - 18950) (possible waypoints or random movement)
(@CGUID+70 , 17724, 546, 3716, 3716, 3, 1, 0, -91.4822921752929687, -282.277313232421875, 1.337054848670959472, 0.329814404249191284, 86400, 0, 0, 16028, 0, 0, 0, 0, 0, 46368), -- 17724 (Area: 3716 - Difficulty: 1) (possible waypoints or random movement)
(@CGUID+71 , 20465, 546, 3716, 3716, 3, 1, 0, -45.6104736328125, -348.7037353515625, -21.3404979705810546, 2.511313438415527343, 86400, 1, 30, 19986, 0, 0, 0, 0, 0, 46368), -- 20465 (Area: 3716 - Difficulty: 1) (Auras: 18943 - 18943, 18950 - 18950) (possible waypoints or random movement)
(@CGUID+72 , 17724, 546, 3716, 3716, 3, 1, 0, -91.4822921752929687, -282.277313232421875, 1.337054848670959472, 0.329814404249191284, 86400, 0, 0, 15489, 0, 0, 0, 0, 0, 46368), -- 17724 (Area: 3716 - Difficulty: 1) (possible waypoints or random movement)
(@CGUID+73 , 17724, 546, 3716, 3716, 3, 1, 0, 7.868413925170898437, -354.808135986328125, 27.61457443237304687, 0.349224865436553955, 86400, 0, 0, 16028, 0, 0, 0, 0, 0, 46368), -- 17724 (Area: 3716 - Difficulty: 1) (possible waypoints or random movement)
(@CGUID+74 , 17724, 546, 3716, 3716, 3, 1, 0, 6.074481010437011718, -346.847686767578125, 28.9513092041015625, 0.968652546405792236, 86400, 0, 0, 15489, 0, 0, 0, 0, 0, 46368), -- 17724 (Area: 3716 - Difficulty: 1) (possible waypoints or random movement)
(@CGUID+75 , 17724, 546, 3716, 3716, 3, 1, 0, 6.074481010437011718, -346.847686767578125, 28.9513092041015625, 0.968652546405792236, 86400, 0, 0, 15489, 0, 0, 0, 0, 0, 46368), -- 17724 (Area: 3716 - Difficulty: 1) (possible waypoints or random movement)
(@CGUID+76 , 17724, 546, 3716, 3716, 3, 1, 0, 6.074481010437011718, -346.847686767578125, 28.9513092041015625, 0.968652546405792236, 86400, 0, 0, 16028, 0, 0, 0, 0, 0, 46368), -- 17724 (Area: 3716 - Difficulty: 1) (possible waypoints or random movement)
(@CGUID+77 , 3300, 546, 3716, 3716, 3, 1, 0, -129.510971069335937, -219.674774169921875, -4.01897621154785156, 0.640626192092895507, 86400, 1, 8, 1, 0, 0, 0, 0, 0, 46368), -- 3300 (Area: 3716 - Difficulty: 1) (possible waypoints or random movement)
(@CGUID+78 , 17723, 546, 3716, 3716, 3, 1, 0, -97.8888320922851562, -348.776397705078125, 32.951019287109375, 1.65806281566619873, 86400, 0, 0, 36478, 0, 0, 0, 0, 0, 46368), -- 17723 (Area: 3716 - Difficulty: 1)
(@CGUID+79 , 17724, 546, 3716, 3716, 3, 1, 0, -132.951705932617187, -218.944290161132812, -3.84113597869873046, 3.85388803482055664, 86400, 0, 0, 16028, 0, 0, 0, 0, 0, 46368), -- 17724 (Area: 3716 - Difficulty: 1) (possible waypoints or random movement)
(@CGUID+80 , 17723, 546, 3716, 3716, 3, 1, 0, -129.921173095703125, -342.113800048828125, 33.3463134765625, 0.994837641716003417, 86400, 0, 0, 36478, 0, 0, 0, 0, 0, 46368), -- 17723 (Area: 3716 - Difficulty: 1)
(@CGUID+81 , 1420, 546, 3716, 3716, 3, 1, 0, -114.916908264160156, -359.645843505859375, 34.63579940795898437, 6.140144824981689453, 86400, 1, 7, 8, 0, 0, 0, 0, 0, 46368), -- 1420 (Area: 3716 - Difficulty: 1) (possible waypoints or random movement)
(@CGUID+82 , 20465, 546, 3716, 3716, 3, 1, 0, -61.8247871398925781, -395.373992919921875, -20.1860847473144531, 2.978006601333618164, 86400, 1, 30, 19986, 0, 0, 0, 0, 0, 46368), -- 20465 (Area: 3716 - Difficulty: 1) (Auras: 18943 - 18943, 18950 - 18950) (possible waypoints or random movement)
(@CGUID+83 , 20465, 546, 3716, 3716, 3, 1, 0, -75.2216567993164062, -413.634674072265625, -29.7494258880615234, 1.167413115501403808, 86400, 1, 30, 19422, 0, 0, 0, 0, 0, 46368), -- 20465 (Area: 3716 - Difficulty: 1) (Auras: 18943 - 18943) (possible waypoints or random movement)
(@CGUID+84 , 17723, 546, 3716, 3716, 3, 1, 0, 5.765883445739746093, -382.78369140625, 27.06412506103515625, 0.9276963472366333, 86400, 1, 7, 36478, 0, 0, 0, 0, 0, 46368), -- 17723 (Area: 3716 - Difficulty: 1) (possible waypoints or random movement)
(@CGUID+85 , 20465, 546, 3716, 3716, 3, 1, 0, -19.6737327575683593, -400.955230712890625, -27.7520751953125, 4.101523876190185546, 86400, 1, 30, 19422, 0, 0, 0, 0, 0, 46368), -- 20465 (Area: 3716 - Difficulty: 1) (Auras: 18943 - 18943, 18950 - 18950)
(@CGUID+86 , 20465, 546, 3716, 3716, 3, 1, 0, 16.55997276306152343, -386.068389892578125, -20.265960693359375, 4.107356548309326171, 86400, 1, 30, 19986, 0, 0, 0, 0, 0, 46368), -- 20465 (Area: 3716 - Difficulty: 1) (Auras: 18943 - 18943, 18950 - 18950) (possible waypoints or random movement)
(@CGUID+87 , 20465, 546, 3716, 3716, 3, 1, 0, 8.97026824951171875, -426.08447265625, -22.3979091644287109, 3.527451753616333007, 86400, 1, 30, 19422, 0, 0, 0, 0, 0, 46368), -- 20465 (Area: 3716 - Difficulty: 1) (Auras: 18943 - 18943) (possible waypoints or random movement)
(@CGUID+88 , 17723, 546, 3716, 3716, 3, 1, 0, 19.44412040710449218, -308.636138916015625, 31.8928375244140625, 3.714715957641601562, 86400, 0, 0, 36478, 0, 0, 0, 0, 0, 46368), -- 17723 (Area: 3716 - Difficulty: 1) (possible waypoints or random movement)
(@CGUID+89 , 20465, 546, 3716, 3716, 3, 1, 0, 44.63208770751953125, -395.77447509765625, -22.0020713806152343, 1.059683799743652343, 86400, 1, 30, 19422, 0, 0, 0, 0, 0, 46368), -- 20465 (Area: 3716 - Difficulty: 1) (Auras: 18943 - 18943, 18950 - 18950) (possible waypoints or random movement)
(@CGUID+90 , 17723, 546, 3716, 3716, 3, 1, 0, 77.6444244384765625, -384.56866455078125, 33.31194305419921875, 6.084620475769042968, 86400, 1, 6, 36478, 0, 0, 0, 0, 0, 46368), -- 17723 (Area: 3716 - Difficulty: 1) (possible waypoints or random movement)
(@CGUID+91 , 17726, 546, 3716, 3716, 3, 1, 1, 99.41526031494140625, -396.649139404296875, 36.55694961547851562, 5.781200408935546875, 86400, 0, 0, 16574, 0, 0, 0, 0, 0, 46368), -- 17726 (Area: 3716 - Difficulty: 1) (Auras: ) (possible waypoints or random movement)
(@CGUID+92 , 18105, 546, 3716, 3716, 3, 1, 0, 248.33444, -465.86627, 81.37284, 3.543018341064453125, 86400, 1, 12, 59140, 0, 0, 0, 0, 0, 46368), -- modified spawn point for Ghaz'an (Auras: 8876 - 8876)
(@CGUID+93 , 17726, 546, 3716, 3716, 3, 1, 1, 98.21234130859375, -398.8406982421875, 36.511749267578125, 5.781207561492919921, 86400, 0, 0, 16574, 0, 0, 0, 0, 0, 46368), -- 17726 (Area: 3716 - Difficulty: 1) (possible waypoints or random movement)
(@CGUID+94 , 20465, 546, 3716, 3716, 3, 1, 0, 83.2564849853515625, -400.947540283203125, -21.1270713806152343, 4.018953323364257812, 86400, 1, 30, 19422, 0, 0, 0, 0, 0, 46368), -- 20465 (Area: 3716 - Difficulty: 1) (Auras: 18943 - 18943, 18950 - 18950) (possible waypoints or random movement)
(@CGUID+95 , 20465, 546, 3716, 3716, 3, 1, 0, 114.2423553466796875, -340.829742431640625, -18.182626724243164, 1.866887211799621582, 86400, 1, 30, 19422, 0, 0, 0, 0, 0, 46368), -- 20465 (Area: 3716 - Difficulty: 1) (Auras: 18943 - 18943, 18950 - 18950) (possible waypoints or random movement)
(@CGUID+96 , 20465, 546, 3716, 3716, 3, 1, 0, 111.0433425903320312, -304.8076171875, -18.9742946624755859, 4.813970565795898437, 86400, 1, 30, 19986, 0, 0, 0, 0, 0, 46368), -- 20465 (Area: 3716 - Difficulty: 1) (Auras: 18943 - 18943, 18950 - 18950) (possible waypoints or random movement)
(@CGUID+97 , 20465, 546, 3716, 3716, 3, 1, 0, 140.4607086181640625, -299.08514404296875, -18.182626724243164, 4.400449752807617187, 86400, 1, 30, 19422, 0, 0, 0, 0, 0, 46368), -- 20465 (Area: 3716 - Difficulty: 1) (Auras: 18943 - 18943, 18950 - 18950) (possible waypoints or random movement)
(@CGUID+98 , 20465, 546, 3716, 3716, 3, 1, 0, 138.5490264892578125, -352.57305908203125, -18.1826305389404296, 5.045160770416259765, 86400, 1, 30, 19422, 0, 0, 0, 0, 0, 46368), -- 20465 (Area: 3716 - Difficulty: 1) (Auras: 18943 - 18943, 18950 - 18950) (possible waypoints or random movement)
(@CGUID+99 , 20465, 546, 3716, 3716, 3, 1, 0, 130.2157135009765625, -389.4305419921875, -18.1826305389404296, 3.026309967041015625, 86400, 1, 30, 19422, 0, 0, 0, 0, 0, 46368), -- 20465 (Area: 3716 - Difficulty: 1) (Auras: 18943 - 18943, 18950 - 18950) (possible waypoints or random movement)
(@CGUID+100, 17728, 546, 3716, 3716, 3, 1, 1, 179.033966064453125, -391.33807373046875, 48.15665054321289062, 5.183627605438232421, 86400, 0, 0, 16028, 0, 0, 0, 0, 0, 46368), -- 17728 (Area: 3716 - Difficulty: 1)
(@CGUID+101, 17727, 546, 3716, 3716, 3, 1, 1, 150.960662841796875, -417.71099853515625, 48.6139984130859375, 2.932153224945068359, 86400, 0, 0, 16574, 0, 0, 0, 0, 0, 46368), -- 17727 (Area: 3716 - Difficulty: 1) (Auras: 18950 - 18950)
(@CGUID+102, 17771, 546, 3716, 3716, 3, 1, 1, 183.808807373046875, -387.583221435546875, 48.15573501586914062, 5.689773082733154296, 86400, 0, 0, 13259, 13525, 0, 0, 0, 0, 46368), -- 17771 (Area: 3716 - Difficulty: 1) (Auras: 34881 - 34881)
(@CGUID+103, 17728, 546, 3716, 3716, 3, 1, 1, 182.3004608154296875, -390.589935302734375, 48.17152786254882812, 5.393067359924316406, 86400, 0, 0, 16574, 0, 0, 0, 0, 0, 46368), -- 17728 (Area: 3716 - Difficulty: 1)
(@CGUID+104, 17727, 546, 3716, 3716, 3, 1, 1, 148.12396240234375, -424.814544677734375, 48.62396240234375, 2.792526721954345703, 86400, 0, 0, 16574, 0, 0, 0, 0, 0, 46368), -- 17727 (Area: 3716 - Difficulty: 1) (Auras: 18950 - 18950)
(@CGUID+105, 20465, 546, 3716, 3716, 3, 1, 0, 110.3943939208984375, -433.743988037109375, -26.3354091644287109, 2.146592617034912109, 86400, 1, 30, 19986, 0, 0, 0, 0, 0, 46368), -- 20465 (Area: 3716 - Difficulty: 1) (Auras: 18943 - 18943, 18950 - 18950) (possible waypoints or random movement)
(@CGUID+106, 17729, 546, 3716, 3716, 3, 1, 1, 171.28228759765625, -402.4820556640625, 72.31524658203125, 5.916666030883789062, 86400, 0, 0, 13259, 2705, 0, 0, 0, 0, 46368), -- 17729 (Area: 3716 - Difficulty: 1)
(@CGUID+107, 17728, 546, 3716, 3716, 3, 1, 1, 172.6644439697265625, -407.37860107421875, 72.38916015625, 5.707226753234863281, 86400, 0, 0, 16574, 0, 0, 0, 0, 0, 46368), -- 17728 (Area: 3716 - Difficulty: 1)
(@CGUID+108, 17728, 546, 3716, 3716, 3, 1, 1, 177.1148223876953125, -412.503021240234375, 48.25968170166015625, 2.670353651046752929, 86400, 0, 0, 16028, 0, 0, 0, 0, 0, 46368), -- 17728 (Area: 3716 - Difficulty: 1)
(@CGUID+109, 17726, 546, 3716, 3716, 3, 1, 1, 187.09112548828125, -389.154388427734375, 48.10515213012695312, 3.805849075317382812, 86400, 0, 0, 16574, 0, 0, 0, 0, 0, 46368), -- 17726 (Area: 3716 - Difficulty: 1) (Auras: 378027 - 378027)
(@CGUID+110, 17735, 546, 3716, 3716, 3, 1, 1, 163.8997344970703125, -429.202056884765625, 72.44371795654296875, 0.069813169538974761, 86400, 0, 0, 16574, 0, 0, 0, 0, 0, 46368), -- 17735 (Area: 3716 - Difficulty: 1)
(@CGUID+111, 17726, 546, 3716, 3716, 3, 1, 1, 188.9405517578125, -391.516510009765625, 48.13330459594726562, 3.805850028991699218, 86400, 0, 0, 16574, 0, 0, 0, 0, 0, 46368), -- 17726 (Area: 3716 - Difficulty: 1) (Auras: 378027 - 378027)
(@CGUID+112, 17730, 546, 3716, 3716, 3, 1, 1, 181.5612030029296875, -410.974609375, 48.28504180908203125, 2.897246599197387695, 86400, 0, 0, 12824, 13100, 0, 0, 0, 0, 46368), -- 17730 (Area: 3716 - Difficulty: 1)
(@CGUID+113, 17728, 546, 3716, 3716, 3, 1, 1, 176.2656402587890625, -399.840728759765625, 72.35858917236328125, 0.122173048555850982, 86400, 0, 0, 16028, 0, 0, 0, 0, 0, 46368), -- 17728 (Area: 3716 - Difficulty: 1)
(@CGUID+114, 17771, 546, 3716, 3716, 3, 1, 1, 158.771575927734375, -429.575592041015625, 72.34808349609375, 0, 86400, 0, 0, 13259, 13525, 0, 0, 0, 0, 46368), -- 17771 (Area: 3716 - Difficulty: 1) (Auras: 34881 - 34881)
(@CGUID+115, 17735, 546, 3716, 3716, 3, 1, 1, 177.4338531494140625, -404.174163818359375, 72.4244232177734375, 6.161012172698974609, 86400, 0, 0, 16574, 0, 0, 0, 0, 0, 46368), -- 17735 (Area: 3716 - Difficulty: 1)
(@CGUID+116, 17771, 546, 3716, 3716, 3, 1, 1, 162.6187286376953125, -424.842315673828125, 72.40460968017578125, 0.890117883682250976, 86400, 0, 0, 13259, 13525, 0, 0, 0, 0, 46368), -- 17771 (Area: 3716 - Difficulty: 1)
(@CGUID+117, 17729, 546, 3716, 3716, 3, 1, 1, 161.478240966796875, -439.53814697265625, 48.20967864990234375, 2.042035102844238281, 86400, 0, 0, 13259, 2705, 0, 0, 0, 0, 46368), -- 17729 (Area: 3716 - Difficulty: 1)
(@CGUID+118, 17728, 546, 3716, 3716, 3, 1, 1, 166.5552520751953125, -438.526702880859375, 48.28256607055664062, 2.042035102844238281, 86400, 0, 0, 16574, 0, 0, 0, 0, 0, 46368), -- 17728 (Area: 3716 - Difficulty: 1)
(@CGUID+119, 17730, 546, 3716, 3716, 3, 1, 1, 158.190185546875, -444.1273193359375, 48.18988418579101562, 1.640609502792358398, 86400, 0, 0, 13259, 13525, 0, 0, 0, 0, 46368), -- 17730 (Area: 3716 - Difficulty: 1)
(@CGUID+120, 17771, 546, 3716, 3716, 3, 1, 1, 175.8058624267578125, -416.586517333984375, 48.26938629150390625, 2.914699792861938476, 86400, 0, 0, 13259, 13525, 0, 0, 0, 0, 46368), -- 17771 (Area: 3716 - Difficulty: 1) (Auras: 34881 - 34881)
(@CGUID+121, 17728, 546, 3716, 3716, 3, 1, 1, 163.5768585205078125, -435.300140380859375, 72.45843505859375, 5.98647928237915039, 86400, 0, 0, 16028, 0, 0, 0, 0, 0, 46368), -- 17728 (Area: 3716 - Difficulty: 1)
(@CGUID+122, 17735, 546, 3716, 3716, 3, 1, 1, 162.697021484375, -444.88360595703125, 48.26811981201171875, 2.356194496154785156, 86400, 0, 0, 16574, 0, 0, 0, 0, 0, 46368), -- 17735 (Area: 3716 - Difficulty: 1)
(@CGUID+123, 17726, 546, 3716, 3716, 3, 1, 1, 167.6121978759765625, -440.28509521484375, 72.4876556396484375, 4.47234201431274414, 86400, 0, 0, 16574, 0, 0, 0, 0, 0, 46368), -- 17726 (Area: 3716 - Difficulty: 1) (possible waypoints or random movement)
(@CGUID+124, 17726, 546, 3716, 3716, 3, 1, 1, 173.5342559814453125, -428.708770751953125, 72.52740478515625, 4.595024585723876953, 86400, 0, 0, 16574, 0, 0, 0, 0, 0, 46368), -- 17726 (Area: 3716 - Difficulty: 1) (possible waypoints or random movement)
(@CGUID+125, 17730, 546, 3716, 3716, 3, 1, 1, 197.16180419921875, -389.322021484375, 72.46490478515625, 5.096361160278320312, 86400, 0, 0, 13259, 13525, 0, 0, 0, 0, 46368), -- 17730 (Area: 3716 - Difficulty: 1)
(@CGUID+126, 20465, 546, 3716, 3716, 3, 1, 0, 188.0348052978515625, -449.30682373046875, 25.21600341796875, 1.467442512512207031, 86400, 1, 30, 19986, 0, 0, 0, 0, 0, 46368), -- 20465 (Area: 3716 - Difficulty: 1) (Auras: 18943 - 18943) (possible waypoints or random movement)
(@CGUID+127, 20465, 546, 3716, 3716, 3, 1, 0, 205.5007171630859375, -415.981842041015625, 36.70905685424804687, 6.276171684265136718, 86400, 0, 0, 19422, 0, 0, 0, 0, 0, 46368), -- 20465 (Area: 3716 - Difficulty: 1) (Auras: 18943 - 18943) (possible waypoints or random movement)
(@CGUID+128, 17771, 546, 3716, 3716, 3, 1, 1, 201.3455810546875, -384.036041259765625, 72.42652130126953125, 5.969026088714599609, 86400, 0, 0, 13259, 13525, 0, 0, 0, 0, 46368), -- 17771 (Area: 3716 - Difficulty: 1)
(@CGUID+129, 17728, 546, 3716, 3716, 3, 1, 1, 202.2552032470703125, -389.230804443359375, 72.51596832275390625, 5.8817596435546875, 86400, 0, 0, 16574, 0, 0, 0, 0, 0, 46368), -- 17728 (Area: 3716 - Difficulty: 1)
(@CGUID+130, 20465, 546, 3716, 3716, 3, 1, 0, 200.3338470458984375, -415.390350341796875, 3.48419046401977539, 2.249102592468261718, 86400, 1, 30, 19422, 0, 0, 0, 0, 0, 46368), -- 20465 (Area: 3716 - Difficulty: 1) (Auras: 18943 - 18943) (possible waypoints or random movement)
(@CGUID+131, 20465, 546, 3716, 3716, 3, 1, 0, 210.5478515625, -403.975433349609375, 36.70905685424804687, 2.464507102966308593, 86400, 1, 30, 19422, 0, 0, 0, 0, 0, 46368), -- 20465 (Area: 3716 - Difficulty: 1) (Auras: 18943 - 18943) (possible waypoints or random movement)
(@CGUID+132, 20465, 546, 3716, 3716, 3, 1, 0, 206.274749755859375, -406.3475341796875, 36.70905685424804687, 2.558438301086425781, 86400, 1, 30, 19986, 0, 0, 0, 0, 0, 46368), -- 20465 (Area: 3716 - Difficulty: 1) (Auras: 18943 - 18943) (possible waypoints or random movement)
(@CGUID+133, 20465, 546, 3716, 3716, 3, 1, 0, 206.6539459228515625, -416.1658935546875, 3.484221458435058593, 3.073889493942260742, 86400, 1, 30, 19422, 0, 0, 0, 0, 0, 46368), -- 20465 (Area: 3716 - Difficulty: 1) (Auras: 18943 - 18943, 18950 - 18950) (possible waypoints or random movement)
(@CGUID+134, 20465, 546, 3716, 3716, 3, 1, 0, 222.000091552734375, -451.183258056640625, 36.70905685424804687, 5.602814674377441406, 86400, 1, 30, 19422, 0, 0, 0, 0, 0, 46368), -- 20465 (Area: 3716 - Difficulty: 1) (Auras: 18943 - 18943, 18950 - 18950) (possible waypoints or random movement)
(@CGUID+135, 20465, 546, 3716, 3716, 3, 1, 0, 219.1394195556640625, -471.86553955078125, 39.29062652587890625, 3.294075727462768554, 86400, 1, 30, 19986, 0, 0, 0, 0, 0, 46368), -- 20465 (Area: 3716 - Difficulty: 1) (Auras: 18943 - 18943) (possible waypoints or random movement)
(@CGUID+136, 20465, 546, 3716, 3716, 3, 1, 0, 224.5630645751953125, -445.640960693359375, 3.48419046401977539, 4.673022270202636718, 86400, 1, 30, 19986, 0, 0, 0, 0, 0, 46368), -- 20465 (Area: 3716 - Difficulty: 1) (Auras: 18943 - 18943, 18950 - 18950) (possible waypoints or random movement)
(@CGUID+137, 20465, 546, 3716, 3716, 3, 1, 0, 232.2220916748046875, -446.9183349609375, 27.45262718200683593, 2.29490828514099121, 86400, 1, 30, 19422, 0, 0, 0, 0, 0, 46368), -- 20465 (Area: 3716 - Difficulty: 1) (Auras: 18943 - 18943) (possible waypoints or random movement)
(@CGUID+138, 17728, 546, 3716, 3716, 3, 1, 1, 234.2554931640625, -375.083709716796875, 48.17957305908203125, 0.382827937602996826, 86400, 0, 0, 16028, 0, 0, 0, 0, 0, 46368), -- 17728 (Area: 3716 - Difficulty: 1) (possible waypoints or random movement)
(@CGUID+139, 20465, 546, 3716, 3716, 3, 1, 0, 243.2129058837890625, -450.48797607421875, 25.91950225830078125, 2.01293039321899414, 86400, 1, 30, 19986, 0, 0, 0, 0, 0, 46368), -- 20465 (Area: 3716 - Difficulty: 1) (Auras: 18943 - 18943, 18950 - 18950) (possible waypoints or random movement)
(@CGUID+140, 17728, 546, 3716, 3716, 3, 1, 1, 235.1213836669921875, -375.077850341796875, 48.18343734741210937, 0.520730257034301757, 86400, 0, 0, 16028, 0, 0, 0, 0, 0, 46368), -- 17728 (Area: 3716 - Difficulty: 1) (possible waypoints or random movement)
(@CGUID+141, 15384, 546, 3716, 3716, 3, 1, 0, 241.8576202392578125, -450.603240966796875, 26.66724777221679687, 5.323254108428955078, 86400, 0, 0, 4120, 0, 0, 0, 0, 0, 46368), -- 15384 (Area: 3716 - Difficulty: 1)
(@CGUID+142, 17729, 546, 3716, 3716, 3, 1, 1, 236.7035064697265625, -374.183868408203125, 48.1797027587890625, 0.544209659099578857, 86400, 0, 0, 12824, 2620, 0, 0, 0, 0, 46368), -- 17729 (Area: 3716 - Difficulty: 1) (possible waypoints or random movement)
(@CGUID+143, 20465, 546, 3716, 3716, 3, 1, 0, 215.205352783203125, -472.555572509765625, 12.97070693969726562, 3.369901657104492187, 86400, 1, 30, 19422, 0, 0, 0, 0, 0, 46368), -- 20465 (Area: 3716 - Difficulty: 1) (Auras: 18943 - 18943, 18950 - 18950) (possible waypoints or random movement)
(@CGUID+144, 20465, 546, 3716, 3716, 3, 1, 0, 192.959320068359375, -493.83221435546875, 7.293950080871582031, 2.046899795532226562, 86400, 1, 30, 19986, 0, 0, 0, 0, 0, 46368), -- 20465 (Area: 3716 - Difficulty: 1) (Auras: 18943 - 18943, 18950 - 18950) (possible waypoints or random movement)
(@CGUID+145, 17735, 546, 3716, 3716, 3, 1, 1, 237.1281280517578125, -373.926910400390625, 48.17849349975585937, 0.436869919300079345, 86400, 0, 0, 16574, 0, 0, 0, 0, 0, 46368), -- 17735 (Area: 3716 - Difficulty: 1) (possible waypoints or random movement)
(@CGUID+146, 20465, 546, 3716, 3716, 3, 1, 0, 248.8191375732421875, -451.417755126953125, 32.92885589599609375, 2.075231552124023437, 86400, 1, 30, 19422, 0, 0, 0, 0, 0, 46368), -- 20465 (Area: 3716 - Difficulty: 1) (Auras: 18943 - 18943) (possible waypoints or random movement)
(@CGUID+147, 20465, 546, 3716, 3716, 3, 1, 0, 245.23980712890625, -455.87396240234375, 26.01443672180175781, 2.082765579223632812, 86400, 1, 30, 19422, 0, 0, 0, 0, 0, 46368), -- 20465 (Area: 3716 - Difficulty: 1) (Auras: 18943 - 18943) (possible waypoints or random movement)
(@CGUID+148, 20465, 546, 3716, 3716, 3, 1, 0, 256.71142578125, -418.380401611328125, 6.772376060485839843, 0.725669682025909423, 86400, 1, 30, 19422, 0, 0, 0, 0, 0, 46368), -- 20465 (Area: 3716 - Difficulty: 1) (Auras: 18943 - 18943, 18950 - 18950) (possible waypoints or random movement)
(@CGUID+149, 20465, 546, 3716, 3716, 3, 1, 0, 259.87579345703125, -382.396026611328125, 46.965911865234375, 2.623649120330810546, 86400, 1, 30, 19986, 0, 0, 0, 0, 0, 46368), -- 20465 (Area: 3716 - Difficulty: 1) (Auras: 18943 - 18943, 18950 - 18950) (possible waypoints or random movement)
(@CGUID+150, 20465, 546, 3716, 3716, 3, 1, 0, 248.1737518310546875, -383.282958984375, -7.77785205841064453, 0.516416192054748535, 86400, 1, 30, 19422, 0, 0, 0, 0, 0, 46368), -- 20465 (Area: 3716 - Difficulty: 1) (Auras: 18943 - 18943, 18950 - 18950) (possible waypoints or random movement)
(@CGUID+151, 17735, 546, 3716, 3716, 3, 1, 1, 256.61053466796875, -374.545318603515625, 72.26967620849609375, 5.438555717468261718, 86400, 0, 0, 16574, 0, 0, 0, 0, 0, 46368), -- 17735 (Area: 3716 - Difficulty: 1) (possible waypoints or random movement)
(@CGUID+152, 17728, 546, 3716, 3716, 3, 1, 1, 260.34735107421875, -382.584991455078125, 72.61395263671875, 4.049163818359375, 86400, 0, 0, 16574, 0, 0, 0, 0, 0, 46368), -- 17728 (Area: 3716 - Difficulty: 1)
(@CGUID+153, 20465, 546, 3716, 3716, 3, 1, 0, 244.310394287109375, -376.678985595703125, -7.77785205841064453, 5.905244827270507812, 86400, 1, 30, 19422, 0, 0, 0, 0, 0, 46368), -- 20465 (Area: 3716 - Difficulty: 1) (Auras: 18943 - 18943, 18950 - 18950) (possible waypoints or random movement)
(@CGUID+154, 17730, 546, 3716, 3716, 3, 1, 1, 259.4254150390625, -367.67547607421875, 72.38193511962890625, 1.221730470657348632, 86400, 0, 0, 13259, 13525, 0, 0, 0, 0, 46368), -- 17730 (Area: 3716 - Difficulty: 1)
(@CGUID+155, 17728, 546, 3716, 3716, 3, 1, 1, 271.075439453125, -372.563446044921875, 72.4000244140625, 0.296705961227416992, 86400, 0, 0, 16028, 0, 0, 0, 0, 0, 46368), -- 17728 (Area: 3716 - Difficulty: 1)
(@CGUID+156, 20465, 546, 3716, 3716, 3, 1, 0, 269.56207275390625, -433.395355224609375, 3.48419046401977539, 0.909695029258728027, 86400, 1, 30, 19422, 0, 0, 0, 0, 0, 46368), -- 20465 (Area: 3716 - Difficulty: 1) (Auras: 18943 - 18943, 18950 - 18950) (possible waypoints or random movement)
(@CGUID+157, 20465, 546, 3716, 3716, 3, 1, 0, 263.4403076171875, -461.397064208984375, 26.8479461669921875, 3.894020318984985351, 86400, 1, 30, 19986, 0, 0, 0, 0, 0, 46368), -- 20465 (Area: 3716 - Difficulty: 1) (Auras: 18943 - 18943) (possible waypoints or random movement)
(@CGUID+158, 20465, 546, 3716, 3716, 3, 1, 0, 286.187774658203125, -435.888916015625, 18.77155876159667968, 1.804906606674194335, 86400, 1, 30, 19422, 0, 0, 0, 0, 0, 46368), -- 20465 (Area: 3716 - Difficulty: 1) (Auras: 18943 - 18943) (possible waypoints or random movement)
(@CGUID+159, 20465, 546, 3716, 3716, 3, 1, 0, 289.38128662109375, -392.230224609375, -7.77785205841064453, 2.203841924667358398, 86400, 1, 30, 19422, 0, 0, 0, 0, 0, 46368), -- 20465 (Area: 3716 - Difficulty: 1) (Auras: 18943 - 18943, 18950 - 18950) (possible waypoints or random movement)
(@CGUID+160, 20465, 546, 3716, 3716, 3, 1, 0, 286.3817138671875, -437.422088623046875, 26.8479461669921875, 6.094943046569824218, 86400, 1, 30, 19986, 0, 0, 0, 0, 0, 46368), -- 20465 (Area: 3716 - Difficulty: 1) (Auras: 18943 - 18943, 18950 - 18950) (possible waypoints or random movement)
(@CGUID+161, 20465, 546, 3716, 3716, 3, 1, 0, 209.46270751953125, -316.348236083984375, -27.9162216186523437, 2.769514322280883789, 86400, 1, 30, 19986, 0, 0, 0, 0, 0, 46368), -- 20465 (Area: 3716 - Difficulty: 1) (Auras: 18943 - 18943, 18950 - 18950)
(@CGUID+162, 17731, 546, 3716, 3716, 3, 1, 0, 303.467803955078125, -322.620208740234375, 20.5474700927734375, 2.45958876609802246, 86400, 0, 0, 16574, 0, 0, 0, 0, 0, 46368), -- 17731 (Area: 3716 - Difficulty: 1) (possible waypoints or random movement)
(@CGUID+163, 17731, 546, 3716, 3716, 3, 1, 0, 303.467803955078125, -322.620208740234375, 20.5474700927734375, 2.45958876609802246, 86400, 0, 0, 16574, 0, 0, 0, 0, 0, 46368), -- 17731 (Area: 3716 - Difficulty: 1) (possible waypoints or random movement)
(@CGUID+164, 17731, 546, 3716, 3716, 3, 1, 0, 300.351470947265625, -315.182464599609375, 19.94297981262207031, 5.533769607543945312, 86400, 1, 8, 16574, 0, 0, 0, 0, 0, 46368), -- 17731 (Area: 3716 - Difficulty: 1) (possible waypoints or random movement)
(@CGUID+165, 17731, 546, 3716, 3716, 3, 1, 0, 308.298370361328125, -314.1112060546875, 18.85638427734375, 0.166780933737754821, 86400, 1, 8, 16574, 0, 0, 0, 0, 0, 46368), -- 17731 (Area: 3716 - Difficulty: 1) (possible waypoints or random movement)
(@CGUID+166, 20465, 546, 3716, 3716, 3, 1, 0, 248.0238037109375, -486.670745849609375, 34.93822097778320312, 3.272280693054199218, 86400, 1, 30, 19986, 0, 0, 0, 0, 0, 46368), -- 20465 (Area: 3716 - Difficulty: 1) (Auras: 18943 - 18943) (possible waypoints or random movement)
(@CGUID+167, 20465, 546, 3716, 3716, 3, 1, 0, 234.1428985595703125, -504.870361328125, 34.93822097778320312, 3.611603736877441406, 86400, 1, 30, 19986, 0, 0, 0, 0, 0, 46368), -- 20465 (Area: 3716 - Difficulty: 1) (Auras: 18943 - 18943) (possible waypoints or random movement)
(@CGUID+168, 20465, 546, 3716, 3716, 3, 1, 0, 224.6502227783203125, -489.96478271484375, 3.48419046401977539, 2.744190931320190429, 86400, 1, 30, 19422, 0, 0, 0, 0, 0, 46368), -- 20465 (Area: 3716 - Difficulty: 1) (Auras: 18943 - 18943, 18950 - 18950) (possible waypoints or random movement)
(@CGUID+169, 20465, 546, 3716, 3716, 3, 1, 0, 224.5731658935546875, -515.55462646484375, 5.7463531494140625, 3.112236261367797851, 86400, 1, 30, 19422, 0, 0, 0, 0, 0, 46368), -- 20465 (Area: 3716 - Difficulty: 1) (Auras: 18943 - 18943, 18950 - 18950) (possible waypoints or random movement)
(@CGUID+170, 20465, 546, 3716, 3716, 3, 1, 0, 248.310302734375, -497.979888916015625, 34.93822479248046875, 3.526723384857177734, 86400, 1, 30, 19422, 0, 0, 0, 0, 0, 46368), -- 20465 (Area: 3716 - Difficulty: 1) (Auras: 18943 - 18943, 18950 - 18950) (possible waypoints or random movement)
(@CGUID+171, 20465, 546, 3716, 3716, 3, 1, 0, 292.789520263671875, -466.64056396484375, 3.48419046401977539, 4.818709373474121093, 86400, 1, 30, 19422, 0, 0, 0, 0, 0, 46368), -- 20465 (Area: 3716 - Difficulty: 1) (Auras: 18943 - 18943, 18950 - 18950) (possible waypoints or random movement)
(@CGUID+172, 3300, 546, 3716, 3716, 3, 1, 0, 361.69378662109375, -451.887908935546875, 30.06296730041503906, 4.588304042816162109, 86400, 1, 8, 1, 0, 0, 0, 0, 0, 46368), -- 3300 (Area: 3716 - Difficulty: 1) (possible waypoints or random movement)
(@CGUID+173, 17731, 546, 3716, 3716, 3, 1, 0, 310.3460693359375, -320.663238525390625, 19.90793991088867187, 5.707941055297851562, 86400, 0, 0, 16574, 0, 0, 0, 0, 0, 46368), -- 17731 (Area: 3716 - Difficulty: 1)
(@CGUID+174, 16030, 546, 3716, 3716, 3, 1, 0, 307.504730224609375, -306.9287109375, 18.90543174743652343, 1.589548826217651367, 86400, 1, 9, 8, 0, 0, 0, 0, 0, 46368), -- 16030 (Area: 3716 - Difficulty: 1) (possible waypoints or random movement)
(@CGUID+175, 17731, 546, 3716, 3716, 3, 1, 0, 297.064788818359375, -297.573089599609375, 20.72171401977539062, 2.99703836441040039, 86400, 1, 8, 16574, 0, 0, 0, 0, 0, 46368), -- 17731 (Area: 3716 - Difficulty: 1)
(@CGUID+176, 17732, 546, 3716, 3716, 3, 1, 0, 275.003387451171875, -292.1968994140625, 21.16566848754882812, 2.482410907745361328, 86400, 0, 0, 16028, 0, 0, 0, 0, 0, 46368), -- 17732 (Area: 3716 - Difficulty: 1) (possible waypoints or random movement)
(@CGUID+177, 19632, 546, 3716, 3716, 3, 1, 0, 278.678192138671875, -287.45391845703125, 22.65006065368652343, 2.482411623001098632, 86400, 0, 0, 16574, 0, 0, 0, 0, 0, 46368), -- 19632 (Area: 3716 - Difficulty: 1) (possible waypoints or random movement)
(@CGUID+178, 17885, 546, 3716, 3716, 3, 1, 0, 296.697418212890625, -362.373046875, 50.1506195068359375, 5.567600250244140625, 86400, 0, 0, 4572, 2705, 0, 0, 0, 0, 46368), -- 17885 (Area: 3716 - Difficulty: 1) (Auras: 31526 - 31526)
(@CGUID+179, 17732, 546, 3716, 3716, 3, 1, 0, 276.840789794921875, -289.825408935546875, 21.84542465209960937, 2.482409477233886718, 86400, 0, 0, 16028, 0, 0, 0, 0, 0, 46368), -- 17732 (Area: 3716 - Difficulty: 1) (possible waypoints or random movement)
(@CGUID+180, 17731, 546, 3716, 3716, 3, 1, 0, 269.434051513671875, -271.4952392578125, 25.82761192321777343, 2.013846158981323242, 86400, 1, 8, 16574, 0, 0, 0, 0, 0, 46368), -- 17731 (Area: 3716 - Difficulty: 1) (possible waypoints or random movement)
(@CGUID+181, 16030, 546, 3716, 3716, 3, 1, 0, 265.589599609375, -257.714263916015625, 26.0072174072265625, 3.904292583465576171, 86400, 1, 9, 8, 0, 0, 0, 0, 0, 46368), -- 16030 (Area: 3716 - Difficulty: 1) (possible waypoints or random movement)
(@CGUID+182, 17731, 546, 3716, 3716, 3, 1, 0, 261.269378662109375, -266.996307373046875, 24.53288078308105468, 1.782908082008361816, 86400, 1, 8, 16574, 0, 0, 0, 0, 0, 46368), -- 17731 (Area: 3716 - Difficulty: 1) (possible waypoints or random movement)
(@CGUID+183, 17731, 546, 3716, 3716, 3, 1, 0, 267.347259521484375, -259.0350341796875, 26.24045562744140625, 4.32236480712890625, 86400, 0, 0, 16574, 1, 8, 0, 0, 0, 46368), -- 17731 (Area: 3716 - Difficulty: 1)
(@CGUID+184, 17731, 546, 3716, 3716, 3, 1, 0, 273.348663330078125, -222.741073608398437, 29.430328369140625, 2.017953872680664062, 86400, 1, 6, 16574, 0, 0, 0, 0, 0, 46368), -- 17731 (Area: 3716 - Difficulty: 1)
(@CGUID+185, 16030, 546, 3716, 3716, 3, 1, 0, 262.991729736328125, -230.167022705078125, 27.49382400512695312, 3.45156407356262207, 86400, 1, 9, 8, 0, 0, 0, 0, 0, 46368), -- 16030 (Area: 3716 - Difficulty: 1)
(@CGUID+186, 17732, 546, 3716, 3716, 3, 1, 0, 266.96685791015625, -218.227981567382812, 28.86172866821289062, 5.894797325134277343, 86400, 0, 0, 16028, 0, 0, 0, 0, 0, 46368), -- 17732 (Area: 3716 - Difficulty: 1)
(@CGUID+187, 17731, 546, 3716, 3716, 3, 1, 0, 271.235595703125, -210.660186767578125, 29.03068351745605468, 0.156309396028518676, 86400, 1, 4, 16574, 0, 0, 0, 0, 0, 46368), -- 17731 (Area: 3716 - Difficulty: 1)
(@CGUID+188, 17732, 546, 3716, 3716, 3, 1, 0, 266.515289306640625, -207.49920654296875, 28.72848892211914062, 4.804712295532226562, 86400, 0, 0, 16028, 0, 0, 0, 0, 0, 46368), -- 17732 (Area: 3716 - Difficulty: 1) (possible waypoints or random movement)
(@CGUID+189, 16030, 546, 3716, 3716, 3, 1, 0, 270.178741455078125, -201.12567138671875, 28.96302413940429687, 3.366828680038452148, 86400, 1, 9, 8, 0, 0, 0, 0, 0, 46368), -- 16030 (Area: 3716 - Difficulty: 1)
(@CGUID+190, 17732, 546, 3716, 3716, 3, 1, 0, 262.749908447265625, -210.218246459960937, 28.48742866516113281, 4.804712772369384765, 86400, 0, 0, 16028, 0, 0, 0, 0, 0, 46368), -- 17732 (Area: 3716 - Difficulty: 1) (possible waypoints or random movement)
(@CGUID+191, 19632, 546, 3716, 3716, 3, 1, 0, 270.702239990234375, -209.333526611328125, 28.99435997009277343, 4.804712772369384765, 86400, 0, 0, 16574, 0, 0, 0, 0, 0, 46368), -- 19632 (Area: 3716 - Difficulty: 1) (possible waypoints or random movement)
(@CGUID+192, 17731, 546, 3716, 3716, 3, 1, 0, 276.651947021484375, -188.849929809570312, 28.7522735595703125, 3.996803998947143554, 86400, 0, 0, 16574, 0, 0, 0, 0, 0, 46368), -- 17731 (Area: 3716 - Difficulty: 1)
(@CGUID+193, 17731, 546, 3716, 3716, 3, 1, 0, 272.976715087890625, -184.734725952148437, 28.97068977355957031, 3.647738218307495117, 86400, 0, 0, 16574, 0, 0, 0, 0, 0, 46368), -- 17731 (Area: 3716 - Difficulty: 1)
(@CGUID+194, 17732, 546, 3716, 3716, 3, 1, 0, 253.9568634033203125, -183.705596923828125, 28.1859588623046875, 4.081171989440917968, 86400, 0, 0, 16028, 0, 0, 0, 0, 0, 46368), -- 17732 (Area: 3716 - Difficulty: 1)
(@CGUID+195, 17731, 546, 3716, 3716, 3, 1, 0, 245.215911865234375, -182.948806762695312, 26.83671379089355468, 1.8245391845703125, 86400, 1, 4, 16574, 0, 0, 0, 0, 0, 46368), -- 17731 (Area: 3716 - Difficulty: 1) (possible waypoints or random movement)
(@CGUID+196, 16030, 546, 3716, 3716, 3, 1, 0, 247.648162841796875, -172.632354736328125, 27.69061470031738281, 4.107637405395507812, 86400, 1, 9, 8, 0, 0, 0, 0, 0, 46368), -- 16030 (Area: 3716 - Difficulty: 1) (possible waypoints or random movement)
(@CGUID+197, 17731, 546, 3716, 3716, 3, 1, 0, 249.083282470703125, -171.4796142578125, 27.97526931762695312, 1.225289702415466308, 86400, 1, 5, 16574, 0, 0, 0, 0, 0, 46368), -- 17731 (Area: 3716 - Difficulty: 1) (possible waypoints or random movement)
(@CGUID+198, 17734, 546, 3716, 3716, 3, 1, 0, 217.05517578125, -131.514968872070312, 26.75313758850097656, 0.087230674922466278, 86400, 0, 0, 45720, 0, 0, 0, 0, 0, 46368), -- 17734 (Area: 3716 - Difficulty: 1) (possible waypoints or random movement)
(@CGUID+199, 17827, 546, 3716, 3716, 3, 1, 0, 289.255279541015625, -129.70013427734375, 29.82100868225097656, 2.49582076072692871, 86400, 0, 0, 53226, 0, 0, 0, 0, 0, 46368), -- 17827 (Area: 3716 - Difficulty: 1)
(@CGUID+200, 17826, 546, 3716, 3716, 3, 1, 0, 288.582305908203125, -121.830909729003906, 29.7032928466796875, 6.078789710998535156, 86400, 0, 0, 53224, 55800, 0, 0, 0, 0, 46368), -- 17826 (Area: 3716 - Difficulty: 1)
(@CGUID+201, 17731, 546, 3716, 3716, 3, 1, 0, 220.4241943359375, -33.270416259765625, 27.645843505859375, 5.829399585723876953, 86400, 0, 0, 16574, 0, 0, 0, 0, 0, 46368), -- 17731 (Area: 3716 - Difficulty: 1) (Auras: 31261 - 31261)
(@CGUID+202, 17992, 546, 3716, 3716, 3, 1, 0, 154.5646820068359375, -120.868896484375, 93.1546630859375, 4.363323211669921875, 86400, 0, 0, 42, 0, 0, 0, 0, 0, 46368), -- 17992 (Area: 3716 - Difficulty: 1)
(@CGUID+203, 17992, 546, 3716, 3716, 3, 1, 0, 166.4525909423828125, -66.9316329956054687, 79.718658447265625, 0.226892799139022827, 86400, 0, 0, 42, 0, 0, 0, 0, 0, 46368), -- 17992 (Area: 3716 - Difficulty: 1)
(@CGUID+204, 17992, 546, 3716, 3716, 3, 1, 0, 188.73443603515625, -50.3364753723144531, 78.2408447265625, 2.0245819091796875, 86400, 0, 0, 42, 0, 0, 0, 0, 0, 46368), -- 17992 (Area: 3716 - Difficulty: 1)
(@CGUID+205, 17992, 546, 3716, 3716, 3, 1, 0, 209.5252227783203125, -35.4010810852050781, 67.54168701171875, 1.2042771577835083, 86400, 0, 0, 42, 0, 0, 0, 0, 0, 46368), -- 17992 (Area: 3716 - Difficulty: 1)
(@CGUID+206, 17992, 546, 3716, 3716, 3, 1, 0, 125.8939895629882812, -161.724563598632812, 74.32575225830078125, 1.256637096405029296, 86400, 0, 0, 42, 0, 0, 0, 0, 0, 46368), -- 17992 (Area: 3716 - Difficulty: 1)
(@CGUID+207, 17731, 546, 3716, 3716, 3, 1, 0, 178.977569580078125, 0.429706990718841552, 26.87487983703613281, 4.904375076293945312, 86400, 0, 0, 16574, 0, 0, 0, 0, 0, 46368), -- 17731 (Area: 3716 - Difficulty: 1) (Auras: 31261 - 31261)
(@CGUID+208, 17731, 546, 3716, 3716, 3, 1, 0, 203.28253173828125, -7.22170209884643554, 27.64584541320800781, 4.468042850494384765, 86400, 0, 0, 16574, 0, 0, 0, 0, 0, 46368), -- 17731 (Area: 3716 - Difficulty: 1) (Auras: 31261 - 31261)
(@CGUID+209, 17992, 546, 3716, 3716, 3, 1, 0, 141.1752166748046875, -3.96877694129943847, 51.25695419311523437, 6.2657318115234375, 86400, 0, 0, 42, 0, 0, 0, 0, 0, 46368), -- 17992 (Area: 3716 - Difficulty: 1)
(@CGUID+210, 17992, 546, 3716, 3716, 3, 1, 0, 220.7916107177734375, -8.57830715179443359, 56.90279006958007812, 5.864306449890136718, 86400, 0, 0, 42, 0, 0, 0, 0, 0, 46368), -- 17992 (Area: 3716 - Difficulty: 1)
(@CGUID+211, 3300, 546, 3716, 3716, 3, 1, 0, 185.8894195556640625, 15.59898090362548828, 27.24151039123535156, 0.32178431749343872, 86400, 1, 8, 1, 0, 0, 0, 0, 0, 46368), -- 3300 (Area: 3716 - Difficulty: 1) (possible waypoints or random movement)
(@CGUID+212, 17992, 546, 3716, 3716, 3, 1, 0, 172.5348358154296875, 11.44622135162353515, 46.7777862548828125, 1.588249564170837402, 86400, 0, 0, 42, 0, 0, 0, 0, 0, 46368), -- 17992 (Area: 3716 - Difficulty: 1)
(@CGUID+213, 17731, 546, 3716, 3716, 3, 1, 0, 159.397491455078125, 28.01762580871582031, 27.06750106811523437, 1.902408838272094726, 86400, 0, 0, 16574, 0, 0, 0, 0, 0, 46368), -- 17731 (Area: 3716 - Difficulty: 1) (Auras: 31261 - 31261)
(@CGUID+214, 17731, 546, 3716, 3716, 3, 1, 0, 200.322113037109375, 31.8409423828125, 27.645843505859375, 0.92502450942993164, 86400, 0, 0, 16574, 0, 0, 0, 0, 0, 46368), -- 17731 (Area: 3716 - Difficulty: 1) (Auras: 31261 - 31261)
(@CGUID+215, 17731, 546, 3716, 3716, 3, 1, 0, 209.040435791015625, 28.11860466003417968, 27.645843505859375, 2.373647689819335937, 86400, 0, 0, 16574, 0, 0, 0, 0, 0, 46368), -- 17731 (Area: 3716 - Difficulty: 1) (Auras: 31261 - 31261)
(@CGUID+216, 17731, 546, 3716, 3716, 3, 1, 0, 200.22930908203125, 37.38312530517578125, 27.645843505859375, 4.502949237823486328, 86400, 0, 0, 16574, 0, 0, 0, 0, 0, 46368), -- 17731 (Area: 3716 - Difficulty: 1) (Auras: 31261 - 31261)
(@CGUID+217, 17992, 546, 3716, 3716, 3, 1, 0, 146.314971923828125, 34.87497711181640625, 50.6389007568359375, 2.146754980087280273, 86400, 0, 0, 42, 0, 0, 0, 0, 0, 46368), -- 17992 (Area: 3716 - Difficulty: 1)
(@CGUID+218, 17731, 546, 3716, 3716, 3, 1, 0, 138.002899169921875, 39.86864852905273437, 25.25139045715332031, 3.874630928039550781, 86400, 0, 0, 16574, 0, 0, 0, 0, 0, 46368); -- 17731 (Area: 3716 - Difficulty: 1) (Auras: 31261 - 31261)

-- Spawn auras for dead creatures and Emotes
DELETE FROM `creature_addon` WHERE `guid` IN (@CGUID+218, @CGUID+216, @CGUID+215, @CGUID+214, @CGUID+213, @CGUID+208, @CGUID+207, @CGUID+201, @CGUID+22 , @CGUID+20 , @CGUID+19, @CGUID+152, @CGUID+155, @CGUID+154);
INSERT INTO `creature_addon` (`guid`, `path_id`, `mount`, `bytes1`, `bytes2`, `emote`, `visibilityDistanceType`, `auras`) VALUES
(@CGUID+218, 0, 0, 0, 0, 0, 0, '31261'),
(@CGUID+216, 0, 0, 0, 0, 0, 0, '31261'),
(@CGUID+215, 0, 0, 0, 0, 0, 0, '31261'),
(@CGUID+214, 0, 0, 0, 0, 0, 0, '31261'),
(@CGUID+213, 0, 0, 0, 0, 0, 0, '31261'),
(@CGUID+208, 0, 0, 0, 0, 0, 0, '31261'),
(@CGUID+207, 0, 0, 0, 0, 0, 0, '31261'),
(@CGUID+201, 0, 0, 0, 0, 0, 0, '31261'),
(@CGUID+22 , 0, 0, 0, 0, 0, 0, '31261'),
(@CGUID+20 , 0, 0, 0, 0, 0, 0, '31261'),
(@CGUID+19 , 0, 0, 0, 0, 0, 0, '31261'),
(@CGUID+152, 0, 0, 0, 1, 234, 0, ''),
(@CGUID+155, 0, 0, 0, 1, 234, 0, ''),
(@CGUID+154, 0, 0, 8, 0, 0, 0, '');

-- Auras and bytes2
DELETE FROM `creature_template_addon` WHERE `entry` IN (20465, 17726, 17727, 17728, 17735, 17771, 17729, 17730);
INSERT INTO `creature_template_addon` (`entry`, `path_id`, `mount`, `bytes1`, `bytes2`, `emote`, `visibilityDistanceType`, `auras`) VALUES
(20465, 0, 0, 0, 0, 0, 0, '18943 18950'), -- Underbog Frenzy
-- (17726, 0, 0, 0, 1, 0, 0, '32636'), // Wrathfin Myrmidon Overrun (aura 378027 in Classic) - Unconfirmed
(17726, 0, 0, 0, 1, 0, 0, ''),
(17727, 0, 0, 0, 1, 0, 0, '18950'), -- Wrathfin Sentry Stealth Detection aura
(17728, 0, 0, 0, 1, 0, 0, ''),
(17735, 0, 0, 0, 1, 0, 0, ''),
(17771, 0, 0, 0, 1, 0, 0, ''),
(17729, 0, 0, 0, 2, 0, 0, ''),
(17730, 0, 0, 0, 1, 0, 0, '');

-- Underbog Frenzy set RUN
DELETE FROM `smart_scripts` WHERE (`entryorguid` = 20465) AND (`source_type` = 0) AND (`id` = 1);
INSERT INTO `smart_scripts` (`entryorguid`, `source_type`, `id`, `link`, `event_type`, `event_phase_mask`, `event_chance`, `event_flags`, `event_param1`, `event_param2`, `event_param3`, `event_param4`, `event_param5`, `action_type`, `action_param1`, `action_param2`, `action_param3`, `action_param4`, `action_param5`, `action_param6`, `target_type`, `target_param1`, `target_param2`, `target_param3`, `target_param4`, `target_x`, `target_y`, `target_z`, `target_o`, `comment`) VALUES
(20465, 0, 1, 0, 25, 0, 100, 0, 0, 0, 0, 0, 0, 59, 1, 0, 0, 0, 0, 0, 1, 0, 0, 0, 0, 0, 0, 0, 0, 'Underbog Frenzy - On Reset - Set Run On');

-- Ghaz'an Thrash
UPDATE `creature_template_addon` SET `auras` = '8876' WHERE (`entry` = 18105);

SET @NPC := @CGUID+36;
SET @PATH := @NPC * 10;
UPDATE `creature` SET `wander_distance`=0,`MovementType`=2 WHERE `guid`=@NPC;
DELETE FROM `creature_addon` WHERE `guid`=@NPC;
INSERT INTO `creature_addon` (`guid`,`path_id`,`mount`,`bytes1`,`bytes2`,`emote`,`visibilityDistanceType`,`auras`) VALUES (@NPC,@PATH,0,0,1,0,0, '');
DELETE FROM `waypoint_data` WHERE `id`=@PATH;
INSERT INTO `waypoint_data` (`id`,`point`,`position_x`,`position_y`,`position_z`,`orientation`,`delay`,`move_type`,`action`,`action_chance`,`wpguid`) VALUES
(@PATH,1,53.335827,-171.19751,-3.3044033,NULL,0,1,0,100,0),
(@PATH,2,35.609703,-185.99393,-4.075933,NULL,0,1,0,100,0),
(@PATH,3,17.48416,-192.44588,-4.426555,NULL,0,1,0,100,0),
(@PATH,4,2.884122,-185.09702,-4.5339727,NULL,0,1,0,100,0),
(@PATH,5,-11.849671,-150.05165,-4.5338936,NULL,0,1,0,100,0),
(@PATH,6,-17.999254,-117.81227,-4.533901,NULL,0,1,0,100,0),
(@PATH,7,-11.849671,-150.05165,-4.5338936,NULL,0,1,0,100,0),
(@PATH,8,2.884122,-185.09702,-4.5339727,NULL,0,1,0,100,0),
(@PATH,9,17.48416,-192.44588,-4.426555,NULL,0,1,0,100,0),
(@PATH,10,35.609703,-185.99393,-4.075933,NULL,0,1,0,100,0);

SET @NPC := @CGUID+68;
SET @PATH := @NPC * 10;
UPDATE `creature` SET `wander_distance`=0,`MovementType`=2 WHERE `guid`=@NPC;
DELETE FROM `creature_addon` WHERE `guid`=@NPC;
INSERT INTO `creature_addon` (`guid`,`path_id`,`mount`,`bytes1`,`bytes2`,`emote`,`visibilityDistanceType`,`auras`) VALUES (@NPC,@PATH,0,0,1,0,0, '');
DELETE FROM `waypoint_data` WHERE `id`=@PATH;
INSERT INTO `waypoint_data` (`id`,`point`,`position_x`,`position_y`,`position_z`,`orientation`,`delay`,`move_type`,`action`,`action_chance`,`wpguid`) VALUES
(@PATH,1,-68.25427,-270.9585,-3.5277247,NULL,0,1,0,100,0),
(@PATH,2,-89.69933,-286.32974,0.33470756,NULL,0,1,0,100,0),
(@PATH,3,-102.27272,-287.3214,1.9546214,NULL,0,1,0,100,0),
(@PATH,4,-122.67276,-282.79837,6.121863,NULL,0,1,0,100,0),
(@PATH,5,-116.92185,-267.95047,12.211213,NULL,0,1,0,100,0),
(@PATH,6,-102.27272,-287.3214,1.9546214,NULL,0,1,0,100,0),
(@PATH,7,-89.69933,-286.32974,0.33470756,NULL,0,1,0,100,0);

SET @NPC := @CGUID+73;
SET @PATH := @NPC * 10;
UPDATE `creature` SET `wander_distance`=0,`MovementType`=2 WHERE `guid`=@NPC;
DELETE FROM `creature_addon` WHERE `guid`=@NPC;
INSERT INTO `creature_addon` (`guid`,`path_id`,`mount`,`bytes1`,`bytes2`,`emote`,`visibilityDistanceType`,`auras`) VALUES (@NPC,@PATH,0,0,1,0,0, '');
DELETE FROM `waypoint_data` WHERE `id`=@PATH;
INSERT INTO `waypoint_data` (`id`,`point`,`position_x`,`position_y`,`position_z`,`orientation`,`delay`,`move_type`,`action`,`action_chance`,`wpguid`) VALUES
(@PATH,1,-11.016423,-392.69186,27.875362,NULL,0,1,0,100,0),
(@PATH,2,-19.358988,-359.81122,29.860739,NULL,0,1,0,100,0),
(@PATH,3,6.839859,-341.62842,29.919239,NULL,0,1,0,100,0),
(@PATH,4,5.573694,-326.43835,30.714275,NULL,0,1,0,100,0),
(@PATH,5,-4.692727,-317.54462,30.681536,NULL,0,1,0,100,0),
(@PATH,6,-20.202679,-316.25156,30.487944,NULL,0,1,0,100,0),
(@PATH,7,-31.772617,-320.19315,30.774057,NULL,0,1,0,100,0),
(@PATH,8,-39.692852,-330.91632,31.325401,NULL,0,1,0,100,0),
(@PATH,9,-40.69899,-345.8572,31.799494,NULL,0,1,0,100,0),
(@PATH,10,-35.312122,-360.4018,31.430618,NULL,0,1,0,100,0),
(@PATH,11,-27.32051,-380.549,32.004524,NULL,0,1,0,100,0),
(@PATH,12,-9.648621,-377.5021,28.132086,NULL,0,1,0,100,0),
(@PATH,13,-5.809507,-359.78894,28.126282,NULL,0,1,0,100,0),
(@PATH,14,12.883931,-352.98172,27.426939,NULL,0,1,0,100,0),
(@PATH,15,26.5498,-365.97595,27.250103,NULL,0,1,0,100,0),
(@PATH,16,25.296139,-387.69263,27.568605,NULL,0,1,0,100,0),
(@PATH,17,13.072289,-403.4628,27.36914,NULL,0,1,0,100,0);

SET @NPC := @CGUID+79;
SET @PATH := @NPC * 10;
UPDATE `creature` SET `wander_distance`=0,`MovementType`=2 WHERE `guid`=@NPC;
DELETE FROM `creature_addon` WHERE `guid`=@NPC;
INSERT INTO `creature_addon` (`guid`,`path_id`,`mount`,`bytes1`,`bytes2`,`emote`,`visibilityDistanceType`,`auras`) VALUES (@NPC,@PATH,0,0,1,0,0, '');
DELETE FROM `waypoint_data` WHERE `id`=@PATH;
INSERT INTO `waypoint_data` (`id`,`point`,`position_x`,`position_y`,`position_z`,`orientation`,`delay`,`move_type`,`action`,`action_chance`,`wpguid`) VALUES
(@PATH,1,-151.45857,-286.00116,-5.0252166,NULL,0,0,0,100,0),
(@PATH,2,-147.45305,-265.93652,-4.460753,NULL,0,0,0,100,0),
(@PATH,3,-143.02681,-227.64442,-3.8760147,NULL,0,0,0,100,0),
(@PATH,4,-129.15343,-215.66437,-3.8939986,NULL,0,0,0,100,0),
(@PATH,5,-143.02681,-227.64442,-3.8760147,NULL,0,0,0,100,0),
(@PATH,6,-147.45305,-265.93652,-4.460753,NULL,0,0,0,100,0);

SET @NPC := @CGUID+9;
SET @PATH := @NPC * 10;
UPDATE `creature` SET `wander_distance`=0,`MovementType`=2 WHERE `guid`=@NPC;
DELETE FROM `creature_addon` WHERE `guid`=@NPC;
INSERT INTO `creature_addon` (`guid`,`path_id`,`mount`,`bytes1`,`bytes2`,`emote`,`visibilityDistanceType`,`auras`) VALUES (@NPC,@PATH,0,0,1,0,0, '');
DELETE FROM `waypoint_data` WHERE `id`=@PATH;
INSERT INTO `waypoint_data` (`id`,`point`,`position_x`,`position_y`,`position_z`,`orientation`,`delay`,`move_type`,`action`,`action_chance`,`wpguid`) VALUES
(@PATH,1,70.82785,-65.18546,-2.7509038,NULL,0,1,0,100,0),
(@PATH,2,60.469746,-48.50313,-2.752787,NULL,1500,1,0,100,0),
(@PATH,3,66.39136,-88.559586,-2.7552373,NULL,0,1,0,100,0),
(@PATH,4,53.99983,-103.86216,-2.7446675,NULL,1500,1,0,100,0);

SET @NPC := @CGUID+45;
SET @PATH := @NPC * 10;
UPDATE `creature` SET `wander_distance`=0,`MovementType`=2 WHERE `guid`=@NPC;
DELETE FROM `creature_addon` WHERE `guid`=@NPC;
INSERT INTO `creature_addon` (`guid`,`path_id`,`mount`,`bytes1`,`bytes2`,`emote`,`visibilityDistanceType`,`auras`) VALUES (@NPC,@PATH,0,0,1,0,0, '');
DELETE FROM `waypoint_data` WHERE `id`=@PATH;
INSERT INTO `waypoint_data` (`id`,`point`,`position_x`,`position_y`,`position_z`,`orientation`,`delay`,`move_type`,`action`,`action_chance`,`wpguid`) VALUES
(@PATH,1,27.692041,-196.18343,-4.3031116,NULL,0,1,0,100,0),
(@PATH,2,34.727264,-231.44217,-4.483186,NULL,0,1,0,100,0),
(@PATH,3,52.006886,-241.20773,-4.4712386,NULL,0,1,0,100,0),
(@PATH,4,27.648382,-215.196,-4.533221,NULL,0,1,0,100,0);

SET @NPC := @CGUID+38;
SET @PATH := @NPC * 10;
UPDATE `creature` SET `wander_distance`=0,`MovementType`=2 WHERE `guid`=@NPC;
DELETE FROM `creature_addon` WHERE `guid`=@NPC;
INSERT INTO `creature_addon` (`guid`,`path_id`,`mount`,`bytes1`,`bytes2`,`emote`,`visibilityDistanceType`,`auras`) VALUES (@NPC,@PATH,0,0,1,0,0, '');
DELETE FROM `waypoint_data` WHERE `id`=@PATH;
INSERT INTO `waypoint_data` (`id`,`point`,`position_x`,`position_y`,`position_z`,`orientation`,`delay`,`move_type`,`action`,`action_chance`,`wpguid`) VALUES
(@PATH,1,-25.224016,-210.4845,-4.5353093,NULL,0,1,0,100,0),
(@PATH,2,-8.694112,-208.17241,-4.5345955,NULL,0,1,0,100,0),
(@PATH,3,-9.591006,-198.76746,-4.5344644,NULL,0,1,0,100,0),
(@PATH,4,-23.865183,-196.50008,-4.5347757,NULL,0,1,0,100,0),
(@PATH,5,-25.224016,-210.4845,-4.5353093,NULL,0,1,0,100,0),
(@PATH,6,-8.694112,-208.17241,-4.5345955,NULL,0,1,0,100,0),
(@PATH,7,-9.591006,-198.76746,-4.5344644,NULL,0,1,0,100,0),
(@PATH,8,-23.865183,-196.50008,-4.5347757,NULL,0,1,0,100,0),
(@PATH,9,-25.224016,-210.4845,-4.5353093,NULL,0,1,0,100,0),
(@PATH,10,-8.694112,-208.17241,-4.5345955,NULL,0,1,0,100,0),
(@PATH,11,-9.591006,-198.76746,-4.5344644,NULL,0,1,0,100,0),
(@PATH,12,-23.865183,-196.50008,-4.5347757,NULL,0,1,0,100,0),
(@PATH,13,-25.224016,-210.4845,-4.5353093,NULL,0,1,0,100,0),
(@PATH,14,-16.935085,-214.41397,-4.5351872,NULL,0,1,0,100,0),
(@PATH,15,-9.591006,-198.76746,-4.5344644,NULL,0,1,0,100,0),
(@PATH,16,-16.808744,-194.3225,-4.534508,NULL,0,1,0,100,0),
(@PATH,17,-27.644753,-202.51695,-4.5350857,NULL,0,1,0,100,0),
(@PATH,18,-16.935085,-214.41397,-4.5351872,NULL,0,1,0,100,0),
(@PATH,19,-9.591006,-198.76746,-4.5344644,NULL,0,1,0,100,0),
(@PATH,20,-16.808744,-194.3225,-4.534508,NULL,0,1,0,100,0),
(@PATH,21,-27.644753,-202.51695,-4.5350857,NULL,0,1,0,100,0),
(@PATH,22,-16.935085,-214.41397,-4.5351872,NULL,0,1,0,100,0),
(@PATH,23,-8.694112,-208.17241,-4.5345955,NULL,0,1,0,100,0),
(@PATH,24,-16.808744,-194.3225,-4.534508,NULL,0,1,0,100,0),
(@PATH,25,-27.644753,-202.51695,-4.5350857,NULL,0,1,0,100,0);

SET @NPC := @CGUID+10;
SET @PATH := @NPC * 10;
UPDATE `creature` SET `wander_distance`=0,`MovementType`=2 WHERE `guid`=@NPC;
DELETE FROM `creature_addon` WHERE `guid`=@NPC;
INSERT INTO `creature_addon` (`guid`,`path_id`,`mount`,`bytes1`,`bytes2`,`emote`,`visibilityDistanceType`,`auras`) VALUES (@NPC,@PATH,0,0,1,0,0, '');
DELETE FROM `waypoint_data` WHERE `id`=@PATH;
INSERT INTO `waypoint_data` (`id`,`point`,`position_x`,`position_y`,`position_z`,`orientation`,`delay`,`move_type`,`action`,`action_chance`,`wpguid`) VALUES
(@PATH,1,51.442417,-44.740856,-2.7446182,NULL,1500,1,0,100,0),
(@PATH,2,64.93866,-57.066772,-2.7489753,NULL,1500,1,0,100,0);

SET @NPC := @CGUID+47;
SET @PATH := @NPC * 10;
UPDATE `creature` SET `wander_distance`=0,`MovementType`=2,`position_x`=-17.989143,`position_y`=-229.64557,`position_z`=-4.53509 WHERE `guid`=@NPC;
DELETE FROM `creature_addon` WHERE `guid`=@NPC;
INSERT INTO `creature_addon` (`guid`,`path_id`,`mount`,`bytes1`,`bytes2`,`emote`,`visibilityDistanceType`,`auras`) VALUES (@NPC,@PATH,0,0,1,0,0, '');
DELETE FROM `waypoint_data` WHERE `id`=@PATH;
INSERT INTO `waypoint_data` (`id`,`point`,`position_x`,`position_y`,`position_z`,`orientation`,`delay`,`move_type`,`action`,`action_chance`,`wpguid`) VALUES
(@PATH,1,-17.989143,-229.64557,-4.53509,NULL,0,1,0,100,0),
(@PATH,2,-20.986021,-245.65443,-4.5351024,NULL,0,1,0,100,0),
(@PATH,3,-5.987698,-240.33052,-4.5342875,NULL,0,1,0,100,0),
(@PATH,4,-20.986021,-245.65443,-4.5351024,NULL,0,1,0,100,0),
(@PATH,5,-12.229747,-247.23727,-4.5345397,NULL,0,1,0,100,0),
(@PATH,6,-9.433245,-231.52043,-4.5344515,NULL,0,1,0,100,0),
(@PATH,7,-24.067268,-236.38385,-4.535461,NULL,0,1,0,100,0),
(@PATH,8,-20.986021,-245.65443,-4.5351024,NULL,0,1,0,100,0),
(@PATH,9,-5.987698,-240.33052,-4.5342875,NULL,0,1,0,100,0),
(@PATH,10,-9.433245,-231.52043,-4.5344515,NULL,0,1,0,100,0),
(@PATH,11,-24.067268,-236.38385,-4.535461,NULL,0,1,0,100,0),
(@PATH,12,-20.986021,-245.65443,-4.5351024,NULL,0,1,0,100,0),
(@PATH,13,-5.987698,-240.33052,-4.5342875,NULL,0,1,0,100,0),
(@PATH,14,-17.989143,-229.64557,-4.53509,NULL,0,1,0,100,0),
(@PATH,15,-24.067268,-236.38385,-4.535461,NULL,0,1,0,100,0),
(@PATH,16,-12.229747,-247.23727,-4.5345397,NULL,0,1,0,100,0),
(@PATH,17,-5.987698,-240.33052,-4.5342875,NULL,0,1,0,100,0),
(@PATH,18,-17.989143,-229.64557,-4.53509,NULL,0,1,0,100,0),
(@PATH,19,-24.067268,-236.38385,-4.535461,NULL,0,1,0,100,0),
(@PATH,20,-12.229747,-247.23727,-4.5345397,NULL,0,1,0,100,0),
(@PATH,21,-9.433245,-231.52043,-4.5344515,NULL,0,1,0,100,0);

SET @NPC := @CGUID+14;
SET @PATH := @NPC * 10;
UPDATE `creature` SET `wander_distance`=0,`MovementType`=2 WHERE `guid`=@NPC;
DELETE FROM `creature_addon` WHERE `guid`=@NPC;
INSERT INTO `creature_addon` (`guid`,`path_id`,`mount`,`bytes1`,`bytes2`,`emote`,`visibilityDistanceType`,`auras`) VALUES (@NPC,@PATH,0,0,1,0,0, '');
DELETE FROM `waypoint_data` WHERE `id`=@PATH;
INSERT INTO `waypoint_data` (`id`,`point`,`position_x`,`position_y`,`position_z`,`orientation`,`delay`,`move_type`,`action`,`action_chance`,`wpguid`) VALUES
(@PATH,1,-76.807045,-115.07598,68.56723,NULL,0,0,0,100,0),
(@PATH,2,-51.9431,-112.87946,51.103363,NULL,0,0,0,100,0);

SET @NPC := @CGUID+173;
SET @PATH := @NPC * 10;
UPDATE `creature` SET `wander_distance`=0,`MovementType`=2 WHERE `guid`=@NPC;
DELETE FROM `creature_addon` WHERE `guid`=@NPC;
INSERT INTO `creature_addon` (`guid`,`path_id`,`mount`,`bytes1`,`bytes2`,`emote`,`visibilityDistanceType`,`auras`) VALUES (@NPC,@PATH,0,0,1,0,0, '');
DELETE FROM `waypoint_data` WHERE `id`=@PATH;
INSERT INTO `waypoint_data` (`id`,`point`,`position_x`,`position_y`,`position_z`,`orientation`,`delay`,`move_type`,`action`,`action_chance`,`wpguid`) VALUES
(@PATH,1,326.7678,-341.27536,26.27718,NULL,0,0,0,100,0),
(@PATH,2,303.30872,-323.57098,20.690649,NULL,0,0,0,100,0),
(@PATH,3,300.45547,-314.25027,19.71717,NULL,0,0,0,100,0),
(@PATH,4,310.34607,-320.66324,19.90794,NULL,0,0,0,100,0),
(@PATH,5,326.8262,-332.52115,22.322342,NULL,0,0,0,100,0),
(@PATH,6,340.7248,-345.90942,28.651798,NULL,0,0,0,100,0),
(@PATH,7,342.62613,-356.82632,32.390038,NULL,0,0,0,100,0),
(@PATH,8,334.96402,-350.80576,29.880644,NULL,0,0,0,100,0),
(@PATH,9,326.7678,-341.27536,26.27718,NULL,0,0,0,100,0),
(@PATH,10,303.30872,-323.57098,20.690649,NULL,0,0,0,100,0),
(@PATH,11,299.75455,-319.4571,20.507263,NULL,0,0,0,100,0),
(@PATH,12,310.34607,-320.66324,19.90794,NULL,0,0,0,100,0),
(@PATH,13,326.8262,-332.52115,22.322342,NULL,0,0,0,100,0),
(@PATH,14,340.7248,-345.90942,28.651798,NULL,0,0,0,100,0),
(@PATH,15,342.62613,-356.82632,32.390038,NULL,0,0,0,100,0),
(@PATH,16,334.96402,-350.80576,29.880644,NULL,0,0,0,100,0);

SET @NPC := @CGUID+198;
SET @PATH := @NPC * 10;
UPDATE `creature` SET `wander_distance`=0,`MovementType`=2 WHERE `guid`=@NPC;
DELETE FROM `creature_addon` WHERE `guid`=@NPC;
INSERT INTO `creature_addon` (`guid`,`path_id`,`mount`,`bytes1`,`bytes2`,`emote`,`visibilityDistanceType`,`auras`) VALUES (@NPC,@PATH,0,0,1,0,0, '');
DELETE FROM `waypoint_data` WHERE `id`=@PATH;
INSERT INTO `waypoint_data` (`id`,`point`,`position_x`,`position_y`,`position_z`,`orientation`,`delay`,`move_type`,`action`,`action_chance`,`wpguid`) VALUES
(@PATH,1,217.05518,-131.51497,26.753138,NULL,0,0,0,100,0),
(@PATH,2,193.61502,-133.56485,28.525309,NULL,0,0,0,100,0),
(@PATH,3,169.54633,-135.7898,28.335976,NULL,0,0,0,100,0),
(@PATH,4,158.52997,-167.41908,32.282738,NULL,0,0,0,100,0),
(@PATH,5,169.54633,-135.7898,28.335976,NULL,0,0,0,100,0),
(@PATH,6,193.61502,-133.56485,28.525309,NULL,0,0,0,100,0);

SET @NPC := @CGUID+28;
SET @PATH := @NPC * 10;
UPDATE `creature` SET `wander_distance`=0,`MovementType`=2 WHERE `guid`=@NPC;
DELETE FROM `creature_addon` WHERE `guid`=@NPC;
INSERT INTO `creature_addon` (`guid`,`path_id`,`mount`,`bytes1`,`bytes2`,`emote`,`visibilityDistanceType`,`auras`) VALUES (@NPC,@PATH,0,0,1,0,0, '');
DELETE FROM `waypoint_data` WHERE `id`=@PATH;
INSERT INTO `waypoint_data` (`id`,`point`,`position_x`,`position_y`,`position_z`,`orientation`,`delay`,`move_type`,`action`,`action_chance`,`wpguid`) VALUES
(@PATH,1,161.12509,-70.36053,27.062626,NULL,0,0,0,100,0),
(@PATH,2,153.02617,-93.89476,26.35261,NULL,0,0,0,100,0),
(@PATH,3,176.59203,-61.29988,26.51584,NULL,0,0,0,100,0),
(@PATH,4,190.18256,-52.506645,26.633347,NULL,0,0,0,100,0),
(@PATH,5,176.59203,-61.29988,26.51584,NULL,0,0,0,100,0);

SET @NPC := @CGUID+88;
SET @PATH := @NPC * 10;
UPDATE `creature` SET `wander_distance`=0,`MovementType`=2 WHERE `guid`=@NPC;
DELETE FROM `creature_addon` WHERE `guid`=@NPC;
INSERT INTO `creature_addon` (`guid`,`path_id`,`mount`,`bytes1`,`bytes2`,`emote`,`visibilityDistanceType`,`auras`) VALUES (@NPC,@PATH,0,0,1,0,0, '');
DELETE FROM `waypoint_data` WHERE `id`=@PATH;
INSERT INTO `waypoint_data` (`id`,`point`,`position_x`,`position_y`,`position_z`,`orientation`,`delay`,`move_type`,`action`,`action_chance`,`wpguid`) VALUES
(@PATH,1,19.44412,-308.63614,31.892838,NULL,0,0,0,100,0),
(@PATH,2,42.476913,-293.77115,32.69076,NULL,0,0,0,100,0),
(@PATH,3,68.26116,-284.1465,32.08228,NULL,0,0,0,100,0),
(@PATH,4,88.84355,-286.01645,32.128727,NULL,0,0,0,100,0),
(@PATH,5,96.96455,-311.36377,32.529114,NULL,0,0,0,100,0),
(@PATH,6,101.42537,-344.6663,32.977905,NULL,0,0,0,100,0),
(@PATH,7,93.06754,-360.33292,33.215553,NULL,0,0,0,100,0),
(@PATH,8,101.42537,-344.6663,32.977905,NULL,0,0,0,100,0),
(@PATH,9,96.96455,-311.36377,32.529114,NULL,0,0,0,100,0),
(@PATH,10,88.84355,-286.01645,32.128727,NULL,0,0,0,100,0),
(@PATH,11,68.26116,-284.1465,32.08228,NULL,0,0,0,100,0),
(@PATH,12,42.476913,-293.77115,32.69076,NULL,0,0,0,100,0);

SET @NPC := @CGUID+61;
SET @PATH := @NPC * 10;
UPDATE `creature` SET `wander_distance`=0,`MovementType`=2 WHERE `guid`=@NPC;
DELETE FROM `creature_addon` WHERE `guid`=@NPC;
INSERT INTO `creature_addon` (`guid`,`path_id`,`mount`,`bytes1`,`bytes2`,`emote`,`visibilityDistanceType`,`auras`) VALUES (@NPC,@PATH,0,0,1,0,0, '');
DELETE FROM `waypoint_data` WHERE `id`=@PATH;
INSERT INTO `waypoint_data` (`id`,`point`,`position_x`,`position_y`,`position_z`,`orientation`,`delay`,`move_type`,`action`,`action_chance`,`wpguid`) VALUES
(@PATH,1,-69.680275,-228.86562,-4.5370073,NULL,0,0,0,100,0),
(@PATH,2,-96.95158,-227.70627,-4.376714,NULL,0,0,0,100,0),
(@PATH,3,-69.680275,-228.86562,-4.5370073,NULL,0,0,0,100,0),
(@PATH,4,-50.817432,-226.48108,-4.5365863,NULL,0,0,0,100,0);

SET @NPC := @CGUID+62;
SET @PATH := @NPC * 10;
UPDATE `creature` SET `wander_distance`=0,`MovementType`=2 WHERE `guid`=@NPC;
DELETE FROM `creature_addon` WHERE `guid`=@NPC;
INSERT INTO `creature_addon` (`guid`,`path_id`,`mount`,`bytes1`,`bytes2`,`emote`,`visibilityDistanceType`,`auras`) VALUES (@NPC,@PATH,0,0,1,0,0, '');
DELETE FROM `waypoint_data` WHERE `id`=@PATH;
INSERT INTO `waypoint_data` (`id`,`point`,`position_x`,`position_y`,`position_z`,`orientation`,`delay`,`move_type`,`action`,`action_chance`,`wpguid`) VALUES
(@PATH,1,-21.110575,-342.88358,30.821274,NULL,0,0,0,100,0),
(@PATH,2,1.211546,-323.15225,30.926214,NULL,0,0,0,100,0),
(@PATH,3,27.59817,-304.36447,32.139996,NULL,0,0,0,100,0),
(@PATH,4,1.211546,-323.15225,30.926214,NULL,0,0,0,100,0);

SET @NPC := @CGUID+64;
SET @PATH := @NPC * 10;
UPDATE `creature` SET `wander_distance`=0,`MovementType`=2 WHERE `guid`=@NPC;
DELETE FROM `creature_addon` WHERE `guid`=@NPC;
INSERT INTO `creature_addon` (`guid`,`path_id`,`mount`,`bytes1`,`bytes2`,`emote`,`visibilityDistanceType`,`auras`) VALUES (@NPC,@PATH,0,0,1,0,0, '');
DELETE FROM `waypoint_data` WHERE `id`=@PATH;
INSERT INTO `waypoint_data` (`id`,`point`,`position_x`,`position_y`,`position_z`,`orientation`,`delay`,`move_type`,`action`,`action_chance`,`wpguid`) VALUES
(@PATH,1,-92.30222,-302.19803,-4.5357122,NULL,0,0,0,100,0),
(@PATH,2,-59.19425,-289.67743,-4.5349183,NULL,0,0,0,100,0),
(@PATH,3,-42.62119,-269.50012,-4.535499,NULL,0,0,0,100,0),
(@PATH,4,-59.19425,-289.67743,-4.5349183,NULL,0,0,0,100,0);

SET @NPC := @CGUID+123;
SET @PATH := @NPC * 10;
UPDATE `creature` SET `wander_distance`=0,`MovementType`=2 WHERE `guid`=@NPC;
DELETE FROM `creature_addon` WHERE `guid`=@NPC;
INSERT INTO `creature_addon` (`guid`,`path_id`,`mount`,`bytes1`,`bytes2`,`emote`,`visibilityDistanceType`,`auras`) VALUES (@NPC,@PATH,0,0,1,0,0, '');
DELETE FROM `waypoint_data` WHERE `id`=@PATH;
INSERT INTO `waypoint_data` (`id`,`point`,`position_x`,`position_y`,`position_z`,`orientation`,`delay`,`move_type`,`action`,`action_chance`,`wpguid`) VALUES
(@PATH,1,188.47975,-404.16498,72.504776,NULL,0,0,0,100,0),
(@PATH,2,171.54146,-424.23203,72.47367,NULL,0,0,0,100,0),
(@PATH,3,164.67918,-452.26797,72.48773,NULL,0,0,0,100,0),
(@PATH,4,171.54146,-424.23203,72.47367,NULL,0,0,0,100,0);

SET @NPC := @CGUID+151;
SET @PATH := @NPC * 10;
UPDATE `creature` SET `wander_distance`=0,`MovementType`=2 WHERE `guid`=@NPC;
DELETE FROM `creature_addon` WHERE `guid`=@NPC;
INSERT INTO `creature_addon` (`guid`,`path_id`,`mount`,`bytes1`,`bytes2`,`emote`,`visibilityDistanceType`,`auras`) VALUES (@NPC,@PATH,0,0,1,0,0, '');
DELETE FROM `waypoint_data` WHERE `id`=@PATH;
INSERT INTO `waypoint_data` (`id`,`point`,`position_x`,`position_y`,`position_z`,`orientation`,`delay`,`move_type`,`action`,`action_chance`,`wpguid`) VALUES
(@PATH,1,272.08115,-381.04507,72.14804,NULL,0,0,0,100,0),
(@PATH,2,264.9766,-377.12155,72.15923,NULL,0,0,0,100,0),
(@PATH,3,256.61053,-374.54532,72.26968,NULL,0,0,0,100,0),
(@PATH,4,250.05904,-367.16782,72.172905,NULL,0,0,0,100,0),
(@PATH,5,256.61053,-374.54532,72.26968,NULL,0,0,0,100,0),
(@PATH,6,264.9766,-377.12155,72.15923,NULL,0,0,0,100,0);

SET @NPC := @CGUID+145;
SET @PATH := @NPC * 10;
UPDATE `creature` SET `wander_distance`=0,`MovementType`=2,`position_x`=237.12813,`position_y`=-373.9269,`position_z`=48.178493 WHERE `guid`=@NPC;
DELETE FROM `creature_addon` WHERE `guid`=@NPC;
INSERT INTO `creature_addon` (`guid`,`path_id`,`mount`,`bytes1`,`bytes2`,`emote`,`visibilityDistanceType`,`auras`) VALUES (@NPC,@PATH,0,0,1,0,0, '');
DELETE FROM `waypoint_data` WHERE `id`=@PATH;
INSERT INTO `waypoint_data` (`id`,`point`,`position_x`,`position_y`,`position_z`,`orientation`,`delay`,`move_type`,`action`,`action_chance`,`wpguid`) VALUES
(@PATH,1,237.12813,-373.9269,48.178493,NULL,0,0,0,100,0),
(@PATH,2,227.23715,-378.54562,48.189976,NULL,0,0,0,100,0),
(@PATH,3,214.0971,-380.00208,48.148045,NULL,0,0,0,100,0),
(@PATH,4,204.41469,-378.89005,48.1181,NULL,0,0,0,100,0),
(@PATH,5,214.0971,-380.00208,48.148045,NULL,0,0,0,100,0),
(@PATH,6,227.23715,-378.54562,48.189976,NULL,0,0,0,100,0);

SET @NPC := @CGUID+179;
SET @PATH := @NPC * 10;
UPDATE `creature` SET `wander_distance`=0,`MovementType`=2 WHERE `guid`=@NPC;
DELETE FROM `creature_addon` WHERE `guid`=@NPC;
INSERT INTO `creature_addon` (`guid`,`path_id`,`mount`,`bytes1`,`bytes2`,`emote`,`visibilityDistanceType`,`auras`) VALUES (@NPC,@PATH,0,0,1,0,0, '');
DELETE FROM `waypoint_data` WHERE `id`=@PATH;
INSERT INTO `waypoint_data` (`id`,`point`,`position_x`,`position_y`,`position_z`,`orientation`,`delay`,`move_type`,`action`,`action_chance`,`wpguid`) VALUES
(@PATH,1,266.3294,-220.27826,28.777576,NULL,0,1,0,100,0),
(@PATH,2,269.6321,-240.93237,27.48778,NULL,0,1,0,100,0),
(@PATH,3,265.96866,-271.0043,24.540274,NULL,0,1,0,100,0),
(@PATH,4,276.8408,-289.8254,21.845425,NULL,0,1,0,100,0),
(@PATH,5,303.27896,-310.3096,18.873123,NULL,0,1,0,100,0),
(@PATH,6,276.8408,-289.8254,21.845425,NULL,0,1,0,100,0),
(@PATH,7,265.96866,-271.0043,24.540274,NULL,0,1,0,100,0),
(@PATH,8,269.6321,-240.93237,27.48778,NULL,0,1,0,100,0);

SET @NPC := @CGUID+188;
SET @PATH := @NPC * 10;
UPDATE `creature` SET `wander_distance`=0,`MovementType`=2 WHERE `guid`=@NPC;
DELETE FROM `creature_addon` WHERE `guid`=@NPC;
INSERT INTO `creature_addon` (`guid`,`path_id`,`mount`,`bytes1`,`bytes2`,`emote`,`visibilityDistanceType`,`auras`) VALUES (@NPC,@PATH,0,0,1,0,0, '');
DELETE FROM `waypoint_data` WHERE `id`=@PATH;
INSERT INTO `waypoint_data` (`id`,`point`,`position_x`,`position_y`,`position_z`,`orientation`,`delay`,`move_type`,`action`,`action_chance`,`wpguid`) VALUES
(@PATH,1,268.6617,-230.68227,28.236944,NULL,0,1,0,100,0),
(@PATH,2,265.41608,-195.6269,28.487965,NULL,0,1,0,100,0),
(@PATH,3,251.65063,-161.90324,28.616928,NULL,0,1,0,100,0),
(@PATH,4,265.41608,-195.6269,28.487965,NULL,0,1,0,100,0);

SET @NPC := @CGUID+200;
SET @PATH := @NPC * 10;
UPDATE `creature` SET `wander_distance`=0,`MovementType`=2 WHERE `guid`=@NPC;
DELETE FROM `creature_addon` WHERE `guid`=@NPC;
INSERT INTO `creature_addon` (`guid`,`path_id`,`mount`,`bytes1`,`bytes2`,`emote`,`visibilityDistanceType`,`auras`) VALUES (@NPC,@PATH,0,0,1,0,0, '');
DELETE FROM `waypoint_data` WHERE `id`=@PATH;
INSERT INTO `waypoint_data` (`id`,`point`,`position_x`,`position_y`,`position_z`,`orientation`,`delay`,`move_type`,`action`,`action_chance`,`wpguid`) VALUES
(@PATH,1,288.5823,-121.83091,29.703293,NULL,0,0,0,100,0),
(@PATH,2,281.52713,-120.36844,29.751406,NULL,0,0,0,100,0),
(@PATH,3,274.06772,-122.05376,29.809622,NULL,0,0,0,100,0),
(@PATH,4,281.52713,-120.36844,29.751406,NULL,0,0,0,100,0);

SET @NPC := @CGUID+91;
SET @PATH := @NPC * 10;
UPDATE `creature` SET `wander_distance`=0,`MovementType`=2 WHERE `guid`=@NPC;
DELETE FROM `creature_addon` WHERE `guid`=@NPC;
INSERT INTO `creature_addon` (`guid`,`path_id`,`mount`,`bytes1`,`bytes2`,`emote`,`visibilityDistanceType`,`auras`) VALUES (@NPC,@PATH,0,0,1,0,0, '');
DELETE FROM `waypoint_data` WHERE `id`=@PATH;
INSERT INTO `waypoint_data` (`id`,`point`,`position_x`,`position_y`,`position_z`,`orientation`,`delay`,`move_type`,`action`,`action_chance`,`wpguid`) VALUES
(@PATH,1,90.52101,-391.76727,34.237995,NULL,0,0,0,100,0),
(@PATH,2,99.41526,-396.64914,36.55695,NULL,0,0,0,100,0),
(@PATH,3,115.96061,-404.26944,42.522438,NULL,0,0,0,100,0),
(@PATH,4,141.5793,-416.62878,48.6011,NULL,0,0,0,100,0),
(@PATH,5,115.96061,-404.26944,42.522438,NULL,0,0,0,100,0),
(@PATH,6,99.41526,-396.64914,36.55695,NULL,0,0,0,100,0);

SET @NPC := @CGUID+111;
SET @PATH := @NPC * 10;
UPDATE `creature` SET `wander_distance`=0,`MovementType`=2 WHERE `guid`=@NPC;
DELETE FROM `creature_addon` WHERE `guid`=@NPC;
INSERT INTO `creature_addon` (`guid`,`path_id`,`mount`,`bytes1`,`bytes2`,`emote`,`visibilityDistanceType`,`auras`) VALUES (@NPC,@PATH,0,0,1,0,0, '');
DELETE FROM `waypoint_data` WHERE `id`=@PATH;
INSERT INTO `waypoint_data` (`id`,`point`,`position_x`,`position_y`,`position_z`,`orientation`,`delay`,`move_type`,`action`,`action_chance`,`wpguid`) VALUES
(@PATH,1,202.6417,-380.7892,48.123344,NULL,0,0,0,100,0),
(@PATH,2,188.94055,-391.5165,48.133305,NULL,0,0,0,100,0),
(@PATH,3,165.59125,-417.70804,48.107246,NULL,0,0,0,100,0),
(@PATH,4,161.0618,-432.5178,48.088337,NULL,0,0,0,100,0),
(@PATH,5,165.59125,-417.70804,48.107246,NULL,0,0,0,100,0),
(@PATH,6,188.94055,-391.5165,48.133305,NULL,0,0,0,100,0);

SET @NPC := @CGUID+173;
SET @PATH := @NPC * 10;
UPDATE `creature` SET `wander_distance`=0,`MovementType`=2 WHERE `guid`=@NPC;
DELETE FROM `creature_addon` WHERE `guid`=@NPC;
INSERT INTO `creature_addon` (`guid`,`path_id`,`mount`,`bytes1`,`bytes2`,`emote`,`visibilityDistanceType`,`auras`) VALUES (@NPC,@PATH,0,0,1,0,0, '');
DELETE FROM `waypoint_data` WHERE `id`=@PATH;
INSERT INTO `waypoint_data` (`id`,`point`,`position_x`,`position_y`,`position_z`,`orientation`,`delay`,`move_type`,`action`,`action_chance`,`wpguid`) VALUES
(@PATH,1,326.8262,-332.52115,22.322342,NULL,0,1,0,100,0),
(@PATH,2,340.7248,-345.90942,28.651798,NULL,0,1,0,100,0),
(@PATH,3,342.62613,-356.82632,32.390038,NULL,0,1,0,100,0),
(@PATH,4,326.7678,-341.27536,26.27718,NULL,0,1,0,100,0),
(@PATH,5,303.30872,-323.57098,20.690649,NULL,0,1,0,100,0),
(@PATH,6,300.45547,-314.25027,19.71717,NULL,0,1,0,100,0),
(@PATH,7,310.34607,-320.66324,19.90794,NULL,0,1,0,100,0),
(@PATH,8,326.8262,-332.52115,22.322342,NULL,0,1,0,100,0),
(@PATH,9,340.7248,-345.90942,28.651798,NULL,0,1,0,100,0),
(@PATH,10,342.62613,-356.82632,32.390038,NULL,0,1,0,100,0),
(@PATH,11,334.96402,-350.80576,29.880644,NULL,0,1,0,100,0),
(@PATH,12,326.7678,-341.27536,26.27718,NULL,0,1,0,100,0),
(@PATH,13,303.30872,-323.57098,20.690649,NULL,0,1,0,100,0),
(@PATH,14,299.75455,-319.4571,20.507263,NULL,0,1,0,100,0),
(@PATH,15,310.34607,-320.66324,19.90794,NULL,0,1,0,100,0);

-- Large AOI Underbat (18409)
SET @NPC := @CGUID+12;
SET @PATH := @NPC * 10;
UPDATE `creature` SET `wander_distance`=0,`MovementType`=2 WHERE `guid`=@NPC;
DELETE FROM `creature_addon` WHERE `guid`=@NPC;
INSERT INTO `creature_addon` (`guid`,`path_id`,`mount`,`bytes1`,`bytes2`,`emote`,`visibilityDistanceType`,`auras`) VALUES (@NPC,@PATH,0,0,1,0,0, '');
DELETE FROM `waypoint_data` WHERE `id`=@PATH;
INSERT INTO `waypoint_data` (`id`,`point`,`position_x`,`position_y`,`position_z`,`orientation`,`delay`,`move_type`,`action`,`action_chance`,`wpguid`) VALUES
-- (@PATH,1 ,154.9921,-167.61511,14.614521,NULL,0,2,0,100,0), // Bad waypoint
(@PATH,1 ,131.52637,-183.17879,32.36646,NULL,0,2,0,100,0),
(@PATH,2 ,108.06063,-198.74246,50.11841,NULL,0,2,0,100,0),
(@PATH,3 ,100.05457,-228.34999,44.81282,NULL,0,2,0,100,0),
(@PATH,4 ,60.7907,-227.56961,44.812828,NULL,0,2,0,100,0),
(@PATH,5 ,34.299797,-212.09708,44.81282,NULL,0,2,0,100,0),
(@PATH,6 ,36.41552,-191.97911,44.812828,NULL,0,2,0,100,0),
(@PATH,7 ,55.430897,-192.46626,44.81282,NULL,0,2,0,100,0),
(@PATH,8 ,80.962364,-187.03317,44.81282,NULL,0,2,0,100,0),
(@PATH,9 ,96.50256,-206.56255,44.812828,NULL,0,2,0,100,0),
(@PATH,10,95.1273,-238.22154,47.340652,NULL,0,2,0,100,0),
(@PATH,11,123.91017,-264.36807,47.3406,NULL,0,2,0,100,0),
(@PATH,12,148.9432,-247.73517,47.34065,NULL,0,2,0,100,0),
(@PATH,13,130.2442,-205.76604,47.34065,NULL,0,2,0,100,0),
(@PATH,14,99.282715,-204.80722,47.3406,NULL,0,2,0,100,0),
(@PATH,15,59.021133,-226.75888,47.3406,NULL,0,2,0,100,0),
(@PATH,16,26.437294,-212.8669,47.34065,NULL,0,2,0,100,0),
(@PATH,17,30.30252,-191.83493,47.34065,NULL,0,2,0,100,0),
(@PATH,18,62.248665,-190.2552,57.59066,NULL,0,2,0,100,0),
(@PATH,19,97.91077,-189.59196,57.59067,NULL,0,2,0,100,0),
(@PATH,20,97.91077,-189.59196,57.59067,NULL,0,2,0,100,0);

SET @NPC := @CGUID+14;
SET @PATH := @NPC * 10;
UPDATE `creature` SET `wander_distance`=0,`MovementType`=2 WHERE `guid`=@NPC;
DELETE FROM `creature_addon` WHERE `guid`=@NPC;
INSERT INTO `creature_addon` (`guid`,`path_id`,`mount`,`bytes1`,`bytes2`,`emote`,`visibilityDistanceType`,`auras`) VALUES (@NPC,@PATH,0,0,1,0,0, '');
DELETE FROM `waypoint_data` WHERE `id`=@PATH;
INSERT INTO `waypoint_data` (`id`,`point`,`position_x`,`position_y`,`position_z`,`orientation`,`delay`,`move_type`,`action`,`action_chance`,`wpguid`) VALUES
(@PATH,1 ,-108.28185,-123.0119,84.96994,NULL,0,2,0,100,0),
(@PATH,2 ,-76.807045,-115.07598,68.56723,NULL,0,2,0,100,0),
(@PATH,3 ,-45.332237,-107.14006,52.16452,NULL,0,2,0,100,0),
(@PATH,4 ,-20.51215,-95.233376,51.09309,NULL,0,2,0,100,0),
(@PATH,5 ,-25.869871,-76.09419,50.426445,NULL,0,2,0,100,0),
(@PATH,6 ,-43.694996,-41.884632,52.759766,NULL,0,2,0,100,0),
(@PATH,7 ,-59.02421,-52.862125,38.981976,NULL,0,2,0,100,0),
(@PATH,8 ,-64.57032,-79.98646,40.28752,NULL,0,2,0,100,0),
(@PATH,9 ,-37.521442,-90.8207,39.565323,NULL,0,2,0,100,0),
(@PATH,10,-57.595596,-107.23399,54.648655,NULL,0,2,0,100,0),
(@PATH,11,-37.62119,-128.1312,57.42642,NULL,0,2,0,100,0),
(@PATH,12,-15.798647,-140.48317,46.398712,NULL,0,2,0,100,0),
(@PATH,13,-4.585545,-145.59552,46.270008,NULL,0,2,0,100,0),
(@PATH,14,-9.124636,-176.6982,50.658886,NULL,0,2,0,100,0),
(@PATH,15,-39.587536,-182.26076,47.158863,NULL,0,2,0,100,0),
(@PATH,16,-46.393852,-155.3724,53.15889,NULL,0,2,0,100,0),
(@PATH,17,-22.20054,-113.48487,51.186653,NULL,0,2,0,100,0),
(@PATH,18,-15.712842,-67.52161,47.158863,NULL,0,2,0,100,0),
(@PATH,19,-37.95539,-31.795296,47.158863,NULL,0,2,0,100,0),
(@PATH,20,-58.608414,-46.52659,47.158863,NULL,0,2,0,100,0),
(@PATH,21,-76.67039,-80.39093,47.158863,NULL,0,2,0,100,0),
(@PATH,22,-69.5675,-106.50803,47.158863,NULL,0,2,0,100,0),
(@PATH,23,-24.164875,-102.90431,47.158863,NULL,0,2,0,100,0),
(@PATH,24,23.35232,-93.92218,47.158863,NULL,0,2,0,100,0),
(@PATH,25,29.369534,-121.53922,47.158863,NULL,0,2,0,100,0),
(@PATH,26,-16.498398,-126.52269,47.158863,NULL,0,2,0,100,0),
(@PATH,27,-58.09205,-130.19185,47.158863,NULL,0,2,0,100,0),
(@PATH,28,-70.25954,-145.45541,47.158863,NULL,0,2,0,100,0),
(@PATH,29,-62.45145,-157.46199,47.158863,NULL,0,2,0,100,0),
(@PATH,30,-36.585537,-135.96046,47.158863,NULL,0,2,0,100,0),
(@PATH,31,-24.866474,-124.54898,47.158863,NULL,0,2,0,100,0),
(@PATH,32,-45.38209,-118.6299,47.158863,NULL,0,2,0,100,0),
(@PATH,33,-51.9431,-112.87946,51.103363,NULL,0,2,0,100,0),
(@PATH,34,-51.9431,-112.87946,51.103363,NULL,0,2,0,100,0);

SET @NPC := @CGUID+16;
SET @PATH := @NPC * 10;
UPDATE `creature` SET `wander_distance`=0,`MovementType`=2 WHERE `guid`=@NPC;
DELETE FROM `creature_addon` WHERE `guid`=@NPC;
INSERT INTO `creature_addon` (`guid`,`path_id`,`mount`,`bytes1`,`bytes2`,`emote`,`visibilityDistanceType`,`auras`) VALUES (@NPC,@PATH,0,0,1,0,0, '');
DELETE FROM `waypoint_data` WHERE `id`=@PATH;
INSERT INTO `waypoint_data` (`id`,`point`,`position_x`,`position_y`,`position_z`,`orientation`,`delay`,`move_type`,`action`,`action_chance`,`wpguid`) VALUES
(@PATH,1 ,24.991587,-372.86945,69.41328,NULL,0,2,0,100,0),
(@PATH,2 ,-7.396929,-326.5323,60.326595,NULL,0,2,0,100,0),
(@PATH,3 ,-23.009151,-313.9418,59.632145,NULL,0,2,0,100,0),
(@PATH,4 ,-31.253208,-269.30655,47.7744,NULL,0,2,0,100,0),
(@PATH,5 ,-10.634785,-247.24089,46.107727,NULL,0,2,0,100,0),
(@PATH,6 ,4.614754,-252.06383,51.441067,NULL,0,2,0,100,0),
(@PATH,7 ,19.598951,-265.07214,54.385517,NULL,0,2,0,100,0),
(@PATH,8 ,43.778988,-287.22424,57.05217,NULL,0,2,0,100,0),
(@PATH,9 ,86.04507,-291.14993,69.41328,NULL,0,2,0,100,0),
(@PATH,10,91.21444,-338.52487,69.41328,NULL,0,2,0,100,0),
(@PATH,11,72.42783,-374.7526,69.41328,NULL,0,2,0,100,0),
(@PATH,12,24.991587,-372.86945,69.41328,NULL,0,2,0,100,0),
(@PATH,13,-7.396929,-326.5323,60.326595,NULL,0,2,0,100,0),
(@PATH,14,-23.009151,-313.9418,59.632145,NULL,0,2,0,100,0);

SET @NPC := @CGUID+21;
SET @PATH := @NPC * 10;
UPDATE `creature` SET `wander_distance`=0,`MovementType`=2 WHERE `guid`=@NPC;
DELETE FROM `creature_addon` WHERE `guid`=@NPC;
INSERT INTO `creature_addon` (`guid`,`path_id`,`mount`,`bytes1`,`bytes2`,`emote`,`visibilityDistanceType`,`auras`) VALUES (@NPC,@PATH,0,0,1,0,0, '');
DELETE FROM `waypoint_data` WHERE `id`=@PATH;
INSERT INTO `waypoint_data` (`id`,`point`,`position_x`,`position_y`,`position_z`,`orientation`,`delay`,`move_type`,`action`,`action_chance`,`wpguid`) VALUES
(@PATH,1 ,165.6056,-284.6903,71.49371,NULL,0,2,0,100,0),
(@PATH,2 ,134.0699,-283.9162,65.77147,NULL,0,2,0,100,0),
(@PATH,3 ,102.5342,-283.1421,60.04923,NULL,0,2,0,100,0),
(@PATH,4 ,93.376595,-247.07332,60.04923,NULL,0,2,0,100,0),
(@PATH,5 ,100.19172,-223.76892,60.04923,NULL,0,2,0,100,0),
(@PATH,6 ,121.08182,-203.34663,54.24367,NULL,0,2,0,100,0),
(@PATH,7 ,143.84032,-211.64243,61.88258,NULL,0,2,0,100,0),
(@PATH,8 ,148.72322,-258.20108,60.04923,NULL,0,2,0,100,0),
(@PATH,9 ,118.94029,-275.2946,60.04923,NULL,0,2,0,100,0),
(@PATH,10,89.12748,-263.73288,60.04923,NULL,0,2,0,100,0),
(@PATH,11,95.09115,-219.00238,68.74374,NULL,0,2,0,100,0),
(@PATH,12,107.90464,-197.00034,67.52149,NULL,0,2,0,100,0),
(@PATH,13,97.54861,-189.32976,61.52141,NULL,0,2,0,100,0),
(@PATH,14,67.05095,-183.16312,63.66034,NULL,0,2,0,100,0),
(@PATH,15,53.408592,-196.79137,46.91036,NULL,0,2,0,100,0),
(@PATH,16,65.69105,-231.1738,55.13259,NULL,0,2,0,100,0),
(@PATH,17,97.306076,-269.7393,60.99368,NULL,0,2,0,100,0),
(@PATH,18,130.48312,-291.46973,59.271454,NULL,0,2,0,100,0),
(@PATH,19,162.47664,-267.0222,54.43813,NULL,0,2,0,100,0),
(@PATH,20,188.08128,-234.17494,60.99368,NULL,0,2,0,100,0),
(@PATH,21,203.08362,-190.29329,60.99368,NULL,0,2,0,100,0),
(@PATH,22,191.97174,-176.27826,66.215904,NULL,0,2,0,100,0),
(@PATH,23,179.02602,-145.18202,58.271427,NULL,0,2,0,100,0),
(@PATH,24,147.88734,-172.183,60.99368,NULL,0,2,0,100,0),
(@PATH,25,117.32134,-194.10324,63.715897,NULL,0,2,0,100,0),
(@PATH,26,91.97928,-216.79158,63.715897,NULL,0,2,0,100,0),
(@PATH,27,51.413708,-238.56361,63.715897,NULL,0,2,0,100,0),
(@PATH,28,25.905827,-224.83733,63.715897,NULL,0,2,0,100,0),
(@PATH,29,35.49563,-191.9028,59.632576,NULL,0,2,0,100,0),
(@PATH,30,69.78642,-186.75629,59.632576,NULL,0,2,0,100,0),
(@PATH,31,117.99161,-193.8229,59.632576,NULL,0,2,0,100,0),
(@PATH,32,151.68486,-222.148,59.632576,NULL,0,2,0,100,0),
(@PATH,33,149.06055,-260.86972,59.632576,NULL,0,2,0,100,0),
(@PATH,34,134.0699,-283.9162,65.77147,NULL,0,2,0,100,0),
(@PATH,35,134.0699,-283.9162,65.77147,NULL,0,2,0,100,0);

SET @NPC := @CGUID+27;
SET @PATH := @NPC * 10;
UPDATE `creature` SET `wander_distance`=0,`MovementType`=2 WHERE `guid`=@NPC;
DELETE FROM `creature_addon` WHERE `guid`=@NPC;
INSERT INTO `creature_addon` (`guid`,`path_id`,`mount`,`bytes1`,`bytes2`,`emote`,`visibilityDistanceType`,`auras`) VALUES (@NPC,@PATH,0,0,1,0,0, '');
DELETE FROM `waypoint_data` WHERE `id`=@PATH;
INSERT INTO `waypoint_data` (`id`,`point`,`position_x`,`position_y`,`position_z`,`orientation`,`delay`,`move_type`,`action`,`action_chance`,`wpguid`) VALUES
-- (@PATH,1 ,9.475447,-241.10661,-72.8901,NULL,0,2,0,100,0),
-- (@PATH,2 ,38.802418,-236.2365,-4.4498854,NULL,0,2,0,100,0), // Bad waypoints
(@PATH,1 ,68.12939,-231.36638,63.99033,NULL,0,2,0,100,0),
(@PATH,2 ,114.73135,-215.09467,52.990345,NULL,0,2,0,100,0),
(@PATH,3 ,140.06693,-226.13943,52.990345,NULL,0,2,0,100,0),
(@PATH,4 ,142.07785,-249.24118,52.990345,NULL,0,2,0,100,0),
(@PATH,5 ,127.6956,-262.71658,52.990345,NULL,0,2,0,100,0),
(@PATH,6 ,107.36506,-250.37044,52.990345,NULL,0,2,0,100,0),
(@PATH,7 ,86.796196,-205.80804,52.990345,NULL,0,2,0,100,0),
(@PATH,8 ,58.517166,-183.4336,52.990345,NULL,0,2,0,100,0),
(@PATH,9 ,31.715275,-188.83464,58.46258,NULL,0,2,0,100,0),
(@PATH,10,33.04268,-217.36946,58.462578,NULL,0,2,0,100,0),
(@PATH,11,56.239147,-223.5822,63.49035,NULL,0,2,0,100,0),
(@PATH,12,100.35423,-204.94261,63.49035,NULL,0,2,0,100,0),
(@PATH,13,66.10667,-176.69748,63.49035,NULL,0,2,0,100,0),
(@PATH,14,33.79453,-182.07773,71.35149,NULL,0,2,0,100,0),
(@PATH,15,11.390241,-203.7657,71.35149,NULL,0,2,0,100,0),
(@PATH,16,22.179758,-234.09207,71.35149,NULL,0,2,0,100,0),
(@PATH,17,54.407608,-234.28868,68.268036,NULL,0,2,0,100,0),
(@PATH,18,54.407608,-234.28868,68.268036,NULL,0,2,0,100,0);

SET @NPC := @CGUID+41;
SET @PATH := @NPC * 10;
UPDATE `creature` SET `wander_distance`=0,`MovementType`=2 WHERE `guid`=@NPC;
DELETE FROM `creature_addon` WHERE `guid`=@NPC;
INSERT INTO `creature_addon` (`guid`,`path_id`,`mount`,`bytes1`,`bytes2`,`emote`,`visibilityDistanceType`,`auras`) VALUES (@NPC,@PATH,0,0,1,0,0, '');
DELETE FROM `waypoint_data` WHERE `id`=@PATH;
INSERT INTO `waypoint_data` (`id`,`point`,`position_x`,`position_y`,`position_z`,`orientation`,`delay`,`move_type`,`action`,`action_chance`,`wpguid`) VALUES
(@PATH,1 ,-17.554047,-397.13507,88.67853,NULL,0,2,0,100,0),
(@PATH,2 ,45.136578,-379.57333,72.997406,NULL,0,2,0,100,0),
(@PATH,3 ,107.8272,-362.0116,57.31628,NULL,0,2,0,100,0),
(@PATH,4 ,152.8699,-346.16525,54.038467,NULL,0,2,0,100,0),
(@PATH,5 ,165.88777,-317.33118,54.038467,NULL,0,2,0,100,0),
(@PATH,6 ,133.13345,-307.99796,54.038467,NULL,0,2,0,100,0),
(@PATH,7 ,101.74008,-314.87424,63.399567,NULL,0,2,0,100,0),
(@PATH,8 ,99.851585,-358.96057,61.982864,NULL,0,2,0,100,0),
(@PATH,9 ,138.873,-379.85318,84.997444,NULL,0,2,0,100,0),
(@PATH,10,156.86253,-364.7157,88.94193,NULL,0,2,0,100,0),
(@PATH,11,181.04306,-332.84772,88.94193,NULL,0,2,0,100,0),
(@PATH,12,174.56163,-305.77374,80.71969,NULL,0,2,0,100,0),
(@PATH,13,151.28624,-281.98145,60.525223,NULL,0,2,0,100,0),
(@PATH,14,103.94058,-273.8741,57.88634,NULL,0,2,0,100,0),
(@PATH,15,97.941734,-235.90349,47.969624,NULL,0,2,0,100,0),
(@PATH,16,122.31989,-200.21811,47.969624,NULL,0,2,0,100,0),
(@PATH,17,143.6595,-241.38338,47.969624,NULL,0,2,0,100,0),
(@PATH,18,146.22797,-286.85287,32.275192,NULL,0,2,0,100,0),
(@PATH,19,165.5804,-321.68304,32.275196,NULL,0,2,0,100,0),
(@PATH,20,184.80956,-345.76715,32.275196,NULL,0,2,0,100,0),
(@PATH,21,197.67366,-324.9148,29.414076,NULL,0,2,0,100,0),
(@PATH,22,180.50786,-311.22818,22.802954,NULL,0,2,0,100,0),
(@PATH,23,158.90865,-324.95157,22.802954,NULL,0,2,0,100,0),
(@PATH,24,149.56277,-357.3788,22.802954,NULL,0,2,0,100,0),
(@PATH,25,141.26537,-399.1162,22.802954,NULL,0,2,0,100,0),
(@PATH,26,108.31991,-409.51987,22.802954,NULL,0,2,0,100,0),
(@PATH,27,111.4886,-374.0559,22.802954,NULL,0,2,0,100,0),
(@PATH,28,138.26443,-340.13425,22.802954,NULL,0,2,0,100,0),
(@PATH,29,133.49611,-322.4106,29.636303,NULL,0,2,0,100,0),
(@PATH,30,135.93465,-307.53302,32.302967,NULL,0,2,0,100,0),
(@PATH,31,112.50607,-303.20105,56.525204,NULL,0,2,0,100,0),
(@PATH,32,100.18504,-326.30008,56.525204,NULL,0,2,0,100,0),
(@PATH,33,83.25131,-363.05505,56.525204,NULL,0,2,0,100,0),
(@PATH,34,67.215324,-395.4664,56.525204,NULL,0,2,0,100,0),
(@PATH,35,69.96099,-411.28693,56.525204,NULL,0,2,0,100,0),
(@PATH,36,112.86326,-404.80457,72.99741,NULL,0,2,0,100,0),
(@PATH,37,82.91771,-387.29904,72.99741,NULL,0,2,0,100,0),
(@PATH,38,39.05955,-399.753,72.99741,NULL,0,2,0,100,0),
(@PATH,39,20.09486,-401.21558,72.99741,NULL,0,2,0,100,0),
(@PATH,40,45.136562,-379.57336,72.99741,NULL,0,2,0,100,0),
(@PATH,41,45.136562,-379.57336,72.99741,NULL,0,2,0,100,0);

SET @NPC := @CGUID+48;
SET @PATH := @NPC * 10;
UPDATE `creature` SET `wander_distance`=0,`MovementType`=2 WHERE `guid`=@NPC;
DELETE FROM `creature_addon` WHERE `guid`=@NPC;
INSERT INTO `creature_addon` (`guid`,`path_id`,`mount`,`bytes1`,`bytes2`,`emote`,`visibilityDistanceType`,`auras`) VALUES (@NPC,@PATH,0,0,1,0,0, '');
DELETE FROM `waypoint_data` WHERE `id`=@PATH;
INSERT INTO `waypoint_data` (`id`,`point`,`position_x`,`position_y`,`position_z`,`orientation`,`delay`,`move_type`,`action`,`action_chance`,`wpguid`) VALUES
(@PATH,1 ,-66.02303,-321.3474,11.018113,NULL,0,2,0,100,0),
(@PATH,2 ,-74.26941,-332.65573,8.657012,NULL,0,2,0,100,0),
(@PATH,3 ,-82.515785,-343.96405,6.295911,NULL,0,2,0,100,0),
(@PATH,4 ,-88.7316,-358.2072,6.295911,NULL,0,2,0,100,0),
(@PATH,5 ,-101.60222,-406.87582,8.684794,NULL,0,2,0,100,0),
(@PATH,6 ,-86.403175,-426.20718,8.684794,NULL,0,2,0,100,0),
(@PATH,7 ,-51.807484,-425.37628,14.684793,NULL,0,2,0,100,0),
(@PATH,8 ,-45.97381,-390.0173,8.684794,NULL,0,2,0,100,0),
(@PATH,9 ,-57.010506,-348.51276,6.212577,NULL,0,2,0,100,0),
(@PATH,10,-47.576263,-338.49866,11.323675,NULL,0,2,0,100,0),
(@PATH,11,-21.795689,-345.6191,8.295907,NULL,0,2,0,100,0),
(@PATH,12,6.314677,-377.24783,5.12925,NULL,0,2,0,100,0),
(@PATH,13,39.8706,-384.4937,8.684794,NULL,0,2,0,100,0),
(@PATH,14,80.97585,-377.99042,8.684794,NULL,0,2,0,100,0),
(@PATH,15,116.24075,-371.4774,8.684794,NULL,0,2,0,100,0),
(@PATH,16,93.89439,-398.7016,8.684794,NULL,0,2,0,100,0),
(@PATH,17,83.21564,-406.50748,8.684794,NULL,0,2,0,100,0),
(@PATH,18,48.240185,-426.58188,8.684794,NULL,0,2,0,100,0),
(@PATH,19,3.374041,-419.86044,8.684794,NULL,0,2,0,100,0),
(@PATH,20,-39.29324,-400.84177,6.684796,NULL,0,2,0,100,0),
(@PATH,21,-52.12625,-388.48563,6.684796,NULL,0,2,0,100,0),
(@PATH,22,-58.305847,-375.51797,6.684796,NULL,0,2,0,100,0),
(@PATH,23,-58.266766,-360.0314,6.684796,NULL,0,2,0,100,0),
(@PATH,24,-63.308018,-338.78717,6.684796,NULL,0,2,0,100,0),
(@PATH,25,-74.269424,-332.65573,8.657014,NULL,0,2,0,100,0),
(@PATH,26,-74.269424,-332.65573,8.657014,NULL,0,2,0,100,0);

SET @NPC := @CGUID+52;
SET @PATH := @NPC * 10;
UPDATE `creature` SET `wander_distance`=0,`MovementType`=2 WHERE `guid`=@NPC;
DELETE FROM `creature_addon` WHERE `guid`=@NPC;
INSERT INTO `creature_addon` (`guid`,`path_id`,`mount`,`bytes1`,`bytes2`,`emote`,`visibilityDistanceType`,`auras`) VALUES (@NPC,@PATH,0,0,1,0,0, '');
DELETE FROM `waypoint_data` WHERE `id`=@PATH;
INSERT INTO `waypoint_data` (`id`,`point`,`position_x`,`position_y`,`position_z`,`orientation`,`delay`,`move_type`,`action`,`action_chance`,`wpguid`) VALUES
(@PATH,1 ,65.94562,-172.67117,16.405907,NULL,0,2,0,100,0),
(@PATH,2 ,54.452988,-231.6677,14.350344,NULL,0,2,0,100,0),
(@PATH,3 ,42.960358,-290.6642,12.294781,NULL,0,2,0,100,0),
(@PATH,4 ,67.75742,-300.49097,12.294782,NULL,0,2,0,100,0),
(@PATH,5 ,92.09971,-315.5064,12.294782,NULL,0,2,0,100,0),
(@PATH,6 ,104.02384,-341.875,12.294782,NULL,0,2,0,100,0),
(@PATH,7 ,83.7507,-366.5859,12.294782,NULL,0,2,0,100,0),
(@PATH,8 ,50.545082,-381.2382,12.294782,NULL,0,2,0,100,0),
(@PATH,9 ,82.10834,-411.10965,12.294782,NULL,0,2,0,100,0),
(@PATH,10,109.5321,-372.48477,12.294782,NULL,0,2,0,100,0),
(@PATH,11,132.29857,-346.03976,12.294782,NULL,0,2,0,100,0),
(@PATH,12,150.6117,-333.08597,12.294782,NULL,0,2,0,100,0),
(@PATH,13,171.8186,-345.58026,12.294782,NULL,0,2,0,100,0),
(@PATH,14,199.42459,-334.02628,12.294782,NULL,0,2,0,100,0),
(@PATH,15,192.086,-306.53082,12.294782,NULL,0,2,0,100,0),
(@PATH,16,169.34111,-310.2631,12.294782,NULL,0,2,0,100,0),
(@PATH,17,161.00313,-326.56055,19.017008,NULL,0,2,0,100,0),
(@PATH,18,151.13496,-329.13226,19.017008,NULL,0,2,0,100,0),
(@PATH,19,135.21587,-369.76703,19.017008,NULL,0,2,0,100,0),
(@PATH,20,108.37441,-348.45712,19.017008,NULL,0,2,0,100,0),
(@PATH,21,113.34895,-329.8578,19.017008,NULL,0,2,0,100,0),
(@PATH,22,125.52408,-322.7058,19.017008,NULL,0,2,0,100,0),
(@PATH,23,136.60739,-328.5185,19.017008,NULL,0,2,0,100,0),
(@PATH,24,134.74445,-352.99753,19.017008,NULL,0,2,0,100,0),
(@PATH,25,102.71191,-329.51318,19.017008,NULL,0,2,0,100,0),
(@PATH,26,80.124626,-312.5155,19.017008,NULL,0,2,0,100,0),
(@PATH,27,52.324085,-287.9494,19.017008,NULL,0,2,0,100,0),
(@PATH,28,56.976753,-281.74063,19.017008,NULL,0,2,0,100,0),
(@PATH,29,63.30662,-253.37297,19.017008,NULL,0,2,0,100,0),
(@PATH,30,84.68186,-246.2771,13.128126,NULL,0,2,0,100,0),
(@PATH,31,105.8536,-249.20723,13.128126,NULL,0,2,0,100,0),
(@PATH,32,114.09672,-215.57478,13.128126,NULL,0,2,0,100,0),
(@PATH,33,97.62928,-180.02473,13.128126,NULL,0,2,0,100,0),
(@PATH,34,63.12343,-173.66406,13.128126,NULL,0,2,0,100,0),
(@PATH,35,56.365395,-202.27565,13.128126,NULL,0,2,0,100,0),
(@PATH,36,54.45299,-231.6677,14.350344,NULL,0,2,0,100,0),
(@PATH,37,54.45299,-231.6677,14.350344,NULL,0,2,0,100,0);

-- Modelid
-- Lykul Wasp
DELETE FROM `smart_scripts` WHERE (`entryorguid` = 17732) AND (`source_type` = 0) AND (`id` IN (9));
INSERT INTO `smart_scripts` (`entryorguid`, `source_type`, `id`, `link`, `event_type`, `event_phase_mask`, `event_chance`, `event_flags`, `event_param1`, `event_param2`, `event_param3`, `event_param4`, `event_param5`, `action_type`, `action_param1`, `action_param2`, `action_param3`, `action_param4`, `action_param5`, `action_param6`, `target_type`, `target_param1`, `target_param2`, `target_param3`, `target_param4`, `target_x`, `target_y`, `target_z`, `target_o`, `comment`) VALUES
(17732, 0, 9, 0, 25, 0, 100, 0, 0, 0, 0, 0, 0, 3, 0, 18722, 0, 0, 0, 0, 1, 0, 0, 0, 0, 0, 0, 0, 0, 'Morph on Reset to 18722 due to modelid field being dropped.');
-- Lykul Stinger
DELETE FROM `smart_scripts` WHERE (`entryorguid` = 19632) AND (`source_type` = 0) AND (`id` IN (2));
INSERT INTO `smart_scripts` (`entryorguid`, `source_type`, `id`, `link`, `event_type`, `event_phase_mask`, `event_chance`, `event_flags`, `event_param1`, `event_param2`, `event_param3`, `event_param4`, `event_param5`, `action_type`, `action_param1`, `action_param2`, `action_param3`, `action_param4`, `action_param5`, `action_param6`, `target_type`, `target_param1`, `target_param2`, `target_param3`, `target_param4`, `target_x`, `target_y`, `target_z`, `target_o`, `comment`) VALUES
(19632, 0, 2, 0, 25, 0, 100, 0, 0, 0, 0, 0, 0, 3, 0, 19367, 0, 0, 0, 0, 1, 0, 0, 0, 0, 0, 0, 0, 0, 'Morph on Reset to 19367 due to modelid field being dropped.');
-- Underbog Lord
DELETE FROM `smart_scripts` WHERE (`entryorguid` = 17734) AND (`source_type` = 0) AND (`id` IN (2));
INSERT INTO `smart_scripts` (`entryorguid`, `source_type`, `id`, `link`, `event_type`, `event_phase_mask`, `event_chance`, `event_flags`, `event_param1`, `event_param2`, `event_param3`, `event_param4`, `event_param5`, `action_type`, `action_param1`, `action_param2`, `action_param3`, `action_param4`, `action_param5`, `action_param6`, `target_type`, `target_param1`, `target_param2`, `target_param3`, `target_param4`, `target_x`, `target_y`, `target_z`, `target_o`, `comment`) VALUES
(17734, 0, 2, 0, 25, 0, 100, 0, 0, 0, 0, 0, 0, 3, 0, 17758, 0, 0, 0, 0, 1, 0, 0, 0, 0, 0, 0, 0, 0, 'Morph on Reset to 17758 due to modelid field being dropped.');

-- Patrolling Formations
DELETE FROM `creature_formations` WHERE `leaderGUID` IN (@CGUID+91, @CGUID+111, @CGUID+123, @CGUID+38, @CGUID+47, @CGUID+45, @CGUID+36, @CGUID+68, @CGUID+79, @CGUID+73, @CGUID+145, @CGUID+173, @CGUID+179, @CGUID+188) AND `memberGUID` IN (@CGUID+91, @CGUID+93, @CGUID+111, @CGUID+109, @CGUID+123, @CGUID+124, @CGUID+38, @CGUID+43, @CGUID+47, @CGUID+46, @CGUID+45, @CGUID+42, @CGUID+36, @CGUID+30, @CGUID+31, @CGUID+68, @CGUID+70, @CGUID+72, @CGUID+79, @CGUID+39, @CGUID+40, @CGUID+73, @CGUID+74, @CGUID+75, @CGUID+76, @CGUID+145, @CGUID+138, @CGUID+140, @CGUID+142, @CGUID+173, @CGUID+162, @CGUID+163, @CGUID+179, @CGUID+176, @CGUID+177, @CGUID+188, @CGUID+190, @CGUID+191);
INSERT INTO `creature_formations` (`leaderGUID`, `memberGUID`, `dist`, `angle`, `groupAI`) VALUES
(@CGUID+91, @CGUID+91, 0, 0, 3),
(@CGUID+91, @CGUID+93, 2.75, 90, 515),
(@CGUID+111, @CGUID+111, 0, 0, 3),
(@CGUID+111, @CGUID+109, 2.75, 90, 515),
(@CGUID+123, @CGUID+123, 0, 0, 3),
(@CGUID+123, @CGUID+124, 2.75, 90, 515),
(@CGUID+38, @CGUID+38, 0, 0, 3),
(@CGUID+38, @CGUID+43, 8, 180, 515),
(@CGUID+47, @CGUID+47, 0, 0, 3),
(@CGUID+47, @CGUID+46, 8, 180, 515),
(@CGUID+45, @CGUID+45, 0, 0, 3),
(@CGUID+45, @CGUID+42, 8, 180, 515),
(@CGUID+36, @CGUID+36, 0, 0, 3),
(@CGUID+36, @CGUID+30, 8, 150, 515),
(@CGUID+36, @CGUID+31, 8, 210, 515),
(@CGUID+68, @CGUID+68, 0, 0, 3),
(@CGUID+68, @CGUID+70, 8, 160, 515),
(@CGUID+68, @CGUID+72, 8, 200, 515),
(@CGUID+79, @CGUID+79, 0, 0, 3),
(@CGUID+79, @CGUID+39, 8, 150, 515),
(@CGUID+79, @CGUID+40, 8, 210, 515),
(@CGUID+73, @CGUID+73, 0, 0, 3),
(@CGUID+73, @CGUID+74, 14, 180, 515),
(@CGUID+73, @CGUID+75, 8, 160, 515),
(@CGUID+73, @CGUID+76, 8, 200, 515),
(@CGUID+145, @CGUID+145, 0, 0, 3),
(@CGUID+145, @CGUID+142, 6, 180, 515),
(@CGUID+145, @CGUID+138, 3, 150, 515),
(@CGUID+145, @CGUID+140, 3, 210, 515),
(@CGUID+173, @CGUID+173, 0, 0, 3),
(@CGUID+173, @CGUID+162, 8, 150, 515),
(@CGUID+173, @CGUID+163, 8, 210, 515),
(@CGUID+179, @CGUID+179, 0, 0, 3),
(@CGUID+179, @CGUID+176, 3, 90, 515),
(@CGUID+179, @CGUID+177, 3, 270, 515),
(@CGUID+188, @CGUID+188, 0, 0, 3),
(@CGUID+188, @CGUID+191, 3, 90, 515),
(@CGUID+188, @CGUID+190, 3, 270, 515);

-- Static formations
DELETE FROM `creature_formations` WHERE `leaderGUID` IN (@CGUID+01,@CGUID+02,@CGUID+08,@CGUID+24,@CGUID+33,@CGUID+34,@CGUID+38,@CGUID+47,@CGUID+78,@CGUID+100,@CGUID+101,@CGUID+106,@CGUID+108,@CGUID+110,@CGUID+117,@CGUID+125,@CGUID+151,@CGUID+164,@CGUID+180,@CGUID+184,@CGUID+192,@CGUID+194,@CGUID+199) AND `memberGUID` IN (@CGUID+00,@CGUID+01,@CGUID+02,@CGUID+03,@CGUID+04,@CGUID+05,@CGUID+06,@CGUID+07,@CGUID+08,@CGUID+13,@CGUID+17,@CGUID+24,@CGUID+25,@CGUID+26,@CGUID+32,@CGUID+33,@CGUID+34,@CGUID+35,@CGUID+49,@CGUID+51,@CGUID+78,@CGUID+80,@CGUID+100,@CGUID+101,@CGUID+102,@CGUID+103,@CGUID+104,@CGUID+106,@CGUID+107,@CGUID+108,@CGUID+110,@CGUID+112,@CGUID+113,@CGUID+114,@CGUID+115,@CGUID+116,@CGUID+117,@CGUID+118,@CGUID+119,@CGUID+120,@CGUID+121,@CGUID+122,@CGUID+125,@CGUID+128,@CGUID+129,@CGUID+151,@CGUID+152,@CGUID+154,@CGUID+155,@CGUID+164,@CGUID+165,@CGUID+175,@CGUID+180,@CGUID+182,@CGUID+183,@CGUID+184,@CGUID+186,@CGUID+187,@CGUID+192,@CGUID+193,@CGUID+194,@CGUID+195,@CGUID+197,@CGUID+199,@CGUID+200) AND `groupAI`=3;
INSERT INTO `creature_formations` (`leaderGUID`, `memberGUID`, `dist`, `angle`, `groupAI`) VALUES
(@CGUID+01 , @CGUID+01 , 0, 0, 3),
(@CGUID+01 , @CGUID+00 , 0, 0, 3),
(@CGUID+01 , @CGUID+04 , 0, 0, 3),
(@CGUID+08 , @CGUID+08 , 0, 0, 3),
(@CGUID+08 , @CGUID+06 , 0, 0, 3),
(@CGUID+08 , @CGUID+07 , 0, 0, 3),
(@CGUID+02 , @CGUID+02 , 0, 0, 3),
(@CGUID+02 , @CGUID+03 , 0, 0, 3),
(@CGUID+02 , @CGUID+26 , 0, 0, 3),
(@CGUID+24 , @CGUID+24 , 0, 0, 3),
(@CGUID+24 , @CGUID+49 , 0, 0, 3),
(@CGUID+24 , @CGUID+51 , 0, 0, 3),
(@CGUID+34 , @CGUID+34 , 0, 0, 3),
(@CGUID+34 , @CGUID+17 , 0, 0, 3),
(@CGUID+34 , @CGUID+13 , 0, 0, 3),
(@CGUID+33 , @CGUID+33 , 0, 0, 3),
(@CGUID+33 , @CGUID+35 , 0, 0, 3),
(@CGUID+33 , @CGUID+32 , 0, 0, 3),
(@CGUID+78 , @CGUID+78 , 0, 0, 3),
(@CGUID+78 , @CGUID+80 , 0, 0, 3),
(@CGUID+101, @CGUID+101, 0, 0, 3),
(@CGUID+101, @CGUID+104, 0, 0, 3),
(@CGUID+117, @CGUID+117, 0, 0, 3),
(@CGUID+117, @CGUID+118, 0, 0, 3),
(@CGUID+117, @CGUID+119, 0, 0, 3),
(@CGUID+117, @CGUID+122, 0, 0, 3),
(@CGUID+108, @CGUID+108, 0, 0, 3),
(@CGUID+108, @CGUID+112, 0, 0, 3),
(@CGUID+108, @CGUID+120, 0, 0, 3),
(@CGUID+100, @CGUID+100, 0, 0, 3),
(@CGUID+100, @CGUID+102, 0, 0, 3),
(@CGUID+100, @CGUID+103, 0, 0, 3),
(@CGUID+151, @CGUID+151, 0, 0, 3),
(@CGUID+151, @CGUID+152, 0, 0, 3),
(@CGUID+151, @CGUID+154, 0, 0, 3),
(@CGUID+151, @CGUID+155, 0, 0, 3),
(@CGUID+125, @CGUID+125, 0, 0, 3),
(@CGUID+125, @CGUID+128, 0, 0, 3),
(@CGUID+125, @CGUID+129, 0, 0, 3),
(@CGUID+106, @CGUID+106, 0, 0, 3),
(@CGUID+106, @CGUID+107, 0, 0, 3),
(@CGUID+106, @CGUID+113, 0, 0, 3),
(@CGUID+106, @CGUID+115, 0, 0, 3),
(@CGUID+110, @CGUID+110, 0, 0, 3),
(@CGUID+110, @CGUID+114, 0, 0, 3),
(@CGUID+110, @CGUID+116, 0, 0, 3),
(@CGUID+110, @CGUID+121, 0, 0, 3),
(@CGUID+199, @CGUID+199, 0, 0, 3),
(@CGUID+199, @CGUID+200, 0, 0, 3),
(@CGUID+164, @CGUID+164, 0, 0, 3),
(@CGUID+164, @CGUID+165, 0, 0, 3),
(@CGUID+164, @CGUID+175, 0, 0, 3),
(@CGUID+180, @CGUID+180, 0, 0, 3),
(@CGUID+180, @CGUID+182, 0, 0, 3),
(@CGUID+180, @CGUID+183, 0, 0, 3),
(@CGUID+184, @CGUID+184, 0, 0, 3),
(@CGUID+184, @CGUID+186, 0, 0, 3),
(@CGUID+184, @CGUID+187, 0, 0, 3),
(@CGUID+192, @CGUID+192, 0, 0, 3),
(@CGUID+192, @CGUID+193, 0, 0, 3),
(@CGUID+194, @CGUID+194, 0, 0, 3),
(@CGUID+194, @CGUID+195, 0, 0, 3),
(@CGUID+194, @CGUID+197, 0, 0, 3),
(@CGUID+38 , @CGUID+05 , 0, 0, 3),
(@CGUID+47 , @CGUID+25 , 0, 0, 3);

-- Gameobjects
-- Deletes
DELETE FROM `pool_template` WHERE `entry` IN (2035, 11710) AND `description` LIKE '%Underbog%';
DELETE FROM `pool_pool` WHERE `pool_id`=11710 AND `description` LIKE '%Underbog%';
DELETE FROM `pool_gameobject` WHERE `pool_entry`=11710 AND `description` LIKE '%Adamantite%';
DELETE FROM `gameobject` WHERE `map`=546 AND `id` IN (181270, 181275, 181276, 181278, 181556, 181557, 181569, 183385);

SET @OGUID := 104330; -- 83
SET @POOL := 13297;
SET @POOLMOTHER := 8302;

DELETE FROM `gameobject` WHERE `map`=546 AND `ZoneId`=3716 AND `guid` BETWEEN @OGUID+0 AND @OGUID+82;
INSERT INTO `gameobject` (`guid`, `id`, `map`, `zoneId`, `areaId`, `spawnMask`, `phaseMask`, `position_x`, `position_y`, `position_z`, `orientation`, `rotation0`, `rotation1`, `rotation2`, `rotation3`, `spawntimesecs`, `animprogress`, `state`, `ScriptName`, `VerifiedBuild`) VALUES
-- Static Herbs
(@OGUID+0 , 181270, 546, 3716, 3716, 3, 1, 93.5056, -248.733, -4.49002, 4.03171, 0, 0, -0.902585, 0.430512, 86400, 255, 1, '', 46597),
(@OGUID+1 , 181270, 546, 3716, 3716, 3, 1, 137.237, -105.671, 25.2929, 1.65806, 0, 0, 0.737277, 0.675591, 86400, 255, 1, '', 46597),
(@OGUID+2 , 181270, 546, 3716, 3716, 3, 1, 203.842, 27.0237, 27.5625, 1.95477, 0, 0, 0.829038, 0.559193, 86400, 255, 1, '', 46597),
(@OGUID+3 , 181270, 546, 3716, 3716, 3, 1, -90.7205, -420.499, 36.0739, 0.488691, 0, 0, 0.241921, 0.970296, 86400, 255, 1, '', 46597),
(@OGUID+4 , 181270, 546, 3716, 3716, 3, 1, 182.117, -143.183, 29.97, 1.78023, 0, 0, 0.777145, 0.629321, 86400, 255, 1, '', 46597),
(@OGUID+5 , 181270, 546, 3716, 3716, 3, 1, 272.366, -119.92, 29.8515, 3.24635, 0, 0, -0.998629, 0.0523532, 86400, 255, 1, '', 46597),
(@OGUID+6 , 181270, 546, 3716, 3716, 3, 1, 61.0071, -373.113, 33.0967, 4.53786, 0, 0, -0.766044, 0.642789, 86400, 255, 1, '', 46597),
(@OGUID+7 , 181278, 546, 3716, 3716, 3, 1, -2.68117, -315.83, 30.7248, 5.02655, 0, 0, -0.587785, 0.809017, 86400, 255, 1, '', 46597),
(@OGUID+8 , 181278, 546, 3716, 3716, 3, 1, -116.675, -210.801, -3.94286, 4.20625, 0, 0, -0.861629, 0.507539, 86400, 255, 1, '', 46597),
(@OGUID+9 , 181278, 546, 3716, 3716, 3, 1, 62.9603, -139.88, -2.75016, 3.15906, 0, 0, -0.999962, 0.00873464, 86400, 255, 1, '', 46597),
(@OGUID+10, 181278, 546, 3716, 3716, 3, 1, 348.62, -457.65, 27.2505, 6.23083, 0, 0, -0.0261765, 0.999657, 86400, 255, 1, '', 46597),
(@OGUID+11, 181278, 546, 3716, 3716, 3, 1, -91.5404, -300.066, -4.53596, 2.63544, 0, 0, 0.968147, 0.250381, 86400, 255, 1, '', 46597),
(@OGUID+12, 181278, 546, 3716, 3716, 3, 1, 72.7041, -270.414, 32.2554, 5.58505, 0, 0, -0.34202, 0.939693, 86400, 255, 1, '', 46597),
(@OGUID+13, 181278, 546, 3716, 3716, 3, 1, -9.05861, -93.5046, -4.53404, 1.46608, 0, 0, 0.66913, 0.743145, 86400, 255, 1, '', 46597),
(@OGUID+14, 181278, 546, 3716, 3716, 3, 1, 15.0907, -397.518, 27.3274, 5.60251, 0, 0, -0.333807, 0.942641, 86400, 255, 1, '', 46597),
(@OGUID+15, 181278, 546, 3716, 3716, 3, 1, 346.822, -359.794, 34.2163, 0.296705, 0, 0, 0.147809, 0.989016, 86400, 255, 1, '', 46597),
(@OGUID+16, 181278, 546, 3716, 3716, 3, 1, -57.5731, -223.815, -4.5367, 5.16618, 0, 0, -0.529919, 0.848048, 86400, 255, 1, '', 46597),
(@OGUID+17, 181278, 546, 3716, 3716, 3, 1, 24.3616, -368.393, 27.2573, 1.37881, 0, 0, 0.636078, 0.771625, 86400, 255, 1, '', 46597),
(@OGUID+18, 181278, 546, 3716, 3716, 3, 1, -160.595, -274.614, -4.72734, 1.43117, 0, 0, 0.656058, 0.75471, 86400, 255, 1, '', 46597),
(@OGUID+19, 181278, 546, 3716, 3716, 3, 1, 356.161, -519.471, 31.7733, 3.56047, 0, 0, -0.978148, 0.207912, 86400, 255, 1, '', 46597),
(@OGUID+20, 181278, 546, 3716, 3716, 3, 1, 33.0805, -170.199, -3.80013, 2.87979, 0, 0, 0.991445, 0.130528, 86400, 255, 1, '', 46597),
(@OGUID+21, 181278, 546, 3716, 3716, 3, 1, 77.4358, -75.2255, -2.75669, 2.89725, 0, 0, 0.992546, 0.12187, 86400, 255, 1, '', 46597),
(@OGUID+22, 183385, 546, 3716, 3716, 3, 1, -145.452, -217.687, -3.40478, 0.558504, 0, 0, 0.275637, 0.961262, 86400, 255, 1, '', 46597),
(@OGUID+23, 183385, 546, 3716, 3716, 3, 1, 80.5045, -70.984, -2.75813, 4.76475, 0, 0, -0.688354, 0.725374, 86400, 255, 0, '', 46597),
(@OGUID+24, 183385, 546, 3716, 3716, 3, 1, 52.3858, -188.325, -4.27433, 3.80482, 0, 0, -0.945518, 0.325568, 86400, 255, 0, '', 46597),
(@OGUID+25, 183385, 546, 3716, 3716, 3, 1, -92.5955, -254.416, 23.0712, 3.64774, 0, 0, -0.968147, 0.250381, 86400, 255, 1, '', 46597),
(@OGUID+26, 183385, 546, 3716, 3716, 3, 1, 295.075, -124.002, 29.7138, 0.174532, 0, 0, 0.0871553, 0.996195, 86400, 255, 1, '', 46597),
(@OGUID+27, 183385, 546, 3716, 3716, 3, 1, 257.251, -263.907, 24.6426, 4.27606, 0, 0, -0.843391, 0.5373, 86400, 255, 1, '', 46597),
(@OGUID+28, 183385, 546, 3716, 3716, 3, 1, 22.0234, -339.981, 29.1816, 1.23918, 0, 0, 0.580703, 0.814116, 86400, 255, 1, '', 46597),
(@OGUID+29, 183385, 546, 3716, 3716, 3, 1, 246.218, -232.518, 25.9543, 1.46608, 0, 0, 0.66913, 0.743145, 86400, 255, 1, '', 46597),
(@OGUID+30, 183385, 546, 3716, 3716, 3, 1, -98.4295, -312.399, -3.89505, 5.07891, 0, 0, -0.566406, 0.824126, 86400, 255, 1, '', 46597),
(@OGUID+31, 183385, 546, 3716, 3716, 3, 1, 74.1957, -402.898, 33.6921, 1.74533, 0, 0, 0.766044, 0.642789, 86400, 255, 1, '', 46597),
(@OGUID+32, 183385, 546, 3716, 3716, 3, 1, -66.7795, -240.119, -4.53713, 3.00195, 0, 0, 0.997563, 0.0697661, 86400, 255, 1, '', 46597),
(@OGUID+33, 183385, 546, 3716, 3716, 3, 1, 144.881, -69.8086, 27.4349, 0.994837, 0, 0, 0.477159, 0.878817, 86400, 255, 1, '', 46597),
(@OGUID+34, 183385, 546, 3716, 3716, 3, 1, 97.2424, -216.338, 30.534, 1.20428, 0, 0, 0.566406, 0.824126, 86400, 255, 1, '', 46597),
(@OGUID+35, 183385, 546, 3716, 3716, 3, 1, -23.6591, -109.071, -4.53406, 4.08407, 0, 0, -0.891006, 0.453991, 86400, 255, 1, '', 46597),
(@OGUID+36, 183385, 546, 3716, 3716, 3, 1, 1.73994, -246.563, -4.53322, 5.18363, 0, 0, -0.522498, 0.85264, 86400, 255, 1, '', 46597),
(@OGUID+37, 183385, 546, 3716, 3716, 3, 1, 116.041, 4.26817, 27.5625, 1.22173, 0, 0, 0.573576, 0.819152, 86400, 255, 1, '', 46597),
(@OGUID+38, 183385, 546, 3716, 3716, 3, 1, 105.351, -295.466, 32.2288, 4.18879, 0, 0, -0.866025, 0.500001, 86400, 255, 1, '', 46597),
(@OGUID+39, 183385, 546, 3716, 3716, 3, 1, 57.5122, -228.652, -4.47403, 4.36332, 0, 0, -0.819152, 0.573577, 86400, 255, 1, '', 46597),
(@OGUID+40, 183385, 546, 3716, 3716, 3, 1, -151.674, -308.373, -4.80901, 1.65806, 0, 0, 0.737277, 0.675591, 86400, 255, 1, '', 46597),
(@OGUID+41, 183385, 546, 3716, 3716, 3, 1, 329.194, -478.867, 50.5704, 1.72787, 0, 0, 0.760406, 0.649449, 86400, 255, 1, '', 46597),
-- Ragveil (75%)
(@OGUID+42, 181275, 546, 3716, 3716, 3, 1, 146.34, -150.24, 30.7501, 3.89209, 0, 0, -0.930417, 0.366502, 86400, 255, 1, '', 46597),
(@OGUID+44, 181275, 546, 3716, 3716, 3, 1, 346.318, -336.01, 28.1087, 1.43117, 0, 0, 0.656058, 0.75471, 86400, 255, 1, '', 46597),
(@OGUID+46, 181275, 546, 3716, 3716, 3, 1, 278.916, -236.037, 29.1704, 2.70526, 0, 0, 0.976295, 0.216442, 86400, 255, 1, '', 46597),
(@OGUID+48, 181275, 546, 3716, 3716, 3, 1, 309.742, -299.783, 21.0056, 3.45576, 0, 0, -0.987688, 0.156436, 86400, 255, 1, '', 46597),
(@OGUID+50, 181275, 546, 3716, 3716, 3, 1, 376.429, -453.141, 33.1995, 4.03171, 0, 0, -0.902585, 0.430512, 86400, 255, 1, '', 46597),
(@OGUID+52, 181275, 546, 3716, 3716, 3, 1, 58.3593, -28.0166, 20.8195, 3.00195, 0, 0, 0.997563, 0.0697661, 86400, 255, 1, '', 46597),
(@OGUID+54, 181275, 546, 3716, 3716, 3, 1, 136.348, 53.4126, 27.5625, 3.50812, 0, 0, -0.983254, 0.182238, 86400, 255, 1, '', 46597),
-- Flame Cap (25%)
(@OGUID+43, 181276, 546, 3716, 3716, 3, 1, 146.34, -150.24, 30.7501, 3.89209, 0, 0, -0.930417, 0.366502, 86400, 255, 1, '', 46597),
(@OGUID+45, 181276, 546, 3716, 3716, 3, 1, 346.318, -336.01, 28.1087, 1.43117, 0, 0, 0.656058, 0.75471, 86400, 255, 1, '', 46597),
(@OGUID+47, 181276, 546, 3716, 3716, 3, 1, 278.916, -236.037, 29.1704, 2.70526, 0, 0, 0.976295, 0.216442, 86400, 255, 1, '', 46597),
(@OGUID+49, 181276, 546, 3716, 3716, 3, 1, 309.742, -299.783, 21.0056, 3.45576, 0, 0, -0.987688, 0.156436, 86400, 255, 1, '', 46597),
(@OGUID+51, 181276, 546, 3716, 3716, 3, 1, 376.429, -453.141, 33.1995, 4.03171, 0, 0, -0.902585, 0.430512, 86400, 255, 1, '', 46597),
(@OGUID+53, 181276, 546, 3716, 3716, 3, 1, 58.3593, -28.0166, 20.8195, 3.00195, 0, 0, 0.997563, 0.0697661, 86400, 255, 1, '', 46597),
(@OGUID+55, 181276, 546, 3716, 3716, 3, 1, 136.348, 53.4126, 27.5625, 3.50812, 0, 0, -0.983254, 0.182238, 86400, 255, 1, '', 46597),
-- Adamantite Deposit (45%)
(@OGUID+56, 181556, 546, 3716, 3716, 3, 1, -36.6434, -199.135, -4.53535, 3.97935, 0, 0, -0.913545, 0.406738, 86400, 255, 1, '', 46597),
(@OGUID+59, 181556, 546, 3716, 3716, 3, 1, 288.463, -222.083, 34.2095, 3.85718, 0, 0, -0.936671, 0.35021, 86400, 255, 1, '', 46597),
(@OGUID+62, 181556, 546, 3716, 3716, 3, 1, 272.727, -307.432, 22.2222, 4.08407, 0, 0, -0.891006, 0.453991, 86400, 255, 1, '', 46597),
(@OGUID+65, 181556, 546, 3716, 3716, 3, 1, -157.746, -233.748, -3.59433, 5.25344, 0, 0, -0.492423, 0.870356, 86400, 255, 1, '', 46597),
(@OGUID+68, 181556, 546, 3716, 3716, 3, 1, 15.6076, -257.257, -30.4535, 0.174532, 0, 0, 0.0871553, 0.996195, 86400, 255, 1, '', 46597),
(@OGUID+71, 181556, 546, 3716, 3716, 3, 1, -121.527, -204.633, -3.71037, 5.3058, 0, 0, -0.469471, 0.882948, 86400, 255, 1, '', 46597),
(@OGUID+74, 181556, 546, 3716, 3716, 3, 1, 69.0821, -220.409, -4.42387, 2.16421, 0, 0, 0.882947, 0.469473, 86400, 255, 1, '', 46597),
(@OGUID+77, 181556, 546, 3716, 3716, 3, 1, 269.613, -160.235, 31.2132, 6.21337, 0, 0, -0.0348988, 0.999391, 86400, 255, 1, '', 46597),
(@OGUID+80, 181556, 546, 3716, 3716, 3, 1, -72.0217, -249.287, -0.160408, 5.02655, 0, 0, -0.587785, 0.809017, 86400, 255, 1, '', 46597),
-- Rich Adamantite Deposit (40%)
(@OGUID+57, 181569, 546, 3716, 3716, 3, 1, -36.6434, -199.135, -4.53535, 3.97935, 0, 0, -0.913545, 0.406738, 86400, 255, 1, '', 46597),
(@OGUID+60, 181569, 546, 3716, 3716, 3, 1, 288.463, -222.083, 34.2095, 3.85718, 0, 0, -0.936671, 0.35021, 86400, 255, 1, '', 46597),
(@OGUID+63, 181569, 546, 3716, 3716, 3, 1, 272.727, -307.432, 22.2222, 4.08407, 0, 0, -0.891006, 0.453991, 86400, 255, 1, '', 46597),
(@OGUID+66, 181569, 546, 3716, 3716, 3, 1, -157.746, -233.748, -3.59433, 5.25344, 0, 0, -0.492423, 0.870356, 86400, 255, 1, '', 46597),
(@OGUID+69, 181569, 546, 3716, 3716, 3, 1, 15.6076, -257.257, -30.4535, 0.174532, 0, 0, 0.0871553, 0.996195, 86400, 255, 1, '', 46597),
(@OGUID+72, 181569, 546, 3716, 3716, 3, 1, -121.527, -204.633, -3.71037, 5.3058, 0, 0, -0.469471, 0.882948, 86400, 255, 1, '', 46597),
(@OGUID+75, 181569, 546, 3716, 3716, 3, 1, 69.0821, -220.409, -4.42387, 2.16421, 0, 0, 0.882947, 0.469473, 86400, 255, 1, '', 46597),
(@OGUID+78, 181569, 546, 3716, 3716, 3, 1, 269.613, -160.235, 31.2132, 6.21337, 0, 0, -0.0348988, 0.999391, 86400, 255, 1, '', 46597),
(@OGUID+81, 181569, 546, 3716, 3716, 3, 1, -72.0217, -249.287, -0.160408, 5.02655, 0, 0, -0.587785, 0.809017, 86400, 255, 1, '', 46597),
-- Khorium Vein (5%)
(@OGUID+58, 181557, 546, 3716, 3716, 3, 1, -36.6434, -199.135, -4.53535, 3.97935, 0, 0, -0.913545, 0.406738, 86400, 255, 1, '', 46597),
(@OGUID+61, 181557, 546, 3716, 3716, 3, 1, 288.463, -222.083, 34.2095, 3.85718, 0, 0, -0.936671, 0.35021, 86400, 255, 1, '', 46597),
(@OGUID+64, 181557, 546, 3716, 3716, 3, 1, 272.727, -307.432, 22.2222, 4.08407, 0, 0, -0.891006, 0.453991, 86400, 255, 1, '', 46597),
(@OGUID+67, 181557, 546, 3716, 3716, 3, 1, -157.746, -233.748, -3.59433, 5.25344, 0, 0, -0.492423, 0.870356, 86400, 255, 1, '', 46597),
(@OGUID+70, 181557, 546, 3716, 3716, 3, 1, 15.6076, -257.257, -30.4535, 0.174532, 0, 0, 0.0871553, 0.996195, 86400, 255, 1, '', 46597),
(@OGUID+73, 181557, 546, 3716, 3716, 3, 1, -121.527, -204.633, -3.71037, 5.3058, 0, 0, -0.469471, 0.882948, 86400, 255, 1, '', 46597),
(@OGUID+76, 181557, 546, 3716, 3716, 3, 1, 69.0821, -220.409, -4.42387, 2.16421, 0, 0, 0.882947, 0.469473, 86400, 255, 1, '', 46597),
(@OGUID+79, 181557, 546, 3716, 3716, 3, 1, 269.613, -160.235, 31.2132, 6.21337, 0, 0, -0.0348988, 0.999391, 86400, 255, 1, '', 46597),
(@OGUID+82, 181557, 546, 3716, 3716, 3, 1, -72.0217, -249.287, -0.160408, 5.02655, 0, 0, -0.587785, 0.809017, 86400, 255, 1, '', 46597);

DELETE FROM `pool_template` WHERE `description` LIKE '%The Underbog%' AND `entry` BETWEEN @POOLMOTHER+0 AND @POOLMOTHER+3;
INSERT INTO `pool_template` (`entry`, `max_limit`, `description`) VALUES
(@POOLMOTHER+0, 1, 'The Underbog - Ores - Group 1'),
(@POOLMOTHER+1, 1, 'The Underbog - Ores - Group 2'),
(@POOLMOTHER+2, 1, 'The Underbog - Ragveil / Flame Cap - Group 1'),
(@POOLMOTHER+3, 1, 'The Underbog - Ragveil / Flame Cap - Group 2');

DELETE FROM `pool_pool` WHERE `description` LIKE '%The Underbog%' AND `pool_id` BETWEEN @POOL+0 AND @POOL+15 AND `mother_pool` BETWEEN @POOLMOTHER+0 AND @POOLMOTHER+3;
INSERT INTO `pool_pool` (`pool_id`, `mother_pool`, `chance`, `description`) VALUES
(@POOL+3, @POOLMOTHER+0, 0, 'The Underbog - Ores - Group 1'),
(@POOL+4, @POOLMOTHER+0, 0, 'The Underbog - Ores - Group 1'),
(@POOL+5, @POOLMOTHER+0, 0, 'The Underbog - Ores - Group 1'),
(@POOL+6, @POOLMOTHER+0, 0, 'The Underbog - Ores - Group 1'),
(@POOL+0, @POOLMOTHER+0, 0, 'The Underbog - Ores - Group 1'),
(@POOL+8, @POOLMOTHER+0, 0, 'The Underbog - Ores - Group 1'),
(@POOL+1, @POOLMOTHER+1, 0, 'The Underbog - Ores - Group 2'),
(@POOL+2, @POOLMOTHER+1, 0, 'The Underbog - Ores - Group 2'),
(@POOL+7, @POOLMOTHER+1, 0, 'The Underbog - Ores - Group 2'),
(@POOL+10, @POOLMOTHER+2, 0, 'The Underbog - Ragveil / Flame Cap - Group 1'),
(@POOL+11, @POOLMOTHER+2, 0, 'The Underbog - Ragveil / Flame Cap - Group 1'),
(@POOL+12, @POOLMOTHER+2, 0, 'The Underbog - Ragveil / Flame Cap - Group 1'),
(@POOL+13, @POOLMOTHER+2, 0, 'The Underbog - Ragveil / Flame Cap - Group 1'),
(@POOL+9, @POOLMOTHER+3, 0, 'The Underbog - Ragveil / Flame Cap - Group 2'),
(@POOL+14, @POOLMOTHER+3, 0, 'The Underbog - Ragveil / Flame Cap - Group 2'),
(@POOL+15, @POOLMOTHER+3, 0, 'The Underbog - Ragveil / Flame Cap - Group 2');

DELETE FROM `pool_template` WHERE `description` LIKE '%Underbog%' AND `entry` BETWEEN @POOL+0 AND @POOL+15;
INSERT INTO `pool_template` (`entry`, `max_limit`, `description`) VALUES
(@POOL+0 , 1, 'The Underbog - Adamantite Deposit / Rich Adamantite Deposit / Khorium Vein'),
(@POOL+1 , 1, 'The Underbog - Adamantite Deposit / Rich Adamantite Deposit / Khorium Vein'),
(@POOL+2 , 1, 'The Underbog - Adamantite Deposit / Rich Adamantite Deposit / Khorium Vein'),
(@POOL+3 , 1, 'The Underbog - Adamantite Deposit / Rich Adamantite Deposit / Khorium Vein'),
(@POOL+4 , 1, 'The Underbog - Adamantite Deposit / Rich Adamantite Deposit / Khorium Vein'),
(@POOL+5 , 1, 'The Underbog - Adamantite Deposit / Rich Adamantite Deposit / Khorium Vein'),
(@POOL+6 , 1, 'The Underbog - Adamantite Deposit / Rich Adamantite Deposit / Khorium Vein'),
(@POOL+7 , 1, 'The Underbog - Adamantite Deposit / Rich Adamantite Deposit / Khorium Vein'),
(@POOL+8 , 1, 'The Underbog - Adamantite Deposit / Rich Adamantite Deposit / Khorium Vein'),
(@POOL+9 , 1, 'The Underbog - Ragveil / Flame Cap'),
(@POOL+10, 1, 'The Underbog - Ragveil / Flame Cap'),
(@POOL+11, 1, 'The Underbog - Ragveil / Flame Cap'),
(@POOL+12, 1, 'The Underbog - Ragveil / Flame Cap'),
(@POOL+13, 1, 'The Underbog - Ragveil / Flame Cap'),
(@POOL+14, 1, 'The Underbog - Ragveil / Flame Cap'),
(@POOL+15, 1, 'The Underbog - Ragveil / Flame Cap');

DELETE FROM `pool_gameobject` WHERE `description` LIKE '%Underbog%' AND `guid` BETWEEN @OGUID+56 AND @OGUID+82 AND `pool_entry` BETWEEN @POOL+0 AND @POOL+8;
INSERT INTO `pool_gameobject` (`guid`, `pool_entry`, `chance`, `description`) VALUES
(@OGUID+56, @POOL+0, 0, 'Adamantite Deposit - The Underbog'),
(@OGUID+59, @POOL+1, 0, 'Adamantite Deposit - The Underbog'),
(@OGUID+62, @POOL+2, 0, 'Adamantite Deposit - The Underbog'),
(@OGUID+65, @POOL+3, 0, 'Adamantite Deposit - The Underbog'),
(@OGUID+68, @POOL+4, 0, 'Adamantite Deposit - The Underbog'),
(@OGUID+71, @POOL+5, 0, 'Adamantite Deposit - The Underbog'),
(@OGUID+74, @POOL+6, 0, 'Adamantite Deposit - The Underbog'),
(@OGUID+77, @POOL+7, 0, 'Adamantite Deposit - The Underbog'),
(@OGUID+80, @POOL+8, 0, 'Adamantite Deposit - The Underbog'),
(@OGUID+57, @POOL+0, 40, 'Rich Adamantite Deposit - The Underbog'),
(@OGUID+60, @POOL+1, 40, 'Rich Adamantite Deposit - The Underbog'),
(@OGUID+63, @POOL+2, 40, 'Rich Adamantite Deposit - The Underbog'),
(@OGUID+66, @POOL+3, 40, 'Rich Adamantite Deposit - The Underbog'),
(@OGUID+69, @POOL+4, 40, 'Rich Adamantite Deposit - The Underbog'),
(@OGUID+72, @POOL+5, 40, 'Rich Adamantite Deposit - The Underbog'),
(@OGUID+75, @POOL+6, 40, 'Rich Adamantite Deposit - The Underbog'),
(@OGUID+78, @POOL+7, 40, 'Rich Adamantite Deposit - The Underbog'),
(@OGUID+81, @POOL+8, 40, 'Rich Adamantite Deposit - The Underbog'),
(@OGUID+58, @POOL+0, 5, 'Khorium Vein - The Underbog'),
(@OGUID+61, @POOL+1, 5, 'Khorium Vein - The Underbog'),
(@OGUID+64, @POOL+2, 5, 'Khorium Vein - The Underbog'),
(@OGUID+67, @POOL+3, 5, 'Khorium Vein - The Underbog'),
(@OGUID+70, @POOL+4, 5, 'Khorium Vein - The Underbog'),
(@OGUID+73, @POOL+5, 5, 'Khorium Vein - The Underbog'),
(@OGUID+76, @POOL+6, 5, 'Khorium Vein - The Underbog'),
(@OGUID+79, @POOL+7, 5, 'Khorium Vein - The Underbog'),
(@OGUID+82, @POOL+8, 5, 'Khorium Vein - The Underbog');

DELETE FROM `pool_gameobject` WHERE `description` LIKE '%Underbog%' AND `guid` BETWEEN @OGUID+42 AND @OGUID+55 AND `pool_entry` BETWEEN @POOL+9 AND @POOL+15;
INSERT INTO `pool_gameobject` (`guid`, `pool_entry`, `chance`, `description`) VALUES
(@OGUID+42, @POOL+9 , 0, 'Ragveil - The Underbog'),
(@OGUID+44, @POOL+10, 0, 'Ragveil - The Underbog'),
(@OGUID+46, @POOL+11, 0, 'Ragveil - The Underbog'),
(@OGUID+48, @POOL+12, 0, 'Ragveil - The Underbog'),
(@OGUID+50, @POOL+13, 0, 'Ragveil - The Underbog'),
(@OGUID+52, @POOL+14, 0, 'Ragveil - The Underbog'),
(@OGUID+54, @POOL+15, 0, 'Ragveil - The Underbog'),
(@OGUID+43, @POOL+9 , 25, 'Flame Cap - The Underbog'),
(@OGUID+45, @POOL+10, 25, 'Flame Cap - The Underbog'),
(@OGUID+47, @POOL+11, 25, 'Flame Cap - The Underbog'),
(@OGUID+49, @POOL+12, 25, 'Flame Cap - The Underbog'),
(@OGUID+51, @POOL+13, 25, 'Flame Cap - The Underbog'),
(@OGUID+53, @POOL+14, 25, 'Flame Cap - The Underbog'),
(@OGUID+55, @POOL+15, 25, 'Flame Cap - The Underbog');

DELETE FROM `pool_template` WHERE `description` LIKE '%Underbog%' AND `entry` BETWEEN @POOLMOTHER+5 AND @POOLMOTHER+11;
INSERT INTO `pool_template` (`entry`, `max_limit`, `description`) VALUES
(@POOLMOTHER+5 , 12, 'The Underbog - Sanguine Hibiscus - Master Group'),
(@POOLMOTHER+6 , 1, 'The Underbog - Felweed - Group 1'),
(@POOLMOTHER+7 , 1, 'The Underbog - Felweed - Group 2'),
(@POOLMOTHER+8 , 1, 'The Underbog - Ancient Lichen - Group 1'),
(@POOLMOTHER+9 , 1, 'The Underbog - Ancient Lichen - Group 2'),
(@POOLMOTHER+10, 1, 'The Underbog - Ancient Lichen - Group 3'),
(@POOLMOTHER+11, 1, 'The Underbog - Ancient Lichen - Group 4');

DELETE FROM `pool_gameobject` WHERE `description` LIKE '%Underbog%' AND `guid` BETWEEN @OGUID+0 AND @OGUID+41 AND `pool_entry` BETWEEN @POOLMOTHER+5 AND @POOLMOTHER+11;
INSERT INTO `pool_gameobject` (`guid`, `pool_entry`, `chance`, `description`) VALUES
(@OGUID+22, @POOLMOTHER+5, 0, 'Sanguine Hibiscus - The Underbog'),
(@OGUID+23, @POOLMOTHER+5, 0, 'Sanguine Hibiscus - The Underbog'),
(@OGUID+24, @POOLMOTHER+5, 0, 'Sanguine Hibiscus - The Underbog'),
(@OGUID+25, @POOLMOTHER+5, 0, 'Sanguine Hibiscus - The Underbog'),
(@OGUID+26, @POOLMOTHER+5, 0, 'Sanguine Hibiscus - The Underbog'),
(@OGUID+27, @POOLMOTHER+5, 0, 'Sanguine Hibiscus - The Underbog'),
(@OGUID+28, @POOLMOTHER+5, 0, 'Sanguine Hibiscus - The Underbog'),
(@OGUID+29, @POOLMOTHER+5, 0, 'Sanguine Hibiscus - The Underbog'),
(@OGUID+30, @POOLMOTHER+5, 0, 'Sanguine Hibiscus - The Underbog'),
(@OGUID+31, @POOLMOTHER+5, 0, 'Sanguine Hibiscus - The Underbog'),
(@OGUID+32, @POOLMOTHER+5, 0, 'Sanguine Hibiscus - The Underbog'),
(@OGUID+33, @POOLMOTHER+5, 0, 'Sanguine Hibiscus - The Underbog'),
(@OGUID+34, @POOLMOTHER+5, 0, 'Sanguine Hibiscus - The Underbog'),
(@OGUID+35, @POOLMOTHER+5, 0, 'Sanguine Hibiscus - The Underbog'),
(@OGUID+36, @POOLMOTHER+5, 0, 'Sanguine Hibiscus - The Underbog'),
(@OGUID+37, @POOLMOTHER+5, 0, 'Sanguine Hibiscus - The Underbog'),
(@OGUID+38, @POOLMOTHER+5, 0, 'Sanguine Hibiscus - The Underbog'),
(@OGUID+39, @POOLMOTHER+5, 0, 'Sanguine Hibiscus - The Underbog'),
(@OGUID+40, @POOLMOTHER+5, 0, 'Sanguine Hibiscus - The Underbog'),
(@OGUID+41, @POOLMOTHER+5, 0, 'Sanguine Hibiscus - The Underbog'),
(@OGUID+0, @POOLMOTHER+6, 0, 'Felweed - The Underbog'),
(@OGUID+3, @POOLMOTHER+6, 0, 'Felweed - The Underbog'),
(@OGUID+6, @POOLMOTHER+6, 0, 'Felweed - The Underbog'),
(@OGUID+5, @POOLMOTHER+7, 0, 'Felweed - The Underbog'),
(@OGUID+4, @POOLMOTHER+7, 0, 'Felweed - The Underbog'),
(@OGUID+1, @POOLMOTHER+7, 0, 'Felweed - The Underbog'),
(@OGUID+2, @POOLMOTHER+7, 0, 'Felweed - The Underbog'),
(@OGUID+21, @POOLMOTHER+8, 0, 'Ancient Lichen - The Underbog'),
(@OGUID+9 , @POOLMOTHER+8, 0, 'Ancient Lichen - The Underbog'),
(@OGUID+20, @POOLMOTHER+8, 0, 'Ancient Lichen - The Underbog'),
(@OGUID+13, @POOLMOTHER+8, 0, 'Ancient Lichen - The Underbog'),
(@OGUID+16, @POOLMOTHER+9, 0, 'Ancient Lichen - The Underbog'),
(@OGUID+8 , @POOLMOTHER+9, 0, 'Ancient Lichen - The Underbog'),
(@OGUID+18, @POOLMOTHER+9, 0, 'Ancient Lichen - The Underbog'),
(@OGUID+11, @POOLMOTHER+9, 0, 'Ancient Lichen - The Underbog'),
(@OGUID+14, @POOLMOTHER+10, 0, 'Ancient Lichen - The Underbog'),
(@OGUID+17, @POOLMOTHER+10, 0, 'Ancient Lichen - The Underbog'),
(@OGUID+7 , @POOLMOTHER+10, 0, 'Ancient Lichen - The Underbog'),
(@OGUID+12, @POOLMOTHER+10, 0, 'Ancient Lichen - The Underbog'),
(@OGUID+19, @POOLMOTHER+11, 0, 'Ancient Lichen - The Underbog'),
(@OGUID+10, @POOLMOTHER+11, 0, 'Ancient Lichen - The Underbog'),
(@OGUID+15, @POOLMOTHER+11, 0, 'Ancient Lichen - The Underbog');
