-- DB update 2025_08_23_00 -> 2025_08_23_01
SET @EventID = 131,
    @OGUID   = 3639,
    @CGUID   = 83113;

SET @AQWarAllianceBarsInitial        = @EventID+0,
    @AQWarAllianceBarsT1             = @EventID+1,
    @AQWarAllianceBarsT2             = @EventID+2,
    @AQWarAllianceBarsT3             = @EventID+3,
    @AQWarAllianceBarsT4             = @EventID+4,
    @AQWarAllianceBarsT5             = @EventID+5,
    @AQWarAllianceHerbsInitial       = @EventID+6,
    @AQWarAllianceHerbsT1            = @EventID+7,
    @AQWarAllianceHerbsT2            = @EventID+8,
    @AQWarAllianceHerbsT3            = @EventID+9,
    @AQWarAllianceHerbsT4            = @EventID+10,
    @AQWarAllianceHerbsT5            = @EventID+11,
    @AQWarAllianceSkinsInitial       = @EventID+12,
    @AQWarAllianceSkinsT1            = @EventID+13,
    @AQWarAllianceSkinsT2            = @EventID+14,
    @AQWarAllianceSkinsT3            = @EventID+15,
    @AQWarAllianceSkinsT4            = @EventID+16,
    @AQWarAllianceSkinsT5            = @EventID+17,
    @AQWarAllianceBandagesInitial    = @EventID+18,
    @AQWarAllianceBandagesT1         = @EventID+19,
    @AQWarAllianceBandagesT2         = @EventID+20,
    @AQWarAllianceBandagesT3         = @EventID+21,
    @AQWarAllianceBandagesT4         = @EventID+22,
    @AQWarAllianceBandagesT5         = @EventID+23,
    @AQWarAllianceCookedGoodsInitial = @EventID+24,
    @AQWarAllianceCookedGoodsT1      = @EventID+25,
    @AQWarAllianceCookedGoodsT2      = @EventID+26,
    @AQWarAllianceCookedGoodsT3      = @EventID+27,
    @AQWarAllianceCookedGoodsT4      = @EventID+28,
    @AQWarAllianceCookedGoodsT5      = @EventID+29,
    @AQWarHordeBarsInitial           = @EventID+30,
    @AQWarHordeBarsT1                = @EventID+31,
    @AQWarHordeBarsT2                = @EventID+32,
    @AQWarHordeBarsT3                = @EventID+33,
    @AQWarHordeBarsT4                = @EventID+34,
    @AQWarHordeBarsT5                = @EventID+35,
    @AQWarHordeHerbsInitial          = @EventID+36,
    @AQWarHordeHerbsT1               = @EventID+37,
    @AQWarHordeHerbsT2               = @EventID+38,
    @AQWarHordeHerbsT3               = @EventID+39,
    @AQWarHordeHerbsT4               = @EventID+40,
    @AQWarHordeHerbsT5               = @EventID+41,
    @AQWarHordeSkinsInitial          = @EventID+42,
    @AQWarHordeSkinsT1               = @EventID+43,
    @AQWarHordeSkinsT2               = @EventID+44,
    @AQWarHordeSkinsT3               = @EventID+45,
    @AQWarHordeSkinsT4               = @EventID+46,
    @AQWarHordeSkinsT5               = @EventID+47,
    @AQWarHordeBandagesInitial       = @EventID+48,
    @AQWarHordeBandagesT1            = @EventID+49,
    @AQWarHordeBandagesT2            = @EventID+50,
    @AQWarHordeBandagesT3            = @EventID+51,
    @AQWarHordeBandagesT4            = @EventID+52,
    @AQWarHordeBandagesT5            = @EventID+53,
    @AQWarHordeCookedGoodsInitial    = @EventID+54,
    @AQWarHordeCookedGoodsT1         = @EventID+55,
    @AQWarHordeCookedGoodsT2         = @EventID+56,
    @AQWarHordeCookedGoodsT3         = @EventID+57,
    @AQWarHordeCookedGoodsT4         = @EventID+58,
    @AQWarHordeCookedGoodsT5         = @EventID+59;

DELETE FROM `game_event` WHERE `eventEntry` IN (@AQWarAllianceBarsInitial, @AQWarAllianceBarsT1, @AQWarAllianceBarsT2, @AQWarAllianceBarsT3, @AQWarAllianceBarsT4, @AQWarAllianceBarsT5, @AQWarAllianceHerbsInitial, @AQWarAllianceHerbsT1, @AQWarAllianceHerbsT2, @AQWarAllianceHerbsT3, @AQWarAllianceHerbsT4, @AQWarAllianceHerbsT5, @AQWarAllianceSkinsInitial, @AQWarAllianceSkinsT1, @AQWarAllianceSkinsT2, @AQWarAllianceSkinsT3, @AQWarAllianceSkinsT4, @AQWarAllianceSkinsT5, @AQWarAllianceBandagesInitial, @AQWarAllianceBandagesT1, @AQWarAllianceBandagesT2, @AQWarAllianceBandagesT3, @AQWarAllianceBandagesT4, @AQWarAllianceBandagesT5, @AQWarAllianceCookedGoodsInitial, @AQWarAllianceCookedGoodsT1, @AQWarAllianceCookedGoodsT2, @AQWarAllianceCookedGoodsT3, @AQWarAllianceCookedGoodsT4, @AQWarAllianceCookedGoodsT5, @AQWarHordeBarsInitial, @AQWarHordeBarsT1, @AQWarHordeBarsT2, @AQWarHordeBarsT3, @AQWarHordeBarsT4, @AQWarHordeBarsT5, @AQWarHordeHerbsInitial, @AQWarHordeHerbsT1, @AQWarHordeHerbsT2, @AQWarHordeHerbsT3, @AQWarHordeHerbsT4, @AQWarHordeHerbsT5, @AQWarHordeSkinsInitial, @AQWarHordeSkinsT1, @AQWarHordeSkinsT2, @AQWarHordeSkinsT3, @AQWarHordeSkinsT4, @AQWarHordeSkinsT5, @AQWarHordeBandagesInitial, @AQWarHordeBandagesT1, @AQWarHordeBandagesT2, @AQWarHordeBandagesT3, @AQWarHordeBandagesT4, @AQWarHordeBandagesT5, @AQWarHordeCookedGoodsInitial, @AQWarHordeCookedGoodsT1, @AQWarHordeCookedGoodsT2, @AQWarHordeCookedGoodsT3, @AQWarHordeCookedGoodsT4, @AQWarHordeCookedGoodsT5);
INSERT INTO `game_event` (`eventEntry`, `start_time`, `end_time`, `occurence`, `length`, `holiday`, `holidayStage`, `description`, `world_event`, `announce`) VALUES
(@AQWarAllianceBarsInitial,        '2000-01-01 14:00:00', '2000-01-01 14:00:00', 5184000, 2592000, 0, 0, 'Ahn''Qiraj War Effort - Alliance Bars Initial',         5, 2),
(@AQWarAllianceBarsT1,             '2000-01-01 14:00:00', '2000-01-01 14:00:00', 5184000, 2592000, 0, 0, 'Ahn''Qiraj War Effort - Alliance Bars Tier 1',          5, 2),
(@AQWarAllianceBarsT2,             '2000-01-01 14:00:00', '2000-01-01 14:00:00', 5184000, 2592000, 0, 0, 'Ahn''Qiraj War Effort - Alliance Bars Tier 2',          5, 2),
(@AQWarAllianceBarsT3,             '2000-01-01 14:00:00', '2000-01-01 14:00:00', 5184000, 2592000, 0, 0, 'Ahn''Qiraj War Effort - Alliance Bars Tier 3',          5, 2),
(@AQWarAllianceBarsT4,             '2000-01-01 14:00:00', '2000-01-01 14:00:00', 5184000, 2592000, 0, 0, 'Ahn''Qiraj War Effort - Alliance Bars Tier 4',          5, 2),
(@AQWarAllianceBarsT5,             '2000-01-01 14:00:00', '2000-01-01 14:00:00', 5184000, 2592000, 0, 0, 'Ahn''Qiraj War Effort - Alliance Bars Tier 5',          5, 2),
(@AQWarAllianceHerbsInitial,       '2000-01-01 14:00:00', '2000-01-01 14:00:00', 5184000, 2592000, 0, 0, 'Ahn''Qiraj War Effort - Alliance Herbs Initial',        5, 2),
(@AQWarAllianceHerbsT1,            '2000-01-01 14:00:00', '2000-01-01 14:00:00', 5184000, 2592000, 0, 0, 'Ahn''Qiraj War Effort - Alliance Herbs Tier 1',         5, 2),
(@AQWarAllianceHerbsT2,            '2000-01-01 14:00:00', '2000-01-01 14:00:00', 5184000, 2592000, 0, 0, 'Ahn''Qiraj War Effort - Alliance Herbs Tier 2',         5, 2),
(@AQWarAllianceHerbsT3,            '2000-01-01 14:00:00', '2000-01-01 14:00:00', 5184000, 2592000, 0, 0, 'Ahn''Qiraj War Effort - Alliance Herbs Tier 3',         5, 2),
(@AQWarAllianceHerbsT4,            '2000-01-01 14:00:00', '2000-01-01 14:00:00', 5184000, 2592000, 0, 0, 'Ahn''Qiraj War Effort - Alliance Herbs Tier 4',         5, 2),
(@AQWarAllianceHerbsT5,            '2000-01-01 14:00:00', '2000-01-01 14:00:00', 5184000, 2592000, 0, 0, 'Ahn''Qiraj War Effort - Alliance Herbs Tier 5',         5, 2),
(@AQWarAllianceSkinsInitial,       '2000-01-01 14:00:00', '2000-01-01 14:00:00', 5184000, 2592000, 0, 0, 'Ahn''Qiraj War Effort - Alliance Skins Initial',        5, 2),
(@AQWarAllianceSkinsT1,            '2000-01-01 14:00:00', '2000-01-01 14:00:00', 5184000, 2592000, 0, 0, 'Ahn''Qiraj War Effort - Alliance Skins Tier 1',         5, 2),
(@AQWarAllianceSkinsT2,            '2000-01-01 14:00:00', '2000-01-01 14:00:00', 5184000, 2592000, 0, 0, 'Ahn''Qiraj War Effort - Alliance Skins Tier 2',         5, 2),
(@AQWarAllianceSkinsT3,            '2000-01-01 14:00:00', '2000-01-01 14:00:00', 5184000, 2592000, 0, 0, 'Ahn''Qiraj War Effort - Alliance Skins Tier 3',         5, 2),
(@AQWarAllianceSkinsT4,            '2000-01-01 14:00:00', '2000-01-01 14:00:00', 5184000, 2592000, 0, 0, 'Ahn''Qiraj War Effort - Alliance Skins Tier 4',         5, 2),
(@AQWarAllianceSkinsT5,            '2000-01-01 14:00:00', '2000-01-01 14:00:00', 5184000, 2592000, 0, 0, 'Ahn''Qiraj War Effort - Alliance Skins Tier 5',         5, 2),
(@AQWarAllianceBandagesInitial,    '2000-01-01 14:00:00', '2000-01-01 14:00:00', 5184000, 2592000, 0, 0, 'Ahn''Qiraj War Effort - Alliance Bandages Initial',     5, 2),
(@AQWarAllianceBandagesT1,         '2000-01-01 14:00:00', '2000-01-01 14:00:00', 5184000, 2592000, 0, 0, 'Ahn''Qiraj War Effort - Alliance Bandages Tier 1',      5, 2),
(@AQWarAllianceBandagesT2,         '2000-01-01 14:00:00', '2000-01-01 14:00:00', 5184000, 2592000, 0, 0, 'Ahn''Qiraj War Effort - Alliance Bandages Tier 2',      5, 2),
(@AQWarAllianceBandagesT3,         '2000-01-01 14:00:00', '2000-01-01 14:00:00', 5184000, 2592000, 0, 0, 'Ahn''Qiraj War Effort - Alliance Bandages Tier 3',      5, 2),
(@AQWarAllianceBandagesT4,         '2000-01-01 14:00:00', '2000-01-01 14:00:00', 5184000, 2592000, 0, 0, 'Ahn''Qiraj War Effort - Alliance Bandages Tier 4',      5, 2),
(@AQWarAllianceBandagesT5,         '2000-01-01 14:00:00', '2000-01-01 14:00:00', 5184000, 2592000, 0, 0, 'Ahn''Qiraj War Effort - Alliance Bandages Tier 5',      5, 2),
(@AQWarAllianceCookedGoodsInitial, '2000-01-01 14:00:00', '2000-01-01 14:00:00', 5184000, 2592000, 0, 0, 'Ahn''Qiraj War Effort - Alliance Cooked Goods Initial', 5, 2),
(@AQWarAllianceCookedGoodsT1,      '2000-01-01 14:00:00', '2000-01-01 14:00:00', 5184000, 2592000, 0, 0, 'Ahn''Qiraj War Effort - Alliance Cooked Goods Tier 1',  5, 2),
(@AQWarAllianceCookedGoodsT2,      '2000-01-01 14:00:00', '2000-01-01 14:00:00', 5184000, 2592000, 0, 0, 'Ahn''Qiraj War Effort - Alliance Cooked Goods Tier 2',  5, 2),
(@AQWarAllianceCookedGoodsT3,      '2000-01-01 14:00:00', '2000-01-01 14:00:00', 5184000, 2592000, 0, 0, 'Ahn''Qiraj War Effort - Alliance Cooked Goods Tier 3',  5, 2),
(@AQWarAllianceCookedGoodsT4,      '2000-01-01 14:00:00', '2000-01-01 14:00:00', 5184000, 2592000, 0, 0, 'Ahn''Qiraj War Effort - Alliance Cooked Goods Tier 4',  5, 2),
(@AQWarAllianceCookedGoodsT5,      '2000-01-01 14:00:00', '2000-01-01 14:00:00', 5184000, 2592000, 0, 0, 'Ahn''Qiraj War Effort - Alliance Cooked Goods Tier 5',  5, 2),
(@AQWarHordeBarsInitial,           '2000-01-01 14:00:00', '2000-01-01 14:00:00', 5184000, 2592000, 0, 0, 'Ahn''Qiraj War Effort - Horde Bars Initial',            5, 2),
(@AQWarHordeBarsT1,                '2000-01-01 14:00:00', '2000-01-01 14:00:00', 5184000, 2592000, 0, 0, 'Ahn''Qiraj War Effort - Horde Bars Tier 1',             5, 2),
(@AQWarHordeBarsT2,                '2000-01-01 14:00:00', '2000-01-01 14:00:00', 5184000, 2592000, 0, 0, 'Ahn''Qiraj War Effort - Horde Bars Tier 2',             5, 2),
(@AQWarHordeBarsT3,                '2000-01-01 14:00:00', '2000-01-01 14:00:00', 5184000, 2592000, 0, 0, 'Ahn''Qiraj War Effort - Horde Bars Tier 3',             5, 2),
(@AQWarHordeBarsT4,                '2000-01-01 14:00:00', '2000-01-01 14:00:00', 5184000, 2592000, 0, 0, 'Ahn''Qiraj War Effort - Horde Bars Tier 4',             5, 2),
(@AQWarHordeBarsT5,                '2000-01-01 14:00:00', '2000-01-01 14:00:00', 5184000, 2592000, 0, 0, 'Ahn''Qiraj War Effort - Horde Bars Tier 5',             5, 2),
(@AQWarHordeHerbsInitial,          '2000-01-01 14:00:00', '2000-01-01 14:00:00', 5184000, 2592000, 0, 0, 'Ahn''Qiraj War Effort - Horde Herbs Initial',           5, 2),
(@AQWarHordeHerbsT1,               '2000-01-01 14:00:00', '2000-01-01 14:00:00', 5184000, 2592000, 0, 0, 'Ahn''Qiraj War Effort - Horde Herbs Tier 1',            5, 2),
(@AQWarHordeHerbsT2,               '2000-01-01 14:00:00', '2000-01-01 14:00:00', 5184000, 2592000, 0, 0, 'Ahn''Qiraj War Effort - Horde Herbs Tier 2',            5, 2),
(@AQWarHordeHerbsT3,               '2000-01-01 14:00:00', '2000-01-01 14:00:00', 5184000, 2592000, 0, 0, 'Ahn''Qiraj War Effort - Horde Herbs Tier 3',            5, 2),
(@AQWarHordeHerbsT4,               '2000-01-01 14:00:00', '2000-01-01 14:00:00', 5184000, 2592000, 0, 0, 'Ahn''Qiraj War Effort - Horde Herbs Tier 4',            5, 2),
(@AQWarHordeHerbsT5,               '2000-01-01 14:00:00', '2000-01-01 14:00:00', 5184000, 2592000, 0, 0, 'Ahn''Qiraj War Effort - Horde Herbs Tier 5',            5, 2),
(@AQWarHordeSkinsInitial,          '2000-01-01 14:00:00', '2000-01-01 14:00:00', 5184000, 2592000, 0, 0, 'Ahn''Qiraj War Effort - Horde Skins Initial',           5, 2),
(@AQWarHordeSkinsT1,               '2000-01-01 14:00:00', '2000-01-01 14:00:00', 5184000, 2592000, 0, 0, 'Ahn''Qiraj War Effort - Horde Skins Tier 1',            5, 2),
(@AQWarHordeSkinsT2,               '2000-01-01 14:00:00', '2000-01-01 14:00:00', 5184000, 2592000, 0, 0, 'Ahn''Qiraj War Effort - Horde Skins Tier 2',            5, 2),
(@AQWarHordeSkinsT3,               '2000-01-01 14:00:00', '2000-01-01 14:00:00', 5184000, 2592000, 0, 0, 'Ahn''Qiraj War Effort - Horde Skins Tier 3',            5, 2),
(@AQWarHordeSkinsT4,               '2000-01-01 14:00:00', '2000-01-01 14:00:00', 5184000, 2592000, 0, 0, 'Ahn''Qiraj War Effort - Horde Skins Tier 4',            5, 2),
(@AQWarHordeSkinsT5,               '2000-01-01 14:00:00', '2000-01-01 14:00:00', 5184000, 2592000, 0, 0, 'Ahn''Qiraj War Effort - Horde Skins Tier 5',            5, 2),
(@AQWarHordeBandagesInitial,       '2000-01-01 14:00:00', '2000-01-01 14:00:00', 5184000, 2592000, 0, 0, 'Ahn''Qiraj War Effort - Horde Bandages Initial',        5, 2),
(@AQWarHordeBandagesT1,            '2000-01-01 14:00:00', '2000-01-01 14:00:00', 5184000, 2592000, 0, 0, 'Ahn''Qiraj War Effort - Horde Bandages Tier 1',         5, 2),
(@AQWarHordeBandagesT2,            '2000-01-01 14:00:00', '2000-01-01 14:00:00', 5184000, 2592000, 0, 0, 'Ahn''Qiraj War Effort - Horde Bandages Tier 2',         5, 2),
(@AQWarHordeBandagesT3,            '2000-01-01 14:00:00', '2000-01-01 14:00:00', 5184000, 2592000, 0, 0, 'Ahn''Qiraj War Effort - Horde Bandages Tier 3',         5, 2),
(@AQWarHordeBandagesT4,            '2000-01-01 14:00:00', '2000-01-01 14:00:00', 5184000, 2592000, 0, 0, 'Ahn''Qiraj War Effort - Horde Bandages Tier 4',         5, 2),
(@AQWarHordeBandagesT5,            '2000-01-01 14:00:00', '2000-01-01 14:00:00', 5184000, 2592000, 0, 0, 'Ahn''Qiraj War Effort - Horde Bandages Tier 5',         5, 2),
(@AQWarHordeCookedGoodsInitial,    '2000-01-01 14:00:00', '2000-01-01 14:00:00', 5184000, 2592000, 0, 0, 'Ahn''Qiraj War Effort - Horde Cooked Goods Initial',    5, 2),
(@AQWarHordeCookedGoodsT1,         '2000-01-01 14:00:00', '2000-01-01 14:00:00', 5184000, 2592000, 0, 0, 'Ahn''Qiraj War Effort - Horde Cooked Goods Tier 1',     5, 2),
(@AQWarHordeCookedGoodsT2,         '2000-01-01 14:00:00', '2000-01-01 14:00:00', 5184000, 2592000, 0, 0, 'Ahn''Qiraj War Effort - Horde Cooked Goods Tier 2',     5, 2),
(@AQWarHordeCookedGoodsT3,         '2000-01-01 14:00:00', '2000-01-01 14:00:00', 5184000, 2592000, 0, 0, 'Ahn''Qiraj War Effort - Horde Cooked Goods Tier 3',     5, 2),
(@AQWarHordeCookedGoodsT4,         '2000-01-01 14:00:00', '2000-01-01 14:00:00', 5184000, 2592000, 0, 0, 'Ahn''Qiraj War Effort - Horde Cooked Goods Tier 4',     5, 2),
(@AQWarHordeCookedGoodsT5,         '2000-01-01 14:00:00', '2000-01-01 14:00:00', 5184000, 2592000, 0, 0, 'Ahn''Qiraj War Effort - Horde Cooked Goods Tier 5',     5, 2);

DELETE FROM `game_event_creature` WHERE `eventEntry` = 22 AND `guid` BETWEEN @CGUID AND @CGUID+69;
INSERT INTO `game_event_creature` (`eventEntry`, `guid`) VALUES
(22, @CGUID+0),
(22, @CGUID+1),
(22, @CGUID+2),
(22, @CGUID+3),
(22, @CGUID+4),
(22, @CGUID+5),
(22, @CGUID+6),
(22, @CGUID+7),
(22, @CGUID+8),
(22, @CGUID+9),
(22, @CGUID+10),
(22, @CGUID+11),
(22, @CGUID+12),
(22, @CGUID+13),
(22, @CGUID+14),
(22, @CGUID+15),
(22, @CGUID+16),
(22, @CGUID+17),
(22, @CGUID+18),
(22, @CGUID+19),
(22, @CGUID+20),
(22, @CGUID+21),
(22, @CGUID+22),
(22, @CGUID+23),
(22, @CGUID+24),
(22, @CGUID+25),
(22, @CGUID+26),
(22, @CGUID+27),
(22, @CGUID+28),
(22, @CGUID+29),
(22, @CGUID+30),
(22, @CGUID+31),
(22, @CGUID+32),
(22, @CGUID+33),
(22, @CGUID+34),
(22, @CGUID+35),
(22, @CGUID+36),
(22, @CGUID+37),
(22, @CGUID+38),
(22, @CGUID+39),
(22, @CGUID+40),
(22, @CGUID+41),
(22, @CGUID+42),
(22, @CGUID+43),
(22, @CGUID+44),
(22, @CGUID+45),
(22, @CGUID+46),
(22, @CGUID+47),
(22, @CGUID+48),
(22, @CGUID+49),
(22, @CGUID+50),
(22, @CGUID+51),
(22, @CGUID+52),
(22, @CGUID+53),
(22, @CGUID+54),
(22, @CGUID+55),
(22, @CGUID+56),
(22, @CGUID+57),
(22, @CGUID+58),
(22, @CGUID+59),
(22, @CGUID+60),
(22, @CGUID+61),
(22, @CGUID+62),
(22, @CGUID+63),
(22, @CGUID+64),
(22, @CGUID+65),
(22, @CGUID+66),
(22, @CGUID+67),
(22, @CGUID+68),
(22, @CGUID+69);

DELETE FROM `game_event_creature` WHERE `eventEntry` = 22 AND `guid` IN (37, 2032, 6519, 6520, 25997, 32076, 46803);

DELETE FROM `game_event_gameobject` WHERE `eventEntry` IN (@AQWarAllianceBarsInitial, @AQWarAllianceBarsT1, @AQWarAllianceBarsT2, @AQWarAllianceBarsT3, @AQWarAllianceBarsT4, @AQWarAllianceBarsT5, @AQWarAllianceHerbsInitial, @AQWarAllianceHerbsT1, @AQWarAllianceHerbsT2, @AQWarAllianceHerbsT3, @AQWarAllianceHerbsT4, @AQWarAllianceHerbsT5, @AQWarAllianceSkinsInitial, @AQWarAllianceSkinsT1, @AQWarAllianceSkinsT2, @AQWarAllianceSkinsT3, @AQWarAllianceSkinsT4, @AQWarAllianceSkinsT5, @AQWarAllianceBandagesInitial, @AQWarAllianceBandagesT1, @AQWarAllianceBandagesT2, @AQWarAllianceBandagesT3, @AQWarAllianceBandagesT4, @AQWarAllianceBandagesT5, @AQWarAllianceCookedGoodsInitial, @AQWarAllianceCookedGoodsT1, @AQWarAllianceCookedGoodsT2, @AQWarAllianceCookedGoodsT3, @AQWarAllianceCookedGoodsT4, @AQWarAllianceCookedGoodsT5, @AQWarHordeBarsInitial, @AQWarHordeBarsT1, @AQWarHordeBarsT2, @AQWarHordeBarsT3, @AQWarHordeBarsT4, @AQWarHordeBarsT5, @AQWarHordeHerbsInitial, @AQWarHordeHerbsT1, @AQWarHordeHerbsT2, @AQWarHordeHerbsT3, @AQWarHordeHerbsT4, @AQWarHordeHerbsT5, @AQWarHordeSkinsInitial, @AQWarHordeSkinsT1, @AQWarHordeSkinsT2, @AQWarHordeSkinsT3, @AQWarHordeSkinsT4, @AQWarHordeSkinsT5, @AQWarHordeBandagesInitial, @AQWarHordeBandagesT1, @AQWarHordeBandagesT2, @AQWarHordeBandagesT3, @AQWarHordeBandagesT4, @AQWarHordeBandagesT5, @AQWarHordeCookedGoodsInitial, @AQWarHordeCookedGoodsT1, @AQWarHordeCookedGoodsT2, @AQWarHordeCookedGoodsT3, @AQWarHordeCookedGoodsT4, @AQWarHordeCookedGoodsT5);
INSERT INTO `game_event_gameobject` (`eventEntry`, `guid`) VALUES
(@AQWarAllianceBarsInitial,        @OGUID+19),
(@AQWarAllianceBarsT1,             @OGUID+19),
(@AQWarAllianceBarsT1,             @OGUID+20),
(@AQWarAllianceBarsT2,             @OGUID+19),
(@AQWarAllianceBarsT2,             @OGUID+20),
(@AQWarAllianceBarsT2,             @OGUID+21),
(@AQWarAllianceBarsT3,             @OGUID+19),
(@AQWarAllianceBarsT3,             @OGUID+20),
(@AQWarAllianceBarsT3,             @OGUID+21),
(@AQWarAllianceBarsT3,             @OGUID+22),
(@AQWarAllianceBarsT4,             @OGUID+19),
(@AQWarAllianceBarsT4,             @OGUID+20),
(@AQWarAllianceBarsT4,             @OGUID+21),
(@AQWarAllianceBarsT4,             @OGUID+22),
(@AQWarAllianceBarsT4,             @OGUID+23),
(@AQWarAllianceBarsT5,             @OGUID+19),
(@AQWarAllianceBarsT5,             @OGUID+20),
(@AQWarAllianceBarsT5,             @OGUID+21),
(@AQWarAllianceBarsT5,             @OGUID+22),
(@AQWarAllianceBarsT5,             @OGUID+23),
(@AQWarAllianceBarsT5,             @OGUID+24),
(@AQWarAllianceHerbsInitial,       @OGUID+25),
(@AQWarAllianceHerbsT1,            @OGUID+25),
(@AQWarAllianceHerbsT1,            @OGUID+31),
(@AQWarAllianceHerbsT2,            @OGUID+25),
(@AQWarAllianceHerbsT2,            @OGUID+31),
(@AQWarAllianceHerbsT2,            @OGUID+32),
(@AQWarAllianceHerbsT3,            @OGUID+25),
(@AQWarAllianceHerbsT3,            @OGUID+31),
(@AQWarAllianceHerbsT3,            @OGUID+32),
(@AQWarAllianceHerbsT3,            @OGUID+33),
(@AQWarAllianceHerbsT4,            @OGUID+25),
(@AQWarAllianceHerbsT4,            @OGUID+31),
(@AQWarAllianceHerbsT4,            @OGUID+32),
(@AQWarAllianceHerbsT4,            @OGUID+33),
(@AQWarAllianceHerbsT4,            @OGUID+34),
(@AQWarAllianceHerbsT5,            @OGUID+25),
(@AQWarAllianceHerbsT5,            @OGUID+31),
(@AQWarAllianceHerbsT5,            @OGUID+32),
(@AQWarAllianceHerbsT5,            @OGUID+33),
(@AQWarAllianceHerbsT5,            @OGUID+34),
(@AQWarAllianceHerbsT5,            @OGUID+35),
(@AQWarAllianceSkinsInitial,       @OGUID+36),
(@AQWarAllianceSkinsT1,            @OGUID+36),
(@AQWarAllianceSkinsT1,            @OGUID+37),
(@AQWarAllianceSkinsT2,            @OGUID+36),
(@AQWarAllianceSkinsT2,            @OGUID+37),
(@AQWarAllianceSkinsT2,            @OGUID+38),
(@AQWarAllianceSkinsT3,            @OGUID+36),
(@AQWarAllianceSkinsT3,            @OGUID+37),
(@AQWarAllianceSkinsT3,            @OGUID+38),
(@AQWarAllianceSkinsT3,            @OGUID+39),
(@AQWarAllianceSkinsT4,            @OGUID+36),
(@AQWarAllianceSkinsT4,            @OGUID+37),
(@AQWarAllianceSkinsT4,            @OGUID+38),
(@AQWarAllianceSkinsT4,            @OGUID+39),
(@AQWarAllianceSkinsT4,            @OGUID+40),
(@AQWarAllianceSkinsT5,            @OGUID+36),
(@AQWarAllianceSkinsT5,            @OGUID+37),
(@AQWarAllianceSkinsT5,            @OGUID+38),
(@AQWarAllianceSkinsT5,            @OGUID+39),
(@AQWarAllianceSkinsT5,            @OGUID+40),
(@AQWarAllianceSkinsT5,            @OGUID+41),
(@AQWarAllianceBandagesInitial,    @OGUID+0),
(@AQWarAllianceBandagesT1,         @OGUID+0),
(@AQWarAllianceBandagesT1,         @OGUID+1),
(@AQWarAllianceBandagesT1,         @OGUID+6),
(@AQWarAllianceBandagesT2,         @OGUID+0),
(@AQWarAllianceBandagesT2,         @OGUID+1),
(@AQWarAllianceBandagesT2,         @OGUID+2),
(@AQWarAllianceBandagesT2,         @OGUID+6),
(@AQWarAllianceBandagesT2,         @OGUID+7),
(@AQWarAllianceBandagesT2,         @OGUID+8),
(@AQWarAllianceBandagesT2,         @OGUID+9),
(@AQWarAllianceBandagesT3,         @OGUID+0),
(@AQWarAllianceBandagesT3,         @OGUID+1),
(@AQWarAllianceBandagesT3,         @OGUID+2),
(@AQWarAllianceBandagesT3,         @OGUID+3),
(@AQWarAllianceBandagesT3,         @OGUID+6),
(@AQWarAllianceBandagesT3,         @OGUID+7),
(@AQWarAllianceBandagesT3,         @OGUID+8),
(@AQWarAllianceBandagesT3,         @OGUID+9),
(@AQWarAllianceBandagesT3,         @OGUID+10),
(@AQWarAllianceBandagesT3,         @OGUID+11),
(@AQWarAllianceBandagesT3,         @OGUID+12),
(@AQWarAllianceBandagesT3,         @OGUID+13),
(@AQWarAllianceBandagesT4,         @OGUID+0),
(@AQWarAllianceBandagesT4,         @OGUID+1),
(@AQWarAllianceBandagesT4,         @OGUID+2),
(@AQWarAllianceBandagesT4,         @OGUID+3),
(@AQWarAllianceBandagesT4,         @OGUID+4),
(@AQWarAllianceBandagesT4,         @OGUID+6),
(@AQWarAllianceBandagesT4,         @OGUID+7),
(@AQWarAllianceBandagesT4,         @OGUID+8),
(@AQWarAllianceBandagesT4,         @OGUID+9),
(@AQWarAllianceBandagesT4,         @OGUID+10),
(@AQWarAllianceBandagesT4,         @OGUID+11),
(@AQWarAllianceBandagesT4,         @OGUID+12),
(@AQWarAllianceBandagesT4,         @OGUID+13),
(@AQWarAllianceBandagesT4,         @OGUID+14),
(@AQWarAllianceBandagesT4,         @OGUID+15),
(@AQWarAllianceBandagesT4,         @OGUID+16),
(@AQWarAllianceBandagesT4,         @OGUID+17),
(@AQWarAllianceBandagesT4,         @OGUID+18),
(@AQWarAllianceBandagesT5,         @OGUID+0),
(@AQWarAllianceBandagesT5,         @OGUID+1),
(@AQWarAllianceBandagesT5,         @OGUID+2),
(@AQWarAllianceBandagesT5,         @OGUID+3),
(@AQWarAllianceBandagesT5,         @OGUID+4),
(@AQWarAllianceBandagesT5,         @OGUID+5),
(@AQWarAllianceBandagesT5,         @OGUID+6),
(@AQWarAllianceBandagesT5,         @OGUID+7),
(@AQWarAllianceBandagesT5,         @OGUID+8),
(@AQWarAllianceBandagesT5,         @OGUID+9),
(@AQWarAllianceBandagesT5,         @OGUID+10),
(@AQWarAllianceBandagesT5,         @OGUID+11),
(@AQWarAllianceBandagesT5,         @OGUID+12),
(@AQWarAllianceBandagesT5,         @OGUID+13),
(@AQWarAllianceBandagesT5,         @OGUID+14),
(@AQWarAllianceBandagesT5,         @OGUID+15),
(@AQWarAllianceBandagesT5,         @OGUID+16),
(@AQWarAllianceBandagesT5,         @OGUID+17),
(@AQWarAllianceBandagesT5,         @OGUID+18),
(@AQWarAllianceBandagesT5,         @OGUID+72),
(@AQWarAllianceBandagesT5,         @OGUID+73),
(@AQWarAllianceBandagesT5,         @OGUID+74),
(@AQWarAllianceBandagesT5,         @OGUID+75),
(@AQWarAllianceBandagesT5,         @OGUID+76),
(@AQWarAllianceBandagesT5,         @OGUID+77),
(@AQWarAllianceBandagesT5,         @OGUID+78),
(@AQWarAllianceBandagesT5,         @OGUID+79),
(@AQWarAllianceBandagesT5,         @OGUID+80),
(@AQWarAllianceBandagesT5,         @OGUID+81),
(@AQWarAllianceCookedGoodsInitial, @OGUID+25),
(@AQWarAllianceCookedGoodsT1,      @OGUID+25),
(@AQWarAllianceCookedGoodsT1,      @OGUID+26),
(@AQWarAllianceCookedGoodsT2,      @OGUID+25),
(@AQWarAllianceCookedGoodsT2,      @OGUID+26),
(@AQWarAllianceCookedGoodsT2,      @OGUID+27),
(@AQWarAllianceCookedGoodsT3,      @OGUID+25),
(@AQWarAllianceCookedGoodsT3,      @OGUID+26),
(@AQWarAllianceCookedGoodsT3,      @OGUID+27),
(@AQWarAllianceCookedGoodsT3,      @OGUID+28),
(@AQWarAllianceCookedGoodsT4,      @OGUID+25),
(@AQWarAllianceCookedGoodsT4,      @OGUID+26),
(@AQWarAllianceCookedGoodsT4,      @OGUID+27),
(@AQWarAllianceCookedGoodsT4,      @OGUID+28),
(@AQWarAllianceCookedGoodsT4,      @OGUID+29),
(@AQWarAllianceCookedGoodsT5,      @OGUID+25),
(@AQWarAllianceCookedGoodsT5,      @OGUID+26),
(@AQWarAllianceCookedGoodsT5,      @OGUID+27),
(@AQWarAllianceCookedGoodsT5,      @OGUID+28),
(@AQWarAllianceCookedGoodsT5,      @OGUID+29),
(@AQWarAllianceCookedGoodsT5,      @OGUID+30),
(@AQWarHordeBarsInitial,           @OGUID+48),
(@AQWarHordeBarsT1,                @OGUID+48),
(@AQWarHordeBarsT1,                @OGUID+49),
(@AQWarHordeBarsT2,                @OGUID+48),
(@AQWarHordeBarsT2,                @OGUID+49),
(@AQWarHordeBarsT2,                @OGUID+50),
(@AQWarHordeBarsT3,                @OGUID+48),
(@AQWarHordeBarsT3,                @OGUID+49),
(@AQWarHordeBarsT3,                @OGUID+50),
(@AQWarHordeBarsT3,                @OGUID+51),
(@AQWarHordeBarsT4,                @OGUID+48),
(@AQWarHordeBarsT4,                @OGUID+49),
(@AQWarHordeBarsT4,                @OGUID+50),
(@AQWarHordeBarsT4,                @OGUID+51),
(@AQWarHordeBarsT4,                @OGUID+52),
(@AQWarHordeBarsT5,                @OGUID+48),
(@AQWarHordeBarsT5,                @OGUID+49),
(@AQWarHordeBarsT5,                @OGUID+50),
(@AQWarHordeBarsT5,                @OGUID+51),
(@AQWarHordeBarsT5,                @OGUID+52),
(@AQWarHordeBarsT5,                @OGUID+53),
(@AQWarHordeHerbsInitial,          @OGUID+60),
(@AQWarHordeHerbsT1,               @OGUID+60),
(@AQWarHordeHerbsT1,               @OGUID+61),
(@AQWarHordeHerbsT2,               @OGUID+60),
(@AQWarHordeHerbsT2,               @OGUID+61),
(@AQWarHordeHerbsT2,               @OGUID+62),
(@AQWarHordeHerbsT3,               @OGUID+60),
(@AQWarHordeHerbsT3,               @OGUID+61),
(@AQWarHordeHerbsT3,               @OGUID+62),
(@AQWarHordeHerbsT3,               @OGUID+63),
(@AQWarHordeHerbsT4,               @OGUID+60),
(@AQWarHordeHerbsT4,               @OGUID+61),
(@AQWarHordeHerbsT4,               @OGUID+62),
(@AQWarHordeHerbsT4,               @OGUID+63),
(@AQWarHordeHerbsT4,               @OGUID+64),
(@AQWarHordeHerbsT5,               @OGUID+60),
(@AQWarHordeHerbsT5,               @OGUID+61),
(@AQWarHordeHerbsT5,               @OGUID+62),
(@AQWarHordeHerbsT5,               @OGUID+63),
(@AQWarHordeHerbsT5,               @OGUID+64),
(@AQWarHordeHerbsT5,               @OGUID+65),
(@AQWarHordeSkinsInitial,          @OGUID+66),
(@AQWarHordeSkinsT1,               @OGUID+66),
(@AQWarHordeSkinsT1,               @OGUID+67),
(@AQWarHordeSkinsT2,               @OGUID+66),
(@AQWarHordeSkinsT2,               @OGUID+67),
(@AQWarHordeSkinsT2,               @OGUID+68),
(@AQWarHordeSkinsT3,               @OGUID+66),
(@AQWarHordeSkinsT3,               @OGUID+67),
(@AQWarHordeSkinsT3,               @OGUID+68),
(@AQWarHordeSkinsT3,               @OGUID+69),
(@AQWarHordeSkinsT4,               @OGUID+66),
(@AQWarHordeSkinsT4,               @OGUID+67),
(@AQWarHordeSkinsT4,               @OGUID+68),
(@AQWarHordeSkinsT4,               @OGUID+69),
(@AQWarHordeSkinsT4,               @OGUID+70),
(@AQWarHordeSkinsT5,               @OGUID+66),
(@AQWarHordeSkinsT5,               @OGUID+67),
(@AQWarHordeSkinsT5,               @OGUID+68),
(@AQWarHordeSkinsT5,               @OGUID+69),
(@AQWarHordeSkinsT5,               @OGUID+70),
(@AQWarHordeSkinsT5,               @OGUID+71),
(@AQWarHordeBandagesInitial,       @OGUID+42),
(@AQWarHordeBandagesT1,            @OGUID+42),
(@AQWarHordeBandagesT1,            @OGUID+43),
(@AQWarHordeBandagesT2,            @OGUID+42),
(@AQWarHordeBandagesT2,            @OGUID+43),
(@AQWarHordeBandagesT2,            @OGUID+44),
(@AQWarHordeBandagesT3,            @OGUID+42),
(@AQWarHordeBandagesT3,            @OGUID+43),
(@AQWarHordeBandagesT3,            @OGUID+44),
(@AQWarHordeBandagesT3,            @OGUID+45),
(@AQWarHordeBandagesT4,            @OGUID+42),
(@AQWarHordeBandagesT4,            @OGUID+43),
(@AQWarHordeBandagesT4,            @OGUID+44),
(@AQWarHordeBandagesT4,            @OGUID+45),
(@AQWarHordeBandagesT4,            @OGUID+46),
(@AQWarHordeBandagesT5,            @OGUID+42),
(@AQWarHordeBandagesT5,            @OGUID+43),
(@AQWarHordeBandagesT5,            @OGUID+44),
(@AQWarHordeBandagesT5,            @OGUID+45),
(@AQWarHordeBandagesT5,            @OGUID+46),
(@AQWarHordeBandagesT5,            @OGUID+47),
(@AQWarHordeCookedGoodsInitial,    @OGUID+54),
(@AQWarHordeCookedGoodsT1,         @OGUID+54),
(@AQWarHordeCookedGoodsT1,         @OGUID+55),
(@AQWarHordeCookedGoodsT2,         @OGUID+54),
(@AQWarHordeCookedGoodsT2,         @OGUID+55),
(@AQWarHordeCookedGoodsT2,         @OGUID+56),
(@AQWarHordeCookedGoodsT3,         @OGUID+54),
(@AQWarHordeCookedGoodsT3,         @OGUID+55),
(@AQWarHordeCookedGoodsT3,         @OGUID+56),
(@AQWarHordeCookedGoodsT3,         @OGUID+57),
(@AQWarHordeCookedGoodsT4,         @OGUID+54),
(@AQWarHordeCookedGoodsT4,         @OGUID+55),
(@AQWarHordeCookedGoodsT4,         @OGUID+56),
(@AQWarHordeCookedGoodsT4,         @OGUID+57),
(@AQWarHordeCookedGoodsT4,         @OGUID+58),
(@AQWarHordeCookedGoodsT5,         @OGUID+54),
(@AQWarHordeCookedGoodsT5,         @OGUID+55),
(@AQWarHordeCookedGoodsT5,         @OGUID+56),
(@AQWarHordeCookedGoodsT5,         @OGUID+57),
(@AQWarHordeCookedGoodsT5,         @OGUID+58),
(@AQWarHordeCookedGoodsT5,         @OGUID+59);
