-- DB update 2026_05_19_00 -> 2026_05_19_01

-- Remove Wrong Spawn Points and Old Waypoints.
DELETE FROM `creature` WHERE (`id1` = 2974) AND (`guid` IN (26214, 26231, 26232, 26233));
DELETE FROM `creature` WHERE (`id1` = 2972) AND (`guid` IN (26192, 26193, 26194, 26195));
DELETE FROM `waypoint_data` WHERE (`id` IN (262130, 262330));
DELETE FROM `creature_addon` WHERE (`guid` IN (262130, 262330, 26233));
DELETE FROM `creature_formations` WHERE (`leaderGUID` IN (26213, 26233));

-- Set sniffed waypoints.
DELETE FROM `waypoint_data` WHERE (`id` IN (2619600, 2620700, 2620900, 2657800));
INSERT INTO `waypoint_data` (`id`,  `point`, `position_x`, `position_y`, `position_z`, `orientation`, `delay`, `move_type`, `action`, `action_chance`, `wpguid`) VALUES
(2619600, 1, -1007.6246, 421.90808, 15.130656, NULL, 0, 0, 0, 100, 0),
(2619600, 2, -1037.2, 424.55112, 15.33276, NULL, 0, 0, 0, 100, 0),
(2619600, 3, -1066.6489, 422.65872, 14.733124, NULL, 0, 0, 0, 100, 0),
(2619600, 4, -1112.9124, 422.62155, 8.367777, NULL, 0, 0, 0, 100, 0),
(2619600, 5, -1143.1012, 417.0893, 6.579456, NULL, 0, 0, 0, 100, 0),
(2619600, 6, -1176.1271, 395.78214, 2.8264346, NULL, 0, 0, 0, 100, 0),
(2619600, 7, -1216.4647, 370.34033, -1.9081411, NULL, 0, 0, 0, 100, 0),
(2619600, 8, -1255.0748, 360.65146, -0.25116718, NULL, 0, 0, 0, 100, 0),
(2619600, 9, -1281.0723, 326.60596, -0.9783207, NULL, 0, 0, 0, 100, 0),
(2619600, 10, -1322.0363, 315.6229, 2.2535977, NULL, 0, 0, 0, 100, 0),
(2619600, 11, -1353.4476, 289.53302, 0.24801914, NULL, 0, 0, 0, 100, 0),
(2619600, 12, -1376.9994, 259.64877, -2.9643166, NULL, 0, 0, 0, 100, 0),
(2619600, 13, -1409.0953, 246.43031, -6.984593, NULL, 0, 0, 0, 100, 0),
(2619600, 14, -1433.7985, 215.66963, -7.1423674, NULL, 0, 0, 0, 100, 0),
(2619600, 15, -1467.7026, 191.00508, -7.792779, NULL, 0, 0, 0, 100, 0),
(2619600, 16, -1493.5348, 193.18796, -7.7928057, NULL, 0, 0, 0, 100, 0),
(2619600, 17, -1518.2887, 184.90755, -7.661153, NULL, 0, 0, 0, 100, 0),
(2619600, 18, -1540.6425, 160.9339, -7.7928085, NULL, 0, 0, 0, 100, 0),
(2619600, 19, -1575.1715, 156.2049, -7.7921677, NULL, 0, 0, 0, 100, 0),
(2619600, 20, -1581.508, 115.91542, -9.78833, NULL, 0, 0, 0, 100, 0),
(2619600, 21, -1601.3304, 75.78207, -14.307471, NULL, 0, 0, 0, 100, 0),
(2619600, 22, -1630.3042, 59.34912, -15.971921, NULL, 0, 0, 0, 100, 0),
(2619600, 23, -1656.0516, 52.974445, -11.12988, NULL, 0, 0, 0, 100, 0),
(2619600, 24, -1677.066, 18.634277, -8.527944, NULL, 0, 0, 0, 100, 0),
(2619600, 25, -1677.6133, -16.365234, -9.082037, NULL, 0, 0, 0, 100, 0),
(2619600, 26, -1684.7356, -53.50304, -8.355266, NULL, 0, 0, 0, 100, 0),
(2619600, 27, -1684.5641, -84.28765, -8.774794, NULL, 0, 0, 0, 100, 0),
(2619600, 28, -1683.2655, -115.27621, -5.189456, NULL, 0, 0, 0, 100, 0),
(2619600, 29, -1682.8145, -148.27539, -5.78589, NULL, 0, 0, 0, 100, 0),
(2619600, 30, -1680.8757, -182.97652, -9.895113, NULL, 0, 0, 0, 100, 0),
(2619600, 31, -1684.3063, -217.85265, -10.11387, NULL, 0, 0, 0, 100, 0),
(2619600, 32, -1653.3103, -245.30176, -18.934204, NULL, 0, 0, 0, 100, 0),
(2619600, 33, -1648.981, -285.4873, -25.765287, NULL, 0, 0, 0, 100, 0),
(2619600, 34, -1646.9777, -318.71164, -26.7061, NULL, 0, 0, 0, 100, 0),
(2619600, 35, -1616.91, -350.21332, -33.85203, NULL, 0, 0, 0, 100, 0),
(2619600, 36, -1614.3971, -387.42035, -34.000595, NULL, 0, 0, 0, 100, 0),
(2619600, 37, -1586.4641, -414.5879, -40.240524, NULL, 0, 0, 0, 100, 0),
(2619600, 38, -1555.3278, -449.68716, -42.6689, NULL, 0, 0, 0, 100, 0),
(2619600, 39, -1515.3612, -421.72916, -45.316895, NULL, 0, 0, 0, 100, 0),
(2619600, 40, -1484.709, -422.12393, -45.239704, NULL, 0, 0, 0, 100, 0),
(2619600, 41, -1452.7852, -419.1264, -47.54042, NULL, 0, 0, 0, 100, 0),
(2619600, 42, -1425.5243, -445.79535, -49.664673, NULL, 0, 0, 0, 100, 0),
(2619600, 43, -1420.3281, -480.38477, -59.781067, NULL, 0, 0, 0, 100, 0),
(2619600, 44, -1420.3055, -520.6966, -60.32009, NULL, 0, 0, 0, 100, 0),
(2619600, 45, -1414.226, -549.5558, -55.41117, NULL, 0, 0, 0, 100, 0),
(2619600, 46, -1389.8867, -580.47906, -56.723152, NULL, 0, 0, 0, 100, 0),
(2619600, 47, -1346.8826, -591.08203, -58.936775, NULL, 0, 0, 0, 100, 0),
(2619600, 48, -1316.2262, -612.4351, -57.896786, NULL, 0, 0, 0, 100, 0),
(2619600, 49, -1284.4495, -642.3338, -58.524612, NULL, 0, 0, 0, 100, 0),
(2619600, 50, -1277.4095, -681.1772, -59.273384, NULL, 0, 0, 0, 100, 0),
(2619600, 51, -1257.6677, -715.3433, -52.34805, NULL, 0, 0, 0, 100, 0),
(2619600, 52, -1236.7126, -742.9661, -54.46659, NULL, 0, 0, 0, 100, 0),
(2619600, 53, -1218.4545, -750.3242, -52.974735, NULL, 0, 0, 0, 100, 0),
(2619600, 54, -1210.0302, -780.29004, -45.112183, NULL, 0, 0, 0, 100, 0),
(2619600, 55, -1210.8108, -815.36914, -29.422226, NULL, 0, 0, 0, 100, 0),
(2619600, 56, -1182.2468, -825.0025, -23.671701, NULL, 0, 0, 0, 100, 0),
(2619600, 57, -1179.19, -849.2996, -13.99216, NULL, 0, 0, 0, 100, 0),
(2619600, 58, -1182.7673, -883.3319, -8.181561, NULL, 0, 0, 0, 100, 0),
(2619600, 59, -1147.8387, -918.49396, -2.7694292, NULL, 0, 0, 0, 100, 0),
(2619600, 60, -1147.5463, -947.7137, 1.0697556, NULL, 0, 0, 0, 100, 0),
(2619600, 61, -1115.4119, -975.1578, 2.8828933, NULL, 0, 0, 0, 100, 0),
(2619600, 62, -1085.1603, -976.84375, 6.633048, NULL, 0, 0, 0, 100, 0),
(2619600, 63, -1041.9868, -957.16766, 4.8196793, NULL, 0, 0, 0, 100, 0),
(2619600, 64, -1018.4729, -946.41003, 5.119849, NULL, 0, 0, 0, 100, 0),
(2619600, 65, -996.38043, -908.8725, 5.629443, NULL, 0, 0, 0, 100, 0),
(2619600, 66, -990.1932, -867.7385, 5.2438564, NULL, 0, 0, 0, 100, 0),
(2619600, 67, -1008.2734, -845.2093, -0.13104606, NULL, 0, 0, 0, 100, 0),
(2619600, 68, -993.90845, -747.204, -24.904272, NULL, 0, 0, 0, 100, 0),
(2619600, 69, -1011.5555, -720.69824, -38.289173, NULL, 0, 0, 0, 100, 0),
(2619600, 70, -1015.8663, -684.1327, -49.678394, NULL, 0, 0, 0, 100, 0),
(2619600, 71, -1016.8171, -650.1505, -56.921635, NULL, 0, 0, 0, 100, 0),
(2619600, 72, -1007.8587, -619.35126, -59.159958, NULL, 0, 0, 0, 100, 0),
(2619600, 73, -984.3987, -608.9958, -59.079597, NULL, 0, 0, 0, 100, 0),
(2619600, 74, -950.66907, -618.2923, -58.66162, NULL, 0, 0, 0, 100, 0),
(2619600, 75, -923.65247, -646.2394, -51.541134, NULL, 0, 0, 0, 100, 0),
(2619600, 76, -882.03754, -651.03345, -41.85031, NULL, 0, 0, 0, 100, 0),
(2619600, 77, -854.3465, -650.802, -34.01486, NULL, 0, 0, 0, 100, 0),
(2619600, 78, -811.3727, -658.369, -27.00071, NULL, 0, 0, 0, 100, 0),
(2619600, 79, -782.8351, -626.977, -28.018692, NULL, 0, 0, 0, 100, 0),
(2619600, 80, -759.23846, -610.9407, -26.781532, NULL, 0, 0, 0, 100, 0),
(2619600, 81, -720.8262, -592.5751, -20.51601, NULL, 0, 0, 0, 100, 0),
(2619600, 82, -684.2662, -600.00714, -12.882502, NULL, 0, 0, 0, 100, 0),
(2619600, 83, -720.8262, -592.5751, -20.51601, NULL, 0, 0, 0, 100, 0),
(2619600, 84, -759.23846, -610.9407, -26.781532, NULL, 0, 0, 0, 100, 0),
(2619600, 85, -782.8351, -626.977, -28.018692, NULL, 0, 0, 0, 100, 0),
(2619600, 86, -811.3727, -658.369, -27.00071, NULL, 0, 0, 0, 100, 0),
(2619600, 87, -854.3465, -650.802, -34.01486, NULL, 0, 0, 0, 100, 0),
(2619600, 88, -882.03754, -651.03345, -41.85031, NULL, 0, 0, 0, 100, 0),
(2619600, 89, -923.65247, -646.2394, -51.541134, NULL, 0, 0, 0, 100, 0),
(2619600, 90, -950.66907, -618.2923, -58.66162, NULL, 0, 0, 0, 100, 0),
(2619600, 91, -984.3987, -608.9958, -59.079597, NULL, 0, 0, 0, 100, 0),
(2619600, 92, -1007.8587, -619.35126, -59.159958, NULL, 0, 0, 0, 100, 0),
(2619600, 93, -1016.8171, -650.1505, -56.921635, NULL, 0, 0, 0, 100, 0),
(2619600, 94, -1015.8663, -684.1327, -49.678394, NULL, 0, 0, 0, 100, 0),
(2619600, 95, -1011.5555, -720.69824, -38.289173, NULL, 0, 0, 0, 100, 0),
(2619600, 96, -993.90845, -747.204, -24.904272, NULL, 0, 0, 0, 100, 0),
(2619600, 97, -1008.2734, -845.2093, -0.13104606, NULL, 0, 0, 0, 100, 0),
(2619600, 98, -990.1932, -867.7385, 5.2438564, NULL, 0, 0, 0, 100, 0),
(2619600, 99, -996.38043, -908.8725, 5.629443, NULL, 0, 0, 0, 100, 0),
(2619600, 100, -1018.4729, -946.41003, 5.119849, NULL, 0, 0, 0, 100, 0),
(2619600, 101, -1041.9868, -957.16766, 4.8196793, NULL, 0, 0, 0, 100, 0),
(2619600, 102, -1085.1603, -976.84375, 6.633048, NULL, 0, 0, 0, 100, 0),
(2619600, 103, -1115.4119, -975.1578, 2.8828933, NULL, 0, 0, 0, 100, 0),
(2619600, 104, -1147.5463, -947.7137, 1.0697556, NULL, 0, 0, 0, 100, 0),
(2619600, 105, -1147.8387, -918.49396, -2.7694292, NULL, 0, 0, 0, 100, 0),
(2619600, 106, -1182.7673, -883.3319, -8.181561, NULL, 0, 0, 0, 100, 0),
(2619600, 107, -1179.19, -849.2996, -13.99216, NULL, 0, 0, 0, 100, 0),
(2619600, 108, -1182.2468, -825.0025, -23.671701, NULL, 0, 0, 0, 100, 0),
(2619600, 109, -1210.8108, -815.36914, -29.422226, NULL, 0, 0, 0, 100, 0),
(2619600, 110, -1210.0302, -780.29004, -45.112183, NULL, 0, 0, 0, 100, 0),
(2619600, 111, -1218.4545, -750.3242, -52.974735, NULL, 0, 0, 0, 100, 0),
(2619600, 112, -1236.7126, -742.9661, -54.46659, NULL, 0, 0, 0, 100, 0),
(2619600, 113, -1257.6677, -715.3433, -52.34805, NULL, 0, 0, 0, 100, 0),
(2619600, 114, -1277.4095, -681.1772, -59.273384, NULL, 0, 0, 0, 100, 0),
(2619600, 115, -1284.4495, -642.3338, -58.524612, NULL, 0, 0, 0, 100, 0),
(2619600, 116, -1316.2262, -612.4351, -57.896786, NULL, 0, 0, 0, 100, 0),
(2619600, 117, -1346.8826, -591.08203, -58.936775, NULL, 0, 0, 0, 100, 0),
(2619600, 118, -1389.8867, -580.47906, -56.723152, NULL, 0, 0, 0, 100, 0),
(2619600, 119, -1414.226, -549.5558, -55.41117, NULL, 0, 0, 0, 100, 0),
(2619600, 120, -1420.3055, -520.6966, -60.32009, NULL, 0, 0, 0, 100, 0),
(2619600, 121, -1420.3281, -480.38477, -59.781067, NULL, 0, 0, 0, 100, 0),
(2619600, 122, -1425.5243, -445.79535, -49.664673, NULL, 0, 0, 0, 100, 0),
(2619600, 123, -1452.7852, -419.1264, -47.54042, NULL, 0, 0, 0, 100, 0),
(2619600, 124, -1484.709, -422.12393, -45.239704, NULL, 0, 0, 0, 100, 0),
(2619600, 125, -1515.3612, -421.72916, -45.316895, NULL, 0, 0, 0, 100, 0),
(2619600, 126, -1555.3278, -449.68716, -42.6689, NULL, 0, 0, 0, 100, 0),
(2619600, 127, -1586.4641, -414.5879, -40.240524, NULL, 0, 0, 0, 100, 0),
(2619600, 128, -1614.3971, -387.42035, -34.000595, NULL, 0, 0, 0, 100, 0),
(2619600, 129, -1616.91, -350.21332, -33.85203, NULL, 0, 0, 0, 100, 0),
(2619600, 130, -1646.9777, -318.71164, -26.7061, NULL, 0, 0, 0, 100, 0),
(2619600, 131, -1648.981, -285.4873, -25.765287, NULL, 0, 0, 0, 100, 0),
(2619600, 132, -1653.3103, -245.30176, -18.934204, NULL, 0, 0, 0, 100, 0),
(2619600, 133, -1684.3063, -217.85265, -10.11387, NULL, 0, 0, 0, 100, 0),
(2619600, 134, -1680.8757, -182.97652, -9.895113, NULL, 0, 0, 0, 100, 0),
(2619600, 135, -1682.8145, -148.27539, -5.78589, NULL, 0, 0, 0, 100, 0),
(2619600, 136, -1683.2655, -115.27621, -5.189456, NULL, 0, 0, 0, 100, 0),
(2619600, 137, -1684.5641, -84.28765, -8.774794, NULL, 0, 0, 0, 100, 0),
(2619600, 138, -1684.7356, -53.50304, -8.355266, NULL, 0, 0, 0, 100, 0),
(2619600, 139, -1677.6133, -16.365234, -9.082037, NULL, 0, 0, 0, 100, 0),
(2619600, 140, -1677.066, 18.634277, -8.527944, NULL, 0, 0, 0, 100, 0),
(2619600, 141, -1656.0516, 52.974445, -11.12988, NULL, 0, 0, 0, 100, 0),
(2619600, 142, -1630.3042, 59.34912, -15.971921, NULL, 0, 0, 0, 100, 0),
(2619600, 143, -1601.3304, 75.78207, -14.307471, NULL, 0, 0, 0, 100, 0),
(2619600, 144, -1581.508, 115.91542, -9.78833, NULL, 0, 0, 0, 100, 0),
(2619600, 145, -1575.1715, 156.2049, -7.7921677, NULL, 0, 0, 0, 100, 0),
(2619600, 146, -1540.6425, 160.9339, -7.7928085, NULL, 0, 0, 0, 100, 0),
(2619600, 147, -1518.2887, 184.90755, -7.661153, NULL, 0, 0, 0, 100, 0),
(2619600, 148, -1493.5348, 193.18796, -7.7928057, NULL, 0, 0, 0, 100, 0),
(2619600, 149, -1467.7026, 191.00508, -7.792779, NULL, 0, 0, 0, 100, 0),
(2619600, 150, -1433.7985, 215.66963, -7.1423674, NULL, 0, 0, 0, 100, 0),
(2619600, 151, -1409.0953, 246.43031, -6.984593, NULL, 0, 0, 0, 100, 0),
(2619600, 152, -1376.9994, 259.64877, -2.9643166, NULL, 0, 0, 0, 100, 0),
(2619600, 153, -1353.4476, 289.53302, 0.24801914, NULL, 0, 0, 0, 100, 0),
(2619600, 154, -1322.0363, 315.6229, 2.2535977, NULL, 0, 0, 0, 100, 0),
(2619600, 155, -1281.0723, 326.60596, -0.9783207, NULL, 0, 0, 0, 100, 0),
(2619600, 156, -1255.0748, 360.65146, -0.25116718, NULL, 0, 0, 0, 100, 0),
(2619600, 157, -1216.4647, 370.34033, -1.9081411, NULL, 0, 0, 0, 100, 0),
(2619600, 158, -1176.1271, 395.78214, 2.8264346, NULL, 0, 0, 0, 100, 0),
(2619600, 159, -1143.1012, 417.0893, 6.579456, NULL, 0, 0, 0, 100, 0),
(2619600, 160, -1112.9124, 422.62155, 8.367777, NULL, 0, 0, 0, 100, 0),
(2619600, 161, -1066.6489, 422.65872, 14.733124, NULL, 0, 0, 0, 100, 0),
(2619600, 162, -1037.2, 424.55112, 15.33276, NULL, 0, 0, 0, 100, 0),
(2619600, 163, -1007.6246, 421.90808, 15.130656, NULL, 0, 0, 0, 100, 0),
(2619600, 164, -974.2193, 417.11154, 15.5879545, NULL, 0, 0, 0, 100, 0),
(2620700, 1, -2710.6592, 163.31958, 63.226166, NULL, 0, 0, 0, 100, 0),
(2620700, 2, -2673.6243, 159.4376, 51.764732, NULL, 0, 0, 0, 100, 0),
(2620700, 3, -2666.4324, 130.52155, 46.667397, NULL, 0, 0, 0, 100, 0),
(2620700, 4, -2652.186, 106.53426, 41.890396, NULL, 0, 0, 0, 100, 0),
(2620700, 5, -2644.0598, 80.47784, 31.887161, NULL, 0, 0, 0, 100, 0),
(2620700, 6, -2647.6116, 47.942493, 23.471582, NULL, 0, 0, 0, 100, 0),
(2620700, 7, -2674.728, 19.094673, 13.6595745, NULL, 0, 0, 0, 100, 0),
(2620700, 8, -2654.1157, -13.759549, 3.1332266, NULL, 0, 0, 0, 100, 0),
(2620700, 9, -2623.795, -50.004665, -3.3034098, NULL, 0, 0, 0, 100, 0),
(2620700, 10, -2624.9705, -82.19271, -5.3842874, NULL, 0, 0, 0, 100, 0),
(2620700, 11, -2640.0618, -114.77073, -3.215204, NULL, 0, 0, 0, 100, 0),
(2620700, 12, -2630.893, -155.90099, -8.995703, NULL, 0, 0, 0, 100, 0),
(2620700, 13, -2648.4133, -189.70459, -6.6332498, NULL, 0, 0, 0, 100, 0),
(2620700, 14, -2653.144, -216.50998, -6.9328265, NULL, 0, 0, 0, 100, 0),
(2620700, 15, -2653.2568, -253.75694, -0.9902834, NULL, 0, 0, 0, 100, 0),
(2620700, 16, -2653.6948, -284.7191, -3.0489802, NULL, 0, 0, 0, 100, 0),
(2620700, 17, -2678.138, -318.07367, -5.8373413, NULL, 0, 0, 0, 100, 0),
(2620700, 18, -2678.6648, -356.3597, -8.053354, NULL, 0, 0, 0, 100, 0),
(2620700, 19, -2682.1672, -385.46646, -10.711467, NULL, 0, 0, 0, 100, 0),
(2620700, 20, -2675.5393, -418.8748, -8.330051, NULL, 0, 0, 0, 100, 0),
(2620700, 21, -2651.6365, -446.1798, -9.349476, NULL, 0, 0, 0, 100, 0),
(2620700, 22, -2649.9795, -485.89075, -6.3365417, NULL, 0, 0, 0, 100, 0),
(2620700, 23, -2654.0325, -523.72516, -7.4569664, NULL, 0, 0, 0, 100, 0),
(2620700, 24, -2648.3452, -550.0735, -3.8777122, NULL, 0, 0, 0, 100, 0),
(2620700, 25, -2643.802, -583.0283, -3.838374, NULL, 0, 0, 0, 100, 0),
(2620700, 26, -2651.5278, -615.3167, -3.0365124, NULL, 0, 0, 0, 100, 0),
(2620700, 27, -2656.2092, -662.2092, -1.8650179, NULL, 0, 0, 0, 100, 0),
(2620700, 28, -2646.3386, -674.0851, -0.14567393, NULL, 0, 0, 0, 100, 0),
(2620700, 29, -2626.5215, -706.51953, 0.52910066, NULL, 0, 0, 0, 100, 0),
(2620700, 30, -2623.6917, -749.2665, -5.150375, NULL, 0, 0, 0, 100, 0),
(2620700, 31, -2640.3572, -780.52484, -5.784524, NULL, 0, 0, 0, 100, 0),
(2620700, 32, -2653.998, -813.8535, -6.1829424, NULL, 0, 0, 0, 100, 0),
(2620700, 33, -2657.9783, -849.33356, -6.424155, NULL, 0, 0, 0, 100, 0),
(2620700, 34, -2643.6028, -886.54266, -7.7689266, NULL, 0, 0, 0, 100, 0),
(2620700, 35, -2620.5098, -916.69086, -6.844866, NULL, 0, 0, 0, 100, 0),
(2620700, 36, -2584.2139, -916.3599, -5.7289476, NULL, 0, 0, 0, 100, 0),
(2620700, 37, -2552.383, -923.7454, -8.431046, NULL, 0, 0, 0, 100, 0),
(2620700, 38, -2547.4167, -952.7232, -5.765007, NULL, 0, 0, 0, 100, 0),
(2620700, 39, -2552.737, -980.1186, -1.5728039, NULL, 0, 0, 0, 100, 0),
(2620700, 40, -2584.2122, -994.65656, -2.8916035, NULL, 0, 0, 0, 100, 0),
(2620700, 41, -2619.2803, -1011.5713, -8.028606, NULL, 0, 0, 0, 100, 0),
(2620700, 42, -2649.2556, -1026.3375, -8.474744, NULL, 0, 0, 0, 100, 0),
(2620700, 43, -2656.4373, -1053.2314, -4.678368, NULL, 0, 0, 0, 100, 0),
(2620700, 44, -2650.1755, -1084.9543, -7.634605, NULL, 0, 0, 0, 100, 0),
(2620700, 45, -2645.7498, -1113.3473, -4.9176726, NULL, 0, 0, 0, 100, 0),
(2620700, 46, -2622.2976, -1140.3937, -4.6027, NULL, 0, 0, 0, 100, 0),
(2620700, 47, -2583.1157, -1156.3484, -8.350552, NULL, 0, 0, 0, 100, 0),
(2620700, 48, -2545.0376, -1182.2266, -2.9859233, NULL, 0, 0, 0, 100, 0),
(2620700, 49, -2518.601, -1219.8278, -6.0565963, NULL, 0, 0, 0, 100, 0),
(2620700, 50, -2521.652, -1246.869, -6.977758, NULL, 0, 0, 0, 100, 0),
(2620700, 51, -2521.6074, -1246.6699, -6.973242, NULL, 0, 0, 0, 100, 0),
(2620700, 52, -2521.652, -1246.869, -6.977758, NULL, 0, 0, 0, 100, 0),
(2620700, 53, -2523.9766, -1251.293, -6.7638702, NULL, 0, 0, 0, 100, 0),
(2620700, 54, -2525.836, -1254.832, -6.5580316, NULL, 0, 0, 0, 100, 0),
(2620700, 55, -2526.7656, -1256.6016, -6.3840976, NULL, 0, 0, 0, 100, 0),
(2620700, 56, -2527.6953, -1258.3711, -6.197733, NULL, 0, 0, 0, 100, 0),
(2620700, 57, -2529.0898, -1261.0254, -6.0167475, NULL, 0, 0, 0, 100, 0),
(2620700, 58, -2530.0195, -1262.7949, -5.8368526, NULL, 0, 0, 0, 100, 0),
(2620700, 59, -2531.414, -1265.4492, -5.582439, NULL, 0, 0, 0, 100, 0),
(2620700, 60, -2533.7383, -1269.873, -5.3540955, NULL, 0, 0, 0, 100, 0),
(2620700, 61, -2543.5525, -1288.5497, -5.4981, NULL, 0, 0, 0, 100, 0),
(2620700, 62, -2552.3254, -1316.4017, -2.6343126, NULL, 0, 0, 0, 100, 0),
(2620700, 63, -2543.5525, -1288.5497, -5.4981, NULL, 0, 0, 0, 100, 0),
(2620700, 64, -2533.7383, -1269.873, -5.3540955, NULL, 0, 0, 0, 100, 0),
(2620700, 65, -2531.414, -1265.4492, -5.582439, NULL, 0, 0, 0, 100, 0),
(2620700, 66, -2530.0195, -1262.7949, -5.8368526, NULL, 0, 0, 0, 100, 0),
(2620700, 67, -2529.0898, -1261.0254, -6.0167475, NULL, 0, 0, 0, 100, 0),
(2620700, 68, -2527.6953, -1258.3711, -6.197733, NULL, 0, 0, 0, 100, 0),
(2620700, 69, -2526.7656, -1256.6016, -6.3840976, NULL, 0, 0, 0, 100, 0),
(2620700, 70, -2525.836, -1254.832, -6.5580316, NULL, 0, 0, 0, 100, 0),
(2620700, 71, -2523.9766, -1251.293, -6.7638702, NULL, 0, 0, 0, 100, 0),
(2620700, 72, -2521.652, -1246.869, -6.977758, NULL, 0, 0, 0, 100, 0),
(2620700, 73, -2521.6074, -1246.6699, -6.973242, NULL, 0, 0, 0, 100, 0),
(2620700, 74, -2521.652, -1246.869, -6.977758, NULL, 0, 0, 0, 100, 0),
(2620700, 75, -2518.601, -1219.8278, -6.0565963, NULL, 0, 0, 0, 100, 0),
(2620700, 76, -2545.0376, -1182.2266, -2.9859233, NULL, 0, 0, 0, 100, 0),
(2620700, 77, -2583.1157, -1156.3484, -8.350552, NULL, 0, 0, 0, 100, 0),
(2620700, 78, -2622.2976, -1140.3937, -4.6027, NULL, 0, 0, 0, 100, 0),
(2620700, 79, -2645.7498, -1113.3473, -4.9176726, NULL, 0, 0, 0, 100, 0),
(2620700, 80, -2650.1755, -1084.9543, -7.634605, NULL, 0, 0, 0, 100, 0),
(2620700, 81, -2656.4373, -1053.2314, -4.678368, NULL, 0, 0, 0, 100, 0),
(2620700, 82, -2649.2556, -1026.3375, -8.474744, NULL, 0, 0, 0, 100, 0),
(2620700, 83, -2619.2803, -1011.5713, -8.028606, NULL, 0, 0, 0, 100, 0),
(2620700, 84, -2584.2122, -994.65656, -2.8916035, NULL, 0, 0, 0, 100, 0),
(2620700, 85, -2552.737, -980.1186, -1.5728039, NULL, 0, 0, 0, 100, 0),
(2620700, 86, -2547.4167, -952.7232, -5.765007, NULL, 0, 0, 0, 100, 0),
(2620700, 87, -2552.383, -923.7454, -8.431046, NULL, 0, 0, 0, 100, 0),
(2620700, 88, -2584.2139, -916.3599, -5.7289476, NULL, 0, 0, 0, 100, 0),
(2620700, 89, -2620.5098, -916.69086, -6.844866, NULL, 0, 0, 0, 100, 0),
(2620700, 90, -2643.6028, -886.54266, -7.7689266, NULL, 0, 0, 0, 100, 0),
(2620700, 91, -2657.9783, -849.33356, -6.424155, NULL, 0, 0, 0, 100, 0),
(2620700, 92, -2653.998, -813.8535, -6.1829424, NULL, 0, 0, 0, 100, 0),
(2620700, 93, -2640.3572, -780.52484, -5.784524, NULL, 0, 0, 0, 100, 0),
(2620700, 94, -2623.6917, -749.2665, -5.150375, NULL, 0, 0, 0, 100, 0),
(2620700, 95, -2626.5215, -706.51953, 0.52910066, NULL, 0, 0, 0, 100, 0),
(2620700, 96, -2646.3386, -674.0851, -0.14567393, NULL, 0, 0, 0, 100, 0),
(2620700, 97, -2656.2092, -662.2092, -1.8650179, NULL, 0, 0, 0, 100, 0),
(2620700, 98, -2651.5278, -615.3167, -3.0365124, NULL, 0, 0, 0, 100, 0),
(2620700, 99, -2643.802, -583.0283, -3.838374, NULL, 0, 0, 0, 100, 0),
(2620700, 100, -2648.3452, -550.0735, -3.8777122, NULL, 0, 0, 0, 100, 0),
(2620700, 101, -2654.0325, -523.72516, -7.4569664, NULL, 0, 0, 0, 100, 0),
(2620700, 102, -2649.9795, -485.89075, -6.3365417, NULL, 0, 0, 0, 100, 0),
(2620700, 103, -2651.6365, -446.1798, -9.349476, NULL, 0, 0, 0, 100, 0),
(2620700, 104, -2675.5393, -418.8748, -8.330051, NULL, 0, 0, 0, 100, 0),
(2620700, 105, -2682.1672, -385.46646, -10.711467, NULL, 0, 0, 0, 100, 0),
(2620700, 106, -2678.6648, -356.3597, -8.053354, NULL, 0, 0, 0, 100, 0),
(2620700, 107, -2678.138, -318.07367, -5.8373413, NULL, 0, 0, 0, 100, 0),
(2620700, 108, -2653.6948, -284.7191, -3.0489802, NULL, 0, 0, 0, 100, 0),
(2620700, 109, -2653.2568, -253.75694, -0.9902834, NULL, 0, 0, 0, 100, 0),
(2620700, 110, -2653.144, -216.50998, -6.9328265, NULL, 0, 0, 0, 100, 0),
(2620700, 111, -2648.4133, -189.70459, -6.6332498, NULL, 0, 0, 0, 100, 0),
(2620700, 112, -2630.893, -155.90099, -8.995703, NULL, 0, 0, 0, 100, 0),
(2620700, 113, -2640.0618, -114.77073, -3.215204, NULL, 0, 0, 0, 100, 0),
(2620700, 114, -2624.9705, -82.19271, -5.3842874, NULL, 0, 0, 0, 100, 0),
(2620700, 115, -2623.795, -50.004665, -3.3034098, NULL, 0, 0, 0, 100, 0),
(2620700, 116, -2654.1157, -13.759549, 3.1332266, NULL, 0, 0, 0, 100, 0),
(2620700, 117, -2674.728, 19.094673, 13.6595745, NULL, 0, 0, 0, 100, 0),
(2620700, 118, -2647.6116, 47.942493, 23.471582, NULL, 0, 0, 0, 100, 0),
(2620700, 119, -2644.0598, 80.47784, 31.887161, NULL, 0, 0, 0, 100, 0),
(2620700, 120, -2652.186, 106.53426, 41.890396, NULL, 0, 0, 0, 100, 0),
(2620700, 121, -2666.4324, 130.52155, 46.667397, NULL, 0, 0, 0, 100, 0),
(2620700, 122, -2673.6243, 159.4376, 51.764732, NULL, 0, 0, 0, 100, 0),
(2620700, 123, -2710.6592, 163.31958, 63.226166, NULL, 0, 0, 0, 100, 0),
(2620700, 124, -2729.8914, 197.9978, 76.868744, NULL, 0, 0, 0, 100, 0),
(2620900, 1, -1020.2051, -980.88086, 7.1683216, NULL, 0, 0, 0, 100, 0),
(2620900, 2, -1053.2329, -975.79126, 6.623329, NULL, 0, 0, 0, 100, 0),
(2620900, 3, -1084.5875, -977.6635, 6.817415, NULL, 0, 0, 0, 100, 0),
(2620900, 4, -1116.7161, -978.35114, 3.4320922, NULL, 0, 0, 0, 100, 0),
(2620900, 5, -1138.5924, -962.28125, 1.474831, NULL, 0, 0, 0, 100, 0),
(2620900, 6, -1148.5856, -919.54126, -2.596854, NULL, 0, 0, 0, 100, 0),
(2620900, 7, -1138.5454, -892.65125, -7.208537, NULL, 0, 0, 0, 100, 0),
(2620900, 8, -1150.0491, -851.04224, -16.409548, NULL, 0, 0, 0, 100, 0),
(2620900, 9, -1150.8984, -817.8583, -27.014313, NULL, 0, 0, 0, 100, 0),
(2620900, 10, -1147.5518, -776.8227, -44.30559, NULL, 0, 0, 0, 100, 0),
(2620900, 11, -1147.0758, -744.05914, -53.639885, NULL, 0, 0, 0, 100, 0),
(2620900, 12, -1147.7943, -718.74664, -58.091347, NULL, 0, 0, 0, 100, 0),
(2620900, 13, -1146.8345, -686.5961, -61.089966, NULL, 0, 0, 0, 100, 0),
(2620900, 14, -1146.251, -645.767, -57.616802, NULL, 0, 0, 0, 100, 0),
(2620900, 15, -1146.3079, -617.2496, -56.594704, NULL, 0, 0, 0, 100, 0),
(2620900, 16, -1152.5471, -582.02844, -57.719322, NULL, 0, 0, 0, 100, 0),
(2620900, 17, -1182.1832, -547.8252, -59.111668, NULL, 0, 0, 0, 100, 0),
(2620900, 18, -1187.4406, -514.64386, -55.33011, NULL, 0, 0, 0, 100, 0),
(2620900, 19, -1185.5323, -474.7066, -44.741253, NULL, 0, 0, 0, 100, 0),
(2620900, 20, -1206.8162, -445.11026, -44.441757, NULL, 0, 0, 0, 100, 0),
(2620900, 21, -1220.2743, -405.9527, -37.069504, NULL, 0, 0, 0, 100, 0),
(2620900, 22, -1230.3921, -363.70865, -26.883204, NULL, 0, 0, 0, 100, 0),
(2620900, 23, -1255.6671, -345.25363, -30.52438, NULL, 0, 0, 0, 100, 0),
(2620900, 24, -1286.9879, -315.80774, -32.31261, NULL, 0, 0, 0, 100, 0),
(2620900, 25, -1318.4122, -284.01877, -24.305344, NULL, 0, 0, 0, 100, 0),
(2620900, 26, -1355.5906, -280.10587, -15.520838, NULL, 0, 0, 0, 100, 0),
(2620900, 27, -1386.877, -287.93073, -17.552814, NULL, 0, 0, 0, 100, 0),
(2620900, 28, -1417.005, -286.57834, -13.878449, NULL, 0, 0, 0, 100, 0),
(2620900, 29, -1449.1166, -291.51437, -19.961262, NULL, 0, 0, 0, 100, 0),
(2620900, 30, -1475.7887, -319.79575, -34.36045, NULL, 0, 0, 0, 100, 0),
(2620900, 31, -1509.4084, -345.9926, -40.824417, NULL, 0, 0, 0, 100, 0),
(2620900, 32, -1525.5438, -382.69748, -42.79975, NULL, 0, 0, 0, 100, 0),
(2620900, 33, -1553.9834, -412.6861, -42.164524, NULL, 0, 0, 0, 100, 0),
(2620900, 34, -1590.6992, -412.87088, -39.847183, NULL, 0, 0, 0, 100, 0),
(2620900, 35, -1617.6337, -390.4591, -32.760555, NULL, 0, 0, 0, 100, 0),
(2620900, 36, -1648.6624, -355.2722, -27.633928, NULL, 0, 0, 0, 100, 0),
(2620900, 37, -1685.4014, -350.49475, -18.68922, NULL, 0, 0, 0, 100, 0),
(2620900, 38, -1721.133, -348.4744, -11.851406, NULL, 0, 0, 0, 100, 0),
(2620900, 39, -1755.0455, -344.01053, -9.548318, NULL, 0, 0, 0, 100, 0),
(2620900, 40, -1782.8278, -322.65842, -9.424843, NULL, 0, 0, 0, 100, 0),
(2620900, 41, -1819.2301, -318.81494, -8.874444, NULL, 0, 0, 0, 100, 0),
(2620900, 42, -1851.8077, -323.0484, -7.2307463, NULL, 0, 0, 0, 100, 0),
(2620900, 43, -1877.3624, -346.32922, -9.093119, NULL, 0, 0, 0, 100, 0),
(2620900, 44, -1854.1841, -381.51065, -7.991462, NULL, 0, 0, 0, 100, 0),
(2620900, 45, -1830.9149, -410.4619, -8.048546, NULL, 0, 0, 0, 100, 0),
(2620900, 46, -1827.4146, -441.5103, -7.292081, NULL, 0, 0, 0, 100, 0),
(2620900, 47, -1839.0156, -472.3828, -4.388832, NULL, 0, 0, 0, 100, 0),
(2620900, 48, -1844.6571, -521.93195, 0.857855, NULL, 0, 0, 0, 100, 0),
(2620900, 49, -1840.5328, -549.9421, -1.5416535, NULL, 0, 0, 0, 100, 0),
(2620900, 50, -1843.9037, -588.4754, -1.2690234, NULL, 0, 0, 0, 100, 0),
(2620900, 51, -1820.9545, -620.83606, -9.77841, NULL, 0, 0, 0, 100, 0),
(2620900, 52, -1809.1964, -660.40656, -10.850664, NULL, 0, 0, 0, 100, 0),
(2620900, 53, -1811.9022, -689.7712, -9.4739685, NULL, 0, 0, 0, 100, 0),
(2620900, 54, -1818.152, -715.43555, -9.424848, NULL, 0, 0, 0, 100, 0),
(2620900, 55, -1827.0248, -752.0289, -8.905457, NULL, 0, 0, 0, 100, 0),
(2620900, 56, -1845.9939, -776.34735, -5.783878, NULL, 0, 0, 0, 100, 0),
(2620900, 57, -1882.477, -791.6018, -7.7184834, NULL, 0, 0, 0, 100, 0),
(2620900, 58, -1912.0764, -811.54114, -0.89575887, NULL, 0, 0, 0, 100, 0),
(2620900, 59, -1923.2053, -849.5344, 3.833979, NULL, 0, 0, 0, 100, 0),
(2620900, 60, -1950.4001, -884.6272, 0.7706809, NULL, 0, 0, 0, 100, 0),
(2620900, 61, -1979.5773, -915.40845, 8.118938, NULL, 0, 0, 0, 100, 0),
(2620900, 62, -2024.5035, -924.3658, 2.138451, NULL, 0, 0, 0, 100, 0),
(2620900, 63, -2047.3091, -920.10114, 0.87201357, NULL, 0, 0, 0, 100, 0),
(2620900, 64, -2091.5933, -922.33997, 8.777015, NULL, 0, 0, 0, 100, 0),
(2620900, 65, -2119.8962, -922.5559, 10.534827, NULL, 0, 0, 0, 100, 0),
(2620900, 66, -2153.0735, -929.1006, 9.6171465, NULL, 0, 0, 0, 100, 0),
(2620900, 67, -2183.8567, -946.16095, 6.301245, NULL, 0, 0, 0, 100, 0),
(2620900, 68, -2217.3403, -948.37195, 0.41538173, NULL, 0, 0, 0, 100, 0),
(2620900, 69, -2255.0247, -925.83386, -7.886299, NULL, 0, 0, 0, 100, 0),
(2620900, 70, -2279.3665, -888.14996, -4.49362, NULL, 0, 0, 0, 100, 0),
(2620900, 71, -2285.2222, -846.1835, -7.1040916, NULL, 0, 0, 0, 100, 0),
(2620900, 72, -2291.1272, -816.87134, -5.591943, NULL, 0, 0, 0, 100, 0),
(2620900, 73, -2319.851, -789.5738, -8.415098, NULL, 0, 0, 0, 100, 0),
(2620900, 74, -2363.6467, -777.8217, -7.7410345, NULL, 0, 0, 0, 100, 0),
(2620900, 75, -2386.841, -777.74915, -1.931078, NULL, 0, 0, 0, 100, 0),
(2620900, 76, -2420.0496, -759.81696, -2.805012, NULL, 0, 0, 0, 100, 0),
(2620900, 77, -2433.9304, -784.26886, -1.9161642, NULL, 0, 0, 0, 100, 0),
(2620900, 78, -2453.8037, -811.69653, -5.838523, NULL, 0, 0, 0, 100, 0),
(2620900, 79, -2457.6191, -839.9908, -4.2054973, NULL, 0, 0, 0, 100, 0),
(2620900, 80, -2465.2732, -881.242, -4.847744, NULL, 0, 0, 0, 100, 0),
(2620900, 81, -2490.7522, -889.43164, -6.9935, NULL, 0, 0, 0, 100, 0),
(2620900, 82, -2513.5232, -886.17896, -7.119336, NULL, 0, 0, 0, 100, 0),
(2620900, 83, -2541.5662, -891.89105, -8.848616, NULL, 0, 0, 0, 100, 0),
(2620900, 84, -2550.9543, -913.97235, -9.117775, NULL, 0, 0, 0, 100, 0),
(2620900, 85, -2585.972, -921.22516, -4.9074683, NULL, 0, 0, 0, 100, 0),
(2620900, 86, -2616.3623, -890.53973, -4.647091, NULL, 0, 0, 0, 100, 0),
(2620900, 87, -2585.972, -921.22516, -4.9074683, NULL, 0, 0, 0, 100, 0),
(2620900, 88, -2550.9543, -913.97235, -9.117775, NULL, 0, 0, 0, 100, 0),
(2620900, 89, -2541.5662, -891.89105, -8.848616, NULL, 0, 0, 0, 100, 0),
(2620900, 90, -2513.5232, -886.17896, -7.119336, NULL, 0, 0, 0, 100, 0),
(2620900, 91, -2490.7522, -889.43164, -6.9935, NULL, 0, 0, 0, 100, 0),
(2620900, 92, -2465.2732, -881.242, -4.847744, NULL, 0, 0, 0, 100, 0),
(2620900, 93, -2457.6191, -839.9908, -4.2054973, NULL, 0, 0, 0, 100, 0),
(2620900, 94, -2453.8037, -811.69653, -5.838523, NULL, 0, 0, 0, 100, 0),
(2620900, 95, -2433.9304, -784.26886, -1.9161642, NULL, 0, 0, 0, 100, 0),
(2620900, 96, -2420.0496, -759.81696, -2.805012, NULL, 0, 0, 0, 100, 0),
(2620900, 97, -2386.841, -777.74915, -1.931078, NULL, 0, 0, 0, 100, 0),
(2620900, 98, -2363.6467, -777.8217, -7.7410345, NULL, 0, 0, 0, 100, 0),
(2620900, 99, -2319.851, -789.5738, -8.415098, NULL, 0, 0, 0, 100, 0),
(2620900, 100, -2291.1272, -816.87134, -5.591943, NULL, 0, 0, 0, 100, 0),
(2620900, 101, -2285.2222, -846.1835, -7.1040916, NULL, 0, 0, 0, 100, 0),
(2620900, 102, -2279.3665, -888.14996, -4.49362, NULL, 0, 0, 0, 100, 0),
(2620900, 103, -2255.0247, -925.83386, -7.886299, NULL, 0, 0, 0, 100, 0),
(2620900, 104, -2217.3403, -948.37195, 0.41538173, NULL, 0, 0, 0, 100, 0),
(2620900, 105, -2183.8567, -946.16095, 6.301245, NULL, 0, 0, 0, 100, 0),
(2620900, 106, -2153.0735, -929.1006, 9.6171465, NULL, 0, 0, 0, 100, 0),
(2620900, 107, -2119.8962, -922.5559, 10.534827, NULL, 0, 0, 0, 100, 0),
(2620900, 108, -2091.5933, -922.33997, 8.777015, NULL, 0, 0, 0, 100, 0),
(2620900, 109, -2047.3091, -920.10114, 0.87201357, NULL, 0, 0, 0, 100, 0),
(2620900, 110, -2024.5035, -924.3658, 2.138451, NULL, 0, 0, 0, 100, 0),
(2620900, 111, -1979.5773, -915.40845, 8.118938, NULL, 0, 0, 0, 100, 0),
(2620900, 112, -1950.4001, -884.6272, 0.7706809, NULL, 0, 0, 0, 100, 0),
(2620900, 113, -1923.2053, -849.5344, 3.833979, NULL, 0, 0, 0, 100, 0),
(2620900, 114, -1912.0764, -811.54114, -0.89575887, NULL, 0, 0, 0, 100, 0),
(2620900, 115, -1882.477, -791.6018, -7.7184834, NULL, 0, 0, 0, 100, 0),
(2620900, 116, -1845.9939, -776.34735, -5.783878, NULL, 0, 0, 0, 100, 0),
(2620900, 117, -1827.0248, -752.0289, -8.905457, NULL, 0, 0, 0, 100, 0),
(2620900, 118, -1818.152, -715.43555, -9.424848, NULL, 0, 0, 0, 100, 0),
(2620900, 119, -1811.9022, -689.7712, -9.4739685, NULL, 0, 0, 0, 100, 0),
(2620900, 120, -1809.1964, -660.40656, -10.850664, NULL, 0, 0, 0, 100, 0),
(2620900, 121, -1820.9545, -620.83606, -9.77841, NULL, 0, 0, 0, 100, 0),
(2620900, 122, -1843.9037, -588.4754, -1.2690234, NULL, 0, 0, 0, 100, 0),
(2620900, 123, -1840.5328, -549.9421, -1.5416535, NULL, 0, 0, 0, 100, 0),
(2620900, 124, -1844.6571, -521.93195, 0.857855, NULL, 0, 0, 0, 100, 0),
(2620900, 125, -1839.0156, -472.3828, -4.388832, NULL, 0, 0, 0, 100, 0),
(2620900, 126, -1827.4146, -441.5103, -7.292081, NULL, 0, 0, 0, 100, 0),
(2620900, 127, -1830.9149, -410.4619, -8.048546, NULL, 0, 0, 0, 100, 0),
(2620900, 128, -1854.1841, -381.51065, -7.991462, NULL, 0, 0, 0, 100, 0),
(2620900, 129, -1877.3624, -346.32922, -9.093119, NULL, 0, 0, 0, 100, 0),
(2620900, 130, -1851.8077, -323.0484, -7.2307463, NULL, 0, 0, 0, 100, 0),
(2620900, 131, -1819.2301, -318.81494, -8.874444, NULL, 0, 0, 0, 100, 0),
(2620900, 132, -1782.8278, -322.65842, -9.424843, NULL, 0, 0, 0, 100, 0),
(2620900, 133, -1755.0455, -344.01053, -9.548318, NULL, 0, 0, 0, 100, 0),
(2620900, 134, -1721.133, -348.4744, -11.851406, NULL, 0, 0, 0, 100, 0),
(2620900, 135, -1685.4014, -350.49475, -18.68922, NULL, 0, 0, 0, 100, 0),
(2620900, 136, -1648.6624, -355.2722, -27.633928, NULL, 0, 0, 0, 100, 0),
(2620900, 137, -1617.6337, -390.4591, -32.760555, NULL, 0, 0, 0, 100, 0),
(2620900, 138, -1590.6992, -412.87088, -39.847183, NULL, 0, 0, 0, 100, 0),
(2620900, 139, -1553.9834, -412.6861, -42.164524, NULL, 0, 0, 0, 100, 0),
(2620900, 140, -1525.5438, -382.69748, -42.79975, NULL, 0, 0, 0, 100, 0),
(2620900, 141, -1509.4084, -345.9926, -40.824417, NULL, 0, 0, 0, 100, 0),
(2620900, 142, -1475.7887, -319.79575, -34.36045, NULL, 0, 0, 0, 100, 0),
(2620900, 143, -1449.1166, -291.51437, -19.961262, NULL, 0, 0, 0, 100, 0),
(2620900, 144, -1417.005, -286.57834, -13.878449, NULL, 0, 0, 0, 100, 0),
(2620900, 145, -1386.877, -287.93073, -17.552814, NULL, 0, 0, 0, 100, 0),
(2620900, 146, -1355.5906, -280.10587, -15.520838, NULL, 0, 0, 0, 100, 0),
(2620900, 147, -1318.4122, -284.01877, -24.305344, NULL, 0, 0, 0, 100, 0),
(2620900, 148, -1286.9879, -315.80774, -32.31261, NULL, 0, 0, 0, 100, 0),
(2620900, 149, -1255.6671, -345.25363, -30.52438, NULL, 0, 0, 0, 100, 0),
(2620900, 150, -1230.3921, -363.70865, -26.883204, NULL, 0, 0, 0, 100, 0),
(2620900, 151, -1220.2743, -405.9527, -37.069504, NULL, 0, 0, 0, 100, 0),
(2620900, 152, -1206.8162, -445.11026, -44.441757, NULL, 0, 0, 0, 100, 0),
(2620900, 153, -1185.5323, -474.7066, -44.741253, NULL, 0, 0, 0, 100, 0),
(2620900, 154, -1187.4406, -514.64386, -55.33011, NULL, 0, 0, 0, 100, 0),
(2620900, 155, -1182.1832, -547.8252, -59.111668, NULL, 0, 0, 0, 100, 0),
(2620900, 156, -1152.5471, -582.02844, -57.719322, NULL, 0, 0, 0, 100, 0),
(2620900, 157, -1146.3079, -617.2496, -56.594704, NULL, 0, 0, 0, 100, 0),
(2620900, 158, -1146.251, -645.767, -57.616802, NULL, 0, 0, 0, 100, 0),
(2620900, 159, -1146.8345, -686.5961, -61.089966, NULL, 0, 0, 0, 100, 0),
(2620900, 160, -1147.7943, -718.74664, -58.091347, NULL, 0, 0, 0, 100, 0),
(2620900, 161, -1147.0758, -744.05914, -53.639885, NULL, 0, 0, 0, 100, 0),
(2620900, 162, -1147.5518, -776.8227, -44.30559, NULL, 0, 0, 0, 100, 0),
(2620900, 163, -1150.8984, -817.8583, -27.014313, NULL, 0, 0, 0, 100, 0),
(2620900, 164, -1150.0491, -851.04224, -16.409548, NULL, 0, 0, 0, 100, 0),
(2620900, 165, -1138.5454, -892.65125, -7.208537, NULL, 0, 0, 0, 100, 0),
(2620900, 166, -1148.5856, -919.54126, -2.596854, NULL, 0, 0, 0, 100, 0),
(2620900, 167, -1138.5924, -962.28125, 1.474831, NULL, 0, 0, 0, 100, 0),
(2620900, 168, -1116.7161, -978.35114, 3.4320922, NULL, 0, 0, 0, 100, 0),
(2620900, 169, -1084.5875, -977.6635, 6.817415, NULL, 0, 0, 0, 100, 0),
(2620900, 170, -1053.2329, -975.79126, 6.623329, NULL, 0, 0, 0, 100, 0),
(2620900, 171, -1020.2051, -980.88086, 7.1683216, NULL, 0, 0, 0, 100, 0),
(2620900, 172, -990.1825, -1000.7083, 11.565266, NULL, 0, 0, 0, 100, 0),
(2657800, 1, -1142.8879, -1120.528, 27.3758, NULL, 0, 0, 0, 100, 0),
(2657800, 2, -1150.968, -1115.959, 24.5076, NULL, 0, 0, 0, 100, 0),
(2657800, 3, -1158.046, -1106.704, 20.3599, NULL, 0, 0, 0, 100, 0),
(2657800, 4, -1165.9821, -1101.266, 17.5439, NULL, 0, 0, 0, 100, 0),
(2657800, 5, -1170.084, -1095.677, 15.3294, NULL, 0, 0, 0, 100, 0),
(2657800, 6, -1173.754, -1081.303, 11.0727, NULL, 0, 0, 0, 100, 0),
(2657800, 7, -1179.774, -1047.3831, 3.5325, NULL, 0, 0, 0, 100, 0),
(2657800, 8, -1185.896, -1030.351, 0.1813, NULL, 0, 0, 0, 100, 0),
(2657800, 9, -1200.679, -1007.499, -1.913, NULL, 0, 0, 0, 100, 0),
(2657800, 10, -1221.334, -983.8833, -4.1149, NULL, 0, 0, 0, 100, 0),
(2657800, 11, -1238.451, -967.6768, -6.8332, NULL, 0, 0, 0, 100, 0),
(2657800, 12, -1248.23, -961.4964, -7.2026, NULL, 0, 0, 0, 100, 0),
(2657800, 13, -1270.1639, -952.7275, -4.2838, NULL, 0, 0, 0, 100, 0),
(2657800, 14, -1294.37, -940.5132, 1.7639, NULL, 0, 0, 0, 100, 0),
(2657800, 15, -1318.322, -927.8248, 2.7704, NULL, 0, 0, 0, 100, 0),
(2657800, 16, -1334.959, -917.764, 1.6299, NULL, 0, 0, 0, 100, 0),
(2657800, 17, -1350.093, -901.2927, -1.8786, NULL, 0, 0, 0, 100, 0),
(2657800, 18, -1356.792, -884.5527, -6.5991, NULL, 0, 0, 0, 100, 0),
(2657800, 19, -1359.635, -869.5883, -8.6639, NULL, 0, 0, 0, 100, 0),
(2657800, 20, -1360.873, -850.4725, -6.8834, NULL, 0, 0, 0, 100, 0),
(2657800, 21, -1358.259, -820.6336, -12.6024, NULL, 0, 0, 0, 100, 0),
(2657800, 22, -1353.615, -799.7418, -19.2468, NULL, 0, 0, 0, 100, 0),
(2657800, 23, -1330.298, -762.4741, -32.1011, NULL, 0, 0, 0, 100, 0),
(2657800, 24, -1325.793, -737.2004, -38.4164, NULL, 0, 0, 0, 100, 0),
(2657800, 25, -1328.448, -739.9135, -37.8191, NULL, 0, 0, 0, 100, 0),
(2657800, 26, -1336.6479, -727.98, -40.7091, NULL, 0, 0, 0, 100, 0),
(2657800, 27, -1352.392, -713.3746, -46.4379, NULL, 0, 0, 0, 100, 0),
(2657800, 28, -1381.1169, -692.936, -52.8673, NULL, 0, 0, 0, 100, 0),
(2657800, 29, -1395.8929, -679.4994, -55.0795, NULL, 0, 0, 0, 100, 0),
(2657800, 30, -1406.655, -667.7491, -55.7912, NULL, 0, 0, 0, 100, 0),
(2657800, 31, -1423.808, -645.707, -52.7877, NULL, 0, 0, 0, 100, 0),
(2657800, 32, -1444.541, -616.1832, -56.1242, NULL, 0, 0, 0, 100, 0),
(2657800, 33, -1459.9301, -603.6383, -57.1929, NULL, 0, 0, 0, 100, 0),
(2657800, 34, -1470.057, -597.0546, -56.169, NULL, 0, 0, 0, 100, 0),
(2657800, 35, -1480.7469, -578.5486, -56.5383, NULL, 0, 0, 0, 100, 0),
(2657800, 36, -1487.157, -563.9292, -56.2795, NULL, 0, 0, 0, 100, 0),
(2657800, 37, -1489.577, -544.7419, -53.4087, NULL, 0, 0, 0, 100, 0),
(2657800, 38, -1489.574, -528.8965, -52.8374, NULL, 0, 0, 0, 100, 0),
(2657800, 39, -1489.62, -501.6599, -56.2315, NULL, 0, 0, 0, 100, 0),
(2657800, 40, -1492.634, -462.393, -50.279, NULL, 0, 0, 0, 100, 0),
(2657800, 41, -1505.76, -429.489, -45.7027, NULL, 0, 0, 0, 100, 0),
(2657800, 42, -1517.928, -391.2411, -42.8314, NULL, 0, 0, 0, 100, 0),
(2657800, 43, -1530.9821, -366.4191, -42.0044, NULL, 0, 0, 0, 100, 0),
(2657800, 44, -1541.627, -349.674, -38.6939, NULL, 0, 0, 0, 100, 0),
(2657800, 45, -1545.7271, -327.7592, -36.2629, NULL, 0, 0, 0, 100, 0),
(2657800, 46, -1553.165, -305.085, -32.1405, NULL, 0, 0, 0, 100, 0),
(2657800, 47, -1560.412, -287.1764, -27.0584, NULL, 0, 0, 0, 100, 0),
(2657800, 48, -1574.387, -260.7307, -15.7614, NULL, 0, 0, 0, 100, 0),
(2657800, 49, -1580.829, -247.3122, -12.0043, NULL, 0, 0, 0, 100, 0),
(2657800, 50, -1588.9611, -224.9691, -9.4461, NULL, 0, 0, 0, 100, 0),
(2657800, 51, -1606.261, -193.2352, -9.4434, NULL, 0, 0, 0, 100, 0),
(2657800, 52, -1620.4771, -164.6241, -5.5898, NULL, 0, 0, 0, 100, 0),
(2657800, 53, -1625.116, -130.617, -0.8691, NULL, 0, 0, 0, 100, 0),
(2657800, 54, -1623.778, -118.7694, -0.7166, NULL, 0, 0, 0, 100, 0),
(2657800, 55, -1618.616, -99.6451, -2.0879, NULL, 0, 0, 0, 100, 0),
(2657800, 56, -1609, -78.8948, 2.2697, NULL, 0, 0, 0, 100, 0),
(2657800, 57, -1598.49, -62.4247, 5.6697, NULL, 0, 0, 0, 100, 0),
(2657800, 58, -1590.646, -44.399, 5.9124, NULL, 0, 0, 0, 100, 0),
(2657800, 59, -1584.077, -25.5933, 3.9493, NULL, 0, 0, 0, 100, 0),
(2657800, 60, -1574.15, -8.5372, 2.3977, NULL, 0, 0, 0, 100, 0),
(2657800, 61, -1567.4871, 1.2559, 3.2112, NULL, 0, 0, 0, 100, 0),
(2657800, 62, -1558.6689, 13.8431, 7.8111, NULL, 0, 0, 0, 100, 0),
(2657800, 63, -1546.21, 28.2542, 11.6561, NULL, 0, 0, 0, 100, 0),
(2657800, 64, -1540.385, 33.92, 11.4862, NULL, 0, 0, 0, 100, 0),
(2657800, 65, -1524.016, 50.8436, 7.0849, NULL, 0, 0, 0, 100, 0),
(2657800, 66, -1494.799, 88.4423, 5.8093, NULL, 0, 0, 0, 100, 0),
(2657800, 67, -1487.8311, 87.5801, 7.3979, NULL, 0, 0, 0, 100, 0),
(2657800, 68, -1484.606, 90.7981, 7.1212, NULL, 0, 0, 0, 100, 0),
(2657800, 69, -1482.177, 118.8498, 0.2327, NULL, 0, 0, 0, 100, 0),
(2657800, 70, -1481.145, 161.8865, -7.5023, NULL, 0, 0, 0, 100, 0),
(2657800, 71, -1476.234, 226.3871, -7.535, NULL, 0, 0, 0, 100, 0),
(2657800, 72, -1465.848, 244.7017, -3.9568, NULL, 0, 0, 0, 100, 0),
(2657800, 73, -1454.155, 259.6542, 2.3833, NULL, 0, 0, 0, 100, 0),
(2657800, 74, -1449.089, 265.0599, 5.1455, NULL, 0, 0, 0, 100, 0),
(2657800, 75, -1441.824, 269.9399, 6.9387, NULL, 0, 0, 0, 100, 0),
(2657800, 76, -1428.3149, 276.9652, 7.5371, NULL, 0, 0, 0, 100, 0),
(2657800, 77, -1410.17, 284.0968, 6.4244, NULL, 0, 0, 0, 100, 0),
(2657800, 78, -1394.998, 286.2836, 5.8466, NULL, 0, 0, 0, 100, 0),
(2657800, 79, -1367.895, 286.6947, 1.3263, NULL, 0, 0, 0, 100, 0),
(2657800, 80, -1352.324, 288.1959, 0.0568, NULL, 0, 0, 0, 100, 0),
(2657800, 81, -1320.894, 291.7737, 2.1251, NULL, 0, 0, 0, 100, 0),
(2657800, 82, -1311.193, 297.3018, 1.6912, NULL, 0, 0, 0, 100, 0),
(2657800, 83, -1298.239, 308.9933, 0.0275, NULL, 0, 0, 0, 100, 0),
(2657800, 84, -1272.351, 316.5668, 0.4111, NULL, 0, 0, 0, 100, 0),
(2657800, 85, -1253.1021, 320.9234, 3.232, NULL, 0, 0, 0, 100, 0),
(2657800, 86, -1233.017, 334.9345, 4.4056, NULL, 0, 0, 0, 100, 0),
(2657800, 87, -1211.292, 358.0211, 1.1399, NULL, 0, 0, 0, 100, 0),
(2657800, 88, -1211.292, 358.0211, 1.1399, NULL, 0, 0, 0, 100, 0),
(2657800, 89, -1233.017, 334.9345, 4.4056, NULL, 0, 0, 0, 100, 0),
(2657800, 90, -1253.1021, 320.9234, 3.232, NULL, 0, 0, 0, 100, 0),
(2657800, 91, -1272.351, 316.5668, 0.4111, NULL, 0, 0, 0, 100, 0),
(2657800, 92, -1298.239, 308.9933, 0.0275, NULL, 0, 0, 0, 100, 0),
(2657800, 93, -1311.193, 297.3018, 1.6912, NULL, 0, 0, 0, 100, 0),
(2657800, 94, -1320.894, 291.7737, 2.1251, NULL, 0, 0, 0, 100, 0),
(2657800, 95, -1352.324, 288.1959, 0.0568, NULL, 0, 0, 0, 100, 0),
(2657800, 96, -1367.895, 286.6947, 1.3263, NULL, 0, 0, 0, 100, 0),
(2657800, 97, -1394.998, 286.2836, 5.8466, NULL, 0, 0, 0, 100, 0),
(2657800, 98, -1410.17, 284.0968, 6.4244, NULL, 0, 0, 0, 100, 0),
(2657800, 99, -1428.3149, 276.9652, 7.5371, NULL, 0, 0, 0, 100, 0),
(2657800, 100, -1441.824, 269.9399, 6.9387, NULL, 0, 0, 0, 100, 0),
(2657800, 101, -1449.089, 265.0599, 5.1455, NULL, 0, 0, 0, 100, 0),
(2657800, 102, -1454.155, 259.6542, 2.3833, NULL, 0, 0, 0, 100, 0),
(2657800, 103, -1465.848, 244.7017, -3.9568, NULL, 0, 0, 0, 100, 0),
(2657800, 104, -1476.234, 226.3871, -7.535, NULL, 0, 0, 0, 100, 0),
(2657800, 105, -1481.145, 161.8865, -7.5023, NULL, 0, 0, 0, 100, 0),
(2657800, 106, -1482.177, 118.8498, 0.2327, NULL, 0, 0, 0, 100, 0),
(2657800, 107, -1484.606, 90.7981, 7.1212, NULL, 0, 0, 0, 100, 0),
(2657800, 108, -1487.8311, 87.5801, 7.3979, NULL, 0, 0, 0, 100, 0),
(2657800, 109, -1494.799, 88.4423, 5.8093, NULL, 0, 0, 0, 100, 0),
(2657800, 110, -1524.016, 50.8436, 7.0849, NULL, 0, 0, 0, 100, 0),
(2657800, 111, -1540.385, 33.92, 11.4862, NULL, 0, 0, 0, 100, 0),
(2657800, 112, -1546.21, 28.2542, 11.6561, NULL, 0, 0, 0, 100, 0),
(2657800, 113, -1558.6689, 13.8431, 7.8111, NULL, 0, 0, 0, 100, 0),
(2657800, 114, -1567.4871, 1.2559, 3.2112, NULL, 0, 0, 0, 100, 0),
(2657800, 115, -1574.15, -8.5372, 2.3977, NULL, 0, 0, 0, 100, 0),
(2657800, 116, -1584.077, -25.5933, 3.9493, NULL, 0, 0, 0, 100, 0),
(2657800, 117, -1590.646, -44.399, 5.9124, NULL, 0, 0, 0, 100, 0),
(2657800, 118, -1598.49, -62.4247, 5.6697, NULL, 0, 0, 0, 100, 0),
(2657800, 119, -1609, -78.8948, 2.2697, NULL, 0, 0, 0, 100, 0),
(2657800, 120, -1618.616, -99.6451, -2.0879, NULL, 0, 0, 0, 100, 0),
(2657800, 121, -1623.778, -118.7694, -0.7166, NULL, 0, 0, 0, 100, 0),
(2657800, 122, -1625.116, -130.617, -0.8691, NULL, 0, 0, 0, 100, 0),
(2657800, 123, -1620.4771, -164.6241, -5.5898, NULL, 0, 0, 0, 100, 0),
(2657800, 124, -1606.261, -193.2352, -9.4434, NULL, 0, 0, 0, 100, 0),
(2657800, 125, -1588.9611, -224.9691, -9.4461, NULL, 0, 0, 0, 100, 0),
(2657800, 126, -1580.829, -247.3122, -12.0043, NULL, 0, 0, 0, 100, 0),
(2657800, 127, -1574.387, -260.7307, -15.7614, NULL, 0, 0, 0, 100, 0),
(2657800, 128, -1560.412, -287.1764, -27.0584, NULL, 0, 0, 0, 100, 0),
(2657800, 129, -1553.165, -305.085, -32.1405, NULL, 0, 0, 0, 100, 0),
(2657800, 130, -1545.7271, -327.7592, -36.2629, NULL, 0, 0, 0, 100, 0),
(2657800, 131, -1541.627, -349.674, -38.6939, NULL, 0, 0, 0, 100, 0),
(2657800, 132, -1530.9821, -366.4191, -42.0044, NULL, 0, 0, 0, 100, 0),
(2657800, 133, -1517.928, -391.2411, -42.8314, NULL, 0, 0, 0, 100, 0),
(2657800, 134, -1505.76, -429.489, -45.7027, NULL, 0, 0, 0, 100, 0),
(2657800, 135, -1492.634, -462.393, -50.279, NULL, 0, 0, 0, 100, 0),
(2657800, 136, -1489.62, -501.6599, -56.2315, NULL, 0, 0, 0, 100, 0),
(2657800, 137, -1489.574, -528.8965, -52.8374, NULL, 0, 0, 0, 100, 0),
(2657800, 138, -1489.577, -544.7419, -53.4087, NULL, 0, 0, 0, 100, 0),
(2657800, 139, -1487.157, -563.9292, -56.2795, NULL, 0, 0, 0, 100, 0),
(2657800, 140, -1480.7469, -578.5486, -56.5383, NULL, 0, 0, 0, 100, 0),
(2657800, 141, -1470.057, -597.0546, -56.169, NULL, 0, 0, 0, 100, 0),
(2657800, 142, -1459.9301, -603.6383, -57.1929, NULL, 0, 0, 0, 100, 0),
(2657800, 143, -1444.541, -616.1832, -56.1242, NULL, 0, 0, 0, 100, 0),
(2657800, 144, -1423.808, -645.707, -52.7877, NULL, 0, 0, 0, 100, 0),
(2657800, 145, -1406.655, -667.7491, -55.7912, NULL, 0, 0, 0, 100, 0),
(2657800, 146, -1395.8929, -679.4994, -55.0795, NULL, 0, 0, 0, 100, 0),
(2657800, 147, -1381.1169, -692.936, -52.8673, NULL, 0, 0, 0, 100, 0),
(2657800, 148, -1352.392, -713.3746, -46.4379, NULL, 0, 0, 0, 100, 0),
(2657800, 149, -1336.6479, -727.98, -40.7091, NULL, 0, 0, 0, 100, 0),
(2657800, 150, -1328.448, -739.9135, -37.8191, NULL, 0, 0, 0, 100, 0),
(2657800, 151, -1325.793, -737.2004, -38.4164, NULL, 0, 0, 0, 100, 0),
(2657800, 152, -1330.298, -762.4741, -32.1011, NULL, 0, 0, 0, 100, 0),
(2657800, 153, -1353.615, -799.7418, -19.2468, NULL, 0, 0, 0, 100, 0),
(2657800, 154, -1358.259, -820.6336, -12.6024, NULL, 0, 0, 0, 100, 0),
(2657800, 155, -1360.873, -850.4725, -6.8834, NULL, 0, 0, 0, 100, 0),
(2657800, 156, -1359.635, -869.5883, -8.6639, NULL, 0, 0, 0, 100, 0),
(2657800, 157, -1356.792, -884.5527, -6.5991, NULL, 0, 0, 0, 100, 0),
(2657800, 158, -1350.093, -901.2927, -1.8786, NULL, 0, 0, 0, 100, 0),
(2657800, 159, -1334.959, -917.764, 1.6299, NULL, 0, 0, 0, 100, 0),
(2657800, 160, -1318.322, -927.8248, 2.7704, NULL, 0, 0, 0, 100, 0),
(2657800, 161, -1294.37, -940.5132, 1.7639, NULL, 0, 0, 0, 100, 0),
(2657800, 162, -1270.1639, -952.7275, -4.2838, NULL, 0, 0, 0, 100, 0),
(2657800, 163, -1248.23, -961.4964, -7.2026, NULL, 0, 0, 0, 100, 0),
(2657800, 164, -1238.451, -967.6768, -6.8332, NULL, 0, 0, 0, 100, 0),
(2657800, 165, -1221.334, -983.8833, -4.1149, NULL, 0, 0, 0, 100, 0),
(2657800, 166, -1200.679, -1007.499, -1.913, NULL, 0, 0, 0, 100, 0),
(2657800, 167, -1185.896, -1030.351, 0.1813, NULL, 0, 0, 0, 100, 0),
(2657800, 168, -1179.774, -1047.3831, 3.5325, NULL, 0, 0, 0, 100, 0),
(2657800, 169, -1173.754, -1081.303, 11.0727, NULL, 0, 0, 0, 100, 0),
(2657800, 170, -1170.084, -1095.677, 15.3294, NULL, 0, 0, 0, 100, 0),
(2657800, 171, -1165.9821, -1101.266, 17.5439, NULL, 0, 0, 0, 100, 0),
(2657800, 172, -1158.046, -1106.704, 20.3599, NULL, 0, 0, 0, 100, 0),
(2657800, 173, -1150.968, -1115.959, 24.5076, NULL, 0, 0, 0, 100, 0),
(2657800, 174, -1142.8879, -1120.528, 27.3758, NULL, 0, 0, 0, 100, 0),
(2657800, 175, -1139, -1120.123, 28.01516, NULL, 0, 0, 0, 100, 0);

-- Set Idle to followers.
UPDATE `creature` SET `wander_distance` = 0, `MovementType` = 0 WHERE (`id1` IN (2972, 2974));

-- Update Kodo Bull spawn points & add a new one.
UPDATE `creature` SET  `position_x` = -974.2193, `position_y` = 417.11154, `position_z` = 15.5879545, `orientation` = 3.073724, `wander_distance` = 0, `MovementType` = 2 WHERE (`id1` = 2973) AND (`guid` = 26196);
UPDATE `creature` SET  `position_x` = -2729.8914, `position_y` = 197.9978, `position_z` = 76.868744, `orientation` = 5.064711, `wander_distance` = 0, `MovementType` = 2 WHERE (`id1` = 2973) AND (`guid` = 26207);
UPDATE `creature` SET  `position_x` = -990.1825, `position_y` = -1000.7083, `position_z` = 11.565266, `orientation` = 2.755629, `wander_distance` = 0, `MovementType` = 2 WHERE (`id1` = 2973) AND (`guid` = 26209);
DELETE FROM `creature` WHERE (`id1` = 2973) AND (`guid` IN (26578));
INSERT INTO `creature` (`guid`, `id1`, `id2`, `id3`, `map`, `zoneId`, `areaId`, `spawnMask`, `phaseMask`, `equipment_id`, `position_x`, `position_y`, `position_z`, `orientation`, `spawntimesecs`, `wander_distance`, `currentwaypoint`, `curhealth`, `curmana`, `MovementType`, `npcflag`, `unit_flags`, `dynamicflags`, `ScriptName`, `Comment`, `VerifiedBuild`) VALUES
(26578, 2973, 0, 0, 1, 0, 0, 1, 1, 0, -1139, -1120.123, 28.01516, 3.02302, 250, 0, 0, 222, 0, 2, 0, 0, 0, '', NULL, 0);

-- Update Kodo Matriarch spawn points.
UPDATE `creature` SET  `position_x` = -957.4887, `position_y` = 405.5724, `position_z` = 14.7732, `orientation` = 2.6232 WHERE (`id1` = 2974) AND (`guid` = 26210);
UPDATE `creature` SET  `position_x` = -2737.903, `position_y` = 214.0841, `position_z` = 78.0185, `orientation` = 4.9165 WHERE (`id1` = 2974) AND (`guid` = 26211);
UPDATE `creature` SET  `position_x` = -969.828, `position_y` = -1009.202, `position_z` = 13.8013, `orientation` = 2.7488 WHERE (`id1` = 2974) AND (`guid` = 26212);
UPDATE `creature` SET  `position_x` = -1115.81, `position_y` = -1128.848, `position_z` = 37.0506, `orientation` = 2.8038 WHERE (`id1` = 2974) AND (`guid` = 26213);

-- Update Kodo Calf spawn points.
UPDATE `creature` SET  `position_x` = -962.6667, `position_y` = 419.3729, `position_z` = 15.43035, `orientation` = 2.8149 WHERE (`id1` = 2972) AND (`guid` = 26184);
UPDATE `creature` SET  `position_x` = -968.2633, `position_y` = 406.777, `position_z` = 15.4245, `orientation` = 2.6224 WHERE (`id1` = 2972) AND (`guid` = 26185);
UPDATE `creature` SET  `position_x` = -2741.7703, `position_y` = 203.1685, `position_z` = 76.2887, `orientation` = 5.14828 WHERE (`id1` = 2972) AND (`guid` = 26186);
UPDATE `creature` SET  `position_x` = -2727.2537, `position_y` = 209.523, `position_z` = 78.6638, `orientation` = 5.00692 WHERE (`id1` = 2972) AND (`guid` = 26187);
UPDATE `creature` SET  `position_x` = -981.24414, `position_y` = -996.193, `position_z` = 10.4870, `orientation` = 2.6978 WHERE (`id1` = 2972) AND (`guid` = 26188);
UPDATE `creature` SET  `position_x` = -986.4947, `position_y` = -1008.282, `position_z` = 13.3611, `orientation` = 2.7253 WHERE (`id1` = 2972) AND (`guid` = 26189);
UPDATE `creature` SET  `position_x` = -1127.913, `position_y` = -1115.951, `position_z` = 29.7654, `orientation` = 2.8745 WHERE (`id1` = 2972) AND (`guid` = 26190);
UPDATE `creature` SET  `position_x` = -1132.868, `position_y` = -1129.695, `position_z` = 32.5567, `orientation` = 2.7331 WHERE (`id1` = 2972) AND (`guid` = 26191);

-- Set Kodo Bull creature addons.
DELETE FROM `creature_addon` WHERE (`guid` IN (26196, 26207, 26209, 26578));
INSERT INTO `creature_addon` (`guid`, `path_id`, `mount`, `bytes1`, `bytes2`, `emote`, `visibilityDistanceType`, `auras`) VALUES
(26196, 2619600, 0, 0, 0, 0, 0, NULL),
(26207, 2620700, 0, 0, 0, 0, 0, NULL),
(26209, 2620900, 0, 0, 0, 0, 0, NULL),
(26578, 2657800, 0, 0, 0, 0, 0, NULL);

-- Set Kodo's Packs.
DELETE FROM `creature_formations` WHERE (`LeaderGUID` IN (26196, 26207, 26209, 26578));
INSERT INTO `creature_formations` (`leaderGUID`, `memberGUID`, `dist`, `angle`, `groupAI`, `point_1`, `point_2`) VALUES
(26196, 26196, 0, 0, 512, 0, 0),
(26196, 26184, 14, 155, 512, 0, 0),
(26196, 26185, 24, 205, 512, 0, 0),
(26196, 26210, 32, 180, 512, 0, 0),
(26207, 26207, 0, 0, 512, 0, 0),
(26207, 26186, 14, 155, 512, 0, 0),
(26207, 26187, 24, 205, 512, 0, 0),
(26207, 26211, 32, 180, 512, 0, 0),
(26209, 26209, 0, 0, 512, 0, 0),
(26209, 26188, 14, 155, 512, 0, 0),
(26209, 26189, 24, 205, 512, 0, 0),
(26209, 26212, 32, 180, 512, 0, 0),
(26578, 26578, 0, 0, 512, 0, 0),
(26578, 26190, 14, 155, 512, 0, 0),
(26578, 26191, 24, 205, 512, 0, 0),
(26578, 26213, 32, 180, 512, 0, 0);
