-- DB update 2026_03_14_02 -> 2026_03_14_03
--
DELETE FROM `creature` WHERE `id1` = 23772 AND `guid` IN (116963,116964,116965,116966,116967,116968,116974,116975,116976,116977,116978,116979,116980,116981,116982,116991,116992,116993,117001,117002,117003,117004,117005,117006,117007,117019,117022,117023,117048,117049,117050,117051,117052,117053,117055,117056);
DELETE FROM `creature_addon` WHERE `guid` IN (116963,116964,116965,116966,116967,116968,116974,116975,116976,116977,116978,116979,116980,116981,116982,116991,116992,116993,117001,117002,117003,117004,117005,117006,117007,117019,117022,117023,117048,117049,117050,117051,117052,117053,117055,117056)
AND `path_id` IN (1169630,1169640,1169650,1169660,1169670,1169680,1169740,1169750,1169760,1169770,1169780,1169790,1169800,1169810,1169820,1169910,1169920,1169930,1170010,1170020,1170030,1170040,1170050,1170060,1170070,1170190,1170220,1170230,1170480,1170490,1170500,1170510,1170520,1170530,1170550,1170560);
DELETE FROM `waypoint_data` WHERE `id` IN (1169630,1169640,1169650,1169660,1169670,1169680,1169740,1169750,1169760,1169770,1169780,1169790,1169800,1169810,1169820,1169910,1169920,1169930,1170010,1170020,1170030,1170040,1170050,1170060,1170070,1170190,1170220,1170230,1170480,1170490,1170500,1170510,1170520,1170530,1170550,1170560);

SET @GUID := 93802;

DELETE FROM `waypoint_data` WHERE `id` = (@GUID+0)*10;
INSERT INTO `waypoint_data` (`id`, `point`, `position_x`, `position_y`, `position_z`, `orientation`, `delay`, `move_type`) VALUES
-- ((@GUID+0)*10, 1 , 1904.7750, -4364.0130, 199.5876, NULL, 0, 2),
-- ((@GUID+0)*10, 2 , 1919.0209, -4348.9080, 206.4290, NULL, 0, 2),
((@GUID+0)*10, 1 , 1933.2667, -4333.8030, 213.2704, NULL, 0, 2),
((@GUID+0)*10, 2 , 1899.9850, -4301.5537, 213.2704, NULL, 0, 2),
((@GUID+0)*10, 3 , 1866.5100, -4300.4230, 213.2704, NULL, 0, 2),
((@GUID+0)*10, 4 , 1833.2643, -4333.3380, 210.0482, NULL, 0, 2),
((@GUID+0)*10, 5 , 1800.4196, -4353.1133, 201.5760, NULL, 0, 2),
((@GUID+0)*10, 6 , 1787.4319, -4382.6730, 196.9095, NULL, 0, 2),
((@GUID+0)*10, 7 , 1800.3092, -4400.3220, 194.9926, NULL, 0, 2),
((@GUID+0)*10, 8 , 1832.6549, -4414.4873, 200.7151, NULL, 0, 2),
((@GUID+0)*10, 9 , 1866.6523, -4400.0260, 207.1593, NULL, 0, 2),
((@GUID+0)*10, 10, 1900.0864, -4411.0825, 211.0205, NULL, 0, 2),
((@GUID+0)*10, 11, 1928.6099, -4406.9067, 213.2704, NULL, 0, 2),
((@GUID+0)*10, 12, 1947.1799, -4386.5260, 213.2704, NULL, 0, 2),
((@GUID+0)*10, 13, 1953.6484, -4366.6255, 214.8258, NULL, 0, 2),
((@GUID+0)*10, 14, 1938.7408, -4341.8877, 213.6314, NULL, 0, 2);
-- ((@GUID+0)*10, 17, 1933.2667, -4333.8030, 213.2704, NULL, 0, 2),
-- ((@GUID+0)*10, 18, 1899.9850, -4301.5537, 213.2704, NULL, 0, 2);

DELETE FROM `waypoint_data` WHERE `id` = (@GUID+1)*10;
INSERT INTO `waypoint_data` (`id`, `point`, `position_x`, `position_y`, `position_z`, `orientation`, `delay`, `move_type`) VALUES
-- ((@GUID+1)*10, 1, 1697.1442, -4370.8794, 186.5670, NULL, 0, 2),
-- ((@GUID+1)*10, 2, 1679.4375, -4384.1616, 190.4794, NULL, 0, 2),
((@GUID+1)*10, 1 , 1661.7308, -4397.4440, 194.3917, NULL, 0, 2),
((@GUID+1)*10, 2 , 1633.6123, -4366.4940, 196.4194, NULL, 0, 2),
((@GUID+1)*10, 3 , 1633.4935, -4333.0280, 201.0582, NULL, 0, 2),
((@GUID+1)*10, 4 , 1667.0854, -4306.4730, 204.9871, NULL, 0, 2),
((@GUID+1)*10, 5 , 1699.1482, -4310.4230, 202.2372, NULL, 0, 2),
((@GUID+1)*10, 6 , 1733.3214, -4332.8070, 195.0984, NULL, 0, 2),
((@GUID+1)*10, 7 , 1766.9585, -4366.6810, 193.4040, NULL, 0, 2),
((@GUID+1)*10, 8 , 1798.2472, -4392.9766, 196.5705, NULL, 0, 2),
((@GUID+1)*10, 9 , 1833.4987, -4399.7700, 197.2372, NULL, 0, 2),
((@GUID+1)*10, 10, 1873.4193, -4394.7324, 202.7142, NULL, 0, 2),
((@GUID+1)*10, 11, 1899.8932, -4419.5440, 208.7537, NULL, 0, 2),
((@GUID+1)*10, 12, 1896.2480, -4457.5767, 210.3375, NULL, 0, 2),
((@GUID+1)*10, 13, 1863.0962, -4473.3467, 204.6708, NULL, 0, 2),
((@GUID+1)*10, 14, 1832.0999, -4466.8423, 195.8098, NULL, 0, 2),
((@GUID+1)*10, 15, 1800.0623, -4455.9556, 188.5875, NULL, 0, 2),
((@GUID+1)*10, 16, 1766.7274, -4449.6455, 186.8654, NULL, 0, 2),
((@GUID+1)*10, 17, 1733.2493, -4450.5884, 185.5599, NULL, 0, 2),
((@GUID+1)*10, 18, 1699.6880, -4448.6025, 186.1708, NULL, 0, 2),
((@GUID+1)*10, 19, 1675.9917, -4433.1750, 187.8653, NULL, 0, 2),
((@GUID+1)*10, 20, 1663.4976, -4406.3150, 193.0045, NULL, 0, 2);
-- ((@GUID+1)*10, 23, 1661.7308, -4397.4440, 194.3917, NULL, 0, 2),
-- ((@GUID+1)*10, 24, 1633.6123, -4366.4940, 196.4194, NULL, 0, 2);

DELETE FROM `waypoint_data` WHERE `id` = (@GUID+2)*10;
INSERT INTO `waypoint_data` (`id`, `point`, `position_x`, `position_y`, `position_z`, `orientation`, `delay`, `move_type`) VALUES
-- ((@GUID+2)*10, 1, 1821.1156, -4460.9470, 175.5490, NULL, 0, 2),
-- ((@GUID+2)*10, 2, 1815.2743, -4447.1235, 183.5774, NULL, 0, 2),
((@GUID+2)*10, 1 , 1809.4330, -4433.3003, 191.6058, NULL, 0, 2),
((@GUID+2)*10, 2 , 1794.5005, -4409.6390, 192.5500, NULL, 0, 2),
((@GUID+2)*10, 3 , 1769.2821, -4396.8560, 191.6058, NULL, 0, 2),
((@GUID+2)*10, 4 , 1735.2360, -4403.2856, 194.0778, NULL, 0, 2),
((@GUID+2)*10, 5 , 1720.1295, -4431.0180, 190.6337, NULL, 0, 2),
((@GUID+2)*10, 6 , 1678.3102, -4447.0600, 189.9115, NULL, 0, 2),
((@GUID+2)*10, 7 , 1652.7670, -4470.6196, 186.3559, NULL, 0, 2),
((@GUID+2)*10, 8 , 1653.3619, -4503.2630, 186.6058, NULL, 0, 2),
((@GUID+2)*10, 9 , 1680.3502, -4523.4023, 188.2448, NULL, 0, 2),
((@GUID+2)*10, 10, 1717.2820, -4535.0474, 187.3003, NULL, 0, 2),
((@GUID+2)*10, 11, 1751.9987, -4550.3906, 188.3836, NULL, 0, 2),
((@GUID+2)*10, 12, 1783.7966, -4547.3130, 192.7446, NULL, 0, 2),
((@GUID+2)*10, 13, 1801.7919, -4520.5654, 193.3000, NULL, 0, 2),
((@GUID+2)*10, 14, 1817.9120, -4489.5063, 191.6058, NULL, 0, 2),
((@GUID+2)*10, 15, 1819.0435, -4456.1870, 191.6058, NULL, 0, 2);
-- ((@GUID+2)*10, 18, 1809.4330, -4433.3003, 191.6058, NULL, 0, 2),
-- ((@GUID+2)*10, 19, 1794.5005, -4409.6390, 192.5500, NULL, 0, 2);

DELETE FROM `waypoint_data` WHERE `id` = (@GUID+3)*10;
INSERT INTO `waypoint_data` (`id`, `point`, `position_x`, `position_y`, `position_z`, `orientation`, `delay`, `move_type`) VALUES
-- ((@GUID+3)*10, 1, 1794.8125, -4374.0960, 180.4552, NULL, 0, 2),
-- ((@GUID+3)*10, 2, 1780.7067, -4353.7100, 187.8266, NULL, 0, 2),
((@GUID+3)*10, 1 , 1766.6008, -4333.3237, 195.1980, NULL, 0, 2),
((@GUID+3)*10, 2 , 1733.3141, -4333.4250, 195.1980, NULL, 0, 2),
((@GUID+3)*10, 3 , 1700.2083, -4348.0366, 197.2535, NULL, 0, 2),
((@GUID+3)*10, 4 , 1675.8883, -4382.7524, 199.1422, NULL, 0, 2),
((@GUID+3)*10, 5 , 1666.3410, -4413.3930, 195.1980, NULL, 0, 2),
((@GUID+3)*10, 6 , 1679.3643, -4442.3300, 191.8926, NULL, 0, 2),
((@GUID+3)*10, 7 , 1712.5144, -4451.1016, 190.2814, NULL, 0, 2),
((@GUID+3)*10, 8 , 1745.7294, -4460.4956, 189.5870, NULL, 0, 2),
((@GUID+3)*10, 9 , 1782.2070, -4456.1787, 192.2537, NULL, 0, 2),
((@GUID+3)*10, 10, 1806.6356, -4442.0730, 195.1980, NULL, 0, 2),
((@GUID+3)*10, 11, 1812.7974, -4413.0150, 196.3090, NULL, 0, 2),
((@GUID+3)*10, 12, 1804.7346, -4379.7524, 196.6701, NULL, 0, 2),
((@GUID+3)*10, 13, 1782.0706, -4343.3477, 195.1980, NULL, 0, 2);
-- ((@GUID+3)*10, 16, 1766.6008, -4333.3237, 195.1980, NULL, 0, 2),
-- ((@GUID+3)*10, 17, 1733.3141, -4333.4250, 195.1980, NULL, 0, 2);

DELETE FROM `waypoint_data` WHERE `id` = (@GUID+4)*10;
INSERT INTO `waypoint_data` (`id`, `point`, `position_x`, `position_y`, `position_z`, `orientation`, `delay`, `move_type`) VALUES
-- ((@GUID+4)*10, 1, 1707.0404, -4500.3296, 172.3236, NULL, 0, 2),
-- ((@GUID+4)*10, 2, 1720.1250, -4483.5120, 179.8603, NULL, 0, 2),
((@GUID+4)*10, 1 , 1733.2096, -4466.6950, 187.3970, NULL, 0, 2),
((@GUID+4)*10, 2 , 1766.0942, -4499.8510, 187.3970, NULL, 0, 2),
((@GUID+4)*10, 3 , 1775.0514, -4533.5690, 189.7024, NULL, 0, 2),
((@GUID+4)*10, 4 , 1751.2909, -4566.2070, 188.1191, NULL, 0, 2),
((@GUID+4)*10, 5 , 1718.1730, -4584.4995, 187.3970, NULL, 0, 2),
((@GUID+4)*10, 6 , 1677.9043, -4573.9700, 187.3970, NULL, 0, 2),
((@GUID+4)*10, 7 , 1659.8893, -4547.8193, 184.1749, NULL, 0, 2),
((@GUID+4)*10, 8 , 1663.0340, -4514.5654, 182.8973, NULL, 0, 2),
((@GUID+4)*10, 9 , 1659.2026, -4487.9336, 185.8415, NULL, 0, 2),
((@GUID+4)*10, 10, 1662.8976, -4460.2217, 187.3970, NULL, 0, 2),
((@GUID+4)*10, 11, 1685.7367, -4445.0590, 189.1747, NULL, 0, 2),
((@GUID+4)*10, 12, 1723.7266, -4459.3696, 187.3970, NULL, 0, 2);
-- ((@GUID+4)*10, 15, 1733.2096, -4466.6950, 187.3970, NULL, 0, 2),
-- ((@GUID+4)*10, 16, 1766.0942, -4499.8510, 187.3970, NULL, 0, 2);

DELETE FROM `waypoint_data` WHERE `id` = (@GUID+5)*10;
INSERT INTO `waypoint_data` (`id`, `point`, `position_x`, `position_y`, `position_z`, `orientation`, `delay`, `move_type`) VALUES
-- ((@GUID+5)*10, 1, 1828.3574, -4543.7124, 181.1983, NULL, 0, 2),
-- ((@GUID+5)*10, 2, 1814.1354, -4555.0713, 185.6074, NULL, 0, 2),
((@GUID+5)*10, 1 , 1799.9133, -4566.4300, 190.0164, NULL, 0, 2),
((@GUID+5)*10, 2 , 1767.3147, -4552.9340, 190.0164, NULL, 0, 2),
((@GUID+5)*10, 3 , 1733.5250, -4559.2144, 190.0164, NULL, 0, 2),
((@GUID+5)*10, 4 , 1709.3077, -4599.9390, 185.6276, NULL, 0, 2),
((@GUID+5)*10, 5 , 1700.1560, -4633.2734, 183.7387, NULL, 0, 2),
((@GUID+5)*10, 6 , 1717.0276, -4667.2676, 182.5165, NULL, 0, 2),
((@GUID+5)*10, 7 , 1734.0012, -4698.5690, 190.0164, NULL, 0, 2),
((@GUID+5)*10, 8 , 1766.3737, -4723.7603, 194.2106, NULL, 0, 2),
((@GUID+5)*10, 9 , 1800.1333, -4720.0610, 194.7663, NULL, 0, 2),
((@GUID+5)*10, 10, 1832.9459, -4700.1553, 195.7662, NULL, 0, 2),
((@GUID+5)*10, 11, 1834.1422, -4666.4707, 193.9885, NULL, 0, 2),
((@GUID+5)*10, 12, 1837.5963, -4633.3145, 194.1272, NULL, 0, 2),
((@GUID+5)*10, 13, 1834.2745, -4601.2856, 193.2940, NULL, 0, 2),
((@GUID+5)*10, 14, 1812.8357, -4571.8213, 190.0164, NULL, 0, 2);
-- ((@GUID+5)*10, 17, 1799.9133, -4566.4300, 190.0164, NULL, 0, 2),
-- ((@GUID+5)*10, 18, 1767.3147, -4552.9340, 190.0164, NULL, 0, 2);

DELETE FROM `waypoint_data` WHERE `id` = (@GUID+6)*10;
INSERT INTO `waypoint_data` (`id`, `point`, `position_x`, `position_y`, `position_z`, `orientation`, `delay`, `move_type`) VALUES
-- ((@GUID+6)*10, 1, 1789.0414, -4685.2617, 179.5980, NULL, 0, 2),
-- ((@GUID+6)*10, 2, 1809.0260, -4673.2275, 191.1915, NULL, 0, 2),
((@GUID+6)*10, 1 , 1829.0106, -4661.1934, 202.7850, NULL, 0, 2),
((@GUID+6)*10, 2 , 1852.3785, -4633.8380, 202.7850, NULL, 0, 2),
((@GUID+6)*10, 3 , 1872.9531, -4600.5845, 202.7850, NULL, 0, 2),
((@GUID+6)*10, 4 , 1886.0942, -4567.0870, 202.7850, NULL, 0, 2),
((@GUID+6)*10, 5 , 1876.2574, -4533.1885, 202.7850, NULL, 0, 2),
((@GUID+6)*10, 6 , 1847.4015, -4506.4976, 202.7850, NULL, 0, 2),
((@GUID+6)*10, 7 , 1817.2001, -4497.1113, 197.4240, NULL, 0, 2),
((@GUID+6)*10, 8 , 1793.6796, -4516.9050, 194.1741, NULL, 0, 2),
((@GUID+6)*10, 9 , 1766.5344, -4547.0923, 192.7017, NULL, 0, 2),
((@GUID+6)*10, 10, 1747.5369, -4582.2890, 191.8407, NULL, 0, 2),
((@GUID+6)*10, 11, 1745.3898, -4617.7017, 203.6183, NULL, 0, 2),
((@GUID+6)*10, 12, 1762.8058, -4639.8780, 207.8128, NULL, 0, 2),
((@GUID+6)*10, 13, 1794.8090, -4666.3190, 212.2016, NULL, 0, 2),
((@GUID+6)*10, 14, 1821.5271, -4666.4420, 206.3404, NULL, 0, 2);
-- ((@GUID+6)*10, 17, 1829.0106, -4661.1934, 202.7850, NULL, 0, 2),
-- ((@GUID+6)*10, 18, 1852.3785, -4633.8380, 202.7850, NULL, 0, 2);

DELETE FROM `waypoint_data` WHERE `id` = (@GUID+7)*10;
INSERT INTO `waypoint_data` (`id`, `point`, `position_x`, `position_y`, `position_z`, `orientation`, `delay`, `move_type`) VALUES
-- ((@GUID+7)*10, 1, 1784.0991, -5099.9224, 177.6963, NULL, 0, 2),
-- ((@GUID+7)*10, 2, 1791.9288, -5083.1160, 181.8793, NULL, 0, 2),
((@GUID+7)*10, 1 , 1799.7585, -5066.3100, 186.0622, NULL, 0, 2),
((@GUID+7)*10, 2 , 1809.5083, -5033.0454, 185.5901, NULL, 0, 2),
((@GUID+7)*10, 3 , 1816.0256, -4998.1550, 187.5066, NULL, 0, 2),
((@GUID+7)*10, 4 , 1836.5173, -4967.5860, 189.9235, NULL, 0, 2),
((@GUID+7)*10, 5 , 1878.8130, -4941.0635, 189.9791, NULL, 0, 2),
((@GUID+7)*10, 6 , 1910.0243, -4949.8890, 199.5865, NULL, 0, 2),
((@GUID+7)*10, 7 , 1947.9000, -4966.5260, 211.2496, NULL, 0, 2),
((@GUID+7)*10, 8 , 1975.2583, -4984.7230, 215.1598, NULL, 0, 2),
((@GUID+7)*10, 9 , 2005.6432, -5021.2915, 221.1547, NULL, 0, 2),
((@GUID+7)*10, 10, 2008.7653, -5053.7676, 226.1012, NULL, 0, 2),
((@GUID+7)*10, 11, 1986.2006, -5086.8920, 211.3790, NULL, 0, 2),
((@GUID+7)*10, 12, 1979.1588, -5128.8687, 211.3790, NULL, 0, 2),
((@GUID+7)*10, 13, 1948.5310, -5155.3853, 211.3790, NULL, 0, 2),
((@GUID+7)*10, 14, 1907.9877, -5167.8696, 201.4902, NULL, 0, 2),
((@GUID+7)*10, 15, 1869.0608, -5160.4565, 196.4625, NULL, 0, 2),
((@GUID+7)*10, 16, 1847.0017, -5156.9060, 194.6291, NULL, 0, 2),
((@GUID+7)*10, 17, 1820.5363, -5155.4927, 192.4069, NULL, 0, 2),
((@GUID+7)*10, 18, 1801.5995, -5138.4780, 188.5180, NULL, 0, 2),
((@GUID+7)*10, 19, 1797.2690, -5103.6900, 186.7401, NULL, 0, 2),
((@GUID+7)*10, 20, 1799.2672, -5072.1226, 184.4346, NULL, 0, 2);
-- ((@GUID+7)*10, 23, 1799.7585, -5066.3100, 186.0622, NULL, 0, 2),
-- ((@GUID+7)*10, 24, 1809.5083, -5033.0454, 185.5901, NULL, 0, 2);

DELETE FROM `waypoint_data` WHERE `id` = (@GUID+8)*10;
INSERT INTO `waypoint_data` (`id`, `point`, `position_x`, `position_y`, `position_z`, `orientation`, `delay`, `move_type`) VALUES
-- ((@GUID+8)*10, 1, 1893.5493, -5003.8890, 175.2703, NULL, 0, 2),
-- ((@GUID+8)*10, 2, 1880.6320, -5019.5415, 179.4070, NULL, 0, 2),
((@GUID+8)*10, 1 , 1867.7146, -5035.1940, 183.5437, NULL, 0, 2),
((@GUID+8)*10, 2 , 1844.0178, -5052.3110, 181.1550, NULL, 0, 2),
((@GUID+8)*10, 3 , 1803.7883, -5066.4946, 183.6273, NULL, 0, 2),
((@GUID+8)*10, 4 , 1790.5790, -5100.1157, 183.7662, NULL, 0, 2),
((@GUID+8)*10, 5 , 1788.5215, -5131.2700, 183.5994, NULL, 0, 2),
((@GUID+8)*10, 6 , 1766.1224, -5144.1646, 184.0161, NULL, 0, 2),
((@GUID+8)*10, 7 , 1733.0807, -5133.6367, 187.3493, NULL, 0, 2),
((@GUID+8)*10, 8 , 1718.3595, -5098.7964, 188.6549, NULL, 0, 2),
((@GUID+8)*10, 9 , 1716.6002, -5051.5156, 186.3773, NULL, 0, 2),
((@GUID+8)*10, 10, 1733.7056, -5010.2170, 181.1827, NULL, 0, 2),
((@GUID+8)*10, 11, 1744.3713, -4966.9116, 177.7939, NULL, 0, 2),
((@GUID+8)*10, 12, 1768.1122, -4940.8860, 178.3495, NULL, 0, 2),
((@GUID+8)*10, 13, 1798.6953, -4935.7680, 178.7105, NULL, 0, 2),
((@GUID+8)*10, 14, 1833.6138, -4933.7485, 182.7661, NULL, 0, 2),
((@GUID+8)*10, 15, 1862.8329, -4950.8230, 185.4882, NULL, 0, 2),
((@GUID+8)*10, 16, 1875.0430, -4981.7505, 186.7106, NULL, 0, 2),
((@GUID+8)*10, 17, 1873.4143, -5019.9510, 183.2105, NULL, 0, 2);
-- ((@GUID+8)*10, 20, 1867.7146, -5035.1940, 183.5437, NULL, 0, 2),
-- ((@GUID+8)*10, 21, 1844.0178, -5052.3110, 181.1550, NULL, 0, 2);

DELETE FROM `waypoint_data` WHERE `id` = (@GUID+9)*10;
INSERT INTO `waypoint_data` (`id`, `point`, `position_x`, `position_y`, `position_z`, `orientation`, `delay`, `move_type`) VALUES
-- ((@GUID+9)*10, 1, 1915.0326, -4907.4585, 167.7852, NULL, 0, 2),
-- ((@GUID+9)*10, 2, 1890.8490, -4920.3750, 175.3476, NULL, 0, 2),
((@GUID+9)*10, 1 , 1866.6654, -4933.2915, 182.9101, NULL, 0, 2),
((@GUID+9)*10, 2 , 1832.9492, -4936.4917, 184.3822, NULL, 0, 2),
((@GUID+9)*10, 3 , 1794.3976, -4938.8140, 182.9101, NULL, 0, 2),
((@GUID+9)*10, 4 , 1757.5820, -4962.9272, 176.2714, NULL, 0, 2),
((@GUID+9)*10, 5 , 1762.1067, -4999.9487, 177.5491, NULL, 0, 2),
((@GUID+9)*10, 6 , 1786.0464, -5025.8374, 181.4935, NULL, 0, 2),
((@GUID+9)*10, 7 , 1810.9095, -5046.2970, 186.5767, NULL, 0, 2),
((@GUID+9)*10, 8 , 1836.2251, -5048.1323, 189.2711, NULL, 0, 2),
((@GUID+9)*10, 9 , 1867.9124, -5039.8480, 199.6878, NULL, 0, 2),
((@GUID+9)*10, 10, 1903.8251, -5025.0490, 212.1599, NULL, 0, 2),
((@GUID+9)*10, 11, 1929.9417, -5000.1640, 219.0029, NULL, 0, 2),
((@GUID+9)*10, 12, 1952.3195, -4971.2646, 222.4742, NULL, 0, 2),
((@GUID+9)*10, 13, 1968.6774, -4936.3325, 224.9837, NULL, 0, 2),
((@GUID+9)*10, 14, 1953.6696, -4902.5710, 219.0390, NULL, 0, 2),
((@GUID+9)*10, 15, 1928.0642, -4889.4390, 212.5670, NULL, 0, 2),
((@GUID+9)*10, 16, 1903.8091, -4905.6620, 198.0393, NULL, 0, 2),
((@GUID+9)*10, 17, 1878.0764, -4927.9440, 185.5950, NULL, 0, 2);
-- ((@GUID+9)*10, 20, 1866.6654, -4933.2915, 182.9101, NULL, 0, 2),
-- ((@GUID+9)*10, 21, 1832.9492, -4936.4917, 184.3822, NULL, 0, 2);

DELETE FROM `waypoint_data` WHERE `id` = (@GUID+10)*10;
INSERT INTO `waypoint_data` (`id`, `point`, `position_x`, `position_y`, `position_z`, `orientation`, `delay`, `move_type`) VALUES
-- ((@GUID+10)*10, 1, 1915.4359, -4855.6760, 168.0613, NULL, 0, 2),
-- ((@GUID+10)*10, 2, 1941.0660, -4844.6460, 181.7272, NULL, 0, 2),
((@GUID+10)*10, 1 , 1966.6962, -4833.6160, 195.3931, NULL, 0, 2),
((@GUID+10)*10, 2 , 2000.0391, -4822.4087, 197.5874, NULL, 0, 2),
((@GUID+10)*10, 3 , 2032.4459, -4800.3984, 211.3057, NULL, 0, 2),
((@GUID+10)*10, 4 , 2066.6753, -4811.6094, 228.4946, NULL, 0, 2),
((@GUID+10)*10, 5 , 2072.0374, -4836.3760, 236.3007, NULL, 0, 2),
((@GUID+10)*10, 6 , 2053.7120, -4866.4194, 246.8564, NULL, 0, 2),
((@GUID+10)*10, 7 , 2024.0287, -4886.1520, 251.0231, NULL, 0, 2),
((@GUID+10)*10, 8 , 1984.5631, -4894.1836, 243.3008, NULL, 0, 2),
((@GUID+10)*10, 9 , 1952.6528, -4896.4717, 237.5231, NULL, 0, 2),
((@GUID+10)*10, 10, 1914.5923, -4898.1704, 228.6344, NULL, 0, 2),
((@GUID+10)*10, 11, 1876.4381, -4897.7320, 221.2456, NULL, 0, 2),
((@GUID+10)*10, 12, 1848.9336, -4878.7310, 211.3843, NULL, 0, 2),
((@GUID+10)*10, 13, 1833.0942, -4861.4170, 198.4678, NULL, 0, 2),
((@GUID+10)*10, 14, 1840.4514, -4823.4870, 189.6622, NULL, 0, 2),
((@GUID+10)*10, 15, 1885.8995, -4821.6255, 190.3565, NULL, 0, 2),
((@GUID+10)*10, 16, 1924.0413, -4832.5845, 195.4677, NULL, 0, 2),
((@GUID+10)*10, 17, 1954.9701, -4834.4740, 195.4677, NULL, 0, 2);
-- ((@GUID+10)*10, 20, 1966.6962, -4833.6160, 195.3931, NULL, 0, 2),
-- ((@GUID+10)*10, 21, 2000.0391, -4822.4087, 197.5874, NULL, 0, 2);

DELETE FROM `waypoint_data` WHERE `id` = (@GUID+11)*10;
INSERT INTO `waypoint_data` (`id`, `point`, `position_x`, `position_y`, `position_z`, `orientation`, `delay`, `move_type`) VALUES
-- ((@GUID+11)*10, 1, 2076.4400, -4790.9395, 218.2565, NULL, 0, 2),
-- ((@GUID+11)*10, 2, 2088.3994, -4776.2120, 220.7161, NULL, 0, 2),
((@GUID+11)*10, 1 , 2100.3590, -4761.4844, 223.1756, NULL, 0, 2),
((@GUID+11)*10, 2 , 2106.3508, -4733.3687, 225.5923, NULL, 0, 2),
((@GUID+11)*10, 3 , 2100.1920, -4705.7837, 225.5089, NULL, 0, 2),
((@GUID+11)*10, 4 , 2074.3628, -4676.2140, 224.2589, NULL, 0, 2),
((@GUID+11)*10, 5 , 2036.9314, -4653.6420, 220.7036, NULL, 0, 2),
((@GUID+11)*10, 6 , 1999.5957, -4653.0254, 212.7591, NULL, 0, 2),
((@GUID+11)*10, 7 , 1966.8060, -4653.5376, 209.7591, NULL, 0, 2),
((@GUID+11)*10, 8 , 1932.6981, -4653.1060, 207.1481, NULL, 0, 2),
((@GUID+11)*10, 9 , 1899.7908, -4656.5300, 209.2868, NULL, 0, 2),
((@GUID+11)*10, 10, 1866.9152, -4662.3794, 218.8980, NULL, 0, 2),
((@GUID+11)*10, 11, 1844.9414, -4686.7173, 222.6201, NULL, 0, 2),
((@GUID+11)*10, 12, 1851.4774, -4715.4810, 218.8147, NULL, 0, 2),
((@GUID+11)*10, 13, 1868.7672, -4743.6960, 213.0091, NULL, 0, 2),
((@GUID+11)*10, 14, 1898.3800, -4764.6025, 198.6203, NULL, 0, 2),
((@GUID+11)*10, 15, 1928.5326, -4797.9060, 192.8426, NULL, 0, 2),
((@GUID+11)*10, 16, 1967.8033, -4823.0225, 196.0648, NULL, 0, 2),
((@GUID+11)*10, 17, 2001.2160, -4824.4750, 201.3979, NULL, 0, 2),
((@GUID+11)*10, 18, 2032.5348, -4808.0522, 208.2035, NULL, 0, 2),
((@GUID+11)*10, 19, 2062.7473, -4796.4165, 216.6481, NULL, 0, 2),
((@GUID+11)*10, 20, 2087.6414, -4774.6396, 222.6201, NULL, 0, 2);
-- ((@GUID+11)*10, 23, 2100.3590, -4761.4844, 223.1756, NULL, 0, 2),
-- ((@GUID+11)*10, 24, 2106.3508, -4733.3687, 225.5923, NULL, 0, 2);

DELETE FROM `waypoint_data` WHERE `id` = (@GUID+12)*10;
INSERT INTO `waypoint_data` (`id`, `point`, `position_x`, `position_y`, `position_z`, `orientation`, `delay`, `move_type`) VALUES
-- ((@GUID+12)*10, 1, 1899.0180, -4783.6020, 182.3481, NULL, 0, 2),
-- ((@GUID+12)*10, 2, 1882.8160, -4782.9478, 189.1783, NULL, 0, 2),
((@GUID+12)*10, 1 , 1866.6141, -4782.2935, 196.0086, NULL, 0, 2),
((@GUID+12)*10, 2 , 1839.6220, -4763.6304, 196.0086, NULL, 0, 2),
((@GUID+12)*10, 3 , 1840.3239, -4736.7397, 196.0086, NULL, 0, 2),
((@GUID+12)*10, 4 , 1867.0477, -4717.6080, 196.0086, NULL, 0, 2),
((@GUID+12)*10, 5 , 1900.6864, -4704.2197, 199.4808, NULL, 0, 2),
((@GUID+12)*10, 6 , 1934.2938, -4700.0450, 203.0640, NULL, 0, 2),
((@GUID+12)*10, 7 , 1962.0050, -4718.4795, 204.0583, NULL, 0, 2),
((@GUID+12)*10, 8 , 1977.1428, -4745.8640, 206.3789, NULL, 0, 2),
((@GUID+12)*10, 9 , 1976.7145, -4777.6830, 202.0734, NULL, 0, 2),
((@GUID+12)*10, 10, 1950.0831, -4796.8370, 197.0459, NULL, 0, 2),
((@GUID+12)*10, 11, 1913.6920, -4795.5654, 197.0459, NULL, 0, 2),
((@GUID+12)*10, 12, 1877.5708, -4784.7803, 197.0459, NULL, 0, 2);
-- ((@GUID+12)*10, 15, 1866.6141, -4782.2935, 196.0086, NULL, 0, 2),
-- ((@GUID+12)*10, 16, 1839.6220, -4763.6304, 196.0086, NULL, 0, 2);

DELETE FROM `waypoint_data` WHERE `id` = (@GUID+13)*10;
INSERT INTO `waypoint_data` (`id`, `point`, `position_x`, `position_y`, `position_z`, `orientation`, `delay`, `move_type`) VALUES
-- ((@GUID+13)*10, 1, 1899.6229, -4696.8740, 180.8832, NULL, 0, 2),
-- ((@GUID+13)*10, 2, 1916.4810, -4690.8716, 191.8200, NULL, 0, 2),
((@GUID+13)*10, 1 , 1933.3390, -4684.8690, 202.7567, NULL, 0, 2),
((@GUID+13)*10, 2 , 1965.7830, -4673.3000, 210.6763, NULL, 0, 2),
((@GUID+13)*10, 3 , 1999.6766, -4687.9780, 213.3985, NULL, 0, 2),
((@GUID+13)*10, 4 , 2020.0809, -4718.3594, 212.7318, NULL, 0, 2),
((@GUID+13)*10, 5 , 2017.3549, -4745.1370, 211.4645, NULL, 0, 2),
((@GUID+13)*10, 6 , 1986.2955, -4769.4630, 203.7702, NULL, 0, 2),
((@GUID+13)*10, 7 , 1961.0795, -4792.2183, 197.3259, NULL, 0, 2),
((@GUID+13)*10, 8 , 1924.7793, -4800.1943, 192.5758, NULL, 0, 2),
((@GUID+13)*10, 9 , 1896.7904, -4773.9460, 196.3536, NULL, 0, 2),
((@GUID+13)*10, 10, 1892.4520, -4740.2734, 201.2147, NULL, 0, 2),
((@GUID+13)*10, 11, 1902.3551, -4711.8438, 203.7702, NULL, 0, 2),
((@GUID+13)*10, 12, 1925.2070, -4691.1377, 203.7702, NULL, 0, 2);
-- ((@GUID+13)*10, 15, 1933.3390, -4684.8690, 202.7567, NULL, 0, 2),
-- ((@GUID+13)*10, 16, 1965.7830, -4673.3000, 210.6763, NULL, 0, 2);

DELETE FROM `waypoint_data` WHERE `id` = (@GUID+14)*10;
INSERT INTO `waypoint_data` (`id`, `point`, `position_x`, `position_y`, `position_z`, `orientation`, `delay`, `move_type`) VALUES
-- ((@GUID+14)*10, 1, 2010.1227, -4773.9150, 198.2471, NULL, 0, 2),
-- ((@GUID+14)*10, 2, 2012.8385, -4753.6060, 207.3741, NULL, 0, 2),
((@GUID+14)*10, 1 , 2015.5543, -4733.2970, 216.5011, NULL, 0, 2),
((@GUID+14)*10, 2 , 2015.3685, -4700.1430, 214.6678, NULL, 0, 2),
((@GUID+14)*10, 3 , 2024.7711, -4666.9670, 216.4178, NULL, 0, 2),
((@GUID+14)*10, 4 , 2048.2961, -4654.4790, 222.4493, NULL, 0, 2),
((@GUID+14)*10, 5 , 2072.7612, -4665.9697, 224.7249, NULL, 0, 2),
((@GUID+14)*10, 6 , 2098.5970, -4699.8193, 225.5304, NULL, 0, 2),
((@GUID+14)*10, 7 , 2110.5498, -4733.8540, 224.2250, NULL, 0, 2),
((@GUID+14)*10, 8 , 2092.3390, -4773.0312, 222.4195, NULL, 0, 2),
((@GUID+14)*10, 9 , 2058.5420, -4787.3203, 218.2807, NULL, 0, 2),
((@GUID+14)*10, 10, 2027.3967, -4773.7780, 215.0030, NULL, 0, 2),
((@GUID+14)*10, 11, 2017.6094, -4740.8154, 214.6975, NULL, 0, 2);
-- ((@GUID+14)*10, 14, 2015.5543, -4733.2970, 216.5011, NULL, 0, 2),
-- ((@GUID+14)*10, 15, 2015.3685, -4700.1430, 214.6678, NULL, 0, 2);

DELETE FROM `waypoint_data` WHERE `id` = (@GUID+15)*10;
INSERT INTO `waypoint_data` (`id`, `point`, `position_x`, `position_y`, `position_z`, `orientation`, `delay`, `move_type`) VALUES
-- ((@GUID+15)*10, 1, 2115.9553, -4669.3260, 221.8258, NULL, 0, 2),
-- ((@GUID+15)*10, 2, 2107.9860, -4684.7803, 223.1946, NULL, 0, 2),
((@GUID+15)*10, 1 , 2100.0168, -4700.2344, 224.5634, NULL, 0, 2),
((@GUID+15)*10, 2 , 2100.1714, -4733.5150, 224.5634, NULL, 0, 2),
((@GUID+15)*10, 3 , 2092.4724, -4768.3090, 224.5634, NULL, 0, 2),
((@GUID+15)*10, 4 , 2120.2083, -4796.4770, 240.2577, NULL, 0, 2),
((@GUID+15)*10, 5 , 2150.9167, -4781.6280, 243.7855, NULL, 0, 2),
((@GUID+15)*10, 6 , 2154.5820, -4733.4460, 235.8688, NULL, 0, 2),
((@GUID+15)*10, 7 , 2127.0715, -4692.3460, 233.2577, NULL, 0, 2),
((@GUID+15)*10, 8 , 2090.0593, -4680.0470, 228.5633, NULL, 0, 2),
((@GUID+15)*10, 9 , 2060.7854, -4669.2900, 228.5633, NULL, 0, 2),
((@GUID+15)*10, 10, 2033.8248, -4639.8354, 228.5633, NULL, 0, 2),
((@GUID+15)*10, 11, 2044.8116, -4600.1970, 228.5633, NULL, 0, 2),
((@GUID+15)*10, 12, 2075.7883, -4598.3180, 228.5633, NULL, 0, 2),
((@GUID+15)*10, 13, 2098.7126, -4633.0337, 228.5633, NULL, 0, 2),
((@GUID+15)*10, 14, 2100.9760, -4668.6220, 228.5633, NULL, 0, 2);
-- ((@GUID+15)*10, 17, 2100.0168, -4700.2344, 224.5634, NULL, 0, 2),
-- ((@GUID+15)*10, 18, 2100.1714, -4733.5150, 224.5634, NULL, 0, 2);

DELETE FROM `waypoint_data` WHERE `id` = (@GUID+16)*10;
INSERT INTO `waypoint_data` (`id`, `point`, `position_x`, `position_y`, `position_z`, `orientation`, `delay`, `move_type`) VALUES
-- ((@GUID+16)*10, 1, 2074.7140, -4377.9510, 208.6626, NULL, 0, 2),
-- ((@GUID+16)*10, 2, 2075.7102, -4355.7275, 214.3739, NULL, 0, 2),
((@GUID+16)*10, 1 , 2076.7063, -4333.5040, 220.0851, NULL, 0, 2),
((@GUID+16)*10, 2 , 2055.0884, -4301.3630, 222.8393, NULL, 0, 2),
((@GUID+16)*10, 3 , 2035.3002, -4276.7870, 227.4396, NULL, 0, 2),
((@GUID+16)*10, 4 , 2001.0120, -4269.7020, 228.3285, NULL, 0, 2),
((@GUID+16)*10, 5 , 1966.8049, -4289.8013, 222.3841, NULL, 0, 2),
((@GUID+16)*10, 6 , 1949.2734, -4321.4730, 217.1063, NULL, 0, 2),
((@GUID+16)*10, 7 , 1950.6632, -4357.3203, 211.7731, NULL, 0, 2),
((@GUID+16)*10, 8 , 1972.0840, -4397.8413, 212.4120, NULL, 0, 2),
((@GUID+16)*10, 9 , 2001.7231, -4410.9907, 222.3563, NULL, 0, 2),
((@GUID+16)*10, 10, 2029.8239, -4434.9956, 234.6062, NULL, 0, 2),
((@GUID+16)*10, 11, 2051.5820, -4460.8457, 238.2729, NULL, 0, 2),
((@GUID+16)*10, 12, 2089.7212, -4465.2550, 240.9396, NULL, 0, 2),
((@GUID+16)*10, 13, 2114.7717, -4432.8955, 238.4937, NULL, 0, 2),
((@GUID+16)*10, 14, 2116.0923, -4400.3755, 232.3547, NULL, 0, 2),
((@GUID+16)*10, 15, 2100.1650, -4372.9730, 225.6325, NULL, 0, 2),
((@GUID+16)*10, 16, 2082.2898, -4342.8027, 220.7713, NULL, 0, 2);
-- ((@GUID+16)*10, 19, 2076.7063, -4333.5040, 220.0851, NULL, 0, 2),
-- ((@GUID+16)*10, 20, 2055.0884, -4301.3630, 222.8393, NULL, 0, 2);

DELETE FROM `waypoint_data` WHERE `id` = (@GUID+17)*10;
INSERT INTO `waypoint_data` (`id`, `point`, `position_x`, `position_y`, `position_z`, `orientation`, `delay`, `move_type`) VALUES
-- ((@GUID+17)*10, 1, 2221.7980, -4242.1340, 222.0278, NULL, 0, 2),
-- ((@GUID+17)*10, 2, 2210.2170, -4242.3870, 228.2450, NULL, 0, 2),
((@GUID+17)*10, 1 , 2198.6360, -4242.6406, 234.4623, NULL, 0, 2),
((@GUID+17)*10, 2 , 2180.1045, -4219.0020, 236.1197, NULL, 0, 2),
((@GUID+17)*10, 3 , 2161.1125, -4191.1016, 236.9282, NULL, 0, 2),
((@GUID+17)*10, 4 , 2137.9760, -4157.0737, 239.4004, NULL, 0, 2),
((@GUID+17)*10, 5 , 2122.9500, -4131.0420, 241.3074, NULL, 0, 2),
((@GUID+17)*10, 6 , 2120.0857, -4100.0337, 246.1325, NULL, 0, 2),
((@GUID+17)*10, 7 , 2134.8958, -4074.3430, 249.7158, NULL, 0, 2),
((@GUID+17)*10, 8 , 2164.6887, -4069.5690, 249.5212, NULL, 0, 2),
((@GUID+17)*10, 9 , 2196.5977, -4086.4453, 244.0769, NULL, 0, 2),
((@GUID+17)*10, 10, 2236.8855, -4104.4307, 235.0770, NULL, 0, 2),
((@GUID+17)*10, 11, 2256.0469, -4137.3910, 237.7991, NULL, 0, 2),
((@GUID+17)*10, 12, 2268.5256, -4181.9795, 235.5491, NULL, 0, 2),
((@GUID+17)*10, 13, 2270.3293, -4228.4097, 236.1325, NULL, 0, 2),
((@GUID+17)*10, 14, 2256.9685, -4251.8900, 236.9935, NULL, 0, 2),
((@GUID+17)*10, 15, 2230.0720, -4257.2020, 235.3825, NULL, 0, 2),
((@GUID+17)*10, 16, 2202.5398, -4245.5530, 233.8270, NULL, 0, 2);
-- ((@GUID+17)*10, 19, 2198.6360, -4242.6406, 234.4623, NULL, 0, 2),
-- ((@GUID+17)*10, 20, 2180.1045, -4219.0020, 236.1197, NULL, 0, 2);

DELETE FROM `waypoint_data` WHERE `id` = (@GUID+18)*10;
INSERT INTO `waypoint_data` (`id`, `point`, `position_x`, `position_y`, `position_z`, `orientation`, `delay`, `move_type`) VALUES
-- ((@GUID+18)*10, 1, 2193.8892, -4383.7334, 217.7385, NULL, 0, 2),
-- ((@GUID+18)*10, 2, 2194.4167, -4375.1094, 224.2594, NULL, 0, 2),
((@GUID+18)*10, 1 , 2194.9443, -4366.4854, 230.7803, NULL, 0, 2),
((@GUID+18)*10, 2 , 2184.4478, -4333.4560, 231.0303, NULL, 0, 2),
((@GUID+18)*10, 3 , 2176.6240, -4300.1665, 229.9192, NULL, 0, 2),
((@GUID+18)*10, 4 , 2176.8076, -4266.7720, 233.4726, NULL, 0, 2),
((@GUID+18)*10, 5 , 2183.3384, -4233.2173, 235.0645, NULL, 0, 2),
((@GUID+18)*10, 6 , 2197.0060, -4199.3555, 237.2943, NULL, 0, 2),
((@GUID+18)*10, 7 , 2210.7585, -4167.2446, 237.5162, NULL, 0, 2),
((@GUID+18)*10, 8 , 2233.3855, -4147.1140, 238.6552, NULL, 0, 2),
((@GUID+18)*10, 9 , 2264.7722, -4156.2275, 239.3497, NULL, 0, 2),
((@GUID+18)*10, 10, 2277.5679, -4170.6000, 241.1828, NULL, 0, 2),
((@GUID+18)*10, 11, 2283.1650, -4205.4380, 236.8218, NULL, 0, 2),
((@GUID+18)*10, 12, 2280.6033, -4233.4316, 231.9328, NULL, 0, 2),
((@GUID+18)*10, 13, 2281.6553, -4268.1740, 231.8216, NULL, 0, 2),
((@GUID+18)*10, 14, 2283.2063, -4299.5815, 243.0744, NULL, 0, 2),
((@GUID+18)*10, 15, 2281.8540, -4333.1340, 243.1024, NULL, 0, 2),
((@GUID+18)*10, 16, 2285.5657, -4357.8936, 243.0694, NULL, 0, 2),
((@GUID+18)*10, 17, 2278.3901, -4383.7954, 240.2361, NULL, 0, 2),
((@GUID+18)*10, 18, 2247.1340, -4398.9370, 232.0416, NULL, 0, 2),
((@GUID+18)*10, 19, 2220.6829, -4388.9280, 229.9861, NULL, 0, 2),
((@GUID+18)*10, 20, 2202.7708, -4376.9956, 229.9861, NULL, 0, 2);
-- ((@GUID+18)*10, 23, 2194.9443, -4366.4854, 230.7803, NULL, 0, 2),
-- ((@GUID+18)*10, 24, 2184.4478, -4333.4560, 231.0303, NULL, 0, 2);

DELETE FROM `waypoint_data` WHERE `id` = (@GUID+19)*10;
INSERT INTO `waypoint_data` (`id`, `point`, `position_x`, `position_y`, `position_z`, `orientation`, `delay`, `move_type`) VALUES
-- ((@GUID+19)*10, 1, 2253.0383, -4334.7905, 224.3624, NULL, 0, 2),
-- ((@GUID+19)*10, 2, 2274.0833, -4322.2847, 231.3073, NULL, 0, 2),
((@GUID+19)*10, 1 , 2295.1282, -4309.7790, 238.2522, NULL, 0, 2),
((@GUID+19)*10, 2 , 2322.3020, -4286.6070, 242.4116, NULL, 0, 2),
((@GUID+19)*10, 3 , 2338.2370, -4255.9130, 243.7448, NULL, 0, 2),
((@GUID+19)*10, 4 , 2337.4630, -4216.7450, 247.4393, NULL, 0, 2),
((@GUID+19)*10, 5 , 2311.0518, -4180.4165, 247.0227, NULL, 0, 2),
((@GUID+19)*10, 6 , 2275.9660, -4153.9750, 248.7171, NULL, 0, 2),
((@GUID+19)*10, 7 , 2232.4407, -4158.5137, 241.3004, NULL, 0, 2),
((@GUID+19)*10, 8 , 2196.7969, -4186.9175, 234.9949, NULL, 0, 2),
((@GUID+19)*10, 9 , 2178.1833, -4224.1353, 242.4949, NULL, 0, 2),
((@GUID+19)*10, 10, 2174.1519, -4263.9907, 244.4116, NULL, 0, 2),
((@GUID+19)*10, 11, 2175.0150, -4298.2680, 242.8283, NULL, 0, 2),
((@GUID+19)*10, 12, 2184.0440, -4337.7524, 232.4949, NULL, 0, 2),
((@GUID+19)*10, 13, 2203.0261, -4364.7100, 233.8283, NULL, 0, 2),
((@GUID+19)*10, 14, 2232.7239, -4358.2440, 234.0226, NULL, 0, 2),
((@GUID+19)*10, 15, 2254.6138, -4333.1533, 236.8559, NULL, 0, 2),
((@GUID+19)*10, 16, 2289.6333, -4313.4746, 238.0504, NULL, 0, 2);
-- ((@GUID+19)*10, 19, 2295.1282, -4309.7790, 238.2522, NULL, 0, 2),
-- ((@GUID+19)*10, 20, 2322.3020, -4286.6070, 242.4116, NULL, 0, 2);

DELETE FROM `waypoint_data` WHERE `id` = (@GUID+20)*10;
INSERT INTO `waypoint_data` (`id`, `point`, `position_x`, `position_y`, `position_z`, `orientation`, `delay`, `move_type`) VALUES
-- ((@GUID+20)*10, 1, 2243.8274, -4423.5703, 216.9342, NULL, 0, 2),
-- ((@GUID+20)*10, 2, 2254.6633, -4416.3906, 224.6865, NULL, 0, 2),
((@GUID+20)*10, 1 , 2265.4993, -4409.2110, 232.4388, NULL, 0, 2),
((@GUID+20)*10, 2 , 2300.0730, -4400.4424, 239.2485, NULL, 0, 2),
((@GUID+20)*10, 3 , 2333.0310, -4399.9930, 244.3039, NULL, 0, 2),
((@GUID+20)*10, 4 , 2366.6545, -4392.5005, 254.8317, NULL, 0, 2),
((@GUID+20)*10, 5 , 2399.2344, -4366.4840, 257.2045, NULL, 0, 2),
((@GUID+20)*10, 6 , 2417.3252, -4333.7500, 250.1449, NULL, 0, 2),
((@GUID+20)*10, 7 , 2425.8460, -4300.4443, 250.7038, NULL, 0, 2),
((@GUID+20)*10, 8 , 2408.3510, -4263.3267, 253.6204, NULL, 0, 2),
((@GUID+20)*10, 9 , 2365.7417, -4254.5405, 245.8149, NULL, 0, 2),
((@GUID+20)*10, 10, 2335.3840, -4263.4800, 248.8149, NULL, 0, 2),
((@GUID+20)*10, 11, 2314.7258, -4295.4070, 246.7038, NULL, 0, 2),
((@GUID+20)*10, 12, 2271.8665, -4319.0400, 239.9261, NULL, 0, 2),
((@GUID+20)*10, 13, 2248.0618, -4338.5950, 238.1205, NULL, 0, 2),
((@GUID+20)*10, 14, 2231.0854, -4358.6160, 231.5651, NULL, 0, 2),
((@GUID+20)*10, 15, 2231.4640, -4391.9760, 226.3984, NULL, 0, 2),
((@GUID+20)*10, 16, 2260.7680, -4409.1820, 228.3430, NULL, 0, 2);
-- ((@GUID+20)*10, 19, 2265.4993, -4409.2110, 232.4388, NULL, 0, 2),
-- ((@GUID+20)*10, 20, 2300.0730, -4400.4424, 239.2485, NULL, 0, 2);

DELETE FROM `waypoint_data` WHERE `id` = (@GUID+21)*10;
INSERT INTO `waypoint_data` (`id`, `point`, `position_x`, `position_y`, `position_z`, `orientation`, `delay`, `move_type`) VALUES
-- ((@GUID+21)*10, 1, 2354.1074, -4341.5693, 234.0457, NULL, 0, 2),
-- ((@GUID+21)*10, 2, 2361.4290, -4336.7676, 238.8766, NULL, 0, 2),
((@GUID+21)*10, 1 , 2366.7388, -4333.2850, 242.3801, NULL, 0, 2),
((@GUID+21)*10, 2 , 2398.7305, -4300.1110, 253.2809, NULL, 0, 2),
((@GUID+21)*10, 3 , 2412.8938, -4267.4330, 257.4454, NULL, 0, 2),
((@GUID+21)*10, 4 , 2405.3274, -4234.3125, 258.9456, NULL, 0, 2),
((@GUID+21)*10, 5 , 2380.9954, -4203.1855, 256.3901, NULL, 0, 2),
((@GUID+21)*10, 6 , 2353.5295, -4191.4116, 245.3900, NULL, 0, 2),
((@GUID+21)*10, 7 , 2318.7847, -4200.5380, 238.7234, NULL, 0, 2),
((@GUID+21)*10, 8 , 2293.1380, -4223.0186, 238.7234, NULL, 0, 2),
((@GUID+21)*10, 9 , 2276.1282, -4249.3936, 238.7234, NULL, 0, 2),
((@GUID+21)*10, 10, 2276.3372, -4286.9126, 238.3624, NULL, 0, 2),
((@GUID+21)*10, 11, 2281.7842, -4316.0410, 240.1401, NULL, 0, 2),
((@GUID+21)*10, 12, 2312.6025, -4345.5034, 237.2512, NULL, 0, 2),
((@GUID+21)*10, 13, 2349.5232, -4341.0303, 241.0010, NULL, 0, 2);
-- ((@GUID+21)*10, 16, 2366.7388, -4333.2850, 242.3801, NULL, 0, 2),
-- ((@GUID+21)*10, 17, 2398.7305, -4300.1110, 253.2809, NULL, 0, 2);

DELETE FROM `waypoint_data` WHERE `id` = (@GUID+22)*10;
INSERT INTO `waypoint_data` (`id`, `point`, `position_x`, `position_y`, `position_z`, `orientation`, `delay`, `move_type`) VALUES
-- ((@GUID+22)*10, 1, 2262.8306, -4565.7827, 210.2537, NULL, 0, 2),
-- ((@GUID+22)*10, 2, 2248.0870, -4573.6040, 218.8243, NULL, 0, 2),
((@GUID+22)*10, 1 , 2233.3433, -4581.4253, 227.3948, NULL, 0, 2),
((@GUID+22)*10, 2 , 2200.2020, -4572.0684, 241.9505, NULL, 0, 2),
((@GUID+22)*10, 3 , 2191.3700, -4549.5312, 244.9295, NULL, 0, 2),
((@GUID+22)*10, 4 , 2209.4090, -4522.8364, 244.2140, NULL, 0, 2),
((@GUID+22)*10, 5 , 2241.8157, -4512.6630, 239.7982, NULL, 0, 2),
((@GUID+22)*10, 6 , 2267.1724, -4502.6710, 227.4649, NULL, 0, 2),
((@GUID+22)*10, 7 , 2299.7866, -4477.5290, 229.6313, NULL, 0, 2),
((@GUID+22)*10, 8 , 2324.5132, -4456.5630, 238.5453, NULL, 0, 2),
((@GUID+22)*10, 9 , 2346.8176, -4437.1943, 248.1576, NULL, 0, 2),
((@GUID+22)*10, 10, 2380.2637, -4437.2017, 243.4908, NULL, 0, 2),
((@GUID+22)*10, 11, 2391.8484, -4461.4130, 232.5743, NULL, 0, 2),
((@GUID+22)*10, 12, 2373.1630, -4491.5327, 230.5463, NULL, 0, 2),
((@GUID+22)*10, 13, 2342.6008, -4512.1694, 226.6853, NULL, 0, 2),
((@GUID+22)*10, 14, 2319.6936, -4526.8623, 228.0464, NULL, 0, 2),
((@GUID+22)*10, 15, 2287.1797, -4546.9956, 226.2964, NULL, 0, 2),
((@GUID+22)*10, 16, 2258.2322, -4573.1900, 223.8799, NULL, 0, 2),
((@GUID+22)*10, 17, 2241.9310, -4580.4546, 225.6853, NULL, 0, 2);
-- ((@GUID+22)*10, 20, 2233.3433, -4581.4253, 227.3948, NULL, 0, 2),
-- ((@GUID+22)*10, 21, 2200.2020, -4572.0684, 241.9505, NULL, 0, 2);

DELETE FROM `waypoint_data` WHERE `id` = (@GUID+23)*10;
INSERT INTO `waypoint_data` (`id`, `point`, `position_x`, `position_y`, `position_z`, `orientation`, `delay`, `move_type`) VALUES
-- ((@GUID+23)*10, 1, 2304.5918, -4579.7660, 218.6483, NULL, 0, 2),
-- ((@GUID+23)*10, 2, 2319.0520, -4581.0070, 224.0008, NULL, 0, 2),
((@GUID+23)*10, 1 , 2333.5122, -4582.2476, 229.3532, NULL, 0, 2),
((@GUID+23)*10, 2 , 2366.7646, -4582.0270, 234.3939, NULL, 0, 2),
((@GUID+23)*10, 3 , 2398.5930, -4566.5845, 235.8660, NULL, 0, 2),
((@GUID+23)*10, 4 , 2399.7551, -4533.6157, 232.0327, NULL, 0, 2),
((@GUID+23)*10, 5 , 2388.6997, -4500.2610, 227.5327, NULL, 0, 2),
((@GUID+23)*10, 6 , 2366.3174, -4482.5317, 227.8938, NULL, 0, 2),
((@GUID+23)*10, 7 , 2340.4614, -4499.9463, 225.3661, NULL, 0, 2),
((@GUID+23)*10, 8 , 2326.6665, -4528.6310, 223.0328, NULL, 0, 2),
((@GUID+23)*10, 9 , 2298.4200, -4538.1367, 227.6161, NULL, 0, 2),
((@GUID+23)*10, 10, 2268.7344, -4553.0530, 230.7826, NULL, 0, 2),
((@GUID+23)*10, 11, 2270.9226, -4579.9043, 231.0605, NULL, 0, 2),
((@GUID+23)*10, 12, 2299.1238, -4587.1484, 228.7271, NULL, 0, 2),
((@GUID+23)*10, 13, 2324.8665, -4582.9160, 226.2272, NULL, 0, 2);
-- ((@GUID+23)*10, 16, 2333.5122, -4582.2476, 229.3532, NULL, 0, 2),
-- ((@GUID+23)*10, 17, 2366.7646, -4582.0270, 234.3939, NULL, 0, 2);

DELETE FROM `waypoint_data` WHERE `id` = (@GUID+24)*10;
INSERT INTO `waypoint_data` (`id`, `point`, `position_x`, `position_y`, `position_z`, `orientation`, `delay`, `move_type`) VALUES
-- ((@GUID+24)*10, 1, 2315.2000, -4724.6800, 217.8589, NULL, 0, 2),
-- ((@GUID+24)*10, 2, 2312.8890, -4688.3890, 232.2374, NULL, 0, 2),
((@GUID+24)*10, 1 , 2310.5780, -4652.0980, 246.6160, NULL, 0, 2),
((@GUID+24)*10, 2 , 2311.7832, -4617.5303, 242.9214, NULL, 0, 2),
((@GUID+24)*10, 3 , 2310.1982, -4583.5510, 226.0049, NULL, 0, 2),
((@GUID+24)*10, 4 , 2315.5051, -4552.4670, 227.9770, NULL, 0, 2),
((@GUID+24)*10, 5 , 2329.0771, -4516.0527, 228.4215, NULL, 0, 2),
((@GUID+24)*10, 6 , 2364.4863, -4495.0337, 229.9597, NULL, 0, 2),
((@GUID+24)*10, 7 , 2394.6914, -4519.7010, 229.9597, NULL, 0, 2),
((@GUID+24)*10, 8 , 2392.4087, -4562.7840, 234.8761, NULL, 0, 2),
((@GUID+24)*10, 9 , 2364.1785, -4596.1416, 237.0430, NULL, 0, 2),
((@GUID+24)*10, 10, 2356.0266, -4629.2236, 250.4873, NULL, 0, 2),
((@GUID+24)*10, 11, 2353.3310, -4665.3970, 255.4848, NULL, 0, 2),
((@GUID+24)*10, 12, 2353.0560, -4699.2305, 254.8964, NULL, 0, 2),
((@GUID+24)*10, 13, 2345.4270, -4730.4116, 246.9937, NULL, 0, 2),
((@GUID+24)*10, 14, 2311.7136, -4739.1340, 244.1883, NULL, 0, 2),
((@GUID+24)*10, 15, 2294.7253, -4716.4510, 248.3270, NULL, 0, 2),
((@GUID+24)*10, 16, 2297.8008, -4687.3580, 249.9381, NULL, 0, 2),
((@GUID+24)*10, 17, 2307.7747, -4661.1504, 247.6325, NULL, 0, 2);
-- ((@GUID+24)*10, 20, 2310.5780, -4652.0980, 246.6160, NULL, 0, 2),
-- ((@GUID+24)*10, 21, 2311.7832, -4617.5303, 242.9214, NULL, 0, 2);

DELETE FROM `waypoint_data` WHERE `id` = (@GUID+25)*10;
INSERT INTO `waypoint_data` (`id`, `point`, `position_x`, `position_y`, `position_z`, `orientation`, `delay`, `move_type`) VALUES
-- ((@GUID+25)*10, 1, 2344.3530, -4497.4070, 216.4159, NULL, 0, 2),
-- ((@GUID+25)*10, 2, 2357.7120, -4485.6997, 224.5393, NULL, 0, 2),
((@GUID+25)*10, 1 , 2371.0708, -4473.9920, 232.6626, NULL, 0, 2),
((@GUID+25)*10, 2 , 2401.0298, -4455.0884, 235.4404, NULL, 0, 2),
((@GUID+25)*10, 3 , 2434.1558, -4448.1973, 238.2034, NULL, 0, 2),
((@GUID+25)*10, 4 , 2465.6057, -4451.8680, 241.3192, NULL, 0, 2),
((@GUID+25)*10, 5 , 2484.5125, -4481.4683, 245.9544, NULL, 0, 2),
((@GUID+25)*10, 6 , 2483.3960, -4510.8160, 247.0308, NULL, 0, 2),
((@GUID+25)*10, 7 , 2464.5847, -4533.7876, 248.2696, NULL, 0, 2),
((@GUID+25)*10, 8 , 2431.0327, -4549.1420, 236.4085, NULL, 0, 2),
((@GUID+25)*10, 9 , 2395.3665, -4570.0073, 235.0753, NULL, 0, 2),
((@GUID+25)*10, 10, 2350.0466, -4574.0120, 231.7419, NULL, 0, 2),
((@GUID+25)*10, 11, 2333.5867, -4557.5903, 229.0197, NULL, 0, 2),
((@GUID+25)*10, 12, 2328.5970, -4525.7460, 226.5753, NULL, 0, 2),
((@GUID+25)*10, 13, 2357.1960, -4485.0540, 229.3809, NULL, 0, 2);
-- ((@GUID+25)*10, 16, 2371.0708, -4473.9920, 232.6626, NULL, 0, 2),
-- ((@GUID+25)*10, 17, 2401.0298, -4455.0884, 235.4404, NULL, 0, 2);

DELETE FROM `waypoint_data` WHERE `id` = (@GUID+26)*10;
INSERT INTO `waypoint_data` (`id`, `point`, `position_x`, `position_y`, `position_z`, `orientation`, `delay`, `move_type`) VALUES
-- ((@GUID+26)*10, 1, 2427.5327, -4455.0024, 221.6283, NULL, 0, 2),
-- ((@GUID+26)*10, 2, 2447.0852, -4433.5000, 234.5172, NULL, 0, 2),
((@GUID+26)*10, 1 , 2466.6377, -4411.9976, 247.4061, NULL, 0, 2),
((@GUID+26)*10, 2 , 2500.3562, -4390.4326, 255.4536, NULL, 0, 2),
((@GUID+26)*10, 3 , 2535.5654, -4402.1973, 256.6662, NULL, 0, 2),
((@GUID+26)*10, 4 , 2549.3220, -4433.7188, 250.9995, NULL, 0, 2),
((@GUID+26)*10, 5 , 2541.1777, -4466.4297, 252.6108, NULL, 0, 2),
((@GUID+26)*10, 6 , 2530.8992, -4500.2485, 251.3329, NULL, 0, 2),
((@GUID+26)*10, 7 , 2500.0676, -4530.5107, 245.4997, NULL, 0, 2),
((@GUID+26)*10, 8 , 2466.1960, -4548.9497, 255.0829, NULL, 0, 2),
((@GUID+26)*10, 9 , 2434.4485, -4551.3833, 248.3051, NULL, 0, 2),
((@GUID+26)*10, 10, 2421.5752, -4534.0210, 234.8053, NULL, 0, 2),
((@GUID+26)*10, 11, 2417.0034, -4498.3975, 229.2498, NULL, 0, 2),
((@GUID+26)*10, 12, 2415.3620, -4466.9204, 237.8886, NULL, 0, 2),
((@GUID+26)*10, 13, 2432.7314, -4436.2485, 241.9441, NULL, 0, 2),
((@GUID+26)*10, 14, 2455.6010, -4418.7085, 244.8328, NULL, 0, 2);
-- ((@GUID+26)*10, 17, 2466.6377, -4411.9976, 247.4061, NULL, 0, 2),
-- ((@GUID+26)*10, 18, 2500.3562, -4390.4326, 255.4536, NULL, 0, 2);

DELETE FROM `waypoint_data` WHERE `id` = (@GUID+27)*10;
INSERT INTO `waypoint_data` (`id`, `point`, `position_x`, `position_y`, `position_z`, `orientation`, `delay`, `move_type`) VALUES
-- ((@GUID+27)*10, 1, 2549.5994, -4421.8440, 236.1323, NULL, 0, 2),
-- ((@GUID+27)*10, 2, 2543.7222, -4444.1910, 244.2968, NULL, 0, 2),
((@GUID+27)*10, 1 , 2537.8450, -4466.5376, 252.4613, NULL, 0, 2),
((@GUID+27)*10, 2 , 2537.8848, -4500.7964, 253.9335, NULL, 0, 2),
((@GUID+27)*10, 3 , 2537.8887, -4534.1820, 256.9057, NULL, 0, 2),
((@GUID+27)*10, 4 , 2539.2021, -4562.5483, 259.1484, NULL, 0, 2),
((@GUID+27)*10, 5 , 2543.3867, -4599.4800, 261.8705, NULL, 0, 2),
((@GUID+27)*10, 6 , 2539.7630, -4633.1455, 264.1207, NULL, 0, 2),
((@GUID+27)*10, 7 , 2541.7322, -4664.6440, 267.8761, NULL, 0, 2),
((@GUID+27)*10, 8 , 2566.4175, -4681.3550, 278.5983, NULL, 0, 2),
((@GUID+27)*10, 9 , 2598.7605, -4668.8940, 278.7929, NULL, 0, 2),
((@GUID+27)*10, 10, 2600.3232, -4635.2760, 269.6539, NULL, 0, 2),
((@GUID+27)*10, 11, 2592.1624, -4601.2400, 265.4873, NULL, 0, 2),
((@GUID+27)*10, 12, 2586.8150, -4565.9870, 262.2651, NULL, 0, 2),
((@GUID+27)*10, 13, 2590.6394, -4535.1235, 263.7095, NULL, 0, 2),
((@GUID+27)*10, 14, 2598.5780, -4502.0767, 262.3205, NULL, 0, 2),
((@GUID+27)*10, 15, 2599.0557, -4467.3360, 255.6822, NULL, 0, 2),
((@GUID+27)*10, 16, 2591.5474, -4434.7210, 251.7376, NULL, 0, 2),
((@GUID+27)*10, 17, 2563.5480, -4422.6900, 255.6817, NULL, 0, 2),
((@GUID+27)*10, 18, 2541.4875, -4436.2820, 253.7930, NULL, 0, 2),
((@GUID+27)*10, 19, 2537.5500, -4464.3570, 251.4874, NULL, 0, 2);
-- ((@GUID+27)*10, 22, 2537.8450, -4466.5376, 252.4613, NULL, 0, 2),
-- ((@GUID+27)*10, 23, 2537.8848, -4500.7964, 253.9335, NULL, 0, 2);

DELETE FROM `waypoint_data` WHERE `id` = (@GUID+28)*10;
INSERT INTO `waypoint_data` (`id`, `point`, `position_x`, `position_y`, `position_z`, `orientation`, `delay`, `move_type`) VALUES
-- ((@GUID+28)*10, 1, 2356.3528, -4787.8070, 241.2204, NULL, 0, 2),
-- ((@GUID+28)*10, 2, 2344.8820, -4777.1320, 242.6299, NULL, 0, 2),
((@GUID+28)*10, 1 , 2333.4114, -4766.4565, 244.0394, NULL, 0, 2),
((@GUID+28)*10, 2 , 2308.3240, -4733.5060, 241.5118, NULL, 0, 2),
((@GUID+28)*10, 3 , 2298.2947, -4699.3960, 234.8175, NULL, 0, 2),
((@GUID+28)*10, 4 , 2294.5450, -4665.5054, 245.2062, NULL, 0, 2),
((@GUID+28)*10, 5 , 2304.7668, -4636.2583, 259.9283, NULL, 0, 2),
((@GUID+28)*10, 6 , 2332.2220, -4624.3160, 263.9281, NULL, 0, 2),
((@GUID+28)*10, 7 , 2362.9140, -4639.4510, 266.9561, NULL, 0, 2),
((@GUID+28)*10, 8 , 2361.6616, -4676.7410, 264.8726, NULL, 0, 2),
((@GUID+28)*10, 9 , 2344.7078, -4700.0024, 263.7062, NULL, 0, 2),
((@GUID+28)*10, 10, 2343.8047, -4733.4150, 247.6226, NULL, 0, 2),
((@GUID+28)*10, 11, 2342.7966, -4766.8320, 246.7616, NULL, 0, 2),
((@GUID+28)*10, 12, 2340.3547, -4799.0283, 247.0951, NULL, 0, 2),
((@GUID+28)*10, 13, 2350.0637, -4834.0780, 254.9005, NULL, 0, 2),
((@GUID+28)*10, 14, 2379.7124, -4864.4907, 275.6278, NULL, 0, 2),
((@GUID+28)*10, 15, 2409.7560, -4856.2827, 277.6364, NULL, 0, 2),
((@GUID+28)*10, 16, 2420.6500, -4830.1450, 264.6919, NULL, 0, 2),
((@GUID+28)*10, 17, 2419.1653, -4805.0540, 253.8589, NULL, 0, 2),
((@GUID+28)*10, 18, 2390.8400, -4787.3480, 252.3588, NULL, 0, 2),
((@GUID+28)*10, 19, 2361.5837, -4782.4243, 247.5534, NULL, 0, 2),
((@GUID+28)*10, 20, 2344.4634, -4773.5293, 246.3311, NULL, 0, 2);
-- ((@GUID+28)*10, 23, 2333.4114, -4766.4565, 244.0394, NULL, 0, 2),
-- ((@GUID+28)*10, 24, 2308.3240, -4733.5060, 241.5118, NULL, 0, 2);

DELETE FROM `waypoint_data` WHERE `id` = (@GUID+29)*10;
INSERT INTO `waypoint_data` (`id`, `point`, `position_x`, `position_y`, `position_z`, `orientation`, `delay`, `move_type`) VALUES
-- ((@GUID+29)*10, 1, 2259.5320, -4817.9810, 235.0738, NULL, 0, 2),
-- ((@GUID+29)*10, 2, 2275.4130, -4805.9300, 241.5855, NULL, 0, 2),
((@GUID+29)*10, 1 , 2291.2942, -4793.8794, 248.0971, NULL, 0, 2),
((@GUID+29)*10, 2 , 2331.8005, -4777.4400, 246.5417, NULL, 0, 2),
((@GUID+29)*10, 3 , 2366.3699, -4758.7310, 249.5416, NULL, 0, 2),
((@GUID+29)*10, 4 , 2399.5872, -4745.1714, 246.5417, NULL, 0, 2),
((@GUID+29)*10, 5 , 2431.6746, -4731.8057, 246.5417, NULL, 0, 2),
((@GUID+29)*10, 6 , 2467.0547, -4731.0547, 246.5417, NULL, 0, 2),
((@GUID+29)*10, 7 , 2493.2947, -4736.8047, 255.7638, NULL, 0, 2),
((@GUID+29)*10, 8 , 2500.3193, -4761.3467, 260.9027, NULL, 0, 2),
((@GUID+29)*10, 9 , 2494.1940, -4788.8210, 263.5415, NULL, 0, 2),
((@GUID+29)*10, 10, 2465.0354, -4814.7275, 264.0693, NULL, 0, 2),
((@GUID+29)*10, 11, 2440.2517, -4836.4130, 268.4857, NULL, 0, 2),
((@GUID+29)*10, 12, 2401.1800, -4855.7740, 275.7321, NULL, 0, 2),
((@GUID+29)*10, 13, 2366.6965, -4872.9350, 276.3433, NULL, 0, 2),
((@GUID+29)*10, 14, 2332.8430, -4886.5210, 278.3155, NULL, 0, 2),
((@GUID+29)*10, 15, 2298.7160, -4878.5540, 265.3987, NULL, 0, 2),
((@GUID+29)*10, 16, 2266.3872, -4859.7563, 253.7322, NULL, 0, 2),
((@GUID+29)*10, 17, 2263.6865, -4824.0415, 247.3713, NULL, 0, 2),
((@GUID+29)*10, 18, 2284.8052, -4799.1000, 246.8714, NULL, 0, 2);
-- ((@GUID+29)*10, 21, 2291.2942, -4793.8794, 248.0971, NULL, 0, 2),
-- ((@GUID+29)*10, 22, 2331.8005, -4777.4400, 246.5417, NULL, 0, 2);

DELETE FROM `waypoint_data` WHERE `id` = (@GUID+30)*10;
INSERT INTO `waypoint_data` (`id`, `point`, `position_x`, `position_y`, `position_z`, `orientation`, `delay`, `move_type`) VALUES
-- ((@GUID+30)*10, 1, 2223.8901, -4730.9940, 224.5142, NULL, 0, 2),
-- ((@GUID+30)*10, 2, 2229.6094, -4748.8470, 228.3613, NULL, 0, 2),
((@GUID+30)*10, 1 , 2235.3286, -4766.7000, 232.2084, NULL, 0, 2),
((@GUID+30)*10, 2 , 2257.6516, -4800.1196, 240.1804, NULL, 0, 2),
((@GUID+30)*10, 3 , 2277.5754, -4833.2563, 245.5971, NULL, 0, 2),
((@GUID+30)*10, 4 , 2300.4410, -4861.1730, 251.4868, NULL, 0, 2),
((@GUID+30)*10, 5 , 2333.9546, -4858.7120, 254.1994, NULL, 0, 2),
((@GUID+30)*10, 6 , 2364.0088, -4833.0810, 253.0148, NULL, 0, 2),
((@GUID+30)*10, 7 , 2358.1177, -4800.4976, 248.9594, NULL, 0, 2),
((@GUID+30)*10, 8 , 2328.4355, -4766.6963, 242.1815, NULL, 0, 2),
((@GUID+30)*10, 9 , 2300.0579, -4734.9775, 236.3485, NULL, 0, 2),
((@GUID+30)*10, 10, 2266.6533, -4708.9116, 231.7649, NULL, 0, 2),
((@GUID+30)*10, 11, 2239.5212, -4706.3050, 228.9871, NULL, 0, 2),
((@GUID+30)*10, 12, 2222.2834, -4729.8164, 228.2373, NULL, 0, 2),
((@GUID+30)*10, 13, 2231.9310, -4762.2800, 229.4318, NULL, 0, 2);
-- ((@GUID+30)*10, 16, 2235.3286, -4766.7000, 232.2084, NULL, 0, 2),
-- ((@GUID+30)*10, 17, 2257.6516, -4800.1196, 240.1804, NULL, 0, 2);

DELETE FROM `waypoint_data` WHERE `id` = (@GUID+31)*10;
INSERT INTO `waypoint_data` (`id`, `point`, `position_x`, `position_y`, `position_z`, `orientation`, `delay`, `move_type`) VALUES
-- ((@GUID+31)*10, 1, 2485.3480, -4521.4300, 235.3194, NULL, 0, 2),
-- ((@GUID+31)*10, 2, 2472.8767, -4520.8057, 240.0776, NULL, 0, 2),
((@GUID+31)*10, 1 , 2460.4055, -4520.1810, 244.8358, NULL, 0, 2),
((@GUID+31)*10, 2 , 2417.8990, -4522.8470, 232.1694, NULL, 0, 2),
((@GUID+31)*10, 3 , 2379.6624, -4507.5005, 229.8362, NULL, 0, 2),
((@GUID+31)*10, 4 , 2355.6345, -4483.5130, 234.0583, NULL, 0, 2),
((@GUID+31)*10, 5 , 2358.7068, -4446.4360, 246.1138, NULL, 0, 2),
((@GUID+31)*10, 6 , 2389.8896, -4424.9277, 243.8360, NULL, 0, 2),
((@GUID+31)*10, 7 , 2433.2942, -4427.5933, 241.1694, NULL, 0, 2),
((@GUID+31)*10, 8 , 2466.0283, -4449.2812, 245.0861, NULL, 0, 2),
((@GUID+31)*10, 9 , 2493.9485, -4467.5684, 249.3637, NULL, 0, 2),
((@GUID+31)*10, 10, 2538.8323, -4455.7485, 249.9470, NULL, 0, 2),
((@GUID+31)*10, 11, 2569.7913, -4444.5910, 255.7248, NULL, 0, 2),
((@GUID+31)*10, 12, 2598.2788, -4469.6763, 259.0352, NULL, 0, 2),
((@GUID+31)*10, 13, 2600.9730, -4511.5522, 264.0755, NULL, 0, 2),
((@GUID+31)*10, 14, 2571.8953, -4532.4487, 263.4821, NULL, 0, 2),
((@GUID+31)*10, 15, 2524.6375, -4525.3540, 257.6166, NULL, 0, 2),
((@GUID+31)*10, 16, 2482.5222, -4518.6274, 249.8946, NULL, 0, 2);
-- ((@GUID+31)*10, 19, 2460.4055, -4520.1810, 244.8358, NULL, 0, 2),
-- ((@GUID+31)*10, 20, 2417.8990, -4522.8470, 232.1694, NULL, 0, 2);

DELETE FROM `waypoint_data` WHERE `id` = (@GUID+32)*10;
INSERT INTO `waypoint_data` (`id`, `point`, `position_x`, `position_y`, `position_z`, `orientation`, `delay`, `move_type`) VALUES
-- ((@GUID+32)*10, 1, 2226.2349, -4949.3870, 239.6043, NULL, 0, 2),
-- ((@GUID+32)*10, 2, 2246.3420, -4944.4030, 243.5807, NULL, 0, 2),
((@GUID+32)*10, 1 , 2266.4492, -4939.4185, 247.5572, NULL, 0, 2),
((@GUID+32)*10, 2 , 2307.9040, -4941.4556, 256.4458, NULL, 0, 2),
((@GUID+32)*10, 3 , 2324.2788, -4972.8310, 266.0085, NULL, 0, 2),
((@GUID+32)*10, 4 , 2305.9346, -5000.4980, 262.9265, NULL, 0, 2),
((@GUID+32)*10, 5 , 2263.0557, -4996.9330, 258.2044, NULL, 0, 2),
((@GUID+32)*10, 6 , 2233.4770, -4984.6245, 256.2321, NULL, 0, 2),
((@GUID+32)*10, 7 , 2200.4800, -4966.6133, 249.1490, NULL, 0, 2),
((@GUID+32)*10, 8 , 2166.4927, -4938.8980, 251.7600, NULL, 0, 2),
((@GUID+32)*10, 9 , 2133.3718, -4921.2770, 248.2322, NULL, 0, 2),
((@GUID+32)*10, 10, 2092.5283, -4936.5190, 241.5378, NULL, 0, 2),
((@GUID+32)*10, 11, 2059.9900, -4935.2340, 252.4822, NULL, 0, 2),
((@GUID+32)*10, 12, 2044.5688, -4910.4243, 252.4822, NULL, 0, 2),
((@GUID+32)*10, 13, 2060.2240, -4882.3354, 252.4822, NULL, 0, 2),
((@GUID+32)*10, 14, 2109.9167, -4884.3853, 243.0657, NULL, 0, 2),
((@GUID+32)*10, 15, 2133.3950, -4880.9360, 243.7878, NULL, 0, 2),
((@GUID+32)*10, 16, 2165.7578, -4889.9380, 245.5656, NULL, 0, 2),
((@GUID+32)*10, 17, 2200.3333, -4900.8525, 247.5657, NULL, 0, 2),
((@GUID+32)*10, 18, 2230.1365, -4929.8970, 244.3434, NULL, 0, 2),
((@GUID+32)*10, 19, 2261.2764, -4938.5435, 246.9822, NULL, 0, 2);
-- ((@GUID+32)*10, 22, 2266.4492, -4939.4185, 247.5572, NULL, 0, 2),
-- ((@GUID+32)*10, 23, 2307.9040, -4941.4556, 256.4458, NULL, 0, 2);

DELETE FROM `waypoint_data` WHERE `id` = (@GUID+33)*10;
INSERT INTO `waypoint_data` (`id`, `point`, `position_x`, `position_y`, `position_z`, `orientation`, `delay`, `move_type`) VALUES
-- ((@GUID+33)*10, 1, 2147.7644, -4867.9272, 223.7592, NULL, 0, 2),
-- ((@GUID+33)*10, 2, 2173.7900, -4877.3506, 234.0174, NULL, 0, 2),
((@GUID+33)*10, 1 , 2199.8157, -4886.7740, 244.2757, NULL, 0, 2),
((@GUID+33)*10, 2 , 2227.3625, -4920.6820, 248.0532, NULL, 0, 2),
((@GUID+33)*10, 3 , 2249.8840, -4946.9155, 245.9145, NULL, 0, 2),
((@GUID+33)*10, 4 , 2241.7320, -4968.4507, 266.3309, NULL, 0, 2),
((@GUID+33)*10, 5 , 2220.7197, -4981.5580, 271.3589, NULL, 0, 2),
((@GUID+33)*10, 6 , 2197.0560, -4977.0605, 263.4976, NULL, 0, 2),
((@GUID+33)*10, 7 , 2170.1548, -4955.2793, 251.7754, NULL, 0, 2),
((@GUID+33)*10, 8 , 2155.4224, -4930.6035, 247.2199, NULL, 0, 2),
((@GUID+33)*10, 9 , 2142.4230, -4912.3960, 241.3035, NULL, 0, 2),
((@GUID+33)*10, 10, 2121.7688, -4891.3647, 244.1923, NULL, 0, 2),
((@GUID+33)*10, 11, 2119.0378, -4865.7330, 252.8312, NULL, 0, 2),
((@GUID+33)*10, 12, 2121.8230, -4839.2960, 261.1643, NULL, 0, 2),
((@GUID+33)*10, 13, 2138.6450, -4823.7290, 267.1922, NULL, 0, 2),
((@GUID+33)*10, 14, 2170.6438, -4827.5645, 260.9146, NULL, 0, 2),
((@GUID+33)*10, 15, 2181.1853, -4857.4680, 248.9144, NULL, 0, 2),
((@GUID+33)*10, 16, 2194.7798, -4879.9460, 244.2757, NULL, 0, 2);
-- ((@GUID+33)*10, 19, 2199.8157, -4886.7740, 244.2757, NULL, 0, 2),
-- ((@GUID+33)*10, 20, 2227.3625, -4920.6820, 248.0532, NULL, 0, 2);

DELETE FROM `waypoint_data` WHERE `id` = (@GUID+34)*10;
INSERT INTO `waypoint_data` (`id`, `point`, `position_x`, `position_y`, `position_z`, `orientation`, `delay`, `move_type`) VALUES
-- ((@GUID+34)*10, 1, 2030.0713, -5133.4897, 218.4958, NULL, 0, 2),
-- ((@GUID+34)*10, 2, 2056.0713, -5155.4620, 228.9178, NULL, 0, 2),
((@GUID+34)*10, 1 , 2082.0713, -5177.4340, 239.3397, NULL, 0, 2),
((@GUID+34)*10, 2 , 2100.7822, -5208.5723, 242.6729, NULL, 0, 2),
((@GUID+34)*10, 3 , 2091.0032, -5232.8840, 239.7008, NULL, 0, 2),
((@GUID+34)*10, 4 , 2068.0270, -5254.2314, 239.3397, NULL, 0, 2),
((@GUID+34)*10, 5 , 2034.3309, -5247.8060, 231.0343, NULL, 0, 2),
((@GUID+34)*10, 6 , 2004.1080, -5225.4840, 219.6175, NULL, 0, 2),
((@GUID+34)*10, 7 , 1975.7869, -5199.8840, 212.7843, NULL, 0, 2),
((@GUID+34)*10, 8 , 1965.2179, -5167.8290, 210.7565, NULL, 0, 2),
((@GUID+34)*10, 9 , 1987.4447, -5145.5923, 216.3399, NULL, 0, 2),
((@GUID+34)*10, 10, 2023.7126, -5136.1350, 228.1733, NULL, 0, 2),
((@GUID+34)*10, 11, 2061.9648, -5143.9307, 239.3397, NULL, 0, 2),
((@GUID+34)*10, 12, 2080.8520, -5172.1836, 239.3397, NULL, 0, 2);
-- ((@GUID+34)*10, 15, 2082.0713, -5177.4340, 239.3397, NULL, 0, 2),
-- ((@GUID+34)*10, 16, 2100.7822, -5208.5723, 242.6729, NULL, 0, 2);

DELETE FROM `waypoint_data` WHERE `id` = (@GUID+35)*10;
INSERT INTO `waypoint_data` (`id`, `point`, `position_x`, `position_y`, `position_z`, `orientation`, `delay`, `move_type`) VALUES
-- ((@GUID+35)*10, 1, 2023.5187, -4992.1550, 212.6219, NULL, 0, 2),
-- ((@GUID+35)*10, 2, 2011.6562, -4979.5938, 216.1691, NULL, 0, 2),
((@GUID+35)*10, 1 , 1999.7938, -4967.0327, 219.7163, NULL, 0, 2),
((@GUID+35)*10, 2 , 1981.1276, -5000.3930, 215.6331, NULL, 0, 2),
((@GUID+35)*10, 3 , 1950.9124, -5033.0605, 208.5774, NULL, 0, 2),
((@GUID+35)*10, 4 , 1957.5547, -5066.8770, 205.0497, NULL, 0, 2),
((@GUID+35)*10, 5 , 1981.3121, -5082.0540, 208.0775, NULL, 0, 2),
((@GUID+35)*10, 6 , 2011.3073, -5069.2603, 221.5496, NULL, 0, 2),
((@GUID+35)*10, 7 , 2041.1763, -5053.0317, 232.2854, NULL, 0, 2),
((@GUID+35)*10, 8 , 2057.4970, -5026.1426, 239.2290, NULL, 0, 2),
((@GUID+35)*10, 9 , 2067.1584, -4999.5186, 243.4511, NULL, 0, 2),
((@GUID+35)*10, 10, 2070.5570, -4963.4585, 241.0940, NULL, 0, 2),
((@GUID+35)*10, 11, 2059.7288, -4934.0880, 236.0386, NULL, 0, 2),
((@GUID+35)*10, 12, 2034.1606, -4934.4860, 224.6498, NULL, 0, 2),
((@GUID+35)*10, 13, 2007.7770, -4958.8315, 220.2887, NULL, 0, 2);
-- ((@GUID+35)*10, 16, 1999.7938, -4967.0327, 219.7163, NULL, 0, 2),
-- ((@GUID+35)*10, 17, 1981.1276, -5000.3930, 215.6331, NULL, 0, 2);

DELETE FROM `waypoint_data` WHERE `id` = (@GUID+36)*10;
INSERT INTO `waypoint_data` (`id`, `point`, `position_x`, `position_y`, `position_z`, `orientation`, `delay`, `move_type`) VALUES
-- ((@GUID+36)*10, 1, 1979.4563, -5060.5874, 199.7061, NULL, 0, 2),
-- ((@GUID+36)*10, 2, 1981.7448, -5080.3750, 203.6062, NULL, 0, 2),
((@GUID+36)*10, 1 , 1984.0332, -5100.1626, 207.5063, NULL, 0, 2),
((@GUID+36)*10, 2 , 2000.0885, -5128.2540, 212.0338, NULL, 0, 2),
((@GUID+36)*10, 3 , 2034.4972, -5146.7925, 226.5891, NULL, 0, 2),
((@GUID+36)*10, 4 , 2066.2510, -5148.0186, 238.6056, NULL, 0, 2),
((@GUID+36)*10, 5 , 2082.7222, -5132.1810, 246.3062, NULL, 0, 2),
((@GUID+36)*10, 6 , 2076.0325, -5100.2954, 248.6992, NULL, 0, 2),
((@GUID+36)*10, 7 , 2064.4268, -5076.0454, 241.6994, NULL, 0, 2),
((@GUID+36)*10, 8 , 2036.0547, -5048.7510, 228.1162, NULL, 0, 2),
((@GUID+36)*10, 9 , 1995.8438, -5054.8690, 222.5606, NULL, 0, 2),
((@GUID+36)*10, 10, 1977.6216, -5072.9062, 216.1439, NULL, 0, 2),
((@GUID+36)*10, 11, 1980.3364, -5092.0310, 208.5051, NULL, 0, 2);
-- ((@GUID+36)*10, 14, 1984.0332, -5100.1626, 207.5063, NULL, 0, 2),
-- ((@GUID+36)*10, 15, 2000.0885, -5128.2540, 212.0338, NULL, 0, 2);

DELETE FROM `waypoint_data` WHERE `id` = (@GUID+37)*10;
INSERT INTO `waypoint_data` (`id`, `point`, `position_x`, `position_y`, `position_z`, `orientation`, `delay`, `move_type`) VALUES
-- ((@GUID+37)*10, 1, 2010.5914, -5182.5947, 197.8717, NULL, 0, 2),
-- ((@GUID+37)*10, 2, 1988.6979, -5174.5990, 205.6167, NULL, 0, 2),
((@GUID+37)*10, 1 , 1966.8043, -5166.6035, 213.3617, NULL, 0, 2),
((@GUID+37)*10, 2 , 1948.2109, -5143.9930, 208.3619, NULL, 0, 2),
((@GUID+37)*10, 3 , 1945.8142, -5111.2780, 227.1117, NULL, 0, 2),
((@GUID+37)*10, 4 , 1948.3329, -5077.2330, 230.2503, NULL, 0, 2),
((@GUID+37)*10, 5 , 1947.4236, -5043.9697, 207.5560, NULL, 0, 2),
((@GUID+37)*10, 6 , 1969.5050, -5012.0560, 208.8619, NULL, 0, 2),
((@GUID+37)*10, 7 , 2004.1044, -4989.0530, 222.3614, NULL, 0, 2),
((@GUID+37)*10, 8 , 2034.3105, -4986.5806, 233.9864, NULL, 0, 2),
((@GUID+37)*10, 9 , 2053.6940, -5017.1274, 244.2435, NULL, 0, 2),
((@GUID+37)*10, 10, 2054.5647, -5050.8706, 238.5769, NULL, 0, 2),
((@GUID+37)*10, 11, 2055.6897, -5083.3154, 238.3547, NULL, 0, 2),
((@GUID+37)*10, 12, 2056.7102, -5116.9487, 237.4657, NULL, 0, 2),
((@GUID+37)*10, 13, 2058.2817, -5146.8247, 241.2157, NULL, 0, 2),
((@GUID+37)*10, 14, 2053.9740, -5176.0186, 235.6326, NULL, 0, 2),
((@GUID+37)*10, 15, 2036.2837, -5194.0910, 228.5492, NULL, 0, 2),
((@GUID+37)*10, 16, 2012.9076, -5206.2320, 228.5492, NULL, 0, 2),
((@GUID+37)*10, 17, 1995.1012, -5197.4390, 221.9383, NULL, 0, 2),
((@GUID+37)*10, 18, 1976.1241, -5175.6274, 217.3826, NULL, 0, 2);
-- ((@GUID+37)*10, 21, 1966.8043, -5166.6035, 213.3617, NULL, 0, 2),
-- ((@GUID+37)*10, 22, 1948.2109, -5143.9930, 208.3619, NULL, 0, 2);

DELETE FROM `waypoint_data` WHERE `id` = (@GUID+38)*10;
INSERT INTO `waypoint_data` (`id`, `point`, `position_x`, `position_y`, `position_z`, `orientation`, `delay`, `move_type`) VALUES
-- ((@GUID+38)*10, 1, 2119.4075, -4928.5730, 235.8216, NULL, 0, 2),
-- ((@GUID+38)*10, 2, 2110.1199, -4942.9062, 239.5838, NULL, 0, 2),
((@GUID+38)*10, 1 , 2100.8323, -4957.2393, 243.3459, NULL, 0, 2),
((@GUID+38)*10, 2 , 2072.2239, -4934.6280, 238.4292, NULL, 0, 2),
((@GUID+38)*10, 3 , 2066.9660, -4899.7334, 229.1237, NULL, 0, 2),
((@GUID+38)*10, 4 , 2099.7036, -4879.3280, 228.9014, NULL, 0, 2),
((@GUID+38)*10, 5 , 2135.5803, -4878.5810, 232.9291, NULL, 0, 2),
((@GUID+38)*10, 6 , 2167.1510, -4879.4100, 243.8736, NULL, 0, 2),
((@GUID+38)*10, 7 , 2199.3657, -4899.1875, 245.9570, NULL, 0, 2),
((@GUID+38)*10, 8 , 2211.9126, -4933.2210, 253.4013, NULL, 0, 2),
((@GUID+38)*10, 9 , 2198.3762, -4966.4050, 255.2935, NULL, 0, 2),
((@GUID+38)*10, 10, 2166.5715, -4991.4478, 253.4603, NULL, 0, 2),
((@GUID+38)*10, 11, 2137.4720, -4992.8184, 247.7937, NULL, 0, 2),
((@GUID+38)*10, 12, 2109.5703, -4965.3657, 244.7383, NULL, 0, 2);
-- ((@GUID+38)*10, 15, 2100.8323, -4957.2393, 243.3459, NULL, 0, 2),
-- ((@GUID+38)*10, 16, 2072.2239, -4934.6280, 238.4292, NULL, 0, 2);

DELETE FROM `waypoint_data` WHERE `id` = (@GUID+39)*10;
INSERT INTO `waypoint_data` (`id`, `point`, `position_x`, `position_y`, `position_z`, `orientation`, `delay`, `move_type`) VALUES
((@GUID+39)*10, 1, 1467.5507, -5449.5670, 252.9768, NULL, 0, 2),
((@GUID+39)*10, 2, 1463.0133, -5442.8150, 252.9768, NULL, 0, 2),
((@GUID+39)*10, 3, 1447.8795, -5418.6245, 252.9768, NULL, 0, 2),
((@GUID+39)*10, 4, 1425.0254, -5384.1820, 252.9768, NULL, 0, 2),
((@GUID+39)*10, 5, 1414.3229, -5343.0156, 252.9768, NULL, 0, 2),
((@GUID+39)*10, 6, 1412.8599, -5307.8574, 252.9768, NULL, 0, 2),
((@GUID+39)*10, 7, 1417.0509, -5277.7563, 252.9768, NULL, 0, 2),
((@GUID+39)*10, 8, 1419.6658, -5251.3164, 252.9768, NULL, 0, 2),
((@GUID+39)*10, 9, 1430.9430, -5212.8310, 252.9768, NULL, 0, 2),
((@GUID+39)*10, 10, 1455.0557, -5194.1406, 252.9768, NULL, 0, 2),
((@GUID+39)*10, 11, 1487.1329, -5180.1400, 252.9768, NULL, 0, 2),
((@GUID+39)*10, 12, 1522.7366, -5175.9120, 252.9768, NULL, 0, 2),
((@GUID+39)*10, 13, 1561.1539, -5191.6810, 252.9768, NULL, 0, 2),
((@GUID+39)*10, 14, 1573.3314, -5219.2427, 252.9768, NULL, 0, 2),
((@GUID+39)*10, 15, 1563.8444, -5254.2124, 252.9768, NULL, 0, 2),
((@GUID+39)*10, 16, 1554.2904, -5292.5660, 252.9768, NULL, 0, 2),
((@GUID+39)*10, 17, 1554.5916, -5316.2960, 252.9768, NULL, 0, 2),
((@GUID+39)*10, 18, 1571.9484, -5349.6294, 252.9768, NULL, 0, 2),
((@GUID+39)*10, 19, 1582.5881, -5384.2256, 252.9768, NULL, 0, 2),
((@GUID+39)*10, 20, 1581.5349, -5421.2670, 252.9768, NULL, 0, 2),
((@GUID+39)*10, 21, 1575.3802, -5446.9160, 252.9768, NULL, 0, 2),
((@GUID+39)*10, 22, 1556.8265, -5466.2880, 252.9768, NULL, 0, 2),
((@GUID+39)*10, 23, 1533.1378, -5477.9404, 252.9768, NULL, 0, 2),
((@GUID+39)*10, 24, 1498.0270, -5479.6064, 252.9768, NULL, 0, 2);

DELETE FROM `waypoint_data` WHERE `id` = (@GUID+40)*10;
INSERT INTO `waypoint_data` (`id`, `point`, `position_x`, `position_y`, `position_z`, `orientation`, `delay`, `move_type`) VALUES
((@GUID+40)*10, 1, 1537.1749, -5460.8540, 261.9031, NULL, 0, 2),
((@GUID+40)*10, 2, 1539.4403, -5438.0190, 261.9031, NULL, 0, 2),
((@GUID+40)*10, 3, 1537.8195, -5400.0728, 261.9031, NULL, 0, 2),
((@GUID+40)*10, 4, 1536.9872, -5366.6396, 261.9031, NULL, 0, 2),
((@GUID+40)*10, 5, 1539.2140, -5333.8550, 261.9031, NULL, 0, 2),
((@GUID+40)*10, 6, 1549.3374, -5299.3564, 261.9031, NULL, 0, 2),
((@GUID+40)*10, 7, 1545.5510, -5267.4920, 261.9031, NULL, 0, 2),
((@GUID+40)*10, 8, 1553.8253, -5230.8240, 261.9031, NULL, 0, 2),
((@GUID+40)*10, 9, 1542.4388, -5199.4453, 261.9031, NULL, 0, 2),
((@GUID+40)*10, 10, 1513.6119, -5167.3926, 261.9031, NULL, 0, 2),
((@GUID+40)*10, 11, 1482.9003, -5166.9880, 261.9031, NULL, 0, 2),
((@GUID+40)*10, 12, 1446.9073, -5162.5767, 261.9031, NULL, 0, 2),
((@GUID+40)*10, 13, 1409.8696, -5169.1235, 261.9031, NULL, 0, 2),
((@GUID+40)*10, 14, 1387.7380, -5191.5215, 261.9031, NULL, 0, 2),
((@GUID+40)*10, 15, 1388.6287, -5228.1090, 261.9031, NULL, 0, 2),
((@GUID+40)*10, 16, 1413.2577, -5251.0024, 261.9031, NULL, 0, 2),
((@GUID+40)*10, 17, 1422.0911, -5282.5870, 261.9031, NULL, 0, 2),
((@GUID+40)*10, 18, 1434.0251, -5310.1826, 261.9031, NULL, 0, 2),
((@GUID+40)*10, 19, 1450.1459, -5342.7007, 261.9031, NULL, 0, 2),
((@GUID+40)*10, 20, 1450.9366, -5376.3594, 261.9031, NULL, 0, 2),
((@GUID+40)*10, 21, 1446.1196, -5417.5005, 261.9031, NULL, 0, 2),
((@GUID+40)*10, 22, 1446.0393, -5458.2266, 261.9031, NULL, 0, 2),
((@GUID+40)*10, 23, 1466.5122, -5486.4004, 261.9031, NULL, 0, 2),
((@GUID+40)*10, 24, 1497.5963, -5495.5254, 261.9031, NULL, 0, 2),
((@GUID+40)*10, 25, 1524.1099, -5488.3774, 261.9031, NULL, 0, 2);

DELETE FROM `waypoint_data` WHERE `id` = (@GUID+41)*10;
INSERT INTO `waypoint_data` (`id`, `point`, `position_x`, `position_y`, `position_z`, `orientation`, `delay`, `move_type`) VALUES
((@GUID+41)*10, 1, 2135.3160, -4088.5195, 239.6441, NULL, 0, 2),
((@GUID+41)*10, 2, 2126.5056, -4100.0530, 240.8866, NULL, 0, 2),
((@GUID+41)*10, 3, 2126.2163, -4130.6650, 244.9142, NULL, 0, 2),
((@GUID+41)*10, 4, 2139.7327, -4159.4750, 246.5810, NULL, 0, 2),
((@GUID+41)*10, 5, 2170.3992, -4164.6704, 250.6643, NULL, 0, 2),
((@GUID+41)*10, 6, 2197.3596, -4151.7134, 254.5810, NULL, 0, 2),
((@GUID+41)*10, 7, 2210.1438, -4124.0005, 255.1369, NULL, 0, 2),
((@GUID+41)*10, 8, 2214.4216, -4089.8542, 251.5255, NULL, 0, 2),
((@GUID+41)*10, 9, 2182.6490, -4069.9036, 240.1367, NULL, 0, 2),
((@GUID+41)*10, 10, 2151.8772, -4047.4414, 238.6920, NULL, 0, 2),
((@GUID+41)*10, 11, 2121.6035, -4026.6606, 239.0810, NULL, 0, 2),
((@GUID+41)*10, 12, 2087.9600, -4009.6797, 247.5886, NULL, 0, 2),
((@GUID+41)*10, 13, 2078.2678, -3979.9106, 251.3383, NULL, 0, 2),
((@GUID+41)*10, 14, 2087.7578, -3952.2769, 246.3386, NULL, 0, 2),
((@GUID+41)*10, 15, 2123.0440, -3942.6294, 240.2276, NULL, 0, 2),
((@GUID+41)*10, 16, 2155.6016, -3940.4973, 242.3110, NULL, 0, 2),
((@GUID+41)*10, 17, 2178.3318, -3956.8057, 244.5887, NULL, 0, 2),
((@GUID+41)*10, 18, 2182.4119, -3986.4797, 242.1998, NULL, 0, 2),
((@GUID+41)*10, 19, 2169.8150, -4027.4675, 235.5610, NULL, 0, 2),
((@GUID+41)*10, 20, 2155.9258, -4061.9275, 237.7831, NULL, 0, 2);

DELETE FROM `waypoint_data` WHERE `id` = (@GUID+42)*10;
INSERT INTO `waypoint_data` (`id`, `point`, `position_x`, `position_y`, `position_z`, `orientation`, `delay`, `move_type`) VALUES
((@GUID+42)*10, 1, 2455.6010, -4418.7085, 244.8328, NULL, 0, 2),
((@GUID+42)*10, 2, 2466.6377, -4411.9976, 247.4061, NULL, 0, 2),
((@GUID+42)*10, 3, 2500.3562, -4390.4326, 255.4536, NULL, 0, 2),
((@GUID+42)*10, 4, 2535.5654, -4402.1973, 256.6662, NULL, 0, 2),
((@GUID+42)*10, 5, 2549.3220, -4433.7188, 250.9995, NULL, 0, 2),
((@GUID+42)*10, 6, 2541.1777, -4466.4297, 252.6108, NULL, 0, 2),
((@GUID+42)*10, 7, 2530.8992, -4500.2485, 251.3329, NULL, 0, 2),
((@GUID+42)*10, 8, 2500.0676, -4530.5107, 245.4997, NULL, 0, 2),
((@GUID+42)*10, 9, 2466.1960, -4548.9497, 255.0829, NULL, 0, 2),
((@GUID+42)*10, 10, 2434.4485, -4551.3833, 248.3051, NULL, 0, 2),
((@GUID+42)*10, 11, 2421.5752, -4534.0210, 234.8053, NULL, 0, 2),
((@GUID+42)*10, 12, 2417.0034, -4498.3975, 229.2498, NULL, 0, 2),
((@GUID+42)*10, 13, 2415.3620, -4466.9204, 237.8886, NULL, 0, 2),
((@GUID+42)*10, 14, 2432.7314, -4436.2485, 241.9441, NULL, 0, 2);

DELETE FROM `creature` WHERE `guid` BETWEEN @GUID AND @GUID+42 AND `id1` = 23772;
INSERT INTO `creature` (`guid`, `id1`, `map`, `position_x`, `position_y`, `position_z`, `orientation`, `spawntimesecs`, `MovementType`, `VerifiedBuild`, `CreateObject`) VALUES
(@GUID+0 , 23772, 571, 1933.27, -4333.8, 213.27, 0, 300, 2, 65655, 1),
(@GUID+1 , 23772, 571, 1661.73, -4397.44, 194.392, 0, 300, 2, 65655, 1),
(@GUID+2 , 23772, 571, 1809.43, -4433.3, 191.606, 0, 300, 2, 65655, 1),
(@GUID+3 , 23772, 571, 1766.6, -4333.32, 195.198, 0, 300, 2, 65655, 1),
(@GUID+4 , 23772, 571, 1733.21, -4466.69, 187.397, 0, 300, 2, 65655, 1),
(@GUID+5 , 23772, 571, 1799.91, -4566.43, 190.016, 0, 300, 2, 65655, 1),
(@GUID+6 , 23772, 571, 1829.01, -4661.19, 202.785, 0, 300, 2, 65655, 1),
(@GUID+7 , 23772, 571, 1799.76, -5066.31, 186.062, 0, 300, 2, 65655, 1),
(@GUID+8 , 23772, 571, 1867.71, -5035.19, 183.544, 0, 300, 2, 65655, 1),
(@GUID+9 , 23772, 571, 1866.67, -4933.29, 182.91, 0, 300, 2, 65655, 1),
(@GUID+10, 23772, 571, 1966.7, -4833.62, 195.393, 0, 300, 2, 65655, 1),
(@GUID+11, 23772, 571, 2100.36, -4761.48, 223.176, 0, 300, 2, 65655, 1),
(@GUID+12, 23772, 571, 1866.61, -4782.29, 196.009, 0, 300, 2, 65655, 1),
(@GUID+13, 23772, 571, 1933.34, -4684.87, 202.757, 0, 300, 2, 65655, 1),
(@GUID+14, 23772, 571, 2015.55, -4733.3, 216.501, 0, 300, 2, 65655, 1),
(@GUID+15, 23772, 571, 2100.02, -4700.23, 224.563, 0, 300, 2, 65655, 1),
(@GUID+16, 23772, 571, 2076.71, -4333.5, 220.085, 0, 300, 2, 65655, 1),
(@GUID+17, 23772, 571, 2198.64, -4242.64, 234.462, 0, 300, 2, 65655, 1),
(@GUID+18, 23772, 571, 2194.94, -4366.49, 230.78, 0, 300, 2, 65655, 1),
(@GUID+19, 23772, 571, 2295.13, -4309.78, 238.252, 0, 300, 2, 65655, 1),
(@GUID+20, 23772, 571, 2265.5, -4409.21, 232.439, 0, 300, 2, 65655, 1),
(@GUID+21, 23772, 571, 2366.74, -4333.29, 242.38, 0, 300, 2, 65655, 1),
(@GUID+22, 23772, 571, 2233.34, -4581.43, 227.395, 0, 300, 2, 65655, 1),
(@GUID+23, 23772, 571, 2333.51, -4582.25, 229.353, 0, 300, 2, 65655, 1),
(@GUID+24, 23772, 571, 2310.58, -4652.1, 246.616, 0, 300, 2, 65655, 1),
(@GUID+25, 23772, 571, 2371.07, -4473.99, 232.663, 0, 300, 2, 65655, 1),
(@GUID+26, 23772, 571, 2466.64, -4412, 247.406, 0, 300, 2, 65655, 1),
(@GUID+27, 23772, 571, 2537.84, -4466.54, 252.461, 0, 300, 2, 65655, 1),
(@GUID+28, 23772, 571, 2333.41, -4766.46, 244.039, 0, 300, 2, 65655, 1),
(@GUID+29, 23772, 571, 2291.29, -4793.88, 248.097, 0, 300, 2, 65655, 1),
(@GUID+30, 23772, 571, 2235.33, -4766.7, 232.208, 0, 300, 2, 65655, 1),
(@GUID+31, 23772, 571, 2460.41, -4520.18, 244.836, 0, 300, 2, 65655, 1),
(@GUID+32, 23772, 571, 2266.45, -4939.42, 247.557, 0, 300, 2, 65655, 1),
(@GUID+33, 23772, 571, 2199.82, -4886.77, 244.276, 0, 300, 2, 65655, 1),
(@GUID+34, 23772, 571, 2082.07, -5177.43, 239.34, 0, 300, 2, 65655, 1),
(@GUID+35, 23772, 571, 1999.79, -4967.03, 219.716, 0, 300, 2, 65655, 1),
(@GUID+36, 23772, 571, 1984.03, -5100.16, 207.506, 0, 300, 2, 65655, 1),
(@GUID+37, 23772, 571, 1966.8, -5166.6, 213.362, 0, 300, 2, 65655, 1),
(@GUID+38, 23772, 571, 2100.83, -4957.24, 243.346, 0, 300, 2, 65655, 1),
(@GUID+39, 23772, 571, 1467.55, -5449.57, 252.977, 0, 300, 2, 65655, 1),
(@GUID+40, 23772, 571, 1537.17, -5460.85, 261.903, 0, 300, 2, 65655, 1),
(@GUID+41, 23772, 571, 2135.32, -4088.52, 239.644, 0, 300, 2, 65655, 1),
(@GUID+42, 23772, 571, 2455.6, -4418.71, 244.833, 0, 300, 2, 65655, 1);

DELETE FROM `creature_addon` WHERE `guid` BETWEEN @GUID AND @GUID+42;
INSERT INTO `creature_addon` (`guid`, `path_id`) VALUES
(@GUID+0 , (@GUID+0 )*10),
(@GUID+1 , (@GUID+1 )*10),
(@GUID+2 , (@GUID+2 )*10),
(@GUID+3 , (@GUID+3 )*10),
(@GUID+4 , (@GUID+4 )*10),
(@GUID+5 , (@GUID+5 )*10),
(@GUID+6 , (@GUID+6 )*10),
(@GUID+7 , (@GUID+7 )*10),
(@GUID+8 , (@GUID+8 )*10),
(@GUID+9 , (@GUID+9 )*10),
(@GUID+10, (@GUID+10)*10),
(@GUID+11, (@GUID+11)*10),
(@GUID+12, (@GUID+12)*10),
(@GUID+13, (@GUID+13)*10),
(@GUID+14, (@GUID+14)*10),
(@GUID+15, (@GUID+15)*10),
(@GUID+16, (@GUID+16)*10),
(@GUID+17, (@GUID+17)*10),
(@GUID+18, (@GUID+18)*10),
(@GUID+19, (@GUID+19)*10),
(@GUID+20, (@GUID+20)*10),
(@GUID+21, (@GUID+21)*10),
(@GUID+22, (@GUID+22)*10),
(@GUID+23, (@GUID+23)*10),
(@GUID+24, (@GUID+24)*10),
(@GUID+25, (@GUID+25)*10),
(@GUID+26, (@GUID+26)*10),
(@GUID+27, (@GUID+27)*10),
(@GUID+28, (@GUID+28)*10),
(@GUID+29, (@GUID+29)*10),
(@GUID+30, (@GUID+30)*10),
(@GUID+31, (@GUID+31)*10),
(@GUID+32, (@GUID+32)*10),
(@GUID+33, (@GUID+33)*10),
(@GUID+34, (@GUID+34)*10),
(@GUID+35, (@GUID+35)*10),
(@GUID+36, (@GUID+36)*10),
(@GUID+37, (@GUID+37)*10),
(@GUID+38, (@GUID+38)*10),
(@GUID+39, (@GUID+39)*10),
(@GUID+40, (@GUID+40)*10),
(@GUID+41, (@GUID+41)*10),
(@GUID+42, (@GUID+42)*10);
