-- DB update 2023_02_18_02 -> 2023_02_18_03
-- Okrek
DELETE FROM `smart_scripts` WHERE (`source_type` = 0 AND `entryorguid` = 18685);
INSERT INTO `smart_scripts` (`entryorguid`, `source_type`, `id`, `link`, `event_type`, `event_phase_mask`, `event_chance`, `event_flags`, `event_param1`, `event_param2`, `event_param3`, `event_param4`, `event_param5`, `action_type`, `action_param1`, `action_param2`, `action_param3`, `action_param4`, `action_param5`, `action_param6`, `target_type`, `target_param1`, `target_param2`, `target_param3`, `target_param4`, `target_x`, `target_y`, `target_z`, `target_o`, `comment`) VALUES
(18685, 0, 0, 0, 9, 0, 100, 0, 0, 40, 3400, 4800, 0, 11, 14034, 64, 0, 0, 0, 0, 2, 0, 0, 0, 0, 0, 0, 0, 0, 'Okrek - Within 0-40 Range - Cast \'Fireball\''),
(18685, 0, 1, 0, 0, 0, 100, 0, 6000, 8000, 6000, 10000, 0, 11, 12471, 64, 0, 0, 0, 0, 2, 0, 0, 0, 0, 0, 0, 0, 0, 'Okrek - In Combat - Cast \'Shadow Bolt\''),
(18685, 0, 2, 0, 9, 0, 100, 0, 0, 10, 8500, 18000, 0, 11, 32711, 0, 0, 0, 0, 0, 1, 0, 0, 0, 0, 0, 0, 0, 0, 'Okrek - Within 0-10 Range - Cast \'Shadow Nova\''),
(18685, 0, 3, 0, 23, 0, 100, 0, 13787, 0, 15000, 30000, 0, 11, 13787, 32, 0, 0, 0, 0, 1, 0, 0, 0, 0, 0, 0, 0, 0, 'Okrek - On Missing Aura \'Demon Armor\' - Cast \'Demon Armor\'');

-- Doomsayer Jurim
DELETE FROM `smart_scripts` WHERE (`source_type` = 0 AND `entryorguid` = 18686);
INSERT INTO `smart_scripts` (`entryorguid`, `source_type`, `id`, `link`, `event_type`, `event_phase_mask`, `event_chance`, `event_flags`, `event_param1`, `event_param2`, `event_param3`, `event_param4`, `event_param5`, `action_type`, `action_param1`, `action_param2`, `action_param3`, `action_param4`, `action_param5`, `action_param6`, `target_type`, `target_param1`, `target_param2`, `target_param3`, `target_param4`, `target_x`, `target_y`, `target_z`, `target_o`, `comment`) VALUES
(18686, 0, 0, 0, 0, 0, 100, 0, 14000, 19000, 19000, 25000, 0, 11, 39212, 0, 0, 0, 0, 0, 5, 0, 0, 0, 0, 0, 0, 0, 0, 'Doomsayer Jurim - In Combat - Cast \'Corruption\''),
(18686, 0, 1, 0, 0, 0, 100, 0, 9000, 14000, 11000, 16000, 0, 11, 38401, 64, 0, 0, 0, 0, 2, 0, 0, 0, 0, 0, 0, 0, 0, 'Doomsayer Jurim - In Combat - Cast \'Incinerate\''),
(18686, 0, 2, 0, 0, 0, 100, 0, 8000, 14000, 15000, 21000, 0, 11, 39210, 64, 0, 0, 0, 0, 5, 0, 0, 0, 0, 0, 0, 0, 0, 'Doomsayer Jurim - In Combat - Cast \'Fear\''),
(18686, 0, 3, 0, 0, 0, 100, 0, 3000, 8000, 5000, 11000, 0, 11, 12493, 32, 0, 0, 0, 0, 2, 0, 0, 0, 0, 0, 0, 0, 0, 'Doomsayer Jurim - In Combat - Cast \'Curse of Weakness\''),
(18686, 0, 4, 0, 9, 0, 100, 0, 0, 40, 3400, 4800, 0, 11, 12471, 0, 0, 0, 0, 0, 2, 0, 0, 0, 0, 0, 0, 0, 0, 'Doomsayer Jurim - Within 0-40 Range - Cast \'Shadow Bolt\'');

-- The Crippler AI
DELETE FROM `smart_scripts` WHERE (`source_type` = 0 AND `entryorguid` = 18689);
INSERT INTO `smart_scripts` (`entryorguid`, `source_type`, `id`, `link`, `event_type`, `event_phase_mask`, `event_chance`, `event_flags`, `event_param1`, `event_param2`, `event_param3`, `event_param4`, `event_param5`, `action_type`, `action_param1`, `action_param2`, `action_param3`, `action_param4`, `action_param5`, `action_param6`, `target_type`, `target_param1`, `target_param2`, `target_param3`, `target_param4`, `target_x`, `target_y`, `target_z`, `target_o`, `comment`) VALUES
(18689, 0, 0, 0, 0, 0, 100, 0, 3000, 5000, 11000, 15000, 0, 11, 39214, 0, 0, 0, 0, 0, 2, 0, 0, 0, 0, 0, 0, 0, 0, 'Crippler - In Combat - Cast \'Pierce Armor\''),
(18689, 0, 1, 0, 0, 0, 100, 0, 8000, 12000, 13000, 18000, 0, 11, 38621, 0, 0, 0, 0, 0, 2, 0, 0, 0, 0, 0, 0, 0, 0, 'Crippler - In Combat - Cast \'Debilitating Strike\''),
(18689, 0, 2, 0, 2, 0, 100, 1, 0, 50, 0, 0, 0, 11, 38882, 0, 0, 0, 0, 0, 1, 0, 0, 0, 0, 0, 0, 0, 0, 'Crippler - Between 0-50% Health - Cast \'Bone Armor\' (No Repeat)');

SET @CGUID := 25087;

DELETE FROM `creature` WHERE `id1` IN (18685, 18686);
INSERT INTO `creature` (`guid`, `id1`, `map`, `equipment_id`, `position_x`, `position_y`, `position_z`, `orientation`, `spawntimesecs`, `MovementType`) VALUES
(@CGUID+0, 18685, 530, 1, -1633.09, 4416.39, 52.1155, 5.98654, 79200, 2),
(@CGUID+1, 18685, 530, 1, -2564.99, 5437.01, 28.0524, 3.10727, 93600, 2),
(@CGUID+2, 18685, 530, 1, -1843.55, 3958.17, 46.5491, 4.04581, 100800, 2),
(@CGUID+3, 18685, 530, 1, -3551.84, 3999.6, 93.7046, 5.20977, 115200, 2),

(@CGUID+4, 18686, 530, 0, -2847.33, 3195.11, 7.4167, 0.091094, 21600, 2),
(@CGUID+5, 18686, 530, 0, -1842.53, 4231.02, 20.9801, 2.23252, 21600, 2),
(@CGUID+6, 18686, 530, 0, -2595.42, 5118.68, 6.63357, 6.27732, 21600, 2);

DELETE FROM `creature_addon` WHERE (`guid` IN (@CGUID+0,@CGUID+1,@CGUID+2,@CGUID+3,@CGUID+4,@CGUID+5,@CGUID+6,40470));
INSERT INTO `creature_addon` (`guid`, `path_id`, `mount`, `bytes1`, `bytes2`, `emote`, `visibilityDistanceType`, `auras`) VALUES
(@CGUID+0, (@CGUID+0)*10, 0, 0, 1, 0, 0, ''),
(@CGUID+1, (@CGUID+1)*10, 0, 0, 1, 0, 0, ''),
(@CGUID+2, (@CGUID+2)*10, 0, 0, 1, 0, 0, ''),
(@CGUID+3, (@CGUID+3)*10, 0, 0, 1, 0, 0, ''),
(@CGUID+4, (@CGUID+4)*10, 0, 0, 1, 0, 0, ''),
(@CGUID+5, (@CGUID+5)*10, 0, 0, 1, 0, 0, ''),
(@CGUID+6, (@CGUID+6)*10, 0, 0, 1, 0, 0, '');

DELETE FROM `waypoint_data` WHERE `id` IN ((@CGUID+0)*10,(@CGUID+1)*10,(@CGUID+2)*10,(@CGUID+3)*10,(@CGUID+4)*10,(@CGUID+5)*10,(@CGUID+6)*10,404700);
INSERT INTO `waypoint_data` (`id`, `point`, `position_x`, `position_y`, `position_z`) VALUES
((@CGUID+0)*10, 1, -1633.09, 4416.39, 52.0432),
((@CGUID+0)*10, 2, -1618.41, 4410.16, 52.5576),
((@CGUID+0)*10, 3, -1606.43, 4420.26, 52.6329),
((@CGUID+0)*10, 4, -1611.34, 4435.12, 52.6265),
((@CGUID+0)*10, 5, -1624.94, 4436.8, 52.6168),
((@CGUID+0)*10, 6, -1633.09, 4416.39, 52.0432),
((@CGUID+1)*10, 1, -2564.99, 5437.01, 27.482),
((@CGUID+1)*10, 2, -2567.62, 5447.4, 27.2306),
((@CGUID+1)*10, 3, -2580.16, 5451.42, 27.2254),
((@CGUID+1)*10, 4, -2591.11, 5437.56, 27.2367),
((@CGUID+1)*10, 5, -2579.75, 5426.12, 26.9373),
((@CGUID+1)*10, 6, -2570.32, 5424.22, 26.635),
((@CGUID+1)*10, 7, -2552.85, 5407.97, 20.0038),
((@CGUID+1)*10, 8, -2535.35, 5390.59, 27.2097),
((@CGUID+1)*10, 9, -2535.96, 5370.64, 27.2342),
((@CGUID+1)*10, 10, -2515.76, 5363.92, 27.2173),
((@CGUID+1)*10, 11, -2515.27, 5379.05, 28.0072),
((@CGUID+2)*10, 1, -1843.55, 3958.17, 46.5491),
((@CGUID+2)*10, 2, -1849.11, 3959.83, 46.5567),
((@CGUID+2)*10, 3, -1856.92, 3952.97, 46.4926),
((@CGUID+2)*10, 4, -1856.12, 3938.67, 46.05),
((@CGUID+2)*10, 5, -1853.1, 3924.98, 45.3693),
((@CGUID+2)*10, 6, -1862.49, 3908.7, 39.1752),
((@CGUID+2)*10, 7, -1879.08, 3879.85, 45.4519),
((@CGUID+2)*10, 8, -1903.73, 3870.84, 45.3793),
((@CGUID+2)*10, 9, -1910.33, 3850.94, 45.4441),
((@CGUID+2)*10, 10, -1887.31, 3837.38, 45.4393),
((@CGUID+2)*10, 11, -1871.41, 3847.16, 45.4412),
((@CGUID+2)*10, 12, -1871.2, 3867.79, 45.4431),
((@CGUID+2)*10, 13, -1880.9, 3877.3, 45.4447),
((@CGUID+2)*10, 14, -1868.93, 3897.99, 39.0142),
((@CGUID+2)*10, 15, -1853.37, 3923.24, 45.3162),
((@CGUID+2)*10, 16, -1826.5, 3934.92, 46.5561),
((@CGUID+2)*10, 17, -1829.69, 3958.36, 46.5588),
((@CGUID+2)*10, 18, -1836.99, 3960.91, 46.5588),
((@CGUID+3)*10, 1, -3551.84, 3999.6, 93.7046),
((@CGUID+3)*10, 2, -3563.29, 4001.41, 91.8348),
((@CGUID+3)*10, 3, -3590.03, 4006.42, 75.3029),
((@CGUID+3)*10, 4, -3555.16, 4040.98, 69.5859),
((@CGUID+3)*10, 5, -3512.02, 4051.49, 60.9738),
((@CGUID+3)*10, 6, -3499.84, 4050.19, 59.424),
((@CGUID+3)*10, 7, -3482.48, 4033.23, 59.8893),
((@CGUID+3)*10, 8, -3461.45, 4028.88, 59.1618),
((@CGUID+3)*10, 9, -3428.89, 4011.93, 62.2547),
((@CGUID+3)*10, 10, -3386.09, 4008.06, 58.385),
((@CGUID+3)*10, 11, -3363.25, 4002.11, 58.7623),
((@CGUID+3)*10, 12, -3386.09, 4008.06, 58.385),
((@CGUID+3)*10, 13, -3428.89, 4011.93, 62.2547),
((@CGUID+3)*10, 14, -3461.45, 4028.88, 59.1618),
((@CGUID+3)*10, 15, -3482.48, 4033.23, 59.8893),
((@CGUID+3)*10, 16, -3499.84, 4050.19, 59.424),
((@CGUID+3)*10, 17, -3512.02, 4051.49, 60.9738),
((@CGUID+3)*10, 18, -3555.16, 4040.98, 69.5859),
((@CGUID+3)*10, 19, -3590.03, 4006.42, 75.3029),
((@CGUID+3)*10, 20, -3563.29, 4001.41, 91.8348),
((@CGUID+4)*10, 1, -2843.86, 3205.97, 5.45323),
((@CGUID+4)*10, 2, -2829.24, 3218.81, 9.59048),
((@CGUID+4)*10, 3, -2814.12, 3235.72, 10.1736),
((@CGUID+4)*10, 4, -2792.54, 3259.91, 5.91885),
((@CGUID+4)*10, 5, -2774.46, 3280.17, 2.8828),
((@CGUID+4)*10, 6, -2751.21, 3306.24, 0.199384),
((@CGUID+4)*10, 7, -2728.55, 3318.21, -0.833018),
((@CGUID+4)*10, 8, -2719.59, 3331.35, -1.04936),
((@CGUID+4)*10, 9, -2708.94, 3349.74, -0.819842),
((@CGUID+4)*10, 10, -2694.72, 3374.29, -0.156626),
((@CGUID+4)*10, 11, -2685.08, 3390.93, 0.328583),
((@CGUID+4)*10, 12, -2675.69, 3407.16, 0.474826),
((@CGUID+4)*10, 13, -2669.68, 3416.29, 0.743526),
((@CGUID+4)*10, 14, -2660.96, 3425.2, 0.805554),
((@CGUID+4)*10, 15, -2654.25, 3430.82, 0.77502),
((@CGUID+4)*10, 16, -2645.46, 3437.83, 1.28666),
((@CGUID+4)*10, 17, -2639.59, 3442.5, 3.25542),
((@CGUID+4)*10, 18, -2630.71, 3449.41, 1.86245),
((@CGUID+4)*10, 19, -2621.54, 3456.21, 0.653284),
((@CGUID+4)*10, 20, -2617.41, 3460.51, 0.593326),
((@CGUID+4)*10, 21, -2611.5, 3471.52, 0.520041),
((@CGUID+4)*10, 22, -2610.04, 3475.69, 0.53993),
((@CGUID+4)*10, 23, -2606.9, 3480.85, 0.492544),
((@CGUID+4)*10, 24, -2590.41, 3502.84, 0.225892),
((@CGUID+4)*10, 25, -2582.03, 3512, 0.101641),
((@CGUID+4)*10, 26, -2566.36, 3522.06, 0.189451),
((@CGUID+4)*10, 27, -2534.38, 3523.07, 1.3404),
((@CGUID+4)*10, 28, -2523.33, 3527.83, 1.66667),
((@CGUID+4)*10, 29, -2516.31, 3533.95, 1.65006),
((@CGUID+4)*10, 30, -2507.47, 3544.67, 1.56155),
((@CGUID+4)*10, 31, -2491.83, 3549.68, 1.43199),
((@CGUID+4)*10, 32, -2471.56, 3551.98, 1.23732),
((@CGUID+4)*10, 33, -2463.14, 3555.66, 1.03546),
((@CGUID+4)*10, 34, -2456.3, 3555.25, 0.942503),
((@CGUID+4)*10, 35, -2452.53, 3537.02, 0.402467),
((@CGUID+4)*10, 36, -2446.32, 3528.59, -0.236494),
((@CGUID+4)*10, 37, -2462.93, 3549.41, 1.08819),
((@CGUID+4)*10, 38, -2460.92, 3557.5, 1.00403),
((@CGUID+4)*10, 39, -2425.49, 3596.2, 0.274173),
((@CGUID+4)*10, 40, -2405.2, 3613.88, 0.217946),
((@CGUID+4)*10, 41, -2391.31, 3632.83, 0.792431),
((@CGUID+4)*10, 42, -2383.97, 3658.54, 0.99065),
((@CGUID+4)*10, 43, -2351.54, 3700.72, 0.420721),
((@CGUID+4)*10, 44, -2314.59, 3729.83, 0.0297019),
((@CGUID+4)*10, 45, -2296.57, 3749.89, 0.363868),
((@CGUID+4)*10, 46, -2285.44, 3767.7, 0.291327),
((@CGUID+4)*10, 47, -2279.3, 3787.95, 0.314858),
((@CGUID+4)*10, 48, -2276.3, 3799.32, 0.521091),
((@CGUID+4)*10, 49, -2254.61, 3831.13, 2.70024),
((@CGUID+4)*10, 50, -2251.75, 3848.92, 5.15061),
((@CGUID+4)*10, 51, -2249.52, 3869.55, 2.39354),
((@CGUID+4)*10, 52, -2244.66, 3893.46, 1.58335),
((@CGUID+4)*10, 53, -2239.88, 3904.19, 1.10899),
((@CGUID+4)*10, 54, -2224.28, 3927.45, 0.706091),
((@CGUID+4)*10, 55, -2187.45, 3958.22, 0.921813),
((@CGUID+4)*10, 56, -2175.09, 3978.98, 0.929392),
((@CGUID+4)*10, 57, -2171.14, 4011.04, 0.450247),
((@CGUID+4)*10, 58, -2175.93, 4027.88, 0.519539),
((@CGUID+4)*10, 59, -2187.96, 4064.43, 1.4281),
((@CGUID+4)*10, 60, -2166.44, 4102.49, 4.27243),
((@CGUID+4)*10, 61, -1700.15, 3993.57, 55.6859),
((@CGUID+4)*10, 62, -1710.59, 4034.97, 60.6101),
((@CGUID+4)*10, 63, -1719.95, 4059.83, 62.7452),
((@CGUID+4)*10, 64, -1718.67, 4104.32, 64.3796),
((@CGUID+4)*10, 65, -1743.77, 4151.6, 62.3929),
((@CGUID+4)*10, 66, -1754.61, 4173.29, 58.3691),
((@CGUID+4)*10, 67, -1788.41, 4206.51, 44.1839),
((@CGUID+4)*10, 68, -1818.93, 4214.12, 33.1137),
((@CGUID+4)*10, 69, -1841.51, 4228.1, 22.0741),
((@CGUID+4)*10, 70, -1871.54, 4263.5, 8.22153),
((@CGUID+4)*10, 71, -1891, 4295.91, 3.23019),
((@CGUID+4)*10, 72, -1911.96, 4351.49, 1.66825),
((@CGUID+4)*10, 73, -1910.12, 4389.42, 1.77078),
((@CGUID+4)*10, 74, -1907.67, 4417.31, 2.99456),
((@CGUID+4)*10, 75, -1917.63, 4452.07, 6.27493),
((@CGUID+4)*10, 76, -1929.4, 4473.47, 8.90937),
((@CGUID+4)*10, 77, -1942.74, 4489.67, 11.1029),
((@CGUID+4)*10, 78, -1958.47, 4508.45, 12.7432),
((@CGUID+4)*10, 79, -1975.36, 4519.94, 13.1616),
((@CGUID+4)*10, 80, -1982.19, 4524.49, 13.0993),
((@CGUID+4)*10, 81, -1983.38, 4507.03, 12.7591),
((@CGUID+4)*10, 82, -1984.02, 4496.55, 11.9535),
((@CGUID+4)*10, 83, -1984.87, 4482.57, 11.1499),
((@CGUID+4)*10, 84, -1978.92, 4509.87, 12.6695),
((@CGUID+4)*10, 85, -1978.12, 4527.35, 13.36),
((@CGUID+4)*10, 86, -1967.33, 4546.79, 12.8741),
((@CGUID+4)*10, 87, -1953.04, 4566.47, 10.1123),
((@CGUID+4)*10, 88, -1946.5, 4582.91, 7.44598),
((@CGUID+4)*10, 89, -1948.3, 4599.58, 4.61956),
((@CGUID+4)*10, 90, -1955.08, 4637.48, -0.0588505),
((@CGUID+4)*10, 91, -1943.63, 4685.04, -2.18987),
((@CGUID+4)*10, 92, -1941.99, 4705.25, -2.67768),
((@CGUID+4)*10, 93, -1945.22, 4727.47, -3.22917),
((@CGUID+4)*10, 94, -1951.89, 4748.79, -2.9388),
((@CGUID+4)*10, 95, -1957.77, 4773.7, -1.42409),
((@CGUID+4)*10, 96, -1957.36, 4798.11, -0.0807409),
((@CGUID+4)*10, 97, -1944.66, 4829.17, 0.67),
((@CGUID+4)*10, 98, -1929.68, 4851.09, 1.64973),
((@CGUID+4)*10, 99, -1918.23, 4883.89, 2.11937),
((@CGUID+4)*10, 100, -1901.18, 4906.49, -1.12705),
((@CGUID+4)*10, 101, -1881.87, 4926.69, -9.60835),
((@CGUID+4)*10, 102, -1870.05, 4946.21, -17.0149),
((@CGUID+4)*10, 103, -1866.49, 4960.25, -20.2899),
((@CGUID+4)*10, 104, -1860.94, 5033.3, -26.0991),
((@CGUID+4)*10, 105, -1869.8, 4962.46, -20.3781),
((@CGUID+4)*10, 106, -1884.86, 4924.67, -8.30171),
((@CGUID+4)*10, 107, -1904.83, 4905.16, -0.202733),
((@CGUID+4)*10, 108, -1922.67, 4912.5, 6.06643),
((@CGUID+4)*10, 109, -1937.46, 4934.99, 14.8054),
((@CGUID+4)*10, 110, -1953.22, 4961.69, 24.7149),
((@CGUID+4)*10, 111, -1958.07, 4992.99, 30.1767),
((@CGUID+4)*10, 112, -1958.74, 5013.42, 32.4293),
((@CGUID+4)*10, 113, -1947.03, 5042.52, 25.2899),
((@CGUID+4)*10, 114, -1942.58, 5058.03, 19.5292),
((@CGUID+4)*10, 115, -1963.32, 5083.08, 11.1075),
((@CGUID+4)*10, 116, -1984.5, 5100.08, 7.82778),
((@CGUID+4)*10, 117, -2004.59, 5114.07, 8.26657),
((@CGUID+4)*10, 118, -2029.48, 5123.26, 8.48839),
((@CGUID+4)*10, 119, -2055.94, 5125.38, 7.48301),
((@CGUID+4)*10, 120, -2089.33, 5115.44, 3.14184),
((@CGUID+4)*10, 121, -2112.53, 5107.32, -2.40737),
((@CGUID+4)*10, 122, -2137.4, 5108.51, -11.5709),
((@CGUID+4)*10, 123, -2155.69, 5115.97, -18.1534),
((@CGUID+4)*10, 124, -2170.6, 5125.13, -21.2824),
((@CGUID+4)*10, 125, -2182.81, 5131.87, -21.667),
((@CGUID+4)*10, 126, -2198.88, 5138.77, -21.2323),
((@CGUID+4)*10, 127, -2219.62, 5144.57, -19.6848),
((@CGUID+4)*10, 128, -2238.57, 5146.29, -17.4706),
((@CGUID+4)*10, 129, -2266.45, 5144.26, -13.0598),
((@CGUID+4)*10, 130, -2290.86, 5142.23, -9.17377),
((@CGUID+4)*10, 131, -2308.35, 5142.09, -7.11532),
((@CGUID+4)*10, 132, -2333.72, 5149.44, -5.0165),
((@CGUID+4)*10, 133, -2365.45, 5157.88, -2.8501),
((@CGUID+4)*10, 134, -2390.26, 5158.22, -1.19618),
((@CGUID+4)*10, 135, -2417.84, 5153.35, 0.775549),
((@CGUID+4)*10, 136, -2442.28, 5142.04, 3.53141),
((@CGUID+4)*10, 137, -2469.81, 5120.56, 6.76948),
((@CGUID+4)*10, 138, -2498.06, 5115.06, 7.87731),
((@CGUID+4)*10, 139, -2532.85, 5118.89, 7.54034),
((@CGUID+4)*10, 140, -2555.6, 5120.59, 7.69492),
((@CGUID+5)*10, 1, -1842.53, 4231.02, 20.9801),
((@CGUID+5)*10, 2, -1869.21, 4261.13, 8.89557),
((@CGUID+5)*10, 3, -1881.34, 4278.1, 5.5224),
((@CGUID+5)*10, 4, -1912.25, 4349.02, 1.68234),
((@CGUID+5)*10, 5, -1914.46, 4374.06, 1.6238),
((@CGUID+5)*10, 6, -1907.34, 4411.19, 2.60279),
((@CGUID+5)*10, 7, -1910.76, 4438.84, 4.91422),
((@CGUID+5)*10, 8, -1931.52, 4475.42, 9.21656),
((@CGUID+5)*10, 9, -1970.77, 4515.64, 13.0504),
((@CGUID+5)*10, 10, -1976.75, 4527.05, 13.3934),
((@CGUID+5)*10, 11, -1972.72, 4539.17, 13.3457),
((@CGUID+5)*10, 12, -1946.46, 4597.88, 4.94647),
((@CGUID+5)*10, 13, -1956.85, 4637.1, 0.01026),
((@CGUID+5)*10, 14, -1940.22, 4702.82, -2.56809),
((@CGUID+5)*10, 15, -1949.24, 4739.94, -3.13258),
((@CGUID+5)*10, 16, -1955.66, 4753.73, -2.74301),
((@CGUID+5)*10, 17, -1959.56, 4796.31, -0.128966),
((@CGUID+5)*10, 18, -1921.66, 4869.82, 1.85516),
((@CGUID+5)*10, 19, -1915.69, 4891.67, 2.15411),
((@CGUID+5)*10, 20, -1888.97, 4918.59, -5.75911),
((@CGUID+5)*10, 21, -1869.05, 4946.2, -17.1173),
((@CGUID+5)*10, 22, -1865.53, 4978.99, -22.5178),
((@CGUID+6)*10, 1, -2595.42, 5118.68, 6.63357),
((@CGUID+6)*10, 2, -2546, 5122.18, 7.52113),
((@CGUID+6)*10, 3, -2485.8, 5112.25, 7.9062),
((@CGUID+6)*10, 4, -2440.9, 5141.97, 3.35802),
((@CGUID+6)*10, 5, -2416.25, 5152.64, 0.680542),
((@CGUID+6)*10, 6, -2378.67, 5159.02, -1.98798),
((@CGUID+6)*10, 7, -2338.08, 5151.37, -4.80083),
((@CGUID+6)*10, 8, -2307.95, 5141.67, -7.15532),
((@CGUID+6)*10, 9, -2276.08, 5142.61, -11.4779),
((@CGUID+6)*10, 10, -2228.73, 5147.82, -18.686),
((@CGUID+6)*10, 11, -2200.59, 5140.23, -21.1159),
((@CGUID+6)*10, 12, -2165.21, 5123.69, -20.855),
((@CGUID+6)*10, 13, -2148.15, 5138.56, -22.1488);

-- Pooling
DELETE FROM `pool_template` WHERE `entry`=1073 AND `description` LIKE '%Okrek%';
DELETE FROM `pool_template` WHERE `entry`=1117 AND `description`='Doomsayer Jurim (18686)';
INSERT INTO `pool_template` (`entry`, `max_limit`, `description`) VALUES
(1073, 1, 'Okrek (18685)'),
(1117, 1, 'Doomsayer Jurim (18686)');

DELETE FROM `pool_creature` WHERE `pool_entry`=1073 AND `description` LIKE '%Okrek%';
DELETE FROM `pool_creature` WHERE `pool_entry`=1117 AND `description`='Doomsayer Jurim (18686)';
INSERT INTO `pool_creature` (`guid`, `pool_entry`, `chance`, `description`) VALUES
(@CGUID+0, 1073, 0, 'Okrek (18685)'),
(@CGUID+1, 1073, 0, 'Okrek (18685)'),
(@CGUID+2, 1073, 0, 'Okrek (18685)'),
(@CGUID+3, 1073, 0, 'Okrek (18685)'),
(@CGUID+4, 1117, 0, 'Doomsayer Jurim (18686)'),
(@CGUID+5, 1117, 0, 'Doomsayer Jurim (18686)'),
(@CGUID+6, 1117, 0, 'Doomsayer Jurim (18686)');
