-- DB update 2023_04_05_04 -> 2023_04_06_00
--
DELETE FROM `creature` WHERE `map`=555 AND `id1` IN (14881,18631,18632,18633,18634,18635,18636,18637,18638,18639,18640,18641,18642,18667,18708,18731,18732,18793,18794,18796,18797,18830,18848,18891,19208,19209,19300,19301,19302,19303,19304,21159) AND `guid` IN (54538,54539,54540,54541,54542,54543,54544,54545,54546,54547,54548,54549,54550,54551,54552,54553,54554,54555,54556,54557,54558,54559,54560,54561,54563,54564,54565,66798,66799,66800,66801,66802,66803,66804,66805,66806,66807,66808,66809,66810,66811,66812,66813,66814,66815,66816,66817,66818,66819,66820,66821,66822,66823,66824,66825,66826,66827,66828,66829,66830,66831,66832,66833,66834,66835,66836,66837,66838,66839,66840,66841,66842,66843,66844,66845,66846,66847,66848,66849,66850,66851,66852,66853,66854,66855,66856,66857,66858,66859,66860,66861,66862,66863,66864,66865,66866,66867,66868,66869,66870,66871,66872,66873,66874,66875,66876,66877,66878,66879,66880,66881,66882,66883,66884,66885,66886,66887,66888,66889,66890,66891,66892,66893,66894,66895,66896,66897,66898,66899,66900,66901,66902,66903,66904,66905,66906,66937,66952,66999,67000,67061,67062,67063,67064,67065,67066,67067,67068,67069,67070,67071,67072,67073,67074,67075,67076,67077,67078,67079,67080,67081,67082,67083,67084,67085,67086,67087,67088,67089,67090,67091,67092,67093,67094,67095,67096,67097,67098,67099,67100,67101,67102,67103,67104,67105,67106,67107,67108,67109,67110,67111,67112,67113,67114,67115,67116,67117,67118,67119,67120,67121,67122,67123,67124,67125,67126,67127,67128,67129,67130,67131,67132,67133,67134,67135,67136,67137,67138,67139,67140,67141,67142,67143,67144,67145,67146,67147,67148,67149,67244,67245,67246,67247,67248,67253,67254,67255,67850,68738,68739,68880,68881,68882,68883,68884,68885,68886,68887,68888,68889,68890,68891,68892,68893,68894,74232,74233,74234,85584,85585);
DELETE FROM `waypoint_data` WHERE `id` = 669370;
DELETE FROM `linked_respawn` WHERE `linkedGuid` IN (66937, 66952, 66999, 67000) AND `guid` IN (66798,66799,66800,66801,66802,66803,66804,66805,66806,66807,66810,66811,66812,66813,66814,66815,66816,66817,66818,66819,66820,66821,66822,66825,66826,66827,66828,66831,66832,66833,66834,66835,66836,66837,66838,66839,66840,66841,66842,66843,66844,66845,66846,66847,66848,66849,66850,66851,66852,66853,66854,66855,66856,66857,66858,66859,66860,66861,66862,66863,66864,66865,66866,66867,66868,66869,66870,66871,66872,66873,66874,66875,66876,66877,66878,66879,66880,66881,66882,66883,66884,66885,66886,66887,66888,66889,66890,66891,66892,66893,66894,66895,66896,66897,66898,66899,66900,66901,66902,66903,66904,66905,66906,67067,67068,67069,67070,67071,67072,67073,67074,67075,67076,67077,67078,67079,67080,67081,67082,67083,67084,67085,67086,67087,67088,67089,67090,67091,67092,67093,67094,67095,67096,67097,67098,67099,67101,67102,67103,67104,67105,67106,67107,67108,67109,67110,67111,67112,67113,67114,67115,67116,67117,67118,67119,67120,67121,67122,67123,67124,67125,67126,67127,67128,67129,67130,67131,67132,67133,67134,67135,67136,67137,67138,67139,67140,67141,67142,67143,67145,67146,67147,67148,67149,67244,67245,67246,67247,67248,67253,67254,67255,68738,68739,85584,85585);
DELETE FROM `creature_addon` WHERE `guid` IN (66800,66804,66805,66806,66807,66808,66809,66817,66818,66819,66820,66821,66822,66823,66824,66825,66826,66827,66828,66829,66830,66831,66833,66834,66838,66839,66858,66860,66868,66869,66870,66872,66874,66881,66882,66885,66889,66890,66891,66897,66906,66937,67109,67110,67111,67112,67113,67114,67115,67116,67117,67118,67119,67123,67124,67125,67126,67127,67128,67129,67130,67131,67132,67144,67149);
DELETE FROM `waypoint_scripts` WHERE `id` IN (142, 143);

SET @CGUID := 146000;

DELETE FROM `creature` WHERE `map`=555 AND `id1` IN (14881,18631,18632,18633,18634,18635,18636,18637,18638,18639,18640,18641,18642,18667,18708,18731,18732,18793,18794,18796,18797,18830,18848,18891,21159,22890) AND `guid` BETWEEN @CGUID+0 AND @CGUID+235;
INSERT INTO `creature` (`guid`, `id1`, `id2`, `map`, `zoneId`, `areaId`, `spawnMask`, `equipment_id`, `position_x`, `position_y`, `position_z`, `orientation`, `spawntimesecs`, `wander_distance`, `MovementType`, `VerifiedBuild`) VALUES
(@CGUID+0  , 14881, 0, 555, 3789, 3789, 3, 0, -199.938, -516.695, 21.4755, 0.547532, 86400, 0, 0, 43400),
(@CGUID+1  , 14881, 0, 555, 3789, 3789, 3, 0, -109.055, -511.253, 21.4762, 4.39999, 86400, 0, 0, 43400),
(@CGUID+2  , 14881, 0, 555, 3789, 3789, 3, 0, -149.188, -309.993, 17.0855, 4.99436, 86400, 0, 0, 43400),
(@CGUID+3  , 14881, 0, 555, 3789, 3789, 3, 0, -162.76, -306.884, 17.0849, 2.59177, 86400, 0, 0, 43400),
(@CGUID+4  , 14881, 0, 555, 3789, 3789, 3, 0, -387.983, -270.937, 12.6872, 6.01303, 86400, 0, 0, 43400),
(@CGUID+5  , 14881, 0, 555, 3789, 3789, 3, 0, -214.309, -268.543, 17.0863, 4.29586, 86400, 0, 0, 43400),
(@CGUID+6  , 14881, 0, 555, 3789, 3789, 3, 0, -107.053, -147.989, 3.44795, 1.51051, 86400, 0, 0, 43400),
(@CGUID+7  , 14881, 0, 555, 3789, 3789, 3, 0, -105.019, -129.891, 3.44741, 0.246137, 86400, 0, 0, 43400),
(@CGUID+8  , 14881, 0, 555, 3789, 3789, 3, 0, -113.496, -128.693, 3.44839, 3.47614, 86400, 0, 0, 43400),
(@CGUID+9  , 14881, 0, 555, 3789, 3789, 3, 0, -139.893, -128.608, 5.37544, 2.54912, 86400, 0, 0, 43400),
(@CGUID+10 , 14881, 0, 555, 3789, 3789, 3, 0, -424.922, -94.3495, 12.6888, 3.22951, 86400, 0, 0, 43400),
(@CGUID+11 , 14881, 0, 555, 3789, 3789, 3, 0, -123.634, -70.2715, 8.06491, 3.29516, 86400, 0, 0, 43400),
(@CGUID+12 , 14881, 0, 555, 3789, 3789, 3, 0, -190.772, -68.9842, 8.06885, 2.8961, 86400, 0, 0, 43400),
(@CGUID+13 , 14881, 0, 555, 3789, 3789, 3, 0, -28.9906, -67.8037, -1.12415, 3.54883, 86400, 0, 0, 43400),
(@CGUID+14 , 14881, 0, 555, 3789, 3789, 3, 0, -122.874, -47.4895, 8.07306, 0.765181, 86400, 0, 0, 43400),
(@CGUID+15 , 14881, 0, 555, 3789, 3789, 3, 0, -389.181, -45.0535, 12.6874, 4.34311, 86400, 0, 0, 43400),
(@CGUID+16 , 14881, 0, 555, 3789, 3789, 3, 0, -389.442, -32.7563, 12.6873, 0.358882, 86400, 0, 0, 43400),
(@CGUID+17 , 14881, 0, 555, 3789, 3789, 3, 0, -189.713, -31.8977, 8.07303, 3.2339, 86400, 0, 0, 43400),
(@CGUID+18 , 14881, 0, 555, 3789, 3789, 3, 0, -26.4957, -29.655, -1.1282, 0.531572, 86400, 0, 0, 43400),
(@CGUID+19 , 14881, 0, 555, 3789, 3789, 3, 0, -38.643, -29.1124, -1.12367, 2.6248, 86400, 0, 0, 43400),
(@CGUID+20 , 14881, 0, 555, 3789, 3789, 3, 0, -95.8964, -11.3596, -1.12503, 1.90612, 86400, 0, 0, 43400),
(@CGUID+21 , 14881, 0, 555, 3789, 3789, 3, 0, -189.649, -10.8195, 8.07311, 4.54507, 86400, 0, 0, 43400),
(@CGUID+22 , 14881, 0, 555, 3789, 3789, 3, 0, -121.556, -9.3741, 8.07306, 5.2359, 86400, 0, 0, 43400),
(@CGUID+23 , 14881, 0, 555, 3789, 3789, 3, 0, -18.9741, -6.6831, -1.128, 2.45749, 86400, 0, 0, 43400),
(@CGUID+24 , 14881, 0, 555, 3789, 3789, 3, 0, -111.563, 54.2024, 3.44875, 0.676293, 86400, 0, 0, 43400),
(@CGUID+25 , 18631, 0, 555, 3789, 3789, 3, 1, -354.834, -267.555, 12.6864, 0.0385774, 86400, 0, 0, 43400),
(@CGUID+26 , 18631, 0, 555, 3789, 3789, 3, 1, -271.362, -265.765, 12.7637, 0.11843, 86400, 0, 0, 43400),
(@CGUID+27 , 18631, 0, 555, 3789, 3789, 3, 1, -323.525, -264.785, 12.6844, 0.0174533, 86400, 0, 0, 43400),
(@CGUID+28 , 18631, 0, 555, 3789, 3789, 3, 1, -443.04, -193.835, 12.7725, 3.4383, 86400, 0, 0, 43400),
(@CGUID+29 , 18631, 0, 555, 3789, 3789, 3, 1, -287.804, -96.3896, 8.15635, 5.48033, 86400, 0, 0, 43400),
(@CGUID+30 , 18631, 0, 555, 3789, 3789, 3, 1, -273.674, -80.3384, 8.15627, 2.74017, 86400, 0, 0, 43400),
(@CGUID+31 , 18631, 0, 555, 3789, 3789, 3, 1, -254.365, -46.4247, 8.15618, 3.08923, 86400, 0, 0, 43400),
(@CGUID+32 , 18631, 0, 555, 3789, 3789, 3, 1, -271.784, -45.5444, 8.15619, 3.1765, 86400, 0, 0, 43400),
(@CGUID+33 , 18631, 0, 555, 3789, 3789, 3, 1, -263.794, -26.8056, 8.19487, 3.49066, 86400, 0, 0, 43400),
(@CGUID+34 , 18631, 0, 555, 3789, 3789, 3, 1, -275.089, -4.42197, 8.15625, 3.66519, 86400, 0, 0, 43400),
(@CGUID+35 , 18631, 0, 555, 3789, 3789, 3, 1, -276.704, 22.5176, 8.15633, 0.0174533, 86400, 0, 0, 43400),
(@CGUID+36 , 18633, 0, 555, 3789, 3789, 3, 1, -454.315, -183.092, 12.7725, 5.06145, 86400, 0, 0, 43400),
(@CGUID+37 , 18633, 0, 555, 3789, 3789, 3, 1, -86.0825, -92.683, -1.04496, 1.95477, 86400, 0, 0, 43400),
(@CGUID+38 , 18633, 0, 555, 3789, 3789, 3, 1, -91.919, -88.183, -1.04497, 6.00393, 86400, 0, 0, 43400),
(@CGUID+39 , 18633, 0, 555, 3789, 3789, 3, 1, -31.8829, -81.4594, -1.0449, 4.04916, 86400, 0, 0, 43400),
(@CGUID+40 , 18633, 0, 555, 3789, 3789, 3, 1, -272.845, -76.4279, 8.15625, 2.6529, 86400, 0, 0, 43400),
(@CGUID+41 , 18633, 0, 555, 3789, 3789, 3, 1, -263.805, -48.9857, 8.15618, 3.10669, 86400, 0, 0, 43400),
(@CGUID+42 , 18633, 0, 555, 3789, 3789, 3, 1, -271.978, -47.9963, 8.15619, 3.14159, 86400, 0, 0, 43400),
(@CGUID+43 , 18633, 0, 555, 3789, 3789, 3, 1, -78.7167, -46.4269, -1.04494, 4.50295, 86400, 0, 0, 43400),
(@CGUID+44 , 18633, 0, 555, 3789, 3789, 3, 1, -246.87, -45.9737, 8.15617, 3.10669, 86400, 0, 0, 43400),
(@CGUID+45 , 18633, 0, 555, 3789, 3789, 3, 1, -80.3716, -39.766, -1.04492, 2.00713, 86400, 0, 0, 43400),
(@CGUID+46 , 18633, 0, 555, 3789, 3789, 3, 1, -47.365, -33.8044, -1.04484, 0.331613, 86400, 0, 0, 43400),
(@CGUID+47 , 18633, 0, 555, 3789, 3789, 3, 1, -41.8571, -33.4506, -1.04484, 2.87979, 86400, 0, 0, 43400),
(@CGUID+48 , 18633, 0, 555, 3789, 3789, 3, 1, -263.761, -29.1943, 8.18301, 3.12414, 86400, 0, 0, 43400),
(@CGUID+49 , 18633, 0, 555, 3789, 3789, 3, 1, -255.77, -27.5678, 8.18844, 3.24631, 86400, 0, 0, 43400),
(@CGUID+50 , 18633, 0, 555, 3789, 3789, 3, 1, -74.3842, -0.151916, -1.04487, 0.0349066, 86400, 0, 0, 43400),
(@CGUID+51 , 18633, 0, 555, 3789, 3789, 3, 1, -265.829, 0.056211, 8.15626, 3.68264, 86400, 0, 0, 43400),
(@CGUID+52 , 18633, 0, 555, 3789, 3789, 3, 1, -86.7252, 8.73865, -1.04486, 2.37365, 86400, 0, 0, 43400),
(@CGUID+53 , 18633, 0, 555, 3789, 3789, 3, 1, -281.939, 20.0421, 8.15636, 5.68977, 86400, 0, 0, 43400),
(@CGUID+54 , 18635, 0, 555, 3789, 3789, 3, 1, -446.493, -192.12, 12.7725, 4.72984, 86400, 0, 0, 43400),
(@CGUID+55 , 18635, 0, 555, 3789, 3789, 3, 1, -453.685, -186.804, 12.7725, 1.53589, 86400, 0, 0, 43400),
(@CGUID+56 , 18635, 0, 555, 3789, 3789, 3, 1, -454.978, -185.25, 12.7725, 0.0523599, 86400, 0, 0, 43400),
(@CGUID+57 , 18635, 0, 555, 3789, 3789, 3, 1, -286.707, -99.5, 8.15633, 1.32645, 86400, 0, 0, 43400),
(@CGUID+58 , 18635, 0, 555, 3789, 3789, 3, 1, -90.6977, -92.3565, -1.04497, 0.715585, 86400, 0, 0, 43400),
(@CGUID+59 , 18635, 0, 555, 3789, 3789, 3, 1, -31.467445, -76.35811, -1.1387877, 0.237499, 86400, 0, 0, 43400),
(@CGUID+60 , 18635, 0, 555, 3789, 3789, 3, 1, -36.1315, -84.0624, -1.04494, 0.0872665, 86400, 0, 0, 43400),
(@CGUID+61 , 18635, 0, 555, 3789, 3789, 3, 1, -265.305, -82.2931, 8.15626, 2.84489, 86400, 0, 0, 43400),
(@CGUID+62 , 18635, 0, 555, 3789, 3789, 3, 1, -271.845, -50.1835, 8.15619, 3.1765, 86400, 0, 0, 43400),
(@CGUID+63 , 18635, 0, 555, 3789, 3789, 3, 1, -254.445, -49.5956, 8.15618, 3.01942, 86400, 0, 0, 43400),
(@CGUID+64 , 18635, 0, 555, 3789, 3789, 3, 1, -75.0824, -47.649, -1.04495, 3.75246, 86400, 0, 0, 43400),
(@CGUID+65 , 18635, 0, 555, 3789, 3789, 3, 1, -77.9535, -36.4069, -1.04492, 3.21141, 86400, 0, 0, 43400),
(@CGUID+66 , 18635, 0, 555, 3789, 3789, 3, 1, -44.641, -34.6061, -1.04484, 1.44862, 86400, 0, 0, 43400),
(@CGUID+67 , 18635, 0, 555, 3789, 3789, 3, 1, -263.687, -31.7085, 8.17044, 3.33358, 86400, 0, 0, 43400),
(@CGUID+68 , 18635, 0, 555, 3789, 3789, 3, 1, -58.1065, -26.6713, -1.04482, 2.96706, 86400, 0, 0, 43400),
(@CGUID+69 , 18635, 0, 555, 3789, 3789, 3, 1, -60.8069, -24.741, -1.04481, 5.44543, 86400, 0, 0, 43400),
(@CGUID+70 , 18635, 0, 555, 3789, 3789, 3, 1, -73.5278, -1.96912, -1.04486, 1.22173, 86400, 0, 0, 43400),
(@CGUID+71 , 18635, 0, 555, 3789, 3789, 3, 1, -73.8878, 1.75605, -1.04487, 5.23599, 86400, 0, 0, 43400),
(@CGUID+72 , 18635, 0, 555, 3789, 3789, 3, 1, -267.801, 3.11204, 8.15628, 3.76991, 86400, 0, 0, 43400),
(@CGUID+73 , 18635, 0, 555, 3789, 3789, 3, 1, -85.9936, 11.2334, -1.04485, 3.56047, 86400, 0, 0, 43400),
(@CGUID+74 , 18635, 0, 555, 3789, 3789, 3, 1, -52.02843, 7.989649, -1.1363385, 1.50098, 86400, 0, 0, 43400),
(@CGUID+75 , 18635, 0, 555, 3789, 3789, 3, 1, -90.26672, -63.179604, -1.0717194, 0.3125, 86400, 0, 0, 43400),
(@CGUID+76 , 18636, 0, 555, 3789, 3789, 3, 1, -272.295, -140.066, 8.15626, 0.855211, 86400, 0, 2, 0), -- From TBCMangos
(@CGUID+77 , 18636, 0, 555, 3789, 3789, 3, 1, -281.339, 55.2473, 8.07299, 0.01178, 86400, 0, 2, 0), -- From TBCMangos
(@CGUID+78 , 18637, 0, 555, 3789, 3789, 3, 1, -264.152, -79.2966, 8.15624, 2.87979, 86400, 0, 0, 43400),
(@CGUID+79 , 18637, 0, 555, 3789, 3789, 3, 1, -247.273, -49.6712, 8.15618, 3.03687, 86400, 0, 0, 43400),
(@CGUID+80 , 18637, 0, 555, 3789, 3789, 3, 1, -263.226, -45.5273, 8.15618, 3.12414, 86400, 0, 0, 43400),
(@CGUID+81 , 18637, 0, 555, 3789, 3789, 3, 1, -255.435, -31.2176, 8.17054, 3.28122, 86400, 0, 0, 43400),
(@CGUID+82 , 18637, 0, 555, 3789, 3789, 3, 1, -275.427, -0.559913, 8.15628, 3.56047, 86400, 0, 0, 43400),
(@CGUID+83 , 18638, 0, 555, 3789, 3789, 3, 1, -354.866, -263.555, 12.6867, 6.28229, 86400, 0, 0, 43400),
(@CGUID+84 , 18638, 0, 555, 3789, 3789, 3, 1, -323.313, -259.676, 12.6846, 6.26573, 86400, 0, 0, 43400),
(@CGUID+85 , 18638, 0, 555, 3789, 3789, 3, 1, -270.18, -258.579, 12.7637, 5.98751, 86400, 0, 0, 43400),
(@CGUID+86 , 18638, 0, 555, 3789, 3789, 3, 1, -244.78, -251.833, 17.0863, 2.9348, 86400, 0, 0, 43400),
(@CGUID+87 , 18638, 0, 555, 3789, 3789, 3, 1, -243.374, -246.201, 17.0863, 2.8752, 86400, 0, 0, 43400),
(@CGUID+88 , 18640, 0, 555, 3789, 3789, 3, 1, -35.078, -81.0337, -1.04491, 5.18363, 86400, 0, 0, 43400),
(@CGUID+89 , 18640, 0, 555, 3789, 3789, 3, 1, -51.2688, -78.5158, -1.0449, 2.49582, 86400, 0, 0, 43400),
(@CGUID+90 , 18640, 0, 555, 3789, 3789, 3, 1, -74.4987, -77.2237, -1.04497, 1.55334, 86400, 0, 0, 43400),
(@CGUID+91 , 18640, 0, 555, 3789, 3789, 3, 1, -282.122, -76.7587, 8.15625, 2.72271, 86400, 0, 0, 43400),
(@CGUID+92 , 18640, 0, 555, 3789, 3789, 3, 1, -259.324, 5.18744, 8.15627, 3.64774, 86400, 0, 0, 43400),
(@CGUID+93 , 18641, 0, 555, 3789, 3789, 3, 0, -56.4429, -80.5976, -1.12824, 0.436332, 86400, 0, 0, 43400),
(@CGUID+94 , 18641, 0, 555, 3789, 3789, 3, 0, -33.5015, -80.5275, -1.0449, 4.92183, 86400, 0, 0, 43400),
(@CGUID+95 , 18641, 0, 555, 3789, 3789, 3, 0, -56.4157, -77.1166, -1.12728, 6.10865, 86400, 0, 0, 43400),
(@CGUID+96 , 18641, 0, 555, 3789, 3789, 3, 0, -54.4324, -73.9512, -1.12792, 5.41052, 86400, 0, 0, 43400),
(@CGUID+97 , 18641, 0, 555, 3789, 3789, 3, 0, -50.8184, -73.4166, -1.1289, 0.950379, 86400, 0, 0, 43400),
(@CGUID+98 , 18641, 0, 555, 3789, 3789, 3, 0, -73.1844, -72.6355, -1.1283, 2.28426, 86400, 0, 0, 43400),
(@CGUID+99 , 18641, 0, 555, 3789, 3789, 3, 0, -52.038, -71.5567, -1.12865, 0.881865, 86400, 0, 0, 43400),
(@CGUID+100, 18642, 0, 555, 3789, 3789, 3, 0, -66.6398, -80.1965, -1.12826, 5.30191, 86400, 0, 0, 43400),
(@CGUID+101, 18642, 18663, 555, 3789, 3789, 3, 0, -281.167, -74.066, 8.15624, 3.12414, 86400, 0, 0, 43400),
(@CGUID+102, 18642, 18663, 555, 3789, 3789, 3, 0, -257.898, 2.7362, 8.15626, 3.85718, 86400, 0, 0, 43400),
(@CGUID+103, 18667, 0, 555, 3789, 3789, 3, 1, -328.209, -39.05536, 12.688841, 0.01745329238474369, 86400, 0, 0, 43400),
(@CGUID+104, 18708, 0, 555, 3789, 3789, 3, 0, -157.895, -497.322, 15.8651, 1.5625, 86400, 0, 0, 43400),
(@CGUID+105, 18731, 0, 555, 3789, 3789, 3, 1, -156.675, 4.98273, 8.15639, 4.67748, 86400, 0, 0, 43400),
(@CGUID+106, 18732, 0, 555, 3789, 3789, 3, 1, -253.548, -263.646, 17.1697, 3.05433, 86400, 0, 0, 43400),
(@CGUID+107, 18793, 0, 555, 3789, 3789, 3, 0, -138.636, -77.7277, 23.3095, 4.95674, 86400, 0, 0, 43400),
(@CGUID+108, 18793, 0, 555, 3789, 3789, 3, 0, -174.345, -77.7016, 23.1109, 4.67748, 86400, 0, 0, 43400),
(@CGUID+109, 18793, 0, 555, 3789, 3789, 3, 0, -157.117, -58.3139, 23.1893, 4.72984, 86400, 0, 0, 43400),
(@CGUID+110, 18793, 0, 555, 3789, 3789, 3, 0, -157.114, -19.444, 23.257, 4.69494, 86400, 0, 0, 43400),
(@CGUID+111, 18793, 0, 555, 3789, 3789, 3, 0, -138.668, 0.209988, 23.3051, 4.66003, 86400, 0, 0, 43400),
(@CGUID+112, 18793, 0, 555, 3789, 3789, 3, 0, -174.58, 0.500917, 23.2178, 4.72984, 86400, 0, 0, 43400),
(@CGUID+113, 18794, 0, 555, 3789, 3789, 3, 0, -138.855, -84.1044, 8.15643, 1.23918, 86400, 0, 0, 43400),
(@CGUID+114, 18794, 0, 555, 3789, 3789, 3, 0, -174.658, -84.0042, 8.15651, 1.32645, 86400, 0, 0, 43400),
(@CGUID+115, 18794, 0, 555, 3789, 3789, 3, 0, -144.796, -77.8984, 8.15642, 6.21337, 86400, 0, 0, 43400),
(@CGUID+116, 18794, 0, 555, 3789, 3789, 3, 0, -180.512, -77.8015, 8.1565, 5.98648, 86400, 0, 0, 43400),
(@CGUID+117, 18794, 0, 555, 3789, 3789, 3, 0, -168.166, -77.7684, 8.1565, 3.1765, 86400, 0, 0, 43400),
(@CGUID+118, 18794, 0, 555, 3789, 3789, 3, 0, -132.429, -77.7669, 8.15642, 3.31613, 86400, 0, 0, 43400),
(@CGUID+119, 18794, 0, 555, 3789, 3789, 3, 0, -157.189, -64.3545, 8.15654, 1.69297, 86400, 0, 0, 43400),
(@CGUID+120, 18794, 0, 555, 3789, 3789, 3, 0, -150.845, -58.4388, 8.15646, 3.50811, 86400, 0, 0, 43400),
(@CGUID+121, 18794, 0, 555, 3789, 3789, 3, 0, -163.498, -58.2544, 8.15651, 5.84685, 86400, 0, 0, 43400),
(@CGUID+122, 18794, 0, 555, 3789, 3789, 3, 0, -157.366, -25.4668, 8.15644, 1.58825, 86400, 0, 0, 43400),
(@CGUID+123, 18794, 0, 555, 3789, 3789, 3, 0, -151.073, -19.4873, 8.15641, 3.45575, 86400, 0, 0, 43400),
(@CGUID+124, 18794, 0, 555, 3789, 3789, 3, 0, -163.544, -19.4803, 8.15646, 5.95157, 86400, 0, 0, 43400),
(@CGUID+125, 18794, 0, 555, 3789, 3789, 3, 0, -138.492, -6.20039, 8.15637, 1.62316, 86400, 0, 0, 43400),
(@CGUID+126, 18794, 0, 555, 3789, 3789, 3, 0, -174.66, -5.67847, 8.15645, 1.46608, 86400, 0, 0, 43400),
(@CGUID+127, 18794, 0, 555, 3789, 3789, 3, 0, -144.893, 0.221401, 8.15631, 5.95157, 86400, 0, 0, 43400),
(@CGUID+128, 18794, 0, 555, 3789, 3789, 3, 0, -132.241, 0.306026, 8.15631, 3.45575, 86400, 0, 0, 43400),
(@CGUID+129, 18794, 0, 555, 3789, 3789, 3, 0, -180.765, 0.361324, 8.1564, 6.02139, 86400, 0, 0, 43400),
(@CGUID+130, 18794, 0, 555, 3789, 3789, 3, 0, -168.385, 0.363827, 8.1564, 3.4383, 86400, 0, 0, 43400),
(@CGUID+131, 18796, 0, 555, 3789, 3789, 3, 1, -168.164, -63.8579, 8.0732, 4.79492, 86400, 0, 0, 43400),
(@CGUID+132, 18796, 0, 555, 3789, 3789, 3, 1, -200.848, -39.8269, 8.07271, 6.24928, 86400, 0, 0, 43400),
(@CGUID+133, 18796, 0, 555, 3789, 3789, 3, 1, -133.578, -31.247, 8.07301, 1.54042, 86400, 0, 0, 43400),
(@CGUID+134, 18797, 0, 555, 3789, 3789, 3, 0, -293.067, -306.897, 26.5101, 2.07694, 86400, 0, 0, 43400),
(@CGUID+135, 18797, 0, 555, 3789, 3789, 3, 0, -333.08, -302.604, 25.1384, 2.93215, 86400, 0, 0, 43400),
(@CGUID+136, 18797, 0, 555, 3789, 3789, 3, 0, -293.765, -293.885, 22.7875, 4.95544, 86400, 0, 0, 43400),
(@CGUID+137, 18797, 0, 555, 3789, 3789, 3, 0, -285.035, -292.467, 20.1862, 0.0785682, 86400, 0, 0, 43400),
(@CGUID+138, 18797, 0, 555, 3789, 3789, 3, 0, -330.796, -291.673, 22.192, 2.42061, 86400, 0, 0, 43400),
(@CGUID+139, 18797, 0, 555, 3789, 3789, 3, 0, -336.168, -290.767, 21.374, 4.16952, 86400, 0, 0, 43400),
(@CGUID+140, 18797, 0, 555, 3789, 3789, 3, 0, -288.898, -286.904, 19.2134, 5.66419, 86400, 0, 0, 43400),
(@CGUID+141, 18797, 0, 555, 3789, 3789, 3, 0, -324.082, -286.798, 17.7979, 5.3481, 86400, 0, 0, 43400),
(@CGUID+142, 18797, 0, 555, 3789, 3789, 3, 0, -337.139, -286.48, 18.9135, 1.06092, 86400, 0, 0, 43400),
(@CGUID+143, 18797, 0, 555, 3789, 3789, 3, 0, -329.123, -286.049, 19.5392, 3.04423, 86400, 0, 0, 43400),
(@CGUID+144, 18797, 0, 555, 3789, 3789, 3, 0, -287.628, -284.347, 17.5233, 0.282892, 86400, 0, 0, 43400),
(@CGUID+145, 18797, 0, 555, 3789, 3789, 3, 0, -296.093, -283.819, 18.1451, 0.0941466, 86400, 0, 0, 43400),
(@CGUID+146, 18797, 0, 555, 3789, 3789, 3, 0, -343.107, -283.159, 15.8392, 4.46923, 86400, 0, 0, 43400),
(@CGUID+147, 18797, 0, 555, 3789, 3789, 3, 0, -283.542, -282.687, 16.3309, 1.6615, 86400, 0, 0, 43400),
(@CGUID+148, 18797, 0, 555, 3789, 3789, 3, 0, -332.557, -282.407, 18.2566, 3.37721, 86400, 0, 0, 43400),
(@CGUID+149, 18797, 0, 555, 3789, 3789, 3, 0, -293.179, -281.684, 17.7107, 4.44481, 86400, 0, 0, 43400),
(@CGUID+150, 18797, 0, 555, 3789, 3789, 3, 0, -328.093, -280.269, 17.383, 3.02556, 86400, 0, 0, 43400),
(@CGUID+151, 18797, 0, 555, 3789, 3789, 3, 0, -337.227, -280.238, 16.2055, 3.05433, 86400, 0, 0, 43400),
(@CGUID+152, 18797, 0, 555, 3789, 3789, 3, 0, -298.278, -279.537, 15.9593, 3.16738, 86400, 0, 0, 43400),
(@CGUID+153, 18797, 0, 555, 3789, 3789, 3, 0, -289.856, -277.363, 15.1584, 1.88732, 86400, 0, 0, 43400),
(@CGUID+154, 18797, 0, 555, 3789, 3789, 3, 0, -330.864, -277.078, 15.4129, 4.72018, 86400, 0, 0, 43400),
(@CGUID+155, 18797, 0, 555, 3789, 3789, 3, 0, -296.142, -275.754, 14.3461, 3.35616, 86400, 0, 0, 43400),
(@CGUID+156, 18797, 0, 555, 3789, 3789, 3, 0, -152.689, -259.323, 17.1687, 3.68264, 86400, 0, 0, 43400),
(@CGUID+157, 18797, 0, 555, 3789, 3789, 3, 0, -398.156, -258.149, 12.7698, 5.044, 86400, 0, 0, 43400),
(@CGUID+158, 18797, 0, 555, 3789, 3789, 3, 0, -335.743, -255.684, 14.206, 0.418879, 86400, 0, 0, 43400),
(@CGUID+159, 18797, 0, 555, 3789, 3789, 3, 0, -339.561, -253.168, 13.9617, 2.93215, 86400, 0, 0, 43400),
(@CGUID+160, 18797, 0, 555, 3789, 3789, 3, 0, -331.946, -253.008, 14.1899, 5.044, 86400, 0, 0, 43400),
(@CGUID+161, 18797, 0, 555, 3789, 3789, 3, 0, -336.076, -252.876, 14.9174, 5.65487, 86400, 0, 0, 43400),
(@CGUID+162, 18797, 0, 555, 3789, 3789, 3, 0, -296.006, -252.06, 14.6757, 4.53786, 86400, 0, 0, 43400),
(@CGUID+163, 18797, 0, 555, 3789, 3789, 3, 0, -292.233, -251.574, 15.2177, 3.40339, 86400, 0, 0, 43400),
(@CGUID+164, 18797, 0, 555, 3789, 3789, 3, 0, -287.78, -251.373, 14.8226, 4.32842, 86400, 0, 0, 43400),
(@CGUID+165, 18797, 0, 555, 3789, 3789, 3, 0, -336.87, -249.471, 15.3919, 2.93215, 86400, 0, 0, 43400),
(@CGUID+166, 18797, 0, 555, 3789, 3789, 3, 0, -340.216, -249.403, 14.9254, 3.78736, 86400, 0, 0, 43400),
(@CGUID+167, 18797, 0, 555, 3789, 3789, 3, 0, -298.646, -249.089, 14.4923, 4.76475, 86400, 0, 0, 43400),
(@CGUID+168, 18797, 0, 555, 3789, 3789, 3, 0, -332.884, -248.89, 15.0065, 0.610865, 86400, 0, 0, 43400),
(@CGUID+169, 18797, 0, 555, 3789, 3789, 3, 0, -294.633, -248.559, 15.4587, 3.78736, 86400, 0, 0, 43400),
(@CGUID+170, 18797, 0, 555, 3789, 3789, 3, 0, -292.796, -248.356, 15.6591, 5.75959, 86400, 0, 0, 43400),
(@CGUID+171, 18797, 0, 555, 3789, 3789, 3, 0, -290.878, -248.308, 15.654, 0.628319, 86400, 0, 0, 43400),
(@CGUID+172, 18797, 0, 555, 3789, 3789, 3, 0, -337.321, -245.791, 15.4584, 2.30383, 86400, 0, 0, 43400),
(@CGUID+173, 18797, 0, 555, 3789, 3789, 3, 0, -292.254, -245.745, 15.1109, 6.19592, 86400, 0, 0, 43400),
(@CGUID+174, 18797, 0, 555, 3789, 3789, 3, 0, -288.132, -244.975, 14.7659, 4.17134, 86400, 0, 0, 43400),
(@CGUID+175, 18797, 0, 555, 3789, 3789, 3, 0, -295.79, -244.836, 14.3562, 4.29351, 86400, 0, 0, 43400),
(@CGUID+176, 18797, 0, 555, 3789, 3789, 3, 0, -332.873, -244.793, 14.6794, 0.942478, 86400, 0, 0, 43400),
(@CGUID+177, 18797, 0, 555, 3789, 3789, 3, 0, -340.798, -244.049, 14.5531, 4.18879, 86400, 0, 0, 43400),
(@CGUID+178, 18797, 0, 555, 3789, 3789, 3, 0, -322.287, -241.187, 12.7673, 3.05433, 86400, 0, 0, 43400),
(@CGUID+179, 18797, 0, 555, 3789, 3789, 3, 0, -253.396, -225.411, 39.519, 4.50295, 86400, 0, 0, 43400),
(@CGUID+180, 18797, 0, 555, 3789, 3789, 3, 0, -414.574, -193.634, 15.6867, 0.942478, 86400, 0, 0, 43400),
(@CGUID+181, 18797, 0, 555, 3789, 3789, 3, 0, -416.648, -191.413, 15.1476, 4.18879, 86400, 0, 0, 43400),
(@CGUID+182, 18797, 0, 555, 3789, 3789, 3, 0, -419.685, -191.306, 14.4025, 2.93215, 86400, 0, 0, 43400),
(@CGUID+183, 18797, 0, 555, 3789, 3789, 3, 0, -416.889, -188.772, 14.3453, 2.18166, 86400, 0, 0, 43400),
(@CGUID+184, 18797, 0, 555, 3789, 3789, 3, 0, -415.485, -172.984, 12.7231, 2.30383, 86400, 0, 0, 43400),
(@CGUID+185, 18797, 0, 555, 3789, 3789, 3, 0, -440.505, -118.363, 15.1648, 2.30383, 86400, 0, 0, 43400),
(@CGUID+186, 18797, 0, 555, 3789, 3789, 3, 0, -435.646, -117.873, 14.8202, 5.65487, 86400, 0, 0, 43400),
(@CGUID+187, 18797, 0, 555, 3789, 3789, 3, 0, -439.077, -115.024, 15.7946, 3.78736, 86400, 0, 0, 43400),
(@CGUID+188, 18797, 0, 555, 3789, 3789, 3, 0, -436.639, -112.497, 15.1047, 2.93215, 86400, 0, 0, 43400),
(@CGUID+189, 18797, 0, 555, 3789, 3789, 3, 0, -437.793, -80.178, 12.7722, 2.93215, 86400, 0, 0, 43400),
(@CGUID+190, 18830, 0, 555, 3789, 3789, 3, 1, -354.818, -269.555, 12.6863, 0.058285, 86400, 0, 0, 43400),
(@CGUID+191, 18830, 0, 555, 3789, 3789, 3, 1, -270.873, -268.766, 12.7638, 0.287388, 86400, 0, 0, 43400),
(@CGUID+192, 18830, 0, 555, 3789, 3789, 3, 1, -323.905, -267.732, 12.6847, 0.0523599, 86400, 0, 0, 43400),
(@CGUID+193, 18830, 0, 555, 3789, 3789, 3, 1, -354.85, -265.555, 12.6866, 0.018846, 86400, 0, 0, 43400),
(@CGUID+194, 18830, 0, 555, 3789, 3789, 3, 1, -323.311, -261.913, 12.6846, 0, 86400, 0, 0, 43400),
(@CGUID+195, 18830, 0, 555, 3789, 3789, 3, 1, -271.337, -261.466, 12.7637, 6.16129, 86400, 0, 0, 43400),
(@CGUID+196, 18830, 0, 555, 3789, 3789, 3, 1, -244.576, -249.954, 17.0863, 2.89414, 86400, 0, 0, 43400),
(@CGUID+197, 18830, 0, 555, 3789, 3789, 3, 1, -243.735, -247.961, 17.0863, 2.93602, 86400, 0, 0, 43400),
(@CGUID+198, 18848, 0, 555, 3789, 3789, 3, 1, -429.22, -152.266, 12.7808, 0.958934, 86400, 0, 0, 43400),
(@CGUID+199, 18848, 0, 555, 3789, 3789, 3, 1, -271.841, -84.8487, 8.07296, 2.7229, 86400, 0, 0, 43400),
(@CGUID+200, 18848, 0, 555, 3789, 3789, 3, 1, -248.789, -21.4428, 8.0821, 2.99661, 86400, 0, 0, 43400),
(@CGUID+201, 18848, 0, 555, 3789, 3789, 3, 1, -268.046, 9.29525, 8.07295, 4.75967, 86400, 0, 0, 43400),
(@CGUID+202, 18891, 0, 555, 3789, 3789, 3, 0, -61.349, 40.7063, 0.679355, 2.3911, 86400, 0, 0, 43400),
(@CGUID+203, 21159, 0, 555, 3789, 3789, 3, 0, -157.247, -19.3744, 19.939, 5.23599, 86400, 0, 0, 43400),
(@CGUID+204, 21159, 0, 555, 3789, 3789, 3, 0, -138.52, 0.111671, 20.1447, 1.85005, 86400, 0, 0, 43400),
(@CGUID+205, 21159, 0, 555, 3789, 3789, 3, 0, -174.652, 0.44945, 19.8231, 5.72468, 86400, 0, 0, 43400),
-- Murmur Arena Creatures
(@CGUID+206, 18639, 0, 555, 3789, 3789, 3, 1, -160.955673217773437, -461.8580322265625, 17.16060256958007812, 4.904375076293945312, 86400, 0, 0, 48676), -- (Auras: 8734 - 8734)
(@CGUID+207, 18639, 0, 555, 3789, 3789, 3, 1, -156.283523559570312, -461.87066650390625, 17.16060066223144531, 4.694935798645019531, 86400, 0, 0, 48676), -- (Auras: 8734 - 8734)
(@CGUID+208, 18639, 0, 555, 3789, 3789, 3, 1, -151.681686401367187, -461.163482666015625, 17.16060638427734375, 4.572762489318847656, 86400, 0, 0, 48676), -- (Auras: 8734 - 8734)
(@CGUID+209, 18634, 0, 555, 3789, 3789, 3, 1, -156.497589111328125, -328.007171630859375, 17.16963386535644531, 1.5, 86400, 0, 0, 48676), -- Original Orientation: 3.141592741012573242
(@CGUID+210, 18634, 0, 555, 3789, 3789, 3, 1, -175.893997192382812, -349.783355712890625, 17.1660308837890625, 5.685440540313720703, 86400, 0, 0, 48676),
(@CGUID+211, 18632, 0, 555, 3789, 3789, 3, 1, -135.7705078125, -329.128021240234375, 17.16867828369140625, 3.50811171531677246, 86400, 0, 0, 48676),
(@CGUID+212, 18632, 0, 555, 3789, 3789, 3, 1, -172.172943115234375, -325.753936767578125, 17.16967201232910156, 5.532693862915039062, 86400, 0, 0, 48676),
(@CGUID+213, 18632, 0, 555, 3789, 3789, 3, 1, -174.081527709960937, -354.552825927734375, 17.16669845581054687, 5.358160972595214843, 86400, 0, 0, 48676),
(@CGUID+214, 18639, 0, 555, 3789, 3789, 3, 1, -139.9117431640625, -353.916900634765625, 17.16652679443359375, 5.759586334228515625, 86400, 0, 0, 48676),
(@CGUID+215, 18634, 0, 555, 3789, 3789, 3, 1, -135.200546264648437, -360.2711181640625, 17.16521072387695312, 3.490658521652221679, 86400, 0, 0, 48676),
(@CGUID+216, 18632, 0, 555, 3789, 3789, 3, 1, -168.532150268554687, -352.301910400390625, 17.16619682312011718, 4.834561824798583984, 86400, 0, 0, 48676),
(@CGUID+217, 18632, 0, 555, 3789, 3789, 3, 1, -171.641586303710937, -370.79119873046875, 17.16510772705078125, 0.523598790168762207, 86400, 0, 0, 48676),
(@CGUID+218, 18639, 0, 555, 3789, 3789, 3, 1, -140.419784545898437, -369.9564208984375, 17.16479682922363281, 3.03687286376953125, 86400, 0, 0, 48676),
(@CGUID+219, 18634, 0, 555, 3789, 3789, 3, 1, -141.612335205078125, -363.21197509765625, 17.16603279113769531, 4.258603572845458984, 86400, 0, 0, 48676),
(@CGUID+220, 18632, 0, 555, 3789, 3789, 3, 1, -173.133270263671875, -366.9696044921875, 17.16604804992675781, 5.916666030883789062, 86400, 0, 0, 48676),
(@CGUID+221, 18632, 0, 555, 3789, 3789, 3, 1, -142.203445434570312, -390.028717041015625, 17.1639251708984375, 4.485496044158935546, 86400, 0, 0, 48676),
(@CGUID+222, 18639, 0, 555, 3789, 3789, 3, 1, -143.329788208007812, -397.34295654296875, 17.1634368896484375, 2.373647689819335937, 86400, 0, 0, 48676),
(@CGUID+223, 18634, 0, 555, 3789, 3789, 3, 1, -171.82623291015625, -401.410064697265625, 17.16320991516113281, 0.890117883682250976, 86400, 0, 0, 48676),
(@CGUID+224, 18632, 0, 555, 3789, 3789, 3, 1, -140.540451049804687, -410.51971435546875, 17.16229248046875, 1.448623299598693847, 86400, 0, 0, 48676),
-- Respawning creatures, each spawn point has a different respawn timer. Respawn linked with previous groups.
(@CGUID+225, 18639, 0, 555, 3789, 3789, 3, 1, -136.03688, -343.4104, 17.164772, 2.888839960098266601, 5, 0, 0, 48676),
(@CGUID+226, 18634, 0, 555, 3789, 3789, 3, 1, -179.281173706054687, -350.270538330078125, 17.16650772094726562, 5.98647928237915039, 5, 0, 0, 48676),
(@CGUID+227, 18639, 0, 555, 3789, 3789, 3, 1, -134.274429321289062, -388.79547119140625, 17.16566085815429687, 3.141592741012573242, 5, 0, 0, 48676),
(@CGUID+228, 18634, 0, 555, 3789, 3789, 3, 1, -176.776290893554687, -434.265228271484375, 17.1622161865234375, 0.279252678155899047, 5, 0, 0, 48676),
(@CGUID+229, 18639, 0, 555, 3789, 3789, 3, 1, -130.55069, -443.69604, 17.16404, 3.152208805084228515, 5, 0, 0, 48676),
-- Heroic Ritualists (There are 6 more)
(@CGUID+230, 18794, 0, 555, 3789, 3789, 2, 0, -138.421, -71.2033, 8.14966, 4.67748, 86400, 0, 0, 48865),
(@CGUID+231, 18794, 0, 555, 3789, 3789, 2, 0, -174.357, -71.2687, 8.14927, 4.50295, 86400, 0, 0, 48865),
(@CGUID+232, 18794, 0, 555, 3789, 3789, 2, 0, -174.381, 6.71845, 8.15637, 4.66003, 86400, 0, 0, 48865),
(@CGUID+233, 18794, 0, 555, 3789, 3789, 2, 0, -157.279, -51.8638, 8.15644, 4.66003, 86400, 0, 0, 48865),
(@CGUID+234, 18794, 0, 555, 3789, 3789, 2, 0, -157.182, -12.9532, 8.15644, 4.69494, 86400, 0, 0, 48865),
(@CGUID+235, 18794, 0, 555, 3789, 3789, 2, 0, -138.471, 6.40831, 8.15631, 4.67748, 86400, 0, 0, 48865);

-- Cabal Summoner and Cabal Spellbinder do not have any loot or gold
UPDATE `creature_template` SET `lootid` = 0, `pickpocketloot` = 0, `mingold` = 0, `maxgold` = 0, `flags_extra`=`flags_extra`|64 WHERE (`entry` IN (18634, 18639, 20647, 20648));
DELETE FROM `creature_loot_template` WHERE (`Entry` IN (18634, 18639));

DELETE FROM `pickpocketing_loot_template` WHERE (`Entry` IN (18634, 18639));

-- Addon
DELETE FROM `creature_addon` WHERE (`guid` IN (@CGUID+76,@CGUID+77,@CGUID+75,@CGUID+70,@CGUID+71,@CGUID+52,@CGUID+68,@CGUID+69,@CGUID+47,@CGUID+46,@CGUID+64,@CGUID+65,@CGUID+43,@CGUID+45,@CGUID+39,@CGUID+60,@CGUID+53,@CGUID+35,@CGUID+57,@CGUID+29,@CGUID+55,@CGUID+56,@CGUID+54,@CGUID+28,@CGUID+135,@CGUID+206,@CGUID+207,@CGUID+208,@CGUID+209));
INSERT INTO `creature_addon` (`guid`, `path_id`, `mount`, `bytes1`, `bytes2`, `emote`, `visibilityDistanceType`, `auras`) VALUES
(@CGUID+76, (@CGUID+76)*10, 0, 0, 1, 0, 0, '30982 30991 30998'),
(@CGUID+77, (@CGUID+77)*10, 0, 0, 1, 0, 0, '30982 30991 30998'),
(@CGUID+70, 0, 0, 1, 1, 0, 0, ''),
(@CGUID+71, 0, 0, 8, 1, 0, 0, ''),
(@CGUID+52, 0, 0, 8, 1, 0, 0, ''),
(@CGUID+68, 0, 0, 0, 1, 69, 0, ''),
(@CGUID+69, 0, 0, 0, 1, 69, 0, ''),
(@CGUID+47, 0, 0, 8, 1, 0, 0, ''),
(@CGUID+46, 0, 0, 1, 1, 0, 0, ''),
(@CGUID+64, 0, 0, 0, 1, 69, 0, ''),
(@CGUID+65, 0, 0, 0, 1, 69, 0, ''),
(@CGUID+43, 0, 0, 0, 1, 69, 0, ''),
(@CGUID+45, 0, 0, 0, 1, 69, 0, ''),
(@CGUID+39, 0, 0, 1, 1, 0, 0, ''),
(@CGUID+60, 0, 0, 8, 1, 0, 0, ''),
(@CGUID+53, 0, 0, 8, 1, 0, 0, ''),
(@CGUID+35, 0, 0, 0, 1, 69, 0, ''),
(@CGUID+57, 0, 0, 8, 1, 0, 0, ''),
(@CGUID+29, 0, 0, 1, 1, 0, 0, ''),
(@CGUID+55, 0, 0, 1, 1, 0, 0, ''),
(@CGUID+56, 0, 0, 8, 1, 0, 0, ''),
(@CGUID+54, 0, 0, 0, 1, 69, 0, ''),
(@CGUID+28, 0, 0, 0, 1, 69, 0, ''),
(@CGUID+135, 0, 0, 1, 1, 0, 0, ''),
(@CGUID+206, 0, 0, 0, 1, 0, 0, '8734'),
(@CGUID+207, 0, 0, 0, 1, 0, 0, '8734'),
(@CGUID+208, 0, 0, 0, 1, 0, 0, '8734');

-- Oops
UPDATE `creature_template` SET `AIName` = 'SmartAI' WHERE `entry` = 18793;
UPDATE `smart_scripts` SET `event_param3`=2000, `event_param4`=2000 WHERE (`entryorguid` = 18793) AND (`source_type` = 0) AND (`id` IN (0, 1));

-- One more condition
DELETE FROM `conditions` WHERE (`SourceTypeOrReferenceId` = 13) AND (`SourceGroup` = 1) AND (`SourceEntry` = 36220) AND (`SourceId` = 0) AND (`ElseGroup` = 0) AND (`ConditionTypeOrReference` = 1) AND (`ConditionTarget` = 0) AND (`ConditionValue1` = 30231) AND (`ConditionValue2` = 0) AND (`ConditionValue3` = 0);
INSERT INTO `conditions` (`SourceTypeOrReferenceId`, `SourceGroup`, `SourceEntry`, `SourceId`, `ElseGroup`, `ConditionTypeOrReference`, `ConditionTarget`, `ConditionValue1`, `ConditionValue2`, `ConditionValue3`, `NegativeCondition`, `ErrorType`, `ErrorTextId`, `ScriptName`, `Comment`) VALUES
(13, 1, 36220, 0, 0, 1, 0, 30231, 0, 0, 0, 0, 0, '', 'Spell Containment Beam (36220) target needs aura Banish (30231)');

-- Remove global Not-selectable flag from Tortured Skeletons
UPDATE `creature_template` SET `unit_flags`=`unit_flags`&~33554432 WHERE (`entry` = 18797);

-- Dancing Tortured Skeleton (yes, as ridiculous as this looks, this timer is sniffed...)
DELETE FROM `smart_scripts` WHERE (`source_type` = 0 AND `entryorguid` = -(@CGUID+179));
INSERT INTO `smart_scripts` (`entryorguid`, `source_type`, `id`, `link`, `event_type`, `event_phase_mask`, `event_chance`, `event_flags`, `event_param1`, `event_param2`, `event_param3`, `event_param4`, `event_param5`, `action_type`, `action_param1`, `action_param2`, `action_param3`, `action_param4`, `action_param5`, `action_param6`, `target_type`, `target_param1`, `target_param2`, `target_param3`, `target_param4`, `target_x`, `target_y`, `target_z`, `target_o`, `comment`) VALUES
(-(@CGUID+179), 0, 0, 0, 25, 0, 100, 512, 0, 0, 0, 0, 0, 18, 33587200, 0, 0, 0, 0, 0, 1, 0, 0, 0, 0, 0, 0, 0, 0, 'Tortured Skeleton - On Reset - Set Flags Not Selectable'),
(-(@CGUID+179), 0, 1, 0, 60, 0, 100, 0, 1200, 1200, 1200, 1200, 0, 5, 94, 0, 0, 0, 0, 0, 1, 0, 0, 0, 0, 0, 0, 0, 0, 'Tortured Skeleton - On Update - Play Emote 94 (OneShotDance)');

-- Tortured Skeletons - This is required due to unit_flags application on the ones that look dead
DELETE FROM `smart_scripts` WHERE (`source_type` = 0 AND `entryorguid` IN (-(@CGUID+154),-(@CGUID+151),-(@CGUID+146),-(@CGUID+142),-(@CGUID+148),-(@CGUID+150),-(@CGUID+141),-(@CGUID+143),-(@CGUID+138),-(@CGUID+139),-(@CGUID+155),-(@CGUID+152),-(@CGUID+153),-(@CGUID+149),-(@CGUID+145),-(@CGUID+136),-(@CGUID+137),-(@CGUID+144),-(@CGUID+147),-(@CGUID+140)));
INSERT INTO `smart_scripts` (`entryorguid`, `source_type`, `id`, `link`, `event_type`, `event_phase_mask`, `event_chance`, `event_flags`, `event_param1`, `event_param2`, `event_param3`, `event_param4`, `event_param5`, `action_type`, `action_param1`, `action_param2`, `action_param3`, `action_param4`, `action_param5`, `action_param6`, `target_type`, `target_param1`, `target_param2`, `target_param3`, `target_param4`, `target_x`, `target_y`, `target_z`, `target_o`, `comment`) VALUES
(-(@CGUID+154), 0, 1, 0, 25, 0, 100, 0, 0, 0, 0, 0, 0, 89, 2, 0, 0, 0, 0, 0, 1, 0, 0, 0, 0, 0, 0, 0, 0, 'Tortured Skeleton - On Reset - Start Random Movement'),
(-(@CGUID+151), 0, 1, 0, 25, 0, 100, 0, 0, 0, 0, 0, 0, 89, 2, 0, 0, 0, 0, 0, 1, 0, 0, 0, 0, 0, 0, 0, 0, 'Tortured Skeleton - On Reset - Start Random Movement'),
(-(@CGUID+146), 0, 1, 0, 25, 0, 100, 0, 0, 0, 0, 0, 0, 89, 2, 0, 0, 0, 0, 0, 1, 0, 0, 0, 0, 0, 0, 0, 0, 'Tortured Skeleton - On Reset - Start Random Movement'),
(-(@CGUID+142), 0, 1, 0, 25, 0, 100, 0, 0, 0, 0, 0, 0, 89, 2, 0, 0, 0, 0, 0, 1, 0, 0, 0, 0, 0, 0, 0, 0, 'Tortured Skeleton - On Reset - Start Random Movement'),
(-(@CGUID+148), 0, 1, 0, 25, 0, 100, 0, 0, 0, 0, 0, 0, 89, 2, 0, 0, 0, 0, 0, 1, 0, 0, 0, 0, 0, 0, 0, 0, 'Tortured Skeleton - On Reset - Start Random Movement'),
(-(@CGUID+150), 0, 1, 0, 25, 0, 100, 0, 0, 0, 0, 0, 0, 89, 2, 0, 0, 0, 0, 0, 1, 0, 0, 0, 0, 0, 0, 0, 0, 'Tortured Skeleton - On Reset - Start Random Movement'),
(-(@CGUID+141), 0, 1, 0, 25, 0, 100, 0, 0, 0, 0, 0, 0, 89, 2, 0, 0, 0, 0, 0, 1, 0, 0, 0, 0, 0, 0, 0, 0, 'Tortured Skeleton - On Reset - Start Random Movement'),
(-(@CGUID+143), 0, 1, 0, 25, 0, 100, 0, 0, 0, 0, 0, 0, 89, 2, 0, 0, 0, 0, 0, 1, 0, 0, 0, 0, 0, 0, 0, 0, 'Tortured Skeleton - On Reset - Start Random Movement'),
(-(@CGUID+138), 0, 1, 0, 25, 0, 100, 0, 0, 0, 0, 0, 0, 89, 2, 0, 0, 0, 0, 0, 1, 0, 0, 0, 0, 0, 0, 0, 0, 'Tortured Skeleton - On Reset - Start Random Movement'),
(-(@CGUID+139), 0, 1, 0, 25, 0, 100, 0, 0, 0, 0, 0, 0, 89, 2, 0, 0, 0, 0, 0, 1, 0, 0, 0, 0, 0, 0, 0, 0, 'Tortured Skeleton - On Reset - Start Random Movement'),
(-(@CGUID+155), 0, 1, 0, 25, 0, 100, 0, 0, 0, 0, 0, 0, 89, 2, 0, 0, 0, 0, 0, 1, 0, 0, 0, 0, 0, 0, 0, 0, 'Tortured Skeleton - On Reset - Start Random Movement'),
(-(@CGUID+152), 0, 1, 0, 25, 0, 100, 0, 0, 0, 0, 0, 0, 89, 2, 0, 0, 0, 0, 0, 1, 0, 0, 0, 0, 0, 0, 0, 0, 'Tortured Skeleton - On Reset - Start Random Movement'),
(-(@CGUID+153), 0, 1, 0, 25, 0, 100, 0, 0, 0, 0, 0, 0, 89, 2, 0, 0, 0, 0, 0, 1, 0, 0, 0, 0, 0, 0, 0, 0, 'Tortured Skeleton - On Reset - Start Random Movement'),
(-(@CGUID+149), 0, 1, 0, 25, 0, 100, 0, 0, 0, 0, 0, 0, 89, 2, 0, 0, 0, 0, 0, 1, 0, 0, 0, 0, 0, 0, 0, 0, 'Tortured Skeleton - On Reset - Start Random Movement'),
(-(@CGUID+145), 0, 1, 0, 25, 0, 100, 0, 0, 0, 0, 0, 0, 89, 2, 0, 0, 0, 0, 0, 1, 0, 0, 0, 0, 0, 0, 0, 0, 'Tortured Skeleton - On Reset - Start Random Movement'),
(-(@CGUID+136), 0, 1, 0, 25, 0, 100, 0, 0, 0, 0, 0, 0, 89, 2, 0, 0, 0, 0, 0, 1, 0, 0, 0, 0, 0, 0, 0, 0, 'Tortured Skeleton - On Reset - Start Random Movement'),
(-(@CGUID+137), 0, 1, 0, 25, 0, 100, 0, 0, 0, 0, 0, 0, 89, 2, 0, 0, 0, 0, 0, 1, 0, 0, 0, 0, 0, 0, 0, 0, 'Tortured Skeleton - On Reset - Start Random Movement'),
(-(@CGUID+144), 0, 1, 0, 25, 0, 100, 0, 0, 0, 0, 0, 0, 89, 2, 0, 0, 0, 0, 0, 1, 0, 0, 0, 0, 0, 0, 0, 0, 'Tortured Skeleton - On Reset - Start Random Movement'),
(-(@CGUID+147), 0, 1, 0, 25, 0, 100, 0, 0, 0, 0, 0, 0, 89, 2, 0, 0, 0, 0, 0, 1, 0, 0, 0, 0, 0, 0, 0, 0, 'Tortured Skeleton - On Reset - Start Random Movement'),
(-(@CGUID+140), 0, 1, 0, 25, 0, 100, 0, 0, 0, 0, 0, 0, 89, 2, 0, 0, 0, 0, 0, 1, 0, 0, 0, 0, 0, 0, 0, 0, 'Tortured Skeleton - On Reset - Start Random Movement');

-- Cabal Assassins (from Mangos)
DELETE FROM `waypoint_data` WHERE `id` IN ((@CGUID+76)*10, (@CGUID+77)*10);
INSERT INTO `waypoint_data` (`id`,`point`,`position_x`,`position_y`,`position_z`) VALUES
((@CGUID+76)*10, 1, -259.502, -139.134, 8.07293),
((@CGUID+76)*10, 2, -252.433, -129.016, 8.07289),
((@CGUID+76)*10, 3, -262.76, -119.128, 8.07287),
((@CGUID+76)*10, 4, -262.983, -108.651, 8.07291),
((@CGUID+76)*10, 5, -253.894, -100.016, 8.07295),
((@CGUID+76)*10, 6, -249.994, -93.9586, 8.07293),
((@CGUID+76)*10, 7, -247.397, -82.0504, 8.07292),
((@CGUID+76)*10, 8, -241.062, -70.8497, 8.07329),
((@CGUID+76)*10, 9, -241.743, -58.0633, 8.07286),
((@CGUID+76)*10, 10, -237.793, -47.4791, 8.08071),
((@CGUID+76)*10, 11, -226.584, -40.0161, 8.07293),
((@CGUID+76)*10, 12, -203.688, -40.2474, 8.07236),
((@CGUID+76)*10, 13, -185.545, -40.0513, 8.07306),
((@CGUID+76)*10, 14, -170.723, -23.7019, 8.07309),
((@CGUID+76)*10, 15, -162.404, -5.9313, 8.07312),
((@CGUID+76)*10, 16, -150.703, -5.73738, 8.07309),
((@CGUID+76)*10, 17, -143.714, -18.5174, 8.07303),
((@CGUID+76)*10, 18, -154.102, -35.2104, 8.07308),
((@CGUID+76)*10, 19, -175.825, -35.6179, 8.07307),
((@CGUID+76)*10, 20, -198.529, -36.9448, 8.07281),
((@CGUID+76)*10, 21, -223.998, -36.702, 8.07282),
((@CGUID+76)*10, 22, -237.842, -34.7889, 8.07285),
((@CGUID+76)*10, 23, -241.432, -21.5708, 8.07132),
((@CGUID+76)*10, 24, -239.763, -7.25364, 8.07291),
((@CGUID+76)*10, 25, -251.78, 13.2063, 8.07296),
((@CGUID+76)*10, 26, -267.256, 31.8516, 8.07302),
((@CGUID+76)*10, 27, -251.78, 13.2063, 8.07296),
((@CGUID+76)*10, 28, -239.763, -7.25364, 8.07291),
((@CGUID+76)*10, 29, -241.432, -21.5708, 8.07132),
((@CGUID+76)*10, 30, -237.842, -34.7889, 8.07285),
((@CGUID+76)*10, 31, -223.998, -36.702, 8.07282),
((@CGUID+76)*10, 32, -198.529, -36.9448, 8.07281),
((@CGUID+76)*10, 33, -175.825, -35.6179, 8.07307),
((@CGUID+76)*10, 34, -154.102, -35.2104, 8.07308),
((@CGUID+76)*10, 35, -143.714, -18.5174, 8.07303),
((@CGUID+76)*10, 36, -150.703, -5.73738, 8.07309),
((@CGUID+76)*10, 37, -162.404, -5.9313, 8.07312),
((@CGUID+76)*10, 38, -170.723, -23.7019, 8.07309),
((@CGUID+76)*10, 39, -185.545, -40.0513, 8.07306),
((@CGUID+76)*10, 40, -203.688, -40.2474, 8.07236),
((@CGUID+76)*10, 41, -226.584, -40.0161, 8.07293),
((@CGUID+76)*10, 42, -237.793, -47.4791, 8.08071),
((@CGUID+76)*10, 43, -241.743, -58.0633, 8.07286),
((@CGUID+76)*10, 44, -241.062, -70.8497, 8.07329),
((@CGUID+76)*10, 45, -247.397, -82.0504, 8.07292),
((@CGUID+76)*10, 46, -249.994, -93.9586, 8.07293),
((@CGUID+76)*10, 47, -253.894, -100.016, 8.07295),
((@CGUID+76)*10, 48, -262.983, -108.651, 8.07291),
((@CGUID+76)*10, 49, -262.76, -119.128, 8.07287),
((@CGUID+76)*10, 50, -252.433, -129.016, 8.07289),
((@CGUID+76)*10, 51, -259.502, -139.134, 8.07293),
((@CGUID+76)*10, 52, -271.497, -139.961, 8.07292),
((@CGUID+77)*10, 1, -263.909, 60.7563, 8.07294),
((@CGUID+77)*10, 2, -254.42, 47.7795, 8.07289),
((@CGUID+77)*10, 3, -261.092, 38.6746, 8.07302),
((@CGUID+77)*10, 4, -262.173, 30.0406, 8.07304),
((@CGUID+77)*10, 5, -252.122, 9.53923, 8.07295),
((@CGUID+77)*10, 6, -240.799, -5.27108, 8.07291),
((@CGUID+77)*10, 7, -240.092, -23.2612, 8.07719),
((@CGUID+77)*10, 8, -233.404, -39.6883, 8.07282),
((@CGUID+77)*10, 9, -215.852, -38.7785, 8.07213),
((@CGUID+77)*10, 10, -186.82, -38.323, 8.07306),
((@CGUID+77)*10, 11, -173.064, -47.282, 8.07309),
((@CGUID+77)*10, 12, -165.05, -68.8386, 8.07387),
((@CGUID+77)*10, 13, -157.938, -88.643, 8.07274),
((@CGUID+77)*10, 14, -155.361, -111.119, 7.55149),
((@CGUID+77)*10, 15, -133.633, -132.315, 4.72097),
((@CGUID+77)*10, 16, -116.324, -136.868, 3.44735),
((@CGUID+77)*10, 17, -113.993, -148.454, 3.4456),
((@CGUID+77)*10, 18, -138.426, -136.858, 4.84843),
((@CGUID+77)*10, 19, -156.921, -111.204, 7.55663),
((@CGUID+77)*10, 20, -159.264, -87.7309, 8.07218),
((@CGUID+77)*10, 21, -165.948, -69.1778, 8.07333),
((@CGUID+77)*10, 22, -174.444, -48.5835, 8.07309),
((@CGUID+77)*10, 23, -187.673, -40.0602, 8.07306),
((@CGUID+77)*10, 24, -215.978, -40.6346, 8.07234),
((@CGUID+77)*10, 25, -233.618, -41.5714, 8.07282),
((@CGUID+77)*10, 26, -239.929, -52.5258, 8.08128),
((@CGUID+77)*10, 27, -240.387, -63.6061, 8.07487),
((@CGUID+77)*10, 28, -242.323, -73.0425, 8.07289),
((@CGUID+77)*10, 29, -247.836, -81.5087, 8.07292),
((@CGUID+77)*10, 30, -251.187, -98.276, 8.07294),
((@CGUID+77)*10, 31, -261.448, -107.77, 8.07292),
((@CGUID+77)*10, 32, -262.413, -116.922, 8.07288),
((@CGUID+77)*10, 33, -257.215, -128.914, 8.07291),
((@CGUID+77)*10, 34, -255.569, -136.308, 8.07293),
((@CGUID+77)*10, 35, -262.781, -140.383, 8.07292),
((@CGUID+77)*10, 36, -274.367, -140.108, 8.07292),
((@CGUID+77)*10, 37, -284.312, -131.71, 8.07295),
((@CGUID+77)*10, 38, -282.427, -123.881, 8.08785),
((@CGUID+77)*10, 39, -267.072, -118.472, 8.07287),
((@CGUID+77)*10, 40, -262.538, -107.507, 8.07292),
((@CGUID+77)*10, 41, -252.467, -97.805, 8.07294),
((@CGUID+77)*10, 42, -248.603, -81.2358, 8.07292),
((@CGUID+77)*10, 43, -243.103, -72.7143, 8.07289),
((@CGUID+77)*10, 44, -241.075, -63.5673, 8.07476),
((@CGUID+77)*10, 45, -240.531, -52.5092, 8.08105),
((@CGUID+77)*10, 46, -241.349, -23.5648, 8.07872),
((@CGUID+77)*10, 47, -241.594, -5.78627, 8.07289),
((@CGUID+77)*10, 48, -254.014, 9.82517, 8.07296),
((@CGUID+77)*10, 49, -263.404, 29.2107, 8.07304),
((@CGUID+77)*10, 50, -278.661, 41.8279, 8.07863),
((@CGUID+77)*10, 51, -281.339, 55.2473, 8.07299);

-- Pathing for Fel Overseer Entry: 18796
SET @NPC := @CGUID+131;
SET @PATH := @NPC * 10;
UPDATE `creature` SET `wander_distance`=0,`MovementType`=2,`position_x`=-156.78047,`position_y`=-72.90449,`position_z`=8.078326 WHERE `guid`=@NPC;
DELETE FROM `creature_addon` WHERE `guid`=@NPC;
INSERT INTO `creature_addon` (`guid`,`path_id`,`mount`,`bytes1`,`bytes2`,`emote`,`visibilityDistanceType`,`auras`) VALUES (@NPC,@PATH,0,0,1,0,0, '');
DELETE FROM `waypoint_data` WHERE `id`=@PATH;
INSERT INTO `waypoint_data` (`id`,`point`,`position_x`,`position_y`,`position_z`,`orientation`,`delay`,`move_type`,`action`,`action_chance`,`wpguid`) VALUES
(@PATH,1,-156.78047,-72.90449,8.078326,NULL,0,0,0,100,0),
(@PATH,2,-144.16168,-65.68754,8.064845,NULL,0,0,0,100,0),
(@PATH,3,-143.1069,-38.41252,8.073062,NULL,0,0,0,100,0),
(@PATH,4,-143.5041,-17.155827,8.073032,NULL,0,0,0,100,0),
(@PATH,5,-156.1257,-3.33808,8.073122,NULL,0,0,0,100,0),
(@PATH,6,-171.41808,-17.750412,8.073092,NULL,0,0,0,100,0),
(@PATH,7,-170.17097,-39.5945,8.073088,NULL,0,0,0,100,0),
(@PATH,8,-167.91035,-66.92242,8.073222,NULL,0,0,0,100,0);
-- 0x203CB84560125B00007A8700008D6299 .go xyz -156.78047 -72.90449 8.078326

-- Pathing for Fel Overseer Entry: 18796
SET @NPC := @CGUID+133;
SET @PATH := @NPC * 10;
UPDATE `creature` SET `wander_distance`=0,`MovementType`=2,`position_x`=-133.43636,`position_y`=-26.570139,`position_z`=8.073037 WHERE `guid`=@NPC;
DELETE FROM `creature_addon` WHERE `guid`=@NPC;
INSERT INTO `creature_addon` (`guid`,`path_id`,`mount`,`bytes1`,`bytes2`,`emote`,`visibilityDistanceType`,`auras`) VALUES (@NPC,@PATH,0,0,1,0,0, '');
DELETE FROM `waypoint_data` WHERE `id`=@PATH;
INSERT INTO `waypoint_data` (`id`,`point`,`position_x`,`position_y`,`position_z`,`orientation`,`delay`,`move_type`,`action`,`action_chance`,`wpguid`) VALUES
(@PATH,1,-133.43636,-26.570139,8.073037,NULL,0,0,0,100,0),
(@PATH,2,-132.83899,-15.205402,8.073032,NULL,0,0,0,100,0),
(@PATH,3,-137.38647,-10.333891,8.0730295,NULL,0,0,0,100,0),
(@PATH,4,-140.61256,-14.904275,8.073031,NULL,0,0,0,100,0),
(@PATH,5,-138.7844,-27.00381,8.073032,NULL,0,0,0,100,0),
(@PATH,6,-138.93109,-45.077423,8.073057,NULL,0,0,0,100,0),
(@PATH,7,-141.65778,-64.64593,8.065401,NULL,0,0,0,100,0),
(@PATH,8,-137.66475,-68.328285,8.063439,NULL,0,0,0,100,0),
(@PATH,9,-134.63324,-65.31374,8.065046,NULL,0,0,0,100,0),
(@PATH,10,-134.0024,-45.198364,8.073039,NULL,0,0,0,100,0);
-- 0x203CB84560125B00007A8700010D6299 .go xyz -133.43636 -26.570139 8.073037

-- Pathing for Fel Overseer Entry: 18796
SET @NPC := @CGUID+132;
SET @PATH := @NPC * 10;
UPDATE `creature` SET `wander_distance`=0,`MovementType`=2,`position_x`=-184.32588,`position_y`=-38.586216,`position_z`=8.073062 WHERE `guid`=@NPC;
DELETE FROM `creature_addon` WHERE `guid`=@NPC;
INSERT INTO `creature_addon` (`guid`,`path_id`,`mount`,`bytes1`,`bytes2`,`emote`,`visibilityDistanceType`,`auras`) VALUES (@NPC,@PATH,0,0,1,0,0, '');
DELETE FROM `waypoint_data` WHERE `id`=@PATH;
INSERT INTO `waypoint_data` (`id`,`point`,`position_x`,`position_y`,`position_z`,`orientation`,`delay`,`move_type`,`action`,`action_chance`,`wpguid`) VALUES
(@PATH,1,-184.32588,-38.586216,8.073062,NULL,0,0,0,100,0),
(@PATH,2,-201.07176,-36.420914,8.072567,NULL,0,0,0,100,0),
(@PATH,3,-229.22531,-38.864365,8.073031,NULL,0,0,0,100,0),
(@PATH,4,-184.65585,-40.376144,8.073063,NULL,0,0,0,100,0),
(@PATH,5,-229.22531,-38.864365,8.073031,NULL,0,0,0,100,0),
(@PATH,6,-201.07176,-36.420914,8.072567,NULL,0,0,0,100,0);
-- 0x203CB84560125B00007A8700018D6299 .go xyz -184.32588 -38.586216 8.073062

-- Pathing for Fel Overseer Entry: 18796
SET @NPC := @CGUID+198;
SET @PATH := @NPC * 10;
UPDATE `creature` SET `wander_distance`=0,`MovementType`=2,`position_x`=-423.39297,`position_y`=-179.89178,`position_z`=12.659657 WHERE `guid`=@NPC;
DELETE FROM `creature_addon` WHERE `guid`=@NPC;
INSERT INTO `creature_addon` (`guid`,`path_id`,`mount`,`bytes1`,`bytes2`,`emote`,`visibilityDistanceType`,`auras`) VALUES (@NPC,@PATH,0,0,1,0,0, '');
DELETE FROM `waypoint_data` WHERE `id`=@PATH;
INSERT INTO `waypoint_data` (`id`,`point`,`position_x`,`position_y`,`position_z`,`orientation`,`delay`,`move_type`,`action`,`action_chance`,`wpguid`) VALUES
(@PATH,1,-423.39297,-179.89178,12.659657,NULL,0,0,0,100,0),
(@PATH,2,-429.47427,-166.35423,12.835934,NULL,0,0,0,100,0),
(@PATH,3,-429.26926,-164.20792,12.845633,NULL,0,0,0,100,0),
(@PATH,4,-429.40594,-152.53143,12.7286825,NULL,0,0,0,100,0),
(@PATH,5,-421.28268,-140.95476,13.613587,NULL,0,0,0,100,0),
(@PATH,6,-418.73178,-129.20265,12.75629,NULL,0,0,0,100,0),
(@PATH,7,-421.18018,-121.08259,12.6984,NULL,0,0,0,100,0),
(@PATH,8,-428.34476,-119.48568,12.610682,NULL,0,0,0,100,0),
(@PATH,9,-431.94446,-127.85529,12.764549,NULL,0,0,0,100,0),
(@PATH,10,-430.3541,-140.88388,12.811646,NULL,0,0,0,100,0),
(@PATH,11,-430.88834,-162.56435,12.377738,NULL,0,0,0,100,0),
(@PATH,12,-430.62344,-172.72644,12.654106,NULL,0,0,0,100,0),
(@PATH,13,-438.1027,-179.14114,13.161439,NULL,0,0,0,100,0),
(@PATH,14,-441.05032,-185.7535,12.689135,NULL,0,0,0,100,0),
(@PATH,15,-435.26785,-191.4322,12.689135,NULL,0,0,0,100,0),
(@PATH,16,-428.86844,-189.2328,12.689136,NULL,0,0,0,100,0);
-- 0x203CB84560125B00007A8700000D6299 .go xyz -423.39297 -179.89178 12.659657

-- Pathing for Malicious Instructor Entry: 18848
SET @NPC := @CGUID+199;
SET @PATH := @NPC * 10;
UPDATE `creature` SET `wander_distance`=0,`MovementType`=2,`position_x`=-292.3748,`position_y`=2.198255,`position_z`=8.073034 WHERE `guid`=@NPC;
DELETE FROM `creature_addon` WHERE `guid`=@NPC;
INSERT INTO `creature_addon` (`guid`,`path_id`,`mount`,`bytes1`,`bytes2`,`emote`,`visibilityDistanceType`,`auras`) VALUES (@NPC,@PATH,0,0,1,0,0, '');
DELETE FROM `waypoint_data` WHERE `id`=@PATH;
INSERT INTO `waypoint_data` (`id`,`point`,`position_x`,`position_y`,`position_z`,`orientation`,`delay`,`move_type`,`action`,`action_chance`,`wpguid`) VALUES
(@PATH,1,-292.3748,2.198255,8.073034,NULL,0,0,0,100,0),
(@PATH,2,-280.36758,-1.419692,8.072967,NULL,0,0,0,100,0),
(@PATH,3,-277.29642,-9.494668,8.072884,NULL,0,0,0,100,0),
(@PATH,4,-262.51627,-2.742681,8.072901,NULL,0,0,0,100,0),
(@PATH,5,-249.93987,1.987706,8.072941,NULL,0,0,0,100,0),
(@PATH,6,-253.53236,11.655995,8.072958,NULL,0,0,0,100,0),
(@PATH,7,-265.96457,9.519871,8.072971,NULL,0,0,0,100,0),
(@PATH,8,-269.018,29.838182,8.073021,NULL,0,0,0,100,0),
(@PATH,9,-268.04602,9.295255,8.072973,NULL,0,0,0,100,0),
(@PATH,10,-275.89,3.254007,8.072991,NULL,0,0,0,100,0),
(@PATH,11,-268.04602,9.295255,8.072973,NULL,0,0,0,100,0),
(@PATH,12,-269.018,29.838182,8.073021,NULL,0,0,0,100,0),
(@PATH,13,-265.96457,9.519871,8.072971,NULL,0,0,0,100,0),
(@PATH,14,-253.53236,11.655995,8.072958,NULL,0,0,0,100,0),
(@PATH,15,-249.93987,1.987706,8.072941,NULL,0,0,0,100,0),
(@PATH,16,-262.51627,-2.742681,8.072901,NULL,0,0,0,100,0),
(@PATH,17,-277.29642,-9.494668,8.072884,NULL,0,0,0,100,0),
(@PATH,18,-280.36758,-1.419692,8.072967,NULL,0,0,0,100,0);
-- 0x203CB84560126800007A8700000D6299 .go xyz -292.3748 2.198255 8.073034

-- Pathing for Malicious Instructor Entry: 18848
SET @NPC := @CGUID+200;
SET @PATH := @NPC * 10;
UPDATE `creature` SET `wander_distance`=0,`MovementType`=2,`position_x`=-275.7194,`position_y`=-53.17404,`position_z`=8.072863 WHERE `guid`=@NPC;
DELETE FROM `creature_addon` WHERE `guid`=@NPC;
INSERT INTO `creature_addon` (`guid`,`path_id`,`mount`,`bytes1`,`bytes2`,`emote`,`visibilityDistanceType`,`auras`) VALUES (@NPC,@PATH,0,0,1,0,0, '');
DELETE FROM `waypoint_data` WHERE `id`=@PATH;
INSERT INTO `waypoint_data` (`id`,`point`,`position_x`,`position_y`,`position_z`,`orientation`,`delay`,`move_type`,`action`,`action_chance`,`wpguid`) VALUES
(@PATH,1,-275.7194,-53.17404,8.072863,NULL,0,0,0,100,0),
(@PATH,2,-255.85823,-54.064095,8.072854,NULL,0,0,0,100,0),
(@PATH,3,-240.94217,-54.277637,8.072853,NULL,0,0,0,100,0),
(@PATH,4,-241.34811,-44.387177,8.078496,NULL,0,0,0,100,0),
(@PATH,5,-242.15828,-34.183933,8.072834,NULL,0,0,0,100,0),
(@PATH,6,-241.47527,-22.510668,8.07483,NULL,0,0,0,100,0),
(@PATH,7,-248.78896,-21.442791,8.073162,NULL,0,0,0,100,0),
(@PATH,8,-262.80237,-23.4985,8.085246,NULL,0,0,0,100,0),
(@PATH,9,-272.31735,-24.573822,8.136314,NULL,0,0,0,100,0),
(@PATH,10,-275.08963,-29.0206,8.099044,NULL,0,0,0,100,0),
(@PATH,11,-276.4961,-46.342636,8.072827,NULL,0,0,0,100,0);
-- 0x203CB84560126800007A8700008D6299 .go xyz -275.7194 -53.17404 8.072863

-- Pathing for Malicious Instructor Entry: 18848
SET @NPC := @CGUID+201;
SET @PATH := @NPC * 10;
UPDATE `creature` SET `wander_distance`=0,`MovementType`=2,`position_x`=-283.86633,`position_y`=-66.208275,`position_z`=8.07287 WHERE `guid`=@NPC;
DELETE FROM `creature_addon` WHERE `guid`=@NPC;
INSERT INTO `creature_addon` (`guid`,`path_id`,`mount`,`bytes1`,`bytes2`,`emote`,`visibilityDistanceType`,`auras`) VALUES (@NPC,@PATH,0,0,1,0,0, '');
DELETE FROM `waypoint_data` WHERE `id`=@PATH;
INSERT INTO `waypoint_data` (`id`,`point`,`position_x`,`position_y`,`position_z`,`orientation`,`delay`,`move_type`,`action`,`action_chance`,`wpguid`) VALUES
(@PATH,1,-283.86633,-66.208275,8.07287,NULL,0,0,0,100,0),
(@PATH,2,-277.8517,-69.1234,8.072885,NULL,0,0,0,100,0),
(@PATH,3,-270.08112,-71.85729,8.072887,NULL,0,0,0,100,0),
(@PATH,4,-259.944,-75.93662,8.072918,NULL,0,0,0,100,0),
(@PATH,5,-249.8848,-79.249855,8.07292,NULL,0,0,0,100,0),
(@PATH,6,-249.8856,-90.26169,8.072925,NULL,0,0,0,100,0),
(@PATH,7,-257.01358,-88.5417,8.072927,NULL,0,0,0,100,0),
(@PATH,8,-267.64117,-86.71754,8.065749,NULL,0,0,0,100,0),
(@PATH,9,-276.2258,-82.89738,8.0729685,NULL,0,0,0,100,0),
(@PATH,10,-283.0087,-78.88891,8.072955,NULL,0,0,0,100,0),
(@PATH,11,-289.5883,-76.9069,8.072958,NULL,0,0,0,100,0);
-- 0x203CB84560126800007A8700010D6299 .go xyz -283.86633 -66.208275 8.07287

-- Pathing for Cabal Familiar Entry: 18641
SET @NPC := @CGUID+98;
SET @PATH := @NPC * 10;
UPDATE `creature` SET `wander_distance`=0,`MovementType`=2,`position_x`=-72.51234,`position_y`=-71.87928,`position_z`=-0.96163213 WHERE `guid`=@NPC;
DELETE FROM `creature_addon` WHERE `guid`=@NPC;
INSERT INTO `creature_addon` (`guid`,`path_id`,`mount`,`bytes1`,`bytes2`,`emote`,`visibilityDistanceType`,`auras`) VALUES (@NPC,@PATH,0,0,1,0,0, '');
DELETE FROM `waypoint_data` WHERE `id`=@PATH;
INSERT INTO `waypoint_data` (`id`,`point`,`position_x`,`position_y`,`position_z`,`orientation`,`delay`,`move_type`,`action`,`action_chance`,`wpguid`) VALUES
(@PATH,1,-73.684364,-72.63547,-0.87829995,NULL,0,1,0,100,0),
(@PATH,2,-77.434364,-70.38547,-0.87829995,NULL,0,1,0,100,0),
(@PATH,3,-77.934364,-66.63547,-0.87829995,NULL,0,1,0,100,0),
(@PATH,4,-74.184364,-65.63547,-0.87829995,NULL,0,1,0,100,0),
(@PATH,5,-68.184364,-70.13547,-0.87829995,NULL,0,1,0,100,0),
(@PATH,6,-68.184364,-73.88547,-0.87829995,NULL,0,1,0,100,0),
(@PATH,7,-71.434364,-74.38547,-0.87829995,NULL,0,1,0,100,0),
(@PATH,8,-73.184364,-72.63547,-1.1283,NULL,0,1,0,100,0);

-- Static groups
DELETE FROM `creature_formations` WHERE `leaderGUID` IN (@CGUID+98) AND `memberGUID` IN (@CGUID+98, @CGUID+100, @CGUID+90);
INSERT INTO `creature_formations` (`leaderGUID`, `memberGUID`, `dist`, `angle`, `groupAI`) VALUES
(@CGUID+98, @CGUID+98, 0, 0, 3),
(@CGUID+98, @CGUID+90, 0, 0, 3), -- Warlock
(@CGUID+98, @CGUID+100, 4, 180, 515);

/*
	All Scripted Movement
*/

DELETE FROM `smart_scripts` WHERE `source_type` = 0 AND `entryorguid` IN (-(@CGUID+90), -(@CGUID+74), -(@CGUID+75), -(@CGUID+50), -(@CGUID+66), -(@CGUID+58), -(@CGUID+59), -(@CGUID+35), -(@CGUID+31), -(@CGUID+36), -(@CGUID+93), -(@CGUID+95), -(@CGUID+96), -(@CGUID+97), -(@CGUID+99), -(@CGUID+89));
INSERT INTO `smart_scripts` (`entryorguid`, `source_type`, `id`, `link`, `event_type`, `event_phase_mask`, `event_chance`, `event_flags`, `event_param1`, `event_param2`, `event_param3`, `event_param4`, `event_param5`, `action_type`, `action_param1`, `action_param2`, `action_param3`, `action_param4`, `action_param5`, `action_param6`, `target_type`, `target_param1`, `target_param2`, `target_param3`, `target_param4`, `target_x`, `target_y`, `target_z`, `target_o`, `comment`) VALUES
-- @CGUID+90 Laughs at the misfortune of his pets :(
(-(@CGUID+90), 0, 0, 0, 23, 0, 100, 0, 13787, 0, 3600, 3600, 0, 11, 13787, 32, 0, 0, 0, 0, 1, 0, 0, 0, 0, 0, 0, 0, 0, 'Cabal Warlock - On Aura Missing - Cast \'Demon Armor\''),
(-(@CGUID+90), 0, 1, 0, 4, 0, 10, 0, 0, 0, 0, 0, 0, 1, 0, 0, 1, 0, 0, 0, 7, 0, 0, 0, 0, 0, 0, 0, 0, 'Cabal Warlock - On Aggro - Say Line 0'),
(-(@CGUID+90), 0, 2, 0, 0, 0, 100, 2, 0, 0, 3600, 4800, 0, 11, 12471, 64, 0, 0, 0, 0, 2, 0, 0, 0, 0, 0, 0, 0, 0, 'Cabal Warlock - In Combat - Cast \'Shadow Bolt\' (Normal Dungeon)'),
(-(@CGUID+90), 0, 3, 0, 0, 0, 100, 4, 0, 0, 3600, 4800, 0, 11, 15232, 64, 0, 0, 0, 0, 2, 0, 0, 0, 0, 0, 0, 0, 0, 'Cabal Warlock - In Combat - Cast \'Shadow Bolt\' (Heroic Dungeon)'),
(-(@CGUID+90), 0, 4, 0, 0, 0, 100, 0, 7800, 24100, 19300, 36200, 0, 11, 32863, 32, 0, 0, 0, 0, 5, 0, 0, 0, 0, 0, 0, 0, 0, 'Cabal Warlock - In Combat - Cast \'Seed of Corruption\''),
(-(@CGUID+90), 0, 1001, 0, 1, 0, 100, 0, 6000, 6000, 6000, 6000, 0, 5, 11, 0, 0, 0, 0, 0, 1, 0, 0, 0, 0, 0, 0, 0, 0, 'Cabal Warlock - Out of Combat - Play Emote 11 (OneShotLaugh)'),
-- @CGUID+74 Moves to several locations and kneels, pondering something
(-(@CGUID+74), 0, 0, 0, 4, 0, 10, 0, 0, 0, 0, 0, 0, 1, 0, 0, 1, 0, 0, 0, 7, 0, 0, 0, 0, 0, 0, 0, 0, 'Cabal Deathsworn - On Aggro - Say Line 0'),
(-(@CGUID+74), 0, 1, 0, 0, 0, 100, 0, 10200, 18100, 14100, 26200, 0, 11, 33480, 0, 0, 0, 0, 0, 2, 0, 0, 0, 0, 0, 0, 0, 0, 'Cabal Deathsworn - In Combat - Cast \'Black Cleave\''),
(-(@CGUID+74), 0, 2, 0, 0, 0, 100, 0, 10900, 28200, 12100, 22900, 0, 11, 11428, 0, 0, 0, 0, 0, 2, 0, 0, 0, 0, 0, 0, 0, 0, 'Cabal Deathsworn - In Combat - Cast \'Knockdown\''),
(-(@CGUID+74), 0, 3, 4, 2, 0, 100, 1, 0, 25, 0, 0, 0, 11, 8599, 0, 0, 0, 0, 0, 1, 0, 0, 0, 0, 0, 0, 0, 0, 'Cabal Deathsworn - Between 0-25% Health - Cast \'Enrage\'(No Repeat)'),
(-(@CGUID+74), 0, 4, 0, 61, 0, 100, 0, 0, 0, 0, 0, 0, 1, 1, 0, 0, 0, 0, 0, 1, 0, 0, 0, 0, 0, 0, 0, 0, 'Cabal Deathsworn - On Link - Say Line 1'),
(-(@CGUID+74), 0, 1001, 1002, 25, 0, 100, 0, 0, 0, 0, 0, 0, 88, 1863300, 1863303, 0, 0, 0, 0, 1, 0, 0, 0, 0, 0, 0, 0, 0, 'Cabal Acolyte/Deathsworn - On Reset - Start Movement from Random List'),
(-(@CGUID+74), 0, 1002, 0, 61, 0, 100, 0, 0, 0, 0, 0, 0, 59, 0, 0, 0, 0, 0, 0, 1, 0, 0, 0, 0, 0, 0, 0, 0, 'Cabal Acolyte/Deathsworn - On Reset - Set Run Off'),
(-(@CGUID+74), 0, 1003, 1004, 4, 0, 100, 0, 0, 0, 0, 0, 0, 59, 1, 0, 0, 0, 0, 0, 1, 0, 0, 0, 0, 0, 0, 0, 0, 'Cabal Acolyte/Deathsworn - On Aggro - Set Run On'),
(-(@CGUID+74), 0, 1004, 0, 61, 0, 100, 0, 0, 0, 0, 0, 0, 55, 0, 0, 0, 0, 0, 0, 1, 0, 0, 0, 0, 0, 0, 0, 0, 'Cabal Acolyte/Deathsworn - On Aggro - Stop Pathing'),
(-(@CGUID+74), 0, 1005, 0, 34, 0, 100, 0, 8, 1, 0, 0, 0, 80, 1863304, 0, 0, 0, 0, 0, 1, 0, 0, 0, 0, 0, 0, 0, 0, 'Cabal Acolyte/Deathsworn - On Point 1 Reached - Run Kneel Script'),
(-(@CGUID+74), 0, 1006, 0, 34, 0, 100, 0, 8, 2, 0, 0, 0, 80, 1863305, 0, 0, 0, 0, 0, 1, 0, 0, 0, 0, 0, 0, 0, 0, 'Cabal Acolyte/Deathsworn - On Point 2 Reached - Run Kneel Script'),
(-(@CGUID+74), 0, 1007, 0, 34, 0, 100, 0, 8, 3, 0, 0, 0, 80, 1863306, 0, 0, 0, 0, 0, 1, 0, 0, 0, 0, 0, 0, 0, 0, 'Cabal Acolyte/Deathsworn - On Point 3 Reached - Run Kneel Script'),
(-(@CGUID+74), 0, 1008, 0, 40, 0, 100, 0, 6, 1863300, 0, 0, 0, 80, 1863307, 0, 0, 0, 0, 0, 1, 0, 0, 0, 0, 0, 0, 0, 0, 'Cabal Acolyte/Deathsworn - On Path Ended - Run Kneel Script'),
(-(@CGUID+74), 0, 1009, 0, 34, 0, 100, 0, 8, 4, 0, 0, 0, 88, 1863300, 1863303, 0, 0, 0, 0, 1, 0, 0, 0, 0, 0, 0, 0, 0, 'Cabal Acolyte/Deathsworn - On Movement Script Ended - Start Another Movement'),
(-(@CGUID+74), 0, 1010, 0, 34, 0, 100, 0, 8, 5, 0, 0, 0, 88, 1863300, 1863303, 0, 0, 0, 0, 1, 0, 0, 0, 0, 0, 0, 0, 0, 'Cabal Acolyte/Deathsworn - On Movement Script Ended - Start Another Movement'),
(-(@CGUID+74), 0, 1011, 0, 34, 0, 100, 0, 8, 6, 0, 0, 0, 88, 1863300, 1863303, 0, 0, 0, 0, 1, 0, 0, 0, 0, 0, 0, 0, 0, 'Cabal Acolyte/Deathsworn - On Movement Script Ended - Start Another Movement'),
(-(@CGUID+74), 0, 1012, 0, 40, 0, 100, 0, 4, 1863301, 0, 0, 0, 88, 1863300, 1863303, 0, 0, 0, 0, 1, 0, 0, 0, 0, 0, 0, 0, 0, 'Cabal Acolyte/Deathsworn - On Movement Script Ended - Start Another Movement'),
-- @CGUID+75 Cooks and distributes some food before falling asleep zZzZ
(-(@CGUID+75), 0, 0, 0, 4, 0, 10, 0, 0, 0, 0, 0, 0, 1, 0, 0, 1, 0, 0, 0, 7, 0, 0, 0, 0, 0, 0, 0, 0, 'Cabal Deathsworn - On Aggro - Say Line 0'),
(-(@CGUID+75), 0, 1, 0, 0, 0, 100, 0, 10200, 18100, 14100, 26200, 0, 11, 33480, 0, 0, 0, 0, 0, 2, 0, 0, 0, 0, 0, 0, 0, 0, 'Cabal Deathsworn - In Combat - Cast \'Black Cleave\''),
(-(@CGUID+75), 0, 2, 0, 0, 0, 100, 0, 10900, 28200, 12100, 22900, 0, 11, 11428, 0, 0, 0, 0, 0, 2, 0, 0, 0, 0, 0, 0, 0, 0, 'Cabal Deathsworn - In Combat - Cast \'Knockdown\''),
(-(@CGUID+75), 0, 3, 4, 2, 0, 100, 1, 0, 25, 0, 0, 0, 11, 8599, 0, 0, 0, 0, 0, 1, 0, 0, 0, 0, 0, 0, 0, 0, 'Cabal Deathsworn - Between 0-25% Health - Cast \'Enrage\'(No Repeat)'),
(-(@CGUID+75), 0, 4, 0, 61, 0, 100, 0, 0, 0, 0, 0, 0, 1, 1, 0, 0, 0, 0, 0, 1, 0, 0, 0, 0, 0, 0, 0, 0, 'Cabal Deathsworn - On Link - Say Line 1'),
(-(@CGUID+75), 0, 1001, 0, 11, 0, 100, 0, 0, 0, 0, 0, 0, 53, 0, 1863310, 0, 0, 0, 2, 1, 0, 0, 0, 0, 0, 0, 0, 0, 'Cabal Acolyte/Deathsworn - On Spawn - Start Path'),
(-(@CGUID+75), 0, 1002, 0, 40, 0, 100, 0, 7, 1863310, 0, 0, 0, 80, 1863310, 0, 0, 0, 0, 0, 1, 0, 0, 0, 0, 0, 0, 0, 0, 'Cabal Acolyte/Deathsworn - First Path Ended - Run Script'),
(-(@CGUID+75), 0, 1003, 0, 40, 0, 100, 0, 3, 1863311, 0, 0, 0, 80, 1863311, 0, 0, 0, 0, 0, 1, 0, 0, 0, 0, 0, 0, 0, 0, 'Cabal Acolyte/Deathsworn - Second Path Ended - Run Script'),
(-(@CGUID+75), 0, 1004, 0, 40, 0, 100, 0, 4, 1863312, 0, 0, 0, 80, 1863312, 0, 0, 0, 0, 0, 1, 0, 0, 0, 0, 0, 0, 0, 0, 'Cabal Acolyte/Deathsworn - Third Path Ended - Run Script'),
(-(@CGUID+75), 0, 1005, 0, 40, 0, 100, 0, 7, 1863313, 0, 0, 0, 80, 1863313, 0, 0, 0, 0, 0, 1, 0, 0, 0, 0, 0, 0, 0, 0, 'Cabal Acolyte/Deathsworn - Final Path Ended - Run Script'),
-- @CGUID+59 This one also kneels around
(-(@CGUID+59), 0, 0, 0, 4, 0, 10, 0, 0, 0, 0, 0, 0, 1, 0, 0, 1, 0, 0, 0, 7, 0, 0, 0, 0, 0, 0, 0, 0, 'Cabal Deathsworn - On Aggro - Say Line 0'),
(-(@CGUID+59), 0, 1, 0, 0, 0, 100, 0, 10200, 18100, 14100, 26200, 0, 11, 33480, 0, 0, 0, 0, 0, 2, 0, 0, 0, 0, 0, 0, 0, 0, 'Cabal Deathsworn - In Combat - Cast \'Black Cleave\''),
(-(@CGUID+59), 0, 2, 0, 0, 0, 100, 0, 10900, 28200, 12100, 22900, 0, 11, 11428, 0, 0, 0, 0, 0, 2, 0, 0, 0, 0, 0, 0, 0, 0, 'Cabal Deathsworn - In Combat - Cast \'Knockdown\''),
(-(@CGUID+59), 0, 3, 4, 2, 0, 100, 1, 0, 25, 0, 0, 0, 11, 8599, 0, 0, 0, 0, 0, 1, 0, 0, 0, 0, 0, 0, 0, 0, 'Cabal Deathsworn - Between 0-25% Health - Cast \'Enrage\'(No Repeat)'),
(-(@CGUID+59), 0, 4, 0, 61, 0, 100, 0, 0, 0, 0, 0, 0, 1, 1, 0, 0, 0, 0, 0, 1, 0, 0, 0, 0, 0, 0, 0, 0, 'Cabal Deathsworn - On Link - Say Line 1'),
(-(@CGUID+59), 0, 1001, 0, 11, 0, 100, 0, 0, 0, 0, 0, 0, 53, 0, 1863320, 0, 0, 0, 2, 1, 0, 0, 0, 0, 0, 0, 0, 0, 'Cabal Acolyte/Deathsworn - On Spawn - Start Waypoint'),
(-(@CGUID+59), 0, 1002, 0, 40, 0, 100, 0, 4, 1863320, 0, 0, 0, 80, 1863320, 0, 0, 0, 0, 0, 1, 0, 0, 0, 0, 0, 0, 0, 0, 'Cabal Acolyte/Deathsworn - On First Path Finished - Run Script'),
(-(@CGUID+59), 0, 1003, 0, 40, 0, 100, 0, 4, 1863321, 0, 0, 0, 80, 1863321, 0, 0, 0, 0, 0, 1, 0, 0, 0, 0, 0, 0, 0, 0, 'Cabal Acolyte/Deathsworn - On Second Path Finished - Run Script'),
(-(@CGUID+59), 0, 1004, 0, 40, 0, 100, 0, 4, 1863322, 0, 0, 0, 80, 1863322, 0, 0, 0, 0, 0, 1, 0, 0, 0, 0, 0, 0, 0, 0, 'Cabal Acolyte/Deathsworn - On Third Path Finished - Run Script'),
(-(@CGUID+59), 0, 1005, 0, 40, 0, 100, 0, 5, 1863323, 0, 0, 0, 80, 1863323, 0, 0, 0, 0, 0, 1, 0, 0, 0, 0, 0, 0, 0, 0, 'Cabal Acolyte/Deathsworn - On Fourth Path Finished - Run Script'),
-- Group emotes
(-(@CGUID+50), 0, 0, 0, 23, 0, 100, 0, 33482, 0, 3600, 3600, 0, 11, 33482, 32, 0, 0, 0, 0, 1, 0, 0, 0, 0, 0, 0, 0, 0, 'Cabal Acolyte - On Aura \'Shadow Defense\' Missing - Cast \'Shadow Defense\''),
(-(@CGUID+50), 0, 1, 0, 4, 0, 10, 0, 0, 0, 0, 0, 0, 1, 0, 0, 1, 0, 0, 0, 7, 0, 0, 0, 0, 0, 0, 0, 0, 'Cabal Acolyte - On Aggro - Say Line 0'),
(-(@CGUID+50), 0, 2, 0, 74, 0, 100, 2, 0, 60, 15700, 27700, 40, 11, 12039, 0, 0, 0, 0, 0, 7, 0, 0, 0, 0, 0, 0, 0, 0, 'Cabal Acolyte - On Friendly Between 0-60% Health - Cast \'Heal\' (Normal Dungeon)'),
(-(@CGUID+50), 0, 3, 0, 74, 0, 100, 4, 0, 60, 15700, 27700, 40, 11, 38209, 0, 0, 0, 0, 0, 7, 0, 0, 0, 0, 0, 0, 0, 0, 'Cabal Acolyte - On Friendly Between 0-60% Health - Cast \'Heal\' (Heroic Dungeon)'),
(-(@CGUID+50), 0, 4, 0, 74, 0, 100, 2, 0, 50, 13200, 19300, 40, 11, 25058, 0, 0, 0, 0, 0, 7, 0, 0, 0, 0, 0, 0, 0, 0, 'Cabal Acolyte - On Friendly Between 0-50% Health - Cast \'Renew\' (Normal Dungeon)'),
(-(@CGUID+50), 0, 5, 0, 74, 0, 100, 4, 0, 50, 13200, 19300, 40, 11, 38210, 0, 0, 0, 0, 0, 7, 0, 0, 0, 0, 0, 0, 0, 0, 'Cabal Acolyte - On Friendly Between 0-50% Health - Cast \'Renew\' (Heroic Dungeon)'),
(-(@CGUID+50), 0, 6, 0, 2, 0, 100, 1, 0, 15, 0, 0, 0, 25, 1, 0, 0, 0, 0, 0, 0, 0, 0, 0, 0, 0, 0, 0, 0, 'Cabal Acolyte - Between 0-15% Health - Flee For Assist (No Repeat)'),
(-(@CGUID+50), 0, 1001, 0, 1, 0, 100, 0, 0, 0, 16000, 16000, 0, 80, 1863330, 0, 0, 0, 0, 0, 1, 0, 0, 0, 0, 0, 0, 0, 0, 'Cabal Acolyte/Deathsworn - Out of Combat - Run Script'),
(-(@CGUID+50), 0, 1002, 1003, 1, 0, 100, 1, 3600, 3600, 0, 0, 0, 64, 1, 0, 0, 0, 0, 0, 10, @CGUID+70, 0, 0, 0, 0, 0, 0, 0, 'Cabal Acolyte/Deathsworn - On Respawn - Store Targetlist'),
(-(@CGUID+50), 0, 1003, 0, 61, 0, 100, 0, 0, 0, 0, 0, 0, 64, 2, 0, 0, 0, 0, 0, 10, @CGUID+71, 0, 0, 0, 0, 0, 0, 0, 'Cabal Acolyte/Deathsworn - On Respawn - Store Targetlist'),
(-(@CGUID+66), 0, 0, 0, 4, 0, 10, 0, 0, 0, 0, 0, 0, 1, 0, 0, 1, 0, 0, 0, 7, 0, 0, 0, 0, 0, 0, 0, 0, 'Cabal Deathsworn - On Aggro - Say Line 0'),
(-(@CGUID+66), 0, 1, 0, 0, 0, 100, 0, 10200, 18100, 14100, 26200, 0, 11, 33480, 0, 0, 0, 0, 0, 2, 0, 0, 0, 0, 0, 0, 0, 0, 'Cabal Deathsworn - In Combat - Cast \'Black Cleave\''),
(-(@CGUID+66), 0, 2, 0, 0, 0, 100, 0, 10900, 28200, 12100, 22900, 0, 11, 11428, 0, 0, 0, 0, 0, 2, 0, 0, 0, 0, 0, 0, 0, 0, 'Cabal Deathsworn - In Combat - Cast \'Knockdown\''),
(-(@CGUID+66), 0, 3, 4, 2, 0, 100, 1, 0, 25, 0, 0, 0, 11, 8599, 0, 0, 0, 0, 0, 1, 0, 0, 0, 0, 0, 0, 0, 0, 'Cabal Deathsworn - Between 0-25% Health - Cast \'Enrage\'(No Repeat)'),
(-(@CGUID+66), 0, 4, 0, 61, 0, 100, 0, 0, 0, 0, 0, 0, 1, 1, 0, 0, 0, 0, 0, 1, 0, 0, 0, 0, 0, 0, 0, 0, 'Cabal Deathsworn - On Link - Say Line 1'),
(-(@CGUID+66), 0, 1001, 0, 1, 0, 100, 0, 0, 0, 16000, 16000, 0, 80, 1863330, 0, 0, 0, 0, 0, 1, 0, 0, 0, 0, 0, 0, 0, 0, 'Cabal Acolyte/Deathsworn - Out of Combat - Run Script'),
(-(@CGUID+66), 0, 1002, 1003, 1, 0, 100, 1, 3600, 3600, 0, 0, 0, 64, 1, 0, 0, 0, 0, 0, 10, @CGUID+46, 0, 0, 0, 0, 0, 0, 0, 'Cabal Acolyte/Deathsworn - On Respawn - Store Targetlist'),
(-(@CGUID+66), 0, 1003, 0, 61, 0, 100, 0, 0, 0, 0, 0, 0, 64, 2, 0, 0, 0, 0, 0, 10, @CGUID+47, 0, 0, 0, 0, 0, 0, 0, 'Cabal Acolyte/Deathsworn - On Respawn - Store Targetlist'),
(-(@CGUID+58), 0, 0, 0, 4, 0, 10, 0, 0, 0, 0, 0, 0, 1, 0, 0, 1, 0, 0, 0, 7, 0, 0, 0, 0, 0, 0, 0, 0, 'Cabal Deathsworn - On Aggro - Say Line 0'),
(-(@CGUID+58), 0, 1, 0, 0, 0, 100, 0, 10200, 18100, 14100, 26200, 0, 11, 33480, 0, 0, 0, 0, 0, 2, 0, 0, 0, 0, 0, 0, 0, 0, 'Cabal Deathsworn - In Combat - Cast \'Black Cleave\''),
(-(@CGUID+58), 0, 2, 0, 0, 0, 100, 0, 10900, 28200, 12100, 22900, 0, 11, 11428, 0, 0, 0, 0, 0, 2, 0, 0, 0, 0, 0, 0, 0, 0, 'Cabal Deathsworn - In Combat - Cast \'Knockdown\''),
(-(@CGUID+58), 0, 3, 4, 2, 0, 100, 1, 0, 25, 0, 0, 0, 11, 8599, 0, 0, 0, 0, 0, 1, 0, 0, 0, 0, 0, 0, 0, 0, 'Cabal Deathsworn - Between 0-25% Health - Cast \'Enrage\'(No Repeat)'),
(-(@CGUID+58), 0, 4, 0, 61, 0, 100, 0, 0, 0, 0, 0, 0, 1, 1, 0, 0, 0, 0, 0, 1, 0, 0, 0, 0, 0, 0, 0, 0, 'Cabal Deathsworn - On Link - Say Line 1'),
(-(@CGUID+58), 0, 1001, 0, 1, 0, 100, 0, 0, 0, 16000, 16000, 0, 80, 1863330, 0, 0, 0, 0, 0, 1, 0, 0, 0, 0, 0, 0, 0, 0, 'Cabal Acolyte/Deathsworn - Out of Combat - Run Script'),
(-(@CGUID+58), 0, 1002, 1003, 1, 0, 100, 1, 3600, 3600, 0, 0, 0, 64, 1, 0, 0, 0, 0, 0, 10, @CGUID+38, 0, 0, 0, 0, 0, 0, 0, 'Cabal Acolyte/Deathsworn - On Respawn - Store Targetlist'),
(-(@CGUID+58), 0, 1003, 0, 61, 0, 100, 0, 0, 0, 0, 0, 0, 64, 2, 0, 0, 0, 0, 0, 10, @CGUID+37, 0, 0, 0, 0, 0, 0, 0, 'Cabal Acolyte/Deathsworn - On Respawn - Store Targetlist'),
-- Group Emotes in Blackheart
(-(@CGUID+35), 0, 0, 0, 4, 0, 10, 0, 0, 0, 0, 0, 0, 1, 0, 0, 0, 0, 0, 0, 1, 0, 0, 0, 0, 0, 0, 0, 0, 'Cabal Cultist - On Aggro - Say Line 0'),
(-(@CGUID+35), 0, 1, 0, 13, 0, 100, 0, 5000, 10000, 0, 0, 0, 11, 15614, 0, 0, 0, 0, 0, 2, 0, 0, 0, 0, 0, 0, 0, 0, 'Cabal Cultist - On Victim Casting \'null\' - Cast \'Kick\''),
(-(@CGUID+35), 0, 2, 0, 2, 0, 100, 1, 0, 15, 0, 0, 0, 25, 1, 0, 0, 0, 0, 0, 1, 0, 0, 0, 0, 0, 0, 0, 0, 'Cabal Cultist - Between 0-15% Health - Flee For Assist (No Repeat)'),
(-(@CGUID+35), 0, 1001, 1002, 1, 0, 100, 0, 6000, 6000, 16000, 16000, 0, 5, 273, 0, 0, 0, 0, 0, 1, 0, 0, 0, 0, 0, 0, 0, 0, 'Cabal Cultist - Out of Combat - Play Emote 273 (OneShotYes)'),
(-(@CGUID+35), 0, 1002, 0, 61, 0, 100, 0, 0, 0, 0, 0, 0, 5, 273, 0, 0, 0, 0, 0, 10, @CGUID+53, 0, 0, 0, 0, 0, 0, 0, 'Cabal Cultist - Out of Combat - Play Emote 273 (OneShotYes)'),
(-(@CGUID+35), 0, 1003, 1004, 1, 0, 100, 0, 10000, 10000, 16000, 16000, 0, 5, 11, 0, 0, 0, 0, 0, 1, 0, 0, 0, 0, 0, 0, 0, 0, 'Cabal Cultist - Out of Combat - Play Emote 11 (OneShotLaugh)'),
(-(@CGUID+35), 0, 1004, 0, 61, 0, 100, 0, 0, 0, 0, 0, 0, 5, 274, 0, 0, 0, 0, 0, 10, @CGUID+53, 0, 0, 0, 0, 0, 0, 0, 'Cabal Cultist - Out of Combat - Play Emote 274 (OneShotNo)'),
(-(@CGUID+31), 0, 0, 0, 4, 0, 10, 0, 0, 0, 0, 0, 0, 1, 0, 0, 0, 0, 0, 0, 1, 0, 0, 0, 0, 0, 0, 0, 0, 'Cabal Cultist - On Aggro - Say Line 0'),
(-(@CGUID+31), 0, 1, 0, 13, 0, 100, 0, 5000, 10000, 0, 0, 0, 11, 15614, 0, 0, 0, 0, 0, 2, 0, 0, 0, 0, 0, 0, 0, 0, 'Cabal Cultist - On Victim Casting \'null\' - Cast \'Kick\''),
(-(@CGUID+31), 0, 2, 0, 2, 0, 100, 1, 0, 15, 0, 0, 0, 25, 1, 0, 0, 0, 0, 0, 1, 0, 0, 0, 0, 0, 0, 0, 0, 'Cabal Cultist - Between 0-15% Health - Flee For Assist (No Repeat)'),
(-(@CGUID+31), 0, 1001, 1002, 1, 0, 100, 0, 6000, 6000, 16000, 16000, 0, 5, 273, 0, 0, 0, 0, 0, 1, 0, 0, 0, 0, 0, 0, 0, 0, 'Cabal Cultist - Out of Combat - Play Emote 273 (OneShotYes)'),
(-(@CGUID+31), 0, 1002, 0, 61, 0, 100, 0, 0, 0, 0, 0, 0, 5, 273, 0, 0, 0, 0, 0, 10, @CGUID+57, 0, 0, 0, 0, 0, 0, 0, 'Cabal Cultist - Out of Combat - Play Emote 273 (OneShotYes)'),
(-(@CGUID+31), 0, 1003, 1004, 1, 0, 100, 0, 10000, 10000, 16000, 16000, 0, 5, 11, 0, 0, 0, 0, 0, 1, 0, 0, 0, 0, 0, 0, 0, 0, 'Cabal Cultist - Out of Combat - Play Emote 11 (OneShotLaugh)'),
(-(@CGUID+31), 0, 1004, 0, 61, 0, 100, 0, 0, 0, 0, 0, 0, 5, 274, 0, 0, 0, 0, 0, 10, @CGUID+57, 0, 0, 0, 0, 0, 0, 0, 'Cabal Cultist - Out of Combat - Play Emote 274 (OneShotNo)'),
-- Group Emotes after Blackheart
(-(@CGUID+36), 0, 0, 0, 23, 0, 100, 0, 33482, 0, 3600, 3600, 0, 11, 33482, 32, 0, 0, 0, 0, 1, 0, 0, 0, 0, 0, 0, 0, 0, 'Cabal Acolyte - On Aura \'Shadow Defense\' Missing - Cast \'Shadow Defense\''),
(-(@CGUID+36), 0, 1, 0, 4, 0, 10, 0, 0, 0, 0, 0, 0, 1, 0, 0, 1, 0, 0, 0, 7, 0, 0, 0, 0, 0, 0, 0, 0, 'Cabal Acolyte - On Aggro - Say Line 0'),
(-(@CGUID+36), 0, 2, 0, 74, 0, 100, 2, 0, 60, 15700, 27700, 40, 11, 12039, 0, 0, 0, 0, 0, 7, 0, 0, 0, 0, 0, 0, 0, 0, 'Cabal Acolyte - On Friendly Between 0-60% Health - Cast \'Heal\' (Normal Dungeon)'),
(-(@CGUID+36), 0, 3, 0, 74, 0, 100, 4, 0, 60, 15700, 27700, 40, 11, 38209, 0, 0, 0, 0, 0, 7, 0, 0, 0, 0, 0, 0, 0, 0, 'Cabal Acolyte - On Friendly Between 0-60% Health - Cast \'Heal\' (Heroic Dungeon)'),
(-(@CGUID+36), 0, 4, 0, 74, 0, 100, 2, 0, 50, 13200, 19300, 40, 11, 25058, 0, 0, 0, 0, 0, 7, 0, 0, 0, 0, 0, 0, 0, 0, 'Cabal Acolyte - On Friendly Between 0-50% Health - Cast \'Renew\' (Normal Dungeon)'),
(-(@CGUID+36), 0, 5, 0, 74, 0, 100, 4, 0, 50, 13200, 19300, 40, 11, 38210, 0, 0, 0, 0, 0, 7, 0, 0, 0, 0, 0, 0, 0, 0, 'Cabal Acolyte - On Friendly Between 0-50% Health - Cast \'Renew\' (Heroic Dungeon)'),
(-(@CGUID+36), 0, 6, 0, 2, 0, 100, 1, 0, 15, 0, 0, 0, 25, 1, 0, 0, 0, 0, 0, 0, 0, 0, 0, 0, 0, 0, 0, 0, 'Cabal Acolyte - Between 0-15% Health - Flee For Assist (No Repeat)'),
(-(@CGUID+36), 0, 1001, 0, 1, 0, 100, 0, 0, 0, 16000, 16000, 0, 80, 1863330, 0, 0, 0, 0, 0, 1, 0, 0, 0, 0, 0, 0, 0, 0, 'Cabal Acolyte/Deathsworn - Out of Combat - Run Script'),
(-(@CGUID+36), 0, 1002, 1003, 1, 0, 100, 1, 3600, 3600, 0, 0, 0, 64, 1, 0, 0, 0, 0, 0, 10, @CGUID+55, 0, 0, 0, 0, 0, 0, 0, 'Cabal Acolyte/Deathsworn - On Respawn - Store Targetlist'),
(-(@CGUID+36), 0, 1003, 0, 61, 0, 100, 0, 0, 0, 0, 0, 0, 64, 2, 0, 0, 0, 0, 0, 10, @CGUID+56, 0, 0, 0, 0, 0, 0, 0, 'Cabal Acolyte/Deathsworn - On Respawn - Store Targetlist'),
-- That one Warlock with the Imps
(-(@CGUID+93), 0, 0, 0, 0, 0, 100, 2, 0, 0, 2400, 3600, 0, 11, 20801, 64, 0, 0, 0, 0, 2, 0, 0, 0, 0, 0, 0, 0, 0, 'Cabal Familiar - In Combat - Cast \'Firebolt\' (Normal Dungeon)'),
(-(@CGUID+93), 0, 1, 0, 0, 0, 100, 4, 0, 0, 2400, 3600, 0, 11, 38239, 64, 0, 0, 0, 0, 2, 0, 0, 0, 0, 0, 0, 0, 0, 'Cabal Familiar - In Combat - Cast \'Firebolt\' (Heroic Dungeon)'),
(-(@CGUID+93), 0, 1001, 0, 38, 0, 100, 0, 1, 1, 0, 0, 0, 69, 0, 0, 0, 0, 0, 0, 8, 0, 0, 0, 0, -54.60242, -78.51944, -1.1282262, 0, 'Cabal Familiar - On Data Set 1 1 - Move To Position'),
(-(@CGUID+93), 0, 1002, 0, 34, 0, 100, 0, 0, 0, 0, 0, 0, 66, 0, 0, 0, 0, 0, 0, 10, @CGUID+89, 0, 0, 0, 0, 0, 0, 0, 'Cabal Familiar - On Reached Point 0 - Set Orientation Closest Creature \'Cabal Warlock\''),
(-(@CGUID+93), 0, 1003, 0, 38, 0, 100, 0, 2, 2, 0, 0, 0, 69, 0, 0, 0, 0, 0, 0, 8, 0, 0, 0, 0, -54.600212, -77.50109, -1.127364, 0, 'Cabal Familiar - On Data Set 2 2 - Move To Position'),
(-(@CGUID+93), 0, 1004, 0, 38, 0, 100, 0, 3, 3, 0, 0, 0, 69, 0, 0, 0, 0, 0, 0, 8, 0, 0, 0, 0, -54.675922, -77.17647, -1.1273506, 0, 'Cabal Familiar - On Data Set 3 3 - Move To Position'),
(-(@CGUID+93), 0, 1005, 0, 38, 0, 100, 0, 4, 4, 0, 0, 0, 90, 7, 0, 0, 0, 0, 0, 1, 0, 0, 0, 0, 0, 0, 0, 0, 'Cabal Familiar - On Data Set 4 4 - Set Flag Standstate Dead'),
(-(@CGUID+93), 0, 1006, 1007, 38, 0, 100, 0, 5, 5, 0, 0, 0, 91, 7, 0, 0, 0, 0, 0, 1, 0, 0, 0, 0, 0, 0, 0, 0, 'Cabal Familiar - On Data Set 5 5 - Remove FlagStandstate Dead'),
(-(@CGUID+93), 0, 1007, 0, 61, 0, 100, 0, 0, 0, 0, 0, 0, 69, 0, 0, 0, 0, 0, 0, 8, 0, 0, 0, 0, -56.442944, -80.5976, -1.1282377, 0.4363323152065277, 'Cabal Familiar - On Data Set 5 5 - Move To Position'),
(-(@CGUID+93), 0, 1008, 0, 25, 0, 100, 0, 0, 0, 0, 0, 0, 59, 0, 0, 0, 0, 0, 0, 1, 0, 0, 0, 0, 0, 0, 0, 0, 'Cabal Familiar - On Reset - Set Run Off'),
(-(@CGUID+93), 0, 1009, 1010, 4, 0, 100, 0, 0, 0, 0, 0, 0, 59, 1, 0, 0, 0, 0, 0, 1, 0, 0, 0, 0, 0, 0, 0, 0, 'Cabal Familiar - On Aggro - Set Run On'),
(-(@CGUID+93), 0, 1010, 0, 61, 0, 100, 0, 0, 0, 0, 0, 0, 91, 7, 0, 0, 0, 0, 0, 1, 0, 0, 0, 0, 0, 0, 0, 0, 'Cabal Familiar - On Aggro - Remove FlagStandstate Dead'),

(-(@CGUID+95), 0, 0, 0, 0, 0, 100, 2, 0, 0, 2400, 3600, 0, 11, 20801, 64, 0, 0, 0, 0, 2, 0, 0, 0, 0, 0, 0, 0, 0, 'Cabal Familiar - In Combat - Cast \'Firebolt\' (Normal Dungeon)'),
(-(@CGUID+95), 0, 1, 0, 0, 0, 100, 4, 0, 0, 2400, 3600, 0, 11, 38239, 64, 0, 0, 0, 0, 2, 0, 0, 0, 0, 0, 0, 0, 0, 'Cabal Familiar - In Combat - Cast \'Firebolt\' (Heroic Dungeon)'),
(-(@CGUID+95), 0, 1001, 0, 38, 0, 100, 0, 1, 1, 0, 0, 0, 29, 1, 45, 0, 0, 0, 0, 10, @CGUID+93, 0, 0, 0, 0, 0, 0, 0, 'Cabal Familiar - On Data Set 1 1 - Start Follow Column Formation'),
(-(@CGUID+95), 0, 1002, 0, 38, 0, 100, 0, 2, 2, 0, 0, 0, 29, 1, 270, 0, 0, 0, 0, 10, @CGUID+93, 0, 0, 0, 0, 0, 0, 0, 'Cabal Familiar - On Data Set 2 2 - Start Follow Line Formation'),
(-(@CGUID+95), 0, 1003, 0, 38, 0, 100, 0, 3, 3, 0, 0, 0, 29, 1, 360, 0, 0, 0, 0, 10, @CGUID+93, 0, 0, 0, 0, 0, 0, 0, 'Cabal Familiar - On Data Set 3 3 - Start Follow Circle Formation'),
(-(@CGUID+95), 0, 1004, 0, 38, 0, 100, 0, 4, 4, 0, 0, 0, 90, 7, 0, 0, 0, 0, 0, 1, 0, 0, 0, 0, 0, 0, 0, 0, 'Cabal Familiar - On Data Set 4 4 - Set Flag Standstate Dead'),
(-(@CGUID+95), 0, 1005, 1006, 38, 0, 100, 0, 5, 5, 0, 0, 0, 91, 7, 0, 0, 0, 0, 0, 1, 0, 0, 0, 0, 0, 0, 0, 0, 'Cabal Familiar - On Data Set 5 5 - Remove FlagStandstate Dead'),
(-(@CGUID+95), 0, 1006, 0, 61, 0, 100, 0, 0, 0, 0, 0, 0, 29, 5, 30, 0, 0, 0, 0, 10, @CGUID+89, 0, 0, 0, 0, 0, 0, 0, 'Cabal Familiar - On Data Set 5 5 - Start Follow Semi-Circle Formation'),
(-(@CGUID+95), 0, 1007, 0, 4, 0, 100, 0, 0, 0, 0, 0, 0, 91, 7, 0, 0, 0, 0, 0, 1, 0, 0, 0, 0, 0, 0, 0, 0, 'Cabal Familiar - On Aggro - Remove FlagStandstate Dead'),

(-(@CGUID+96), 0, 0, 0, 0, 0, 100, 2, 0, 0, 2400, 3600, 0, 11, 20801, 64, 0, 0, 0, 0, 2, 0, 0, 0, 0, 0, 0, 0, 0, 'Cabal Familiar - In Combat - Cast \'Firebolt\' (Normal Dungeon)'),
(-(@CGUID+96), 0, 1, 0, 0, 0, 100, 4, 0, 0, 2400, 3600, 0, 11, 38239, 64, 0, 0, 0, 0, 2, 0, 0, 0, 0, 0, 0, 0, 0, 'Cabal Familiar - In Combat - Cast \'Firebolt\' (Heroic Dungeon)'),
(-(@CGUID+96), 0, 1001, 0, 38, 0, 100, 0, 1, 1, 0, 0, 0, 29, 1, 135, 0, 0, 0, 0, 10, @CGUID+93, 0, 0, 0, 0, 0, 0, 0, 'Cabal Familiar - On Data Set 1 1 - Start Follow Column Formation'),
(-(@CGUID+96), 0, 1002, 0, 38, 0, 100, 0, 2, 2, 0, 0, 0, 29, 2, 270, 0, 0, 0, 0, 10, @CGUID+93, 0, 0, 0, 0, 0, 0, 0, 'Cabal Familiar - On Data Set 2 2 - Start Follow Line Formation'),
(-(@CGUID+96), 0, 1003, 0, 38, 0, 100, 0, 3, 3, 0, 0, 0, 29, 1, 90, 0, 0, 0, 0, 10, @CGUID+93, 0, 0, 0, 0, 0, 0, 0, 'Cabal Familiar - On Data Set 3 3 - Start Follow Circle Formation'),
(-(@CGUID+96), 0, 1004, 0, 38, 0, 100, 0, 4, 4, 0, 0, 0, 90, 7, 0, 0, 0, 0, 0, 1, 0, 0, 0, 0, 0, 0, 0, 0, 'Cabal Familiar - On Data Set 4 4 - Set Flag Standstate Dead'),
(-(@CGUID+96), 0, 1005, 1006, 38, 0, 100, 0, 5, 5, 0, 0, 0, 91, 7, 0, 0, 0, 0, 0, 1, 0, 0, 0, 0, 0, 0, 0, 0, 'Cabal Familiar - On Data Set 5 5 - Remove FlagStandstate Dead'),
(-(@CGUID+96), 0, 1006, 0, 61, 0, 100, 0, 0, 0, 0, 0, 0, 29, 5, 360, 0, 0, 0, 0, 10, @CGUID+89, 0, 0, 0, 0, 0, 0, 0, 'Cabal Familiar - On Data Set 5 5 - Start Follow Semi-Circle Formation'),
(-(@CGUID+96), 0, 1007, 0, 4, 0, 100, 0, 0, 0, 0, 0, 0, 91, 7, 0, 0, 0, 0, 0, 1, 0, 0, 0, 0, 0, 0, 0, 0, 'Cabal Familiar - On Aggro - Remove FlagStandstate Dead'),

(-(@CGUID+97), 0, 0, 0, 0, 0, 100, 2, 0, 0, 2400, 3600, 0, 11, 20801, 64, 0, 0, 0, 0, 2, 0, 0, 0, 0, 0, 0, 0, 0, 'Cabal Familiar - In Combat - Cast \'Firebolt\' (Normal Dungeon)'),
(-(@CGUID+97), 0, 1, 0, 0, 0, 100, 4, 0, 0, 2400, 3600, 0, 11, 38239, 64, 0, 0, 0, 0, 2, 0, 0, 0, 0, 0, 0, 0, 0, 'Cabal Familiar - In Combat - Cast \'Firebolt\' (Heroic Dungeon)'),
(-(@CGUID+97), 0, 1001, 0, 38, 0, 100, 0, 1, 1, 0, 0, 0, 29, 1, 225, 0, 0, 0, 0, 10, @CGUID+93, 0, 0, 0, 0, 0, 0, 0, 'Cabal Familiar - On Data Set 1 1 - Start Follow Column Formation'),
(-(@CGUID+97), 0, 1002, 0, 38, 0, 100, 0, 2, 2, 0, 0, 0, 29, 1, 90, 0, 0, 0, 0, 10, @CGUID+93, 0, 0, 0, 0, 0, 0, 0, 'Cabal Familiar - On Data Set 2 2 - Start Follow Line Formation'),
(-(@CGUID+97), 0, 1003, 0, 38, 0, 100, 0, 3, 3, 0, 0, 0, 29, 1, 180, 0, 0, 0, 0, 10, @CGUID+93, 0, 0, 0, 0, 0, 0, 0, 'Cabal Familiar - On Data Set 3 3 - Start Follow Circle Formation'),
(-(@CGUID+97), 0, 1004, 0, 38, 0, 100, 0, 4, 4, 0, 0, 0, 90, 7, 0, 0, 0, 0, 0, 1, 0, 0, 0, 0, 0, 0, 0, 0, 'Cabal Familiar - On Data Set 4 4 - Set Flag Standstate Dead'),
(-(@CGUID+97), 0, 1005, 1006, 38, 0, 100, 0, 5, 5, 0, 0, 0, 91, 7, 0, 0, 0, 0, 0, 1, 0, 0, 0, 0, 0, 0, 0, 0, 'Cabal Familiar - On Data Set 5 5 - Remove FlagStandstate Dead'),
(-(@CGUID+97), 0, 1006, 0, 61, 0, 100, 0, 0, 0, 0, 0, 0, 29, 5, 330, 0, 0, 0, 0, 10, @CGUID+89, 0, 0, 0, 0, 0, 0, 0, 'Cabal Familiar - On Data Set 5 5 - Start Follow Semi-Circle Formation'),
(-(@CGUID+97), 0, 1007, 0, 4, 0, 100, 0, 0, 0, 0, 0, 0, 91, 7, 0, 0, 0, 0, 0, 1, 0, 0, 0, 0, 0, 0, 0, 0, 'Cabal Familiar - On Aggro - Remove FlagStandstate Dead'),

(-(@CGUID+99), 0, 0, 0, 0, 0, 100, 2, 0, 0, 2400, 3600, 0, 11, 20801, 64, 0, 0, 0, 0, 2, 0, 0, 0, 0, 0, 0, 0, 0, 'Cabal Familiar - In Combat - Cast \'Firebolt\' (Normal Dungeon)'),
(-(@CGUID+99), 0, 1, 0, 0, 0, 100, 4, 0, 0, 2400, 3600, 0, 11, 38239, 64, 0, 0, 0, 0, 2, 0, 0, 0, 0, 0, 0, 0, 0, 'Cabal Familiar - In Combat - Cast \'Firebolt\' (Heroic Dungeon)'),
(-(@CGUID+99), 0, 1001, 0, 38, 0, 100, 0, 1, 1, 0, 0, 0, 29, 1, 315, 0, 0, 0, 0, 10, @CGUID+93, 0, 0, 0, 0, 0, 0, 0, 'Cabal Familiar - On Data Set 1 1 - Start Follow Column Formation'),
(-(@CGUID+99), 0, 1002, 0, 38, 0, 100, 0, 2, 2, 0, 0, 0, 29, 2, 90, 0, 0, 0, 0, 10, @CGUID+93, 0, 0, 0, 0, 0, 0, 0, 'Cabal Familiar - On Data Set 2 2 - Start Follow Line Formation'),
(-(@CGUID+99), 0, 1003, 0, 38, 0, 100, 0, 3, 3, 0, 0, 0, 29, 1, 270, 0, 0, 0, 0, 10, @CGUID+93, 0, 0, 0, 0, 0, 0, 0, 'Cabal Familiar - On Data Set 3 3 - Start Follow Circle Formation'),
(-(@CGUID+99), 0, 1004, 0, 38, 0, 100, 0, 4, 4, 0, 0, 0, 90, 7, 0, 0, 0, 0, 0, 1, 0, 0, 0, 0, 0, 0, 0, 0, 'Cabal Familiar - On Data Set 4 4 - Set Flag Standstate Dead'),
(-(@CGUID+99), 0, 1005, 1006, 38, 0, 100, 0, 5, 5, 0, 0, 0, 91, 7, 0, 0, 0, 0, 0, 1, 0, 0, 0, 0, 0, 0, 0, 0, 'Cabal Familiar - On Data Set 5 5 - Remove FlagStandstate Dead'),
(-(@CGUID+99), 0, 1006, 0, 61, 0, 100, 0, 0, 0, 0, 0, 0, 29, 5, 300, 0, 0, 0, 0, 10, @CGUID+89, 0, 0, 0, 0, 0, 0, 0, 'Cabal Familiar - On Data Set 5 5 - Start Follow Semi-Circle Formation'),
(-(@CGUID+99), 0, 1007, 0, 4, 0, 100, 0, 0, 0, 0, 0, 0, 91, 7, 0, 0, 0, 0, 0, 1, 0, 0, 0, 0, 0, 0, 0, 0, 'Cabal Familiar - On Aggro - Remove FlagStandstate Dead'),

(-(@CGUID+89), 0, 0, 0, 23, 0, 100, 0, 13787, 0, 3600, 3600, 0, 11, 13787, 32, 0, 0, 0, 0, 1, 0, 0, 0, 0, 0, 0, 0, 0, 'Cabal Warlock - On Aura \'Demon Armor\' - Cast \'Demon Armor\''),
(-(@CGUID+89), 0, 1, 0, 4, 0, 10, 0, 0, 0, 0, 0, 0, 1, 0, 0, 1, 0, 0, 0, 7, 0, 0, 0, 0, 0, 0, 0, 0, 'Cabal Warlock - On Aggro - Say Line 0'),
(-(@CGUID+89), 0, 2, 0, 0, 0, 100, 2, 0, 0, 3600, 4800, 0, 11, 12471, 64, 0, 0, 0, 0, 2, 0, 0, 0, 0, 0, 0, 0, 0, 'Cabal Warlock - In Combat - Cast \'Shadow Bolt\' (Normal Dungeon)'),
(-(@CGUID+89), 0, 3, 0, 0, 0, 100, 4, 0, 0, 3600, 4800, 0, 11, 15232, 64, 0, 0, 0, 0, 2, 0, 0, 0, 0, 0, 0, 0, 0, 'Cabal Warlock - In Combat - Cast \'Shadow Bolt\' (Heroic Dungeon)'),
(-(@CGUID+89), 0, 4, 0, 0, 0, 100, 0, 7800, 24100, 19300, 36200, 0, 11, 32863, 32, 0, 0, 0, 0, 5, 0, 0, 0, 0, 0, 0, 0, 0, 'Cabal Warlock - In Combat - Cast \'Seed of Corruption\''),
(-(@CGUID+89), 0, 1001, 0, 1, 0, 100, 0, 0, 0, 21600, 21600, 0, 80, 1864000, 0, 0, 0, 0, 0, 1, 0, 0, 0, 0, 0, 0, 0, 0, 'Cabal Warlock - Out of Combat - Run Script');

DELETE FROM `smart_scripts` WHERE (`source_type` = 9 AND `entryorguid` IN (1863300, 1863301, 1863302, 1863303, 1863304, 1863305, 1863306, 1863307, 1863310, 1863311, 1863312, 1863313, 1863320, 1863321, 1863322, 1863323, 1863330, 1864000));
INSERT INTO `smart_scripts` (`entryorguid`, `source_type`, `id`, `link`, `event_type`, `event_phase_mask`, `event_chance`, `event_flags`, `event_param1`, `event_param2`, `event_param3`, `event_param4`, `event_param5`, `action_type`, `action_param1`, `action_param2`, `action_param3`, `action_param4`, `action_param5`, `action_param6`, `target_type`, `target_param1`, `target_param2`, `target_param3`, `target_param4`, `target_x`, `target_y`, `target_z`, `target_o`, `comment`) VALUES
-- @CGUID+74
(1863300, 9, 0, 0, 0, 0, 100, 0, 0, 0, 0, 0, 0, 69, 1, 0, 0, 0, 0, 0, 8, 0, 0, 0, 0, -56.12531,15.902268,-1.1280963,1.500983119010925292, 'Cabal Acolyte/Deathsworn - Actionlist - Move To Position'),
(1863301, 9, 0, 0, 0, 0, 100, 0, 0, 0, 0, 0, 0, 69, 2, 0, 0, 0, 0, 0, 8, 0, 0, 0, 0, -45.583424,18.347652,-1.1280077,2.408554315567016601, 'Cabal Acolyte/Deathsworn - Actionlist - Move To Position'),
(1863302, 9, 0, 0, 0, 0, 100, 0, 0, 0, 0, 0, 0, 69, 3, 0, 0, 0, 0, 0, 8, 0, 0, 0, 0, -39.553253,-2.8745165,-1.1311177,3.909537553787231445, 'Cabal Acolyte/Deathsworn - Actionlist - Move To Position'),
(1863303, 9, 0, 0, 0, 0, 100, 0, 0, 0, 0, 0, 0, 53, 0, 1863300, 0, 0, 0, 2, 1, 0, 0, 0, 0, 0, 0, 0, 0, 'Cabal Acolyte/Deathsworn - Actionlist - Start Waypoint'),
(1863304, 9, 0, 0, 0, 0, 100, 0, 0, 0, 0, 0, 0, 90, 8, 0, 0, 0, 0, 0, 1, 0, 0, 0, 0, 0, 0, 0, 0, 'Cabal Acolyte/Deathsworn - Actionlist - Set Flag Standstate Kneel'),
(1863304, 9, 1, 0, 0, 0, 100, 0, 6000, 6000, 0, 0, 0, 5, 6, 0, 0, 0, 0, 0, 1, 0, 0, 0, 0, 0, 0, 0, 0, 'Cabal Acolyte/Deathsworn - Actionlist - Play Emote 6 (OneShotQuestion)'),
(1863304, 9, 2, 0, 0, 0, 100, 0, 3600, 3600, 0, 0, 0, 69, 4, 0, 0, 0, 0, 0, 8, 0, 0, 0, 0, -38.904556, 9.191648, -1.1282171, 0, 'Cabal Acolyte/Deathsworn - Actionlist - Return'),
(1863305, 9, 0, 0, 0, 0, 100, 0, 0, 0, 0, 0, 0, 90, 8, 0, 0, 0, 0, 0, 1, 0, 0, 0, 0, 0, 0, 0, 0, 'Cabal Acolyte/Deathsworn - Actionlist - Set Flag Standstate Kneel'),
(1863305, 9, 1, 0, 0, 0, 100, 0, 6000, 6000, 0, 0, 0, 5, 6, 0, 0, 0, 0, 0, 1, 0, 0, 0, 0, 0, 0, 0, 0, 'Cabal Acolyte/Deathsworn - Actionlist - Play Emote 6 (OneShotQuestion)'),
(1863305, 9, 2, 0, 0, 0, 100, 0, 3600, 3600, 0, 0, 0, 69, 4, 0, 0, 0, 0, 0, 8, 0, 0, 0, 0, -38.700325, 9.738519, -1.1281042, 0, 'Cabal Acolyte/Deathsworn - Actionlist - Return'),
(1863306, 9, 0, 0, 0, 0, 100, 0, 0, 0, 0, 0, 0, 90, 8, 0, 0, 0, 0, 0, 1, 0, 0, 0, 0, 0, 0, 0, 0, 'Cabal Acolyte/Deathsworn - Actionlist - Set Flag Standstate Kneel'),
(1863306, 9, 1, 0, 0, 0, 100, 0, 6000, 6000, 0, 0, 0, 5, 6, 0, 0, 0, 0, 0, 1, 0, 0, 0, 0, 0, 0, 0, 0, 'Cabal Acolyte/Deathsworn - Actionlist - Play Emote 6 (OneShotQuestion)'),
(1863306, 9, 2, 0, 0, 0, 100, 0, 3600, 3600, 0, 0, 0, 69, 4, 0, 0, 0, 0, 0, 8, 0, 0, 0, 0, -38.106625, 7.8376193, -1.139362, 0, 'Cabal Acolyte/Deathsworn - Actionlist - Return'),
(1863307, 9, 0, 0, 0, 0, 100, 0, 0, 0, 0, 0, 0, 90, 8, 0, 0, 0, 0, 0, 1, 0, 0, 0, 0, 0, 0, 0, 0, 'Cabal Acolyte/Deathsworn - Actionlist - Set Flag Standstate Kneel'),
(1863307, 9, 1, 0, 0, 0, 100, 0, 6000, 6000, 0, 0, 0, 5, 6, 0, 0, 0, 0, 0, 1, 0, 0, 0, 0, 0, 0, 0, 0, 'Cabal Acolyte/Deathsworn - Actionlist - Play Emote 6 (OneShotQuestion)'),
(1863307, 9, 2, 0, 0, 0, 100, 0, 3600, 3600, 0, 0, 0, 53, 0, 1863301, 0, 0, 0, 2, 1, 0, 0, 0, 0, 0, 0, 0, 0, 'Cabal Acolyte/Deathsworn - Actionlist - Return'),
-- @CGUID+75
(1863310, 9, 0, 0, 0, 0, 100, 0, 0, 0, 0, 0, 0, 17, 69, 0, 0, 0, 0, 0, 1, 0, 0, 0, 0, 0, 0, 0, 0, 'Cabal Acolyte/Deathsworn - Actionlist - Set Emote State 69'),
(1863310, 9, 1, 0, 0, 0, 100, 0, 120000, 120000, 0, 0, 0, 53, 0, 1863311, 0, 0, 0, 2, 1, 0, 0, 0, 0, 0, 0, 0, 0, 'Cabal Acolyte/Deathsworn - Actionlist - Start Waypoint'),
(1863311, 9, 0, 0, 0, 0, 100, 0, 120000, 120000, 0, 0, 0, 53, 0, 1863312, 0, 0, 0, 2, 1, 0, 0, 0, 0, 0, 0, 0, 0, 'Cabal Acolyte/Deathsworn - Actionlist - Start Waypoint'),
(1863312, 9, 0, 0, 0, 0, 100, 0, 0, 0, 0, 0, 0, 5, 5, 0, 0, 0, 0, 0, 1, 0, 0, 0, 0, 0, 0, 0, 0, 'Cabal Acolyte/Deathsworn - Actionlist - Play Emote 5 (OneShotExclamation)'),
(1863312, 9, 1, 0, 0, 0, 100, 0, 3600, 3600, 0, 0, 0, 5, 274, 0, 0, 0, 0, 0, 0, 0, 0, 0, 0, 0, 0, 0, 0, 'Cabal Acolyte/Deathsworn - Actionlist - Play Emote 274 (OneShotNo)'),
(1863312, 9, 2, 0, 0, 0, 100, 0, 0, 0, 0, 0, 0, 53, 0, 1863313, 0, 0, 0, 2, 1, 0, 0, 0, 0, 0, 0, 0, 0, 'Cabal Acolyte/Deathsworn - Actionlist - Start Waypoint'),
(1863313, 9, 0, 0, 0, 0, 100, 0, 0, 0, 0, 0, 0, 11, 6606, 0, 0, 0, 0, 0, 1, 0, 0, 0, 0, 0, 0, 0, 0, 'Cabal Acolyte/Deathsworn - Actionlist - Cast \'Self Visual - Sleep Until Cancelled  (DND)\''),
(1863313, 9, 1, 0, 0, 0, 100, 0, 0, 0, 0, 0, 0, 90, 3, 0, 0, 0, 0, 0, 1, 0, 0, 0, 0, 0, 0, 0, 0, 'Cabal Acolyte/Deathsworn - Actionlist - Set Flag Standstate Sleep'),
-- @CGUID+59
(1863320, 9, 0, 0, 0, 0, 100, 0, 0, 0, 0, 0, 0, 90, 8, 0, 0, 0, 0, 0, 1, 0, 0, 0, 0, 0, 0, 0, 0, 'Cabal Acolyte/Deathsworn - Actionlist - Set Flag Standstate Kneel'),
(1863320, 9, 1, 0, 0, 0, 100, 0, 10000, 20000, 0, 0, 0, 90, 0, 0, 0, 0, 0, 0, 1, 0, 0, 0, 0, 0, 0, 0, 0, 'Cabal Acolyte/Deathsworn - Actionlist - Set Flag Standstate Stand Up'),
(1863320, 9, 2, 0, 0, 0, 100, 0, 3600, 3600, 0, 0, 0, 53, 0, 1863321, 0, 0, 0, 2, 1, 0, 0, 0, 0, 0, 0, 0, 0, 'Cabal Acolyte/Deathsworn - Actionlist - Start Waypoint'),
(1863321, 9, 0, 0, 0, 0, 100, 0, 0, 0, 0, 0, 0, 90, 8, 0, 0, 0, 0, 0, 1, 0, 0, 0, 0, 0, 0, 0, 0, 'Cabal Acolyte/Deathsworn - Actionlist - Set Flag Standstate Kneel'),
(1863321, 9, 1, 0, 0, 0, 100, 0, 10000, 20000, 0, 0, 0, 90, 0, 0, 0, 0, 0, 0, 1, 0, 0, 0, 0, 0, 0, 0, 0, 'Cabal Acolyte/Deathsworn - Actionlist - Set Flag Standstate Stand Up'),
(1863321, 9, 2, 0, 0, 0, 100, 0, 3600, 3600, 0, 0, 0, 53, 0, 1863322, 0, 0, 0, 2, 1, 0, 0, 0, 0, 0, 0, 0, 0, 'Cabal Acolyte/Deathsworn - Actionlist - Start Waypoint'),
(1863322, 9, 0, 0, 0, 0, 100, 0, 0, 0, 0, 0, 0, 90, 8, 0, 0, 0, 0, 0, 1, 0, 0, 0, 0, 0, 0, 0, 0, 'Cabal Acolyte/Deathsworn - Actionlist - Set Flag Standstate Kneel'),
(1863322, 9, 1, 0, 0, 0, 100, 0, 10000, 20000, 0, 0, 0, 90, 0, 0, 0, 0, 0, 0, 1, 0, 0, 0, 0, 0, 0, 0, 0, 'Cabal Acolyte/Deathsworn - Actionlist - Set Flag Standstate Stand Up'),
(1863322, 9, 2, 0, 0, 0, 100, 0, 3600, 3600, 0, 0, 0, 53, 0, 1863323, 0, 0, 0, 2, 1, 0, 0, 0, 0, 0, 0, 0, 0, 'Cabal Acolyte/Deathsworn - Actionlist - Start Waypoint'),
(1863323, 9, 0, 0, 0, 0, 100, 0, 0, 0, 0, 0, 0, 90, 8, 0, 0, 0, 0, 0, 1, 0, 0, 0, 0, 0, 0, 0, 0, 'Cabal Acolyte/Deathsworn - Actionlist - Set Flag Standstate Kneel'),
(1863323, 9, 1, 0, 0, 0, 100, 0, 10000, 20000, 0, 0, 0, 90, 0, 0, 0, 0, 0, 0, 1, 0, 0, 0, 0, 0, 0, 0, 0, 'Cabal Acolyte/Deathsworn - Actionlist - Set Flag Standstate Stand Up'),
(1863323, 9, 2, 0, 0, 0, 100, 0, 3600, 3600, 0, 0, 0, 53, 0, 1863320, 0, 0, 0, 2, 1, 0, 0, 0, 0, 0, 0, 0, 0, 'Cabal Acolyte/Deathsworn - Actionlist - Start Waypoint'),
-- Group Emotes
(1863330, 9, 0, 0, 0, 0, 100, 0, 0, 0, 0, 0, 0, 5, 5, 0, 0, 0, 0, 0, 1, 0, 0, 0, 0, 0, 0, 0, 0, 'Cabal Acolyte/Deathsworn - Actionlist - Play Emote 5'),
(1863330, 9, 1, 0, 0, 0, 100, 0, 800, 800, 0, 0, 0, 5, 273, 0, 0, 0, 0, 0, 12, 1, 0, 0, 0, 0, 0, 0, 0, 'Cabal Acolyte/Deathsworn - Actionlist - Play Emote 273'),
(1863330, 9, 2, 0, 0, 0, 100, 0, 0, 0, 0, 0, 0, 5, 273, 0, 0, 0, 0, 0, 12, 2, 0, 0, 0, 0, 0, 0, 0, 'Cabal Acolyte/Deathsworn - Actionlist - Play Emote 273'),
(1863330, 9, 3, 0, 0, 0, 100, 0, 5200, 5200, 0, 0, 0, 5, 1, 0, 0, 0, 0, 0, 1, 0, 0, 0, 0, 0, 0, 0, 0, 'Cabal Acolyte/Deathsworn - Actionlist - Play Emote 1'),
(1863330, 9, 4, 0, 0, 0, 100, 0, 800, 800, 0, 0, 0, 5, 11, 0, 0, 0, 0, 0, 12, 1, 0, 0, 0, 0, 0, 0, 0, 'Cabal Acolyte/Deathsworn - Actionlist - Play Emote 11'),
(1863330, 9, 5, 0, 0, 0, 100, 0, 0, 0, 0, 0, 0, 5, 274, 0, 0, 0, 0, 0, 12, 2, 0, 0, 0, 0, 0, 0, 0, 'Cabal Acolyte/Deathsworn - Actionlist - Play Emote 274'),
-- Warlock w/ Imps
(1864000, 9, 0, 0, 0, 0, 100, 0, 0, 0, 0, 0, 0, 5, 25, 0, 0, 0, 0, 0, 1, 0, 0, 0, 0, 0, 0, 0, 0, 'Cabal Warlock - Actionlist - Play Emote 25 (OneShotPoint)'),
(1864000, 9, 1, 0, 0, 0, 100, 0, 0, 0, 0, 0, 0, 45, 1, 1, 0, 0, 0, 0, 9, 18641, 0, 10, 0, 0, 0, 0, 0, 'Cabal Warlock - Actionlist - Set Data 1 1 on Cabal Familiar'),
(1864000, 9, 2, 0, 0, 0, 100, 0, 4800, 4800, 0, 0, 0, 5, 25, 0, 0, 0, 0, 0, 1, 0, 0, 0, 0, 0, 0, 0, 0, 'Cabal Warlock - Actionlist - Play Emote 25 (OneShotPoint)'),
(1864000, 9, 3, 0, 0, 0, 100, 0, 0, 0, 0, 0, 0, 45, 2, 2, 0, 0, 0, 0, 9, 18641, 0, 10, 0, 0, 0, 0, 0, 'Cabal Warlock - Actionlist - Set Data 2 2 on Cabal Familiar'),
(1864000, 9, 4, 0, 0, 0, 100, 0, 4800, 4800, 0, 0, 0, 5, 25, 0, 0, 0, 0, 0, 1, 0, 0, 0, 0, 0, 0, 0, 0, 'Cabal Warlock - Actionlist - Play Emote 25 (OneShotPoint)'),
(1864000, 9, 5, 0, 0, 0, 100, 0, 0, 0, 0, 0, 0, 45, 3, 3, 0, 0, 0, 0, 9, 18641, 0, 10, 0, 0, 0, 0, 0, 'Cabal Warlock - Actionlist - Set Data 3 3 on Cabal Familiar'),
(1864000, 9, 6, 0, 0, 0, 100, 0, 3600, 3600, 0, 0, 0, 5, 15, 0, 0, 0, 0, 0, 1, 0, 0, 0, 0, 0, 0, 0, 0, 'Cabal Warlock - Actionlist - Play Emote 15 (OneShotRoar)'),
(1864000, 9, 7, 0, 0, 0, 100, 0, 0, 0, 0, 0, 0, 45, 4, 4, 0, 0, 0, 0, 9, 18641, 0, 10, 0, 0, 0, 0, 0, 'Cabal Warlock - Actionlist - Set Data 4 4 on Cabal Familiar'),
(1864000, 9, 8, 0, 0, 0, 100, 0, 3600, 3600, 0, 0, 0, 5, 11, 0, 0, 0, 0, 0, 1, 0, 0, 0, 0, 0, 0, 0, 0, 'Cabal Warlock - Actionlist - Play Emote 11 (OneShotLaugh)'),
(1864000, 9, 9, 0, 0, 0, 100, 0, 0, 0, 0, 0, 0, 45, 5, 5, 0, 0, 0, 0, 9, 18641, 0, 10, 0, 0, 0, 0, 0, 'Cabal Warlock - Actionlist - Set Data 5 5 on Cabal Familiar');

DELETE FROM `waypoints` WHERE `entry` IN (1863300, 1863301, 1863310, 1863311, 1863312, 1863313, 1863314, 1863320, 1863321, 1863322, 1863323);
INSERT INTO `waypoints` (`entry`, `pointid`, `position_x`, `position_y`, `position_z`, `orientation`, `point_comment`) VALUES
-- @CGUID+74
(1863300,1,-52.02843,7.989649,-1.1363385,NULL,'Cabal Acolyte/Deathsworn - Scripted Movement'),
(1863300,2,-60.46806,-17.786806,-1.1281031,NULL,'Cabal Acolyte/Deathsworn - Scripted Movement'),
(1863300,3,-62.2594,-17.671495,-0.8781476,NULL,'Cabal Acolyte/Deathsworn - Scripted Movement - Decomposed'),
(1863300,4,-72.0094,-18.171495,-0.8781476,NULL,'Cabal Acolyte/Deathsworn - Scripted Movement - Decomposed'),
(1863300,5,-88.0094,-19.171495,-0.8781476,NULL,'Cabal Acolyte/Deathsworn - Scripted Movement - Decomposed'),
(1863300,6,-91.59668,-19.750717,-1.1281965,NULL,'Cabal Acolyte/Deathsworn - Scripted Movement'), -- Kneel
(1863301,1,-79.35473,-18.369698,-1.1281896,NULL,'Cabal Acolyte/Deathsworn - Scripted Movement'),
(1863301,2,-60.68144,-18.41702,-1.1281054,NULL,'Cabal Acolyte/Deathsworn - Scripted Movement'),
(1863301,3,-59.339016,8.937592,-1.1331869,NULL,'Cabal Acolyte/Deathsworn - Scripted Movement'),
(1863301,4,-38.207558,6.4706,-1.1396345,NULL,'Cabal Acolyte/Deathsworn - Scripted Movement'),
-- @CGUID+75
(1863310,1,-72.57798,-57.46383,-1.1282872,NULL,'Cabal Acolyte/Deathsworn - Scripted Movement'),
(1863310,2,-73.312515,-47.810535,-1.1282725,NULL,'Cabal Acolyte/Deathsworn - Scripted Movement'),
(1863310,3,-75.1045,-31.282742,-1.128238,NULL,'Cabal Acolyte/Deathsworn - Scripted Movement'),
(1863310,4,-70.535805,-9.529369,-1.1282011,NULL,'Cabal Acolyte/Deathsworn - Scripted Movement'),
(1863310,5,-71.11048,4.415329,-1.131315,NULL,'Cabal Acolyte/Deathsworn - Scripted Movement'),
(1863310,6,-77.05485,13.641082,-1.1259611,NULL,'Cabal Acolyte/Deathsworn - Scripted Movement'),
(1863310,7,-83.71878,16.439613,-1.1252953,NULL,'Cabal Acolyte/Deathsworn - Scripted Movement'),
(1863311,1,-83.42682,9.065303,-1.128148,NULL,'Cabal Acolyte/Deathsworn - Scripted Movement'),
(1863311,2,-87.13698,5.347651,-1.1294439,NULL,'Cabal Acolyte/Deathsworn - Scripted Movement'),
(1863311,3,-92.58539,6.675378,-1.1281886,NULL,'Cabal Acolyte/Deathsworn - Scripted Movement'),
(1863312,1,-75.12263,5.945516,-1.1334243,NULL,'Cabal Acolyte/Deathsworn - Scripted Movement'),
(1863312,2,-71.03537,0.777348,-1.1332686,NULL,'Cabal Acolyte/Deathsworn - Scripted Movement'),
(1863312,3,-71.02589,-13.750463,-1.1282126,NULL,'Cabal Acolyte/Deathsworn - Scripted Movement'),
(1863312,4,-78.04927,-34.81697,-1.128252,NULL,'Cabal Acolyte/Deathsworn - Scripted Movement'),
(1863313,1,-71.23069,-3.681942,-1.1282022,NULL,'Cabal Acolyte/Deathsworn - Scripted Movement'),
(1863313,2,-71.75592,4.065299,-1.1312664,NULL,'Cabal Acolyte/Deathsworn - Scripted Movement'),
(1863313,3,-83.33886,16.183434,-1.1253709,NULL,'Cabal Acolyte/Deathsworn - Scripted Movement'),
(1863313,4,-83.42682,9.065303,-1.128148,NULL,'Cabal Acolyte/Deathsworn - Scripted Movement'),
(1863313,5,-87.13698,5.347651,-1.1294439,NULL,'Cabal Acolyte/Deathsworn - Scripted Movement'),
(1863313,6,-92.58539,6.675378,-1.1281886,NULL,'Cabal Acolyte/Deathsworn - Scripted Movement'),
(1863313,7,-95.19748,15.935198,-1.1281945,NULL,'Cabal Acolyte/Deathsworn - Scripted Movement'),
-- @CGUID+59
(1863320,1,-31.467445,-76.35811,-1.1387877,NULL,'Cabal Acolyte/Deathsworn - Scripted Movement'),
(1863320,2,-40.881832,-83.187546,-1.1387525,NULL,'Cabal Acolyte/Deathsworn - Scripted Movement'),
(1863320,3,-53.190514,-85.86522,-1.1293151,NULL,'Cabal Acolyte/Deathsworn - Scripted Movement'),
(1863320,4,-48.516537,-89.56273,-1.1283104,5.270894527435302734,'Cabal Acolyte/Deathsworn - Scripted Movement'), -- Kneel Event
(1863321,1,-54.63497,-86.19853,-1.1276491,NULL,'Cabal Acolyte/Deathsworn - Scripted Movement'),
(1863321,2,-71.14439,-87.47349,-1.1276826,NULL,'Cabal Acolyte/Deathsworn - Scripted Movement'),
(1863321,3,-71.67121,-88.54126,-0.8780625,NULL,'Cabal Acolyte/Deathsworn - Scripted Movement - Decomposed'),
(1863321,4,-74.58814,-92.29362,-1.1282818,NULL,'Cabal Acolyte/Deathsworn - Scripted Movement'), -- Kneel Event
(1863322,1,-76.037605,-87.968254,-1.1282866,NULL,'Cabal Acolyte/Deathsworn - Scripted Movement'),
(1863322,2,-77.01048,-87.40318,-0.8784666,NULL,'Cabal Acolyte/Deathsworn - Scripted Movement - Decomposed'),
(1863322,3,-87.973404,-84.875786,-1.1286482,NULL,'Cabal Acolyte/Deathsworn - Scripted Movement'),
(1863322,4,-93.06858,-93.0166,-1.1283059,0.802851438522338867,'Cabal Acolyte/Deathsworn - Scripted Movement'),  -- Kneel Event
(1863323,1,-88.036644,-83.68095,-1.128579,NULL,'Cabal Acolyte/Deathsworn - Scripted Movement'),
(1863323,2,-80.11424,-88.83278,-1.1282915,NULL,'Cabal Acolyte/Deathsworn - Scripted Movement'),
(1863323,3,-67.98374,-85.89638,-1.1252053,NULL,'Cabal Acolyte/Deathsworn - Scripted Movement'),
(1863323,4,-44.839676,-84.90544,-1.133501,NULL,'Cabal Acolyte/Deathsworn - Scripted Movement'),
(1863323,5,-31.467445,-76.35811,-1.1387877,NULL,'Cabal Acolyte/Deathsworn - Scripted Movement'); -- Kneel Event

-- https://github.com/azerothcore/azerothcore-wotlk/issues/14698
UPDATE `creature_template_addon` SET `bytes1` = 0, `bytes2` = 1 WHERE (`entry` IN (18830, 20644, 18638, 20650));

SET @NPC := @CGUID+25;
SET @PATH := @NPC * 10;
UPDATE `creature` SET `wander_distance`=0,`MovementType`=2 WHERE `guid`=@NPC;
DELETE FROM `creature_addon` WHERE `guid`=@NPC;
INSERT INTO `creature_addon` (`guid`,`path_id`,`mount`,`bytes1`,`bytes2`,`emote`,`visibilityDistanceType`,`auras`) VALUES (@NPC,@PATH,0,8,1,0,0, '');
DELETE FROM `waypoint_data` WHERE `id`=@PATH;
INSERT INTO `waypoint_data` (`id`,`point`,`position_x`,`position_y`,`position_z`,`orientation`,`delay`,`move_type`,`action`,`action_chance`,`wpguid`) VALUES
(@PATH,1,-354.83398,-267.55493,12.68742,NULL,15400,0,0,100,0), -- Kneel
(@PATH,2,-367.75922,-267.6575,12.688927,NULL,0,0,0,100,0),
(@PATH,3,-367.59622,-267.65622,12.689046,0.03490658476948738,15400,0,0,100,0); -- Kneel

SET @NPC := @CGUID+27;
SET @PATH := @NPC * 10;
UPDATE `creature` SET `wander_distance`=0,`MovementType`=2 WHERE `guid`=@NPC;
DELETE FROM `creature_addon` WHERE `guid`=@NPC;
INSERT INTO `creature_addon` (`guid`,`path_id`,`mount`,`bytes1`,`bytes2`,`emote`,`visibilityDistanceType`,`auras`) VALUES (@NPC,@PATH,0,8,1,0,0, '');
DELETE FROM `waypoint_data` WHERE `id`=@PATH;
INSERT INTO `waypoint_data` (`id`,`point`,`position_x`,`position_y`,`position_z`,`orientation`,`delay`,`move_type`,`action`,`action_chance`,`wpguid`) VALUES
(@PATH,1,-323.5248,-264.78464,12.684626,0.01745329238474369,15400,0,0,100,0), -- Kneel
(@PATH,2,-290.12753,-263.76453,12.682338,NULL,15400,0,0,100,0); -- Kneel

SET @NPC := @CGUID+197;
SET @PATH := @NPC * 10;
UPDATE `creature` SET `wander_distance`=0,`MovementType`=2 WHERE `guid`=@NPC;
DELETE FROM `creature_addon` WHERE `guid`=@NPC;
INSERT INTO `creature_addon` (`guid`,`path_id`,`mount`,`bytes1`,`bytes2`,`emote`,`visibilityDistanceType`,`auras`) VALUES (@NPC,@PATH,0,0,1,0,0, '');
DELETE FROM `waypoint_data` WHERE `id`=@PATH;
INSERT INTO `waypoint_data` (`id`,`point`,`position_x`,`position_y`,`position_z`,`orientation`,`delay`,`move_type`,`action`,`action_chance`,`wpguid`) VALUES
(@PATH,1,-246.49648,-282.56845,17.086329,NULL,0,0,0,100,0),
(@PATH,2,-238.89442,-277.1962,17.086287,NULL,0,0,0,100,0),
(@PATH,3,-232.98311,-270.28983,17.086288,NULL,0,0,0,100,0),
(@PATH,4,-231.82408,-256.32004,17.086378,NULL,0,0,0,100,0),
(@PATH,5,-240.6651,-248.60138,17.086283,NULL,0,0,0,100,0),
(@PATH,6,-247.90907,-247.09088,17.086376,NULL,0,0,0,100,0),
(@PATH,7,-258.20337,-246.84099,12.67995,NULL,0,0,0,100,0),
(@PATH,8,-268.21298,-248.91357,12.064231,NULL,0,0,0,100,0),
(@PATH,9,-275.60107,-252.21254,12.681708,NULL,0,0,0,100,0),
(@PATH,10,-279.302,-258.68976,12.681697,NULL,0,0,0,100,0),
(@PATH,11,-279.3916,-269.65582,12.681446,NULL,0,0,0,100,0),
(@PATH,12,-271.79556,-275.23175,12.6813135,NULL,0,0,0,100,0),
(@PATH,13,-264.27405,-279.25732,12.680406,NULL,0,0,0,100,0),
(@PATH,14,-257.4364,-281.72037,12.679068,NULL,0,0,0,100,0);

DELETE FROM `creature_addon` WHERE (`guid` IN (@CGUID+83,@CGUID+193,@CGUID+190,@CGUID+84,@CGUID+194,@CGUID+192,@CGUID+85,@CGUID+195,@CGUID+26,@CGUID+191));
INSERT INTO `creature_addon` (`guid`, `path_id`, `mount`, `bytes1`, `bytes2`, `emote`, `visibilityDistanceType`, `auras`) VALUES
(@CGUID+83 , 0, 0, 8, 1, 0, 0, ''),
(@CGUID+193, 0, 0, 8, 1, 0, 0, ''),
(@CGUID+190, 0, 0, 8, 1, 0, 0, ''),
(@CGUID+84 , 0, 0, 8, 1, 0, 0, ''),
(@CGUID+194, 0, 0, 8, 1, 0, 0, ''),
(@CGUID+192, 0, 0, 8, 1, 0, 0, ''),
(@CGUID+85 , 0, 0, 8, 1, 0, 0, ''),
(@CGUID+195, 0, 0, 8, 1, 0, 0, ''),
(@CGUID+26 , 0, 0, 8, 1, 0, 0, ''),
(@CGUID+191, 0, 0, 8, 1, 0, 0, '');

DELETE FROM `creature_formations` WHERE `leaderGUID` IN (@CGUID+25,@CGUID+27,@CGUID+197) AND `memberGUID` IN (@CGUID+25,@CGUID+193,@CGUID+83,@CGUID+190,@CGUID+27,@CGUID+194,@CGUID+84,@CGUID+192,@CGUID+197,@CGUID+196,@CGUID+86,@CGUID+87);
INSERT INTO `creature_formations` (`leaderGUID`, `memberGUID`, `dist`, `angle`, `groupAI`) VALUES
(@CGUID+025, @CGUID+025, 0, 0, 3),
(@CGUID+025, @CGUID+193, 2, 90, 515),
(@CGUID+025, @CGUID+083, 4, 90, 515),
(@CGUID+025, @CGUID+190, 2, 270, 515),
(@CGUID+027, @CGUID+027, 0, 0, 3),
(@CGUID+027, @CGUID+194, 3, 90, 515),
(@CGUID+027, @CGUID+084, 6, 90, 515),
(@CGUID+027, @CGUID+192, 3, 270, 515),
(@CGUID+197, @CGUID+197, 0, 0, 3),
(@CGUID+197, @CGUID+196, 2, 90, 515),
(@CGUID+197, @CGUID+086, 4, 90, 515),
(@CGUID+197, @CGUID+087, 2, 270, 515);

/*
	Murmur RP
*/

DELETE FROM `smart_scripts` WHERE (`source_type` = 0 AND `entryorguid` IN (-(@CGUID+209), -(@CGUID+210)));
INSERT INTO `smart_scripts` (`entryorguid`, `source_type`, `id`, `link`, `event_type`, `event_phase_mask`, `event_chance`, `event_flags`, `event_param1`, `event_param2`, `event_param3`, `event_param4`, `event_param5`, `action_type`, `action_param1`, `action_param2`, `action_param3`, `action_param4`, `action_param5`, `action_param6`, `target_type`, `target_param1`, `target_param2`, `target_param3`, `target_param4`, `target_x`, `target_y`, `target_z`, `target_o`, `comment`) VALUES
(-(@CGUID+209), 0, 0, 1, 11, 0, 100, 0, 0, 0, 0, 0, 0, 121, 90, 0, 0, 0, 0, 0, 1, 0, 0, 0, 0, 0, 0, 0, 0, 'Cabal Summoner - On Respawn - Set Sight Dist 90y'),
(-(@CGUID+209), 0, 1, 0, 61, 0, 100, 0, 0, 0, 0, 0, 0, 8, 0, 0, 0, 0, 0, 0, 1, 0, 0, 0, 0, 0, 0, 0, 0, 'Cabal Summoner - Linked - Set Reactstate Passive'),
(-(@CGUID+209), 0, 2, 3, 10, 0, 100, 1, 0, 90, 3600, 3600, 1, 45, 1, 1, 0, 0, 0, 0, 9, 0, 0, 200, 0, 0, 0, 0, 0, 'Cabal Summoner - Within 0-90 Range Out of Combat LoS - Start Event'),
(-(@CGUID+209), 0, 3, 0, 61, 0, 100, 0, 0, 0, 0, 0, 0, 69, 1, 0, 0, 0, 0, 0, 8, 0, 0, 0, 0, -156.9866, -313.37146, 17.08601, 0, 'Cabal Summoner - Linked - Move To Position'),
(-(@CGUID+209), 0, 4, 0, 34, 0, 100, 0, 8, 1, 0, 0, 0, 223, 1, 0, 0, 0, 0, 0, 10, @CGUID+104, 18708, 0, 0, 0, 0, 0, 0, 'Cabal Summoner - On Reached Point 1 - Request Spell Cast Murmur\'s Wrath (33329)'),
(-(@CGUID+210), 0, 0, 0, 38, 0, 100, 0, 1, 1, 0, 0, 0, 53, 1, 1863400, 0, 0, 0, 0, 1, 0, 0, 0, 0, 0, 0, 0, 0, 'Cabal Summoner - On Data Set 1 1 - Start Waypoint'),
(-(@CGUID+210), 0, 1, 0, 58, 0, 100, 0, 8, 1863400, 0, 0, 0, 223, 2, 0, 0, 0, 0, 0, 10, @CGUID+104, 18708, 0, 0, 0, 0, 0, 0, 'Cabal Summoner - On Waypoint Finished - Request Cast Murmur\'s Wrath (33331)');

DELETE FROM `smart_scripts` WHERE (`source_type` = 9 AND `entryorguid` IN (1870800, 1870801, 1870802));
INSERT INTO `smart_scripts` (`entryorguid`, `source_type`, `id`, `link`, `event_type`, `event_phase_mask`, `event_chance`, `event_flags`, `event_param1`, `event_param2`, `event_param3`, `event_param4`, `event_param5`, `action_type`, `action_param1`, `action_param2`, `action_param3`, `action_param4`, `action_param5`, `action_param6`, `target_type`, `target_param1`, `target_param2`, `target_param3`, `target_param4`, `target_x`, `target_y`, `target_z`, `target_o`, `comment`) VALUES
(1870800, 9, 0, 0, 0, 0, 100, 0, 0, 0, 0, 0, 0, 66, 0, 0, 0, 0, 0, 0, 10, @CGUID+104, 18708, 0, 0, 0, 0, 0, 0, 'Murmur Intro Event - Actionlist - Set Orientation \'Murmur\''),
(1870800, 9, 1, 0, 0, 0, 100, 0, 0, 0, 0, 0, 0, 40, 2, 0, 0, 0, 0, 0, 1, 0, 0, 0, 0, 0, 0, 0, 0, 'Murmur Intro Event - Actionlist - Set Sheath Ranged'),
(1870800, 9, 2, 0, 0, 0, 100, 0, 0, 0, 0, 0, 0, 17, 376, 0, 0, 0, 0, 0, 1, 0, 0, 0, 0, 0, 0, 0, 0, 'Murmur Intro Event - Actionlist - Set EmoteState 376'),
(1870800, 9, 3, 0, 0, 0, 100, 0, 0, 0, 0, 0, 0, 101, 0, 0, 0, 0, 0, 0, 1, 0, 0, 0, 0, 0, 0, 0, 0, 'Murmur Intro Event - Actionlist - Set Home Position'),
(1870801, 9, 0, 0, 0, 0, 100, 0, 0, 0, 0, 0, 0, 66, 0, 0, 0, 0, 0, 0, 10, @CGUID+104, 18708, 0, 0, 0, 0, 0, 0, 'Murmur Intro Event - Actionlist - Set Orientation \'Murmur\''),
(1870801, 9, 1, 0, 0, 0, 100, 0, 0, 0, 0, 0, 0, 101, 0, 0, 0, 0, 0, 0, 1, 0, 0, 0, 0, 0, 0, 0, 0, 'Murmur Intro Event - Actionlist - Set Home Position'),
(1870801, 9, 2, 0, 0, 0, 100, 0, 0, 0, 0, 0, 0, 22, 1, 0, 0, 0, 0, 0, 1, 0, 0, 0, 0, 0, 0, 0, 0, 'Murmur Intro Event - Actionlist - Set Event Phase 1'),
(1870802, 9, 0, 0, 0, 0, 100, 0, 0, 0, 0, 0, 0, 5, 5, 0, 0, 0, 0, 0, 1, 0, 0, 0, 0, 0, 0, 0, 0, 'Murmur Intro Event - Actionlist - Play Emote 5 (OneShotExclamation)'),
(1870802, 9, 1, 0, 0, 0, 100, 0, 2400, 2400, 0, 0, 0, 11, 33335, 0, 0, 0, 0, 0, 10, @CGUID+104, 18708, 0, 0, 0, 0, 0, 0, 'Murmur Intro Event - Actionlist - Cast \'Shadow Bolt\'');

DELETE FROM `waypoints` WHERE `entry` = 1863400;
INSERT INTO `waypoints` (`entry`, `pointid`, `position_x`, `position_y`, `position_z`, `orientation`, `point_comment`) VALUES
(1863400,1,-161.23344,-341.40057,17.335339,NULL,'Cabal Summoner - Decomposed'),
(1863400,2,-158.23344,-338.15057,17.335339,NULL,'Cabal Summoner - Decomposed'),
(1863400,3,-156.73344,-327.65057,17.335339,NULL,'Cabal Summoner - Decomposed'),
(1863400,4,-156.4706,-325.66806,17.086473,NULL,'Cabal Summoner'), -- Real
(1863400,5,-156.37985,-317.94098,17.335938,NULL,'Cabal Summoner - Decomposed'),
(1863400,6,-156.37985,-317.69098,17.335938,NULL,'Cabal Summoner - Decomposed'),
(1863400,7,-156.37985,-314.44098,17.335938,NULL,'Cabal Summoner - Decomposed'),
(1863400,8,-156.28912,-310.71393,17.085403,NULL,'Cabal Summoner'); -- Real

DELETE FROM `smart_scripts` WHERE (`source_type` = 0 AND `entryorguid` IN (-(@CGUID+211), -(@CGUID+212), -(@CGUID+213), -(@CGUID+216), -(@CGUID+217), -(@CGUID+220), -(@CGUID+221), -(@CGUID+224), -(@CGUID+214), -(@CGUID+215), -(@CGUID+218), -(@CGUID+219), -(@CGUID+222), -(@CGUID+223)));
INSERT INTO `smart_scripts` (`entryorguid`, `source_type`, `id`, `link`, `event_type`, `event_phase_mask`, `event_chance`, `event_flags`, `event_param1`, `event_param2`, `event_param3`, `event_param4`, `event_param5`, `action_type`, `action_param1`, `action_param2`, `action_param3`, `action_param4`, `action_param5`, `action_param6`, `target_type`, `target_param1`, `target_param2`, `target_param3`, `target_param4`, `target_x`, `target_y`, `target_z`, `target_o`, `comment`) VALUES
(-(@CGUID+211), 0, 0, 0, 4, 0, 10, 0, 0, 0, 0, 0, 0, 1, 0, 0, 1, 0, 0, 0, 7, 0, 0, 0, 0, 0, 0, 0, 0, 'Cabal Executioner - On Aggro - Say Line 0'),
(-(@CGUID+211), 0, 1, 0, 0, 0, 100, 2, 7200, 15900, 15700, 32500, 0, 11, 33500, 0, 0, 0, 0, 0, 1, 0, 0, 0, 0, 0, 0, 0, 0, 'Cabal Executioner - In Combat - Cast \'Whirlwind\' (Normal Dungeon)'),
(-(@CGUID+211), 0, 2, 0, 0, 0, 100, 4, 7200, 15900, 15700, 32500, 0, 11, 15578, 0, 0, 0, 0, 0, 1, 0, 0, 0, 0, 0, 0, 0, 0, 'Cabal Executioner - In Combat - Cast \'Whirlwind\' (Heroic Dungeon)'),
(-(@CGUID+211), 0, 3, 0, 12, 0, 100, 0, 0, 20, 8000, 12000, 0, 11, 7160, 0, 0, 0, 0, 0, 2, 0, 0, 0, 0, 0, 0, 0, 0, 'Cabal Executioner - Target Between 0-20% Health - Cast \'Execute\''),
(-(@CGUID+211), 0, 4, 0, 2, 0, 100, 1, 0, 25, 0, 0, 0, 11, 30485, 0, 0, 0, 0, 0, 1, 0, 0, 0, 0, 0, 0, 0, 0, 'Cabal Executioner - Between 0-25% Health - Cast \'Enrage\' (No Repeat)'),
(-(@CGUID+211), 0, 1001, 0, 38, 0, 100, 0, 1, 1, 0, 0, 0, 69, 1, 0, 0, 0, 0, 0, 8, 0, 0, 0, 0, -152.49594, -325.83646, 17.086332, 0, 'Cabal Executioner - On Data Set 1 1 - Move To Position'),
(-(@CGUID+211), 0, 1002, 0, 34, 0, 100, 0, 0, 1, 0, 0, 0, 80, 1870800, 0, 0, 0, 0, 0, 1, 0, 0, 0, 0, 0, 0, 0, 0, 'Cabal Executioner - On Reached Point 1 - Run Script'),
(-(@CGUID+211), 0, 1003, 0, 21, 0, 100, 0, 0, 0, 0, 0, 0, 80, 1870800, 0, 0, 0, 0, 0, 1, 0, 0, 0, 0, 0, 0, 0, 0, 'Cabal Executioner - On Reached Home - Run Script'),
(-(@CGUID+212), 0, 0, 0, 4, 0, 10, 0, 0, 0, 0, 0, 0, 1, 0, 0, 1, 0, 0, 0, 7, 0, 0, 0, 0, 0, 0, 0, 0, 'Cabal Executioner - On Aggro - Say Line 0'),
(-(@CGUID+212), 0, 1, 0, 0, 0, 100, 2, 7200, 15900, 15700, 32500, 0, 11, 33500, 0, 0, 0, 0, 0, 1, 0, 0, 0, 0, 0, 0, 0, 0, 'Cabal Executioner - In Combat - Cast \'Whirlwind\' (Normal Dungeon)'),
(-(@CGUID+212), 0, 2, 0, 0, 0, 100, 4, 7200, 15900, 15700, 32500, 0, 11, 15578, 0, 0, 0, 0, 0, 1, 0, 0, 0, 0, 0, 0, 0, 0, 'Cabal Executioner - In Combat - Cast \'Whirlwind\' (Heroic Dungeon)'),
(-(@CGUID+212), 0, 3, 0, 12, 0, 100, 0, 0, 20, 8000, 12000, 0, 11, 7160, 0, 0, 0, 0, 0, 2, 0, 0, 0, 0, 0, 0, 0, 0, 'Cabal Executioner - Target Between 0-20% Health - Cast \'Execute\''),
(-(@CGUID+212), 0, 4, 0, 2, 0, 100, 1, 0, 25, 0, 0, 0, 11, 30485, 0, 0, 0, 0, 0, 1, 0, 0, 0, 0, 0, 0, 0, 0, 'Cabal Executioner - Between 0-25% Health - Cast \'Enrage\' (No Repeat)'),
(-(@CGUID+212), 0, 1001, 0, 38, 0, 100, 0, 1, 1, 0, 0, 0, 69, 1, 0, 0, 0, 0, 0, 8, 0, 0, 0, 0, -160.33922, -328.60294, 17.086893, 0, 'Cabal Executioner - On Data Set 1 1 - Move To Position'),
(-(@CGUID+212), 0, 1002, 0, 34, 0, 100, 0, 0, 1, 0, 0, 0, 80, 1870800, 0, 0, 0, 0, 0, 1, 0, 0, 0, 0, 0, 0, 0, 0, 'Cabal Executioner - On Reached Point 1 - Run Script'),
(-(@CGUID+212), 0, 1003, 0, 21, 0, 100, 0, 0, 0, 0, 0, 0, 80, 1870800, 0, 0, 0, 0, 0, 1, 0, 0, 0, 0, 0, 0, 0, 0, 'Cabal Executioner - On Reached Home - Run Script'),
(-(@CGUID+213), 0, 0, 0, 4, 0, 10, 0, 0, 0, 0, 0, 0, 1, 0, 0, 1, 0, 0, 0, 7, 0, 0, 0, 0, 0, 0, 0, 0, 'Cabal Executioner - On Aggro - Say Line 0'),
(-(@CGUID+213), 0, 1, 0, 0, 0, 100, 2, 7200, 15900, 15700, 32500, 0, 11, 33500, 0, 0, 0, 0, 0, 1, 0, 0, 0, 0, 0, 0, 0, 0, 'Cabal Executioner - In Combat - Cast \'Whirlwind\' (Normal Dungeon)'),
(-(@CGUID+213), 0, 2, 0, 0, 0, 100, 4, 7200, 15900, 15700, 32500, 0, 11, 15578, 0, 0, 0, 0, 0, 1, 0, 0, 0, 0, 0, 0, 0, 0, 'Cabal Executioner - In Combat - Cast \'Whirlwind\' (Heroic Dungeon)'),
(-(@CGUID+213), 0, 3, 0, 12, 0, 100, 0, 0, 20, 8000, 12000, 0, 11, 7160, 0, 0, 0, 0, 0, 2, 0, 0, 0, 0, 0, 0, 0, 0, 'Cabal Executioner - Target Between 0-20% Health - Cast \'Execute\''),
(-(@CGUID+213), 0, 4, 0, 2, 0, 100, 1, 0, 25, 0, 0, 0, 11, 30485, 0, 0, 0, 0, 0, 1, 0, 0, 0, 0, 0, 0, 0, 0, 'Cabal Executioner - Between 0-25% Health - Cast \'Enrage\' (No Repeat)'),
(-(@CGUID+213), 0, 1001, 0, 38, 0, 100, 0, 1, 1, 0, 0, 0, 69, 1, 0, 0, 0, 0, 0, 8, 0, 0, 0, 0, -149.62828, -355.9884, 17.083374, 0, 'Cabal Executioner - On Data Set 1 1 - Move To Position'),
(-(@CGUID+213), 0, 1002, 0, 34, 0, 100, 0, 0, 1, 0, 0, 0, 80, 1870800, 0, 0, 0, 0, 0, 1, 0, 0, 0, 0, 0, 0, 0, 0, 'Cabal Executioner - On Reached Point 1 - Run Script'),
(-(@CGUID+213), 0, 1003, 0, 21, 0, 100, 0, 0, 0, 0, 0, 0, 80, 1870800, 0, 0, 0, 0, 0, 1, 0, 0, 0, 0, 0, 0, 0, 0, 'Cabal Executioner - On Reached Home - Run Script'),
(-(@CGUID+216), 0, 0, 0, 4, 0, 10, 0, 0, 0, 0, 0, 0, 1, 0, 0, 1, 0, 0, 0, 7, 0, 0, 0, 0, 0, 0, 0, 0, 'Cabal Executioner - On Aggro - Say Line 0'),
(-(@CGUID+216), 0, 1, 0, 0, 0, 100, 2, 7200, 15900, 15700, 32500, 0, 11, 33500, 0, 0, 0, 0, 0, 1, 0, 0, 0, 0, 0, 0, 0, 0, 'Cabal Executioner - In Combat - Cast \'Whirlwind\' (Normal Dungeon)'),
(-(@CGUID+216), 0, 2, 0, 0, 0, 100, 4, 7200, 15900, 15700, 32500, 0, 11, 15578, 0, 0, 0, 0, 0, 1, 0, 0, 0, 0, 0, 0, 0, 0, 'Cabal Executioner - In Combat - Cast \'Whirlwind\' (Heroic Dungeon)'),
(-(@CGUID+216), 0, 3, 0, 12, 0, 100, 0, 0, 20, 8000, 12000, 0, 11, 7160, 0, 0, 0, 0, 0, 2, 0, 0, 0, 0, 0, 0, 0, 0, 'Cabal Executioner - Target Between 0-20% Health - Cast \'Execute\''),
(-(@CGUID+216), 0, 4, 0, 2, 0, 100, 1, 0, 25, 0, 0, 0, 11, 30485, 0, 0, 0, 0, 0, 1, 0, 0, 0, 0, 0, 0, 0, 0, 'Cabal Executioner - Between 0-25% Health - Cast \'Enrage\' (No Repeat)'),
(-(@CGUID+216), 0, 1001, 0, 38, 0, 100, 0, 1, 1, 0, 0, 0, 69, 1, 0, 0, 0, 0, 0, 8, 0, 0, 0, 0, -162.41508, -350.56775, 17.08354, 0, 'Cabal Executioner - On Data Set 1 1 - Move To Position'),
(-(@CGUID+216), 0, 1002, 0, 34, 0, 100, 0, 0, 1, 0, 0, 0, 80, 1870800, 0, 0, 0, 0, 0, 1, 0, 0, 0, 0, 0, 0, 0, 0, 'Cabal Executioner - On Reached Point 1 - Run Script'),
(-(@CGUID+216), 0, 1003, 0, 21, 0, 100, 0, 0, 0, 0, 0, 0, 80, 1870800, 0, 0, 0, 0, 0, 1, 0, 0, 0, 0, 0, 0, 0, 0, 'Cabal Executioner - On Reached Home - Run Script'),
(-(@CGUID+217), 0, 0, 0, 4, 0, 10, 0, 0, 0, 0, 0, 0, 1, 0, 0, 1, 0, 0, 0, 7, 0, 0, 0, 0, 0, 0, 0, 0, 'Cabal Executioner - On Aggro - Say Line 0'),
(-(@CGUID+217), 0, 1, 0, 0, 0, 100, 2, 7200, 15900, 15700, 32500, 0, 11, 33500, 0, 0, 0, 0, 0, 1, 0, 0, 0, 0, 0, 0, 0, 0, 'Cabal Executioner - In Combat - Cast \'Whirlwind\' (Normal Dungeon)'),
(-(@CGUID+217), 0, 2, 0, 0, 0, 100, 4, 7200, 15900, 15700, 32500, 0, 11, 15578, 0, 0, 0, 0, 0, 1, 0, 0, 0, 0, 0, 0, 0, 0, 'Cabal Executioner - In Combat - Cast \'Whirlwind\' (Heroic Dungeon)'),
(-(@CGUID+217), 0, 3, 0, 12, 0, 100, 0, 0, 20, 8000, 12000, 0, 11, 7160, 0, 0, 0, 0, 0, 2, 0, 0, 0, 0, 0, 0, 0, 0, 'Cabal Executioner - Target Between 0-20% Health - Cast \'Execute\''),
(-(@CGUID+217), 0, 4, 0, 2, 0, 100, 1, 0, 25, 0, 0, 0, 11, 30485, 0, 0, 0, 0, 0, 1, 0, 0, 0, 0, 0, 0, 0, 0, 'Cabal Executioner - Between 0-25% Health - Cast \'Enrage\' (No Repeat)'),
(-(@CGUID+217), 0, 1001, 0, 38, 0, 100, 0, 1, 1, 0, 0, 0, 69, 1, 0, 0, 0, 0, 0, 8, 0, 0, 0, 0, -150.13261, -378.1166, 17.081446, 0, 'Cabal Executioner - On Data Set 1 1 - Move To Position'),
(-(@CGUID+217), 0, 1002, 0, 34, 0, 100, 0, 0, 1, 0, 0, 0, 80, 1870800, 0, 0, 0, 0, 0, 1, 0, 0, 0, 0, 0, 0, 0, 0, 'Cabal Executioner - On Reached Point 1 - Run Script'),
(-(@CGUID+217), 0, 1003, 0, 21, 0, 100, 0, 0, 0, 0, 0, 0, 80, 1870800, 0, 0, 0, 0, 0, 1, 0, 0, 0, 0, 0, 0, 0, 0, 'Cabal Executioner - On Reached Home - Run Script'),
(-(@CGUID+220), 0, 0, 0, 4, 0, 10, 0, 0, 0, 0, 0, 0, 1, 0, 0, 1, 0, 0, 0, 7, 0, 0, 0, 0, 0, 0, 0, 0, 'Cabal Executioner - On Aggro - Say Line 0'),
(-(@CGUID+220), 0, 1, 0, 0, 0, 100, 2, 7200, 15900, 15700, 32500, 0, 11, 33500, 0, 0, 0, 0, 0, 1, 0, 0, 0, 0, 0, 0, 0, 0, 'Cabal Executioner - In Combat - Cast \'Whirlwind\' (Normal Dungeon)'),
(-(@CGUID+220), 0, 2, 0, 0, 0, 100, 4, 7200, 15900, 15700, 32500, 0, 11, 15578, 0, 0, 0, 0, 0, 1, 0, 0, 0, 0, 0, 0, 0, 0, 'Cabal Executioner - In Combat - Cast \'Whirlwind\' (Heroic Dungeon)'),
(-(@CGUID+220), 0, 3, 0, 12, 0, 100, 0, 0, 20, 8000, 12000, 0, 11, 7160, 0, 0, 0, 0, 0, 2, 0, 0, 0, 0, 0, 0, 0, 0, 'Cabal Executioner - Target Between 0-20% Health - Cast \'Execute\''),
(-(@CGUID+220), 0, 4, 0, 2, 0, 100, 1, 0, 25, 0, 0, 0, 11, 30485, 0, 0, 0, 0, 0, 1, 0, 0, 0, 0, 0, 0, 0, 0, 'Cabal Executioner - Between 0-25% Health - Cast \'Enrage\' (No Repeat)'),
(-(@CGUID+220), 0, 1001, 0, 38, 0, 100, 0, 1, 1, 0, 0, 0, 69, 1, 0, 0, 0, 0, 0, 8, 0, 0, 0, 0, -163.1082, -374.71844, 17.081093, 0, 'Cabal Executioner - On Data Set 1 1 - Move To Position'),
(-(@CGUID+220), 0, 1002, 0, 34, 0, 100, 0, 0, 1, 0, 0, 0, 80, 1870800, 0, 0, 0, 0, 0, 1, 0, 0, 0, 0, 0, 0, 0, 0, 'Cabal Executioner - On Reached Point 1 - Run Script'),
(-(@CGUID+220), 0, 1003, 0, 21, 0, 100, 0, 0, 0, 0, 0, 0, 80, 1870800, 0, 0, 0, 0, 0, 1, 0, 0, 0, 0, 0, 0, 0, 0, 'Cabal Executioner - On Reached Home - Run Script'),
(-(@CGUID+221), 0, 0, 0, 4, 0, 10, 0, 0, 0, 0, 0, 0, 1, 0, 0, 1, 0, 0, 0, 7, 0, 0, 0, 0, 0, 0, 0, 0, 'Cabal Executioner - On Aggro - Say Line 0'),
(-(@CGUID+221), 0, 1, 0, 0, 0, 100, 2, 7200, 15900, 15700, 32500, 0, 11, 33500, 0, 0, 0, 0, 0, 1, 0, 0, 0, 0, 0, 0, 0, 0, 'Cabal Executioner - In Combat - Cast \'Whirlwind\' (Normal Dungeon)'),
(-(@CGUID+221), 0, 2, 0, 0, 0, 100, 4, 7200, 15900, 15700, 32500, 0, 11, 15578, 0, 0, 0, 0, 0, 1, 0, 0, 0, 0, 0, 0, 0, 0, 'Cabal Executioner - In Combat - Cast \'Whirlwind\' (Heroic Dungeon)'),
(-(@CGUID+221), 0, 3, 0, 12, 0, 100, 0, 0, 20, 8000, 12000, 0, 11, 7160, 0, 0, 0, 0, 0, 2, 0, 0, 0, 0, 0, 0, 0, 0, 'Cabal Executioner - Target Between 0-20% Health - Cast \'Execute\''),
(-(@CGUID+221), 0, 4, 0, 2, 0, 100, 1, 0, 25, 0, 0, 0, 11, 30485, 0, 0, 0, 0, 0, 1, 0, 0, 0, 0, 0, 0, 0, 0, 'Cabal Executioner - Between 0-25% Health - Cast \'Enrage\' (No Repeat)'),
(-(@CGUID+221), 0, 1001, 0, 38, 0, 100, 0, 1, 1, 0, 0, 0, 69, 1, 0, 0, 0, 0, 0, 8, 0, 0, 0, 0, -148.38414, -417.06516, 17.078428, 0, 'Cabal Executioner - On Data Set 1 1 - Move To Position'),
(-(@CGUID+221), 0, 1002, 0, 34, 0, 100, 0, 0, 1, 0, 0, 0, 80, 1870800, 0, 0, 0, 0, 0, 1, 0, 0, 0, 0, 0, 0, 0, 0, 'Cabal Executioner - On Reached Point 1 - Run Script'),
(-(@CGUID+221), 0, 1003, 0, 21, 0, 100, 0, 0, 0, 0, 0, 0, 80, 1870800, 0, 0, 0, 0, 0, 1, 0, 0, 0, 0, 0, 0, 0, 0, 'Cabal Executioner - On Reached Home - Run Script'),
(-(@CGUID+224), 0, 0, 0, 4, 0, 10, 0, 0, 0, 0, 0, 0, 1, 0, 0, 1, 0, 0, 0, 7, 0, 0, 0, 0, 0, 0, 0, 0, 'Cabal Executioner - On Aggro - Say Line 0'),
(-(@CGUID+224), 0, 1, 0, 0, 0, 100, 2, 7200, 15900, 15700, 32500, 0, 11, 33500, 0, 0, 0, 0, 0, 1, 0, 0, 0, 0, 0, 0, 0, 0, 'Cabal Executioner - In Combat - Cast \'Whirlwind\' (Normal Dungeon)'),
(-(@CGUID+224), 0, 2, 0, 0, 0, 100, 4, 7200, 15900, 15700, 32500, 0, 11, 15578, 0, 0, 0, 0, 0, 1, 0, 0, 0, 0, 0, 0, 0, 0, 'Cabal Executioner - In Combat - Cast \'Whirlwind\' (Heroic Dungeon)'),
(-(@CGUID+224), 0, 3, 0, 12, 0, 100, 0, 0, 20, 8000, 12000, 0, 11, 7160, 0, 0, 0, 0, 0, 2, 0, 0, 0, 0, 0, 0, 0, 0, 'Cabal Executioner - Target Between 0-20% Health - Cast \'Execute\''),
(-(@CGUID+224), 0, 4, 0, 2, 0, 100, 1, 0, 25, 0, 0, 0, 11, 30485, 0, 0, 0, 0, 0, 1, 0, 0, 0, 0, 0, 0, 0, 0, 'Cabal Executioner - Between 0-25% Health - Cast \'Enrage\' (No Repeat)'),
(-(@CGUID+224), 0, 1001, 0, 38, 0, 100, 0, 1, 1, 0, 0, 0, 69, 1, 0, 0, 0, 0, 0, 8, 0, 0, 0, 0, -162.94319, -421.58755, 17.077616, 0, 'Cabal Executioner - On Data Set 1 1 - Move To Position'),
(-(@CGUID+224), 0, 1002, 0, 34, 0, 100, 0, 0, 1, 0, 0, 0, 80, 1870800, 0, 0, 0, 0, 0, 1, 0, 0, 0, 0, 0, 0, 0, 0, 'Cabal Executioner - On Reached Point 1 - Run Script'),
(-(@CGUID+224), 0, 1003, 0, 21, 0, 100, 0, 0, 0, 0, 0, 0, 80, 1870800, 0, 0, 0, 0, 0, 1, 0, 0, 0, 0, 0, 0, 0, 0, 'Cabal Executioner - On Reached Home - Run Script'),
(-(@CGUID+214), 0, 0, 0, 4, 0, 10, 0, 0, 0, 0, 0, 0, 1, 0, 0, 1, 0, 0, 0, 7, 0, 0, 0, 0, 0, 0, 0, 0, 'Cabal Spellbinder - On Aggro - Say Line 0'),
(-(@CGUID+214), 0, 1, 0, 0, 0, 100, 0, 5700, 19300, 9600, 16900, 0, 11, 32691, 0, 0, 0, 0, 0, 2, 0, 0, 0, 0, 0, 0, 0, 0, 'Cabal Spellbinder - In Combat - Cast \'Spell Shock\''),
(-(@CGUID+214), 0, 2, 0, 0, 0, 100, 0, 8000, 12000, 20000, 30000, 0, 11, 33502, 0, 0, 0, 0, 0, 6, 0, 0, 0, 0, 0, 0, 0, 0, 'Cabal Spellbinder - In Combat - Cast \'Brain Wash\''),
(-(@CGUID+214), 0, 1001, 0, 38, 0, 100, 0, 1, 1, 0, 0, 0, 69, 1, 0, 0, 0, 0, 0, 8, 0, 0, 0, 0, -153.40271, -352.02396, 17.083843, 0, 'Cabal Spellbinder - On Data Set 1 1 - Move To Position'),
(-(@CGUID+214), 0, 1002, 0, 34, 0, 100, 0, 0, 1, 0, 0, 0, 80, 1870801, 0, 0, 0, 0, 0, 1, 0, 0, 0, 0, 0, 0, 0, 0, 'Cabal Spellbinder - On Reached Point 1 - Run Script'),
(-(@CGUID+214), 0, 1003, 0, 21, 0, 100, 0, 0, 0, 0, 0, 0, 80, 1870801, 0, 0, 0, 0, 0, 1, 0, 0, 0, 0, 0, 0, 0, 0, 'Cabal Spellbinder - On Reached Home - Run Script'),
(-(@CGUID+214), 0, 1004, 0, 1, 1, 100, 0, 0, 0, 4800, 5200, 0, 11, 33335, 0, 0, 0, 0, 0, 10, @CGUID+104, 18708, 0, 0, 0, 0, 0, 0, 'Cabal Spellbinder - Out of Combat - Cast \'Shadow Bolt\' (Phase 1)'),
(-(@CGUID+215), 0, 0, 0, 4, 0, 10, 0, 0, 0, 0, 0, 0, 1, 0, 0, 1, 0, 0, 0, 7, 0, 0, 0, 0, 0, 0, 0, 0, 'Cabal Summoner - On Aggro - Say Line 0'),
(-(@CGUID+215), 0, 1, 0, 0, 0, 100, 2, 1800, 6200, 4800, 16900, 0, 11, 14034, 0, 0, 0, 0, 0, 2, 0, 0, 0, 0, 0, 0, 0, 0, 'Cabal Summoner - In Combat - Cast \'Fireball\' (Normal Dungeon)'),
(-(@CGUID+215), 0, 2, 0, 0, 0, 100, 4, 1800, 6200, 4800, 16900, 0, 11, 15228, 0, 0, 0, 0, 0, 2, 0, 0, 0, 0, 0, 0, 0, 0, 'Cabal Summoner - In Combat - Cast \'Fireball\' (Heroic Dungeon)'),
(-(@CGUID+215), 0, 3, 5, 0, 0, 100, 0, 4300, 17200, 13300, 25300, 0, 11, 33506, 0, 0, 0, 0, 0, 1, 0, 0, 0, 0, 0, 0, 0, 0, 'Cabal Summoner - In Combat - Cast \'Summon Cabal Deathsworn\''),
(-(@CGUID+215), 0, 4, 6, 0, 0, 100, 0, 3600, 33200, 12100, 27900, 0, 11, 33507, 0, 0, 0, 0, 0, 1, 0, 0, 0, 0, 0, 0, 0, 0, 'Cabal Summoner - In Combat - Cast \'Summon Cabal Acolyte\''),
(-(@CGUID+215), 0, 5, 0, 61, 0, 100, 0, 0, 0, 0, 0, 0, 1, 1, 0, 0, 0, 0, 0, 1, 0, 0, 0, 0, 0, 0, 0, 0, 'Cabal Summoner - On Link - Say Line 1'),
(-(@CGUID+215), 0, 6, 0, 61, 0, 100, 0, 0, 0, 0, 0, 0, 1, 2, 0, 0, 0, 0, 0, 1, 0, 0, 0, 0, 0, 0, 0, 0, 'Cabal Summoner - On Link - Say Line 2'),
(-(@CGUID+215), 0, 7, 0, 17, 0, 100, 0, 19208, 0, 0, 0, 0, 1, 3, 0, 0, 0, 0, 0, 1, 0, 0, 0, 0, 0, 0, 0, 0, 'Cabal Summoner - On Summoned Unit - Say Line 3'),
(-(@CGUID+215), 0, 8, 0, 17, 0, 100, 0, 19209, 0, 0, 0, 0, 1, 4, 0, 0, 0, 0, 0, 1, 0, 0, 0, 0, 0, 0, 0, 0, 'Cabal Summoner - On Summoned Unit - Say Line 4'),
(-(@CGUID+215), 0, 1001, 0, 38, 0, 100, 0, 1, 1, 0, 0, 0, 69, 1, 0, 0, 0, 0, 0, 8, 0, 0, 0, 0, -157.03789, -354.90463, 17.083626, 0, 'Cabal Summoner - On Data Set 1 1 - Move To Position'),
(-(@CGUID+215), 0, 1002, 0, 34, 0, 100, 0, 0, 1, 0, 0, 0, 80, 1870801, 0, 0, 0, 0, 0, 1, 0, 0, 0, 0, 0, 0, 0, 0, 'Cabal Summoner - On Reached Point 1 - Run Script'),
(-(@CGUID+215), 0, 1003, 0, 21, 0, 100, 0, 0, 0, 0, 0, 0, 80, 1870801, 0, 0, 0, 0, 0, 1, 0, 0, 0, 0, 0, 0, 0, 0, 'Cabal Summoner - On Reached Home - Run Script'),
(-(@CGUID+215), 0, 1004, 0, 1, 1, 100, 0, 0, 0, 10400, 10400, 0, 80, 1870802, 0, 0, 0, 0, 0, 1, 0, 0, 0, 0, 0, 0, 0, 0, 'Cabal Summoner - Out of Combat - Run Script (Phase 1)'),
(-(@CGUID+218), 0, 0, 0, 4, 0, 10, 0, 0, 0, 0, 0, 0, 1, 0, 0, 1, 0, 0, 0, 7, 0, 0, 0, 0, 0, 0, 0, 0, 'Cabal Spellbinder - On Aggro - Say Line 0'),
(-(@CGUID+218), 0, 1, 0, 0, 0, 100, 0, 5700, 19300, 9600, 16900, 0, 11, 32691, 0, 0, 0, 0, 0, 2, 0, 0, 0, 0, 0, 0, 0, 0, 'Cabal Spellbinder - In Combat - Cast \'Spell Shock\''),
(-(@CGUID+218), 0, 2, 0, 0, 0, 100, 0, 8000, 12000, 20000, 30000, 0, 11, 33502, 0, 0, 0, 0, 0, 6, 0, 0, 0, 0, 0, 0, 0, 0, 'Cabal Spellbinder - In Combat - Cast \'Brain Wash\''),
(-(@CGUID+218), 0, 1001, 0, 38, 0, 100, 0, 1, 1, 0, 0, 0, 69, 1, 0, 0, 0, 0, 0, 8, 0, 0, 0, 0, -153.0321, -375.77982, 17.08163, 0, 'Cabal Spellbinder - On Data Set 1 1 - Move To Position'),
(-(@CGUID+218), 0, 1002, 0, 34, 0, 100, 0, 0, 1, 0, 0, 0, 80, 1870801, 0, 0, 0, 0, 0, 1, 0, 0, 0, 0, 0, 0, 0, 0, 'Cabal Spellbinder - On Reached Point 1 - Run Script'),
(-(@CGUID+218), 0, 1003, 0, 21, 0, 100, 0, 0, 0, 0, 0, 0, 80, 1870801, 0, 0, 0, 0, 0, 1, 0, 0, 0, 0, 0, 0, 0, 0, 'Cabal Spellbinder - On Reached Home - Run Script'),
(-(@CGUID+218), 0, 1004, 0, 1, 1, 100, 0, 0, 0, 10400, 10400, 0, 80, 1870802, 0, 0, 0, 0, 0, 1, 0, 0, 0, 0, 0, 0, 0, 0, 'Cabal Spellbinder - Out of Combat - Run Script (Phase 1)'),
(-(@CGUID+219), 0, 0, 0, 4, 0, 10, 0, 0, 0, 0, 0, 0, 1, 0, 0, 1, 0, 0, 0, 7, 0, 0, 0, 0, 0, 0, 0, 0, 'Cabal Summoner - On Aggro - Say Line 0'),
(-(@CGUID+219), 0, 1, 0, 0, 0, 100, 2, 1800, 6200, 4800, 16900, 0, 11, 14034, 0, 0, 0, 0, 0, 2, 0, 0, 0, 0, 0, 0, 0, 0, 'Cabal Summoner - In Combat - Cast \'Fireball\' (Normal Dungeon)'),
(-(@CGUID+219), 0, 2, 0, 0, 0, 100, 4, 1800, 6200, 4800, 16900, 0, 11, 15228, 0, 0, 0, 0, 0, 2, 0, 0, 0, 0, 0, 0, 0, 0, 'Cabal Summoner - In Combat - Cast \'Fireball\' (Heroic Dungeon)'),
(-(@CGUID+219), 0, 3, 5, 0, 0, 100, 0, 4300, 17200, 13300, 25300, 0, 11, 33506, 0, 0, 0, 0, 0, 1, 0, 0, 0, 0, 0, 0, 0, 0, 'Cabal Summoner - In Combat - Cast \'Summon Cabal Deathsworn\''),
(-(@CGUID+219), 0, 4, 6, 0, 0, 100, 0, 3600, 33200, 12100, 27900, 0, 11, 33507, 0, 0, 0, 0, 0, 1, 0, 0, 0, 0, 0, 0, 0, 0, 'Cabal Summoner - In Combat - Cast \'Summon Cabal Acolyte\''),
(-(@CGUID+219), 0, 5, 0, 61, 0, 100, 0, 0, 0, 0, 0, 0, 1, 1, 0, 0, 0, 0, 0, 1, 0, 0, 0, 0, 0, 0, 0, 0, 'Cabal Summoner - On Link - Say Line 1'),
(-(@CGUID+219), 0, 6, 0, 61, 0, 100, 0, 0, 0, 0, 0, 0, 1, 2, 0, 0, 0, 0, 0, 1, 0, 0, 0, 0, 0, 0, 0, 0, 'Cabal Summoner - On Link - Say Line 2'),
(-(@CGUID+219), 0, 7, 0, 17, 0, 100, 0, 19208, 0, 0, 0, 0, 1, 3, 0, 0, 0, 0, 0, 1, 0, 0, 0, 0, 0, 0, 0, 0, 'Cabal Summoner - On Summoned Unit - Say Line 3'),
(-(@CGUID+219), 0, 8, 0, 17, 0, 100, 0, 19209, 0, 0, 0, 0, 1, 4, 0, 0, 0, 0, 0, 1, 0, 0, 0, 0, 0, 0, 0, 0, 'Cabal Summoner - On Summoned Unit - Say Line 4'),
(-(@CGUID+219), 0, 1001, 0, 38, 0, 100, 0, 1, 1, 0, 0, 0, 69, 1, 0, 0, 0, 0, 0, 8, 0, 0, 0, 0, -157.92299, -374.59665, 17.081844, 0, 'Cabal Summoner - On Data Set 1 1 - Move To Position'),
(-(@CGUID+219), 0, 1002, 0, 34, 0, 100, 0, 0, 1, 0, 0, 0, 80, 1870801, 0, 0, 0, 0, 0, 1, 0, 0, 0, 0, 0, 0, 0, 0, 'Cabal Summoner - On Reached Point 1 - Run Script'),
(-(@CGUID+219), 0, 1003, 0, 21, 0, 100, 0, 0, 0, 0, 0, 0, 80, 1870801, 0, 0, 0, 0, 0, 1, 0, 0, 0, 0, 0, 0, 0, 0, 'Cabal Summoner - On Reached Home - Run Script'),
(-(@CGUID+219), 0, 1004, 0, 1, 1, 100, 0, 0, 0, 4800, 5200, 0, 11, 33335, 0, 0, 0, 0, 0, 10, @CGUID+104, 18708, 0, 0, 0, 0, 0, 0, 'Cabal Summoner - Out of Combat - Cast \'Shadow Bolt\' (Phase 1)'),
(-(@CGUID+222), 0, 0, 0, 4, 0, 10, 0, 0, 0, 0, 0, 0, 1, 0, 0, 1, 0, 0, 0, 7, 0, 0, 0, 0, 0, 0, 0, 0, 'Cabal Spellbinder - On Aggro - Say Line 0'),
(-(@CGUID+222), 0, 1, 0, 0, 0, 100, 0, 5700, 19300, 9600, 16900, 0, 11, 32691, 0, 0, 0, 0, 0, 2, 0, 0, 0, 0, 0, 0, 0, 0, 'Cabal Spellbinder - In Combat - Cast \'Spell Shock\''),
(-(@CGUID+222), 0, 2, 0, 0, 0, 100, 0, 8000, 12000, 20000, 30000, 0, 11, 33502, 0, 0, 0, 0, 0, 6, 0, 0, 0, 0, 0, 0, 0, 0, 'Cabal Spellbinder - In Combat - Cast \'Brain Wash\''),
(-(@CGUID+222), 0, 1001, 0, 38, 0, 100, 0, 1, 1, 0, 0, 0, 69, 1, 0, 0, 0, 0, 0, 8, 0, 0, 0, 0, -153.36362, -417.68417, 17.07796, 0, 'Cabal Spellbinder - On Data Set 1 1 - Move To Position'),
(-(@CGUID+222), 0, 1002, 0, 34, 0, 100, 0, 0, 1, 0, 0, 0, 80, 1870801, 0, 0, 0, 0, 0, 1, 0, 0, 0, 0, 0, 0, 0, 0, 'Cabal Spellbinder - On Reached Point 1 - Run Script'),
(-(@CGUID+222), 0, 1003, 0, 21, 0, 100, 0, 0, 0, 0, 0, 0, 80, 1870801, 0, 0, 0, 0, 0, 1, 0, 0, 0, 0, 0, 0, 0, 0, 'Cabal Spellbinder - On Reached Home - Run Script'),
(-(@CGUID+222), 0, 1004, 0, 1, 1, 100, 0, 0, 0, 4800, 5200, 0, 11, 33335, 0, 0, 0, 0, 0, 10, @CGUID+104, 18708, 0, 0, 0, 0, 0, 0, 'Cabal Spellbinder - Out of Combat - Cast \'Shadow Bolt\' (Phase 1)'),
(-(@CGUID+223), 0, 0, 0, 4, 0, 10, 0, 0, 0, 0, 0, 0, 1, 0, 0, 1, 0, 0, 0, 7, 0, 0, 0, 0, 0, 0, 0, 0, 'Cabal Summoner - On Aggro - Say Line 0'),
(-(@CGUID+223), 0, 1, 0, 0, 0, 100, 2, 1800, 6200, 4800, 16900, 0, 11, 14034, 0, 0, 0, 0, 0, 2, 0, 0, 0, 0, 0, 0, 0, 0, 'Cabal Summoner - In Combat - Cast \'Fireball\' (Normal Dungeon)'),
(-(@CGUID+223), 0, 2, 0, 0, 0, 100, 4, 1800, 6200, 4800, 16900, 0, 11, 15228, 0, 0, 0, 0, 0, 2, 0, 0, 0, 0, 0, 0, 0, 0, 'Cabal Summoner - In Combat - Cast \'Fireball\' (Heroic Dungeon)'),
(-(@CGUID+223), 0, 3, 5, 0, 0, 100, 0, 4300, 17200, 13300, 25300, 0, 11, 33506, 0, 0, 0, 0, 0, 1, 0, 0, 0, 0, 0, 0, 0, 0, 'Cabal Summoner - In Combat - Cast \'Summon Cabal Deathsworn\''),
(-(@CGUID+223), 0, 4, 6, 0, 0, 100, 0, 3600, 33200, 12100, 27900, 0, 11, 33507, 0, 0, 0, 0, 0, 1, 0, 0, 0, 0, 0, 0, 0, 0, 'Cabal Summoner - In Combat - Cast \'Summon Cabal Acolyte\''),
(-(@CGUID+223), 0, 5, 0, 61, 0, 100, 0, 0, 0, 0, 0, 0, 1, 1, 0, 0, 0, 0, 0, 1, 0, 0, 0, 0, 0, 0, 0, 0, 'Cabal Summoner - On Link - Say Line 1'),
(-(@CGUID+223), 0, 6, 0, 61, 0, 100, 0, 0, 0, 0, 0, 0, 1, 2, 0, 0, 0, 0, 0, 1, 0, 0, 0, 0, 0, 0, 0, 0, 'Cabal Summoner - On Link - Say Line 2'),
(-(@CGUID+223), 0, 7, 0, 17, 0, 100, 0, 19208, 0, 0, 0, 0, 1, 3, 0, 0, 0, 0, 0, 1, 0, 0, 0, 0, 0, 0, 0, 0, 'Cabal Summoner - On Summoned Unit - Say Line 3'),
(-(@CGUID+223), 0, 8, 0, 17, 0, 100, 0, 19209, 0, 0, 0, 0, 1, 4, 0, 0, 0, 0, 0, 1, 0, 0, 0, 0, 0, 0, 0, 0, 'Cabal Summoner - On Summoned Unit - Say Line 4'),
(-(@CGUID+223), 0, 1001, 0, 38, 0, 100, 0, 1, 1, 0, 0, 0, 69, 1, 0, 0, 0, 0, 0, 8, 0, 0, 0, 0, -158.90036, -420.0729, 17.077684, 0, 'Cabal Summoner - On Data Set 1 1 - Move To Position'),
(-(@CGUID+223), 0, 1002, 0, 34, 0, 100, 0, 0, 1, 0, 0, 0, 80, 1870801, 0, 0, 0, 0, 0, 1, 0, 0, 0, 0, 0, 0, 0, 0, 'Cabal Summoner - On Reached Point 1 - Run Script'),
(-(@CGUID+223), 0, 1003, 0, 21, 0, 100, 0, 0, 0, 0, 0, 0, 80, 1870801, 0, 0, 0, 0, 0, 1, 0, 0, 0, 0, 0, 0, 0, 0, 'Cabal Summoner - On Reached Home - Run Script'),
(-(@CGUID+223), 0, 1004, 0, 1, 1, 100, 0, 0, 0, 4800, 5200, 0, 11, 33335, 0, 0, 0, 0, 0, 10, @CGUID+104, 18708, 0, 0, 0, 0, 0, 0, 'Cabal Summoner - Out of Combat - Cast \'Shadow Bolt\' (Phase 1)');

DELETE FROM `smart_scripts` WHERE (`source_type` = 9 AND `entryorguid` BETWEEN 1870810 AND 1870846);
INSERT INTO `smart_scripts` (`entryorguid`, `source_type`, `id`, `link`, `event_type`, `event_phase_mask`, `event_chance`, `event_flags`, `event_param1`, `event_param2`, `event_param3`, `event_param4`, `event_param5`, `action_type`, `action_param1`, `action_param2`, `action_param3`, `action_param4`, `action_param5`, `action_param6`, `target_type`, `target_param1`, `target_param2`, `target_param3`, `target_param4`, `target_x`, `target_y`, `target_z`, `target_o`, `comment`) VALUES
-- Closest To Entrance
(1870810, 9, 0, 0, 0, 0, 100, 0, 0, 0, 0, 0, 0, 22, 0, 0, 0, 0, 0, 0, 1, 0, 0, 0, 0, 0, 0, 0, 0, 'Murmur Intro Event - Actionlist - Reset Phase'),
(1870810, 9, 1, 0, 0, 0, 100, 0, 0, 0, 0, 0, 0, 66, 0, 0, 0, 0, 0, 0, 10, @CGUID+104, 18708, 0, 0, 0, 0, 0, 0, 'Murmur Intro Event - Actionlist - Set Orientation \'Murmur\''),
(1870810, 9, 2, 0, 0, 0, 100, 0, 0, 0, 0, 0, 0, 101, 0, 0, 0, 0, 0, 0, 1, 0, 0, 0, 0, 0, 0, 0, 0, 'Murmur Intro Event - Actionlist - Set Home Position'),
(1870810, 9, 3, 0, 0, 0, 100, 0, 400, 400, 0, 0, 0, 11, 33335, 0, 0, 0, 0, 0, 10, @CGUID+104, 18708, 0, 0, 0, 0, 0, 0, 'Murmur Intro Event - Actionlist - Cast \'Shadow Bolt\''),
(1870810, 9, 4, 0, 0, 0, 100, 0, 3200, 3200, 0, 0, 0, 22, 1, 0, 0, 0, 0, 0, 1, 0, 0, 0, 0, 0, 0, 0, 0, 'Murmur Intro Event - Actionlist - Run Random Point'),
(1870811, 9, 0, 0, 0, 0, 100, 0, 0, 0, 0, 0, 0, 69, 1, 0, 0, 0, 0, 0, 8, 0, 0, 0, 0, -158.28374, -338.4589, 17.085264, 0, 'Murmur Intro Event - Actionlist - Move To Random Point'),
(1870812, 9, 0, 0, 0, 0, 100, 0, 0, 0, 0, 0, 0, 69, 1, 0, 0, 0, 0, 0, 8, 0, 0, 0, 0, -162.1271, -345.10422, 17.084044, 0, 'Murmur Intro Event - Actionlist - Move To Random Point'),
(1870813, 9, 0, 0, 0, 0, 100, 0, 0, 0, 0, 0, 0, 69, 1, 0, 0, 0, 0, 0, 8, 0, 0, 0, 0, -147.80182, -341.29218, 17.084566, 0, 'Murmur Intro Event - Actionlist - Move To Random Point'),
(1870814, 9, 0, 0, 0, 0, 100, 0, 0, 0, 0, 0, 0, 69, 1, 0, 0, 0, 0, 0, 8, 0, 0, 0, 0, -161.29134, -338.93643, 17.085104, 0, 'Murmur Intro Event - Actionlist - Move To Random Point'),
(1870815, 9, 0, 0, 0, 0, 100, 0, 0, 0, 0, 0, 0, 69, 1, 0, 0, 0, 0, 0, 8, 0, 0, 0, 0, -154.90176, -338.53806, 17.085365, 0, 'Murmur Intro Event - Actionlist - Move To Random Point'),
-- Random 2
(1870820, 9, 0, 0, 0, 0, 100, 0, 0, 0, 0, 0, 0, 22, 0, 0, 0, 0, 0, 0, 1, 0, 0, 0, 0, 0, 0, 0, 0, 'Murmur Intro Event - Actionlist - Reset Phase'),
(1870820, 9, 1, 0, 0, 0, 100, 0, 0, 0, 0, 0, 0, 66, 0, 0, 0, 0, 0, 0, 10, @CGUID+104, 18708, 0, 0, 0, 0, 0, 0, 'Murmur Intro Event - Actionlist - Set Orientation \'Murmur\''),
(1870820, 9, 2, 0, 0, 0, 100, 0, 0, 0, 0, 0, 0, 101, 0, 0, 0, 0, 0, 0, 1, 0, 0, 0, 0, 0, 0, 0, 0, 'Murmur Intro Event - Actionlist - Set Home Position'),
(1870820, 9, 3, 0, 0, 0, 100, 0, 400, 400, 0, 0, 0, 11, 33335, 0, 0, 0, 0, 0, 10, @CGUID+104, 18708, 0, 0, 0, 0, 0, 0, 'Murmur Intro Event - Actionlist - Cast \'Shadow Bolt\''),
(1870820, 9, 4, 0, 0, 0, 100, 0, 3200, 3200, 0, 0, 0, 22, 1, 0, 0, 0, 0, 0, 1, 0, 0, 0, 0, 0, 0, 0, 0, 'Murmur Intro Event - Actionlist - Run Random Point'),
(1870821, 9, 0, 0, 0, 0, 100, 0, 0, 0, 0, 0, 0, 69, 1, 0, 0, 0, 0, 0, 8, 0, 0, 0, 0, -164.62129, -364.47025, 17.082657, 0, 'Murmur Intro Event - Actionlist - Move To Random Point'),
(1870822, 9, 0, 0, 0, 0, 100, 0, 0, 0, 0, 0, 0, 69, 1, 0, 0, 0, 0, 0, 8, 0, 0, 0, 0, -149.57254, -366.09976, 17.08244, 0, 'Murmur Intro Event - Actionlist - Move To Random Point'),
(1870823, 9, 0, 0, 0, 0, 100, 0, 0, 0, 0, 0, 0, 69, 1, 0, 0, 0, 0, 0, 8, 0, 0, 0, 0, -157.15877, -365.55264, 17.082676, 0, 'Murmur Intro Event - Actionlist - Move To Random Point'),
-- Random 3
(1870830, 9, 0, 0, 0, 0, 100, 0, 0, 0, 0, 0, 0, 22, 0, 0, 0, 0, 0, 0, 1, 0, 0, 0, 0, 0, 0, 0, 0, 'Murmur Intro Event - Actionlist - Reset Phase'),
(1870830, 9, 1, 0, 0, 0, 100, 0, 0, 0, 0, 0, 0, 66, 0, 0, 0, 0, 0, 0, 10, @CGUID+104, 18708, 0, 0, 0, 0, 0, 0, 'Murmur Intro Event - Actionlist - Set Orientation \'Murmur\''),
(1870830, 9, 2, 0, 0, 0, 100, 0, 0, 0, 0, 0, 0, 101, 0, 0, 0, 0, 0, 0, 1, 0, 0, 0, 0, 0, 0, 0, 0, 'Murmur Intro Event - Actionlist - Set Home Position'),
(1870830, 9, 3, 0, 0, 0, 100, 0, 400, 400, 0, 0, 0, 11, 33335, 0, 0, 0, 0, 0, 10, @CGUID+104, 18708, 0, 0, 0, 0, 0, 0, 'Murmur Intro Event - Actionlist - Cast \'Shadow Bolt\''),
(1870830, 9, 4, 0, 0, 0, 100, 0, 3200, 3200, 0, 0, 0, 22, 1, 0, 0, 0, 0, 0, 1, 0, 0, 0, 0, 0, 0, 0, 0, 'Murmur Intro Event - Actionlist - Run Random Point'),
(1870831, 9, 0, 0, 0, 0, 100, 0, 0, 0, 0, 0, 0, 69, 1, 0, 0, 0, 0, 0, 8, 0, 0, 0, 0, -147.78976, -400.74268, 17.079878, 0, 'Murmur Intro Event - Actionlist - Move To Random Point'),
(1870832, 9, 0, 0, 0, 0, 100, 0, 0, 0, 0, 0, 0, 69, 1, 0, 0, 0, 0, 0, 8, 0, 0, 0, 0, -153.64055, -401.6354, 17.079683, 0, 'Murmur Intro Event - Actionlist - Move To Random Point'),
(1870833, 9, 0, 0, 0, 0, 100, 0, 0, 0, 0, 0, 0, 69, 1, 0, 0, 0, 0, 0, 8, 0, 0, 0, 0, -164.75117, -400.85703, 17.079742, 0, 'Murmur Intro Event - Actionlist - Move To Random Point'),
(1870834, 9, 0, 0, 0, 0, 100, 0, 0, 0, 0, 0, 0, 69, 1, 0, 0, 0, 0, 0, 8, 0, 0, 0, 0, -159.12671, -402.1224, 17.079607, 0, 'Murmur Intro Event - Actionlist - Move To Random Point'),
-- Furthest To Entrance
(1870840, 9, 0, 0, 0, 0, 100, 0, 0, 0, 0, 0, 0, 22, 0, 0, 0, 0, 0, 0, 1, 0, 0, 0, 0, 0, 0, 0, 0, 'Murmur Intro Event - Actionlist - Reset Phase'),
(1870840, 9, 1, 0, 0, 0, 100, 0, 0, 0, 0, 0, 0, 66, 0, 0, 0, 0, 0, 0, 10, @CGUID+104, 18708, 0, 0, 0, 0, 0, 0, 'Murmur Intro Event - Actionlist - Set Orientation \'Murmur\''),
(1870840, 9, 2, 0, 0, 0, 100, 0, 0, 0, 0, 0, 0, 101, 0, 0, 0, 0, 0, 0, 1, 0, 0, 0, 0, 0, 0, 0, 0, 'Murmur Intro Event - Actionlist - Set Home Position'),
(1870840, 9, 3, 0, 0, 0, 100, 0, 400, 400, 0, 0, 0, 11, 33335, 0, 0, 0, 0, 0, 10, @CGUID+104, 18708, 0, 0, 0, 0, 0, 0, 'Murmur Intro Event - Actionlist - Cast \'Shadow Bolt\''),
(1870840, 9, 4, 0, 0, 0, 100, 0, 3200, 3200, 0, 0, 0, 22, 1, 0, 0, 0, 0, 0, 1, 0, 0, 0, 0, 0, 0, 0, 0, 'Murmur Intro Event - Actionlist - Run Random Point'),
(1870841, 9, 0, 0, 0, 0, 100, 0, 0, 0, 0, 0, 0, 69, 1, 0, 0, 0, 0, 0, 8, 0, 0, 0, 0, -154.002, -443.78235, 17.077858, 0, 'Murmur Intro Event - Actionlist - Move To Random Point'),
(1870842, 9, 0, 0, 0, 0, 100, 0, 0, 0, 0, 0, 0, 69, 1, 0, 0, 0, 0, 0, 8, 0, 0, 0, 0, -167.45804, -432.37482, 17.07814, 0, 'Murmur Intro Event - Actionlist - Move To Random Point'),
(1870843, 9, 0, 0, 0, 0, 100, 0, 0, 0, 0, 0, 0, 69, 1, 0, 0, 0, 0, 0, 8, 0, 0, 0, 0, -162.97812, -431.7765, 17.077911, 0, 'Murmur Intro Event - Actionlist - Move To Random Point'),
(1870844, 9, 0, 0, 0, 0, 100, 0, 0, 0, 0, 0, 0, 69, 1, 0, 0, 0, 0, 0, 8, 0, 0, 0, 0, -160.1651, -445.08224, 17.077875, 0, 'Murmur Intro Event - Actionlist - Move To Random Point'),
(1870845, 9, 0, 0, 0, 0, 100, 0, 0, 0, 0, 0, 0, 69, 1, 0, 0, 0, 0, 0, 8, 0, 0, 0, 0, -149.68005, -443.89935, 17.077915, 0, 'Murmur Intro Event - Actionlist - Move To Random Point'),
(1870846, 9, 0, 0, 0, 0, 100, 0, 0, 0, 0, 0, 0, 69, 1, 0, 0, 0, 0, 0, 8, 0, 0, 0, 0, -140.49841, -443.97772, 17.080841, 0, 'Murmur Intro Event - Actionlist - Move To Random Point');

DELETE FROM `smart_scripts` WHERE (`source_type` = 0 AND `entryorguid` IN (-(@CGUID+225), -(@CGUID+226), -(@CGUID+227), -(@CGUID+228), -(@CGUID+229)));
INSERT INTO `smart_scripts` (`entryorguid`, `source_type`, `id`, `link`, `event_type`, `event_phase_mask`, `event_chance`, `event_flags`, `event_param1`, `event_param2`, `event_param3`, `event_param4`, `event_param5`, `action_type`, `action_param1`, `action_param2`, `action_param3`, `action_param4`, `action_param5`, `action_param6`, `target_type`, `target_param1`, `target_param2`, `target_param3`, `target_param4`, `target_x`, `target_y`, `target_z`, `target_o`, `comment`) VALUES
(-(@CGUID+225), 0, 0, 0, 4, 0, 10, 0, 0, 0, 0, 0, 0, 1, 0, 0, 1, 0, 0, 0, 7, 0, 0, 0, 0, 0, 0, 0, 0, 'Cabal Spellbinder - On Aggro - Say Line 0'),
(-(@CGUID+225), 0, 1, 0, 0, 0, 100, 0, 5700, 19300, 9600, 16900, 0, 11, 32691, 0, 0, 0, 0, 0, 2, 0, 0, 0, 0, 0, 0, 0, 0, 'Cabal Spellbinder - In Combat - Cast \'Spell Shock\''),
(-(@CGUID+225), 0, 2, 0, 0, 0, 100, 0, 8000, 12000, 20000, 30000, 0, 11, 33502, 0, 0, 0, 0, 0, 6, 0, 0, 0, 0, 0, 0, 0, 0, 'Cabal Spellbinder - In Combat - Cast \'Brain Wash\''),
(-(@CGUID+225), 0, 1001, 0, 11, 0, 100, 0, 0, 0, 0, 0, 0, 88, 1870811, 1870815, 0, 0, 0, 0, 1, 0, 0, 0, 0, 0, 0, 0, 0, 'Cabal Spellbinder - On Respawn - Go To Random Point'),
(-(@CGUID+225), 0, 1002, 0, 6, 0, 100, 0, 0, 0, 0, 0, 0, 41, 5000, 0, 0, 0, 0, 0, 1, 0, 0, 0, 0, 0, 0, 0, 0, 'Cabal Spellbinder - On Just Died - Despawn In 5000 ms'),
(-(@CGUID+225), 0, 1003, 0, 38, 0, 100, 0, 1, 1, 0, 0, 0, 88, 1870811, 1870815, 0, 0, 0, 0, 1, 0, 0, 0, 0, 0, 0, 0, 0, 'Cabal Spellbinder - On Data Set 1 1 - Go To Random Point'),
(-(@CGUID+225), 0, 1004, 0, 34, 0, 100, 0, 0, 1, 0, 0, 0, 80, 1870810, 0, 1, 0, 0, 0, 1, 0, 0, 0, 0, 0, 0, 0, 0, 'Cabal Spellbinder - On Reached Point 1 - Attack Murmur then Move'),
(-(@CGUID+225), 0, 1005, 0, 21, 0, 100, 0, 0, 0, 0, 0, 0, 80, 1870810, 0, 1, 0, 0, 0, 1, 0, 0, 0, 0, 0, 0, 0, 0, 'Cabal Spellbinder - On Reached Home - Attack Murmur then Move'),
(-(@CGUID+225), 0, 1006, 0, 1, 1, 100, 0, 1200, 1200, 3600, 3600, 0, 88, 1870811, 1870815, 0, 0, 0, 0, 1, 0, 0, 0, 0, 0, 0, 0, 0, 'Cabal Spellbinder - Out of Combat - Go To Random Point (Phase 1)'),
(-(@CGUID+226), 0, 0, 0, 4, 0, 10, 0, 0, 0, 0, 0, 0, 1, 0, 0, 1, 0, 0, 0, 7, 0, 0, 0, 0, 0, 0, 0, 0, 'Cabal Summoner - On Aggro - Say Line 0'),
(-(@CGUID+226), 0, 1, 0, 0, 0, 100, 2, 1800, 6200, 4800, 16900, 0, 11, 14034, 0, 0, 0, 0, 0, 2, 0, 0, 0, 0, 0, 0, 0, 0, 'Cabal Summoner - In Combat - Cast \'Fireball\' (Normal Dungeon)'),
(-(@CGUID+226), 0, 2, 0, 0, 0, 100, 4, 1800, 6200, 4800, 16900, 0, 11, 15228, 0, 0, 0, 0, 0, 2, 0, 0, 0, 0, 0, 0, 0, 0, 'Cabal Summoner - In Combat - Cast \'Fireball\' (Heroic Dungeon)'),
(-(@CGUID+226), 0, 3, 5, 0, 0, 100, 0, 4300, 17200, 13300, 25300, 0, 11, 33506, 0, 0, 0, 0, 0, 1, 0, 0, 0, 0, 0, 0, 0, 0, 'Cabal Summoner - In Combat - Cast \'Summon Cabal Deathsworn\''),
(-(@CGUID+226), 0, 4, 6, 0, 0, 100, 0, 3600, 33200, 12100, 27900, 0, 11, 33507, 0, 0, 0, 0, 0, 1, 0, 0, 0, 0, 0, 0, 0, 0, 'Cabal Summoner - In Combat - Cast \'Summon Cabal Acolyte\''),
(-(@CGUID+226), 0, 5, 0, 61, 0, 100, 0, 0, 0, 0, 0, 0, 1, 1, 0, 0, 0, 0, 0, 1, 0, 0, 0, 0, 0, 0, 0, 0, 'Cabal Summoner - On Link - Say Line 1'),
(-(@CGUID+226), 0, 6, 0, 61, 0, 100, 0, 0, 0, 0, 0, 0, 1, 2, 0, 0, 0, 0, 0, 1, 0, 0, 0, 0, 0, 0, 0, 0, 'Cabal Summoner - On Link - Say Line 2'),
(-(@CGUID+226), 0, 7, 0, 17, 0, 100, 0, 19208, 0, 0, 0, 0, 1, 3, 0, 0, 0, 0, 0, 1, 0, 0, 0, 0, 0, 0, 0, 0, 'Cabal Summoner - On Summoned Unit - Say Line 3'),
(-(@CGUID+226), 0, 8, 0, 17, 0, 100, 0, 19209, 0, 0, 0, 0, 1, 4, 0, 0, 0, 0, 0, 1, 0, 0, 0, 0, 0, 0, 0, 0, 'Cabal Summoner - On Summoned Unit - Say Line 4'),
(-(@CGUID+226), 0, 1001, 0, 11, 0, 100, 0, 0, 0, 0, 0, 0, 88, 1870821, 1870823, 0, 0, 0, 0, 1, 0, 0, 0, 0, 0, 0, 0, 0, 'Cabal Summoner - On Respawn - Go To Random Point'),
(-(@CGUID+226), 0, 1002, 0, 6, 0, 100, 0, 0, 0, 0, 0, 0, 41, 5000, 0, 0, 0, 0, 0, 1, 0, 0, 0, 0, 0, 0, 0, 0, 'Cabal Summoner - On Just Died - Despawn In 5000 ms'),
(-(@CGUID+226), 0, 1003, 0, 38, 0, 100, 0, 1, 1, 0, 0, 0, 88, 1870821, 1870823, 0, 0, 0, 0, 1, 0, 0, 0, 0, 0, 0, 0, 0, 'Cabal Summoner - On Data Set 1 1 - Go To Random Point'),
(-(@CGUID+226), 0, 1004, 0, 34, 0, 100, 0, 0, 1, 0, 0, 0, 80, 1870820, 0, 1, 0, 0, 0, 1, 0, 0, 0, 0, 0, 0, 0, 0, 'Cabal Summoner - On Reached Point 1 - Attack Murmur then Move'),
(-(@CGUID+226), 0, 1005, 0, 21, 0, 100, 0, 0, 0, 0, 0, 0, 80, 1870820, 0, 1, 0, 0, 0, 1, 0, 0, 0, 0, 0, 0, 0, 0, 'Cabal Summoner - On Reached Home - Attack Murmur then Move'),
(-(@CGUID+226), 0, 1006, 0, 1, 1, 100, 0, 1200, 1200, 3600, 3600, 0, 88, 1870821, 1870823, 0, 0, 0, 0, 1, 0, 0, 0, 0, 0, 0, 0, 0, 'Cabal Summoner - Out of Combat - Go To Random Point (Phase 1)'),
(-(@CGUID+227), 0, 0, 0, 4, 0, 10, 0, 0, 0, 0, 0, 0, 1, 0, 0, 1, 0, 0, 0, 7, 0, 0, 0, 0, 0, 0, 0, 0, 'Cabal Spellbinder - On Aggro - Say Line 0'),
(-(@CGUID+227), 0, 1, 0, 0, 0, 100, 0, 5700, 19300, 9600, 16900, 0, 11, 32691, 0, 0, 0, 0, 0, 2, 0, 0, 0, 0, 0, 0, 0, 0, 'Cabal Spellbinder - In Combat - Cast \'Spell Shock\''),
(-(@CGUID+227), 0, 2, 0, 0, 0, 100, 0, 8000, 12000, 20000, 30000, 0, 11, 33502, 0, 0, 0, 0, 0, 6, 0, 0, 0, 0, 0, 0, 0, 0, 'Cabal Spellbinder - In Combat - Cast \'Brain Wash\''),
(-(@CGUID+227), 0, 1001, 0, 11, 0, 100, 0, 0, 0, 0, 0, 0, 88, 1870831, 1870834, 0, 0, 0, 0, 1, 0, 0, 0, 0, 0, 0, 0, 0, 'Cabal Spellbinder - On Respawn - Go To Random Point'),
(-(@CGUID+227), 0, 1002, 0, 6, 0, 100, 0, 0, 0, 0, 0, 0, 41, 5000, 0, 0, 0, 0, 0, 1, 0, 0, 0, 0, 0, 0, 0, 0, 'Cabal Spellbinder - On Just Died - Despawn In 5000 ms'),
(-(@CGUID+227), 0, 1003, 0, 38, 0, 100, 0, 1, 1, 0, 0, 0, 88, 1870831, 1870834, 0, 0, 0, 0, 1, 0, 0, 0, 0, 0, 0, 0, 0, 'Cabal Spellbinder - On Data Set 1 1 - Go To Random Point'),
(-(@CGUID+227), 0, 1004, 0, 34, 0, 100, 0, 0, 1, 0, 0, 0, 80, 1870830, 0, 1, 0, 0, 0, 1, 0, 0, 0, 0, 0, 0, 0, 0, 'Cabal Spellbinder - On Reached Point 1 - Attack Murmur then Move'),
(-(@CGUID+227), 0, 1005, 0, 21, 0, 100, 0, 0, 0, 0, 0, 0, 80, 1870830, 0, 1, 0, 0, 0, 1, 0, 0, 0, 0, 0, 0, 0, 0, 'Cabal Spellbinder - On Reached Home - Attack Murmur then Move'),
(-(@CGUID+227), 0, 1006, 0, 1, 1, 100, 0, 1200, 1200, 3600, 3600, 0, 88, 1870831, 1870834, 0, 0, 0, 0, 1, 0, 0, 0, 0, 0, 0, 0, 0, 'Cabal Spellbinder - Out of Combat - Go To Random Point (Phase 1)'),
(-(@CGUID+228), 0, 0, 0, 4, 0, 10, 0, 0, 0, 0, 0, 0, 1, 0, 0, 1, 0, 0, 0, 7, 0, 0, 0, 0, 0, 0, 0, 0, 'Cabal Summoner - On Aggro - Say Line 0'),
(-(@CGUID+228), 0, 1, 0, 0, 0, 100, 2, 1800, 6200, 4800, 16900, 0, 11, 14034, 0, 0, 0, 0, 0, 2, 0, 0, 0, 0, 0, 0, 0, 0, 'Cabal Summoner - In Combat - Cast \'Fireball\' (Normal Dungeon)'),
(-(@CGUID+228), 0, 2, 0, 0, 0, 100, 4, 1800, 6200, 4800, 16900, 0, 11, 15228, 0, 0, 0, 0, 0, 2, 0, 0, 0, 0, 0, 0, 0, 0, 'Cabal Summoner - In Combat - Cast \'Fireball\' (Heroic Dungeon)'),
(-(@CGUID+228), 0, 3, 5, 0, 0, 100, 0, 4300, 17200, 13300, 25300, 0, 11, 33506, 0, 0, 0, 0, 0, 1, 0, 0, 0, 0, 0, 0, 0, 0, 'Cabal Summoner - In Combat - Cast \'Summon Cabal Deathsworn\''),
(-(@CGUID+228), 0, 4, 6, 0, 0, 100, 0, 3600, 33200, 12100, 27900, 0, 11, 33507, 0, 0, 0, 0, 0, 1, 0, 0, 0, 0, 0, 0, 0, 0, 'Cabal Summoner - In Combat - Cast \'Summon Cabal Acolyte\''),
(-(@CGUID+228), 0, 5, 0, 61, 0, 100, 0, 0, 0, 0, 0, 0, 1, 1, 0, 0, 0, 0, 0, 1, 0, 0, 0, 0, 0, 0, 0, 0, 'Cabal Summoner - On Link - Say Line 1'),
(-(@CGUID+228), 0, 6, 0, 61, 0, 100, 0, 0, 0, 0, 0, 0, 1, 2, 0, 0, 0, 0, 0, 1, 0, 0, 0, 0, 0, 0, 0, 0, 'Cabal Summoner - On Link - Say Line 2'),
(-(@CGUID+228), 0, 7, 0, 17, 0, 100, 0, 19208, 0, 0, 0, 0, 1, 3, 0, 0, 0, 0, 0, 1, 0, 0, 0, 0, 0, 0, 0, 0, 'Cabal Summoner - On Summoned Unit - Say Line 3'),
(-(@CGUID+228), 0, 8, 0, 17, 0, 100, 0, 19209, 0, 0, 0, 0, 1, 4, 0, 0, 0, 0, 0, 1, 0, 0, 0, 0, 0, 0, 0, 0, 'Cabal Summoner - On Summoned Unit - Say Line 4'),
(-(@CGUID+228), 0, 1001, 0, 11, 0, 100, 0, 0, 0, 0, 0, 0, 88, 1870841, 1870846, 0, 0, 0, 0, 1, 0, 0, 0, 0, 0, 0, 0, 0, 'Cabal Summoner - On Respawn - Go To Random Point'),
(-(@CGUID+228), 0, 1002, 0, 6, 0, 100, 0, 0, 0, 0, 0, 0, 41, 5000, 0, 0, 0, 0, 0, 1, 0, 0, 0, 0, 0, 0, 0, 0, 'Cabal Summoner - On Just Died - Despawn In 5000 ms'),
(-(@CGUID+228), 0, 1003, 0, 38, 0, 100, 0, 1, 1, 0, 0, 0, 88, 1870841, 1870846, 0, 0, 0, 0, 1, 0, 0, 0, 0, 0, 0, 0, 0, 'Cabal Summoner - On Data Set 1 1 - Go To Random Point'),
(-(@CGUID+228), 0, 1004, 0, 34, 0, 100, 0, 0, 1, 0, 0, 0, 80, 1870840, 0, 1, 0, 0, 0, 1, 0, 0, 0, 0, 0, 0, 0, 0, 'Cabal Summoner - On Reached Point 1 - Attack Murmur then Move'),
(-(@CGUID+228), 0, 1005, 0, 21, 0, 100, 0, 0, 0, 0, 0, 0, 80, 1870840, 0, 1, 0, 0, 0, 1, 0, 0, 0, 0, 0, 0, 0, 0, 'Cabal Summoner - On Reached Home - Attack Murmur then Move'),
(-(@CGUID+228), 0, 1006, 0, 1, 1, 100, 0, 1200, 1200, 3600, 3600, 0, 88, 1870841, 1870846, 0, 0, 0, 0, 1, 0, 0, 0, 0, 0, 0, 0, 0, 'Cabal Summoner - Out of Combat - Go To Random Point (Phase 1)'),
(-(@CGUID+229), 0, 0, 0, 4, 0, 10, 0, 0, 0, 0, 0, 0, 1, 0, 0, 1, 0, 0, 0, 7, 0, 0, 0, 0, 0, 0, 0, 0, 'Cabal Spellbinder - On Aggro - Say Line 0'),
(-(@CGUID+229), 0, 1, 0, 0, 0, 100, 0, 5700, 19300, 9600, 16900, 0, 11, 32691, 0, 0, 0, 0, 0, 2, 0, 0, 0, 0, 0, 0, 0, 0, 'Cabal Spellbinder - In Combat - Cast \'Spell Shock\''),
(-(@CGUID+229), 0, 2, 0, 0, 0, 100, 0, 8000, 12000, 20000, 30000, 0, 11, 33502, 0, 0, 0, 0, 0, 6, 0, 0, 0, 0, 0, 0, 0, 0, 'Cabal Spellbinder - In Combat - Cast \'Brain Wash\''),
(-(@CGUID+229), 0, 1001, 0, 11, 0, 100, 0, 0, 0, 0, 0, 0, 88, 1870841, 1870846, 0, 0, 0, 0, 1, 0, 0, 0, 0, 0, 0, 0, 0, 'Cabal Spellbinder - On Respawn - Go To Random Point'),
(-(@CGUID+229), 0, 1002, 0, 6, 0, 100, 0, 0, 0, 0, 0, 0, 41, 5000, 0, 0, 0, 0, 0, 1, 0, 0, 0, 0, 0, 0, 0, 0, 'Cabal Spellbinder - On Just Died - Despawn In 5000 ms'),
(-(@CGUID+229), 0, 1003, 0, 38, 0, 100, 0, 1, 1, 0, 0, 0, 88, 1870841, 1870846, 0, 0, 0, 0, 1, 0, 0, 0, 0, 0, 0, 0, 0, 'Cabal Spellbinder - On Data Set 1 1 - Go To Random Point'),
(-(@CGUID+229), 0, 1004, 0, 34, 0, 100, 0, 0, 1, 0, 0, 0, 80, 1870840, 0, 1, 0, 0, 0, 1, 0, 0, 0, 0, 0, 0, 0, 0, 'Cabal Spellbinder - On Reached Point 1 - Attack Murmur then Move'),
(-(@CGUID+229), 0, 1005, 0, 21, 0, 100, 0, 0, 0, 0, 0, 0, 80, 1870840, 0, 1, 0, 0, 0, 1, 0, 0, 0, 0, 0, 0, 0, 0, 'Cabal Spellbinder - On Reached Home - Attack Murmur then Move'),
(-(@CGUID+229), 0, 1006, 0, 1, 1, 100, 0, 1200, 1200, 3600, 3600, 0, 88, 1870841, 1870846, 0, 0, 0, 0, 1, 0, 0, 0, 0, 0, 0, 0, 0, 'Cabal Spellbinder - Out of Combat - Go To Random Point (Phase 1)');

/*
	Static Linking
*/

DELETE FROM `creature_formations` WHERE `groupAI` = 3 AND `leaderGUID` IN (@CGUID+28,@CGUID+29,@CGUID+34,@CGUID+36,@CGUID+39,@CGUID+43,@CGUID+44,@CGUID+45,@CGUID+50,@CGUID+52,@CGUID+53,@CGUID+58,@CGUID+66,@CGUID+68,@CGUID+80,@CGUID+81,@CGUID+89,@CGUID+91,@CGUID+113,@CGUID+116,@CGUID+121,@CGUID+122,@CGUID+125,@CGUID+126,@CGUID+136,@CGUID+141,@CGUID+159,@CGUID+164,@CGUID+183,@CGUID+186,@CGUID+206,@CGUID+211,@CGUID+213,@CGUID+217,@CGUID+221,@CGUID+26) AND `memberGUID` IN (@CGUID+50,@CGUID+70,@CGUID+71,@CGUID+52,@CGUID+73,@CGUID+89,@CGUID+99,@CGUID+97,@CGUID+96,@CGUID+95,@CGUID+93,@CGUID+68,@CGUID+69,@CGUID+66,@CGUID+47,@CGUID+46,@CGUID+43,@CGUID+64,@CGUID+45,@CGUID+65,@CGUID+39,@CGUID+88,@CGUID+94,@CGUID+60,@CGUID+58,@CGUID+37,@CGUID+38,@CGUID+116,@CGUID+114,@CGUID+117,@CGUID+231,@CGUID+121,@CGUID+119,@CGUID+120,@CGUID+233,@CGUID+113,@CGUID+118,@CGUID+115,@CGUID+230,@CGUID+122,@CGUID+124,@CGUID+123,@CGUID+234,@CGUID+125,@CGUID+127,@CGUID+128,@CGUID+235,@CGUID+126,@CGUID+129,@CGUID+130,@CGUID+232,@CGUID+44,@CGUID+79,@CGUID+63,@CGUID+31,@CGUID+80,@CGUID+41,@CGUID+62,@CGUID+42,@CGUID+32,@CGUID+81,@CGUID+49,@CGUID+33,@CGUID+48,@CGUID+67,@CGUID+34,@CGUID+82,@CGUID+72,@CGUID+51,@CGUID+102,@CGUID+92,@CGUID+53,@CGUID+35,@CGUID+91,@CGUID+101,@CGUID+40,@CGUID+78,@CGUID+61,@CGUID+30,@CGUID+29,@CGUID+57,@CGUID+186,@CGUID+188,@CGUID+187,@CGUID+185,@CGUID+36,@CGUID+55,@CGUID+56,@CGUID+28,@CGUID+54,@CGUID+183,@CGUID+181,@CGUID+182,@CGUID+180,@CGUID+159,@CGUID+158,@CGUID+161,@CGUID+165,@CGUID+166,@CGUID+177,@CGUID+172,@CGUID+176,@CGUID+168,@CGUID+160,@CGUID+164,@CGUID+163,@CGUID+162,@CGUID+167,@CGUID+169,@CGUID+175,@CGUID+173,@CGUID+170,@CGUID+171,@CGUID+174,@CGUID+136,@CGUID+149,@CGUID+145,@CGUID+152,@CGUID+155,@CGUID+153,@CGUID+144,@CGUID+140,@CGUID+137,@CGUID+147,@CGUID+141,@CGUID+150,@CGUID+154,@CGUID+151,@CGUID+146,@CGUID+142,@CGUID+148,@CGUID+143,@CGUID+138,@CGUID+139,@CGUID+211,@CGUID+212,@CGUID+213,@CGUID+214,@CGUID+215,@CGUID+216,@CGUID+217,@CGUID+218,@CGUID+219,@CGUID+220,@CGUID+221,@CGUID+222,@CGUID+223,@CGUID+224,@CGUID+206,@CGUID+207,@CGUID+208,@CGUID+26,@CGUID+191,@CGUID+195,@CGUID+85);
INSERT INTO `creature_formations` (`leaderGUID`, `memberGUID`, `groupAI`) VALUES
(@CGUID+50, @CGUID+50, 3),
(@CGUID+50, @CGUID+70, 3),
(@CGUID+50, @CGUID+71, 3),
(@CGUID+52, @CGUID+52, 3),
(@CGUID+52, @CGUID+73, 3),
(@CGUID+89, @CGUID+89, 3),
(@CGUID+89, @CGUID+99, 3),
(@CGUID+89, @CGUID+97, 3),
(@CGUID+89, @CGUID+96, 3),
(@CGUID+89, @CGUID+95, 3),
(@CGUID+89, @CGUID+93, 3),
(@CGUID+68, @CGUID+68, 3),
(@CGUID+68, @CGUID+69, 3),
(@CGUID+66, @CGUID+66, 3),
(@CGUID+66, @CGUID+47, 3),
(@CGUID+66, @CGUID+46, 3),
(@CGUID+43, @CGUID+43, 3),
(@CGUID+43, @CGUID+64, 3),
(@CGUID+45, @CGUID+45, 3),
(@CGUID+45, @CGUID+65, 3),
(@CGUID+39, @CGUID+39, 3),
(@CGUID+39, @CGUID+88, 3),
(@CGUID+39, @CGUID+94, 3),
(@CGUID+39, @CGUID+60, 3),
(@CGUID+58, @CGUID+58, 3),
(@CGUID+58, @CGUID+37, 3),
(@CGUID+58, @CGUID+38, 3),
(@CGUID+116, @CGUID+116, 3),
(@CGUID+116, @CGUID+114, 3),
(@CGUID+116, @CGUID+117, 3),
(@CGUID+116, @CGUID+231, 3),
(@CGUID+121, @CGUID+121, 3),
(@CGUID+121, @CGUID+119, 3),
(@CGUID+121, @CGUID+120, 3),
(@CGUID+121, @CGUID+233, 3),
(@CGUID+113, @CGUID+113, 3),
(@CGUID+113, @CGUID+118, 3),
(@CGUID+113, @CGUID+115, 3),
(@CGUID+113, @CGUID+230, 3),
(@CGUID+122, @CGUID+122, 3),
(@CGUID+122, @CGUID+124, 3),
(@CGUID+122, @CGUID+123, 3),
(@CGUID+122, @CGUID+234, 3),
(@CGUID+125, @CGUID+125, 3),
(@CGUID+125, @CGUID+127, 3),
(@CGUID+125, @CGUID+128, 3),
(@CGUID+125, @CGUID+235, 3),
(@CGUID+126, @CGUID+126, 3),
(@CGUID+126, @CGUID+129, 3),
(@CGUID+126, @CGUID+130, 3),
(@CGUID+126, @CGUID+232, 3),
(@CGUID+44, @CGUID+44, 3),
(@CGUID+44, @CGUID+79, 3),
(@CGUID+44, @CGUID+63, 3),
(@CGUID+44, @CGUID+31, 3),
(@CGUID+80, @CGUID+80, 3),
(@CGUID+80, @CGUID+41, 3),
(@CGUID+80, @CGUID+62, 3),
(@CGUID+80, @CGUID+42, 3),
(@CGUID+80, @CGUID+32, 3),
(@CGUID+81, @CGUID+81, 3),
(@CGUID+81, @CGUID+49, 3),
(@CGUID+81, @CGUID+33, 3),
(@CGUID+81, @CGUID+48, 3),
(@CGUID+81, @CGUID+67, 3),
(@CGUID+34, @CGUID+34, 3),
(@CGUID+34, @CGUID+82, 3),
(@CGUID+34, @CGUID+72, 3),
(@CGUID+34, @CGUID+51, 3),
(@CGUID+34, @CGUID+102, 3),
(@CGUID+34, @CGUID+92, 3),
(@CGUID+53, @CGUID+53, 3),
(@CGUID+53, @CGUID+35, 3),
(@CGUID+91, @CGUID+91, 3),
(@CGUID+91, @CGUID+101, 3),
(@CGUID+91, @CGUID+40, 3),
(@CGUID+91, @CGUID+78, 3),
(@CGUID+91, @CGUID+61, 3),
(@CGUID+91, @CGUID+30, 3),
(@CGUID+29, @CGUID+29, 3),
(@CGUID+29, @CGUID+57, 3),
(@CGUID+186, @CGUID+186, 3),
(@CGUID+186, @CGUID+188, 3),
(@CGUID+186, @CGUID+187, 3),
(@CGUID+186, @CGUID+185, 3),
(@CGUID+36, @CGUID+36, 3),
(@CGUID+36, @CGUID+55, 3),
(@CGUID+36, @CGUID+56, 3),
(@CGUID+28, @CGUID+28, 3),
(@CGUID+28, @CGUID+54, 3),
(@CGUID+183, @CGUID+183, 3),
(@CGUID+183, @CGUID+181, 3),
(@CGUID+183, @CGUID+182, 3),
(@CGUID+183, @CGUID+180, 3),
(@CGUID+159, @CGUID+159, 3),
(@CGUID+159, @CGUID+158, 3),
(@CGUID+159, @CGUID+161, 3),
(@CGUID+159, @CGUID+165, 3),
(@CGUID+159, @CGUID+166, 3),
(@CGUID+159, @CGUID+177, 3),
(@CGUID+159, @CGUID+172, 3),
(@CGUID+159, @CGUID+176, 3),
(@CGUID+159, @CGUID+168, 3),
(@CGUID+159, @CGUID+160, 3),
(@CGUID+164, @CGUID+164, 3),
(@CGUID+164, @CGUID+163, 3),
(@CGUID+164, @CGUID+162, 3),
(@CGUID+164, @CGUID+167, 3),
(@CGUID+164, @CGUID+169, 3),
(@CGUID+164, @CGUID+175, 3),
(@CGUID+164, @CGUID+173, 3),
(@CGUID+164, @CGUID+170, 3),
(@CGUID+164, @CGUID+171, 3),
(@CGUID+164, @CGUID+174, 3),
(@CGUID+136, @CGUID+136, 3),
(@CGUID+136, @CGUID+149, 3),
(@CGUID+136, @CGUID+145, 3),
(@CGUID+136, @CGUID+152, 3),
(@CGUID+136, @CGUID+155, 3),
(@CGUID+136, @CGUID+153, 3),
(@CGUID+136, @CGUID+144, 3),
(@CGUID+136, @CGUID+140, 3),
(@CGUID+136, @CGUID+137, 3),
(@CGUID+136, @CGUID+147, 3),
(@CGUID+141, @CGUID+141, 3),
(@CGUID+141, @CGUID+150, 3),
(@CGUID+141, @CGUID+154, 3),
(@CGUID+141, @CGUID+151, 3),
(@CGUID+141, @CGUID+146, 3),
(@CGUID+141, @CGUID+142, 3),
(@CGUID+141, @CGUID+148, 3),
(@CGUID+141, @CGUID+143, 3),
(@CGUID+141, @CGUID+138, 3),
(@CGUID+141, @CGUID+139, 3),
(@CGUID+211, @CGUID+211, 3),
(@CGUID+211, @CGUID+212, 3),
(@CGUID+213, @CGUID+213, 3),
(@CGUID+213, @CGUID+214, 3),
(@CGUID+213, @CGUID+215, 3),
(@CGUID+213, @CGUID+216, 3),
(@CGUID+217, @CGUID+217, 3),
(@CGUID+217, @CGUID+218, 3),
(@CGUID+217, @CGUID+219, 3),
(@CGUID+217, @CGUID+220, 3),
(@CGUID+221, @CGUID+221, 3),
(@CGUID+221, @CGUID+222, 3),
(@CGUID+221, @CGUID+223, 3),
(@CGUID+221, @CGUID+224, 3),
(@CGUID+206, @CGUID+206, 3),
(@CGUID+206, @CGUID+207, 3),
(@CGUID+206, @CGUID+208, 3),
(@CGUID+26, @CGUID+26, 3),
(@CGUID+26, @CGUID+191, 3),
(@CGUID+26, @CGUID+195, 3),
(@CGUID+26, @CGUID+85, 3);

-- Linked Respawn for the respawning creatures in Murmur's Room
DELETE FROM `linked_respawn` WHERE `guid` IN (@CGUID+225, @CGUID+226, @CGUID+227, @CGUID+228, @CGUID+229) AND `linkType`=0;
INSERT INTO `linked_respawn` (`guid`, `linkedGuid`) VALUES
(@CGUID+225, @CGUID+211),
(@CGUID+226, @CGUID+213),
(@CGUID+227, @CGUID+217),
(@CGUID+228, @CGUID+221),
(@CGUID+229, @CGUID+221);
