-- Alterac Mountains had no pooling
DELETE FROM `gameobject` WHERE `id` IN (1622, 3730, 1624, 2046, 2043, 1628, 1623, 2044, 2041, 2042) AND `guid` IN (7357,7379,7388,7389,7391,7396,7397,7401,7402,7403,7404,7405,7406,7408,7409,7415,7420,7421,7422,7424,7451,7452,7457,7459,7465,7507,7508,7510,7511,7527,7550,7552,7576,7585,7621,7646,7647,7665,7668,7670,7675,7678,7683,7684,7685,7688,7689,7690,7691,7696,7699,7702,7704,7707,7721,7723,7738,7760,7768,7774,7775,7797,7820,7822,7825,7831,7843,7902,7906,7919,7959,7981,7982,7989,8015,8026,8030,8051,8055,8062,8064,8071,8092,8102,8120,8130,8132,8133,8162,8164,8172,8174,8190,8191,8192,8193,8194,8195,8196,8197,8198,8199,8200,8201,8202,8203,8204,8205,8206,8207,8208,8209,8210,8211,8212,8213,8214,8215,8621,8622,8624,8625,8630,8631,8633,8634,8635,8649,8654,8655,8680,8684,8685,8715,8716,8747,8749,8752,8753,8769,8792,8798,8819,8851,8855,8867,8873,8878,8885,8892,8926,8939,8946,8974,8984,8987,8988,8990,8991,9002,9008,9009,9010,9031,9046,9048,9049,9050,9051,9102,9105,9142,9143,9162,9165,9172,9173,9191,9211,9213,21220,21279,4498,4497,32644,4445,4444,4450,4492,32198,32185,32190,32202,32188,63407,32197,32114,3853,3607,33168,3176,3608,3030,33174,86836,4278,3038,3034,87249,4354,65095,3031,3671,32200,32201,32195,33140,3564,3610,3609,32210,32209,86323,86336,33305,4046,4371,29997,8128,33197,33203,86801,86808,65310,35372,33201,35375,32217,33135,33137,33310,35389,35397,35404,4182,4171,3926,3931,4104,3927,4201,4078,35388,4256,4260,4257,4250,32284,3545,3362,4204,3112,4151,64094,35394,3676,3111,32643,4156,32199,4102);

-- Vmangos Pools: (1056,1057,1058,1059,1060,1061,1062,1063,1071);
DELETE FROM `pool_template` WHERE `entry` BETWEEN 532 AND 540;
INSERT INTO `pool_template` (`entry`, `max_limit`, `description`) VALUES
(532, 8, 'Bruiseweed in Alterac Mountains'),
(533, 2, 'Kingsblood in Alterac Mountains'),
(534, 12, 'Goldthorn in Alterac Mountains'),
(535, 8, 'Khadgars Whisker in Alterac Mountains'),
(536, 2, 'Grave Moss in Alterac Mountains'),
(537, 5, 'Wild Steelbloom in Alterac Mountains'),
(538, 9, 'Wintersbite in Alterac Mountains'),
(539, 8, 'Liferoot in Alterac Mountains'),
(540, 11, 'Fadeleafs in Alterac Mountains');

DELETE FROM `pool_gameobject` WHERE `guid` BETWEEN 76354 AND 76637;
INSERT INTO `pool_gameobject` (`guid`, `pool_entry`, `chance`, `description`) VALUES 
(76354, 532, 0, 'Bruiseweed'),
(76355, 532, 0, 'Bruiseweed'),
(76356, 532, 0, 'Bruiseweed'),
(76357, 532, 0, 'Bruiseweed'),
(76358, 532, 0, 'Bruiseweed'),
(76359, 532, 0, 'Bruiseweed'),
(76360, 532, 0, 'Bruiseweed'),
(76361, 532, 0, 'Bruiseweed'),
(76362, 532, 0, 'Bruiseweed'),
(76363, 532, 0, 'Bruiseweed'),
(76364, 532, 0, 'Bruiseweed'),
(76365, 532, 0, 'Bruiseweed'),
(76366, 532, 0, 'Bruiseweed'),
(76367, 532, 0, 'Bruiseweed'),
(76368, 532, 0, 'Bruiseweed'),
(76369, 532, 0, 'Bruiseweed'),
(76370, 532, 0, 'Bruiseweed'),
(76371, 532, 0, 'Bruiseweed'),
(76372, 532, 0, 'Bruiseweed'),
(76373, 532, 0, 'Bruiseweed'),
(76374, 537, 0, 'Wild Steelbloom'),
(76375, 537, 0, 'Wild Steelbloom'),
(76376, 537, 0, 'Wild Steelbloom'),
(76377, 533, 0, 'Kingsblood'),
(76378, 533, 0, 'Kingsblood'),
(76379, 533, 0, 'Kingsblood'),
(76380, 537, 0, 'Wild Steelbloom'),
(76381, 537, 0, 'Wild Steelbloom'),
(76382, 537, 0, 'Wild Steelbloom'),
(76383, 537, 0, 'Wild Steelbloom'),
(76384, 537, 0, 'Wild Steelbloom'),
(76385, 537, 0, 'Wild Steelbloom'),
(76386, 537, 0, 'Wild Steelbloom'),
(76387, 537, 0, 'Wild Steelbloom'),
(76388, 537, 0, 'Wild Steelbloom'),
(76389, 537, 0, 'Wild Steelbloom'),
(76390, 537, 0, 'Wild Steelbloom'),
(76391, 537, 0, 'Wild Steelbloom'),
(76392, 537, 0, 'Wild Steelbloom'),
(76393, 533, 0, 'Kingsblood'),
(76394, 536, 0, 'Grave Moss'),
(76395, 536, 0, 'Grave Moss'),
(76396, 536, 0, 'Grave Moss'),
(76397, 536, 0, 'Grave Moss'),
(76398, 536, 0, 'Grave Moss'),
(76399, 536, 0, 'Grave Moss'),
(76400, 539, 0, 'Liferoot'),
(76401, 540, 0, 'Fadeleaf'),
(76402, 539, 0, 'Liferoot'),
(76403, 539, 0, 'Liferoot'),
(76404, 539, 0, 'Liferoot'),
(76405, 539, 0, 'Liferoot'),
(76406, 539, 0, 'Liferoot'),
(76407, 539, 0, 'Liferoot'),
(76408, 539, 0, 'Liferoot'),
(76409, 539, 0, 'Liferoot'),
(76410, 539, 0, 'Liferoot'),
(76411, 539, 0, 'Liferoot'),
(76412, 539, 0, 'Liferoot'),
(76413, 539, 0, 'Liferoot'),
(76414, 539, 0, 'Liferoot'),
(76415, 539, 0, 'Liferoot'),
(76416, 539, 0, 'Liferoot'),
(76417, 539, 0, 'Liferoot'),
(76418, 539, 0, 'Liferoot'),
(76419, 539, 0, 'Liferoot'),
(76420, 539, 0, 'Liferoot'),
(76421, 539, 0, 'Liferoot'),
(76422, 539, 0, 'Liferoot'),
(76423, 539, 0, 'Liferoot'),
(76424, 539, 0, 'Liferoot'),
(76425, 539, 0, 'Liferoot'),
(76426, 539, 0, 'Liferoot'),
(76427, 539, 0, 'Liferoot'),
(76428, 539, 0, 'Liferoot'),
(76429, 539, 0, 'Liferoot'),
(76430, 539, 0, 'Liferoot'),
(76431, 539, 0, 'Liferoot'),
(76432, 540, 0, 'Fadeleaf'),
(76433, 540, 0, 'Fadeleaf'),
(76434, 540, 0, 'Fadeleaf'),
(76435, 540, 0, 'Fadeleaf'),
(76436, 540, 0, 'Fadeleaf'),
(76437, 540, 0, 'Fadeleaf'),
(76438, 540, 0, 'Fadeleaf'),
(76439, 540, 0, 'Fadeleaf'),
(76440, 540, 0, 'Fadeleaf'),
(76441, 540, 0, 'Fadeleaf'),
(76442, 540, 0, 'Fadeleaf'),
(76443, 540, 0, 'Fadeleaf'),
(76444, 540, 0, 'Fadeleaf'),
(76445, 540, 0, 'Fadeleaf'),
(76446, 540, 0, 'Fadeleaf'),
(76447, 540, 0, 'Fadeleaf'),
(76448, 540, 0, 'Fadeleaf'),
(76449, 540, 0, 'Fadeleaf'),
(76450, 540, 0, 'Fadeleaf'),
(76451, 540, 0, 'Fadeleaf'),
(76452, 540, 0, 'Fadeleaf'),
(76453, 540, 0, 'Fadeleaf'),
(76454, 540, 0, 'Fadeleaf'),
(76455, 540, 0, 'Fadeleaf'),
(76456, 540, 0, 'Fadeleaf'),
(76457, 540, 0, 'Fadeleaf'),
(76458, 535, 0, 'Khadgar\'s Whisker'),
(76459, 535, 0, 'Khadgar\'s Whisker'),
(76460, 535, 0, 'Khadgar\'s Whisker'),
(76461, 535, 0, 'Khadgar\'s Whisker'),
(76462, 535, 0, 'Khadgar\'s Whisker'),
(76463, 535, 0, 'Khadgar\'s Whisker'),
(76464, 535, 0, 'Khadgar\'s Whisker'),
(76465, 535, 0, 'Khadgar\'s Whisker'),
(76466, 535, 0, 'Khadgar\'s Whisker'),
(76467, 535, 0, 'Khadgar\'s Whisker'),
(76468, 535, 0, 'Khadgar\'s Whisker'),
(76469, 535, 0, 'Khadgar\'s Whisker'),
(76470, 535, 0, 'Khadgar\'s Whisker'),
(76471, 535, 0, 'Khadgar\'s Whisker'),
(76472, 535, 0, 'Khadgar\'s Whisker'),
(76473, 535, 0, 'Khadgar\'s Whisker'),
(76474, 535, 0, 'Khadgar\'s Whisker'),
(76475, 535, 0, 'Khadgar\'s Whisker'),
(76476, 535, 0, 'Khadgar\'s Whisker'),
(76477, 535, 0, 'Khadgar\'s Whisker'),
(76478, 535, 0, 'Khadgar\'s Whisker'),
(76479, 535, 0, 'Khadgar\'s Whisker'),
(76480, 538, 0, 'Wintersbite'),
(76481, 538, 0, 'Wintersbite'),
(76482, 538, 0, 'Wintersbite'),
(76483, 538, 0, 'Wintersbite'),
(76484, 538, 0, 'Wintersbite'),
(76485, 538, 0, 'Wintersbite'),
(76486, 538, 0, 'Wintersbite'),
(76487, 538, 0, 'Wintersbite'),
(76488, 538, 0, 'Wintersbite'),
(76489, 538, 0, 'Wintersbite'),
(76490, 538, 0, 'Wintersbite'),
(76491, 538, 0, 'Wintersbite'),
(76492, 538, 0, 'Wintersbite'),
(76493, 538, 0, 'Wintersbite'),
(76494, 538, 0, 'Wintersbite'),
(76495, 538, 0, 'Wintersbite'),
(76496, 538, 0, 'Wintersbite'),
(76497, 538, 0, 'Wintersbite'),
(76498, 538, 0, 'Wintersbite'),
(76499, 538, 0, 'Wintersbite'),
(76500, 538, 0, 'Wintersbite'),
(76501, 538, 0, 'Wintersbite'),
(76502, 538, 0, 'Wintersbite'),
(76503, 538, 0, 'Wintersbite'),
(76504, 534, 0, 'Goldthorn'),
(76505, 534, 0, 'Goldthorn'),
(76506, 534, 0, 'Goldthorn'),
(76507, 534, 0, 'Goldthorn'),
(76508, 534, 0, 'Goldthorn'),
(76509, 534, 0, 'Goldthorn'),
(76510, 534, 0, 'Goldthorn'),
(76511, 534, 0, 'Goldthorn'),
(76512, 534, 0, 'Goldthorn'),
(76513, 534, 0, 'Goldthorn'),
(76514, 534, 0, 'Goldthorn'),
(76515, 534, 0, 'Goldthorn'),
(76516, 534, 0, 'Goldthorn'),
(76517, 534, 0, 'Goldthorn'),
(76518, 534, 0, 'Goldthorn'),
(76519, 534, 0, 'Goldthorn'),
(76520, 534, 0, 'Goldthorn'),
(76521, 534, 0, 'Goldthorn'),
(76522, 534, 0, 'Goldthorn'),
(76523, 534, 0, 'Goldthorn'),
(76524, 534, 0, 'Goldthorn'),
(76525, 534, 0, 'Goldthorn'),
(76526, 534, 0, 'Goldthorn'),
(76527, 534, 0, 'Goldthorn'),
(76528, 534, 0, 'Goldthorn'),
(76529, 534, 0, 'Goldthorn'),
(76530, 534, 0, 'Goldthorn'),
(76531, 534, 0, 'Goldthorn'),
(76532, 534, 0, 'Goldthorn'),
(76533, 534, 0, 'Goldthorn'),
(76534, 534, 0, 'Goldthorn'),
(76535, 534, 0, 'Goldthorn'),
(76536, 534, 0, 'Goldthorn'),
(76537, 534, 0, 'Goldthorn'),
(76538, 534, 0, 'Goldthorn'),
(76539, 534, 0, 'Goldthorn'),
(76540, 534, 0, 'Goldthorn'),
(76541, 534, 0, 'Goldthorn'),
(76542, 534, 0, 'Goldthorn'),
(76543, 534, 0, 'Goldthorn'),
(76544, 534, 0, 'Goldthorn'),
(76545, 534, 0, 'Goldthorn'),
(76546, 534, 0, 'Goldthorn'),
(76547, 534, 0, 'Goldthorn'),
(76548, 534, 0, 'Goldthorn'),
(76549, 534, 0, 'Goldthorn'),
(76550, 534, 0, 'Goldthorn'),
(76551, 534, 0, 'Goldthorn'),
(76552, 534, 0, 'Goldthorn'),
(76553, 534, 0, 'Goldthorn'),
(76554, 534, 0, 'Goldthorn'),
(76555, 534, 0, 'Goldthorn'),
(76556, 534, 0, 'Goldthorn'),
(76557, 534, 0, 'Goldthorn'),
(76558, 534, 0, 'Goldthorn'),
(76559, 532, 0, 'Bruiseweed'),
(76560, 532, 0, 'Bruiseweed'),
(76561, 532, 0, 'Bruiseweed'),
(76562, 540, 0, 'Fadeleaf'),
(76563, 540, 0, 'Fadeleaf'),
(76564, 540, 0, 'Fadeleaf'),
(76565, 540, 0, 'Fadeleaf'),
(76566, 540, 0, 'Fadeleaf'),
(76567, 540, 0, 'Fadeleaf'),
(76568, 534, 0, 'Goldthorn'),
(76569, 534, 0, 'Goldthorn'),
(76570, 534, 0, 'Goldthorn'),
(76571, 534, 0, 'Goldthorn'),
(76572, 534, 0, 'Goldthorn'),
(76573, 534, 0, 'Goldthorn'),
(76574, 536, 0, 'Grave Moss'),
(76575, 535, 0, 'Khadgars Whisker'),
(76576, 535, 0, 'Khadgars Whisker'),
(76577, 535, 0, 'Khadgars Whisker'),
(76578, 535, 0, 'Khadgars Whisker'),
(76579, 535, 0, 'Khadgars Whisker'),
(76580, 535, 0, 'Khadgars Whisker'),
(76581, 535, 0, 'Khadgars Whisker'),
(76582, 535, 0, 'Khadgars Whisker'),
(76583, 535, 0, 'Khadgars Whisker'),
(76584, 533, 0, 'Kingsblood'),
(76585, 533, 0, 'Kingsblood'),
(76586, 537, 0, 'Wild Steelbloom'),
(76587, 539, 0, 'Liferoot'),
(76588, 539, 0, 'Liferoot'),
(76589, 539, 0, 'Liferoot'),
(76590, 538, 0, 'Wintersbite'),
(76591, 538, 0, 'Wintersbite'),
(76592, 538, 0, 'Wintersbite'),
(76593, 538, 0, 'Wintersbite'),
(76594, 532, 0, 'Bruiseweed'),
(76595, 539, 0, 'Liferoot'),
(76596, 534, 0, 'Goldthorn'),
(76597, 539, 0, 'Liferoot'),
(76598, 539, 0, 'Liferoot'),
(76599, 533, 0, 'Kingsblood'),
(76600, 540, 0, 'Fadeleaf'),
(76601, 534, 0, 'Goldthorn'),
(76602, 540, 0, 'Fadeleaf'),
(76603, 539, 0, 'Liferoot'),
(76604, 535, 0, 'Khadgar\'s Whisker'),
(76605, 534, 0, 'Goldthorn'),
(76606, 535, 0, 'Khadgar\'s Whisker'),
(76607, 534, 0, 'Goldthorn'),
(76608, 533, 0, 'Kingsblood'),
(76609, 538, 0, 'Wintersbite'),
(76610, 533, 0, 'Kingsblood'),
(76611, 535, 0, 'Khadgar\'s Whisker'),
(76612, 535, 0, 'Khadgar\'s Whisker'),
(76613, 538, 0, 'Wintersbite'),
(76614, 532, 0, 'Bruiseweed'),
(76615, 533, 0, 'Kingsblood'),
(76616, 533, 0, 'Kingsblood'),
(76617, 534, 0, 'Goldthorn'),
(76618, 536, 0, 'Grave Moss'),
(76619, 538, 0, 'Wintersbite'),
(76620, 534, 0, 'Goldthorn'),
(76621, 534, 0, 'Goldthorn'),
(76622, 532, 0, 'Bruiseweed'),
(76623, 539, 0, 'Liferoot'),
(76624, 540, 0, 'Fadeleaf'),
(76625, 533, 0, 'Kingsblood'),
(76626, 533, 0, 'Kingsblood'),
(76627, 538, 0, 'Wintersbite'),
(76628, 533, 0, 'Kingsblood'),
(76629, 540, 0, 'Fadeleaf'),
(76630, 539, 0, 'Liferoot'),
(76631, 534, 0, 'Goldthorn'),
(76632, 538, 0, 'Wintersbite'),
(76633, 534, 0, 'Goldthorn'),
(76634, 532, 0, 'Bruiseweed'),
(76635, 538, 0, 'Wintersbite'),
(76636, 538, 0, 'Wintersbite'),
(76637, 534, 0, 'Goldthorn');

DELETE FROM `gameobject` WHERE `guid` BETWEEN 76354 AND 76637;
INSERT INTO `gameobject` (`guid`, `id`, `map`, `zoneId`, `position_x`, `position_y`, `position_z`, `orientation`, `rotation0`, `rotation1`, `rotation2`, `rotation3`, `spawntimesecs`, `animprogress`, `state`) VALUES
(76354, 1622, 0, 36, -98.9951, 244.966, 53.2755, 4.67748, 0, 0, -0.719339, 0.694659, 1800, 255, 1),
(76355, 1622, 0, 36, 49.357, 437.539, 41.9076, 5.49779, 0, 0, -0.382683, 0.92388, 1800, 255, 1),
(76356, 1622, 0, 36, 175.703, 229.644, 41.172, 4.613, 0, 0, 0, 0, 1800, 100, 1),
(76357, 1622, 0, 36, 516.585, -197, 151.021, 2.449, 0, 0, 0, 0, 1800, 100, 1),
(76358, 1622, 0, 36, 715.695, -305, 140.422, 3.596, 0, 0, 0, 0, 1800, 100, 1),
(76359, 1622, 0, 36, 420.733, 247.508, 44.5997, 1.279, 0, 0, 0, 0, 1800, 100, 1),
(76360, 1622, 0, 36, 188.553, -1008, 73.928, 5.147, 0, 0, 0, 0, 1800, 100, 1),
(76361, 1622, 0, 36, 282.183, -1076, 78.315, 5.54, 0, 0, 0, 0, 1800, 100, 1),
(76362, 1622, 0, 36, 97.201, -981, 61.143, 5.069, 0, 0, 0, 0, 1800, 100, 1),
(76363, 1622, 0, 36, 674.578, -981, 165.495, 3.537, 0, 0, 0, 0, 1800, 100, 1),
(76364, 1622, 0, 36, 774.72, -359, 146.052, 4.99, 0, 0, 0, 0, 1800, 100, 1),
(76365, 1622, 0, 36, 777.731, -382, 144, 1.625, 0, 0, 0, 0, 1800, 100, 1),
(76366, 1622, 0, 36, 418.481, 212.071, 42.363, 3.918, 0, 0, 0, 0, 1800, 100, 1),
(76367, 1622, 0, 36, 422.569, 242.351, 43.781, 1.279, 0, 0, 0, 0, 1800, 100, 1),
(76368, 1622, 0, 36, 669.216, -982, 164.844, 3.537, 0, 0, 0, 0, 1800, 100, 1),
(76369, 1622, 0, 36, 701.369, -923, 164.289, 3.875, 0, 0, 0, 0, 1800, 100, 1),
(76370, 1622, 0, 36, 78.99, 437.489, 41.908, 0.454, 0, 0, 0, 0, 1800, 100, 1),
(76371, 1622, 0, 36, 560.215, -333, 151.4, 1.57, 0, 0, 0, 0, 1800, 100, 1),
(76372, 1622, 0, 36, 131.193, -987, 73.739, 4.684, 0, 0, 0, 0, 1800, 100, 1),
(76373, 1622, 0, 36, 461.656, 202.05, 42.4419, 6.21337, 0, 0, -0.0348988, 0.999391, 1800, 100, 1),
(76374, 1623, 0, 36, 763.565, -697, 160.645, 1.83, 0, 0, 0, 0, 1800, 100, 1),
(76375, 1623, 0, 36, 787.223, -649, 148.119, 6.248, 0, 0, 0, 0, 1800, 100, 1),
(76376, 1623, 0, 36, 724.157, -686, 160.487, 4.698, 0, 0, 0, 0, 1800, 100, 1),
(76377, 1624, 0, 36, 55.5641, -50.3888, 99.1906, 5.044, 0, 0, -0.580703, 0.814116, 1800, 255, 1),
(76378, 1624, 0, 36, -128.134, 349.505, 84.4771, 5.70723, 0, 0, -0.284015, 0.95882, 1800, 255, 1),
(76379, 1624, 0, 36, -190.381, 251.907, 89.6564, 4.32842, 0, 0, -0.829037, 0.559194, 1800, 255, 1),
(76380, 1623, 0, 36, 768.763, -573, 157.22, 1.328, 0, 0, 0, 0, 1800, 100, 1),
(76381, 1623, 0, 36, 490.03, -576, 180.76, 1.47, 0, 0, 0, 0, 1800, 100, 1),
(76382, 1623, 0, 36, 764.3, -659, 149.366, 1.498, 0, 0, 0, 0, 1800, 100, 1),
(76383, 1623, 0, 36, 786.472, -229, 135.415, 4.083, 0, 0, 0, 0, 1800, 100, 1),
(76384, 1623, 0, 36, 618.244, -91, 135.776, 1.664, 0, 0, 0, 0, 1800, 100, 1),
(76385, 1623, 0, 36, 728.679, -731, 161.956, 4.823, 0, 0, 0, 0, 1800, 100, 1),
(76386, 1623, 0, 36, 709.927, -748, 163.78, 3.993, 0, 0, 0, 0, 1800, 100, 1),
(76387, 1623, 0, 36, 760.372, -607, 156.033, 1.328, 0, 0, 0, 0, 1800, 100, 1),
(76388, 1623, 0, 36, 781.27, -345, 153.329, 0.358, 0, 0, 0, 0, 1800, 100, 1),
(76389, 1623, 0, 36, 835.267, -432, 136.516, 1.538, 0, 0, 0, 0, 1800, 100, 1),
(76390, 1623, 0, 36, 824.203, -513, 141.076, 1.531, 0, 0, 0, 0, 1800, 100, 1),
(76391, 1623, 0, 36, 895.223, -483, 133.016, 0.135, 0, 0, 0, 0, 1800, 100, 1),
(76392, 1623, 0, 36, 870.131, -487, 134.162, 0.135, 0, 0, 0, 0, 1800, 100, 1),
(76393, 1624, 0, 36, 184.216, 42.8294, 55.9464, 2.67035, 0, 0, 0.972369, 0.233448, 1800, 100, 1),
(76394, 1628, 0, 36, 488.094, -316, 155.56, 6.252, 0, 0, 0, 0, 1800, 100, 1),
(76395, 1628, 0, 36, 479.536, -309.049, 155.839, 4.34587, 0, 0, -0.824126, 0.566406, 1800, 100, 1),
(76396, 1628, 0, 36, 504.441, -291, 152.687, 3.934, 0, 0, 0, 0, 1800, 100, 1),
(76397, 1628, 0, 36, 509.039, -308, 152.709, 0.038, 0, 0, 0, 0, 1800, 100, 1),
(76398, 1628, 0, 36, 470.038, -296, 156.2, 6.119, 0, 0, 0, 0, 1800, 100, 1),
(76399, 1628, 0, 36, 464.405, -306, 157.656, 6.195, 0, 0, 0, 0, 1800, 100, 1),
(76400, 2041, 0, 36, 352.731, -1452.43, 39.5358, 2.58308, 0, 0, 0.961261, 0.27564, 1800, 255, 1),
(76401, 2042, 0, 36, -16.0845, 377.3, 48.6796, 1.6057, 0, 0, 0.719339, 0.694659, 1800, 255, 1),
(76402, 2041, 0, 36, 695.068, 55.095, 33.5917, 2.382, 0, 0, 0, 0, 1800, 100, 1),
(76403, 2041, 0, 36, 1115.69, -254.806, 32.94, 2.30383, 0, 0, 0.913545, 0.406738, 1800, 100, 1),
(76404, 2041, 0, 36, 763.722, -46, 35.843, 3.647, 0, 0, 0, 0, 1800, 100, 1),
(76405, 2041, 0, 36, 851.634, -86, 34.034, 3.721, 0, 0, 0, 0, 1800, 100, 1),
(76406, 2041, 0, 36, 923.176, -146, 40.209, 3.547, 0, 0, 0, 0, 1800, 100, 1),
(76407, 2041, 0, 36, 940.055, -154, 38.782, 4.65, 0, 0, 0, 0, 1800, 100, 1),
(76408, 2041, 0, 36, 1012.47, -233, 42.329, 3.383, 0, 0, 0, 0, 1800, 100, 1),
(76409, 2041, 0, 36, 625.576, 116.927, 38.916, 3.174, 0, 0, 0, 0, 1800, 100, 1),
(76410, 2041, 0, 36, 908.147, -122, 37.798, 3.07, 0, 0, 0, 0, 1800, 100, 1),
(76411, 2041, 0, 36, 1100.83, -281, 40.313, 3.872, 0, 0, 0, 0, 1800, 100, 1),
(76412, 2041, 0, 36, 1255.84, -258, 43.163, 0.805, 0, 0, 0, 0, 1800, 100, 1),
(76413, 2041, 0, 36, 944.931, -143, 34.335, 3.39, 0, 0, 0, 0, 1800, 100, 1),
(76414, 2041, 0, 36, 1037.82, -224, 34.149, 5.818, 0, 0, 0, 0, 1800, 100, 1),
(76415, 2041, 0, 36, 930.719, -124, 33.243, 4.638, 0, 0, 0, 0, 1800, 100, 1),
(76416, 2041, 0, 36, 1246.6, -233, 34.033, 6.171, 0, 0, 0, 0, 1800, 100, 1),
(76417, 2041, 0, 36, 469.408, 519.379, 31.404, 2.375, 0, 0, 0, 0, 1800, 100, 1),
(76418, 2041, 0, 36, 679.107, 56.767, 38.0047, 3.127, 0, 0, 0, 0, 1800, 100, 1),
(76419, 2041, 0, 36, 470.612, 395.398, 36.075, 3.584, 0, 0, 0, 0, 1800, 100, 1),
(76420, 2041, 0, 36, 512.296, 304.801, 33.3976, 2.61, 0, 0, 0, 0, 1800, 100, 1),
(76421, 2041, 0, 36, 512.124, 331.029, 32.7369, 4.122, 0, 0, 0, 0, 1800, 100, 1),
(76422, 2041, 0, 36, 488.515, 314.936, 38.6758, 3.242, 0, 0, 0, 0, 1800, 100, 1),
(76423, 2041, 0, 36, 465.78, 404.33, 36.4356, 3.325, 0, 0, 0, 0, 1800, 100, 1),
(76424, 2041, 0, 36, 495.131, 302.416, 37.5922, 3.284, 0, 0, 0, 0, 1800, 100, 1),
(76425, 2041, 0, 36, 562.945, 223.555, 32.6625, 2.18166, 0, 0, 0.887011, 0.461749, 1800, 100, 1),
(76426, 2041, 0, 36, 474.549, 408.911, 32.675, -1, 0, 0, -0.551937, 0.833886, 1800, 100, 1),
(76427, 2041, 0, 36, 580.76, 206.621, 33.866, 5.314, 0, 0, 0, 0, 1800, 100, 1),
(76428, 2041, 0, 36, 571.589, 213.548, 33.355, 5.822, 0, 0, 0, 0, 1800, 100, 1),
(76429, 2041, 0, 36, 564.672, 194.762, 37.189, 3.798, 0, 0, 0, 0, 1800, 100, 1),
(76430, 2041, 0, 36, 633.064, 130.526, 35.896, 2.096, 0, 0, 0, 0, 1800, 100, 1),
(76431, 2041, 0, 36, 1266.5, -242, 44.668, 5.881, 0, 0, 0, 0, 1800, 100, 1),
(76432, 2042, 0, 36, 1101.74, -343, 43.149, 3.264, 0, 0, 0, 0, 1800, 100, 1),
(76433, 2042, 0, 36, 1096.82, -341, 43.419, 0.041, 0, 0, 0, 0, 1800, 100, 1),
(76434, 2042, 0, 36, 723.172, -863, 163.595, 5.157, 0, 0, 0, 0, 1800, 100, 1),
(76435, 2042, 0, 36, 302.101, -674, 135.655, 1.612, 0, 0, 0, 0, 1800, 100, 1),
(76436, 2042, 0, 36, 450.121, -796, 141.887, 0.883, 0, 0, 0, 0, 1800, 100, 1),
(76437, 2042, 0, 36, 417.903, 134.627, 42.074, 0.023, 0, 0, 0, 0, 1800, 100, 1),
(76438, 2042, 0, 36, 704.51, -986, 165.358, 0.012, 0, 0, 0, 0, 1800, 100, 1),
(76439, 2042, 0, 36, 909.434, -769, 125.66, 3.301, 0, 0, 0, 0, 1800, 100, 1),
(76440, 2042, 0, 36, 1238.68, -345, 43.569, 4.071, 0, 0, 0, 0, 1800, 100, 1),
(76441, 2042, 0, 36, 911.565, -796, 124.771, 4.791, 0, 0, 0, 0, 1800, 100, 1),
(76442, 2042, 0, 36, 639.156, -1171, 151.015, 4.629, 0, 0, 0, 0, 1800, 100, 1),
(76443, 2042, 0, 36, 637.401, -1147, 156.226, 4.913, 0, 0, 0, 0, 1800, 100, 1),
(76444, 2042, 0, 36, 168.703, -25, 69.624, 4.438, 0, 0, 0, 0, 1800, 100, 1),
(76445, 2042, 0, 36, 1109.59, -449, 66.867, 3.243, 0, 0, 0, 0, 1800, 100, 1),
(76446, 2042, 0, 36, 830.208, -955, 135.342, 0.096, 0, 0, 0, 0, 1800, 100, 1),
(76447, 2042, 0, 36, 1140.18, -471, 68.282, 4.895, 0, 0, 0, 0, 1800, 100, 1),
(76448, 2042, 0, 36, 1134.03, -447, 65.731, 3.243, 0, 0, 0, 0, 1800, 100, 1),
(76449, 2042, 0, 36, 1141.4, -577, 80.374, 4.63, 0, 0, 0, 0, 1800, 100, 1),
(76450, 2042, 0, 36, 1117.96, -349, 43.592, 2.024, 0, 0, 0, 0, 1800, 100, 1),
(76451, 2042, 0, 36, 298.133, -639, 137.914, 1.64, 0, 0, 0, 0, 1800, 100, 1),
(76452, 2042, 0, 36, 1091.77, -731, 75.661, 4.19, 0, 0, 0, 0, 1800, 100, 1),
(76453, 2042, 0, 36, 1104.06, -335, 43.26, 0.041, 0, 0, 0, 0, 1800, 100, 1),
(76454, 2042, 0, 36, 1107.9, -346, 43.42, 3.264, 0, 0, 0, 0, 1800, 100, 1),
(76455, 2042, 0, 36, 174.956, -57, 96.842, 0.068, 0, 0, 0, 0, 1800, 100, 1),
(76456, 2042, 0, 36, 726.65, -986, 165.163, 0.114, 0, 0, 0, 0, 1800, 100, 1),
(76457, 2042, 0, 36, 628.335, -970, 165.761, 3.526, 0, 0, 0, 0, 1800, 100, 1),
(76458, 2043, 0, 36, 783.488, -794, 171.138, 1.478, 0, 0, 0, 0, 1800, 100, 1),
(76459, 2043, 0, 36, 794.184, -789, 169.264, 2.024, 0, 0, 0, 0, 1800, 100, 1),
(76460, 2043, 0, 36, 806.926, -770, 180.668, 0.874, 0, 0, 0, 0, 1800, 100, 1),
(76461, 2043, 0, 36, 143.653, -93.971, 115.869, 0.436332, 0, 0, 0.216439, 0.976296, 1800, 100, 1),
(76462, 2043, 0, 36, 351.741, -768, 150.257, 2.594, 0, 0, 0, 0, 1800, 100, 1),
(76463, 2043, 0, 36, 1109.24, -330, 43.331, 4.698, 0, 0, 0, 0, 1800, 100, 1),
(76464, 2043, 0, 36, 854.707, -906, 132.338, 4.2, 0, 0, 0, 0, 1800, 100, 1),
(76465, 2043, 0, 36, 1132.31, -729, 69.569, 5.849, 0, 0, 0, 0, 1800, 100, 1),
(76466, 2043, 0, 36, 1133.31, -705, 67.345, 5.621, 0, 0, 0, 0, 1800, 100, 1),
(76467, 2043, 0, 36, 1137.17, -715, 65.6, 0.94, 0, 0, 0, 0, 1800, 100, 1),
(76468, 2043, 0, 36, 365.91, -780, 137.714, 1.536, 0, 0, 0.694658, 0.71934, 1800, 100, 1),
(76469, 2043, 0, 36, 1144.27, -590, 79.274, 5.464, 0, 0, 0, 0, 1800, 100, 1),
(76470, 2043, 0, 36, 1248.17, -412, 66.88, 5.975, 0, 0, 0, 0, 1800, 100, 1),
(76471, 2043, 0, 36, 737.453, -779, 185.898, 3.999, 0, 0, 0, 0, 1800, 100, 1),
(76472, 2043, 0, 36, 809.972, -756, 190.078, 1.867, 0, 0, 0, 0, 1800, 100, 1),
(76473, 2043, 0, 36, 556.464, -906, 172.482, 2.986, 0, 0, 0, 0, 1800, 100, 1),
(76474, 2043, 0, 36, 1225.23, -403, 55.229, 2.586, 0, 0, 0, 0, 1800, 100, 1),
(76475, 2043, 0, 36, 1239.24, -379, 73.829, 4.522, 0, 0, 0, 0, 1800, 100, 1),
(76476, 2043, 0, 36, 1156.6, -333, 45.197, 5.869, 0, 0, 0, 0, 1800, 100, 1),
(76477, 2043, 0, 36, 542.05, -931, 175.194, 4.628, 0, 0, 0, 0, 1800, 100, 1),
(76478, 2043, 0, 36, 845.513, -933, 138.368, 6.25, 0, 0, 0, 0, 1800, 100, 1),
(76479, 2043, 0, 36, 739.005, -816, 164.636, 1.612, 0, 0, 0, 0, 1800, 100, 1),
(76480, 2044, 0, 36, 720.937, -542, 155.045, 6.117, 0, 0, 0, 0, 1800, 100, 1),
(76481, 2044, 0, 36, 179.233, -233, 150.164, 4.751, 0, 0, 0, 0, 1800, 100, 1),
(76482, 2044, 0, 36, 389.499, -484, 178.124, 0.864, 0, 0, 0, 0, 1800, 100, 1),
(76483, 2044, 0, 36, 178.616, -273, 148.192, 4.682, 0, 0, 0, 0, 1800, 100, 1),
(76484, 2044, 0, 36, 260.663, -413, 156.2, 0.096, 0, 0, 0, 0, 1800, 100, 1),
(76485, 2044, 0, 36, 544.609, -438, 169.977, 0.793, 0, 0, 0, 0, 1800, 100, 1),
(76486, 2044, 0, 36, 141.263, -290, 159.619, 4.832, 0, 0, 0, 0, 1800, 100, 1),
(76487, 2044, 0, 36, 198.043, -212, 145.01, 1.754, 0, 0, 0, 0, 1800, 100, 1),
(76488, 2044, 0, 36, 220.781, -322, 155.628, 3.159, 0, 0, 0, 0, 1800, 100, 1),
(76489, 2044, 0, 36, 236.672, -415, 150.857, 1.683, 0, 0, 0, 0, 1800, 100, 1),
(76490, 2044, 0, 36, 374.973, -309, 163.783, 5.077, 0, 0, 0, 0, 1800, 100, 1),
(76491, 2044, 0, 36, 313.912, -464, 159.691, 6.158, 0, 0, 0, 0, 1800, 100, 1),
(76492, 2044, 0, 36, 381.117, -326, 166.318, 4.881, 0, 0, 0, 0, 1800, 100, 1),
(76493, 2044, 0, 36, 320.394, -313, 165.365, 4.737, 0, 0, 0, 0, 1800, 100, 1),
(76494, 2044, 0, 36, 610.216, -145, 140.655, 4.564, 0, 0, 0, 0, 1800, 100, 1),
(76495, 2044, 0, 36, 607.163, -202, 144.759, 0.384, 0, 0, 0.190809, 0.981627, 1800, 100, 1),
(76496, 2044, 0, 36, 671.415, -518, 167.364, 5.196, 0, 0, 0, 0, 1800, 100, 1),
(76497, 2044, 0, 36, 536.771, -211, 148.632, 1.735, 0, 0, 0, 0, 1800, 100, 1),
(76498, 2044, 0, 36, 513.417, -129, 145.088, 1.927, 0, 0, 0, 0, 1800, 100, 1),
(76499, 2044, 0, 36, 439.039, -242.432, 155.82, 2.96704, 0, 0, 0.996194, 0.087165, 1800, 100, 1),
(76500, 2044, 0, 36, 313.651, -349.851, 167.662, 4.86947, 0, 0, -0.649447, 0.760406, 1800, 100, 1),
(76501, 2044, 0, 36, 695.799, -540, 164.026, 5.044, 0, 0, 0, 0, 1800, 100, 1),
(76502, 2044, 0, 36, 315.12, -424, 169.313, 1.527, 0, 0, 0, 0, 1800, 100, 1),
(76503, 2044, 0, 36, 561.423, -429, 177.963, 2.834, 0, 0, 0, 0, 1800, 100, 1),
(76504, 2046, 0, 36, 650.888, -695, 205.934, 5.685, 0, 0, 0, 0, 1800, 100, 1),
(76505, 2046, 0, 36, 699.46, -409, 180.759, 5.877, 0, 0, 0, 0, 1800, 100, 1),
(76506, 2046, 0, 36, 677.236, -482, 184.742, 1.254, 0, 0, 0, 0, 1800, 100, 1),
(76507, 2046, 0, 36, 406.198, -324, 165.249, 3.115, 0, 0, 0, 0, 1800, 100, 1),
(76508, 2046, 0, 36, 613.192, -194, 144.981, 0.849, 0, 0, 0, 0, 1800, 100, 1),
(76509, 2046, 0, 36, 1097.81, -495, 89.629, 3.711, 0, 0, 0, 0, 1800, 100, 1),
(76510, 2046, 0, 36, 1078.45, -412, 65.522, 4.423, 0, 0, 0, 0, 1800, 100, 1),
(76511, 2046, 0, 36, 1173.35, -328, 44.622, 4.836, 0, 0, 0, 0, 1800, 100, 1),
(76512, 2046, 0, 36, 765.481, -464, 157.407, 2.687, 0, 0, 0, 0, 1800, 100, 1),
(76513, 2046, 0, 36, 745.103, -878, 166.775, 1.658, 0, 0, 0, 0, 1800, 100, 1),
(76514, 2046, 0, 36, 450.263, -496, 191.499, 1.487, 0, 0, 0, 0, 1800, 100, 1),
(76515, 2046, 0, 36, 601.492, -257.09, 152.942, 2.9845, 0, 0, 0.996917, 0.0784664, 1800, 100, 1),
(76516, 2046, 0, 36, 415.046, 23.38, 93.2563, 3.73, 0, 0, 0, 0, 1800, 100, 1),
(76517, 2046, 0, 36, 613.539, -189, 145.012, 4.599, 0, 0, 0, 0, 1800, 100, 1),
(76518, 2046, 0, 36, 361.979, -624, 153.168, 4.485, 0, 0, 0, 0, 1800, 100, 1),
(76519, 2046, 0, 36, 517.737, -703.093, 161.284, 0.925024, 0, 0, 0.446198, 0.894935, 1800, 100, 1),
(76520, 2046, 0, 36, 615.474, -492, 173.735, 0.116, 0, 0, 0, 0, 1800, 100, 1),
(76521, 2046, 0, 36, 839.822, -710, 169.117, 3.643, 0, 0, 0, 0, 1800, 100, 1),
(76522, 2046, 0, 36, 947.796, -600, 159.56, 0.417, 0, 0, 0, 0, 1800, 100, 1),
(76523, 2046, 0, 36, 341.735, -795.433, 141.415, 3.78737, 0, 0, -0.948323, 0.317306, 1800, 100, 1),
(76524, 2046, 0, 36, 742.707, -915, 165.954, 1.658, 0, 0, 0, 0, 1800, 100, 1),
(76525, 2046, 0, 36, 389.523, -625, 162.55, 0.02, 0, 0, 0, 0, 1800, 100, 1),
(76526, 2046, 0, 36, 1157.64, -680, 69.353, 2.897, 0, 0, 0, 0, 1800, 100, 1),
(76527, 2046, 0, 36, 1179.75, -325, 43.461, 4.622, 0, 0, 0, 0, 1800, 100, 1),
(76528, 2046, 0, 36, 281.534, -580, 158.544, 2.12, 0, 0, 0, 0, 1800, 100, 1),
(76529, 2046, 0, 36, 987.619, -409, 113.35, 3.362, 0, 0, 0, 0, 1800, 100, 1),
(76530, 2046, 0, 36, 794.263, -773, 177.106, 2.106, 0, 0, 0, 0, 1800, 100, 1),
(76531, 2046, 0, 36, 988.777, -268, 63.423, 2.18, 0, 0, 0, 0, 1800, 100, 1),
(76532, 2046, 0, 36, 744.557, -872, 167.274, 1.658, 0, 0, 0, 0, 1800, 100, 1),
(76533, 2046, 0, 36, 1226.38, -544, 69.554, 0.777, 0, 0, 0, 0, 1800, 100, 1),
(76534, 2046, 0, 36, 742.049, -907, 164.212, 1.658, 0, 0, 0, 0, 1800, 100, 1),
(76535, 2046, 0, 36, 581.546, -732, 181.583, 0.886, 0, 0, 0, 0, 1800, 100, 1),
(76536, 2046, 0, 36, 1015.38, -261, 48.256, 1.413, 0, 0, 0, 0, 1800, 100, 1),
(76537, 2046, 0, 36, 614.607, -743, 176.237, 2.821, 0, 0, 0, 0, 1800, 100, 1),
(76538, 2046, 0, 36, 915.051, -259, 150.849, 6.244, 0, 0, 0, 0, 1800, 100, 1),
(76539, 2046, 0, 36, 931.414, -256, 137.537, 0.162, 0, 0, 0, 0, 1800, 100, 1),
(76540, 2046, 0, 36, 874.247, -208, 129.753, 4.9, 0, 0, 0, 0, 1800, 100, 1),
(76541, 2046, 0, 36, 576.93, -487, 175.282, 1.441, 0, 0, 0, 0, 1800, 100, 1),
(76542, 2046, 0, 36, 659.04, -703, 203.433, 5.685, 0, 0, 0, 0, 1800, 100, 1),
(76543, 2046, 0, 36, 660.718, -77, 121.078, 0.575, 0, 0, 0, 0, 1800, 100, 1),
(76544, 2046, 0, 36, 668.096, -69, 121.627, 4.979, 0, 0, 0, 0, 1800, 100, 1),
(76545, 2046, 0, 36, 681.263, -56, 94.984, 4.225, 0, 0, 0, 0, 1800, 100, 1),
(76546, 2046, 0, 36, 822.083, -722, 194.678, 2.574, 0, 0, 0, 0, 1800, 100, 1),
(76547, 2046, 0, 36, 595.461, -262, 149.207, 0.56, 0, 0, 0.996917, 0.078459, 1800, 100, 1),
(76548, 2046, 0, 36, 1102.21, -711, 74.068, 5.861, 0, 0, 0, 0, 1800, 100, 1),
(76549, 2046, 0, 36, 699.414, -401, 172.814, 4.867, 0, 0, 0, 0, 1800, 100, 1),
(76550, 2046, 0, 36, 913.728, -404, 153.86, 1.942, 0, 0, 0, 0, 1800, 100, 1),
(76551, 2046, 0, 36, 930.608, -514, 151.338, 4.509, 0, 0, 0, 0, 1800, 100, 1),
(76552, 2046, 0, 36, 753.273, -989, 158.025, 1.416, 0, 0, 0, 0, 1800, 100, 1),
(76553, 2046, 0, 36, 353.928, -792, 133.678, 6.205, 0, 0, 0, 0, 1800, 100, 1),
(76554, 2046, 0, 36, 618.778, -746, 173.588, 2.821, 0, 0, 0, 0, 1800, 100, 1),
(76555, 2046, 0, 36, 643.962, -695.862, 205.971, 4.99164, 0, 0, -0.601814, 0.798636, 1800, 100, 1),
(76556, 2046, 0, 36, 769.361, -470, 152.711, 5.756, 0, 0, 0, 0, 1800, 100, 1),
(76557, 2046, 0, 36, 762.481, -455, 162.805, 1.905, 0, 0, 0, 0, 1800, 100, 1),
(76558, 2046, 0, 36, 404.064, -575, 167.213, 4.36, 0, 0, 0, 0, 1800, 100, 1),
(76559, 1622, 0, 36, 524.242, -222.035, 150.747, 0.488691, 0, 0, 0.241921, 0.970296, 300, 100, 1),
(76560, 1622, 0, 36, -56.5404, 293.34, 53.3134, 1.09956, 0, 0, 0.522498, 0.85264, 300, 100, 1),
(76561, 1622, 0, 36, 713.813, -316.486, 140.027, 3.49067, 0, 0, -0.984807, 0.173652, 300, 100, 1),
(76562, 2042, 0, 36, 295.734, -670.961, 134.586, 6.21337, 0, 0, -0.0348988, 0.999391, 300, 100, 1),
(76563, 2042, 0, 36, 411.041, 121.515, 42.3566, 4.99164, 0, 0, -0.601814, 0.798636, 300, 100, 1),
(76564, 2042, 0, 36, 6.72537, -35.8818, 95.798, 3.50812, 0, 0, -0.983254, 0.182238, 300, 100, 1),
(76565, 2042, 0, 36, 171.56, -30.6048, 71.7803, 2.58308, 0, 0, 0.961261, 0.27564, 300, 100, 1),
(76566, 2042, 0, 36, 11.9988, 179.588, 45.3398, 3.38594, 0, 0, -0.992546, 0.12187, 300, 100, 1),
(76567, 2042, 0, 36, 1106.82, -353.518, 43.0181, 4.32842, 0, 0, -0.829037, 0.559194, 300, 100, 1),
(76568, 2046, 0, 36, 874.433, -211.295, 133.795, 4.15388, 0, 0, -0.874619, 0.48481, 300, 100, 1),
(76569, 2046, 0, 36, 926.029, -279.575, 145, 3.17653, 0, 0, -0.999847, 0.0174693, 300, 100, 1),
(76570, 2046, 0, 36, 604.806, -744.798, 176.252, 5.49779, 0, 0, -0.382683, 0.92388, 300, 100, 1),
(76571, 2046, 0, 36, 381.352, -626.85, 162.435, 5.41052, 0, 0, -0.422618, 0.906308, 300, 100, 1),
(76572, 2046, 0, 36, 405.361, -570.059, 167.804, 4.15388, 0, 0, -0.874619, 0.48481, 300, 100, 1),
(76573, 2046, 0, 36, 1163.05, -317.217, 49.2065, 6.07375, 0, 0, -0.104528, 0.994522, 300, 100, 1),
(76574, 1628, 0, 36, 493.417, -306.911, 153.738, 5.65487, 0, 0, -0.309016, 0.951057, 300, 100, 1),
(76575, 2043, 0, 36, 1017.78, -357.786, 61.5597, 2.91469, 0, 0, 0.993571, 0.113208, 300, 100, 1),
(76576, 2043, 0, 36, 498.507, -1343.87, 68.2421, 5.48033, 0, 0, -0.390731, 0.920505, 300, 100, 1),
(76577, 2043, 0, 36, -44.0645, -436.343, 105.588, 3.14159, 0, 0, -1, 0, 300, 100, 1),
(76578, 2043, 0, 36, 1201.66, -569.665, 71.0431, 4.17134, 0, 0, -0.870356, 0.492424, 300, 100, 1),
(76579, 2043, 0, 36, 651.71, -1333.18, 108.475, 5.96903, 0, 0, -0.156434, 0.987688, 300, 100, 1),
(76580, 2043, 0, 36, 1216.54, -502.072, 62.9315, 5.07891, 0, 0, -0.566406, 0.824126, 300, 100, 1),
(76581, 2043, 0, 36, -61.4537, -242.914, 138.338, 2.63544, 0, 0, 0.968147, 0.250381, 300, 100, 1),
(76582, 2043, 0, 36, -248.326, -285.914, 166.76, 5.53269, 0, 0, -0.366501, 0.930418, 300, 100, 1),
(76583, 2043, 0, 36, -116.969, -118.776, 137.862, 2.93214, 0, 0, 0.994521, 0.104536, 300, 100, 1),
(76584, 1624, 0, 36, 187.893, -854.931, 156.516, 0.558505, 0, 0, 0.275637, 0.961262, 1800, 100, 1),
(76585, 1624, 0, 36, -119.69, -310.971, 144.306, 1.78023, 0, 0, 0.777145, 0.629321, 300, 100, 1),
(76586, 1623, 0, 36, -39.3669, -666.351, 91.5816, 2.04204, 0, 0, 0.85264, 0.522499, 300, 100, 1),
(76587, 2041, 0, 36, 1393.61, -61.5613, 38.9985, 4.04917, 0, 0, -0.898793, 0.438373, 300, 100, 1),
(76588, 2041, 0, 36, 335.301, -1352.17, 40.368, 4.99164, 0, 0, -0.601814, 0.798636, 300, 100, 1),
(76589, 2041, 0, 36, 1321.15, -164.634, 33.451, 0.366518, 0, 0, 0.182235, 0.983255, 300, 100, 1),
(76590, 2044, 0, 36, 544.052, -207.92, 146.243, 1.48353, 0, 0, 0.67559, 0.737278, 300, 100, 1),
(76591, 2044, 0, 36, 250.224, -412.048, 153.166, 3.75246, 0, 0, -0.953716, 0.300708, 300, 100, 1),
(76592, 2044, 0, 36, 319.122, -386.163, 170.845, 3.85718, 0, 0, -0.936671, 0.35021, 300, 100, 1),
(76593, 2044, 0, 36, 783.456, -247.429, 135.859, 3.01941, 0, 0, 0.998135, 0.0610518, 300, 100, 1),
(76594, 1622, 0, 36, 232.238, -1132.69, 88.8365, 2.49582, 0, 0, 0.948324, 0.317305, 1800, 100, 1),
(76595, 2041, 0, 36, 206.544, -1247.73, 39.9185, -1.02974, 0, 0, 0.492424, -0.870356, 1800, 100, 1),
(76596, 2046, 0, 36, 586.493, 22.1321, 103.655, 2.05949, 0, 0, 0.857167, 0.515038, 1800, 100, 1),
(76597, 2041, 0, 36, 465.736, 531.193, 41.1185, -0.977384, 0, 0, 0.469472, -0.882948, 1800, 100, 1),
(76598, 2041, 0, 36, 1220.57, -257.893, 32.6141, 0.366519, 0, 0, 0.182236, 0.983255, 1800, 100, 1),
(76599, 1624, 0, 36, 1031.8, -466.332, 112.072, -0.383972, 0, 0, 0.190809, -0.981627, 1800, 100, 1),
(76600, 2042, 0, 36, 1216.97, -338.416, 43.6423, -0.575959, 0, 0, 0.284015, -0.95882, 1800, 100, 1),
(76601, 2046, 0, 36, 991.061, -415.836, 118.128, -0.488692, 0, 0, 0.241922, -0.970296, 1800, 100, 1),
(76602, 2042, 0, 36, 1028.41, -776.417, 100.061, -0.349066, 0, 0, 0.173648, -0.984808, 1800, 100, 1),
(76603, 2041, 0, 36, 884.468, -81.2903, 32.3366, 2.79253, 0, 0, 0.984808, 0.173648, 1800, 100, 1),
(76604, 2043, 0, 36, 1272.28, -259.936, 46.5083, 2.54818, 0, 0, 0.956305, 0.292372, 1800, 100, 1),
(76605, 2046, 0, 36, 453.387, -501.445, 187.001, 2.47837, 0, 0, 0.945519, 0.325568, 1800, 100, 1),
(76606, 2043, 0, 36, 1130.94, -716.134, 67.074, -1.39626, 0, 0, 0.642788, -0.766044, 1800, 100, 1),
(76607, 2046, 0, 36, 1093.45, -715.179, 77.7529, -0.226893, 0, 0, 0.113203, -0.993572, 1800, 100, 1),
(76608, 1624, 0, 36, 1184.12, -474.71, 66.9761, -1.53589, 0, 0, 0.694658, -0.71934, 1800, 100, 1),
(76609, 2044, 0, 36, 545.584, -446.205, 167.449, -1.0821, 0, 0, 0.515038, -0.857167, 1800, 100, 1),
(76610, 1624, 0, 36, 380.512, -846.562, 127.959, 2.84489, 0, 0, 0.989016, 0.147809, 1800, 100, 1),
(76611, 2043, 0, 36, 482.952, -1002.54, 134.929, -0.366519, 0, 0, 0.182236, -0.983255, 1800, 100, 1),
(76612, 2043, 0, 36, 735.648, -807.982, 166.306, 2.09439, 0, 0, 0.866025, 0.5, 1800, 100, 1),
(76613, 2044, 0, 36, 381.986, -313.19, 164.722, -1.43117, 0, 0, 0.656059, -0.75471, 1800, 100, 1),
(76614, 1622, 0, 36, 741.367, -394.364, 141.665, 2.30383, 0, 0, 0.913545, 0.406737, 1800, 100, 1),
(76615, 1624, 0, 36, 1084.62, -621.656, 90.2999, 0.366518, 0, 0, 0.182235, 0.983255, 300, 100, 1),
(76616, 1624, 0, 36, 475.342, -957.903, 131.565, 1.5708, 0, 0, 0.707107, 0.707107, 300, 100, 1),
(76617, 2046, 0, 36, 500.427, -170.212, 151.195, -2.21657, 0, 0, 0.894934, -0.446198, 1800, 100, 1),
(76618, 1628, 0, 36, 473.569, -313.753, 157.633, -0.994838, 0, 0, 0.477159, -0.878817, 1800, 100, 1),
(76619, 2044, 0, 36, 713.304, -554.205, 163.252, 2.04204, 0, 0, 0.85264, 0.522499, 1800, 100, 1),
(76620, 2046, 0, 36, 788.919, -779.384, 180.029, -0.593412, 0, 0, 0.292372, -0.956305, 1800, 100, 1),
(76621, 2046, 0, 36, 583.982, -503.847, 186.546, 2.25148, 0, 0, 0.902585, 0.430511, 1800, 100, 1),
(76622, 1622, 0, 36, 405.727, 227.308, 41.9076, 0.331613, 0, 0, 0.165048, 0.986286, 1800, 100, 1),
(76623, 2041, 0, 36, 283.791, -1287.66, 39.2282, -0.994838, 0, 0, 0.477159, -0.878817, 1800, 100, 1),
(76624, 2042, 0, 36, 692.225, -1384.84, 99.6657, 1.09956, 0, 0, 0.522498, 0.85264, 300, 100, 1),
(76625, 1624, 0, 36, -60.0194, -194.283, 131.666, 5.89921, 0, 0, -0.190808, 0.981627, 300, 100, 1),
(76626, 1624, 0, 36, 88.6101, -582.392, 141.557, 1.93731, 0, 0, 0.824126, 0.566406, 1800, 100, 1),
(76627, 2044, 0, 36, 217.143, -315.348, 155.358, -2.23402, 0, 0, 0.898794, -0.438371, 1800, 100, 1),
(76628, 1624, 0, 36, 192.174, -601.28, 126.948, 2.9845, 0, 0, 0.996917, 0.0784664, 300, 100, 1),
(76629, 2042, 0, 36, 634.193, -966.233, 164.721, -2.11185, 0, 0, 0.870356, -0.492423, 1800, 100, 1),
(76630, 2041, 0, 36, 466.333, -1472.12, 40.626, 2.40855, 0, 0, 0.93358, 0.358368, 300, 100, 1),
(76631, 2046, 0, 36, 673.078, -488.209, 182.39, -1.64061, 0, 0, 0.731354, -0.681998, 1800, 100, 1),
(76632, 2044, 0, 36, 757.825, -588.897, 157.523, 2.14675, 0, 0, 0.878817, 0.477159, 1800, 100, 1),
(76633, 2046, 0, 36, 706.655, -401.579, 170.44, 2.46091, 0, 0, 0.942641, 0.333807, 1800, 100, 1),
(76634, 1622, 0, 36, 561.188, -345.716, 151.627, -1.67552, 0, 0, 0.743145, -0.669131, 1800, 100, 1),
(76635, 2044, 0, 36, 153.907, -280.618, 154.185, 1.8675, 0, 0, 0.803857, 0.594823, 1800, 100, 1),
(76636, 2044, 0, 36, 611.006, -113.783, 135.792, -1.67552, 0, 0, 0.743145, -0.669131, 1800, 100, 1),
(76637, 2046, 0, 36, 778.003, -343.424, 150.982, 5.84685, 0, 0, -0.216439, 0.976296, 300, 100, 1);

-- Hillsbrad Foothills
DELETE FROM `pool_template` WHERE `entry`=958;
DELETE FROM `pool_gameobject` WHERE `pool_entry`=958 AND `guid` IN (2197,2255,2331,2373,2399,2516,2521,2544,2547,2548,2566,2603,2626,2631,2633,2657,2663,2707,2736,2749,2761,2779,2794,2831,2869,2873,2901,2919,2933,2938,2981,2982,2983,2992,3004,3020,3035,3036,3037,3075,3076,3129,3155,3163,3164,3171,3194,3200,3205,3206,3207,3208,3209,3210,3227,3228,3230,3232,3233,3234,3235,3236,3237,3264,3273,3289,3290,3292,3315,3330,3335,3373,3383,3384,3385,3386,3387,3388,3389,3390,3391,3396,3403,3404,3407,3418,3420,3457,3504,3522,3550,3551,3553,3559,3560,3561,3568,3569,3570,3571,3583,3649,3650,3651,3652,3709,3744,3749,3763,3770,3789,3802,3803,3833,3865,3875,3877,3881,3963,3995,4043,4134,4220,4282,4293,4299,4307,4313,4315,4318,4323,4332,4346,4350,4369,4409,4410,4416,7332,7348,7350,7351,7352,7398,7410,7411,7432,7438,7439,7441,7471,7492,7504,7524,8017,20825,20878,21218,21251,21253,21258,21263,21272,21275,21276,21277,21280,27624,29652,29655,29658,29996,29998,30017,30020,30023,30025,30026,33349,33361,34238,34239,34240,34245,34252,34253,34257,34267,34268,34278,35552,46413,63337,63338,63383,63408,65048,65053,65066,65070,65083,65107,65313,86256,86262,86268,86270,86279,86280,86286,86290,86344,87120,87230,87247,87259,87265,87474,87475);
DELETE FROM `gameobject` WHERE `guid` IN (2197,2255,2331,2373,2399,2516,2521,2544,2547,2548,2566,2603,2626,2631,2633,2657,2663,2707,2736,2749,2761,2779,2794,2831,2869,2873,2901,2919,2933,2938,2981,2982,2983,2992,3004,3020,3035,3036,3037,3075,3076,3129,3155,3163,3164,3171,3194,3200,3205,3206,3207,3208,3209,3210,3227,3228,3230,3232,3233,3234,3235,3236,3237,3264,3273,3289,3290,3292,3315,3330,3335,3373,3383,3384,3385,3386,3387,3388,3389,3390,3391,3396,3403,3404,3407,3418,3420,3457,3504,3522,3550,3551,3553,3559,3560,3561,3568,3569,3570,3571,3583,3649,3650,3651,3652,3709,3744,3749,3763,3770,3789,3802,3803,3833,3865,3875,3877,3881,3963,3995,4043,4134,4220,4282,4293,4299,4307,4313,4315,4318,4323,4332,4346,4350,4369,4409,4410,4416,7332,7348,7350,7351,7352,7398,7410,7411,7432,7438,7439,7441,7471,7492,7504,7524,8017,20825,20878,21218,21251,21253,21258,21263,21272,21275,21276,21277,21280,27624,29652,29655,29658,29996,29998,30017,30020,30023,30025,30026,33349,33361,34238,34239,34240,34245,34252,34253,34257,34267,34268,34278,35552,46413,63337,63338,63383,63408,65048,65053,65066,65070,65083,65107,65313,86256,86262,86268,86270,86279,86280,86286,86290,86344,87120,87230,87247,87259,87265,87474,87475);

DELETE FROM `pool_template` WHERE `entry` BETWEEN 541 AND 546;
INSERT INTO `pool_template` (`entry`, `max_limit`, `description`) VALUES
(541, 12, 'Kingsblood in Hillsbrad Foothills'),
(542, 9, 'Briarthorn in Hillsbrad Foothills'),
(543, 4, 'Mageroyal in Hillsbrad Foothills'),
(544, 17, 'Bruiseweed in Hillsbrad Foothills'),
(546, 1, 'Liferoot in Hillsbrad Foothills'),
(545, 1, 'Wild Steelbloom in Hillsbrad Foothills');

DELETE FROM `pool_gameobject` WHERE `guid` BETWEEN 79108 AND 79318;
INSERT INTO `pool_gameobject` (`guid`, `pool_entry`, `chance`, `description`) VALUES 
(79108, 543, 0, 'Mageroyal'),
(79109, 543, 0, 'Mageroyal'),
(79110, 543, 0, 'Mageroyal'),
(79111, 543, 0, 'Mageroyal'),
(79112, 543, 0, 'Mageroyal'),
(79113, 542, 0, 'Briarthorn'),
(79114, 542, 0, 'Briarthorn'),
(79115, 542, 0, 'Briarthorn'),
(79116, 542, 0, 'Briarthorn'),
(79117, 542, 0, 'Briarthorn'),
(79118, 542, 0, 'Briarthorn'),
(79119, 542, 0, 'Briarthorn'),
(79120, 542, 0, 'Briarthorn'),
(79121, 542, 0, 'Briarthorn'),
(79122, 542, 0, 'Briarthorn'),
(79123, 542, 0, 'Briarthorn'),
(79124, 542, 0, 'Briarthorn'),
(79125, 542, 0, 'Briarthorn'),
(79126, 542, 0, 'Briarthorn'),
(79127, 542, 0, 'Briarthorn'),
(79128, 542, 0, 'Briarthorn'),
(79129, 542, 0, 'Briarthorn'),
(79130, 542, 0, 'Briarthorn'),
(79131, 542, 0, 'Briarthorn'),
(79132, 542, 0, 'Briarthorn'),
(79133, 544, 0, 'Bruiseweed'),
(79134, 544, 0, 'Bruiseweed'),
(79135, 544, 0, 'Bruiseweed'),
(79136, 544, 0, 'Bruiseweed'),
(79137, 544, 0, 'Bruiseweed'),
(79138, 544, 0, 'Bruiseweed'),
(79139, 544, 0, 'Bruiseweed'),
(79140, 544, 0, 'Bruiseweed'),
(79141, 544, 0, 'Bruiseweed'),
(79142, 544, 0, 'Bruiseweed'),
(79143, 544, 0, 'Bruiseweed'),
(79144, 544, 0, 'Bruiseweed'),
(79145, 544, 0, 'Bruiseweed'),
(79146, 544, 0, 'Bruiseweed'),
(79147, 544, 0, 'Bruiseweed'),
(79148, 544, 0, 'Bruiseweed'),
(79149, 544, 0, 'Bruiseweed'),
(79150, 544, 0, 'Bruiseweed'),
(79151, 544, 0, 'Bruiseweed'),
(79152, 544, 0, 'Bruiseweed'),
(79153, 544, 0, 'Bruiseweed'),
(79154, 544, 0, 'Bruiseweed'),
(79155, 544, 0, 'Bruiseweed'),
(79156, 544, 0, 'Bruiseweed'),
(79157, 544, 0, 'Bruiseweed'),
(79158, 544, 0, 'Bruiseweed'),
(79159, 544, 0, 'Bruiseweed'),
(79160, 544, 0, 'Bruiseweed'),
(79161, 544, 0, 'Bruiseweed'),
(79162, 544, 0, 'Bruiseweed'),
(79163, 544, 0, 'Bruiseweed'),
(79164, 544, 0, 'Bruiseweed'),
(79165, 544, 0, 'Bruiseweed'),
(79166, 544, 0, 'Bruiseweed'),
(79167, 544, 0, 'Bruiseweed'),
(79168, 544, 0, 'Bruiseweed'),
(79169, 544, 0, 'Bruiseweed'),
(79170, 544, 0, 'Bruiseweed'),
(79171, 544, 0, 'Bruiseweed'),
(79172, 544, 0, 'Bruiseweed'),
(79173, 544, 0, 'Bruiseweed'),
(79174, 544, 0, 'Bruiseweed'),
(79175, 544, 0, 'Bruiseweed'),
(79176, 544, 0, 'Bruiseweed'),
(79177, 544, 0, 'Bruiseweed'),
(79178, 544, 0, 'Bruiseweed'),
(79179, 544, 0, 'Bruiseweed'),
(79180, 544, 0, 'Bruiseweed'),
(79181, 544, 0, 'Bruiseweed'),
(79182, 544, 0, 'Bruiseweed'),
(79183, 544, 0, 'Bruiseweed'),
(79184, 544, 0, 'Bruiseweed'),
(79185, 544, 0, 'Bruiseweed'),
(79186, 544, 0, 'Bruiseweed'),
(79187, 544, 0, 'Bruiseweed'),
(79188, 544, 0, 'Bruiseweed'),
(79189, 544, 0, 'Bruiseweed'),
(79190, 544, 0, 'Bruiseweed'),
(79191, 544, 0, 'Bruiseweed'),
(79192, 544, 0, 'Bruiseweed'),
(79193, 544, 0, 'Bruiseweed'),
(79194, 544, 0, 'Bruiseweed'),
(79195, 544, 0, 'Bruiseweed'),
(79196, 544, 0, 'Bruiseweed'),
(79197, 544, 0, 'Bruiseweed'),
(79198, 544, 0, 'Bruiseweed'),
(79199, 544, 0, 'Bruiseweed'),
(79200, 544, 0, 'Bruiseweed'),
(79201, 544, 0, 'Bruiseweed'),
(79202, 544, 0, 'Bruiseweed'),
(79203, 544, 0, 'Bruiseweed'),
(79204, 544, 0, 'Bruiseweed'),
(79205, 544, 0, 'Bruiseweed'),
(79206, 545, 0, 'Wild Steelbloom'),
(79207, 544, 0, 'Bruiseweed'),
(79208, 544, 0, 'Bruiseweed'),
(79209, 544, 0, 'Bruiseweed'),
(79210, 544, 0, 'Bruiseweed'),
(79211, 544, 0, 'Bruiseweed'),
(79212, 544, 0, 'Bruiseweed'),
(79213, 544, 0, 'Bruiseweed'),
(79214, 544, 0, 'Bruiseweed'),
(79215, 544, 0, 'Bruiseweed'),
(79216, 544, 0, 'Bruiseweed'),
(79217, 544, 0, 'Bruiseweed'),
(79218, 544, 0, 'Bruiseweed'),
(79219, 544, 0, 'Bruiseweed'),
(79220, 544, 0, 'Bruiseweed'),
(79221, 544, 0, 'Bruiseweed'),
(79222, 541, 0, 'Kingsblood'),
(79223, 541, 0, 'Kingsblood'),
(79224, 541, 0, 'Kingsblood'),
(79225, 541, 0, 'Kingsblood'),
(79226, 541, 0, 'Kingsblood'),
(79227, 541, 0, 'Kingsblood'),
(79228, 541, 0, 'Kingsblood'),
(79229, 541, 0, 'Kingsblood'),
(79230, 541, 0, 'Kingsblood'),
(79231, 541, 0, 'Kingsblood'),
(79232, 541, 0, 'Kingsblood'),
(79233, 541, 0, 'Kingsblood'),
(79234, 541, 0, 'Kingsblood'),
(79235, 546, 0, 'Liferoot'),
(79236, 546, 0, 'Liferoot'),
(79237, 546, 0, 'Liferoot'),
(79238, 542, 0, 'Briarthorn'),
(79239, 542, 0, 'Briarthorn'),
(79240, 542, 0, 'Briarthorn'),
(79241, 542, 0, 'Briarthorn'),
(79242, 542, 0, 'Briarthorn'),
(79243, 542, 0, 'Briarthorn'),
(79244, 544, 0, 'Bruiseweed'),
(79245, 544, 0, 'Bruiseweed'),
(79246, 544, 0, 'Bruiseweed'),
(79247, 544, 0, 'Bruiseweed'),
(79248, 544, 0, 'Bruiseweed'),
(79249, 544, 0, 'Bruiseweed'),
(79250, 544, 0, 'Bruiseweed'),
(79251, 544, 0, 'Bruiseweed'),
(79252, 544, 0, 'Bruiseweed'),
(79253, 544, 0, 'Bruiseweed'),
(79254, 544, 0, 'Bruiseweed'),
(79255, 544, 0, 'Bruiseweed'),
(79256, 541, 0, 'Kingsblood'),
(79257, 542, 0, 'Briarthorn'),
(79258, 541, 0, 'Kingsblood'),
(79259, 541, 0, 'Kingsblood'),
(79260, 541, 0, 'Kingsblood'),
(79261, 542, 0, 'Briarthorn'),
(79262, 542, 0, 'Briarthorn'),
(79263, 544, 0, 'Bruiseweed'),
(79264, 541, 0, 'Kingsblood'),
(79265, 542, 0, 'Briarthorn'),
(79266, 542, 0, 'Briarthorn'),
(79267, 541, 0, 'Kingsblood'),
(79268, 541, 0, 'Kingsblood'),
(79269, 545, 0, 'Wild Steelbloom'),
(79270, 545, 0, 'Wild Steelbloom'),
(79271, 545, 0, 'Wild Steelbloom'),
(79272, 545, 0, 'Wild Steelbloom'),
(79273, 545, 0, 'Wild Steelbloom'),
(79274, 545, 0, 'Wild Steelbloom'),
(79275, 545, 0, 'Wild Steelbloom'),
(79276, 545, 0, 'Wild Steelbloom'),
(79277, 545, 0, 'Wild Steelbloom'),
(79278, 545, 0, 'Wild Steelbloom'),
(79279, 545, 0, 'Wild Steelbloom'),
(79280, 546, 0, 'Liferoot'),
(79281, 546, 0, 'Liferoot'),
(79282, 546, 0, 'Liferoot'),
(79283, 546, 0, 'Liferoot'),
(79284, 546, 0, 'Liferoot'),
(79285, 542, 0, 'Briarthorn'),
(79286, 542, 0, 'Briarthorn'),
(79287, 542, 0, 'Briarthorn'),
(79288, 544, 0, 'Bruiseweed'),
(79289, 543, 0, 'Mageroyal'),
(79290, 544, 0, 'Bruiseweed'),
(79291, 541, 0, 'Kingsblood'),
(79292, 542, 0, 'Briarthorn'),
(79293, 542, 0, 'Briarthorn'),
(79294, 542, 0, 'Briarthorn'),
(79295, 544, 0, 'Bruiseweed'),
(79296, 544, 0, 'Bruiseweed'),
(79297, 541, 0, 'Kingsblood'),
(79298, 541, 0, 'Kingsblood'),
(79299, 543, 0, 'Mageroyal'),
(79300, 541, 0, 'Kingsblood'),
(79301, 541, 0, 'Kingsblood'),
(79302, 541, 0, 'Kingsblood'),
(79303, 543, 0, 'Mageroyal'),
(79304, 541, 0, 'Kingsblood'),
(79305, 541, 0, 'Kingsblood'),
(79306, 541, 0, 'Kingsblood'),
(79307, 541, 0, 'Kingsblood'),
(79308, 541, 0, 'Kingsblood'),
(79309, 542, 0, 'Briarthorn'),
(79310, 545, 0, 'Wild Steelbloom'),
(79311, 545, 0, 'Wild Steelbloom'),
(79312, 541, 0, 'Kingsblood'),
(79313, 543, 0, 'Mageroyal'),
(79314, 543, 0, 'Mageroyal'),
(79315, 541, 0, 'Kingsblood'),
(79316, 543, 0, 'Mageroyal'),
(79317, 542, 0, 'Briarthorn'),
(79318, 541, 0, 'Kingsblood');

DELETE FROM `gameobject` WHERE `guid` BETWEEN 79108 AND 79318;
INSERT INTO `gameobject` (`guid`, `id`, `map`, `zoneId`, `position_x`, `position_y`, `position_z`, `orientation`, `rotation0`, `rotation1`, `rotation2`, `rotation3`, `spawntimesecs`, `animprogress`, `state`) VALUES
(79108, 1620, 0, 267, -710, -294, 18.871, 3.374, 0, 0, 0.993242, -0.116064, 900, 100, 1),
(79109, 1620, 0, 267, -787, -342, 20.132, 6.182, 0, 0, 0.050551, -0.998721, 900, 100, 1),
(79110, 1620, 0, 267, -81.7724, -770.163, 56.3972, 2.67035, 0, 0, 0.972369, 0.233448, 900, 100, 1),
(79111, 1620, 0, 267, -716.563, -682.115, 13.0308, 0.366518, 0, 0, 0.182235, 0.983255, 900, 100, 1),
(79112, 1620, 0, 267, -807, -267, 17.444, 5.806, 0, 0, 0.236426, -0.971649, 900, 100, 1),
(79113, 1621, 0, 267, -471.567, -380.558, 50.8234, 5.86431, 0, 0, -0.207911, 0.978148, 900, 100, 1),
(79114, 1621, 0, 267, -336, -621, 54.957, 0.14, 0, 0, 0.069756, 0.997564, 900, 100, 1),
(79115, 1621, 0, 267, -857, -105, 24.804, -3, 0, 0, -0.998135, 0.061049, 900, 100, 1),
(79116, 1621, 0, 267, -831, 151.918, 37.323, 3.473, 0, 0, 0.986278, -0.165092, 900, 100, 1),
(79117, 1621, 0, 267, -952.438, 185.32, 39.5891, 1.27409, 0, 0, 0.594822, 0.803857, 900, 255, 1),
(79118, 1621, 0, 267, -507.498, 242.908, 73.3424, 1.02974, 0, 0, 0.492423, 0.870356, 900, 255, 1),
(79119, 1621, 0, 267, -523.583, 434.796, 85.6967, 4.27606, 0, 0, -0.843391, 0.5373, 900, 255, 1),
(79120, 1621, 0, 267, -921.657, 75.1367, 36.0038, 3.35105, 0, 0, -0.994521, 0.104535, 900, 255, 1),
(79121, 1621, 0, 267, -318.421, 120.038, 74.9717, 5.65487, 0, 0, -0.309016, 0.951057, 900, 100, 1),
(79122, 1621, 0, 267, -1161, 113.33, 5.4, 0.61, 0, 0, 0.30052, 0.953776, 900, 100, 1),
(79123, 1621, 0, 267, -870.224, -1329.36, 61.0104, 2.37364, 0, 0, 0.927183, 0.374608, 900, 100, 1),
(79124, 1621, 0, 267, 102.749, -799.808, 79.4666, 2.02458, 0, 0, 0.848047, 0.529921, 900, 100, 1),
(79125, 1621, 0, 267, -1032, 14.453, 35.044, 4.205, 0, 0, 0.861954, -0.506987, 900, 100, 1),
(79126, 1621, 0, 267, -358, -350, 58.728, -1, 0, 0, -0.284016, 0.95882, 900, 100, 1),
(79127, 1621, 0, 267, -364, -64, 55.197, -1, 0, 0, -0.358368, 0.93358, 900, 100, 1),
(79128, 1621, 0, 267, -566.923, -446.173, 40.7825, 5.77704, 0, 0, -0.25038, 0.968148, 900, 100, 1),
(79129, 1621, 0, 267, 5.47222, -690.028, 75.114, 3.3685, 0, 0, -0.993571, 0.113208, 900, 100, 1),
(79130, 1621, 0, 267, -633.39, -1566.65, 64.1649, 0.418879, 0, 0, 0.207912, 0.978148, 900, 100, 1),
(79131, 1621, 0, 267, 1.00076, -1015.31, 57.7936, 1.95477, 0, 0, 0.829038, 0.559193, 900, 100, 1),
(79132, 1621, 0, 267, -761, -431, 21.429, 0, 0, 0, -0.156434, 0.987688, 900, 100, 1),
(79133, 1622, 0, 267, -224, -628, 66.96, 1.937, 0, 0, 0.824126, 0.566406, 1800, 100, 1),
(79134, 1622, 0, 267, -670, 457.744, 74.4202, 1.157, 0, 0, 0, 0, 1800, 100, 1),
(79135, 1622, 0, 267, -428, -247, 64.881, 0.367, 0, 0, 0.182235, 0.983255, 1800, 100, 1),
(79136, 1622, 0, 267, -495.436, 128.488, 56.6126, 4.92183, 0, 0, -0.62932, 0.777146, 1800, 255, 1),
(79137, 1622, 0, 267, -1032.7, -258.555, 24.9987, 4.27606, 0, 0, -0.843391, 0.5373, 1800, 255, 1),
(79138, 1622, 0, 267, -978, -1205, 66.133, 1.295, 0, 0, 0, 0, 1800, 100, 1),
(79139, 1622, 0, 267, -997, -1203, 61.199, 6.145, 0, 0, 0, 0, 1800, 100, 1),
(79140, 1622, 0, 267, -949, -1149, 54.511, 2.65, 0, 0, 0, 0, 1800, 100, 1),
(79141, 1622, 0, 267, -476, -246, 61.415, 2.618, 0, 0, 0.965926, 0.258819, 1800, 100, 1),
(79142, 1622, 0, 267, -637, -343, 44.879, 4.614, 0, 0, 0.740902, -0.671613, 1800, 100, 1),
(79143, 1622, 0, 267, -1031, -236, 16.856, 0.168, 0, 0, 0, 0, 1800, 100, 1),
(79144, 1622, 0, 267, -74, 245.235, 53.276, 4.138, 0, 0, 0, 0, 1800, 100, 1),
(79145, 1622, 0, 267, -453, -236, 69.629, 0.592, 0, 0, 0, 0, 1800, 100, 1),
(79146, 1622, 0, 267, -417, -238, 64.682, 3.321, 0, 0, 0, 0, 1800, 100, 1),
(79147, 1622, 0, 267, -116, 172.05, 56.183, 1.656, 0, 0, 0, 0, 1800, 100, 1),
(79148, 1622, 0, 267, -774, -1212, 64.056, 2.43, 0, 0, 0, 0, 1800, 100, 1),
(79149, 1622, 0, 267, -817, -1202, 54.323, 1, 0, 0, 0, 0, 1800, 100, 1),
(79150, 1622, 0, 267, -255, -1524, 101.242, 1.016, 0, 0, 0, 0, 1800, 100, 1),
(79151, 1622, 0, 267, -761, 206.21, 56.049, 0.431, 0, 0, 0, 0, 1800, 100, 1),
(79152, 1622, 0, 267, -473.978, 150.956, 56.5886, 6.192, 0, 0, 0, 0, 1800, 100, 1),
(79153, 1622, 0, 267, -973, -1169, 71.125, 3.663, 0, 0, 0, 0, 1800, 100, 1),
(79154, 1622, 0, 267, -507, 157.87, 53.494, 1.291, 0, 0, 0, 0, 1800, 100, 1),
(79155, 1622, 0, 267, -789, 181.793, 61.912, 3.262, 0, 0, 0, 0, 1800, 100, 1),
(79156, 1622, 0, 267, -181, 14.259, 89.023, 1.972, 0, 0, 0.833886, 0.551937, 1800, 100, 1),
(79157, 1622, 0, 267, -441, 121.241, 56.84, 4.13, 0, 0, 0, 0, 1800, 100, 1),
(79158, 1622, 0, 267, -465, 147.198, 57.135, 6.192, 0, 0, 0, 0, 1800, 100, 1),
(79159, 1622, 0, 267, -447, 124.683, 57.121, 4.13, 0, 0, 0, 0, 1800, 100, 1),
(79160, 1622, 0, 267, -460, 82.151, 56.977, 5.701, 0, 0, 0, 0, 1800, 100, 1),
(79161, 1622, 0, 267, -586, -334, 50.253, 3.977, 0, 0, 0, 0, 1800, 100, 1),
(79162, 1622, 0, 267, -450, -201, 56.215, 5.638, 0, 0, 0, 0, 1800, 100, 1),
(79163, 1622, 0, 267, -722, -765, 17.954, 3.671, 0, 0, 0, 0, 1800, 100, 1),
(79164, 1622, 0, 267, -760, -965, 38.123, 5.913, 0, 0, 0, 0, 1800, 100, 1),
(79165, 1622, 0, 267, -704, -978, 46.397, 2.874, 0, 0, 0, 0, 1800, 100, 1),
(79166, 1622, 0, 267, -817, -1159, 52.599, 3.816, 0, 0, 0, 0, 1800, 100, 1),
(79167, 1622, 0, 267, -801, -1159, 57.125, 4.947, 0, 0, 0, 0, 1800, 100, 1),
(79168, 1622, 0, 267, -795, -1122, 50.254, 6.251, 0, 0, 0, 0, 1800, 100, 1),
(79169, 1622, 0, 267, -815, -1121, 47.869, 5.811, 0, 0, 0, 0, 1800, 100, 1),
(79170, 1622, 0, 267, -265.137, 211.242, 99.8042, 1.27409, 0, 0, 0.594822, 0.803857, 1800, 100, 1),
(79171, 1622, 0, 267, -455, -1384, 54.608, 4.802, 0, 0, 0, 0, 1800, 100, 1),
(79172, 1622, 0, 267, -810, -769, 10.721, 3.529, 0, 0, 0, 0, 1800, 100, 1),
(79173, 1622, 0, 267, -239, -1462, 103.507, 6.094, 0, 0, 0, 0, 1800, 100, 1),
(79174, 1622, 0, 267, -452, 84.797, 54.546, 5.701, 0, 0, 0, 0, 1800, 100, 1),
(79175, 1622, 0, 267, -480, 397.109, 101.929, 1.389, 0, 0, 0, 0, 1800, 100, 1),
(79176, 1622, 0, 267, -870, -251, 45.8569, 1.295, 0, 0, 0, 0, 1800, 100, 1),
(79177, 1622, 0, 267, -472, 354.404, 99.227, 0.136, 0, 0, 0, 0, 1800, 100, 1),
(79178, 1622, 0, 267, -788, 516.078, 95.59, 1.507, 0, 0, 0, 0, 1800, 100, 1),
(79179, 1622, 0, 267, -221, -25, 72.067, 2.819, 0, 0, 0, 0, 1800, 100, 1),
(79180, 1622, 0, 267, -310, 261.426, 99.166, 0.541, 0, 0, 0, 0, 1800, 100, 1),
(79181, 1622, 0, 267, -429, 283.008, 93.831, 0.026, 0, 0, 0, 0, 1800, 100, 1),
(79182, 1622, 0, 267, -635, 534.77, 105.75, 3.84, 0, 0, 0, 0, 1800, 100, 1),
(79183, 1622, 0, 267, -764, 502.147, 90.452, 2.207, 0, 0, 0, 0, 1800, 100, 1),
(79184, 1622, 0, 267, -747, 533.663, 94.418, 0.203, 0, 0, 0, 0, 1800, 100, 1),
(79185, 1622, 0, 267, -903, 303.582, 38.813, 2.336, 0, 0, 0, 0, 1800, 100, 1),
(79186, 1622, 0, 267, -41, -1264, 76.972, 4.299, 0, 0, 0, 0, 1800, 100, 1),
(79187, 1622, 0, 267, -906, -133, 30.0411, 3.215, 0, 0, 0, 0, 1800, 100, 1),
(79188, 1622, 0, 267, -808, -117, 34.7403, 2.332, 0, 0, 0, 0, 1800, 100, 1),
(79189, 1622, 0, 267, -415, -204, 56.889, 4.853, 0, 0, 0, 0, 1800, 100, 1),
(79190, 1622, 0, 267, -225, -607, 66.2, 5.63, 0, 0, 0, 0, 1800, 100, 1),
(79191, 1622, 0, 267, -205, -3, 74.778, 5.12, 0, 0, 0, 0, 1800, 100, 1),
(79192, 1622, 0, 267, -685, -484, 35.75, 2.025, 0, 0, 0.848048, 0.529919, 1800, 100, 1),
(79193, 1622, 0, 267, -1068, -1044, 48.157, 5.116, 0, 0, 0, 0, 1800, 100, 1),
(79194, 1622, 0, 267, -739, -112, 47.113, 5.198, 0, 0, 0.516319, -0.856396, 1800, 100, 1),
(79195, 1622, 0, 267, -950, -328, 51.666, 6.05, 0, 0, 0, 0, 1800, 100, 1),
(79196, 1622, 0, 267, -934, -364, 40.43, 2.025, 0, 0, 0, 0, 1800, 100, 1),
(79197, 1622, 0, 267, -299, -249, 79.221, 6.282, 0, 0, 0, 0, 1800, 100, 1),
(79198, 1622, 0, 267, -770, -109, 33.463, 0.195, 0, 0, 0, 0, 1800, 100, 1),
(79199, 1622, 0, 267, -738, -129, 36.785, 1.483, 0, 0, 0, 0, 1800, 100, 1),
(79200, 1622, 0, 267, -924, -154, 53.944, 0.241, 0, 0, 0.119964, 0.992778, 1800, 100, 1),
(79201, 1622, 0, 267, -202, -1218, 119.256, 1.68, 0, 0, 0, 0, 1800, 100, 1),
(79202, 1622, 0, 267, -271.263, -1279.71, 83.612, 6.14356, 0, 0, -0.0697555, 0.997564, 1800, 100, 1),
(79203, 1622, 0, 267, -226, -1211, 120.104, 2.972, 0, 0, 0, 0, 1800, 100, 1),
(79204, 1622, 0, 267, -829, -804, 30.786, 6.267, 0, 0, 0.008255, -0.999966, 1800, 100, 1),
(79205, 1622, 0, 267, -770.418, 188.185, 60.4781, 5.86431, 0, 0, -0.207911, 0.978148, 1800, 100, 1),
(79206, 1623, 0, 267, -402.397, -1151.77, 74.8978, 1.97222, 0, 0, 0.833885, 0.551938, 1800, 255, 1),
(79207, 1622, 0, 267, -324, -251, 69.372, 5.842, 0, 0, 0, 0, 1800, 100, 1),
(79208, 1622, 0, 267, -302, -254, 80.133, 6.282, 0, 0, 0, 0, 1800, 100, 1),
(79209, 1622, 0, 267, -189, -1408, 113.519, 5.579, 0, 0, 0, 0, 1800, 100, 1),
(79210, 1622, 0, 267, -192, -1467, 117.117, 5.889, 0, 0, 0, 0, 1800, 100, 1),
(79211, 1622, 0, 267, -435, -204, 56.396, 6.176, 0, 0, 0, 0, 1800, 100, 1),
(79212, 1622, 0, 267, -949, -1131, 52.147, 3.058, 0, 0, 0, 0, 1800, 100, 1),
(79213, 1622, 0, 267, -602, 533.042, 84.757, 3.18, 0, 0, 0, 0, 1800, 100, 1),
(79214, 1622, 0, 267, -941, -124, 33.192, 6.011, 0, 0, 0, 0, 1800, 100, 1),
(79215, 1622, 0, 267, -1013, -296, 20.149, 0.667, 0, 0, 0, 0, 1800, 100, 1),
(79216, 1622, 0, 267, -663, -346, 41.054, 6.239, 0, 0, 0, 0, 1800, 100, 1),
(79217, 1622, 0, 267, -465.653, -1409.62, 89.7087, 5.72468, 0, 0, -0.275637, 0.961262, 1800, 100, 1),
(79218, 1622, 0, 267, -1038.16, -191.426, 16.0369, 1.02974, 0, 0, 0.492423, 0.870356, 1800, 100, 1),
(79219, 1622, 0, 267, -474, -207, 52.632, 2.222, 0, 0, 0, 0, 1800, 100, 1),
(79220, 1622, 0, 267, -574.227, -1478.04, 52.4409, 0.994837, 0, 0, 0.477159, 0.878817, 1800, 100, 1),
(79221, 1622, 0, 267, -718.037, -779.204, 32.4724, 3.3685, 0, 0, -0.993571, 0.113208, 1800, 100, 1),
(79222, 1624, 0, 267, -443.955, 218.854, 80.0781, 1.83259, 0, 0, 0.793353, 0.608762, 1800, 255, 1),
(79223, 1624, 0, 267, -47.9175, 116.629, 58.5075, 3.31614, 0, 0, -0.996194, 0.087165, 1800, 100, 1),
(79224, 1624, 0, 267, -689.932, -1151.69, 58.9228, 5.32326, 0, 0, -0.461748, 0.887011, 1800, 100, 1),
(79225, 1624, 0, 267, -379.078, -421.901, 53.1298, 5.48033, 0, 0, -0.390731, 0.920505, 1800, 100, 1),
(79226, 1624, 0, 267, -793, -175, 34.027, 0.63, 0, 0, 0, 0, 1800, 100, 1),
(79227, 1624, 0, 267, -1081.2, -1133.3, 51.1375, 3.35105, 0, 0, -0.994521, 0.104536, 1800, 100, 1),
(79228, 1624, 0, 267, -799.672, -387.842, 17.5608, 1.39626, 0, 0, 0.642787, 0.766045, 1800, 100, 1),
(79229, 1624, 0, 267, -551.877, 213.812, 69.3841, 3.10665, 0, 0, 0.999847, 0.0174693, 1800, 100, 1),
(79230, 1624, 0, 267, -305.608, -560.832, 55.8194, 5.42798, 0, 0, -0.414693, 0.909962, 1800, 100, 1),
(79231, 1624, 0, 267, -242.454, 82.7269, 64.4676, 3.89209, 0, 0, -0.930417, 0.366502, 1800, 100, 1),
(79232, 1624, 0, 267, -128.47, -603.544, 161.321, 3.50812, 0, 0, -0.983254, 0.182238, 1800, 100, 1),
(79233, 1624, 0, 267, -855.681, 88.6056, 39.3379, 1.309, 0, 0, 0.608761, 0.793354, 1800, 100, 1),
(79234, 1624, 0, 267, -297, -128, 64.721, -2, 0, 0, -0.85264, 0.522499, 1800, 100, 1),
(79235, 2041, 0, 267, -290.843, -1114.09, 36.566, 1.74533, 0, 0, 0.766044, 0.642789, 1800, 255, 1),
(79236, 2041, 0, 267, -363.167, -1073.16, 35.5518, 3.97936, 0, 0, -0.913545, 0.406738, 1800, 255, 1),
(79237, 2041, 0, 267, -181.093, -1135.63, 38.3253, 4.36332, 0, 0, -0.819152, 0.573577, 1800, 255, 1),
(79238, 1621, 0, 267, -502.171, -1678.16, 80.8453, 3.59538, 0, 0, -0.97437, 0.224951, 300, 100, 1),
(79239, 1621, 0, 267, -724.908, -1357.02, 67.9433, 4.50295, 0, 0, -0.777145, 0.629321, 300, 100, 1),
(79240, 1621, 0, 267, -300.626, -832.994, 58.0299, 0.59341, 0, 0, 0.292371, 0.956305, 300, 100, 1),
(79241, 1621, 0, 267, -384.97, -1681.25, 88.737, 6.16101, 0, 0, -0.0610485, 0.998135, 300, 100, 1),
(79242, 1621, 0, 267, -1053.8, -1368.43, 56.3424, 1.65806, 0, 0, 0.737277, 0.675591, 300, 100, 1),
(79243, 1621, 0, 267, -445.137, -277.211, 54.5082, 3.89209, 0, 0, -0.930417, 0.366502, 300, 100, 1),
(79244, 1622, 0, 267, -772.051, -1217.61, 61.4927, 6.03884, 0, 0, -0.121869, 0.992546, 300, 100, 1),
(79245, 1622, 0, 267, -983.237, -1207.32, 67.0874, 1.83259, 0, 0, 0.793353, 0.608762, 300, 100, 1),
(79246, 1622, 0, 267, -326.226, -354.014, 80.6472, 2.67035, 0, 0, 0.972369, 0.233448, 300, 100, 1),
(79247, 1622, 0, 267, 87.021, -1039.61, 87.1876, 0.767944, 0, 0, 0.374606, 0.927184, 300, 100, 1),
(79248, 1622, 0, 267, 182.338, -1051.84, 83.7362, 4.83456, 0, 0, -0.66262, 0.748956, 300, 100, 1),
(79249, 1622, 0, 267, -796.592, -1170.49, 68.9588, 5.49779, 0, 0, -0.382683, 0.92388, 300, 100, 1),
(79250, 1622, 0, 267, 160.866, -1025.17, 95.9587, 2.47837, 0, 0, 0.945518, 0.325568, 300, 100, 1),
(79251, 1622, 0, 267, -214.537, -1207.99, 119.931, 1.88495, 0, 0, 0.809016, 0.587786, 300, 100, 1),
(79252, 1622, 0, 267, -253.693, -1540.89, 109.527, 6.16101, 0, 0, -0.0610485, 0.998135, 300, 100, 1),
(79253, 1622, 0, 267, -463.715, 76.9327, 56.6125, 5.02655, 0, 0, -0.587785, 0.809017, 300, 100, 1),
(79254, 1622, 0, 267, -770.199, 505.167, 95.3264, -0.314159, 0, 0, 0.156434, -0.987688, 1800, 100, 1),
(79255, 1622, 0, 267, -319.786, 285.167, 119.267, -1.18682, 0, 0, 0.559193, -0.829037, 1800, 100, 1),
(79256, 1624, 0, 267, -1012.6, 117.441, 54.1006, -2.98451, 0, 0, 0.996917, -0.078459, 1800, 100, 1),
(79257, 1621, 0, 267, -1068.65, 145.38, 65.8706, -1.18682, 0, 0, 0.559193, -0.829037, 900, 100, 1),
(79258, 1624, 0, 267, -1083.47, -1121.58, 49.2658, -0.645772, 0, 0, 0.317305, -0.948324, 1800, 100, 1),
(79259, 1624, 0, 267, -751.515, 120.358, 42.109, -0.942478, 0, 0, 0.453991, -0.891006, 1800, 100, 1),
(79260, 1624, 0, 267, -898.498, -14.4967, 24.378, -0.663225, 0, 0, 0.325568, -0.945519, 1800, 100, 1),
(79261, 1621, 0, 267, -229.459, -1349.42, 92.0722, -0.244346, 0, 0, 0.121869, -0.992546, 900, 100, 1),
(79262, 1621, 0, 267, -960.591, -936.081, 30.8552, 0.907571, 0, 0, 0.438371, 0.898794, 900, 100, 1),
(79263, 1622, 0, 267, -704.487, 624.527, 98.1865, 2.1293, 0, 0, 0.87462, 0.48481, 1800, 100, 1),
(79264, 1624, 0, 267, -214.701, -319.413, 158.04, -1.72788, 0, 0, 0.760406, -0.649448, 1800, 100, 1),
(79265, 1621, 0, 267, -976.12, -827.472, 14.1518, 2.25147, 0, 0, 0.902585, 0.430512, 300, 100, 1),
(79266, 1621, 0, 267, -330.845, -1500.32, 66.9755, 5.49779, 0, 0, -0.382683, 0.92388, 300, 100, 1),
(79267, 1624, 0, 267, -1118.94, -989.685, 56.5378, 5.25344, 0, 0, -0.492423, 0.870356, 300, 100, 1),
(79268, 1624, 0, 267, -713.998, -1279.64, 61.4431, 1.74533, 0, 0, 0.766044, 0.642789, 300, 100, 1),
(79269, 1623, 0, 267, -244.647, -1761.18, 134.621, 0.994837, 0, 0, 0.477159, 0.878817, 300, 100, 1),
(79270, 1623, 0, 267, -128.739, -1755.53, 144.186, 4.31097, 0, 0, -0.833885, 0.551938, 300, 100, 1),
(79271, 1623, 0, 267, -216.618, -1379.53, 116.65, 0.977383, 0, 0, 0.469471, 0.882948, 300, 100, 1),
(79272, 1623, 0, 267, -493.843, -1183.12, 80.3286, 3.47321, 0, 0, -0.986285, 0.16505, 300, 100, 1),
(79273, 1623, 0, 267, 87.1907, -1252.31, 82.3047, 0.698131, 0, 0, 0.34202, 0.939693, 300, 100, 1),
(79274, 1623, 0, 267, -434.975, -1152.92, 74.362, 2.25147, 0, 0, 0.902585, 0.430512, 300, 100, 1),
(79275, 1623, 0, 267, -274.828, -1037.61, 75.8699, 1.97222, 0, 0, 0.833885, 0.551938, 300, 100, 1),
(79276, 1623, 0, 267, -335.789, -1695.81, 107.266, 5.77704, 0, 0, -0.25038, 0.968148, 300, 100, 1),
(79277, 1623, 0, 267, -248.231, -1218.32, 118.386, 3.10665, 0, 0, 0.999847, 0.0174693, 300, 100, 1),
(79278, 1623, 0, 267, 114.982, -1020.31, 106.923, 3.76991, 0, 0, -0.951056, 0.309017, 300, 100, 1),
(79279, 1623, 0, 267, 47.1491, -640.59, 96.4607, 5.65487, 0, 0, -0.309016, 0.951057, 300, 100, 1),
(79280, 2041, 0, 267, -433.665, -986.09, 34.3007, 3.4034, 0, 0, -0.991445, 0.130528, 300, 100, 1),
(79281, 2041, 0, 267, -79.2343, -1131.86, 37.7567, 0.0174525, 0, 0, 0.00872612, 0.999962, 300, 100, 1),
(79282, 2041, 0, 267, -426.187, -1054.69, 35.5166, 3.90954, 0, 0, -0.927183, 0.374608, 300, 100, 1),
(79283, 2041, 0, 267, -582.104, -829.921, 7.925, 4.01426, 0, 0, -0.906307, 0.422619, 300, 100, 1),
(79284, 2041, 0, 267, -226.602, -1092.11, 38.0874, 3.21142, 0, 0, -0.999391, 0.0349061, 300, 100, 1),
(79285, 1621, 0, 267, -380.563, -1141.91, 50.4724, 1.3439, 0, 0, 0.622515, 0.782608, 900, 100, 1),
(79286, 1621, 0, 267, -463.174, -1223.14, 56.5361, 3.4034, 0, 0, -0.991445, 0.130528, 300, 100, 1),
(79287, 1621, 0, 267, -622.071, -1169.44, 61.4729, 5.77704, 0, 0, -0.25038, 0.968148, 300, 100, 1),
(79288, 1622, 0, 267, -957.259, -373, 20.2044, -1.16937, 0, 0, 0.551937, -0.833886, 1800, 100, 1),
(79289, 1620, 0, 267, -749.735, 25.9655, 27.5589, 2.53073, 0, 0, 0.953717, 0.300706, 900, 100, 1),
(79290, 1622, 0, 267, -197.465, -1432.28, 114.996, 2.63545, 0, 0, 0.968148, 0.25038, 1800, 100, 1),
(79291, 1624, 0, 267, -354.741, -949.354, 56.0673, 0.279253, 0, 0, 0.139173, 0.990268, 1800, 100, 1),
(79292, 1621, 0, 267, -863.912, -814.314, 20.1829, 1.97222, 0, 0, 0.833886, 0.551937, 900, 100, 1),
(79293, 1621, 0, 267, -824.922, 146.619, 39.0395, -1.16937, 0, 0, 0.551937, -0.833886, 900, 100, 1),
(79294, 1621, 0, 267, -521.594, -578.872, 41.8702, -0.122173, 0, 0, 0.061049, -0.998135, 900, 100, 1),
(79295, 1622, 0, 267, -589.345, -353.673, 53.0932, -0.977384, 0, 0, 0.469472, -0.882948, 1800, 100, 1),
(79296, 1622, 0, 267, -958.002, -1143.01, 66.0742, -0.122173, 0, 0, 0.061049, -0.998135, 1800, 100, 1),
(79297, 1624, 0, 267, -692.911, -174.651, 40.7294, 1.06465, 0, 0, 0.507538, 0.861629, 1800, 100, 1),
(79298, 1624, 0, 267, -322.816, -1543.89, 81.843, 2.40855, 0, 0, 0.93358, 0.358368, 1800, 100, 1),
(79299, 1620, 0, 267, -750.837, -333.019, 17.6311, -2.23402, 0, 0, 0.898794, -0.438371, 900, 100, 1),
(79300, 1624, 0, 267, -522.197, -157.553, 52.367, 5.72468, 0, 0, -0.275637, 0.961262, 300, 100, 1),
(79301, 1624, 0, 267, 13.7539, 221.86, 44.3383, 2.51327, 0, 0, 0.951057, 0.309017, 1800, 100, 1),
(79302, 1624, 0, 267, -96.4679, -58.3431, 142.345, 5.55015, 0, 0, -0.358368, 0.933581, 1800, 100, 1),
(79303, 1620, 0, 267, 19.495, -804.196, 58.156, 1.0472, 0, 0, 0.5, 0.866025, 900, 100, 1),
(79304, 1624, 0, 267, -388.773, -1225.92, 56.8811, 1.5708, 0, 0, 0.707107, 0.707107, 1800, 100, 1),
(79305, 1624, 0, 267, -294.774, -1392.19, 80.9553, -0.907571, 0, 0, 0.438371, -0.898794, 1800, 100, 1),
(79306, 1624, 0, 267, -187.114, -1285.37, 106.141, 2.53072, 0, 0, 0.953716, 0.300708, 300, 100, 1),
(79307, 1624, 0, 267, -795.205, -1067.75, 47.5945, -1.32645, 0, 0, 0.615661, -0.788011, 1800, 100, 1),
(79308, 1624, 0, 267, -906.656, -868.855, 25.3802, 0.645772, 0, 0, 0.317305, 0.948324, 300, 100, 1),
(79309, 1621, 0, 267, -825.247, 34.6299, 30.3599, -1.25664, 0, 0, 0.587785, -0.809017, 900, 100, 1),
(79310, 1623, 0, 267, -1386.77, -1207.64, 52.1702, 3.6652, 0, 0, -0.965925, 0.258821, 300, 100, 1),
(79311, 1623, 0, 267, -1401.68, -1098.82, 39.569, 1.65806, 0, 0, 0.737277, 0.675591, 300, 100, 1),
(79312, 1624, 0, 267, -785.523, 316.123, 51.6129, 3.05433, 0, 0, 0.999048, 0.043619, 1800, 100, 1),
(79313, 1620, 0, 267, -733.692, 300.211, 48.8067, 1.43117, 0, 0, 0.656059, 0.75471, 900, 100, 1),
(79314, 1620, 0, 267, -142.373, -770.859, 57.7179, 1.93731, 0, 0, 0.824126, 0.566406, 900, 100, 1),
(79315, 1624, 0, 267, -215.535, -798.77, 55.4997, -2.16421, 0, 0, 0.882948, -0.469472, 1800, 100, 1),
(79316, 1620, 0, 267, -699.789, 266.887, 48.9128, 1.88495, 0, 0, 0.809016, 0.587786, 300, 100, 1),
(79317, 1621, 0, 267, -110.734, -1184.78, 45.4065, 0.20944, 0, 0, 0.104528, 0.994522, 900, 100, 1),
(79318, 1624, 0, 267, -904.452, -1262.58, 52.616, 0.383971, 0, 0, 0.190808, 0.981627, 300, 100, 1);
