-- Stranglekelp (2045)
DELETE FROM `gameobject` WHERE `guid` IN (8216,8217,8218,8219,8220,8221,8222,8223,8224,8225,8226,8227,8228,8229,8230,8231,8232,8233,8234,8235,8236,8237,8238,8239,8240,8241,8242,8243,8244,8245,8246,8247,8248,8249,8250,8251,8252,8253,8254,8255,8256,8257,8258,8259,8260,8261,8262,8263,8264,8265,8266,8267,8268,8269,8270,8271,8272,8273,8274,8275,8276,8277,8278,8279,8280,8281,8282,8283,8284,8285,8286,8287,8288,8289,8290,8291,8292,8293,8294,8295,8296,8297,8298,8299,8300,8301,8302,8303,8304,8305,8306,8307,8308,8309,8310,8311,8312,8313,8314,8315,8316,8317,8318,8319,8320,8321,8322,8323,8324,8325,8326,8327,8328,8329,8330,8331,8332,8333,8334,8335,8336,8337,8338,8339,8340,8341,8342,8345,8346,8347,8348,8349,8350,8351,8352,8353,8354,8355,8356,8357,8358,8359,8360,8362,8363,8364,8365,8366,8367,8368,8369,8370,8371,8372,8373,8374,8375,8376,8377,8378,8379,8380,8381,8382,8383,8384,8385,8386,8387,8388,8389,8390,8391,8396,8397,8398,8399,8400,8401,8402,8403,8404,8405,8406,8407,8408,8409,8410,8412,8413,8414,8415,8416,8417,8418,8419,8420,8421,8422,8423,8424,8425,8426,8427,8428,8429,8430,8431,8432,8433,8434,8435,8436,8437,8438,8439,8440,8441,8442,8443,8444,8445,8446,8447,8448,8449,8450,8451,8452,8453,8454,8455,8456,8457,8458,8459,8460,8461,8462,8463,8464,8465,8466,8467,8468,8469,8470,8471,8474,8475,8476,8477,8478,8479,8480,8481,8482,8483,8484,8485,8486,8487,8488,8489,8490,8491,8492,8493,8494,8495,8496,8497,8498,8499,8500,8501,8502,8503,8504,8505,8506,8507,8508,8509,8510,8511,8512,8513,8514,8515,8516,8517,8518,8519,8520,8521,8522,8523,8525,8526,8527,8528,8530,8531,8532,8533,8534,8535,8536,8537,8538,8539,8540,8541,8542,8543,8544,8545,8546,8547,8548,8549,8550,8551,8552,8553,8554,8555,8556,8557,8558,8559,8560,8561,8562,8563,8564,8565,8566,8567,8568,8569,8570,8571,8572,8573,8574,8575,8576,8577,8578,8579,8580,8581,8582,8583,8584,8585,8586,8587,8588,8589,8590,8591,8592,8593,8594,8595,8596,8597,8598,8599,8600,8601,8602,8603,8604,8605,8606,8607,11144,11164,11641,11642,11646,11659,11660,11684,11722,11758,11759,11805,11817,12594,14570,14645,14651,14652,14863,14866,14867,14904,14907,14964,15126,15141,15754,15755,15756,15757,15758,15759,15761,15780,15781,15782,17492,17493,17494,17495,17496,21216,21249,21278,28518,29187,29195,29198,29199,29200,29201,29202,29203,29234,29235,29249,29252,29255,29257,29258,29259,29556,29559,29561,29563,30148,30150,30154,30162,30167,30173,30181,30608,30612,30645,30786,30881,30882,30883,30953,30987,30990,30991,30994,31018,31021,31042,31343,31348,31351,31354,31363,31381,32084,32086,32087,32115,32117,32173,32204,32505,32507,32508,32512,32552,32666,32676,32844,32846,32866,32884,33166,33526,34053,34106,34108,34151,34154,34291,34292,34293,34909,35010,35016,35351,35407,35430,35458,35499,35541,35551,39816,39820,42689,42690,42692,42740,42761,42764,42766,42767,45113,46247,46270,46278,46279,46419,48184,48185,48186,48187,48188,48189,48190,48191,48192,48481,48482,48483,48518,48520,48524,48542,48553,48645,48655,48798,50232,50233,50234,50235,64048,64049,64050,64051,64053,64054,64055,64056,64057,64058,64059,64060,64061,64062,64063,64064,64065,64066,64067,64069,64070,64071,65335,65336,65337,65338,65339,65340,65341,65342,65343,65344,65346,65347,65349,65350,65351,65352,65353,65354,65355,65357,65358,65359,65360,65361,65363,65364,65365,65366,65367,86869,86870,86871,86872,86873,86874,86875,86876,86877,86878,86879,86880,86881,86882,86883,86884,86885,86886,86887,86888,86889,86890,86891,86892,86893,86894,86895,86896,86897,86898,86899,86900,86901,86902,86903,86904,86905,86907,86909,86910,86911,86912,86913,86914,86915,86916,86917,86918,86919,86920,86923,86924,86925,86926,86927,86928,86929,86930,86932,86933,86934,86935,86936,86937,86938,86939,86940,86941,86942,86943,86946,86947,86948,86949,86950,86951,87006,87061,87062,87063,87357,87358,87359,87360,87361,87362,87364,87561,87562,87563,87564,87565,87566,87567,87568,87570,87572);

DELETE FROM `pool_gameobject` WHERE `pool_entry` IN (988,960,965,996,964,958,959,801,808,800,961,824,956,821,990,994,951,991,803,963) AND `guid` IN (8216,8217,8218,8219,8220,8221,8222,8223,8224,8225,8226,8227,8228,8229,8230,8231,8232,8233,8234,8235,8236,8237,8238,8239,8240,8241,8242,8243,8244,8245,8246,8247,8248,8249,8250,8251,8252,8253,8254,8255,8256,8257,8258,8259,8260,8261,8262,8263,8264,8265,8266,8267,8268,8269,8270,8271,8272,8273,8274,8275,8276,8277,8278,8279,8280,8281,8282,8283,8284,8285,8286,8287,8288,8289,8290,8291,8292,8293,8294,8295,8296,8297,8298,8299,8300,8301,8302,8303,8304,8305,8306,8307,8308,8309,8310,8311,8312,8313,8314,8315,8316,8317,8318,8319,8320,8321,8322,8323,8324,8325,8326,8327,8328,8329,8330,8331,8332,8333,8334,8335,8336,8337,8338,8339,8340,8341,8342,8345,8346,8347,8348,8349,8350,8351,8352,8353,8354,8355,8356,8357,8358,8359,8360,8362,8363,8364,8365,8366,8367,8368,8369,8370,8371,8372,8373,8374,8375,8376,8377,8378,8379,8380,8381,8382,8383,8384,8385,8386,8387,8388,8389,8390,8391,8396,8397,8398,8399,8400,8401,8402,8403,8404,8405,8406,8407,8408,8409,8410,8412,8413,8414,8415,8416,8417,8418,8419,8420,8421,8422,8423,8424,8425,8426,8427,8428,8429,8430,8431,8432,8433,8434,8435,8436,8437,8438,8439,8440,8441,8442,8443,8444,8445,8446,8447,8448,8449,8450,8451,8452,8453,8454,8455,8456,8457,8458,8459,8460,8461,8462,8463,8464,8465,8466,8467,8468,8469,8470,8471,8474,8475,8476,8477,8478,8479,8480,8481,8482,8483,8484,8485,8486,8487,8488,8489,8490,8491,8492,8493,8494,8495,8496,8497,8498,8499,8500,8501,8502,8503,8504,8505,8506,8507,8508,8509,8510,8511,8512,8513,8514,8515,8516,8517,8518,8519,8520,8521,8522,8523,8525,8526,8527,8528,8530,8531,8532,8533,8534,8535,8536,8537,8538,8539,8540,8541,8542,8543,8544,8545,8546,8547,8548,8549,8550,8551,8552,8553,8554,8555,8556,8557,8558,8559,8560,8561,8562,8563,8564,8565,8566,8567,8568,8569,8570,8571,8572,8573,8574,8575,8576,8577,8578,8579,8580,8581,8582,8583,8584,8585,8586,8587,8588,8589,8590,8591,8592,8593,8594,8595,8596,8597,8598,8599,8600,8601,8602,8603,8604,8605,8606,8607,11144,11164,11641,11642,11646,11659,11660,11684,11722,11758,11759,11805,11817,12594,14570,14645,14651,14652,14863,14866,14867,14904,14907,14964,15126,15141,15754,15755,15756,15757,15758,15759,15761,15780,15781,15782,17492,17493,17494,17495,17496,21216,21249,21278,28518,29187,29195,29198,29199,29200,29201,29202,29203,29234,29235,29249,29252,29255,29257,29258,29259,29556,29559,29561,29563,30148,30150,30154,30162,30167,30173,30181,30608,30612,30645,30786,30881,30882,30883,30953,30987,30990,30991,30994,31018,31021,31042,31343,31348,31351,31354,31363,31381,32084,32086,32087,32115,32117,32173,32204,32505,32507,32508,32512,32552,32666,32676,32844,32846,32866,32884,33166,33526,34053,34106,34108,34151,34154,34291,34292,34293,34909,35010,35016,35351,35407,35430,35458,35499,35541,35551,39816,39820,42689,42690,42692,42740,42761,42764,42766,42767,45113,46247,46270,46278,46279,46419,48184,48185,48186,48187,48188,48189,48190,48191,48192,48481,48482,48483,48518,48520,48524,48542,48553,48645,48655,48798,50232,50233,50234,50235,64048,64049,64050,64051,64053,64054,64055,64056,64057,64058,64059,64060,64061,64062,64063,64064,64065,64066,64067,64069,64070,64071,65335,65336,65337,65338,65339,65340,65341,65342,65343,65344,65346,65347,65349,65350,65351,65352,65353,65354,65355,65357,65358,65359,65360,65361,65363,65364,65365,65366,65367,86869,86870,86871,86872,86873,86874,86875,86876,86877,86878,86879,86880,86881,86882,86883,86884,86885,86886,86887,86888,86889,86890,86891,86892,86893,86894,86895,86896,86897,86898,86899,86900,86901,86902,86903,86904,86905,86907,86909,86910,86911,86912,86913,86914,86915,86916,86917,86918,86919,86920,86923,86924,86925,86926,86927,86928,86929,86930,86932,86933,86934,86935,86936,86937,86938,86939,86940,86941,86942,86943,86946,86947,86948,86949,86950,86951,87006,87061,87062,87063,87357,87358,87359,87360,87361,87362,87364,87561,87562,87563,87564,87565,87566,87567,87568,87570,87572);

-- Pools in Vmangos: (999,1000,1064,1065,1076,1122,1123,1145,1149,1171,1190,1321,1322,1323,43522);
DELETE FROM `pool_template` WHERE `entry` BETWEEN 505 AND 519;
INSERT INTO `pool_template` (`entry`, `max_limit`, `description`) VALUES
(505, 1, 'Stranglekelp in Alterac Mountains'),
(506, 1, 'Stranglekelp in Hinterlands'),
(507, 15, 'Stranglekelp in Barrens'),
(508, 5, 'Stranglekelp in Silverpine Forest'),
(509, 18, 'Stranglekelp in Ashenvale'),
(510, 6, 'Stranglekelp in Westfall'),
(511, 8, 'Stranglekelp in Hillsbrad Foothills'),
(512, 8, 'Stranglekelp in Desolace'),
(513, 10, 'Stranglekelp in Wetlands'),
(514, 19, 'Stranglekelp in Stranglethorn'),
(515, 9, 'Stranglekelp in Feralas'),
(516, 4, 'Stranglekelp in Azshara'),
(517, 16, 'Stranglekelp in Darkshore'),
(518, 3, 'Stranglekelp in Durotar'),
(519, 1, 'Stranglekelp in Dustwallow Marsh');

DELETE FROM `pool_gameobject` WHERE `guid` BETWEEN 78409 AND 79107;
INSERT INTO `pool_gameobject` (`guid`, `pool_entry`, `chance`, `description`) VALUES 
(78409, 505, 0, 'Stranglekelp'),
(78410, 511, 0, 'Stranglekelp'),
(78411, 511, 0, 'Stranglekelp'),
(78412, 514, 0, 'Stranglekelp'),
(78413, 511, 0, 'Stranglekelp'),
(78414, 511, 0, 'Stranglekelp'),
(78415, 511, 0, 'Stranglekelp'),
(78416, 511, 0, 'Stranglekelp'),
(78417, 506, 0, 'Stranglekelp'),
(78418, 506, 0, 'Stranglekelp'),
(78419, 514, 0, 'Stranglekelp'),
(78420, 506, 0, 'Stranglekelp'),
(78421, 506, 0, 'Stranglekelp'),
(78422, 511, 0, 'Stranglekelp'),
(78423, 506, 0, 'Stranglekelp'),
(78424, 508, 0, 'Stranglekelp'),
(78425, 511, 0, 'Stranglekelp'),
(78426, 511, 0, 'Stranglekelp'),
(78427, 511, 0, 'Stranglekelp'),
(78428, 511, 0, 'Stranglekelp'),
(78429, 511, 0, 'Stranglekelp'),
(78430, 511, 0, 'Stranglekelp'),
(78431, 511, 0, 'Stranglekelp'),
(78432, 511, 0, 'Stranglekelp'),
(78433, 511, 0, 'Stranglekelp'),
(78434, 511, 0, 'Stranglekelp'),
(78435, 514, 0, 'Stranglekelp'),
(78436, 514, 0, 'Stranglekelp'),
(78437, 514, 0, 'Stranglekelp'),
(78438, 514, 0, 'Stranglekelp'),
(78439, 513, 0, 'Stranglekelp'),
(78440, 511, 0, 'Stranglekelp'),
(78441, 517, 0, 'Stranglekelp'),
(78442, 507, 0, 'Stranglekelp'),
(78443, 507, 0, 'Stranglekelp'),
(78444, 507, 0, 'Stranglekelp'),
(78445, 507, 0, 'Stranglekelp'),
(78446, 507, 0, 'Stranglekelp'),
(78447, 507, 0, 'Stranglekelp'),
(78448, 514, 0, 'Stranglekelp'),
(78449, 509, 0, 'Stranglekelp'),
(78450, 509, 0, 'Stranglekelp'),
(78451, 509, 0, 'Stranglekelp'),
(78452, 515, 0, 'Stranglekelp'),
(78453, 515, 0, 'Stranglekelp'),
(78454, 509, 0, 'Stranglekelp'),
(78455, 517, 0, 'Stranglekelp'),
(78456, 515, 0, 'Stranglekelp'),
(78457, 511, 0, 'Stranglekelp'),
(78458, 509, 0, 'Stranglekelp'),
(78459, 507, 0, 'Stranglekelp'),
(78460, 507, 0, 'Stranglekelp'),
(78461, 518, 0, 'Stranglekelp'),
(78462, 507, 0, 'Stranglekelp'),
(78463, 517, 0, 'Stranglekelp'),
(78464, 517, 0, 'Stranglekelp'),
(78465, 517, 0, 'Stranglekelp'),
(78466, 517, 0, 'Stranglekelp'),
(78467, 511, 0, 'Stranglekelp'),
(78468, 517, 0, 'Stranglekelp'),
(78469, 509, 0, 'Stranglekelp'),
(78470, 515, 0, 'Stranglekelp'),
(78471, 517, 0, 'Stranglekelp'),
(78472, 511, 0, 'Stranglekelp'),
(78473, 511, 0, 'Stranglekelp'),
(78474, 515, 0, 'Stranglekelp'),
(78475, 517, 0, 'Stranglekelp'),
(78476, 517, 0, 'Stranglekelp'),
(78477, 512, 0, 'Stranglekelp'),
(78478, 509, 0, 'Stranglekelp'),
(78479, 509, 0, 'Stranglekelp'),
(78480, 509, 0, 'Stranglekelp'),
(78481, 518, 0, 'Stranglekelp'),
(78482, 512, 0, 'Stranglekelp'),
(78483, 512, 0, 'Stranglekelp'),
(78484, 517, 0, 'Stranglekelp'),
(78485, 515, 0, 'Stranglekelp'),
(78486, 509, 0, 'Stranglekelp'),
(78487, 515, 0, 'Stranglekelp'),
(78488, 515, 0, 'Stranglekelp'),
(78489, 517, 0, 'Stranglekelp'),
(78490, 509, 0, 'Stranglekelp'),
(78491, 517, 0, 'Stranglekelp'),
(78492, 508, 0, 'Stranglekelp'),
(78493, 509, 0, 'Stranglekelp'),
(78494, 509, 0, 'Stranglekelp'),
(78495, 512, 0, 'Stranglekelp'),
(78496, 509, 0, 'Stranglekelp'),
(78497, 509, 0, 'Stranglekelp'),
(78498, 516, 0, 'Stranglekelp'),
(78499, 516, 0, 'Stranglekelp'),
(78500, 514, 0, 'Stranglekelp'),
(78501, 509, 0, 'Stranglekelp'),
(78502, 507, 0, 'Stranglekelp'),
(78503, 507, 0, 'Stranglekelp'),
(78504, 507, 0, 'Stranglekelp'),
(78505, 507, 0, 'Stranglekelp'),
(78506, 507, 0, 'Stranglekelp'),
(78507, 509, 0, 'Stranglekelp'),
(78508, 509, 0, 'Stranglekelp'),
(78509, 509, 0, 'Stranglekelp'),
(78510, 509, 0, 'Stranglekelp'),
(78511, 507, 0, 'Stranglekelp'),
(78512, 517, 0, 'Stranglekelp'),
(78513, 517, 0, 'Stranglekelp'),
(78514, 514, 0, 'Stranglekelp'),
(78515, 514, 0, 'Stranglekelp'),
(78516, 507, 0, 'Stranglekelp'),
(78517, 507, 0, 'Stranglekelp'),
(78518, 507, 0, 'Stranglekelp'),
(78519, 514, 0, 'Stranglekelp'),
(78520, 514, 0, 'Stranglekelp'),
(78521, 513, 0, 'Stranglekelp'),
(78522, 517, 0, 'Stranglekelp'),
(78523, 516, 0, 'Stranglekelp'),
(78524, 514, 0, 'Stranglekelp'),
(78525, 517, 0, 'Stranglekelp'),
(78526, 511, 0, 'Stranglekelp'),
(78527, 514, 0, 'Stranglekelp'),
(78528, 514, 0, 'Stranglekelp'),
(78529, 514, 0, 'Stranglekelp'),
(78530, 514, 0, 'Stranglekelp'),
(78531, 514, 0, 'Stranglekelp'),
(78532, 509, 0, 'Stranglekelp'),
(78533, 509, 0, 'Stranglekelp'),
(78534, 509, 0, 'Stranglekelp'),
(78535, 509, 0, 'Stranglekelp'),
(78536, 509, 0, 'Stranglekelp'),
(78537, 518, 0, 'Stranglekelp'),
(78538, 515, 0, 'Stranglekelp'),
(78539, 511, 0, 'Stranglekelp'),
(78540, 509, 0, 'Stranglekelp'),
(78541, 509, 0, 'Stranglekelp'),
(78542, 509, 0, 'Stranglekelp'),
(78543, 509, 0, 'Stranglekelp'),
(78544, 513, 0, 'Stranglekelp'),
(78545, 512, 0, 'Stranglekelp'),
(78546, 509, 0, 'Stranglekelp'),
(78547, 509, 0, 'Stranglekelp'),
(78548, 509, 0, 'Stranglekelp'),
(78549, 517, 0, 'Stranglekelp'),
(78550, 517, 0, 'Stranglekelp'),
(78551, 517, 0, 'Stranglekelp'),
(78552, 517, 0, 'Stranglekelp'),
(78553, 517, 0, 'Stranglekelp'),
(78554, 509, 0, 'Stranglekelp'),
(78555, 515, 0, 'Stranglekelp'),
(78556, 515, 0, 'Stranglekelp'),
(78557, 512, 0, 'Stranglekelp'),
(78558, 511, 0, 'Stranglekelp'),
(78559, 507, 0, 'Stranglekelp'),
(78560, 507, 0, 'Stranglekelp'),
(78561, 507, 0, 'Stranglekelp'),
(78562, 509, 0, 'Stranglekelp'),
(78563, 511, 0, 'Stranglekelp'),
(78564, 511, 0, 'Stranglekelp'),
(78565, 509, 0, 'Stranglekelp'),
(78566, 512, 0, 'Stranglekelp'),
(78567, 509, 0, 'Stranglekelp'),
(78568, 509, 0, 'Stranglekelp'),
(78569, 517, 0, 'Stranglekelp'),
(78570, 515, 0, 'Stranglekelp'),
(78571, 512, 0, 'Stranglekelp'),
(78572, 508, 0, 'Stranglekelp'),
(78573, 511, 0, 'Stranglekelp'),
(78574, 507, 0, 'Stranglekelp'),
(78575, 517, 0, 'Stranglekelp'),
(78576, 517, 0, 'Stranglekelp'),
(78577, 516, 0, 'Stranglekelp'),
(78578, 511, 0, 'Stranglekelp'),
(78579, 509, 0, 'Stranglekelp'),
(78580, 517, 0, 'Stranglekelp'),
(78581, 517, 0, 'Stranglekelp'),
(78582, 517, 0, 'Stranglekelp'),
(78583, 514, 0, 'Stranglekelp'),
(78584, 509, 0, 'Stranglekelp'),
(78585, 509, 0, 'Stranglekelp'),
(78586, 517, 0, 'Stranglekelp'),
(78587, 517, 0, 'Stranglekelp'),
(78588, 517, 0, 'Stranglekelp'),
(78589, 517, 0, 'Stranglekelp'),
(78590, 515, 0, 'Stranglekelp'),
(78591, 507, 0, 'Stranglekelp'),
(78592, 507, 0, 'Stranglekelp'),
(78593, 517, 0, 'Stranglekelp'),
(78594, 511, 0, 'Stranglekelp'),
(78595, 511, 0, 'Stranglekelp'),
(78596, 517, 0, 'Stranglekelp'),
(78597, 517, 0, 'Stranglekelp'),
(78598, 517, 0, 'Stranglekelp'),
(78599, 517, 0, 'Stranglekelp'),
(78600, 511, 0, 'Stranglekelp'),
(78601, 512, 0, 'Stranglekelp'),
(78602, 512, 0, 'Stranglekelp'),
(78603, 514, 0, 'Stranglekelp'),
(78604, 509, 0, 'Stranglekelp'),
(78605, 509, 0, 'Stranglekelp'),
(78606, 512, 0, 'Stranglekelp'),
(78607, 516, 0, 'Stranglekelp'),
(78608, 508, 0, 'Stranglekelp'),
(78609, 508, 0, 'Stranglekelp'),
(78610, 509, 0, 'Stranglekelp'),
(78611, 509, 0, 'Stranglekelp'),
(78612, 518, 0, 'Stranglekelp'),
(78613, 509, 0, 'Stranglekelp'),
(78614, 509, 0, 'Stranglekelp'),
(78615, 509, 0, 'Stranglekelp'),
(78616, 509, 0, 'Stranglekelp'),
(78617, 509, 0, 'Stranglekelp'),
(78618, 509, 0, 'Stranglekelp'),
(78619, 517, 0, 'Stranglekelp'),
(78620, 517, 0, 'Stranglekelp'),
(78621, 511, 0, 'Stranglekelp'),
(78622, 514, 0, 'Stranglekelp'),
(78623, 507, 0, 'Stranglekelp'),
(78624, 507, 0, 'Stranglekelp'),
(78625, 517, 0, 'Stranglekelp'),
(78626, 517, 0, 'Stranglekelp'),
(78627, 517, 0, 'Stranglekelp'),
(78628, 517, 0, 'Stranglekelp'),
(78629, 514, 0, 'Stranglekelp'),
(78630, 517, 0, 'Stranglekelp'),
(78631, 509, 0, 'Stranglekelp'),
(78632, 517, 0, 'Stranglekelp'),
(78633, 517, 0, 'Stranglekelp'),
(78634, 517, 0, 'Stranglekelp'),
(78635, 509, 0, 'Stranglekelp'),
(78636, 509, 0, 'Stranglekelp'),
(78637, 509, 0, 'Stranglekelp'),
(78638, 516, 0, 'Stranglekelp'),
(78639, 515, 0, 'Stranglekelp'),
(78640, 517, 0, 'Stranglekelp'),
(78641, 507, 0, 'Stranglekelp'),
(78642, 509, 0, 'Stranglekelp'),
(78643, 508, 0, 'Stranglekelp'),
(78644, 512, 0, 'Stranglekelp'),
(78645, 507, 0, 'Stranglekelp'),
(78646, 517, 0, 'Stranglekelp'),
(78647, 509, 0, 'Stranglekelp'),
(78648, 509, 0, 'Stranglekelp'),
(78649, 507, 0, 'Stranglekelp'),
(78650, 515, 0, 'Stranglekelp'),
(78651, 515, 0, 'Stranglekelp'),
(78652, 517, 0, 'Stranglekelp'),
(78653, 517, 0, 'Stranglekelp'),
(78654, 507, 0, 'Stranglekelp'),
(78655, 507, 0, 'Stranglekelp'),
(78656, 507, 0, 'Stranglekelp'),
(78657, 507, 0, 'Stranglekelp'),
(78658, 507, 0, 'Stranglekelp'),
(78659, 509, 0, 'Stranglekelp'),
(78660, 509, 0, 'Stranglekelp'),
(78661, 509, 0, 'Stranglekelp'),
(78662, 511, 0, 'Stranglekelp'),
(78663, 507, 0, 'Stranglekelp'),
(78664, 509, 0, 'Stranglekelp'),
(78665, 517, 0, 'Stranglekelp'),
(78666, 509, 0, 'Stranglekelp'),
(78667, 514, 0, 'Stranglekelp'),
(78668, 509, 0, 'Stranglekelp'),
(78669, 517, 0, 'Stranglekelp'),
(78670, 509, 0, 'Stranglekelp'),
(78671, 509, 0, 'Stranglekelp'),
(78672, 509, 0, 'Stranglekelp'),
(78673, 509, 0, 'Stranglekelp'),
(78674, 509, 0, 'Stranglekelp'),
(78675, 509, 0, 'Stranglekelp'),
(78676, 509, 0, 'Stranglekelp'),
(78677, 517, 0, 'Stranglekelp'),
(78678, 509, 0, 'Stranglekelp'),
(78679, 514, 0, 'Stranglekelp'),
(78680, 517, 0, 'Stranglekelp'),
(78681, 517, 0, 'Stranglekelp'),
(78682, 509, 0, 'Stranglekelp'),
(78683, 509, 0, 'Stranglekelp'),
(78684, 509, 0, 'Stranglekelp'),
(78685, 509, 0, 'Stranglekelp'),
(78686, 509, 0, 'Stranglekelp'),
(78687, 509, 0, 'Stranglekelp'),
(78688, 509, 0, 'Stranglekelp'),
(78689, 509, 0, 'Stranglekelp'),
(78690, 517, 0, 'Stranglekelp'),
(78691, 517, 0, 'Stranglekelp'),
(78692, 517, 0, 'Stranglekelp'),
(78693, 509, 0, 'Stranglekelp'),
(78694, 512, 0, 'Stranglekelp'),
(78695, 507, 0, 'Stranglekelp'),
(78696, 507, 0, 'Stranglekelp'),
(78697, 509, 0, 'Stranglekelp'),
(78698, 507, 0, 'Stranglekelp'),
(78699, 507, 0, 'Stranglekelp'),
(78700, 517, 0, 'Stranglekelp'),
(78701, 514, 0, 'Stranglekelp'),
(78702, 514, 0, 'Stranglekelp'),
(78703, 514, 0, 'Stranglekelp'),
(78704, 517, 0, 'Stranglekelp'),
(78705, 517, 0, 'Stranglekelp'),
(78706, 511, 0, 'Stranglekelp'),
(78707, 517, 0, 'Stranglekelp'),
(78708, 517, 0, 'Stranglekelp'),
(78709, 516, 0, 'Stranglekelp'),
(78710, 517, 0, 'Stranglekelp'),
(78711, 517, 0, 'Stranglekelp'),
(78712, 514, 0, 'Stranglekelp'),
(78713, 508, 0, 'Stranglekelp'),
(78714, 507, 0, 'Stranglekelp'),
(78715, 512, 0, 'Stranglekelp'),
(78716, 518, 0, 'Stranglekelp'),
(78717, 517, 0, 'Stranglekelp'),
(78718, 509, 0, 'Stranglekelp'),
(78719, 509, 0, 'Stranglekelp'),
(78720, 517, 0, 'Stranglekelp'),
(78721, 517, 0, 'Stranglekelp'),
(78722, 509, 0, 'Stranglekelp'),
(78723, 509, 0, 'Stranglekelp'),
(78724, 515, 0, 'Stranglekelp'),
(78725, 512, 0, 'Stranglekelp'),
(78726, 512, 0, 'Stranglekelp'),
(78727, 509, 0, 'Stranglekelp'),
(78728, 509, 0, 'Stranglekelp'),
(78729, 514, 0, 'Stranglekelp'),
(78730, 507, 0, 'Stranglekelp'),
(78731, 511, 0, 'Stranglekelp'),
(78732, 514, 0, 'Stranglekelp'),
(78733, 509, 0, 'Stranglekelp'),
(78734, 509, 0, 'Stranglekelp'),
(78735, 515, 0, 'Stranglekelp'),
(78736, 515, 0, 'Stranglekelp'),
(78737, 512, 0, 'Stranglekelp'),
(78738, 516, 0, 'Stranglekelp'),
(78739, 518, 0, 'Stranglekelp'),
(78740, 511, 0, 'Stranglekelp'),
(78741, 508, 0, 'Stranglekelp'),
(78742, 515, 0, 'Stranglekelp'),
(78743, 509, 0, 'Stranglekelp'),
(78744, 514, 0, 'Stranglekelp'),
(78745, 517, 0, 'Stranglekelp'),
(78746, 509, 0, 'Stranglekelp'),
(78747, 509, 0, 'Stranglekelp'),
(78748, 507, 0, 'Stranglekelp'),
(78749, 509, 0, 'Stranglekelp'),
(78750, 509, 0, 'Stranglekelp'),
(78751, 516, 0, 'Stranglekelp'),
(78752, 515, 0, 'Stranglekelp'),
(78753, 517, 0, 'Stranglekelp'),
(78754, 515, 0, 'Stranglekelp'),
(78755, 515, 0, 'Stranglekelp'),
(78756, 511, 0, 'Stranglekelp'),
(78757, 513, 0, 'Stranglekelp'),
(78758, 513, 0, 'Stranglekelp'),
(78759, 513, 0, 'Stranglekelp'),
(78760, 513, 0, 'Stranglekelp'),
(78761, 513, 0, 'Stranglekelp'),
(78762, 513, 0, 'Stranglekelp'),
(78763, 513, 0, 'Stranglekelp'),
(78764, 513, 0, 'Stranglekelp'),
(78765, 513, 0, 'Stranglekelp'),
(78766, 513, 0, 'Stranglekelp'),
(78767, 513, 0, 'Stranglekelp'),
(78768, 513, 0, 'Stranglekelp'),
(78769, 513, 0, 'Stranglekelp'),
(78770, 513, 0, 'Stranglekelp'),
(78771, 513, 0, 'Stranglekelp'),
(78772, 513, 0, 'Stranglekelp'),
(78773, 513, 0, 'Stranglekelp'),
(78774, 513, 0, 'Stranglekelp'),
(78775, 510, 0, 'Stranglekelp'),
(78776, 510, 0, 'Stranglekelp'),
(78777, 510, 0, 'Stranglekelp'),
(78778, 510, 0, 'Stranglekelp'),
(78779, 510, 0, 'Stranglekelp'),
(78780, 510, 0, 'Stranglekelp'),
(78781, 510, 0, 'Stranglekelp'),
(78782, 514, 0, 'Stranglekelp'),
(78783, 514, 0, 'Stranglekelp'),
(78784, 514, 0, 'Stranglekelp'),
(78785, 514, 0, 'Stranglekelp'),
(78786, 514, 0, 'Stranglekelp'),
(78787, 514, 0, 'Stranglekelp'),
(78788, 514, 0, 'Stranglekelp'),
(78789, 514, 0, 'Stranglekelp'),
(78790, 507, 0, 'Stranglekelp'),
(78791, 514, 0, 'Stranglekelp'),
(78792, 514, 0, 'Stranglekelp'),
(78793, 507, 0, 'Stranglekelp'),
(78794, 513, 0, 'Stranglekelp'),
(78795, 513, 0, 'Stranglekelp'),
(78796, 513, 0, 'Stranglekelp'),
(78797, 513, 0, 'Stranglekelp'),
(78798, 513, 0, 'Stranglekelp'),
(78799, 513, 0, 'Stranglekelp'),
(78800, 513, 0, 'Stranglekelp'),
(78801, 513, 0, 'Stranglekelp'),
(78802, 513, 0, 'Stranglekelp'),
(78803, 513, 0, 'Stranglekelp'),
(78804, 513, 0, 'Stranglekelp'),
(78805, 513, 0, 'Stranglekelp'),
(78806, 507, 0, 'Stranglekelp'),
(78807, 507, 0, 'Stranglekelp'),
(78808, 507, 0, 'Stranglekelp'),
(78809, 507, 0, 'Stranglekelp'),
(78810, 507, 0, 'Stranglekelp'),
(78811, 507, 0, 'Stranglekelp'),
(78812, 507, 0, 'Stranglekelp'),
(78813, 507, 0, 'Stranglekelp'),
(78814, 509, 0, 'Stranglekelp'),
(78815, 514, 0, 'Stranglekelp'),
(78816, 514, 0, 'Stranglekelp'),
(78817, 514, 0, 'Stranglekelp'),
(78818, 514, 0, 'Stranglekelp'),
(78819, 505, 0, 'Stranglekelp'),
(78820, 505, 0, 'Stranglekelp'),
(78821, 512, 0, 'Stranglekelp'),
(78822, 512, 0, 'Stranglekelp'),
(78823, 512, 0, 'Stranglekelp'),
(78824, 512, 0, 'Stranglekelp'),
(78825, 512, 0, 'Stranglekelp'),
(78826, 513, 0, 'Stranglekelp'),
(78827, 513, 0, 'Stranglekelp'),
(78828, 513, 0, 'Stranglekelp'),
(78829, 507, 0, 'Stranglekelp'),
(78830, 507, 0, 'Stranglekelp'),
(78831, 511, 0, 'Stranglekelp'),
(78832, 513, 0, 'Stranglekelp'),
(78833, 511, 0, 'Stranglekelp'),
(78834, 511, 0, 'Stranglekelp'),
(78835, 514, 0, 'Stranglekelp'),
(78836, 514, 0, 'Stranglekelp'),
(78837, 514, 0, 'Stranglekelp'),
(78838, 514, 0, 'Stranglekelp'),
(78839, 514, 0, 'Stranglekelp'),
(78840, 506, 0, 'Stranglekelp'),
(78841, 515, 0, 'Stranglekelp'),
(78842, 515, 0, 'Stranglekelp'),
(78843, 515, 0, 'Stranglekelp'),
(78844, 515, 0, 'Stranglekelp'),
(78845, 507, 0, 'Stranglekelp'),
(78846, 511, 0, 'Stranglekelp'),
(78847, 511, 0, 'Stranglekelp'),
(78848, 511, 0, 'Stranglekelp'),
(78849, 511, 0, 'Stranglekelp'),
(78850, 513, 0, 'Stranglekelp'),
(78851, 513, 0, 'Stranglekelp'),
(78852, 515, 0, 'Stranglekelp'),
(78853, 517, 0, 'Stranglekelp'),
(78854, 507, 0, 'Stranglekelp'),
(78855, 507, 0, 'Stranglekelp'),
(78856, 512, 0, 'Stranglekelp'),
(78857, 512, 0, 'Stranglekelp'),
(78858, 516, 0, 'Stranglekelp'),
(78859, 516, 0, 'Stranglekelp'),
(78860, 513, 0, 'Stranglekelp'),
(78861, 511, 0, 'Stranglekelp'),
(78862, 513, 0, 'Stranglekelp'),
(78863, 513, 0, 'Stranglekelp'),
(78864, 513, 0, 'Stranglekelp'),
(78865, 507, 0, 'Stranglekelp'),
(78866, 517, 0, 'Stranglekelp'),
(78867, 513, 0, 'Stranglekelp'),
(78868, 517, 0, 'Stranglekelp'),
(78869, 517, 0, 'Stranglekelp'),
(78870, 513, 0, 'Stranglekelp'),
(78871, 517, 0, 'Stranglekelp'),
(78872, 507, 0, 'Stranglekelp'),
(78873, 514, 0, 'Stranglekelp'),
(78874, 506, 0, 'Stranglekelp'),
(78875, 514, 0, 'Stranglekelp'),
(78876, 514, 0, 'Stranglekelp'),
(78877, 511, 0, 'Stranglekelp'),
(78878, 511, 0, 'Stranglekelp'),
(78879, 513, 0, 'Stranglekelp'),
(78880, 513, 0, 'Stranglekelp'),
(78881, 513, 0, 'Stranglekelp'),
(78882, 513, 0, 'Stranglekelp'),
(78883, 513, 0, 'Stranglekelp'),
(78884, 513, 0, 'Stranglekelp'),
(78885, 513, 0, 'Stranglekelp'),
(78886, 513, 0, 'Stranglekelp'),
(78887, 515, 0, 'Stranglekelp'),
(78888, 509, 0, 'Stranglekelp'),
(78889, 509, 0, 'Stranglekelp'),
(78890, 506, 0, 'Stranglekelp'),
(78891, 506, 0, 'Stranglekelp'),
(78892, 506, 0, 'Stranglekelp'),
(78893, 506, 0, 'Stranglekelp'),
(78894, 511, 0, 'Stranglekelp'),
(78895, 514, 0, 'Stranglekelp'),
(78896, 514, 0, 'Stranglekelp'),
(78897, 509, 0, 'Stranglekelp'),
(78898, 506, 0, 'Stranglekelp'),
(78899, 506, 0, 'Stranglekelp'),
(78900, 507, 0, 'Stranglekelp'),
(78901, 507, 0, 'Stranglekelp'),
(78902, 511, 0, 'Stranglekelp'),
(78903, 511, 0, 'Stranglekelp'),
(78904, 511, 0, 'Stranglekelp'),
(78905, 506, 0, 'Stranglekelp'),
(78906, 506, 0, 'Stranglekelp'),
(78907, 506, 0, 'Stranglekelp'),
(78908, 513, 0, 'Stranglekelp'),
(78909, 511, 0, 'Stranglekelp'),
(78910, 506, 0, 'Stranglekelp'),
(78911, 506, 0, 'Stranglekelp'),
(78912, 506, 0, 'Stranglekelp'),
(78913, 514, 0, 'Stranglekelp'),
(78914, 514, 0, 'Stranglekelp'),
(78915, 506, 0, 'Stranglekelp'),
(78916, 509, 0, 'Stranglekelp'),
(78917, 517, 0, 'Stranglekelp'),
(78918, 509, 0, 'Stranglekelp'),
(78919, 515, 0, 'Stranglekelp'),
(78920, 509, 0, 'Stranglekelp'),
(78921, 514, 0, 'Stranglekelp'),
(78922, 509, 0, 'Stranglekelp'),
(78923, 505, 0, 'Stranglekelp'),
(78924, 507, 0, 'Stranglekelp'),
(78925, 514, 0, 'Stranglekelp'),
(78926, 511, 0, 'Stranglekelp'),
(78927, 509, 0, 'Stranglekelp'),
(78928, 514, 0, 'Stranglekelp'),
(78929, 510, 0, 'Stranglekelp'),
(78930, 510, 0, 'Stranglekelp'),
(78931, 510, 0, 'Stranglekelp'),
(78932, 510, 0, 'Stranglekelp'),
(78933, 510, 0, 'Stranglekelp'),
(78934, 513, 0, 'Stranglekelp'),
(78935, 509, 0, 'Stranglekelp'),
(78936, 513, 0, 'Stranglekelp'),
(78937, 513, 0, 'Stranglekelp'),
(78938, 517, 0, 'Stranglekelp'),
(78939, 509, 0, 'Stranglekelp'),
(78940, 509, 0, 'Stranglekelp'),
(78941, 510, 0, 'Stranglekelp'),
(78942, 510, 0, 'Stranglekelp'),
(78943, 510, 0, 'Stranglekelp'),
(78944, 510, 0, 'Stranglekelp'),
(78945, 510, 0, 'Stranglekelp'),
(78946, 510, 0, 'Stranglekelp'),
(78947, 519, 0, 'Stranglekelp'),
(78948, 507, 0, 'Stranglekelp'),
(78949, 507, 0, 'Stranglekelp'),
(78950, 512, 0, 'Stranglekelp'),
(78951, 512, 0, 'Stranglekelp'),
(78952, 512, 0, 'Stranglekelp'),
(78953, 512, 0, 'Stranglekelp'),
(78954, 512, 0, 'Stranglekelp'),
(78955, 512, 0, 'Stranglekelp'),
(78956, 512, 0, 'Stranglekelp'),
(78957, 512, 0, 'Stranglekelp'),
(78958, 512, 0, 'Stranglekelp'),
(78959, 512, 0, 'Stranglekelp'),
(78960, 512, 0, 'Stranglekelp'),
(78961, 512, 0, 'Stranglekelp'),
(78962, 512, 0, 'Stranglekelp'),
(78963, 512, 0, 'Stranglekelp'),
(78964, 512, 0, 'Stranglekelp'),
(78965, 512, 0, 'Stranglekelp'),
(78966, 507, 0, 'Stranglekelp'),
(78967, 518, 0, 'Stranglekelp'),
(78968, 514, 0, 'Stranglekelp'),
(78969, 514, 0, 'Stranglekelp'),
(78970, 514, 0, 'Stranglekelp'),
(78971, 514, 0, 'Stranglekelp'),
(78972, 514, 0, 'Stranglekelp'),
(78973, 514, 0, 'Stranglekelp'),
(78974, 507, 0, 'Stranglekelp'),
(78975, 514, 0, 'Stranglekelp'),
(78976, 514, 0, 'Stranglekelp'),
(78977, 514, 0, 'Stranglekelp'),
(78978, 514, 0, 'Stranglekelp'),
(78979, 514, 0, 'Stranglekelp'),
(78980, 514, 0, 'Stranglekelp'),
(78981, 514, 0, 'Stranglekelp'),
(78982, 517, 0, 'Stranglekelp'),
(78983, 517, 0, 'Stranglekelp'),
(78984, 517, 0, 'Stranglekelp'),
(78985, 517, 0, 'Stranglekelp'),
(78986, 517, 0, 'Stranglekelp'),
(78987, 517, 0, 'Stranglekelp'),
(78988, 509, 0, 'Stranglekelp'),
(78989, 517, 0, 'Stranglekelp'),
(78990, 510, 0, 'Stranglekelp'),
(78991, 510, 0, 'Stranglekelp'),
(78992, 514, 0, 'Stranglekelp'),
(78993, 514, 0, 'Stranglekelp'),
(78994, 514, 0, 'Stranglekelp'),
(78995, 514, 0, 'Stranglekelp'),
(78996, 513, 0, 'Stranglekelp'),
(78997, 510, 0, 'Stranglekelp'),
(78998, 510, 0, 'Stranglekelp'),
(78999, 510, 0, 'Stranglekelp'),
(79000, 510, 0, 'Stranglekelp'),
(79001, 510, 0, 'Stranglekelp'),
(79002, 510, 0, 'Stranglekelp'),
(79003, 510, 0, 'Stranglekelp'),
(79004, 510, 0, 'Stranglekelp'),
(79005, 517, 0, 'Stranglekelp'),
(79006, 517, 0, 'Stranglekelp'),
(79007, 517, 0, 'Stranglekelp'),
(79008, 517, 0, 'Stranglekelp'),
(79009, 517, 0, 'Stranglekelp'),
(79010, 517, 0, 'Stranglekelp'),
(79011, 509, 0, 'Stranglekelp'),
(79012, 514, 0, 'Stranglekelp'),
(79013, 514, 0, 'Stranglekelp'),
(79014, 514, 0, 'Stranglekelp'),
(79015, 514, 0, 'Stranglekelp'),
(79016, 513, 0, 'Stranglekelp'),
(79017, 513, 0, 'Stranglekelp'),
(79018, 513, 0, 'Stranglekelp'),
(79019, 513, 0, 'Stranglekelp'),
(79020, 508, 0, 'Stranglekelp'),
(79021, 513, 0, 'Stranglekelp'),
(79022, 513, 0, 'Stranglekelp'),
(79023, 514, 0, 'Stranglekelp'),
(79024, 514, 0, 'Stranglekelp'),
(79025, 507, 0, 'Stranglekelp'),
(79026, 518, 0, 'Stranglekelp'),
(79027, 507, 0, 'Stranglekelp'),
(79028, 514, 0, 'Stranglekelp'),
(79029, 507, 0, 'Stranglekelp'),
(79030, 507, 0, 'Stranglekelp'),
(79031, 509, 0, 'Stranglekelp'),
(79032, 517, 0, 'Stranglekelp'),
(79033, 517, 0, 'Stranglekelp'),
(79034, 517, 0, 'Stranglekelp'),
(79035, 514, 0, 'Stranglekelp'),
(79036, 514, 0, 'Stranglekelp'),
(79037, 514, 0, 'Stranglekelp'),
(79038, 514, 0, 'Stranglekelp'),
(79039, 507, 0, 'Stranglekelp'),
(79040, 507, 0, 'Stranglekelp'),
(79041, 507, 0, 'Stranglekelp'),
(79042, 513, 0, 'Stranglekelp'),
(79043, 513, 0, 'Stranglekelp'),
(79044, 513, 0, 'Stranglekelp'),
(79045, 513, 0, 'Stranglekelp'),
(79046, 513, 0, 'Stranglekelp'),
(79047, 517, 0, 'Stranglekelp'),
(79048, 514, 0, 'Stranglekelp'),
(79049, 513, 0, 'Stranglekelp'),
(79050, 513, 0, 'Stranglekelp'),
(79051, 517, 0, 'Stranglekelp'),
(79052, 509, 0, 'Stranglekelp'),
(79053, 509, 0, 'Stranglekelp'),
(79054, 509, 0, 'Stranglekelp'),
(79055, 513, 0, 'Stranglekelp'),
(79056, 517, 0, 'Stranglekelp'),
(79057, 509, 0, 'Stranglekelp'),
(79058, 511, 0, 'Stranglekelp'),
(79059, 511, 0, 'Stranglekelp'),
(79060, 508, 0, 'Stranglekelp'),
(79061, 508, 0, 'Stranglekelp'),
(79062, 508, 0, 'Stranglekelp'),
(79063, 508, 0, 'Stranglekelp'),
(79064, 508, 0, 'Stranglekelp'),
(79065, 508, 0, 'Stranglekelp'),
(79066, 508, 0, 'Stranglekelp'),
(79067, 510, 0, 'Stranglekelp'),
(79068, 510, 0, 'Stranglekelp'),
(79069, 510, 0, 'Stranglekelp'),
(79070, 510, 0, 'Stranglekelp'),
(79071, 508, 0, 'Stranglekelp'),
(79072, 509, 0, 'Stranglekelp'),
(79073, 517, 0, 'Stranglekelp'),
(79074, 509, 0, 'Stranglekelp'),
(79075, 509, 0, 'Stranglekelp'),
(79076, 509, 0, 'Stranglekelp'),
(79077, 509, 0, 'Stranglekelp'),
(79078, 509, 0, 'Stranglekelp'),
(79079, 517, 0, 'Stranglekelp'),
(79080, 509, 0, 'Stranglekelp'),
(79081, 516, 0, 'Stranglekelp'),
(79082, 516, 0, 'Stranglekelp'),
(79083, 516, 0, 'Stranglekelp'),
(79084, 517, 0, 'Stranglekelp'),
(79085, 517, 0, 'Stranglekelp'),
(79086, 517, 0, 'Stranglekelp'),
(79087, 517, 0, 'Stranglekelp'),
(79088, 517, 0, 'Stranglekelp'),
(79089, 517, 0, 'Stranglekelp'),
(79090, 517, 0, 'Stranglekelp'),
(79091, 517, 0, 'Stranglekelp'),
(79092, 516, 0, 'Stranglekelp'),
(79093, 516, 0, 'Stranglekelp'),
(79094, 515, 0, 'Stranglekelp'),
(79095, 515, 0, 'Stranglekelp'),
(79096, 515, 0, 'Stranglekelp'),
(79097, 515, 0, 'Stranglekelp'),
(79098, 515, 0, 'Stranglekelp'),
(79099, 507, 0, 'Stranglekelp'),
(79100, 507, 0, 'Stranglekelp'),
(79101, 507, 0, 'Stranglekelp'),
(79102, 519, 0, 'Stranglekelp'),
(79103, 519, 0, 'Stranglekelp'),
(79104, 519, 0, 'Stranglekelp'),
(79105, 519, 0, 'Stranglekelp'),
(79106, 519, 0, 'Stranglekelp'),
(79107, 515, 0, 'Stranglekelp');

DELETE FROM `gameobject` WHERE `guid` BETWEEN 78409 AND 79107;
INSERT INTO `gameobject` (`guid`, `id`, `map`, `position_x`, `position_y`, `position_z`, `orientation`, `rotation0`, `rotation1`, `rotation2`, `rotation3`, `spawntimesecs`, `animprogress`, `state`) VALUES
(78409, 2045, 0, 1309.05, 5.4962, -13.3285, 6.02139, 0, 0, -0.130526, 0.991445, 900, 255, 1),
(78410, 2045, 0, -1081.05, -713.958, -3.80395, 1.15192, 0, 0, 0.544639, 0.838671, 900, 255, 1),
(78411, 2045, 0, -1742.04, -1111.16, -50.7961, 5.28835, 0, 0, -0.477158, 0.878817, 900, 255, 1),
(78412, 2045, 0, -12503.7, 231.236, -16.9338, 0.645772, 0, 0, 0.317305, 0.948324, 900, 255, 1),
(78413, 2045, 0, -1109.09, -484.259, -42.2045, 2.07694, 0, 0, 0.861628, 0.507539, 900, 255, 1),
(78414, 2045, 0, -1548, -988.021, -39.3629, 1.0821, 0, 0, 0.515037, 0.857168, 900, 255, 1),
(78415, 2045, 0, -1698.15, -1045.93, -42.8583, 0.977383, 0, 0, 0.469471, 0.882948, 900, 255, 1),
(78416, 2045, 0, -1116.11, -189.95, -3.40162, 3.3685, 0, 0, -0.993571, 0.113208, 900, 255, 1),
(78417, 2045, 0, -777.527, -4570.92, -23.8076, 5.68977, 0, 0, -0.292372, 0.956305, 900, 255, 1),
(78418, 2045, 0, -785.382, -4656.31, -24.7362, 5.044, 0, 0, -0.580703, 0.814116, 900, 255, 1),
(78419, 2045, 0, -13574.2, 813.761, -10.0162, 3.03684, 0, 0, 0.998629, 0.0523532, 900, 255, 1),
(78420, 2045, 0, -291.338, -4744.9, -25.2299, 4.25861, 0, 0, -0.848047, 0.529921, 900, 255, 1),
(78421, 2045, 0, -199.985, -4725.92, -28.7294, 1.85005, 0, 0, 0.798635, 0.601815, 900, 255, 1),
(78422, 2045, 0, -1174.06, -777.817, -5.35076, 3.15906, 0, 0, -0.999962, 0.00873464, 900, 255, 1),
(78423, 2045, 0, -485.872, -4719.62, -29.8458, 2.74016, 0, 0, 0.979924, 0.19937, 900, 255, 1),
(78424, 2045, 0, 628.255, 736.648, 19.9124, 4.41568, 0, 0, -0.803857, 0.594823, 900, 255, 1),
(78425, 2045, 0, -1181.64, 45.6704, -7.18421, 3.24635, 0, 0, -0.998629, 0.0523532, 900, 255, 1),
(78426, 2045, 0, -1153.73, -439.879, -41.0976, 5.34071, 0, 0, -0.45399, 0.891007, 900, 255, 1),
(78427, 2045, 0, -1141.71, -545.092, -41.2592, 3.56047, 0, 0, -0.978148, 0.207912, 900, 255, 1),
(78428, 2045, 0, -1677.83, -1121.21, -3.60723, 5.16618, 0, 0, -0.529919, 0.848048, 900, 255, 1),
(78429, 2045, 0, -1216.22, -648.269, -43.7294, 2.1293, 0, 0, 0.874619, 0.48481, 900, 255, 1),
(78430, 2045, 0, -1051.87, -408.556, -4.19282, 3.38594, 0, 0, -0.992546, 0.12187, 900, 255, 1),
(78431, 2045, 0, -1212.53, -211.741, -42.0522, 5.53269, 0, 0, -0.366501, 0.930418, 900, 255, 1),
(78432, 2045, 0, -1620.5, -1026.73, -40.5638, 2.65289, 0, 0, 0.970295, 0.241925, 900, 255, 1),
(78433, 2045, 0, -1169.76, -249.171, -33.6806, 5.74214, 0, 0, -0.267238, 0.963631, 900, 255, 1),
(78434, 2045, 0, -1516.17, -1054.35, -7.40376, 4.50295, 0, 0, -0.777145, 0.629321, 900, 255, 1),
(78435, 2045, 0, -14065.4, 473.215, -14.4825, 0.244346, 0, 0, 0.121869, 0.992546, 900, 255, 1),
(78436, 2045, 0, -13603.6, 419.877, -33.2804, 2.04204, 0, 0, 0.85264, 0.522499, 900, 255, 1),
(78437, 2045, 0, -13113.1, 803.91, -38.3111, 1.5708, 0, 0, 0.707107, 0.707107, 900, 255, 1),
(78438, 2045, 0, -12549.2, 534.619, -47.1639, 5.42798, 0, 0, -0.414693, 0.909962, 900, 255, 1),
(78439, 2045, 0, -3612.66, -620.549, -13.8344, 0.471238, 0, 0, 0.233445, 0.97237, 900, 255, 1),
(78440, 2045, 0, -1352.52, -948.247, -6.47859, 5.93412, 0, 0, -0.173648, 0.984808, 900, 255, 1),
(78441, 2045, 1, 6615.66, 601.808, -13.2324, 1.13446, 0, 0, 0.537299, 0.843392, 900, 255, 1),
(78442, 2045, 1, -1456.03, -3980.45, -5.35221, 2.30383, 0, 0, 0.913545, 0.406738, 900, 255, 1),
(78443, 2045, 1, -1915.86, -3779.83, -4.68931, 6.00393, 0, 0, -0.139173, 0.990268, 900, 255, 1),
(78444, 2045, 1, -940.056, -3951.62, -50.5944, 0.85521, 0, 0, 0.414693, 0.909962, 900, 255, 1),
(78445, 2045, 1, -868.215, -3953.02, -30.572, 3.6652, 0, 0, -0.965925, 0.258821, 900, 255, 1),
(78446, 2045, 1, -1831.07, -3862.04, -8.43423, 5.2709, 0, 0, -0.484809, 0.87462, 900, 255, 1),
(78447, 2045, 1, -1107.98, -4256.02, -9.86849, 5.88176, 0, 0, -0.199367, 0.979925, 900, 255, 1),
(78448, 2045, 0, -13691.3, 767.772, -12.2924, 2.33874, 0, 0, 0.920505, 0.390732, 900, 100, 1),
(78449, 2045, 1, 3573.68, 1134.14, 1.532, 0.018, 0, 0, 0, 0, 900, 100, 1),
(78450, 2045, 1, 3608.39, 1161.36, 0.921, 3.505, 0, 0, 0, 0, 900, 100, 1),
(78451, 2045, 1, 2271.02, -2871, 133.706, 3.513, 0, 0, 0, 0, 900, 100, 1),
(78452, 2045, 1, -5378, 2271.87, 0.879, 3.379, 0, 0, 0, 0, 900, 100, 1),
(78453, 2045, 1, -5455, 2328.48, 0.381, 5.005, 0, 0, 0, 0, 900, 100, 1),
(78454, 2045, 1, 2942.7, -2723, 215.836, 0.03, 0, 0, 0, 0, 900, 100, 1),
(78455, 2045, 1, 4253.93, 964.903, 38.09, 0.192, 0, 0, 0.095846, 0.995396, 900, 100, 1),
(78456, 2045, 1, -4982, 3272.63, 0.014, 5.865, 0, 0, 0, 0, 900, 100, 1),
(78457, 2045, 0, -999, -732, 0.487, 0.685, 0, 0, 0, 0, 900, 100, 1),
(78458, 2045, 1, 3631.36, 1037.19, 5.47104, 4.848, 0, 0, 0, 0, 900, 100, 1),
(78459, 2045, 1, -1160, -3677, 93.194, 6.151, 0, 0, 0, 0, 900, 100, 1),
(78460, 2045, 1, -785, -4056, 3.511, 0.266, 0, 0, 0, 0, 900, 100, 1),
(78461, 2045, 1, -906, -4108, 2.25, 4.016, 0, 0, 0, 0, 900, 100, 1),
(78462, 2045, 1, -978, -3754, 3.16928, 0.43, 0, 0, 0, 0, 900, 100, 1),
(78463, 2045, 1, 6959.22, 787.957, 3.805, 2.833, 0, 0, 0, 0, 900, 100, 1),
(78464, 2045, 1, 6818.58, 504.836, 0.988, 6.096, 0, 0, 0, 0, 900, 100, 1),
(78465, 2045, 1, 6984.84, 790.409, 10.6, 0.049, 0, 0, 0, 0, 900, 100, 1),
(78466, 2045, 1, 7007.92, 798.797, 3.468, 2.963, 0, 0, 0, 0, 900, 100, 1),
(78467, 2045, 0, -1049, -342, 0.507, 4.6, 0, 0, 0, 0, 900, 100, 1),
(78468, 2045, 1, 4876.51, 636.461, 0, 4.302, 0, 0, 0, 0, 900, 100, 1),
(78469, 2045, 1, 4004.19, 1041.79, -14, 0.506, 0, 0, 0.25038, 0.968148, 900, 100, 1),
(78470, 2045, 1, -5210, 2208.77, 1.053, 5.822, 0, 0, 0, 0, 900, 100, 1),
(78471, 2045, 1, 5253.43, 576.509, 0.303, 0.461, 0, 0, 0, 0, 900, 100, 1),
(78472, 2045, 0, -980, -463, 0.904, 1.918, 0, 0, 0, 0, 900, 100, 1),
(78473, 2045, 0, -1006, -412, 0.937, 3.367, 0, 0, 0, 0, 900, 100, 1),
(78474, 2045, 1, -5539, 2320.89, 0.26, 4.718, 0, 0, 0, 0, 900, 100, 1),
(78475, 2045, 1, 5989.6, 637.678, 0.568, 0.257, 0, 0, 0, 0, 900, 100, 1),
(78476, 2045, 1, 5874.49, 575.1, 0.218, 0.929, 0, 0, 0, 0, 900, 100, 1),
(78477, 2045, 1, -1982, 3074.47, 0.453, 4.932, 0, 0, 0, 0, 900, 100, 1),
(78478, 2045, 1, 3622.31, 925.672, 0.082, 0.112, 0, 0, 0, 0, 900, 100, 1),
(78479, 2045, 1, 3636.4, 887.459, 0.152, 1.978, 0, 0, 0, 0, 900, 100, 1),
(78480, 2045, 1, 3589.09, 802.595, 0.18, 0.473, 0, 0, 0, 0, 900, 100, 1),
(78481, 2045, 1, -1028, -4252, 1.578, 5.394, 0, 0, 0, 0, 900, 100, 1),
(78482, 2045, 1, -2000, 3125.95, 1.649, 4.245, 0, 0, 0, 0, 900, 100, 1),
(78483, 2045, 1, -650, 2744.91, 0.401, 3.355, 0, 0, 0, 0, 900, 100, 1),
(78484, 2045, 1, 5239.4, 964.844, 1.337, 2.798, 0, 0, 0, 0, 900, 100, 1),
(78485, 2045, 1, -5258, 3632.46, 1.05, 4.168, 0, 0, 0, 0, 900, 100, 1),
(78486, 2045, 1, 3634.82, 1070.97, 3.71083, 1.487, 0, 0, 0, 0, 900, 100, 1),
(78487, 2045, 1, -5018, 3597.11, 0.308, 1.824, 0, 0, 0, 0, 900, 100, 1),
(78488, 2045, 1, -4465, 2360.82, 0.344, 3.917, 0, 0, 0, 0, 900, 100, 1),
(78489, 2045, 1, 5240.34, 971.813, 2.71, 3.811, 0, 0, 0, 0, 900, 100, 1),
(78490, 2045, 1, 3806.23, 1002.87, 2.948, 2.421, 0, 0, 0, 0, 900, 100, 1),
(78491, 2045, 1, 6223.26, 947.609, 1.391, 0.324, 0, 0, 0, 0, 900, 100, 1),
(78492, 2045, 0, 776.394, 144.451, 33.481, 0.163, 0, 0, 0, 0, 900, 100, 1),
(78493, 2045, 1, 3532.41, 1117.84, 0.811, 4.2, 0, 0, 0, 0, 900, 100, 1),
(78494, 2045, 1, 3494.74, 1064.94, 1.435, 4.636, 0, 0, 0, 0, 900, 100, 1),
(78495, 2045, 1, -1744, 3185.5, 0.322, 0.01, 0, 0, 0, 0, 900, 100, 1),
(78496, 2045, 1, 3584.43, 1015.39, 0.373, 1.86, 0, 0, 0, 0, 900, 100, 1),
(78497, 2045, 1, 3561.6, 1045.97, 0.334, 1.239, 0, 0, 0, 0, 900, 100, 1),
(78498, 2045, 1, 2180.13, -6828, 0.719, 0.135, 0, 0, 0, 0, 900, 100, 1),
(78499, 2045, 1, 2685.27, -7035, 0.283, 2.621, 0, 0, 0, 0, 900, 100, 1),
(78500, 2045, 0, -14881, 342.575, 0.812, 6.171, 0, 0, 0, 0, 900, 100, 1),
(78501, 2045, 1, 3867.07, 862.943, 0.473, 5.029, 0, 0, 0, 0, 900, 100, 1),
(78502, 2045, 1, -1278, -3994, 0, 3.674, 0, 0, 0, 0, 900, 100, 1),
(78503, 2045, 1, -1286, -3890, 6.413, 1.338, 0, 0, 0, 0, 900, 100, 1),
(78504, 2045, 1, -1314, -3920, 0.95, 4.837, 0, 0, 0, 0, 900, 100, 1),
(78505, 2045, 1, -1282, -3867, 23.749, 4.224, 0, 0, 0, 0, 900, 100, 1),
(78506, 2045, 1, -1299, -4038, 4.488, 3.207, 0, 0, 0, 0, 900, 100, 1),
(78507, 2045, 1, 2126.41, -2842, 115.106, 3.27, 0, 0, 0, 0, 900, 100, 1),
(78508, 2045, 1, 2009.51, -1133, 90.159, 2.578, 0, 0, 0, 0, 900, 100, 1),
(78509, 2045, 1, 1945.43, -1058, 92.432, 4.306, 0, 0, 0, 0, 900, 100, 1),
(78510, 2045, 1, 1932.32, -1107, 92.618, 4.549, 0, 0, 0, 0, 900, 100, 1),
(78511, 2045, 1, -1372, -4040, 5.01, 4.876, 0, 0, 0, 0, 900, 100, 1),
(78512, 2045, 1, 4823.41, 562.513, 16.1665, 0.677, 0, 0, 0, 0, 900, 100, 1),
(78513, 2045, 1, 5886.66, 624.587, 0.36929, 1.702, 0, 0, 0, 0, 900, 100, 1),
(78514, 2045, 0, -14891, 443.121, 1.799, 3.246, 0, 0, 0, 0, 900, 100, 1),
(78515, 2045, 0, -14677, 538.043, 0.112, 4.467, 0, 0, 0, 0, 900, 100, 1),
(78516, 2045, 1, -1424, -3899, 6.679, 1.907, 0, 0, 0, 0, 900, 100, 1),
(78517, 2045, 1, -1430, -3913, 1.568, 1.95, 0, 0, 0, 0, 900, 100, 1),
(78518, 2045, 1, -1440, -3879, 12.07, 1.208, 0, 0, 0, 0, 900, 100, 1),
(78519, 2045, 0, -14751, 551.782, 0.589, 5.747, 0, 0, 0, 0, 900, 100, 1),
(78520, 2045, 0, -14712, 548.672, 0.672, 2.539, 0, 0, 0, 0, 900, 100, 1),
(78521, 2045, 0, -2879.56, -1005.58, -13.1264, 0.558504, 0, 0, 0.275637, 0.961262, 900, 100, 1),
(78522, 2045, 1, 4856.61, 657.351, 0.197, 3.791, 0, 0, 0, 0, 900, 100, 1),
(78523, 2045, 1, 3115.71, -6464, 1.423, 0.359, 0, 0, 0, 0, 900, 100, 1),
(78524, 2045, 0, -14829, 471.795, 0.696, 2.201, 0, 0, 0, 0, 900, 100, 1),
(78525, 2045, 1, 5462.21, 572.037, 0.98, 0.787, 0, 0, 0, 0, 900, 100, 1),
(78526, 2045, 0, -1141, 5.511, 0.886, 2.276, 0, 0, 0, 0, 900, 100, 1),
(78527, 2045, 0, -14876, 392.091, 1.249, 1.097, 0, 0, 0, 0, 900, 100, 1),
(78528, 2045, 0, -14812, 306.898, 0.886, 5.637, 0, 0, 0, 0, 900, 100, 1),
(78529, 2045, 0, -14920, 331.299, 0.926, 0.595, 0, 0, 0, 0, 900, 100, 1),
(78530, 2045, 0, -14890, 370.18, 1.455, 3.85, 0, 0, 0, 0, 900, 100, 1),
(78531, 2045, 0, -14979, 302.468, 1.997, 3.116, 0, 0, 0, 0, 900, 100, 1),
(78532, 2045, 1, 3554.1, 1075.8, 0, 4.73, 0, 0, 0, 0, 900, 100, 1),
(78533, 2045, 1, 2548.33, -2437.49, 160.081, 2.103, 0, 0, 0, 0, 900, 100, 1),
(78534, 2045, 1, 3448.73, 1047.26, 0.102, 3.835, 0, 0, 0, 0, 900, 100, 1),
(78535, 2045, 1, 3587.33, 897.356, 0.632, 1.569, 0, 0, 0, 0, 900, 100, 1),
(78536, 2045, 1, 3585.69, 936.321, 2.526, 4.153, 0, 0, 0, 0, 900, 100, 1),
(78537, 2045, 1, -974, -4101, 0.513, 4.711, 0, 0, 0, 0, 900, 100, 1),
(78538, 2045, 1, -5260, 3655.08, 0.758, 6.018, 0, 0, 0, 0, 900, 100, 1),
(78539, 2045, 0, -1270, -967, 0.512, 0.98, 0, 0, 0, 0, 900, 100, 1),
(78540, 2045, 1, 2027.41, -192, 95.861, 4.519, 0, 0, 0, 0, 900, 100, 1),
(78541, 2045, 1, 2098.7, -170, 94.21, 4.161, 0, 0, 0, 0, 900, 100, 1),
(78542, 2045, 1, 2208.67, -2987, 117.281, 4.13, 0, 0, 0, 0, 900, 100, 1),
(78543, 2045, 1, 2194.43, -3024, 113.726, 1.004, 0, 0, 0, 0, 900, 100, 1),
(78544, 2045, 0, -3084.31, -886.973, -12.8226, 0.436332, 0, 0, 0.216439, 0.976296, 900, 100, 1),
(78545, 2045, 1, -219, 2377.01, 22.986, 1.592, 0, 0, 0, 0, 900, 100, 1),
(78546, 2045, 1, 3708.27, 984.993, 0.481, 4.318, 0, 0, 0, 0, 900, 100, 1),
(78547, 2045, 1, 3401.13, 1071.37, 0.234, 3.01, 0, 0, 0, 0, 900, 100, 1),
(78548, 2045, 1, 2667.7, -2850, 175.157, 3.89, 0, 0, 0, 0, 900, 100, 1),
(78549, 2045, 1, 6972.9, 782.725, 9.28, 1.961, 0, 0, 0, 0, 900, 100, 1),
(78550, 2045, 1, 6070.51, 576.223, 0.791, 1.086, 0, 0, 0, 0, 900, 100, 1),
(78551, 2045, 1, 6128.61, 566.368, 0.732, 1.255, 0, 0, 0, 0, 900, 100, 1),
(78552, 2045, 1, 5949.48, 563.831, 0.142, 0.874, 0, 0, 0, 0, 900, 100, 1),
(78553, 2045, 1, 5969.89, 618.324, 0.007, 4.314, 0, 0, 0, 0, 900, 100, 1),
(78554, 2045, 1, 2183.05, -3061, 113.861, 6.168, 0, 0, 0, 0, 900, 100, 1),
(78555, 2045, 1, -5282, 3313.75, 1.156, 5.182, 0, 0, 0, 0, 900, 100, 1),
(78556, 2045, 1, -5343, 3367.98, 0.303, 5.484, 0, 0, 0, 0, 900, 100, 1),
(78557, 2045, 1, -1804, 3060.58, 0.284, 5.987, 0, 0, 0, 0, 900, 100, 1),
(78558, 2045, 0, -1372, -615, -45, 3.446, 0, 0, 0.988469, -0.15142, 900, 100, 1),
(78559, 2045, 1, -1317, -4040, 4.794, 3.227, 0, 0, 0, 0, 900, 100, 1),
(78560, 2045, 1, -1418, -3939, 1.411, 5.061, 0, 0, 0, 0, 900, 100, 1),
(78561, 2045, 1, -1283, -4013, 6.447, 3.341, 0, 0, 0, 0, 900, 100, 1),
(78562, 2045, 1, 2675.42, -2840, 174.442, 4.082, 0, 0, 0, 0, 900, 100, 1),
(78563, 2045, 0, -1080, -23, 0.701, 1.667, 0, 0, 0, 0, 900, 100, 1),
(78564, 2045, 0, -1092, -19, 0.11, 2.963, 0, 0, 0, 0, 900, 100, 1),
(78565, 2045, 1, 3595.54, 982.457, 0.082, 1.341, 0, 0, 0, 0, 900, 100, 1),
(78566, 2045, 1, -610, 2619.99, 2.035, 4.687, 0, 0, 0, 0, 900, 100, 1),
(78567, 2045, 1, 3734.17, 895.512, 0.955, 4.974, 0, 0, 0, 0, 900, 100, 1),
(78568, 2045, 1, 2498.98, -2871, 152.227, 3.733, 0, 0, 0, 0, 900, 100, 1),
(78569, 2045, 1, 6690.11, 895.05, -25.2179, -0.977384, 0, 0, 0.469472, -0.882948, 900, 100, 1),
(78570, 2045, 1, -5034, 2222.27, 1.919, 3.952, 0, 0, 0, 0, 900, 100, 1),
(78571, 2045, 1, -222, 2422.87, 11.642, 5.107, 0, 0, 0, 0, 900, 100, 1),
(78572, 2045, 0, 1126.96, 224.838, 33.991, 3.921, 0, 0, 0, 0, 900, 100, 1),
(78573, 2045, 0, -1119, -793, 0.485, 0.991, 0, 0, 0, 0, 900, 100, 1),
(78574, 2045, 1, -853, -4073, 1.582, 5.767, 0, 0, 0, 0, 900, 100, 1),
(78575, 2045, 1, 6272.7, 584.431, 0.368, 6.081, 0, 0, 0, 0, 900, 100, 1),
(78576, 2045, 1, 6180.02, 579.199, 0.586, 3.073, 0, 0, 0, 0, 900, 100, 1),
(78577, 2045, 1, 2157.5, -5726, 1.396, 0.52, 0, 0, 0, 0, 900, 100, 1),
(78578, 2045, 0, -1078, -72, 0.386, 2.158, 0, 0, 0, 0, 900, 100, 1),
(78579, 2045, 1, 3674.17, 1025.14, 2.568, 5.759, 0, 0, 0, 0, 900, 100, 1),
(78580, 2045, 1, 5568.94, 569.328, 0.194, 5.936, 0, 0, 0, 0, 900, 100, 1),
(78581, 2045, 1, 5535.51, 554.959, 0.499, 0.524, 0, 0, 0, 0, 900, 100, 1),
(78582, 2045, 1, 5499.46, 575.354, 0.58, 5.358, 0, 0, 0, 0, 900, 100, 1),
(78583, 2045, 0, -14875, 283.467, 0.346, 4.997, 0, 0, 0, 0, 900, 100, 1),
(78584, 2045, 1, 4053.64, 964.36, 0.425, 1.271, 0, 0, 0, 0, 900, 100, 1),
(78585, 2045, 1, 4043.88, 939.572, 0, 5.531, 0, 0, 0, 0, 900, 100, 1),
(78586, 2045, 1, 5028.19, 606.679, 0.076, 0.736, 0, 0, 0, 0, 900, 100, 1),
(78587, 2045, 1, 5059.8, 599.363, 0.046, 5.621, 0, 0, 0, 0, 900, 100, 1),
(78588, 2045, 1, 5102.79, 578.3, 0.223, 0.512, 0, 0, 0, 0, 900, 100, 1),
(78589, 2045, 1, 5172.62, 641.147, 1.116, 1.042, 0, 0, 0, 0, 900, 100, 1),
(78590, 2045, 1, -4603, 2340.47, 0.149, 6.258, 0, 0, 0, 0, 900, 100, 1),
(78591, 2045, 1, -1251, -3679, 96.979, 3.787, 0, 0, 0, 0, 900, 100, 1),
(78592, 2045, 1, -1222, -3673, 102.019, 2.967, 0, 0, 0, 0, 900, 100, 1),
(78593, 2045, 1, 6675, 803.187, 10.025, 5.197, 0, 0, 0, 0, 900, 100, 1),
(78594, 2045, 0, -1081, -282, 0.396, 1.863, 0, 0, 0, 0, 900, 100, 1),
(78595, 2045, 0, -1090, -190, 0.165, 1.848, 0, 0, 0, 0, 900, 100, 1),
(78596, 2045, 1, 4934.2, 607.528, 0.513, 0.12, 0, 0, 0, 0, 900, 100, 1),
(78597, 2045, 1, 4958.95, 590.055, 0.364, 0.006, 0, 0, 0, 0, 900, 100, 1),
(78598, 2045, 1, 4996.12, 590.345, 0.043, 0.646, 0, 0, 0, 0, 900, 100, 1),
(78599, 2045, 1, 4896.54, 619.26, 0.098, 0.414, 0, 0, 0, 0, 900, 100, 1),
(78600, 2045, 0, -1086, -166, 0.542, 1.447, 0, 0, 0, 0, 900, 100, 1),
(78601, 2045, 1, -1945, 3060.77, 0.173, 4.853, 0, 0, 0, 0, 900, 100, 1),
(78602, 2045, 1, -1852, 3058.23, 0.693, 3.092, 0, 0, 0, 0, 900, 100, 1),
(78603, 2045, 0, -14669, 146.262, 0.174, 0.867, 0, 0, 0, 0, 900, 100, 1),
(78604, 2045, 1, 2193.25, -2106, 100.226, 0.218, 0, 0, 0, 0, 900, 100, 1),
(78605, 2045, 1, 2188.31, -2088, 103.682, 4.589, 0, 0, 0, 0, 900, 100, 1),
(78606, 2045, 1, -1680, 3229.08, 1.37, 2.668, 0, 0, 0, 0, 900, 100, 1),
(78607, 2045, 1, 4409.01, -6287, 95.274, 4.137, 0, 0, 0, 0, 900, 100, 1),
(78608, 2045, 0, 972.732, 128.523, 33.187, 1.396, 0, 0, 0, 0, 900, 100, 1),
(78609, 2045, 0, 1110.33, 198.099, 34.351, 2.845, 0, 0, 0, 0, 900, 100, 1),
(78610, 2045, 1, 2100.97, -3181, 97.718, 4.067, 0, 0, 0, 0, 900, 100, 1),
(78611, 2045, 1, 3618.54, 846.422, 0.224, 4.907, 0, 0, 0, 0, 900, 100, 1),
(78612, 2045, 1, -1166, -4589, 0.968, 0.914, 0, 0, 0, 0, 900, 100, 1),
(78613, 2045, 1, 3663.82, 925.221, 5.675, 5.818, 0, 0, 0, 0, 900, 100, 1),
(78614, 2045, 1, 3682.94, 894.785, 1.051, 1.294, 0, 0, 0, 0, 900, 100, 1),
(78615, 2045, 1, 3599.13, 814.43, -1, 2.472, 0, 0, 0, 0, 900, 100, 1),
(78616, 2045, 1, 3633.44, 948.198, 0.912, 3.073, 0, 0, 0, 0, 900, 100, 1),
(78617, 2045, 1, 3627.79, 902.276, 0.467, 3.482, 0, 0, 0, 0, 900, 100, 1),
(78618, 2045, 1, 3719.81, 947.192, -4, 1.1, 0, 0, 0.522498, 0.85264, 900, 100, 1),
(78619, 2045, 1, 6284.21, 581.625, -0.01271, 6.238, 0, 0, 0, 0, 900, 100, 1),
(78620, 2045, 1, 7374.7, -353, 2.332, 2.228, 0, 0, 0, 0, 900, 100, 1),
(78621, 2045, 0, -1322, -1019, 0.324, 6.026, 0, 0, 0, 0, 900, 100, 1),
(78622, 2045, 0, -12543, 391.054, -1, 1.937, 0, 0, 0.824126, 0.566406, 900, 100, 1),
(78623, 2045, 1, -1207, -3663, 96.554, 3.913, 0, 0, 0, 0, 900, 100, 1),
(78624, 2045, 1, -1221, -3678, 100.854, 2.967, 0, 0, 0, 0, 900, 100, 1),
(78625, 2045, 1, 6942.55, 451.296, 1.779, 5.5, 0, 0, 0, 0, 900, 100, 1),
(78626, 2045, 1, 7077.85, 206.694, 0.538, 0.442, 0, 0, 0, 0, 900, 100, 1),
(78627, 2045, 1, 6960.87, 204.254, 0.457, 5.323, 0, 0, 0, 0, 900, 100, 1),
(78628, 2045, 1, 5365.39, 542.841, 0.411, 6.002, 0, 0, 0, 0, 900, 100, 1),
(78629, 2045, 0, -12697.7, 53.7122, -22.1556, 1.90241, 0, 0, 0.814116, 0.580703, 900, 100, 1),
(78630, 2045, 1, 7443.65, -124, 0.858, 5.574, 0, 0, 0, 0, 900, 100, 1),
(78631, 2045, 1, 3974.87, 871.708, 0, 5.363, 0, 0, 0, 0, 900, 100, 1),
(78632, 2045, 1, 5126.41, 593.837, 0.061, 1.643, 0, 0, 0, 0, 900, 100, 1),
(78633, 2045, 1, 5148.07, 618.141, 0.203, 0.889, 0, 0, 0, 0, 900, 100, 1),
(78634, 2045, 1, 5443.46, 551.133, 0.477, 1.082, 0, 0, 0, 0, 900, 100, 1),
(78635, 2045, 1, 3899.74, 908.238, 1.488, 5.304, 0, 0, 0, 0, 900, 100, 1),
(78636, 2045, 1, 3837.87, 855.774, 0, 4.891, 0, 0, 0, 0, 900, 100, 1),
(78637, 2045, 1, 3793.02, 862.42, 0.224, 3.945, 0, 0, 0, 0, 900, 100, 1),
(78638, 2045, 1, 4357.18, -6293, 91.683, 2.99, 0, 0, 0, 0, 900, 100, 1),
(78639, 2045, 1, -5027, 3668.44, 0, 5.26, 0, 0, 0, 0, 900, 100, 1),
(78640, 2045, 1, 6850.06, 465.876, 1.658, 0.281, 0, 0, 0, 0, 900, 100, 1),
(78641, 2045, 1, -936, -3774, 4.08282, 6.23, 0, 0, 0, 0, 900, 100, 1),
(78642, 2045, 1, 3604.1, 1109.86, 0.847, 1.467, 0, 0, 0, 0, 900, 100, 1),
(78643, 2045, 0, 1105.73, 258.977, 34.172, 2.268, 0, 0, 0, 0, 900, 100, 1),
(78644, 2045, 1, -1743, 3160.32, 0, 4.691, 0, 0, 0, 0, 900, 100, 1),
(78645, 2045, 1, -1688, -3931, 13.014, 5.457, 0, 0, 0, 0, 900, 100, 1),
(78646, 2045, 1, 4766.19, 651.723, 14.472, 4.506, 0, 0, 0, 0, 900, 100, 1),
(78647, 2045, 1, 3621.74, 1128.85, 5.808, 1.754, 0, 0, 0, 0, 900, 100, 1),
(78648, 2045, 1, 3641.97, 1155.85, -1, 3.666, 0, 0, 0, 0, 900, 100, 1),
(78649, 2045, 1, -1178, -3668, 95.044, 2.723, 0, 0, 0, 0, 900, 100, 1),
(78650, 2045, 1, -5032, 3674.22, -1, 5.26, 0, 0, 0, 0, 900, 100, 1),
(78651, 2045, 1, -5295, 2247.02, 0.376, 4.545, 0, 0, 0, 0, 900, 100, 1),
(78652, 2045, 1, 6791.32, 520.491, 0.439, 0.713, 0, 0, 0, 0, 900, 100, 1),
(78653, 2045, 1, 6735.38, 513.479, 0.855, 2.295, 0, 0, 0, 0, 900, 100, 1),
(78654, 2045, 1, -1630, -3969, 0.208, 2.665, 0, 0, 0, 0, 900, 100, 1),
(78655, 2045, 1, -1604, -3934, 0.519, 6.274, 0, 0, 0, 0, 900, 100, 1),
(78656, 2045, 1, -1561, -3979, 1.023, 1, 0, 0, 0, 0, 900, 100, 1),
(78657, 2045, 1, -1570, -3965, 1.165, 5.87, 0, 0, 0, 0, 900, 100, 1),
(78658, 2045, 1, -1657, -3966, 1.009, 2.469, 0, 0, 0, 0, 900, 100, 1),
(78659, 2045, 1, 2617.75, -2816, 172.615, 1.923, 0, 0, 0, 0, 900, 100, 1),
(78660, 2045, 1, 2645.23, -2806, 173.196, 2.421, 0, 0, 0, 0, 900, 100, 1),
(78661, 2045, 1, 4047.92, 979.921, -2, 5.736, 0, 0, 0, 0, 900, 100, 1),
(78662, 2045, 0, -1210, -340, -42, 0.838, 0, 0, 0.406884, 0.91348, 900, 100, 1),
(78663, 2045, 1, -1179, -3662, 96.897, 2.723, 0, 0, 0, 0, 900, 100, 1),
(78664, 2045, 1, 3568.14, 1034.03, 1.053, 1.239, 0, 0, 0, 0, 900, 100, 1),
(78665, 2045, 1, 7682.81, -567, 2.031, 5.472, 0, 0, 0, 0, 900, 100, 1),
(78666, 2045, 1, 3634.36, 1121.82, 3.29, 2.182, 0, 0, 0, 0, 900, 100, 1),
(78667, 2045, 0, -14766, 509.931, 0.19647, 0.878, 0, 0, 0, 0, 900, 100, 1),
(78668, 2045, 1, 4030.27, 916.129, -1, 5.406, 0, 0, 0, 0, 900, 100, 1),
(78669, 2045, 1, 5633.43, 576.221, 0.591, 0.748, 0, 0, 0, 0, 900, 100, 1),
(78670, 2045, 1, 4027.81, 903.953, 0.099, 6.183, 0, 0, 0, 0, 900, 100, 1),
(78671, 2045, 1, 3994.95, 881.005, 0, 4.876, 0, 0, 0, 0, 900, 100, 1),
(78672, 2045, 1, 4019.56, 886.314, 0, 4.966, 0, 0, 0, 0, 900, 100, 1),
(78673, 2045, 1, 2000.7, -1045, 95.062, 1.934, 0, 0, 0, 0, 900, 100, 1),
(78674, 2045, 1, 1836.03, -1277, 92.125, 1.942, 0, 0, 0, 0, 900, 100, 1),
(78675, 2045, 1, 2074.28, -169, 91.58, 4.369, 0, 0, 0, 0, 900, 100, 1),
(78676, 2045, 1, 2025.86, -224, 93.368, 3.074, 0, 0, 0, 0, 900, 100, 1),
(78677, 2045, 1, 5617.36, 546.825, 0, 5.072, 0, 0, 0, 0, 900, 100, 1),
(78678, 2045, 1, 2213.97, -2230, 103.055, 5.449, 0, 0, 0, 0, 900, 100, 1),
(78679, 2045, 0, -14720, 459.803, 0.15581, 1.694, 0, 0, 0, 0, 900, 100, 1),
(78680, 2045, 1, 7445.37, -200, 0.619, 6.065, 0, 0, 0, 0, 900, 100, 1),
(78681, 2045, 1, 7403.05, -351, 0.183, 1.231, 0, 0, 0, 0, 900, 100, 1),
(78682, 2045, 1, 3588.89, 873.193, 0.708, 1.231, 0, 0, 0, 0, 900, 100, 1),
(78683, 2045, 1, 3691.44, 932.894, 2.723, 4.424, 0, 0, 0, 0, 900, 100, 1),
(78684, 2045, 1, 3804.45, 767.149, 6.531, 4.62, 0, 0, 0, 0, 900, 100, 1),
(78685, 2045, 1, 3745.7, 774.795, 7.046, 5.724, 0, 0, 0, 0, 900, 100, 1),
(78686, 2045, 1, 3875.76, 854.422, 1.777, 0.391, 0, 0, 0, 0, 900, 100, 1),
(78687, 2045, 1, 3855.09, 931.756, 0.939, 3.525, 0, 0, 0, 0, 900, 100, 1),
(78688, 2045, 1, 2433.58, -2348, 136.682, 5.885, 0, 0, 0, 0, 900, 100, 1),
(78689, 2045, 1, 2433.93, -2361, 140.825, 4.84, 0, 0, 0, 0, 900, 100, 1),
(78690, 2045, 1, 5854.93, 538.079, 0.227, 0.717, 0, 0, 0, 0, 900, 100, 1),
(78691, 2045, 1, 5813.5, 543.817, 0.5, 0.481, 0, 0, 0, 0, 900, 100, 1),
(78692, 2045, 1, 6377.38, 576.296, 0.131, 3.87, 0, 0, 0, 0, 900, 100, 1),
(78693, 2045, 1, 3059.72, 564.674, 3.834, 6.066, 0, 0, 0, 0, 900, 100, 1),
(78694, 2045, 1, -1899, 3066.46, 0.585, 5.476, 0, 0, 0, 0, 900, 100, 1),
(78695, 2045, 1, -1513, -3980, 8.772, 1.562, 0, 0, 0, 0, 900, 100, 1),
(78696, 2045, 1, -1501, -3924, 5.695, 4.786, 0, 0, 0, 0, 900, 100, 1),
(78697, 2045, 1, 1879.96, -2912, 63.764, 2.094, 0, 0, 0.866025, 0.5, 900, 100, 1),
(78698, 2045, 1, -1707, -3901, 8.949, 0.309, 0, 0, 0, 0, 900, 100, 1),
(78699, 2045, 1, -1467, -3879, 11.972, 4.574, 0, 0, 0, 0, 900, 100, 1),
(78700, 2045, 1, 7012.57, 188.953, 0.816, 1.91, 0, 0, 0, 0, 900, 100, 1),
(78701, 2045, 0, -14911, 277.681, 0.174, 1.16, 0, 0, 0, 0, 900, 100, 1),
(78702, 2045, 0, -14804, 585.068, 0.702, 2.649, 0, 0, 0, 0, 900, 100, 1),
(78703, 2045, 0, -14838, 588.335, 1.543, 2.547, 0, 0, 0, 0, 900, 100, 1),
(78704, 2045, 1, 5343.27, 549.224, 0.362, 5.939, 0, 0, 0, 0, 900, 100, 1),
(78705, 2045, 1, 5225.83, 599.208, 0.258, 5.433, 0, 0, 0, 0, 900, 100, 1),
(78706, 2045, 0, -1374, -662, 1.896, 5.511, 0, 0, 0, 0, 900, 100, 1),
(78707, 2045, 1, 5319.45, 558.24, 0.697, 0.116, 0, 0, 0, 0, 900, 100, 1),
(78708, 2045, 1, 5284.85, 573.599, 1.114, 6.175, 0, 0, 0, 0, 900, 100, 1),
(78709, 2045, 1, 3834.44, -6611, -1, 2.307, 0, 0, 0, 0, 900, 100, 1),
(78710, 2045, 1, 5205.96, 626.551, 0.877, 5.869, 0, 0, 0, 0, 900, 100, 1),
(78711, 2045, 1, 7421.31, 194.263, 4.809, 1.05, 0, 0, 0, 0, 900, 100, 1),
(78712, 2045, 0, -13251.6, 781.087, -8.26174, 2.75761, 0, 0, 0.981627, 0.190812, 900, 100, 1),
(78713, 2045, 0, 597.242, 303.634, 20.136, 0, 0, 0, -0.095846, 0.995396, 900, 100, 1),
(78714, 2045, 1, -792, -3976, 3.631, 2.21, 0, 0, 0, 0, 900, 100, 1),
(78715, 2045, 1, -520, 2610.03, 5.682, 0.54, 0, 0, 0, 0, 900, 100, 1),
(78716, 2045, 1, -1158, -4526, 0.298, 5.862, 0, 0, 0, 0, 900, 100, 1),
(78717, 2045, 1, 6221.55, 596.8, 0.04723, 2.189, 0, 0, 0, 0, 900, 100, 1),
(78718, 2045, 1, 3071.99, 555.67, 3.306, 2.288, 0, 0, 0, 0, 900, 100, 1),
(78719, 2045, 1, 2979.86, 534.173, 3.374, 4.624, 0, 0, 0, 0, 900, 100, 1),
(78720, 2045, 1, 6291.4, 920.296, 1.586, 1.675, 0, 0, 0, 0, 900, 100, 1),
(78721, 2045, 1, 7674.96, -624, 2.891, 0.689, 0, 0, 0, 0, 900, 100, 1),
(78722, 2045, 1, 3781.9, 1020.34, 0.667, 2.229, 0, 0, 0, 0, 900, 100, 1),
(78723, 2045, 1, 3940.1, 892.5, 0.697, 3.482, 0, 0, 0, 0, 900, 100, 1),
(78724, 2045, 1, -4699, 2366.34, 0.95328, 3.556, 0, 0, 0, 0, 900, 100, 1),
(78725, 2045, 1, -343, 2591.64, 3.083, 4.64, 0, 0, 0, 0, 900, 100, 1),
(78726, 2045, 1, -430, 2612.45, 1.899, 3.002, 0, 0, 0, 0, 900, 100, 1),
(78727, 2045, 1, 2133.73, -319, 95.053, 3.67, 0, 0, 0, 0, 900, 100, 1),
(78728, 2045, 1, 2142.59, -319, 98.746, 3.835, 0, 0, 0, 0, 900, 100, 1),
(78729, 2045, 0, -14872, 320.52, 0.409, 3.791, 0, 0, 0, 0, 900, 100, 1),
(78730, 2045, 1, -827, -3906, 0.657, 5.426, 0, 0, 0, 0, 900, 100, 1),
(78731, 2045, 0, -1115, 401.275, -43, 4.192, 0, 0, 0.865243, -0.501354, 900, 100, 1),
(78732, 2045, 0, -14674, 171.649, 0, 5.187, 0, 0, 0, 0, 900, 100, 1),
(78733, 2045, 1, 2649.48, -2848, 170.44, 5.331, 0, 0, 0, 0, 900, 100, 1),
(78734, 2045, 1, 2658.14, -2852, 172.005, 5.276, 0, 0, 0, 0, 900, 100, 1),
(78735, 2045, 1, -3964, 3026.87, 0.069, 4.742, 0, 0, 0, 0, 900, 100, 1),
(78736, 2045, 1, -4032, 2967.71, 0.002, 4.781, 0, 0, 0, 0, 900, 100, 1),
(78737, 2045, 1, -287, 2541.13, 0, 3.823, 0, 0, 0, 0, 900, 100, 1),
(78738, 2045, 1, 4278.14, -6788, 79.705, 5.853, 0, 0, 0, 0, 900, 100, 1),
(78739, 2045, 1, -1005, -4176, 1.237, 6.003, 0, 0, 0, 0, 900, 100, 1),
(78740, 2045, 0, -1292, 91.957, -47, 1.163, 0, 0, 0.549198, 0.835692, 900, 100, 1),
(78741, 2045, 0, 784.965, 160.289, 32.583, 5.366, 0, 0, 0, 0, 900, 100, 1),
(78742, 2045, 1, -4800, 2268.42, 0.301, 4.428, 0, 0, 0, 0, 900, 100, 1),
(78743, 2045, 1, 2915.69, -2761, 214.842, 3.635, 0, 0, 0, 0, 900, 100, 1),
(78744, 2045, 0, -14815, 445.322, 1.447, 2.621, 0, 0, 0, 0, 900, 100, 1),
(78745, 2045, 1, 5403.19, 534.461, 0.291, 0.002, 0, 0, 0, 0, 900, 100, 1),
(78746, 2045, 1, 3639.98, 961.673, 0.766, 4.377, 0, 0, 0, 0, 900, 100, 1),
(78747, 2045, 1, 3659.96, 988.997, 0.087, 6.026, 0, 0, 0, 0, 900, 100, 1),
(78748, 2045, 1, -1335, -3707, 95.589, 4.773, 0, 0, 0, 0, 900, 100, 1),
(78749, 2045, 1, 3756.43, 904.837, 0.042, 4.55, 0, 0, 0, 0, 900, 100, 1),
(78750, 2045, 1, 3082.36, 547.885, 2.98, 1.624, 0, 0, 0, 0, 900, 100, 1),
(78751, 2045, 1, 4288.73, -6735, 88.82, 0.756, 0, 0, 0, 0, 900, 100, 1),
(78752, 2045, 1, -5305, 3768.23, 0.149, 3.513, 0, 0, 0, 0, 900, 100, 1),
(78753, 2045, 1, 6965.43, 350.08, 2.588, 5.205, 0, 0, 0, 0, 900, 100, 1),
(78754, 2045, 1, -4810, 2254.22, 0.318, 4.003, 0, 0, 0, 0, 900, 100, 1),
(78755, 2045, 1, -5277, 3719.98, 0, 3.835, 0, 0, 0, 0, 900, 100, 1),
(78756, 2045, 0, -982, 311.422, 0.973, 0.591, 0, 0, 0, 0, 900, 100, 1),
(78757, 2045, 0, -3037.93, -916.914, -12.4024, 5.01634, 0, 0, 0, 0, 900, 100, 1),
(78758, 2045, 0, -2912.25, -999.585, -10.5843, 3.49266, 0, 0, 0, 0, 900, 100, 1),
(78759, 2045, 0, -2922.64, -984.453, -12.3432, 1.13726, 0, 0, 0, 0, 900, 100, 1),
(78760, 2045, 0, -2684.59, -1236.97, -12.058, 0.889074, 0, 0, 0, 0, 900, 100, 1),
(78761, 2045, 0, -2580.94, -1582.16, -9.74381, 0.899287, 0, 0, 0, 0, 900, 100, 1),
(78762, 2045, 0, -2516.76, -1687.61, -6.52556, 0.751633, 0, 0, 0, 0, 900, 100, 1),
(78763, 2045, 0, -3142.77, -892.162, -12.188, 1.38309, 0, 0, 0, 0, 900, 100, 1),
(78764, 2045, 0, -3196.57, -893.766, -11.5348, 1.28414, 0, 0, 0, 0, 900, 100, 1),
(78765, 2045, 0, -3281.22, -891.152, -11.5119, 1.78286, 0, 0, 0, 0, 900, 100, 1),
(78766, 2045, 0, -3365.24, -894.441, -10.7693, 3.51781, 0, 0, 0, 0, 900, 100, 1),
(78767, 2045, 0, -3362.67, -959.299, -9.87401, 4.293, 0, 0, 0, 0, 900, 100, 1),
(78768, 2045, 0, -3646.79, -658.191, -12.9027, 1.63678, 0, 0, 0, 0, 900, 100, 1),
(78769, 2045, 0, -3729.16, -664.615, -12.1949, 2.1952, 0, 0, 0, 0, 900, 100, 1),
(78770, 2045, 0, -3718.54, -606.296, -10.9116, 4.09587, 0, 0, 0, 0, 900, 100, 1),
(78771, 2045, 0, -3896.34, -654.288, -12.1582, 5.64074, 0, 0, 0, 0, 900, 100, 1),
(78772, 2045, 0, -3861.77, -715.225, -11.6047, 4.66763, 0, 0, 0, 0, 900, 100, 1),
(78773, 2045, 0, -3865.11, -924.076, -14.7573, 4.10843, 0, 0, 0, 0, 900, 100, 1),
(78774, 2045, 0, -3914.16, -828.988, -17.0246, 3.49346, 0, 0, 0, 0, 900, 100, 1),
(78775, 2045, 0, -11135.2, 2058.2, -3.55815, 3.42669, 0, 0, 0, 0, 900, 100, 1),
(78776, 2045, 0, -11090.2, 2124.47, -6.25101, 1.44828, 0, 0, 0, 0, 900, 100, 1),
(78777, 2045, 0, -10694.1, 2170.96, -7.07394, 0.892999, 0, 0, 0, 0, 900, 100, 1),
(78778, 2045, 0, -10419.2, 2150.38, -16.9324, 1.43257, 0, 0, 0, 0, 900, 100, 1),
(78779, 2045, 0, -10320.6, 2097.42, -4.8596, 0.980175, 0, 0, 0, 0, 900, 100, 1),
(78780, 2045, 0, -10136.6, 2067.84, -7.90885, 1.52445, 0, 0, 0, 0, 900, 100, 1),
(78781, 2045, 0, -9593.35, 1249.12, -5.58223, 5.30928, 0, 0, 0, 0, 900, 100, 1),
(78782, 2045, 0, -14953.7, 333.505, -27.6939, -0.872665, 0, 0, 0.422618, -0.906308, 900, 100, 1),
(78783, 2045, 0, -14848.1, 416.435, -11.4332, 1.76278, 0, 0, 0.771625, 0.636078, 900, 100, 1),
(78784, 2045, 0, -14344.1, -58.0907, -21.9027, -1.53589, 0, 0, 0.694658, -0.71934, 900, 100, 1),
(78785, 2045, 0, -14396.7, 14.4545, -9.31337, 2.09439, 0, 0, 0.866025, 0.5, 900, 100, 1),
(78786, 2045, 0, -11732.6, 1332.68, -9.04218, 0.698132, 0, 0, 0.34202, 0.939693, 900, 100, 1),
(78787, 2045, 0, -13870.9, -231.994, -5.23943, -0.593412, 0, 0, 0.292372, -0.956305, 900, 100, 1),
(78788, 2045, 0, -13595.2, 601.005, -25.8844, 0.575959, 0, 0, 0.284015, 0.95882, 900, 100, 1),
(78789, 2045, 0, -12253.2, 726.318, -65.8863, 2.32129, 0, 0, 0.91706, 0.398749, 900, 100, 1),
(78790, 2045, 1, -2429.43, -3976.55, -0.002669, 0.785398, 0, 0, 0.382683, 0.92388, 900, 100, 1),
(78791, 2045, 0, -12133.3, 1024.23, -6.8605, -1.46608, 0, 0, 0.669131, -0.743145, 900, 100, 1),
(78792, 2045, 0, -12050, 566.949, -15.5172, 3.10669, 0, 0, 0.999848, 0.017452, 900, 100, 1),
(78793, 2045, 1, -846.029, -4001.46, -35.1374, 0.296706, 0, 0, 0.147809, 0.989016, 900, 100, 1),
(78794, 2045, 0, -2625.47, -1382.11, -13.013, 1.16937, 0, 0, 0.551937, 0.833886, 900, 100, 1),
(78795, 2045, 0, -2499.31, -1646.44, -18.1167, -2.46091, 0, 0, 0.942641, -0.333807, 900, 100, 1),
(78796, 2045, 0, -2476.97, -1599.02, -28.1826, 1.01229, 0, 0, 0.48481, 0.87462, 900, 100, 1),
(78797, 2045, 0, -2588.7, -1428.89, -13.5747, 2.16421, 0, 0, 0.882948, 0.469472, 900, 100, 1),
(78798, 2045, 0, -2787.07, -1084.6, -10.2416, 0.383972, 0, 0, 0.190809, 0.981627, 900, 100, 1),
(78799, 2045, 0, -2716.76, -1004.08, -13.574, 0.244346, 0, 0, 0.121869, 0.992546, 900, 100, 1),
(78800, 2045, 0, -3251.27, -810.866, -12.7597, -2.67035, 0, 0, 0.97237, -0.233445, 900, 100, 1),
(78801, 2045, 0, -3682.4, -1183.56, -16.7963, -2.75762, 0, 0, 0.981627, -0.190809, 900, 100, 1),
(78802, 2045, 0, -3395.73, -894.167, -12.7264, 2.09439, 0, 0, 0.866025, 0.5, 900, 100, 1),
(78803, 2045, 0, -2858.3, -954.056, -12.9198, 0.558505, 0, 0, 0.275637, 0.961262, 900, 100, 1),
(78804, 2045, 0, -3941.92, -842.802, -17.5498, 2.61799, 0, 0, 0.965926, 0.258819, 900, 100, 1),
(78805, 2045, 0, -3685.6, -641.567, -10.7142, 1.69297, 0, 0, 0.748956, 0.66262, 900, 100, 1),
(78806, 2045, 1, -1705.89, -3975.65, -9.46198, -2.89725, 0, 0, 0.992546, -0.121869, 900, 100, 1),
(78807, 2045, 1, -2034.31, -3806.47, -5.20824, -1.78024, 0, 0, 0.777146, -0.62932, 900, 100, 1),
(78808, 2045, 1, -1966.58, -3819.36, -10.8832, -1.43117, 0, 0, 0.656059, -0.75471, 900, 100, 1),
(78809, 2045, 1, -995.097, -3919.5, -67.6566, 1.91986, 0, 0, 0.819152, 0.573576, 900, 100, 1),
(78810, 2045, 1, -1115.51, -3791.77, -20.584, -1.46608, 0, 0, 0.669131, -0.743145, 900, 100, 1),
(78811, 2045, 1, -1020.14, -3789.59, -24.4581, 2.46091, 0, 0, 0.942641, 0.333807, 900, 100, 1),
(78812, 2045, 1, -1299.33, -4067.18, -40.2812, 2.51327, 0, 0, 0.951057, 0.309017, 900, 100, 1),
(78813, 2045, 1, -1505.55, -4033.88, -15.2544, -2.96706, 0, 0, 0.996195, -0.087156, 900, 100, 1),
(78814, 2045, 1, 2215.95, -3022.04, 102.682, 3.47321, 0, 0, -0.986285, 0.16505, 300, 100, 1),
(78815, 2045, 0, -12476.1, 573.471, -68.107, 0.95993, 0, 0, 0.461748, 0.887011, 300, 100, 1),
(78816, 2045, 0, -12221.4, 589.087, -54.8489, 4.32842, 0, 0, -0.829037, 0.559194, 300, 100, 1),
(78817, 2045, 0, -12513.9, 742.732, -48.4631, 2.67035, 0, 0, 0.972369, 0.233448, 300, 100, 1),
(78818, 2045, 0, -13738.2, 843.827, -39.5209, 1.81514, 0, 0, 0.788011, 0.615662, 300, 100, 1),
(78819, 2045, 0, 1186.09, 48.5129, -8.37858, 0.0698117, 0, 0, 0.0348988, 0.999391, 300, 100, 1),
(78820, 2045, 0, 1287.22, 124.78, -11.3707, 6.24828, 0, 0, -0.0174522, 0.999848, 300, 100, 1),
(78821, 2045, 1, -1507.02, 3259.03, -40.4532, 0.663223, 0, 0, 0.325567, 0.945519, 300, 100, 1),
(78822, 2045, 1, -1104.8, 3202.93, -40.4406, 2.49582, 0, 0, 0.948323, 0.317306, 300, 100, 1),
(78823, 2045, 1, -955.076, 3084.12, -22.0212, 0.488691, 0, 0, 0.241921, 0.970296, 300, 100, 1),
(78824, 2045, 1, -594.512, 2750.96, -24.6668, 2.70526, 0, 0, 0.976295, 0.216442, 300, 100, 1),
(78825, 2045, 1, -213.363, 2652.13, -38.9283, 0.977383, 0, 0, 0.469471, 0.882948, 300, 100, 1),
(78826, 2045, 0, -3756.01, -1219.82, -30.9406, 6.14356, 0, 0, -0.0697556, 0.997564, 300, 100, 1),
(78827, 2045, 0, -3006.93, -887.282, -11.8492, 2.53072, 0, 0, 0.953716, 0.300708, 300, 100, 1),
(78828, 2045, 0, -3572.37, -1056.1, -14.5718, 3.10665, 0, 0, 0.999847, 0.0174693, 300, 100, 1),
(78829, 2045, 1, -1092.08, -3926.1, -66.4876, 5.20108, 0, 0, -0.515038, 0.857168, 300, 100, 1),
(78830, 2045, 1, -1583.17, -3992.43, -4.22765, 3.21142, 0, 0, -0.999391, 0.0349061, 300, 100, 1),
(78831, 2045, 0, -1041.86, 492.523, -11.6498, -0.820305, 0, 0, 0.398749, -0.91706, 900, 100, 1),
(78832, 2045, 0, -3946.65, -878.974, -13.3966, 2.44346, 0, 0, 0.939692, 0.34202, 300, 100, 1),
(78833, 2045, 0, -1264.06, 403.329, -25.6376, 1.85005, 0, 0, 0.798636, 0.601815, 900, 100, 1),
(78834, 2045, 0, -1113.05, -52.1462, -4.06643, -2.37365, 0, 0, 0.927184, -0.374607, 900, 100, 1),
(78835, 2045, 0, -12700.3, 33.8601, -15.6602, 5.60251, 0, 0, -0.333807, 0.942641, 300, 100, 1),
(78836, 2045, 0, -14685.5, 201.541, -18.1998, 4.03171, 0, 0, -0.902585, 0.430512, 300, 100, 1),
(78837, 2045, 0, -14900, 248.184, -17.7765, 3.61284, 0, 0, -0.972369, 0.233448, 300, 100, 1),
(78838, 2045, 0, -12617.1, 459.617, -57.7316, 1.39626, 0, 0, 0.642787, 0.766045, 300, 100, 1),
(78839, 2045, 0, -14515.7, 859.142, -46.9045, 1.98967, 0, 0, 0.83867, 0.54464, 300, 100, 1),
(78840, 2045, 0, 227.089, -4819.19, -19.5382, 6.03884, 0, 0, -0.121869, 0.992546, 300, 100, 1),
(78841, 2045, 1, -4028.73, 3024.21, -2.06751, 0.541051, 0, 0, 0.267238, 0.963631, 300, 100, 1),
(78842, 2045, 1, -5044.58, 3049.64, -36.145, 5.21854, 0, 0, -0.507538, 0.861629, 300, 100, 1),
(78843, 2045, 1, -5051.09, 3747.41, -13.16, 1.29154, 0, 0, 0.601814, 0.798636, 300, 100, 1),
(78844, 2045, 1, -4760.31, 2385.35, -12.5588, 5.70723, 0, 0, -0.284015, 0.95882, 300, 100, 1),
(78845, 2045, 1, -1283.71, -3921.82, -9.34849, 4.08407, 0, 0, -0.891006, 0.453991, 300, 100, 1),
(78846, 2045, 0, -1324.2, -610.357, -42.902, 5.86431, 0, 0, -0.207911, 0.978148, 300, 100, 1),
(78847, 2045, 0, -1486.25, -650.948, -43.182, 0.226892, 0, 0, 0.113203, 0.993572, 300, 100, 1),
(78848, 2045, 0, -1441.68, -615.168, -45.177, 1.46608, 0, 0, 0.66913, 0.743145, 300, 100, 1),
(78849, 2045, 0, -1545.85, -679.492, -47.4133, 3.45576, 0, 0, -0.987688, 0.156436, 300, 100, 1),
(78850, 2045, 0, -3346.15, -641.562, -14.7581, 5.8294, 0, 0, -0.224951, 0.97437, 300, 100, 1),
(78851, 2045, 0, -3526.34, -678.785, -12.1328, 0.174532, 0, 0, 0.0871553, 0.996195, 300, 100, 1),
(78852, 2045, 1, -4854.1, 2430.44, -38.6081, 3.21142, 0, 0, -0.999391, 0.0349061, 300, 100, 1),
(78853, 2045, 1, 6942.93, 514.999, -8.91144, 4.2237, 0, 0, -0.857167, 0.515038, 300, 100, 1),
(78854, 2045, 1, -1024.96, -4009.38, -70.7427, 5.67232, 0, 0, -0.300705, 0.953717, 300, 100, 1),
(78855, 2045, 1, -1873.83, -3822.75, -8.72529, 4.2237, 0, 0, -0.857167, 0.515038, 300, 100, 1),
(78856, 2045, 1, -1966.79, 3144.09, -13.1968, 3.29869, 0, 0, -0.996917, 0.0784664, 300, 100, 1),
(78857, 2045, 1, -1887.67, 3160.65, -33.8379, 1.13446, 0, 0, 0.537299, 0.843392, 300, 100, 1),
(78858, 2045, 1, 4341.05, -6369.84, -20.2832, 2.25147, 0, 0, 0.902585, 0.430512, 300, 100, 1),
(78859, 2045, 1, 4122.78, -6782.2, -14.0695, 1.53589, 0, 0, 0.694658, 0.71934, 300, 100, 1),
(78860, 2045, 0, -2523.04, -1413.89, -34.7353, 4.7822, 0, 0, -0.681998, 0.731354, 300, 100, 1),
(78861, 2045, 0, -1450.26, -715.607, -43.9909, 1.11701, 0, 0, 0.529919, 0.848048, 300, 100, 1),
(78862, 2045, 0, -3514.47, -597.227, -17.3902, 0.610863, 0, 0, 0.300705, 0.953717, 300, 100, 1),
(78863, 2045, 0, -3812.61, -585.994, -12.5451, 4.64258, 0, 0, -0.731354, 0.681998, 300, 100, 1),
(78864, 2045, 0, -3877.74, -960.628, -14.7171, 5.16618, 0, 0, -0.529919, 0.848048, 300, 100, 1),
(78865, 2045, 1, -1795.62, -3822.57, -6.41776, 5.06146, 0, 0, -0.573576, 0.819152, 300, 100, 1),
(78866, 2045, 1, 7161.86, 618.004, -15.1351, 5.60251, 0, 0, -0.333807, 0.942641, 300, 100, 1),
(78867, 2045, 0, -3859.09, -992.411, -16.97, 6.17847, 0, 0, -0.0523357, 0.99863, 300, 100, 1),
(78868, 2045, 1, 7083.13, 548.048, -15.6958, 1.13446, 0, 0, 0.537299, 0.843392, 300, 100, 1),
(78869, 2045, 1, 4719.94, 734.034, -4.43692, 5.3058, 0, 0, -0.469471, 0.882948, 300, 100, 1),
(78870, 2045, 0, -2740.34, -1026.76, -13.8492, 3.08918, 0, 0, 0.999657, 0.0262016, 300, 100, 1),
(78871, 2045, 1, 5096.73, 635.616, -14.2902, 3.49067, 0, 0, -0.984807, 0.173652, 300, 100, 1),
(78872, 2045, 1, -1402.41, -4051.17, -11.1311, 1.29154, 0, 0, 0.601814, 0.798636, 300, 100, 1),
(78873, 2045, 0, -12416.9, 749.594, -35.9542, 1.72787, 0, 0, 0.760406, 0.649449, 300, 100, 1),
(78874, 2045, 0, -599.362, -4761.99, -25.7426, 3.83973, 0, 0, -0.939692, 0.34202, 300, 100, 1),
(78875, 2045, 0, -12503.6, 231.236, -11.8243, 0.645772, 0, 0, 0.317305, 0.948324, 300, 100, 1),
(78876, 2045, 0, -13659.4, 694.493, -16.9346, 3.22886, 0, 0, -0.999048, 0.0436193, 300, 100, 1),
(78877, 2045, 0, -1105.3, -322.388, -6.03368, 3.9619, 0, 0, -0.91706, 0.39875, 300, 100, 1),
(78878, 2045, 0, -1169.07, -134.153, -42.2045, 4.7473, 0, 0, -0.694658, 0.71934, 300, 100, 1),
(78879, 2045, 0, -2641.34, -1442.62, -12.4426, 0.244346, 0, 0, 0.121869, 0.992546, 300, 100, 1),
(78880, 2045, 0, -2824.33, -910.341, -12.6657, 1.81514, 0, 0, 0.788011, 0.615662, 300, 100, 1),
(78881, 2045, 0, -3499.15, -515.982, -24.5927, 6.10865, 0, 0, -0.0871553, 0.996195, 300, 100, 1),
(78882, 2045, 0, -2539.89, -1574.41, -15.3704, 5.18363, 0, 0, -0.522498, 0.85264, 300, 100, 1),
(78883, 2045, 0, -3746.37, -1147.42, -32.052, 6.17847, 0, 0, -0.0523357, 0.99863, 300, 100, 1),
(78884, 2045, 0, -3683.3, -1085.2, -45.1089, 4.50295, 0, 0, -0.777145, 0.629321, 300, 100, 1),
(78885, 2045, 0, -3441.99, -784.958, -9.7096, 5.68977, 0, 0, -0.292372, 0.956305, 300, 100, 1),
(78886, 2045, 0, -3192.15, -886.947, -12.2207, 2.54818, 0, 0, 0.956305, 0.292372, 300, 100, 1),
(78887, 2045, 1, -4381.42, 2387.58, -14.8299, 3.15906, 0, 0, -0.999962, 0.00873464, 300, 100, 1),
(78888, 2045, 1, 3524.1, 1277.05, -67.2698, 4.10153, 0, 0, -0.887011, 0.461749, 300, 100, 1),
(78889, 2045, 1, 3615.29, 974.759, -2.47424, 5.07891, 0, 0, -0.566406, 0.824126, 300, 100, 1),
(78890, 2045, 0, -120.28, -4735.02, -24.48, 4.31097, 0, 0, -0.833885, 0.551938, 300, 100, 1),
(78891, 2045, 0, -645.925, -4777.93, -8.68316, 5.044, 0, 0, -0.580703, 0.814116, 300, 100, 1),
(78892, 2045, 0, -366.355, -4749.6, -25.055, 3.71755, 0, 0, -0.958819, 0.284016, 300, 100, 1),
(78893, 2045, 0, -442.294, -4808.89, -25.8227, 5.8294, 0, 0, -0.224951, 0.97437, 300, 100, 1),
(78894, 2045, 0, -1189.61, -408.038, -38.8643, 1.5708, 0, 0, 0.707107, 0.707107, 300, 100, 1),
(78895, 2045, 0, -12989.7, 714.903, -46.0731, 2.67035, 0, 0, 0.972369, 0.233448, 300, 100, 1),
(78896, 2045, 0, -13824.5, 756.112, -20.9001, 1.36136, 0, 0, 0.62932, 0.777146, 300, 100, 1),
(78897, 2045, 1, 2159.15, -2863.49, 105.558, 0.715585, 0, 0, 0.350207, 0.936672, 300, 100, 1),
(78898, 2045, 0, 396.026, -4747.28, -9.89115, 4.83456, 0, 0, -0.66262, 0.748956, 300, 100, 1),
(78899, 2045, 0, 12.7143, -4829.58, -17.039, 3.03684, 0, 0, 0.998629, 0.0523532, 300, 100, 1),
(78900, 2045, 1, -1094.5, -4025.29, -84.8971, 5.5676, 0, 0, -0.350207, 0.936672, 300, 100, 1),
(78901, 2045, 1, -1163.32, -4213.38, -9.56546, 0.383971, 0, 0, 0.190808, 0.981627, 300, 100, 1),
(78902, 2045, 0, -1486.52, -950.694, -38.6237, 2.18166, 0, 0, 0.887011, 0.461749, 300, 100, 1),
(78903, 2045, 0, -1153.4, -370.777, -36.5393, 4.88692, 0, 0, -0.642787, 0.766045, 300, 100, 1),
(78904, 2045, 0, -1147.72, -619.204, -44.5639, 4.59022, 0, 0, -0.748956, 0.66262, 300, 100, 1),
(78905, 2045, 0, -501.541, -4655.18, -7.51504, 0.366518, 0, 0, 0.182235, 0.983255, 300, 100, 1),
(78906, 2045, 0, 308.52, -4750.46, -11.8114, 4.38078, 0, 0, -0.814116, 0.580703, 300, 100, 1),
(78907, 2045, 0, 365.045, -4815.13, -12.0386, 5.32326, 0, 0, -0.461748, 0.887011, 300, 100, 1),
(78908, 2045, 0, -3317.57, -688.273, -11.7266, 5.86431, 0, 0, -0.207911, 0.978148, 300, 100, 1),
(78909, 2045, 0, -1248.61, -706.6, -43.3916, 4.13643, 0, 0, -0.878817, 0.47716, 300, 100, 1),
(78910, 2045, 0, 458.723, -4765.3, -8.45733, 1.11701, 0, 0, 0.529919, 0.848048, 300, 100, 1),
(78911, 2045, 0, 512.802, -4788.54, -8.23382, 4.18879, 0, 0, -0.866025, 0.500001, 300, 100, 1),
(78912, 2045, 0, -418.383, -4633, -10.4412, 2.1293, 0, 0, 0.874619, 0.48481, 300, 100, 1),
(78913, 2045, 0, -12383.1, 642.023, -63.2243, 0.366518, 0, 0, 0.182235, 0.983255, 300, 100, 1),
(78914, 2045, 0, -12476.5, 425.215, -21.1171, 4.53786, 0, 0, -0.766044, 0.642789, 300, 100, 1),
(78915, 2045, 0, -216.165, -4848.26, -12.7663, 2.3911, 0, 0, 0.930417, 0.366502, 300, 100, 1),
(78916, 2045, 1, 2443.87, -2849.66, 137.224, 3.4383, 0, 0, -0.989016, 0.147811, 300, 100, 1),
(78917, 2045, 1, 6862.82, 920.631, -42.4513, 0.506145, 0, 0, 0.25038, 0.968148, 300, 100, 1),
(78918, 2045, 1, 3734.52, 1031.99, -9.91627, 1.16937, 0, 0, 0.551936, 0.833886, 300, 100, 1),
(78919, 2045, 1, -4084.1, 2883.71, -20.2978, 5.79449, 0, 0, -0.241921, 0.970296, 300, 100, 1),
(78920, 2045, 1, 4008.57, 969.902, -4.52686, 1.13446, 0, 0, 0.537299, 0.843392, 300, 100, 1),
(78921, 2045, 0, -13599.8, 498.125, -35.318, 1.71042, 0, 0, 0.754709, 0.656059, 300, 100, 1),
(78922, 2045, 1, 3610.39, 897.874, -2.06501, 3.00195, 0, 0, 0.997563, 0.0697661, 300, 100, 1),
(78923, 2045, 0, 1286.95, 225.642, -6.62013, 0.855211, 0, 0, 0.414693, 0.909961, 300, 100, 1),
(78924, 2045, 1, -1016.73, -4092.58, -38.4459, 2.30383, 0, 0, 0.913545, 0.406738, 300, 100, 1),
(78925, 2045, 0, -11825.1, 1133.24, -32.5217, 3.10665, 0, 0, 0.999847, 0.0174693, 300, 100, 1),
(78926, 2045, 0, -1253.59, -844.229, -5.48905, 4.93928, 0, 0, -0.622514, 0.782609, 300, 100, 1),
(78927, 2045, 1, 2285.43, -2899.01, 123.223, 0.488691, 0, 0, 0.241921, 0.970296, 300, 100, 1),
(78928, 2045, 0, -12066.3, 726.439, -17.8329, 3.10665, 0, 0, 0.999847, 0.0174693, 300, 100, 1),
(78929, 2045, 0, -11453.1, 1813.91, -4.72884, 5.44543, 0, 0, -0.406736, 0.913546, 300, 100, 1),
(78930, 2045, 0, -11421.5, 2014.61, -22.1962, 2.28638, 0, 0, 0.909961, 0.414694, 300, 100, 1),
(78931, 2045, 0, -11127, 2091.78, -6.63062, 4.41568, 0, 0, -0.803857, 0.594823, 300, 100, 1),
(78932, 2045, 0, -10800.7, 2136.42, -4.88381, 2.37364, 0, 0, 0.927183, 0.374608, 300, 100, 1),
(78933, 2045, 0, -9548.87, 1189.46, -19.0537, 4.06662, 0, 0, -0.894934, 0.446199, 300, 100, 1),
(78934, 2045, 0, -2716.56, -1138.35, -6.98731, 5.5676, 0, 0, -0.350207, 0.936672, 300, 100, 1),
(78935, 2045, 1, 3673.9, 1086.99, -11.7448, 2.65289, 0, 0, 0.970295, 0.241925, 300, 100, 1),
(78936, 2045, 0, -2745.02, -1074.81, -10.3433, 5.88176, 0, 0, -0.199368, 0.979925, 300, 100, 1),
(78937, 2045, 0, -3657.56, -540.877, -17.6931, 6.19592, 0, 0, -0.0436192, 0.999048, 300, 100, 1),
(78938, 2045, 1, 7438.31, -385.302, -26.4597, 2.14675, 0, 0, 0.878817, 0.47716, 300, 100, 1),
(78939, 2045, 1, 4075.7, 941.426, -1.48411, 1.6057, 0, 0, 0.719339, 0.694659, 300, 100, 1),
(78940, 2045, 1, 3045, 551.364, -1.96567, 0.575957, 0, 0, 0.284015, 0.95882, 300, 100, 1),
(78941, 2045, 0, -10690.1, 2180.92, -9.37201, 4.13643, 0, 0, -0.878817, 0.47716, 300, 100, 1),
(78942, 2045, 0, -10120.3, 2109.93, -18.539, 0.401425, 0, 0, 0.199368, 0.979925, 300, 100, 1),
(78943, 2045, 0, -11083.7, 2150.16, -10.6211, 6.03884, 0, 0, -0.121869, 0.992546, 300, 100, 1),
(78944, 2045, 0, -11264.9, 2037.54, -3.9782, 2.77507, 0, 0, 0.983254, 0.182238, 300, 100, 1),
(78945, 2045, 0, -11425.1, 1873.62, -14.6076, 3.90954, 0, 0, -0.927183, 0.374608, 300, 100, 1),
(78946, 2045, 0, -11513.3, 1688.23, -9.08386, 5.98648, 0, 0, -0.147809, 0.989016, 300, 100, 1),
(78947, 2045, 1, -2499.76, -4033.33, -8.77919, 3.194, 0, 0, -0.999657, 0.0262016, 300, 100, 1),
(78948, 2045, 1, -3238.11, -3382.49, -1.51944, 1.22173, 0, 0, 0.573576, 0.819152, 900, 100, 1),
(78949, 2045, 1, -1194.27, -3840.6, -15.7948, 0.20944, 0, 0, 0.104528, 0.994522, 900, 100, 1),
(78950, 2045, 1, -139.563, 2382.37, -27.3656, -2.02458, 0, 0, 0.848048, -0.529919, 900, 100, 1),
(78951, 2045, 1, -1921.45, 3312.82, -70.0786, -0.10472, 0, 0, 0.052336, -0.99863, 900, 100, 1),
(78952, 2045, 1, -2014.64, 3244.24, -31.9593, 0.663225, 0, 0, 0.325568, 0.945519, 900, 100, 1),
(78953, 2045, 1, -1871.19, 3396.33, -70.1769, -1.95477, 0, 0, 0.829038, -0.559193, 900, 100, 1),
(78954, 2045, 1, -418.43, 2789.23, -28.9977, -1.93731, 0, 0, 0.824126, -0.566406, 900, 100, 1),
(78955, 2045, 1, -92.348, 2822.52, -44.5401, 0.139626, 0, 0, 0.069756, 0.997564, 900, 100, 1),
(78956, 2045, 1, -170.591, 2477.28, -32.982, -1.11701, 0, 0, 0.529919, -0.848048, 900, 100, 1),
(78957, 2045, 1, -1991.5, 3390.62, -80.1426, 1.79769, 0, 0, 0.782608, 0.622515, 300, 100, 1),
(78958, 2045, 1, -1970.76, 3437.42, -45.2902, 5.60251, 0, 0, -0.333807, 0.942641, 300, 100, 1),
(78959, 2045, 1, -2078.35, 3315.42, -45.7561, 4.55531, 0, 0, -0.760406, 0.649449, 300, 100, 1),
(78960, 2045, 1, -1704.58, 3391.2, -70.1595, 0.0698117, 0, 0, 0.0348988, 0.999391, 300, 100, 1),
(78961, 2045, 1, -377.632, 2730.15, -23.145, 4.11898, 0, 0, -0.882947, 0.469473, 300, 100, 1),
(78962, 2045, 1, 278.958, 2765.91, -24.0204, 5.88176, 0, 0, -0.199368, 0.979925, 300, 100, 1),
(78963, 2045, 1, -277.718, 2798.71, -10.3644, 5.28835, 0, 0, -0.477159, 0.878817, 300, 100, 1),
(78964, 2045, 1, -1750.7, 3341.58, -45.1189, 1.37881, 0, 0, 0.636078, 0.771625, 300, 100, 1),
(78965, 2045, 1, -1899.93, 3232.72, -43.6753, 4.32842, 0, 0, -0.829037, 0.559194, 300, 100, 1),
(78966, 2045, 1, -911.403, -4010.55, -54.0648, 1.25664, 0, 0, 0.587785, 0.809017, 900, 100, 1),
(78967, 2045, 1, -1043.93, -4187.63, -32.8391, 1.0472, 0, 0, 0.5, 0.866025, 900, 100, 1),
(78968, 2045, 0, -13434.2, 812.866, -6.68726, 1.67552, 0, 0, 0.743145, 0.669131, 900, 100, 1),
(78969, 2045, 0, -13056.3, 522.983, -21.8572, 2.02458, 0, 0, 0.848048, 0.529919, 900, 100, 1),
(78970, 2045, 0, -14143.6, 530.425, -15.8463, -0.977384, 0, 0, 0.469472, -0.882948, 900, 100, 1),
(78971, 2045, 0, -12420.1, 333.587, -19.0185, -2.42601, 0, 0, 0.936672, -0.350207, 900, 100, 1),
(78972, 2045, 0, -12532.9, 330.768, -42.6405, 1.93731, 0, 0, 0.824126, 0.566406, 900, 100, 1),
(78973, 2045, 0, -12299.6, 399.688, -17.0721, -1.81514, 0, 0, 0.788011, -0.615661, 900, 100, 1),
(78974, 2045, 1, -1120.27, -4148.3, -67.1948, 0.453785, 0, 0, 0.224951, 0.97437, 300, 100, 1),
(78975, 2045, 0, -12320.9, 438.169, -30.6961, 0.0698117, 0, 0, 0.0348988, 0.999391, 300, 100, 1),
(78976, 2045, 0, -13352.9, 819.383, -7.56789, -3.05433, 0, 0, 0.999048, -0.043619, 900, 100, 1),
(78977, 2045, 0, -13200.9, 566.285, -13.3525, 2.26893, 0, 0, 0.906308, 0.422618, 900, 100, 1),
(78978, 2045, 0, -12966.9, 499.994, -1.77646, -1.76278, 0, 0, 0.771625, -0.636078, 900, 100, 1),
(78979, 2045, 0, -12591.2, 251.22, -39.6461, -2.40855, 0, 0, 0.93358, -0.358368, 900, 100, 1),
(78980, 2045, 0, -13138.7, 535.828, -26.0268, 0.349065, 0, 0, 0.173648, 0.984808, 300, 100, 1),
(78981, 2045, 0, -12712.3, 199.339, -11.1717, 0.0174525, 0, 0, 0.00872612, 0.999962, 300, 100, 1),
(78982, 2045, 1, 6300.8, 655.543, -16.6708, 1.22173, 0, 0, 0.573576, 0.819152, 900, 100, 1),
(78983, 2045, 1, 6643.83, 750.378, -14.2264, -3.01942, 0, 0, 0.998135, -0.061048, 900, 100, 1),
(78984, 2045, 1, 5666.41, 552.479, -2.61341, -1.27409, 0, 0, 0.594823, -0.803857, 900, 100, 1),
(78985, 2045, 1, 5397.28, 565.987, -6.86503, 0.331613, 0, 0, 0.165048, 0.986286, 900, 100, 1),
(78986, 2045, 1, 4954.72, 646.754, -15.7999, 3.00197, 0, 0, 0.997564, 0.069757, 900, 100, 1),
(78987, 2045, 1, 4292.18, 970.887, -22.6644, 0.191986, 0, 0, 0.095846, 0.995396, 900, 100, 1),
(78988, 2045, 1, 3973.28, 919.047, -5.25137, -0.471239, 0, 0, 0.233445, -0.97237, 900, 100, 1),
(78989, 2045, 1, 6249.11, 786.109, -11.7111, 0.750491, 0, 0, 0.366501, 0.930418, 300, 100, 1),
(78990, 2045, 0, -10044.3, 1997.39, -6.45574, 3.03687, 0, 0, 0.99863, 0.052336, 900, 100, 1),
(78991, 2045, 0, -10180.1, 2084.07, -9.03643, 2.44346, 0, 0, 0.939693, 0.34202, 900, 100, 1),
(78992, 2045, 0, -14088.1, 525.152, -35.922, 0.593412, 0, 0, 0.292372, 0.956305, 900, 100, 1),
(78993, 2045, 0, -14057.4, 602.716, -36.1396, 0.750492, 0, 0, 0.366501, 0.930418, 900, 100, 1),
(78994, 2045, 0, -14073, 853.465, -59.9112, -1.79769, 0, 0, 0.782608, -0.622515, 900, 100, 1),
(78995, 2045, 0, -13901.9, 857.129, -53.6328, 4.92183, 0, 0, -0.62932, 0.777146, 300, 100, 1),
(78996, 2045, 0, -3820.83, -690.69, -11.6346, 2.84489, 0, 0, 0.989016, 0.147809, 900, 100, 1),
(78997, 2045, 0, -10510.5, 2153.03, -12.7309, -2.96706, 0, 0, 0.996195, -0.087156, 900, 100, 1),
(78998, 2045, 0, -10283.1, 2098.84, -9.46596, -0.628319, 0, 0, 0.309017, -0.951056, 900, 100, 1),
(78999, 2045, 0, -10078.2, 2046.95, -12.5141, -0.663225, 0, 0, 0.325568, -0.945519, 900, 100, 1),
(79000, 2045, 0, -10349.7, 2300.16, -44.4406, 0.558505, 0, 0, 0.275637, 0.961262, 900, 100, 1),
(79001, 2045, 0, -9615.35, 1612.86, -2.8987, 0.017453, 0, 0, 0.008727, 0.999962, 900, 100, 1),
(79002, 2045, 0, -9911.14, 1916.8, -7.46602, 2.6529, 0, 0, 0.970296, 0.241922, 900, 100, 1),
(79003, 2045, 0, -9852.55, 1853.62, -7.98479, 4.83456, 0, 0, -0.66262, 0.748956, 300, 100, 1),
(79004, 2045, 0, -11024.1, 2114.27, -5.42915, 0.383972, 0, 0, 0.190809, 0.981627, 900, 100, 1),
(79005, 2045, 1, 5990.36, 779.264, -16.601, -1.88496, 0, 0, 0.809017, -0.587785, 900, 100, 1),
(79006, 2045, 1, 5948.04, 879.9, -12.8162, 2.19911, 0, 0, 0.891006, 0.453991, 300, 100, 1),
(79007, 2045, 1, 6459.84, 694.331, -35.396, -2.25148, 0, 0, 0.902585, -0.430511, 900, 100, 1),
(79008, 2045, 1, 6133.21, 600.884, -7.72176, -0.087267, 0, 0, 0.04362, -0.999048, 900, 100, 1),
(79009, 2045, 1, 5265.87, 615.337, -10.8252, 0.244346, 0, 0, 0.121869, 0.992546, 900, 100, 1),
(79010, 2045, 1, 4594.34, 834.275, -8.53328, -2.89725, 0, 0, 0.992546, -0.121869, 900, 100, 1),
(79011, 2045, 1, 1902.56, -1242.19, 65.2825, 2.3911, 0, 0, 0.930418, 0.366501, 900, 100, 1),
(79012, 2045, 0, -12976.8, 516.376, -7.23011, -0.296706, 0, 0, 0.147809, -0.989016, 900, 100, 1),
(79013, 2045, 0, -12818.7, 508.625, -5.3383, -0.314159, 0, 0, 0.156434, -0.987688, 900, 100, 1),
(79014, 2045, 0, -12885, 524.078, -9.65929, -2.87979, 0, 0, 0.991445, -0.130526, 900, 100, 1),
(79015, 2045, 0, -12690.2, 481.88, -28.4652, 6.26573, 0, 0, -0.00872612, 0.999962, 300, 100, 1),
(79016, 2045, 0, -3922.7, -750.731, -16.4427, -2.74017, 0, 0, 0.979925, -0.199368, 900, 100, 1),
(79017, 2045, 0, -3975.57, -814.71, -15.7574, -0.139626, 0, 0, 0.069756, -0.997564, 900, 100, 1),
(79018, 2045, 0, -4068.29, -772.081, -15.1726, 3.49067, 0, 0, -0.984807, 0.173652, 300, 100, 1),
(79019, 2045, 0, -2586.9, -1507.23, -14.0206, 0.314159, 0, 0, 0.156434, 0.987688, 900, 100, 1),
(79020, 2045, 0, 530.479, 451.559, 15.8327, -0.994838, 0, 0, 0.477159, -0.878817, 900, 100, 1),
(79021, 2045, 0, -2628.22, -1494.79, -10.4608, 3.4034, 0, 0, -0.991445, 0.130528, 300, 100, 1),
(79022, 2045, 0, -4040.65, -783.567, -13.2906, 0.122173, 0, 0, 0.0610485, 0.998135, 300, 100, 1),
(79023, 2045, 0, -14021.3, 678.831, -36.2025, -1.18682, 0, 0, 0.559193, -0.829037, 900, 100, 1),
(79024, 2045, 0, -14094.5, 764.343, -35.9106, 2.6529, 0, 0, 0.970296, 0.241922, 900, 100, 1),
(79025, 2045, 1, -1234.9, -4029.82, -22.9658, 0.872665, 0, 0, 0.422618, 0.906308, 900, 100, 1),
(79026, 2045, 1, -1226.13, -4110.12, -80.8536, 0.017453, 0, 0, 0.008727, 0.999962, 900, 100, 1),
(79027, 2045, 1, -1153.03, -4052.26, -79.2146, 5.88176, 0, 0, -0.199368, 0.979925, 300, 100, 1),
(79028, 2045, 0, -13897.6, 765.022, -21.7174, 4.34587, 0, 0, -0.824126, 0.566406, 300, 100, 1),
(79029, 2045, 1, -942.918, -3814.59, -21.18, 0.034907, 0, 0, 0.017452, 0.999848, 900, 100, 1),
(79030, 2045, 1, -1197.13, -3962.99, -13.6481, 6.03884, 0, 0, -0.121869, 0.992546, 300, 100, 1),
(79031, 2045, 1, 2655.71, -2826.17, 162.807, 1.44862, 0, 0, 0.66262, 0.748956, 900, 100, 1),
(79032, 2045, 1, 4867.08, 799.838, -9.09855, -2.98451, 0, 0, 0.996917, -0.078459, 900, 100, 1),
(79033, 2045, 1, 4812.9, 833.845, -7.73045, 3.61284, 0, 0, -0.972369, 0.233448, 300, 100, 1),
(79034, 2045, 1, 4506.33, 792.851, -12.08, 0.244346, 0, 0, 0.121869, 0.992546, 900, 100, 1),
(79035, 2045, 0, -13232.7, 634.259, -15.0641, 1.58825, 0, 0, 0.71325, 0.700909, 900, 100, 1),
(79036, 2045, 0, -13443.5, 858.717, -17.5163, -1.81514, 0, 0, 0.788011, -0.615661, 900, 100, 1),
(79037, 2045, 0, -13168.1, 712.903, -17.1304, 3.927, 0, 0, -0.923879, 0.382686, 300, 100, 1),
(79038, 2045, 0, -13431.5, 891.744, -14.6987, 5.16618, 0, 0, -0.529919, 0.848048, 300, 100, 1),
(79039, 2045, 1, -1650.07, -4063.6, -0.348229, -2.93215, 0, 0, 0.994522, -0.104529, 900, 100, 1),
(79040, 2045, 1, -1777.78, -4268.3, -18.2424, 2.79252, 0, 0, 0.984807, 0.173652, 300, 100, 1),
(79041, 2045, 1, -1675.68, -4438.51, -15.0827, 3.85718, 0, 0, -0.936671, 0.35021, 300, 100, 1),
(79042, 2045, 0, -3940.99, -592.529, -10.591, -2.77507, 0, 0, 0.983255, -0.182235, 900, 100, 1),
(79043, 2045, 0, -4089.89, -634.874, -12.8446, 6.0912, 0, 0, -0.0958452, 0.995396, 300, 100, 1),
(79044, 2045, 0, -3796.78, -1050.54, -32.052, -1.13446, 0, 0, 0.5373, -0.843391, 900, 100, 1),
(79045, 2045, 0, -3623, -1010.74, -32.052, 2.91469, 0, 0, 0.993571, 0.113208, 300, 100, 1),
(79046, 2045, 0, -3800.95, -1161.6, -20.5933, 5.49779, 0, 0, -0.382683, 0.92388, 300, 100, 1),
(79047, 2045, 1, 5921.83, 566.67, -1.87616, 2.02458, 0, 0, 0.848048, 0.529919, 900, 100, 1),
(79048, 2045, 0, -12138.3, 469.575, -30.1143, 0.890118, 0, 0, 0.430511, 0.902585, 900, 100, 1),
(79049, 2045, 0, -2631.51, -1035.74, -46.6925, 1.13446, 0, 0, 0.5373, 0.843391, 900, 100, 1),
(79050, 2045, 0, -2627.82, -1190.51, -14.4644, -0.226893, 0, 0, 0.113203, -0.993572, 900, 100, 1),
(79051, 2045, 1, 4665.89, 828.601, -3.69986, -0.750491, 0, 0, 0.366501, -0.930418, 900, 100, 1),
(79052, 2045, 1, 4009.1, 1322.32, -25.2673, -1.23918, 0, 0, 0.580703, -0.814116, 900, 100, 1),
(79053, 2045, 1, 3920.55, 1185.61, -46.4731, 2.14675, 0, 0, 0.878817, 0.47716, 300, 100, 1),
(79054, 2045, 1, 4057.86, 1248.01, -28.0978, 0.733038, 0, 0, 0.358368, 0.93358, 300, 100, 1),
(79055, 2045, 0, -2655.07, -1339.36, -12.6774, -1.48353, 0, 0, 0.67559, -0.737277, 900, 100, 1),
(79056, 2045, 1, 4499.15, 932.683, -6.90451, 1.20428, 0, 0, 0.566406, 0.824126, 900, 100, 1),
(79057, 2045, 1, 4054.45, 891.98, -1.3679, -0.087267, 0, 0, 0.04362, -0.999048, 900, 100, 1),
(79058, 2045, 0, -1325.19, -554.179, -39.0349, 1.81514, 0, 0, 0.788011, 0.615662, 900, 100, 1),
(79059, 2045, 0, -1323.75, -478.575, -48.8598, 3.94445, 0, 0, -0.920505, 0.390732, 300, 100, 1),
(79060, 2045, 0, 319.586, 1985.36, -36.0766, -2.44346, 0, 0, 0.939693, -0.34202, 900, 100, 1),
(79061, 2045, 0, 848.158, 1960.73, -7.93733, -1.69297, 0, 0, 0.748956, -0.66262, 900, 100, 1),
(79062, 2045, 0, 619.406, 1954.03, -20.8516, -1.23918, 0, 0, 0.580703, -0.814116, 900, 100, 1),
(79063, 2045, 0, 917.13, 1993.14, -4.2409, -0.837758, 0, 0, 0.406737, -0.913545, 900, 100, 1),
(79064, 2045, 0, 529.272, 633.311, 10.2678, -2.79253, 0, 0, 0.984808, -0.173648, 900, 100, 1),
(79065, 2045, 0, -366.25, 1783.86, -15.3409, 1.65806, 0, 0, 0.737277, 0.67559, 900, 100, 1),
(79066, 2045, 0, -417.752, 1724.76, -4.57706, -1.41372, 0, 0, 0.649448, -0.760406, 900, 100, 1),
(79067, 2045, 0, -9705.45, 1738.62, -16.9369, 1.64061, 0, 0, 0.731354, 0.681998, 900, 100, 1),
(79068, 2045, 0, -10576.6, 2132.65, -5.98227, -1.78024, 0, 0, 0.777146, -0.62932, 900, 100, 1),
(79069, 2045, 0, -9765.43, 1841.31, -16.9369, -0.191986, 0, 0, 0.095846, -0.995396, 900, 100, 1),
(79070, 2045, 0, -10913.7, 2149.42, -3.98935, 2.94961, 0, 0, 0.995396, 0.095846, 900, 100, 1),
(79071, 2045, 0, 1299.25, 394.809, 10.5615, -1.74533, 0, 0, 0.766044, -0.642788, 900, 100, 1),
(79072, 2045, 1, 2480.47, -2347.46, 134.289, -2.96706, 0, 0, 0.996195, -0.087156, 900, 100, 1),
(79073, 2045, 1, 4216.95, 1396.37, -9.25754, -1.51844, 0, 0, 0.688354, -0.725374, 900, 100, 1),
(79074, 2045, 1, 3877.58, 950.202, -6.18378, -2.98451, 0, 0, 0.996917, -0.078459, 900, 100, 1),
(79075, 2045, 1, 2303.81, -2812.27, 123.216, -2.98451, 0, 0, 0.996917, -0.078459, 900, 100, 1),
(79076, 2045, 1, 3786.61, 983.335, -5.52569, -2.18166, 0, 0, 0.887011, -0.461749, 900, 100, 1),
(79077, 2045, 1, 2775.87, -2732.12, 191.541, -0.453786, 0, 0, 0.224951, -0.97437, 900, 100, 1),
(79078, 2045, 1, 3911.83, 889.685, -4.77806, 2.79253, 0, 0, 0.984808, 0.173648, 900, 100, 1),
(79079, 2045, 1, 4333.89, 866.904, -20.8352, 1.3439, 0, 0, 0.622515, 0.782608, 900, 100, 1),
(79080, 2045, 1, 1910.71, -1069.01, 66.9827, -1.01229, 0, 0, 0.48481, -0.87462, 900, 100, 1),
(79081, 2045, 1, 3972.18, -5985.87, -17.1093, 2.00713, 0, 0, 0.843391, 0.5373, 900, 100, 1),
(79082, 2045, 1, 3509.02, -6132.71, -18.5853, 2.46091, 0, 0, 0.942641, 0.333807, 900, 100, 1),
(79083, 2045, 1, 2250.08, -7123.27, -14.9405, -2.87979, 0, 0, 0.991445, -0.130526, 900, 100, 1),
(79084, 2045, 1, 4969.62, 732.893, -10.2441, 1.91986, 0, 0, 0.819152, 0.573576, 900, 100, 1),
(79085, 2045, 1, 4800.42, 899.741, -13.6434, -1.65806, 0, 0, 0.737277, -0.67559, 900, 100, 1),
(79086, 2045, 1, 4633.67, 933.599, -8.19197, 2.86234, 0, 0, 0.990268, 0.139173, 900, 100, 1),
(79087, 2045, 1, 5533.31, 599.353, -8.5198, -2.1293, 0, 0, 0.87462, -0.48481, 900, 100, 1),
(79088, 2045, 1, 5829.67, 603.885, -34.5131, 2.44346, 0, 0, 0.939693, 0.34202, 900, 100, 1),
(79089, 2045, 1, 6767.09, 566.236, -9.5148, 0.244346, 0, 0, 0.121869, 0.992546, 900, 100, 1),
(79090, 2045, 1, 7218.25, 378.897, -12.8763, -2.11185, 0, 0, 0.870356, -0.492423, 900, 100, 1),
(79091, 2045, 1, 5977.26, 984.857, -24.8214, 0.750492, 0, 0, 0.366501, 0.930418, 900, 100, 1),
(79092, 2045, 1, 4036.03, -6188.35, -9.22396, 3.76991, 0, 0, -0.951056, 0.309017, 300, 100, 1),
(79093, 2045, 1, 3790.65, -6209.3, -14.8562, 5.60251, 0, 0, -0.333807, 0.942641, 300, 100, 1),
(79094, 2045, 1, -5036.87, 2280.4, -40.0308, -1.6057, 0, 0, 0.71934, -0.694658, 900, 100, 1),
(79095, 2045, 1, -5056.61, 3546.61, -6.59211, 0.733038, 0, 0, 0.358368, 0.93358, 900, 100, 1),
(79096, 2045, 1, -3949.81, 2752.32, -1.79809, 0.226893, 0, 0, 0.113203, 0.993572, 900, 100, 1),
(79097, 2045, 1, -4240.9, 2440.17, -6.63346, 2.74017, 0, 0, 0.979925, 0.199368, 900, 100, 1),
(79098, 2045, 1, -4187.1, 2592.7, -7.59936, 0.209439, 0, 0, 0.104528, 0.994522, 300, 100, 1),
(79099, 2045, 1, -1793.49, -3918.55, -6.77385, 0.994837, 0, 0, 0.477158, 0.878817, 900, 255, 1),
(79100, 2045, 1, -2091.73, -3852.34, -12.8847, 1.37881, 0, 0, 0.636078, 0.771625, 900, 255, 1),
(79101, 2045, 1, -2135.63, -3901.4, -8.63047, 4.93928, 0, 0, -0.622514, 0.782609, 900, 255, 1),
(79102, 2045, 1, -2629.75, -4240.07, -2.59265, 5.06146, 0, 0, -0.573576, 0.819152, 900, 255, 1),
(79103, 2045, 1, -3620.14, -4055.11, -3.78779, 0.523598, 0, 0, 0.258819, 0.965926, 900, 255, 1),
(79104, 2045, 1, -4387.63, -4101.15, -6.98725, 4.2237, 0, 0, -0.857167, 0.515038, 900, 255, 1),
(79105, 2045, 1, -2972.05, -4273.76, -4.45722, 5.42797, 0, 0, -0.414693, 0.909961, 300, 100, 1),
(79106, 2045, 1, -2666.74, -4205.86, -0.785061, 4.83456, 0, 0, -0.66262, 0.748956, 300, 100, 1),
(79107, 2045, 1, -5043.81, 3413.84, -4.43305, 0.95993, 0, 0, 0.461748, 0.887011, 45, 100, 1);

-- Black Lotus (176589)
DELETE FROM `pool_template` WHERE `entry`=11653;
DELETE FROM `pool_gameobject` WHERE `pool_entry`=11653;

DELETE FROM `gameobject` WHERE `guid` IN (20263,20264,20265,20266,20267,20268,20269,20270,20271,20272,20273,20274,20275,20276,20277,20278,20279,20280,20281,20282,20283,20284,20285,20286,20287,20288,20289,20290,20291,20292,20293,20294,20295,20296,20297,20298,20299,20300,20301,20302,20303,20304,20305,20306,20307,33420,45837,49139,49412,63727,63728,65290,86503,86504,87316);
DELETE FROM `pool_gameobject` WHERE `guid` IN (20263,20264,20265,20266,20267,20268,20269,20270,20271,20272,20273,20274,20275,20276,20277,20278,20279,20280,20281,20282,20283,20284,20285,20286,20287,20288,20289,20290,20291,20292,20293,20294,20295,20296,20297,20298,20299,20300,20301,20302,20303,20304,20305,20306,20307,33420,45837,49139,49412,63727,63728,65290,86503,86504,87316);

DELETE FROM `gameobject` WHERE `guid` BETWEEN 8216 AND 8255;
INSERT INTO `gameobject` (`guid`, `id`, `map`, `position_x`, `position_y`, `position_z`, `orientation`, `rotation0`, `rotation1`, `rotation2`, `rotation3`, `spawntimesecs`, `animprogress`, `state`) VALUES
(8216, 176589, 1, -6503.46, 1821.45, 3.628, 6.23204, 0, 0, 0.0255687, -0.999673, 3600, 100, 1),
(8217, 176589, 1, -7046.27, 1135.97, 5.381, 3.43208, 0, 0, 0.98947, -0.144736, 3600, 100, 1),
(8218, 176589, 1, -7202.8, 342.116, 39.658, 6.04744, 0, 0, 0.1176, -0.993061, 3600, 100, 1),
(8219, 176589, 1, -7126.82, 742.405, 10.661, 2.58383, 0, 0, 0.961365, 0.275278, 3600, 100, 1),
(8220, 176589, 1, -7893.4, 374.002, -38.107, 5.06174, 0, 0, 0.57346, -0.819233, 3600, 100, 1),
(8221, 176589, 1, -7933.84, 1167.59, 2.253, 2.4071, 0, 0, 0.93332, 0.359045, 3600, 100, 1),
(8222, 176589, 1, -8079.08, 955.209, 51.852, 3.96613, 0, 0, 0.916215, -0.400687, 3600, 100, 1),
(8223, 176589, 1, -7924.17, 1851.91, 5.441, 1.63742, 0, 0, 0.730265, 0.683164, 3600, 100, 1),
(8224, 176589, 1, -7367.63, 1204.64, -1.235, 5.4898, 0, 0, 0.38637, -0.922344, 3600, 100, 1),
(8225, 176589, 1, -7319.46, 1641.69, -31.032, 4.04467, 0, 0, 0.899778, -0.436349, 3600, 100, 1),
(8226, 176589, 0, 2598.65, -5515.23, 158.735, 5.96369, 0, 0, 0.159068, -0.987268, 3600, 100, 1),
(8227, 176589, 0, 3008.31, -4925.18, 102.372, 0.418879, 0, 0, 0.207911, 0.978148, 3600, 100, 1),
(8228, 176589, 0, 3151.04, -3726.77, 133.603, 2.07984, 0, 0, 0.862363, 0.50629, 3600, 100, 1),
(8229, 176589, 0, 3032.34, -3219.78, 146.509, 1.27479, 0, 0, 0.595104, 0.803649, 3600, 100, 1),
(8230, 176589, 0, 2054.87, -4496.93, 74.723, 2.56679, 0, 0, 0.958984, 0.283462, 3600, 100, 1),
(8231, 176589, 0, 1661.88, -5587.4, 101.912, 4.65591, 0, 0, 0.726791, -0.686859, 3600, 100, 1),
(8232, 176589, 0, 1604.08, -3252.37, 86.589, 4.25536, 0, 0, 0.848907, -0.528543, 3600, 100, 1),
(8233, 176589, 0, 2494.08, -3831.59, 179.246, 6.03433, 0, 0, 0.124106, -0.992269, 3600, 100, 1),
(8234, 176589, 0, 2514.07, -5150.64, 74.152, 5.86138, 0, 0, 0.209345, -0.977842, 3600, 100, 1),
(8235, 176589, 0, 2920.72, -3691.81, 114.765, 1.82438, 0, 0, 0.790846, 0.612015, 3600, 100, 1),
(8236, 176589, 1, 6569.67, -5107.47, 770.536, 5.36542, 0, 0, 0.442948, -0.896547, 3600, 100, 1),
(8237, 176589, 1, 6800.05, -5163.95, 733.76, 5.06699, 0, 0, 0.571308, -0.820736, 3600, 100, 1),
(8238, 176589, 1, 8089.14, -3824.4, 696.441, 0.62557, 0, 0, 0.30771, 0.95148, 3600, 100, 1),
(8239, 176589, 1, 6626.89, -4028.38, 660.008, 4.57225, 0, 0, 0.754879, -0.655865, 3600, 100, 1),
(8240, 176589, 1, 6189.89, -4408.3, 670.791, 2.04328, 0, 0, 0.852966, 0.521967, 3600, 100, 1),
(8241, 176589, 1, 5687.55, -4513.69, 765.079, 5.12597, 0, 0, 0.546859, -0.837225, 3600, 100, 1),
(8242, 176589, 1, 5489.21, -4935.94, 854.791, 2.5224, 0, 0, 0.952457, 0.304672, 3600, 100, 1),
(8243, 176589, 1, 5038.89, -4860.6, 874.446, 1.4307, 0, 0, 0.655882, 0.754863, 3600, 100, 1),
(8244, 176589, 1, 6440.07, -3168.58, 572.558, 2.07086, 0, 0, 0.860081, 0.510157, 3600, 100, 1),
(8245, 176589, 1, 6852.8, -2499.04, 562.208, 0.684644, 0, 0, 0.335675, 0.941978, 3600, 100, 1),
(8246, 176589, 0, -8240.04, -1760.8, 146.609, 1.27503, 0, 0, 0.595199, 0.803578, 3600, 100, 1),
(8247, 176589, 0, -8233.9, -1955.15, 143.781, 3.105, 0, 0, 0.999833, 0.0182929, 3600, 100, 1),
(8248, 176589, 0, -8235.75, -1190.46, 142.556, 3.48592, 0, 0, 0.985216, -0.171316, 3600, 100, 1),
(8249, 176589, 0, -7941.26, -877.766, 129.779, 5.83035, 0, 0, 0.224488, -0.974477, 3600, 100, 1),
(8250, 176589, 0, -7622.64, -708.244, 182.917, 6.1288, 0, 0, 0.0771182, -0.997022, 3600, 100, 1),
(8251, 176589, 0, -7990.54, -1306.06, 133.762, 5.17452, 0, 0, 0.526376, -0.850252, 3600, 100, 1),
(8252, 176589, 0, -7704.63, -1527.92, 132.998, 5.2295, 0, 0, 0.502808, -0.864398, 3600, 100, 1),
(8253, 176589, 0, -7752.02, -2119.13, 133.439, 3.5252, 0, 0, 0.981662, -0.190628, 3600, 100, 1),
(8254, 176589, 0, -7955.56, -2506.87, 133.805, 3.42085, 0, 0, -0.990268, 0.139175, 3600, 100, 1),
(8255, 176589, 0, -7776.3, -2699.34, 173.787, 4.5204, 0, 0, -0.771625, 0.636078, 3600, 100, 1);

DELETE FROM `pool_gameobject` WHERE `guid` BETWEEN 8216 AND 8255;
INSERT INTO `pool_gameobject` (`guid`, `pool_entry`, `chance`, `description`) VALUES 
(8216, 520, 0, 'Black Lotus'),
(8217, 520, 0, 'Black Lotus'),
(8218, 520, 0, 'Black Lotus'),
(8219, 520, 0, 'Black Lotus'),
(8220, 520, 0, 'Black Lotus'),
(8221, 520, 0, 'Black Lotus'),
(8222, 520, 0, 'Black Lotus'),
(8223, 520, 0, 'Black Lotus'),
(8224, 520, 0, 'Black Lotus'),
(8225, 520, 0, 'Black Lotus'),
(8226, 521, 0, 'Black Lotus'),
(8227, 521, 0, 'Black Lotus'),
(8228, 521, 0, 'Black Lotus'),
(8229, 521, 0, 'Black Lotus'),
(8230, 521, 0, 'Black Lotus'),
(8231, 521, 0, 'Black Lotus'),
(8232, 521, 0, 'Black Lotus'),
(8233, 521, 0, 'Black Lotus'),
(8234, 521, 0, 'Black Lotus'),
(8235, 521, 0, 'Black Lotus'),
(8236, 522, 0, 'Black Lotus'),
(8237, 522, 0, 'Black Lotus'),
(8238, 522, 0, 'Black Lotus'),
(8239, 522, 0, 'Black Lotus'),
(8240, 522, 0, 'Black Lotus'),
(8241, 522, 0, 'Black Lotus'),
(8242, 522, 0, 'Black Lotus'),
(8243, 522, 0, 'Black Lotus'),
(8244, 522, 0, 'Black Lotus'),
(8245, 522, 0, 'Black Lotus'),
(8246, 523, 0, 'Black Lotus'),
(8247, 523, 0, 'Black Lotus'),
(8248, 523, 0, 'Black Lotus'),
(8249, 523, 0, 'Black Lotus'),
(8250, 523, 0, 'Black Lotus'),
(8251, 523, 0, 'Black Lotus'),
(8252, 523, 0, 'Black Lotus'),
(8253, 523, 0, 'Black Lotus'),
(8254, 523, 0, 'Black Lotus'),
(8255, 523, 0, 'Black Lotus');

DELETE FROM `pool_template` WHERE `entry` BETWEEN 520 AND 523;
INSERT INTO `pool_template` (`entry`, `max_limit`, `description`) VALUES
(520, 1, 'Black Lotus in Silithus'),
(521, 1, 'Black Lotus in Eastern Plaguelands'),
(522, 1, 'Black Lotus in Winterspring'),
(523, 1, 'Black Lotus in Burning Steppes');

-- Update ZoneId because I forgot to do it at INSERTS
UPDATE `gameobject` SET `zoneId`=36 WHERE `guid` IN (78409,78819,78820,78923);
UPDATE `gameobject` SET `zoneId`=47 WHERE `guid` IN (78417,78418,78420,78421,78423,78840,78874,78890,78891,78892,78893,78898,78899,78905,78906,78907,78910,78911,78912,78915);
UPDATE `gameobject` SET `zoneId`=17 WHERE `guid` IN (78442,78443,78444,78445,78446,78447,78459,78460,78462,78502,78503,78504,78505,78506,78511,78516,78517,78518,78559,78560,78561,78574,78591,78592,78623,78624,78641,78645,78649,78654,78655,78656,78657,78658,78663,78695,78696,78698,78699,78714,78730,78748,78790,78793,78806,78807,78808,78809,78810,78811,78812,78813,78829,78830,78845,78854,78855,78865,78872,78900,78901,78924,78948,78949,78966,78974,79025,79027,79029,79030,79039,79040,79041,79099,79100,79101);
UPDATE `gameobject` SET `zoneId`=130 WHERE `guid` IN (78424,78492,78572,78608,78609,78643,78713,78741,79020,79060,79061,79062,79063,79064,79065,79066,79071);
UPDATE `gameobject` SET `zoneId`=331 WHERE `guid` IN (78449,78450,78451,78454,78458,78469,78478,78479,78480,78486,78490,78493,78494,78496,78497,78501,78507,78508,78509,78510,78532,78533,78534,78535,78536,78540,78541,78542,78543,78546,78547,78548,78554,78562,78565,78567,78568,78579,78584,78585,78604,78605,78610,78611,78613,78614,78615,78616,78617,78618,78631,78635,78636,78637,78642,78647,78648,78659,78660,78661,78664,78666,78668,78670,78671,78672,78673,78674,78675,78676,78678,78682,78683,78684,78685,78686,78687,78688,78689,78693,78697,78718,78719,78722,78723,78727,78728,78733,78734,78743,78746,78747,78749,78750,78814,78888,78889,78897,78916,78918,78920,78922,78927,78935,78939,78940,78988,79011,79031,79052,79053,79054,79057,79072,79074,79075,79076,79077,79078,79080);
UPDATE `gameobject` SET `zoneId`=40 WHERE `guid` IN (78775,78776,78777,78778,78779,78780,78781,78929,78930,78931,78932,78933,78941,78942,78943,78944,78945,78946,78990,78991,78997,78998,78999,79000,79001,79002,79003,79004,79067,79068,79069,79070);
UPDATE `gameobject` SET `zoneId`=267 WHERE `guid` IN (78410,78411,78413,78414,78415,78416,78422,78425,78426,78427,78428,78429,78430,78431,78432,78433,78434,78440,78457,78467,78472,78473,78526,78539,78558,78563,78564,78573,78578,78594,78595,78600,78621,78662,78706,78731,78740,78756,78831,78833,78834,78846,78847,78848,78849,78861,78877,78878,78894,78902,78903,78904,78909,78926,79058,79059);
UPDATE `gameobject` SET `zoneId`=405 WHERE `guid` IN (78477,78482,78483,78495,78545,78557,78566,78571,78601,78602,78606,78644,78694,78715,78725,78726,78737,78821,78822,78823,78824,78825,78856,78857,78950,78951,78952,78953,78954,78955,78956,78957,78958,78959,78960,78961,78962,78963,78964,78965);
UPDATE `gameobject` SET `zoneId`=11 WHERE `guid` IN (78439,78521,78544,78757,78758,78759,78760,78761,78762,78763,78764,78765,78766,78767,78768,78769,78770,78771,78772,78773,78774,78794,78795,78796,78797,78798,78799,78800,78801,78802,78803,78804,78805,78826,78827,78828,78832,78850,78851,78860,78862,78863,78864,78867,78870,78879,78880,78881,78882,78883,78884,78885,78886,78908,78934,78936,78937,78996,79016,79017,79018,79019,79021,79022,79042,79043,79044,79045,79046,79049,79050,79055);
UPDATE `gameobject` SET `zoneId`=33 WHERE `guid` IN (78412,78419,78435,78436,78437,78438,78448,78500,78514,78515,78519,78520,78524,78527,78528,78529,78530,78531,78583,78603,78622,78629,78667,78679,78701,78702,78703,78712,78729,78732,78744,78782,78783,78784,78785,78786,78787,78788,78789,78791,78792,78815,78816,78817,78818,78835,78836,78837,78838,78839,78873,78875,78876,78895,78896,78913,78914,78921,78925,78928,78968,78969,78970,78971,78972,78973,78975,78976,78977,78978,78979,78980,78981,78992,78993,78994,78995,79012,79013,79014,79015,79023,79024,79028,79035,79036,79037,79038,79048);
UPDATE `gameobject` SET `zoneId`=357 WHERE `guid` IN (78452,78453,78456,78470,78474,78485,78487,78488,78538,78555,78556,78570,78590,78639,78650,78651,78724,78735,78736,78742,78752,78754,78755,78841,78842,78843,78844,78852,78887,78919,79094,79095,79096,79097,79098,79107);
UPDATE `gameobject` SET `zoneId`=16 WHERE `guid` IN (78498,78499,78523,78577,78607,78638,78709,78738,78751,78858,78859,79081,79082,79083,79092,79093);
UPDATE `gameobject` SET `zoneId`=148 WHERE `guid` IN (78441,78455,78463,78464,78465,78466,78468,78471,78475,78476,78484,78489,78491,78512,78513,78522,78525,78549,78550,78551,78552,78553,78569,78575,78576,78580,78581,78582,78586,78587,78588,78589,78593,78596,78597,78598,78599,78619,78620,78625,78626,78627,78628,78630,78632,78633,78634,78640,78646,78652,78653,78665,78669,78677,78680,78681,78690,78691,78692,78700,78704,78705,78707,78708,78710,78711,78717,78720,78721,78745,78753,78853,78866,78868,78869,78871,78917,78938,78982,78983,78984,78985,78986,78987,78989,79005,79006,79007,79008,79009,79010,79032,79033,79034,79047,79051,79056,79073,79079,79084,79085,79086,79087,79088,79089,79090,79091);
UPDATE `gameobject` SET `zoneId`=14 WHERE `guid` IN (78461,78481,78537,78612,78716,78739,78967,79026);
UPDATE `gameobject` SET `zoneId`=15 WHERE `guid` IN (78947,79102,79103,79104,79105,79106);
UPDATE `gameobject` SET `zoneId`=1377 WHERE `guid` IN (8216,8217,8218,8219,8220,8221,8222,8223,8224,8225);
UPDATE `gameobject` SET `zoneId`=139 WHERE `guid` IN (8226,8227,8228,8229,8230,8231,8232,8233,8234,8235);
UPDATE `gameobject` SET `zoneId`=618 WHERE `guid` IN (8236,8237,8238,8239,8240,8241,8242,8243,8244,8245);
UPDATE `gameobject` SET `zoneId`=46 WHERE `guid` IN (8246,8247,8248,8249,8250,8251,8252,8253,8254,8255);

-- Ashenvale
DELETE FROM `gameobject` WHERE `guid` IN (2167,2172,2173,2195,2217,2238,2240,2241,2244,2249,2252,2256,2275,2276,2282,2294,2299,2300,2316,2326,2330,2332,2342,2352,2353,2356,2357,2381,2417,2418,2425,2431,2437,2438,2439,2440,2441,2442,2443,2444,2449,2459,2467,2469,2479,2480,2493,2498,2517,2525,2526,2540,2541,2545,2553,2557,2572,2579,2580,2584,2592,2612,2614,2616,2628,2672,2675,2682,2686,2700,2704,2712,2718,2731,2735,2750,2773,2774,2775,2778,2782,2798,2801,2827,2829,2848,2849,2850,2856,2861,2868,2871,2877,2878,2879,2888,2890,2891,2931,2932,2963,2976,2997,3001,3011,3039,3042,3063,3108,3118,3119,3133,3138,3141,3142,3159,3190,3211,3224,3257,3258,3259,3293,3294,3295,3296,3297,3298,3299,3300,3301,3302,3337,3340,3365,3370,3371,3372,3394,3395,3492,3508,3511,3515,3523,3527,3528,3529,3530,3533,3534,3535,3554,3562,3576,3596,3597,3613,3614,3615,3617,3618,3619,3640,3641,3642,3643,3644,3653,3655,3656,3683,3702,3704,3705,3741,3746,3778,3779,3824,3825,3846,3850,3851,3889,3894,3895,3925,3950,3955,3983,4025,4055,4089,4111,4149,4166,4179,4233,4235,4243,4259,4279,4311,4368,4423,7387,7426,7453,7481,15791,15831,15835,15847,15848,15878,15890,15902,15907,15942,16456,16457,16478,16481,16511,16515,16517,30190,30191,30192,31372,31373,31376,31380,31386,31387,32529,32532,32542,32548,32557,32558,32569,32585,32586,32588,32589,32590,33547,33548,35019,47868,47869,47870,47871,47912,47913,47914,47915,47916,47917,47919,47920,47921,47922,47923,47924,47925,47926,47927,47929,47930,47931,47932,47933,47934,47936,47937,47938,47939,47941,47942,47943,47944,47945,47946,47947,47948,47949,47950,47951,47952,47953,47954,47955,47956,48179,48180,48181,48182,48183,63300,63315,63319,63339,63366,65014,65022,65065,65099,65101,65110,65115,86250,86266,86275,86303,86334,86346,86347,87241,87252,87273,87277,87278,87279,87343,87463,87465,87468,87469,87477,87478);

DELETE FROM `pool_template` WHERE `entry`=960;

DELETE FROM `pool_gameobject` WHERE `pool_entry`=960 AND `guid` IN (2167,2172,2173,2195,2217,2238,2240,2241,2244,2249,2252,2256,2275,2276,2282,2294,2299,2300,2316,2326,2330,2332,2342,2352,2353,2356,2357,2381,2417,2418,2425,2431,2437,2438,2439,2440,2441,2442,2443,2444,2449,2459,2467,2469,2479,2480,2493,2498,2517,2525,2526,2540,2541,2545,2553,2557,2572,2579,2580,2584,2592,2612,2614,2616,2628,2672,2675,2682,2686,2700,2704,2712,2718,2731,2735,2750,2773,2774,2775,2778,2782,2798,2801,2827,2829,2848,2849,2850,2856,2861,2868,2871,2877,2878,2879,2888,2890,2891,2931,2932,2963,2976,2997,3001,3011,3039,3042,3063,3108,3118,3119,3133,3138,3141,3142,3159,3190,3211,3224,3257,3258,3259,3293,3294,3295,3296,3297,3298,3299,3300,3301,3302,3337,3340,3365,3370,3371,3372,3394,3395,3492,3508,3511,3515,3523,3527,3528,3529,3530,3533,3534,3535,3554,3562,3576,3596,3597,3613,3614,3615,3617,3618,3619,3640,3641,3642,3643,3644,3653,3655,3656,3683,3702,3704,3705,3741,3746,3778,3779,3824,3825,3846,3850,3851,3889,3894,3895,3925,3950,3955,3983,4025,4055,4089,4111,4149,4166,4179,4233,4235,4243,4259,4279,4311,4368,4423,7387,7426,7453,7481,15791,15831,15835,15847,15848,15878,15890,15902,15907,15942,16456,16457,16478,16481,16511,16515,16517,30190,30191,30192,31372,31373,31376,31380,31386,31387,32529,32532,32542,32548,32557,32558,32569,32585,32586,32588,32589,32590,33547,33548,35019,47868,47869,47870,47871,47912,47913,47914,47915,47916,47917,47919,47920,47921,47922,47923,47924,47925,47926,47927,47929,47930,47931,47932,47933,47934,47936,47937,47938,47939,47941,47942,47943,47944,47945,47946,47947,47948,47949,47950,47951,47952,47953,47954,47955,47956,48179,48180,48181,48182,48183,63300,63315,63319,63339,63366,65014,65022,65065,65099,65101,65110,65115,86250,86266,86275,86303,86334,86346,86347,87241,87252,87273,87277,87278,87279,87343,87463,87465,87468,87469,87477,87478);

DELETE FROM `pool_template` WHERE `entry` BETWEEN 524 AND 531;
INSERT INTO `pool_template` (`entry`, `max_limit`, `description`) VALUES
(524, 23, 'Bruiseweed in Ashenvale'),
(525, 20, 'Briarthorn in Ashenvale'),
(526, 21, 'Mageroyal in Ashenvale'),
(527, 9, 'Kingsblood in Ashenvale'),
(528, 10, 'Wild Steelbloom in Ashenvale'),
(529, 4, 'Purple Lotus in Ashenvale'),
(530, 4, 'Liferoot in Ashenvale'),
(531, 3, 'Gromsblood in Ashenvale');

DELETE FROM `pool_gameobject` WHERE `guid` BETWEEN 76055 AND 76353;
INSERT INTO `pool_gameobject` (`guid`, `pool_entry`, `chance`, `description`) VALUES 
(76055, 526, 0, 'Mageroyal'),
(76056, 526, 0, 'Mageroyal'),
(76057, 526, 0, 'Mageroyal'),
(76058, 526, 0, 'Mageroyal'),
(76059, 526, 0, 'Mageroyal'),
(76060, 526, 0, 'Mageroyal'),
(76061, 526, 0, 'Mageroyal'),
(76062, 526, 0, 'Mageroyal'),
(76063, 526, 0, 'Mageroyal'),
(76064, 526, 0, 'Mageroyal'),
(76065, 526, 0, 'Mageroyal'),
(76066, 526, 0, 'Mageroyal'),
(76067, 526, 0, 'Mageroyal'),
(76068, 526, 0, 'Mageroyal'),
(76069, 526, 0, 'Mageroyal'),
(76070, 526, 0, 'Mageroyal'),
(76071, 526, 0, 'Mageroyal'),
(76072, 526, 0, 'Mageroyal'),
(76073, 526, 0, 'Mageroyal'),
(76074, 526, 0, 'Mageroyal'),
(76075, 526, 0, 'Mageroyal'),
(76076, 526, 0, 'Mageroyal'),
(76077, 526, 0, 'Mageroyal'),
(76078, 526, 0, 'Mageroyal'),
(76079, 526, 0, 'Mageroyal'),
(76080, 526, 0, 'Mageroyal'),
(76081, 526, 0, 'Mageroyal'),
(76082, 526, 0, 'Mageroyal'),
(76083, 526, 0, 'Mageroyal'),
(76084, 526, 0, 'Mageroyal'),
(76085, 526, 0, 'Mageroyal'),
(76086, 526, 0, 'Mageroyal'),
(76087, 526, 0, 'Mageroyal'),
(76088, 526, 0, 'Mageroyal'),
(76089, 526, 0, 'Mageroyal'),
(76090, 526, 0, 'Mageroyal'),
(76091, 526, 0, 'Mageroyal'),
(76092, 526, 0, 'Mageroyal'),
(76093, 526, 0, 'Mageroyal'),
(76094, 526, 0, 'Mageroyal'),
(76095, 526, 0, 'Mageroyal'),
(76096, 526, 0, 'Mageroyal'),
(76097, 526, 0, 'Mageroyal'),
(76098, 526, 0, 'Mageroyal'),
(76099, 526, 0, 'Mageroyal'),
(76100, 526, 0, 'Mageroyal'),
(76101, 526, 0, 'Mageroyal'),
(76102, 526, 0, 'Mageroyal'),
(76103, 526, 0, 'Mageroyal'),
(76104, 526, 0, 'Mageroyal'),
(76105, 526, 0, 'Mageroyal'),
(76106, 526, 0, 'Mageroyal'),
(76107, 526, 0, 'Mageroyal'),
(76108, 525, 0, 'Briarthorn'),
(76109, 525, 0, 'Briarthorn'),
(76110, 525, 0, 'Briarthorn'),
(76111, 525, 0, 'Briarthorn'),
(76112, 525, 0, 'Briarthorn'),
(76113, 525, 0, 'Briarthorn'),
(76114, 525, 0, 'Briarthorn'),
(76115, 525, 0, 'Briarthorn'),
(76116, 525, 0, 'Briarthorn'),
(76117, 525, 0, 'Briarthorn'),
(76118, 525, 0, 'Briarthorn'),
(76119, 525, 0, 'Briarthorn'),
(76120, 525, 0, 'Briarthorn'),
(76121, 525, 0, 'Briarthorn'),
(76122, 525, 0, 'Briarthorn'),
(76123, 525, 0, 'Briarthorn'),
(76124, 525, 0, 'Briarthorn'),
(76125, 525, 0, 'Briarthorn'),
(76126, 525, 0, 'Briarthorn'),
(76127, 525, 0, 'Briarthorn'),
(76128, 525, 0, 'Briarthorn'),
(76129, 525, 0, 'Briarthorn'),
(76130, 525, 0, 'Briarthorn'),
(76131, 525, 0, 'Briarthorn'),
(76132, 525, 0, 'Briarthorn'),
(76133, 525, 0, 'Briarthorn'),
(76134, 525, 0, 'Briarthorn'),
(76135, 525, 0, 'Briarthorn'),
(76136, 525, 0, 'Briarthorn'),
(76137, 525, 0, 'Briarthorn'),
(76138, 525, 0, 'Briarthorn'),
(76139, 525, 0, 'Briarthorn'),
(76140, 525, 0, 'Briarthorn'),
(76141, 525, 0, 'Briarthorn'),
(76142, 525, 0, 'Briarthorn'),
(76143, 524, 0, 'Bruiseweed'),
(76144, 524, 0, 'Bruiseweed'),
(76145, 524, 0, 'Bruiseweed'),
(76146, 524, 0, 'Bruiseweed'),
(76147, 524, 0, 'Bruiseweed'),
(76148, 524, 0, 'Bruiseweed'),
(76149, 524, 0, 'Bruiseweed'),
(76150, 524, 0, 'Bruiseweed'),
(76151, 524, 0, 'Bruiseweed'),
(76152, 524, 0, 'Bruiseweed'),
(76153, 524, 0, 'Bruiseweed'),
(76154, 524, 0, 'Bruiseweed'),
(76155, 524, 0, 'Bruiseweed'),
(76156, 524, 0, 'Bruiseweed'),
(76157, 524, 0, 'Bruiseweed'),
(76158, 524, 0, 'Bruiseweed'),
(76159, 524, 0, 'Bruiseweed'),
(76160, 524, 0, 'Bruiseweed'),
(76161, 524, 0, 'Bruiseweed'),
(76162, 524, 0, 'Bruiseweed'),
(76163, 524, 0, 'Bruiseweed'),
(76164, 524, 0, 'Bruiseweed'),
(76165, 524, 0, 'Bruiseweed'),
(76166, 524, 0, 'Bruiseweed'),
(76167, 524, 0, 'Bruiseweed'),
(76168, 524, 0, 'Bruiseweed'),
(76169, 524, 0, 'Bruiseweed'),
(76170, 524, 0, 'Bruiseweed'),
(76171, 524, 0, 'Bruiseweed'),
(76172, 524, 0, 'Bruiseweed'),
(76173, 524, 0, 'Bruiseweed'),
(76174, 524, 0, 'Bruiseweed'),
(76175, 524, 0, 'Bruiseweed'),
(76176, 524, 0, 'Bruiseweed'),
(76177, 524, 0, 'Bruiseweed'),
(76178, 524, 0, 'Bruiseweed'),
(76179, 524, 0, 'Bruiseweed'),
(76180, 524, 0, 'Bruiseweed'),
(76181, 524, 0, 'Bruiseweed'),
(76182, 524, 0, 'Bruiseweed'),
(76183, 524, 0, 'Bruiseweed'),
(76184, 524, 0, 'Bruiseweed'),
(76185, 524, 0, 'Bruiseweed'),
(76186, 524, 0, 'Bruiseweed'),
(76187, 524, 0, 'Bruiseweed'),
(76188, 524, 0, 'Bruiseweed'),
(76189, 524, 0, 'Bruiseweed'),
(76190, 524, 0, 'Bruiseweed'),
(76191, 524, 0, 'Bruiseweed'),
(76192, 524, 0, 'Bruiseweed'),
(76193, 524, 0, 'Bruiseweed'),
(76194, 524, 0, 'Bruiseweed'),
(76195, 524, 0, 'Bruiseweed'),
(76196, 524, 0, 'Bruiseweed'),
(76197, 524, 0, 'Bruiseweed'),
(76198, 524, 0, 'Bruiseweed'),
(76199, 524, 0, 'Bruiseweed'),
(76200, 524, 0, 'Bruiseweed'),
(76201, 524, 0, 'Bruiseweed'),
(76202, 524, 0, 'Bruiseweed'),
(76203, 524, 0, 'Bruiseweed'),
(76204, 524, 0, 'Bruiseweed'),
(76205, 528, 0, 'Wild Steelbloom'),
(76206, 528, 0, 'Wild Steelbloom'),
(76207, 528, 0, 'Wild Steelbloom'),
(76208, 528, 0, 'Wild Steelbloom'),
(76209, 528, 0, 'Wild Steelbloom'),
(76210, 528, 0, 'Wild Steelbloom'),
(76211, 528, 0, 'Wild Steelbloom'),
(76212, 528, 0, 'Wild Steelbloom'),
(76213, 528, 0, 'Wild Steelbloom'),
(76214, 528, 0, 'Wild Steelbloom'),
(76215, 528, 0, 'Wild Steelbloom'),
(76216, 528, 0, 'Wild Steelbloom'),
(76217, 528, 0, 'Wild Steelbloom'),
(76218, 528, 0, 'Wild Steelbloom'),
(76219, 527, 0, 'Kingsblood'),
(76220, 527, 0, 'Kingsblood'),
(76221, 527, 0, 'Kingsblood'),
(76222, 527, 0, 'Kingsblood'),
(76223, 530, 0, 'Liferoot'),
(76224, 530, 0, 'Liferoot'),
(76225, 530, 0, 'Liferoot'),
(76226, 527, 0, 'Kingsblood'),
(76227, 525, 0, 'Briarthorn'),
(76228, 525, 0, 'Briarthorn'),
(76229, 525, 0, 'Briarthorn'),
(76230, 525, 0, 'Briarthorn'),
(76231, 525, 0, 'Briarthorn'),
(76232, 525, 0, 'Briarthorn'),
(76233, 525, 0, 'Briarthorn'),
(76234, 525, 0, 'Briarthorn'),
(76235, 524, 0, 'Bruiseweed'),
(76236, 524, 0, 'Bruiseweed'),
(76237, 524, 0, 'Bruiseweed'),
(76238, 524, 0, 'Bruiseweed'),
(76239, 524, 0, 'Bruiseweed'),
(76240, 524, 0, 'Bruiseweed'),
(76241, 524, 0, 'Bruiseweed'),
(76242, 524, 0, 'Bruiseweed'),
(76243, 524, 0, 'Bruiseweed'),
(76244, 529, 0, 'Purple Lotus'),
(76245, 529, 0, 'Purple Lotus'),
(76246, 529, 0, 'Purple Lotus'),
(76247, 529, 0, 'Purple Lotus'),
(76248, 529, 0, 'Purple Lotus'),
(76249, 529, 0, 'Purple Lotus'),
(76250, 529, 0, 'Purple Lotus'),
(76251, 529, 0, 'Purple Lotus'),
(76252, 529, 0, 'Purple Lotus'),
(76253, 531, 0, 'Gromsblood'),
(76254, 531, 0, 'Gromsblood'),
(76255, 531, 0, 'Gromsblood'),
(76256, 531, 0, 'Gromsblood'),
(76257, 531, 0, 'Gromsblood'),
(76258, 531, 0, 'Gromsblood'),
(76259, 531, 0, 'Gromsblood'),
(76260, 531, 0, 'Gromsblood'),
(76261, 531, 0, 'Gromsblood'),
(76262, 531, 0, 'Gromsblood'),
(76263, 527, 0, 'Kingsblood'),
(76264, 527, 0, 'Kingsblood'),
(76265, 527, 0, 'Kingsblood'),
(76266, 526, 0, 'Mageroyal'),
(76267, 526, 0, 'Mageroyal'),
(76268, 526, 0, 'Mageroyal'),
(76269, 529, 0, 'Purple Lotus'),
(76270, 529, 0, 'Purple Lotus'),
(76271, 528, 0, 'Wild Steelbloom'),
(76272, 530, 0, 'Liferoot'),
(76273, 530, 0, 'Liferoot'),
(76274, 524, 0, 'Bruiseweed'),
(76275, 525, 0, 'Briarthorn'),
(76276, 529, 0, 'Purple Lotus'),
(76277, 525, 0, 'Briarthorn'),
(76278, 526, 0, 'Mageroyal'),
(76279, 524, 0, 'Bruiseweed'),
(76280, 525, 0, 'Briarthorn'),
(76281, 525, 0, 'Briarthorn'),
(76282, 526, 0, 'Mageroyal'),
(76283, 529, 0, 'Purple Lotus'),
(76284, 524, 0, 'Bruiseweed'),
(76285, 527, 0, 'Kingsblood'),
(76286, 525, 0, 'Briarthorn'),
(76287, 530, 0, 'Liferoot'),
(76288, 527, 0, 'Kingsblood'),
(76289, 526, 0, 'Mageroyal'),
(76290, 527, 0, 'Kingsblood'),
(76291, 526, 0, 'Mageroyal'),
(76292, 525, 0, 'Briarthorn'),
(76293, 527, 0, 'Kingsblood'),
(76294, 527, 0, 'Kingsblood'),
(76295, 527, 0, 'Kingsblood'),
(76296, 530, 0, 'Liferoot'),
(76297, 530, 0, 'Liferoot'),
(76298, 530, 0, 'Liferoot'),
(76299, 530, 0, 'Liferoot'),
(76300, 527, 0, 'Kingsblood'),
(76301, 529, 0, 'Purple Lotus'),
(76302, 529, 0, 'Purple Lotus'),
(76303, 529, 0, 'Purple Lotus'),
(76304, 531, 0, 'Gromsblood'),
(76305, 526, 0, 'Mageroyal'),
(76306, 526, 0, 'Mageroyal'),
(76307, 526, 0, 'Mageroyal'),
(76308, 526, 0, 'Mageroyal'),
(76309, 526, 0, 'Mageroyal'),
(76310, 526, 0, 'Mageroyal'),
(76311, 525, 0, 'Briarthorn'),
(76312, 525, 0, 'Briarthorn'),
(76313, 525, 0, 'Briarthorn'),
(76314, 525, 0, 'Briarthorn'),
(76315, 525, 0, 'Briarthorn'),
(76316, 525, 0, 'Briarthorn'),
(76317, 524, 0, 'Bruiseweed'),
(76318, 524, 0, 'Bruiseweed'),
(76319, 524, 0, 'Bruiseweed'),
(76320, 524, 0, 'Bruiseweed'),
(76321, 524, 0, 'Bruiseweed'),
(76322, 524, 0, 'Bruiseweed'),
(76323, 524, 0, 'Bruiseweed'),
(76324, 524, 0, 'Bruiseweed'),
(76325, 528, 0, 'Wild Steelbloom'),
(76326, 528, 0, 'Wild Steelbloom'),
(76327, 528, 0, 'Wild Steelbloom'),
(76328, 528, 0, 'Wild Steelbloom'),
(76329, 527, 0, 'Kingsblood'),
(76330, 527, 0, 'Kingsblood'),
(76331, 527, 0, 'Kingsblood'),
(76332, 527, 0, 'Kingsblood'),
(76333, 527, 0, 'Kingsblood'),
(76334, 527, 0, 'Kingsblood'),
(76335, 527, 0, 'Kingsblood'),
(76336, 527, 0, 'Kingsblood'),
(76337, 527, 0, 'Kingsblood'),
(76338, 527, 0, 'Kingsblood'),
(76339, 527, 0, 'Kingsblood'),
(76340, 527, 0, 'Kingsblood'),
(76341, 527, 0, 'Kingsblood'),
(76342, 527, 0, 'Kingsblood'),
(76343, 527, 0, 'Kingsblood'),
(76344, 526, 0, 'Mageroyal'),
(76345, 530, 0, 'Liferoot'),
(76346, 530, 0, 'Liferoot'),
(76347, 530, 0, 'Liferoot'),
(76348, 530, 0, 'Liferoot'),
(76349, 530, 0, 'Liferoot'),
(76350, 530, 0, 'Liferoot'),
(76351, 530, 0, 'Liferoot'),
(76352, 530, 0, 'Liferoot'),
(76353, 530, 0, 'Liferoot');

DELETE FROM `gameobject` WHERE `zoneId`=331 AND `guid` BETWEEN 76055 AND 76353;
INSERT INTO `gameobject` (`guid`, `id`, `map`, `zoneId`, `position_x`, `position_y`, `position_z`, `orientation`, `rotation0`, `rotation1`, `rotation2`, `rotation3`, `spawntimesecs`, `animprogress`, `state`) VALUES
(76055, 1620, 1, 331, 2939.44, -3543.78, 109.3, 1.36136, 0, 0, 0.62932, 0.777146, 900, 255, 1),
(76056, 1620, 1, 331, 3313.39, 395.983, 4.471, 1.229, 0, 0, 0, 0, 900, 100, 1),
(76057, 1620, 1, 331, 2408.83, 105.845, 96.356, 2.09, 0, 0, 0, 0, 900, 100, 1),
(76058, 1620, 1, 331, 2372.65, 92.407, 100.49, 2.747, 0, 0, 0, 0, 900, 100, 1),
(76059, 1620, 1, 331, 2866.85, 83.282, 98.132, 0.159, 0, 0, 0, 0, 900, 100, 1),
(76060, 1620, 1, 331, 2229.76, 1017.1, 273.802, -1, 0, 0, -0.649448, 0.760406, 900, 100, 1),
(76061, 1620, 1, 331, 2375.41, -1143, 94.652, 5.853, 0, 0, 0, 0, 900, 100, 1),
(76062, 1620, 1, 331, 3560.31, 709.945, 9.548, 5.1, 0, 0, 0, 0, 900, 100, 1),
(76063, 1620, 1, 331, 3321.88, 685.945, 15.765, 1.798, 0, 0, 0, 0, 900, 100, 1),
(76064, 1620, 1, 331, 3307.41, 685.586, 17.702, 3.755, 0, 0, 0, 0, 900, 100, 1),
(76065, 1620, 1, 331, 3313.77, 701.513, 33.191, 4.675, 0, 0, 0, 0, 900, 100, 1),
(76066, 1620, 1, 331, 2119.86, -860, 99.217, 0.756, 0, 0, 0, 0, 900, 100, 1),
(76067, 1620, 1, 331, 3460.55, 696.516, 6.872, 2.937, 0, 0, 0, 0, 900, 100, 1),
(76068, 1620, 1, 331, 3101.33, 397.199, 14.639, 4.816, 0, 0, 0, 0, 900, 100, 1),
(76069, 1620, 1, 331, 3292.47, 702.681, 20.065, 6.134, 0, 0, 0, 0, 900, 100, 1),
(76070, 1620, 1, 331, 3324.61, 707.718, 29.264, 0.849, 0, 0, 0, 0, 900, 100, 1),
(76071, 1620, 1, 331, 3950.58, 185.257, 5.0954, 0.436332, 0, 0, 0.21644, 0.976296, 900, 100, 1),
(76072, 1620, 1, 331, 1960.63, -1613, 67.356, 3.882, 0, 0, 0, 0, 900, 100, 1),
(76073, 1620, 1, 331, 1692.51, -2603, 104.8, 3.864, 0, 0, 0, 0, 900, 100, 1),
(76074, 1620, 1, 331, 1676.37, -2522, 94.92, 1.928, 0, 0, 0, 0, 900, 100, 1),
(76075, 1620, 1, 331, 1784.76, -1819, 100.46, 0.245, 0, 0, 0, 0, 900, 100, 1),
(76076, 1620, 1, 331, 2381.32, -1002, 103.01, 0.292, 0, 0, 0, 0, 900, 100, 1),
(76077, 1620, 1, 331, 3287.95, 360.057, 5.06619, 2.607, 0, 0, 0, 0, 900, 100, 1),
(76078, 1620, 1, 331, 3551.79, 742.54, 6.111, 5.47, 0, 0, 0, 0, 900, 100, 1),
(76079, 1620, 1, 331, 2995.4, 498.002, 6.367, 2.695, 0, 0, 0, 0, 900, 100, 1),
(76080, 1620, 1, 331, 3318.72, 712.367, 29.122, 0.087, 0, 0, 0, 0, 900, 100, 1),
(76081, 1620, 1, 331, 3281.2, 380.381, 9.117, 2.813, 0, 0, 0, 0, 900, 100, 1),
(76082, 1620, 1, 331, 3307.09, 349.556, 5.234, 2.872, 0, 0, 0, 0, 900, 100, 1),
(76083, 1620, 1, 331, 3582.19, 722.858, 8.33015, 4.858, 0, 0, 0, 0, 900, 100, 1),
(76084, 1620, 1, 331, 2835.26, -3052, 190.397, 0.742, 0, 0, 0, 0, 900, 100, 1),
(76085, 1620, 1, 331, 1992.97, -2775, 133.178, 2.416, 0, 0, 0, 0, 900, 100, 1),
(76086, 1620, 1, 331, 1898.46, -2718, 103.825, 3.722, 0, 0, 0, 0, 900, 100, 1),
(76087, 1620, 1, 331, 1926.5, -664, 112.604, 4.161, 0, 0, 0, 0, 900, 100, 1),
(76088, 1620, 1, 331, 2267.54, -1197, 82.973, 3.626, 0, 0, 0, 0, 900, 100, 1),
(76089, 1620, 1, 331, 1927.62, -675, 115.594, 3.803, 0, 0, 0, 0, 900, 100, 1),
(76090, 1620, 1, 331, 1908.9, -602, 118.255, 1.384, 0, 0, 0, 0, 900, 100, 1),
(76091, 1620, 1, 331, 1928.24, -606, 112.244, 2.244, 0, 0, 0, 0, 900, 100, 1),
(76092, 1620, 1, 331, 1917.83, -668, 113.089, 4.161, 0, 0, 0, 0, 900, 100, 1),
(76093, 1620, 1, 331, 1989.72, -228, 94.619, 6.116, 0, 0, 0, 0, 900, 100, 1),
(76094, 1620, 1, 331, 1964.03, -281, 111.584, 1.039, 0, 0, 0, 0, 900, 100, 1),
(76095, 1620, 1, 331, 1967.46, -247, 107.627, 2.354, 0, 0, 0, 0, 900, 100, 1),
(76096, 1620, 1, 331, 1988.93, -250, 99.14, 5.767, 0, 0, 0, 0, 900, 100, 1),
(76097, 1620, 1, 331, 2199.53, -2209, 105.387, 5.362, 0, 0, 0, 0, 900, 100, 1),
(76098, 1620, 1, 331, 1398.94, -2367.47, 106.623, 3.68265, 0, 0, -0.96363, 0.267241, 900, 100, 1),
(76099, 1620, 1, 331, 2844.07, -3095, 194.847, 4.599, 0, 0, 0, 0, 900, 100, 1),
(76100, 1620, 1, 331, 2967.42, 483.501, 5.929, 3.199, 0, 0, 0, 0, 900, 100, 1),
(76101, 1620, 1, 331, 1958.71, -2579, 81.716, 4.64, 0, 0, 0, 0, 900, 100, 1),
(76102, 1620, 1, 331, 2979.01, 513.7, 4.962, 5.398, 0, 0, 0, 0, 900, 100, 1),
(76103, 1620, 1, 331, 2291.89, -1892, 63.5913, 6.069, 0, 0, 0, 0, 900, 100, 1),
(76104, 1620, 1, 331, 1947.8, -2762, 124.638, 5.255, 0, 0, 0, 0, 900, 100, 1),
(76105, 1620, 1, 331, 3120.4, 397.705, 5.82121, 4.18879, 0, 0, -0.866025, 0.500001, 900, 100, 1),
(76106, 1620, 1, 331, 2890.85, -3086, 202.719, 4.87, 0, 0, 0, 0, 900, 100, 1),
(76107, 1620, 1, 331, 2802.61, -3058, 181.841, 1.084, 0, 0, 0, 0, 900, 100, 1),
(76108, 1621, 1, 331, 1770.13, -2185, 95.0174, 3.478, 0, 0, 0, 0, 900, 100, 1),
(76109, 1621, 1, 331, 3109.13, -309, 123.843, 3.859, 0, 0, 0, 0, 900, 100, 1),
(76110, 1621, 1, 331, 3938.08, 665.503, 8.083, 5.407, 0, 0, 0, 0, 900, 100, 1),
(76111, 1621, 1, 331, 1609.64, -2450, 100.32, 6.258, 0, 0, 0, 0, 900, 100, 1),
(76112, 1621, 1, 331, 1747.81, -2069, 103.01, 1.392, 0, 0, 0, 0, 900, 100, 1),
(76113, 1621, 1, 331, 2783.33, -781, 155.082, 1.193, 0, 0, 0, 0, 900, 100, 1),
(76114, 1621, 1, 331, 3456.74, -1559.22, 167.591, 5.49779, 0, 0, -0.382683, 0.92388, 900, 100, 1),
(76115, 1621, 1, 331, 1782.37, -2088, 101.229, 2.788, 0, 0, 0, 0, 900, 100, 1),
(76116, 1621, 1, 331, 2726.61, -3098, 168.818, 0.305, 0, 0, 0, 0, 900, 100, 1),
(76117, 1621, 1, 331, 2040.69, -3515, 83.982, 3.892, 0, 0, 0, 0, 900, 100, 1),
(76118, 1621, 1, 331, 2947.48, -1781, 180.986, 1.995, 0, 0, 0, 0, 900, 100, 1),
(76119, 1621, 1, 331, 2068.7, -1589, 70.009, 5.233, 0, 0, 0, 0, 900, 100, 1),
(76120, 1621, 1, 331, 2868.01, -3000, 200.057, 1.505, 0, 0, 0, 0, 900, 100, 1),
(76121, 1621, 1, 331, 2436.31, -3140, 125.667, 6.162, 0, 0, 0, 0, 900, 100, 1),
(76122, 1621, 1, 331, 2597.75, -2667, 140.579, 2.846, 0, 0, 0, 0, 900, 100, 1),
(76123, 1621, 1, 331, 3181.63, -412, 144.168, 0.049, 0, 0, 0, 0, 900, 100, 1),
(76124, 1621, 1, 331, 3453.07, -394, 139.323, 5.442, 0, 0, 0, 0, 900, 100, 1),
(76125, 1621, 1, 331, 1988.68, -2050, 103.567, 0.538, 0, 0, 0, 0, 900, 100, 1),
(76126, 1621, 1, 331, 1943.58, -2927, 99.698, 0.182, 0, 0, 0, 0, 900, 100, 1),
(76127, 1621, 1, 331, 2798.91, -3336, 137.436, 6.15, 0, 0, 0, 0, 900, 100, 1),
(76128, 1621, 1, 331, 2048.55, -2083.42, 126.551, 4.72984, 0, 0, -0.700909, 0.713251, 900, 100, 1),
(76129, 1621, 1, 331, 3283.57, 394.278, 4.48735, 3.403, 0, 0, 0, 0, 900, 100, 1),
(76130, 1621, 1, 331, 2951.06, -1749, 182.377, 2.248, 0, 0, 0, 0, 900, 100, 1),
(76131, 1621, 1, 331, 1525.21, -2139.27, 89.3402, 0.820305, 0, 0, 0.398749, 0.91706, 900, 100, 1),
(76132, 1621, 1, 331, 2185.2, -3013, 119.022, 1.484, 0, 0, 0, 0, 900, 100, 1),
(76133, 1621, 1, 331, 2847.89, -608, 107.686, 4.833, 0, 0, 0, 0, 900, 100, 1),
(76134, 1621, 1, 331, 3495.95, 99.197, 6.864, 0.077, 0, 0, 0, 0, 900, 100, 1),
(76135, 1621, 1, 331, 2988.67, -903, 198.923, 1.772, 0, 0, 0, 0, 900, 100, 1),
(76136, 1621, 1, 331, 2989.42, -105, 97.95, 0.067, 0, 0, 0, 0, 900, 100, 1),
(76137, 1621, 1, 331, 1576.22, -2175, 93.093, 6.069, 0, 0, 0, 0, 900, 100, 1),
(76138, 1621, 1, 331, 3204.89, -553, 153.865, 5.037, 0, 0, 0, 0, 900, 100, 1),
(76139, 1621, 1, 331, 2821.34, -1047, 198.395, 4.803, 0, 0, 0, 0, 900, 100, 1),
(76140, 1621, 1, 331, 4024.44, 212.787, 4.536, 2.023, 0, 0, 0, 0, 900, 100, 1),
(76141, 1621, 1, 331, 2909.53, -1758.76, 203.044, 0.209439, 0, 0, 0.104528, 0.994522, 900, 100, 1),
(76142, 1621, 1, 331, 2003.68, -2370, 89.753, 0.483, 0, 0, 0, 0, 900, 100, 1),
(76143, 1622, 1, 331, 2688.04, -3632.16, 99.4288, 4.53786, 0, 0, -0.766044, 0.642789, 1800, 255, 1),
(76144, 1622, 1, 331, 1606.97, -3060, 92.678, 1.905, 0, 0, 0, 0, 1800, 100, 1),
(76145, 1622, 1, 331, 1864, -1763, 61.932, 5.365, 0, 0, 0, 0, 1800, 100, 1),
(76146, 1622, 1, 331, 2667.04, -2100, 204.053, 2.098, 0, 0, 0, 0, 1800, 100, 1),
(76147, 1622, 1, 331, 2962.14, -2704, 224.212, 6.052, 0, 0, 0, 0, 1800, 100, 1),
(76148, 1622, 1, 331, 2779.74, -3035, 157.84, 3.86, 0, 0, 0, 0, 1800, 100, 1),
(76149, 1622, 1, 331, 2821.68, 301.546, 92.671, 3.169, 0, 0, 0, 0, 1800, 100, 1),
(76150, 1622, 1, 331, 1827.92, -2445, 85.9608, 2.294, 0, 0, 0, 0, 1800, 100, 1),
(76151, 1622, 1, 331, 2785.83, 286.121, 76.4191, -2, 0, 0, -0.700909, 0.71325, 1800, 100, 1),
(76152, 1622, 1, 331, 2898.35, -3049, 204.883, 6.099, 0, 0, 0, 0, 1800, 100, 1),
(76153, 1622, 1, 331, 1903.63, -2421, 89.9324, 0.464, 0, 0, 0, 0, 1800, 100, 1),
(76154, 1622, 1, 331, 2469.96, -1661, 149.331, 1.065, 0, 0, 0.507538, 0.861629, 1800, 100, 1),
(76155, 1622, 1, 331, 3378.1, -466, 154.218, 6.205, 0, 0, 0, 0, 1800, 100, 1),
(76156, 1622, 1, 331, 3212.49, -106, 106.068, 1.41, 0, 0, 0, 0, 1800, 100, 1),
(76157, 1622, 1, 331, 1711.45, -3024, 133.591, 0.382, 0, 0, 0, 0, 1800, 100, 1),
(76158, 1622, 1, 331, 1617.65, -2971, 181.102, 0.802, 0, 0, 0, 0, 1800, 100, 1),
(76159, 1622, 1, 331, 1584.57, -2861, 184.737, 4.454, 0, 0, 0, 0, 1800, 100, 1),
(76160, 1622, 1, 331, 1593.34, -2911, 182.441, 0.126, 0, 0, 0, 0, 1800, 100, 1),
(76161, 1622, 1, 331, 2087.19, -2682, 104.528, 2.149, 0, 0, 0, 0, 1800, 100, 1),
(76162, 1622, 1, 331, 1684.62, -1847, 110.363, 0.009, 0, 0, 0, 0, 1800, 100, 1),
(76163, 1622, 1, 331, 1873.6, -2242, 120.965, 6.001, 0, 0, 0, 0, 1800, 100, 1),
(76164, 1622, 1, 331, 1673.26, -1613, 109.69, 4.583, 0, 0, 0, 0, 1800, 100, 1),
(76165, 1622, 1, 331, 1833.71, -2317, 131.265, 3.089, 0, 0, 0.999657, 0.026177, 1800, 100, 1),
(76166, 1622, 1, 331, 2951.11, -49.1315, 102.306, 4.08407, 0, 0, -0.891006, 0.453991, 1800, 100, 1),
(76167, 1622, 1, 331, 2924.85, -3426, 131.624, 1.453, 0, 0, 0, 0, 1800, 100, 1),
(76168, 1622, 1, 331, 3848.68, -147, 2.988, 1.276, 0, 0, 0, 0, 1800, 100, 1),
(76169, 1622, 1, 331, 3476.04, -105, 3.024, 3.774, 0, 0, 0, 0, 1800, 100, 1),
(76170, 1622, 1, 331, 3545.25, 442.698, 3.686, 1.975, 0, 0, 0, 0, 1800, 100, 1),
(76171, 1622, 1, 331, 1568.48, -3368, 143.117, 4.171, 0, 0, 0, 0, 1800, 100, 1),
(76172, 1622, 1, 331, 1702.13, -3171, 99.016, 4.23, 0, 0, 0, 0, 1800, 100, 1),
(76173, 1622, 1, 331, 2831.35, -2966, 165.781, 0.589, 0, 0, 0, 0, 1800, 100, 1),
(76174, 1622, 1, 331, 1833.41, -2641, 95.743, 3.9, 0, 0, 0, 0, 1800, 100, 1),
(76175, 1622, 1, 331, 2479.17, -1666, 138.583, 2.84, 0, 0, 0, 0, 1800, 100, 1),
(76176, 1622, 1, 331, 2818.36, -2901, 168.474, 1.771, 0, 0, 0, 0, 1800, 100, 1),
(76177, 1622, 1, 331, 2239.26, -1610, 86.79, 0.935, 0, 0, 0, 0, 1800, 100, 1),
(76178, 1622, 1, 331, 1899.04, -1701, 54.479, 1.493, 0, 0, 0, 0, 1800, 100, 1),
(76179, 1622, 1, 331, 2236.68, -1563, 87.338, 1.595, 0, 0, 0, 0, 1800, 100, 1),
(76180, 1622, 1, 331, 2947.93, -2724, 217.033, 5.046, 0, 0, 0, 0, 1800, 100, 1),
(76181, 1622, 1, 331, 3956.29, 581.321, 20.324, 2.937, 0, 0, 0, 0, 1800, 100, 1),
(76182, 1622, 1, 331, 4018.17, 565.513, 28.261, 6.118, 0, 0, 0, 0, 1800, 100, 1),
(76183, 1622, 1, 331, 3334.32, -495, 154.681, 2.688, 0, 0, 0.97437, 0.224951, 1800, 100, 1),
(76184, 1622, 1, 331, 2643.65, -2110, 201.677, 3.641, 0, 0, 0, 0, 1800, 100, 1),
(76185, 1622, 1, 331, 2545.1, -2192, 197.621, 3.935, 0, 0, 0, 0, 1800, 100, 1),
(76186, 1622, 1, 331, 2477.1, -2139, 202.718, 2.875, 0, 0, 0, 0, 1800, 100, 1),
(76187, 1622, 1, 331, 3687.24, 889.949, 1.544, 1.583, 0, 0, 0, 0, 1800, 100, 1),
(76188, 1622, 1, 331, 3732.95, 939.125, 0.239, 5.851, 0, 0, 0, 0, 1800, 100, 1),
(76189, 1622, 1, 331, 3625.51, 934.443, 0.259, 6.079, 0, 0, 0, 0, 1800, 100, 1),
(76190, 1622, 1, 331, 3457.25, 811.304, 15.878, 4.324, 0, 0, 0, 0, 1800, 100, 1),
(76191, 1622, 1, 331, 3656.03, 932.682, 6.13, 0.094, 0, 0, 0, 0, 1800, 100, 1),
(76192, 1622, 1, 331, 1546.08, -2924, 183.847, 4.646, 0, 0, 0, 0, 1800, 100, 1),
(76193, 1622, 1, 331, 1684.58, -3371, 143.967, 0.346, 0, 0, 0, 0, 1800, 100, 1),
(76194, 1622, 1, 331, 1627.87, -3377, 143.041, 3.256, 0, 0, 0, 0, 1800, 100, 1),
(76195, 1622, 1, 331, 2316.09, -1870, 70.713, 0.605, 0, 0, 0, 0, 1800, 100, 1),
(76196, 1622, 1, 331, 3030.35, 603.606, 8.55, 1.987, 0, 0, 0, 0, 1800, 100, 1),
(76197, 1622, 1, 331, 2206.04, -1636.15, 92.0891, -0.575959, 0, 0, 0.284015, -0.95882, 1800, 100, 1),
(76198, 1622, 1, 331, 1593.49, -3325, 143.963, 2.671, 0, 0, 0, 0, 1800, 100, 1),
(76199, 1622, 1, 331, 2298.09, -2836, 138.998, 2.745, 0, 0, 0, 0, 1800, 100, 1),
(76200, 1622, 1, 331, 2691.73, -2914, 150.752, 3.389, 0, 0, 0, 0, 1800, 100, 1),
(76201, 1622, 1, 331, 2691.5, -2952, 142.466, 4.681, 0, 0, 0, 0, 1800, 100, 1),
(76202, 1622, 1, 331, 2624.04, -3613, 106.707, 3.032, 0, 0, 0, 0, 1800, 100, 1),
(76203, 1622, 1, 331, 2334.13, -3499, 45.972, 1.21, 0, 0, 0, 0, 1800, 100, 1),
(76204, 1622, 1, 331, 2891.42, -3010, 202.019, 6.087, 0, 0, 0, 0, 1800, 100, 1),
(76205, 1623, 1, 331, 2893.93, 831.055, 130.238, 3.333, 0, 0, 0, 0, 1800, 100, 1),
(76206, 1623, 1, 331, 2095.36, -2128, 137.007, 3.815, 0, 0, 0, 0, 1800, 100, 1),
(76207, 1623, 1, 331, 2437.48, -2505, 197.419, -3, 0, 0, -0.999657, 0.026177, 1800, 100, 1),
(76208, 1623, 1, 331, 3223.68, -1207, 235.617, 4.996, 0, 0, 0, 0, 1800, 100, 1),
(76209, 1623, 1, 331, 3023.06, -1086, 263.434, 1.811, 0, 0, 0, 0, 1800, 100, 1),
(76210, 1623, 1, 331, 3560.01, -1415, 202.035, 1.211, 0, 0, 0, 0, 1800, 100, 1),
(76211, 1623, 1, 331, 1707.59, -3394, 145.065, 4.805, 0, 0, 0, 0, 1800, 100, 1),
(76212, 1623, 1, 331, 3145.7, -713, 191.2, 5.587, 0, 0, 0, 0, 1800, 100, 1),
(76213, 1623, 1, 331, 3448.8, -1736, 211.087, 4.384, 0, 0, 0, 0, 1800, 100, 1),
(76214, 1623, 1, 331, 2963.07, -2878, 244.66, 5.809, 0, 0, 0, 0, 1800, 100, 1),
(76215, 1623, 1, 331, 3517.52, -501, 187.74, 5.858, 0, 0, 0, 0, 1800, 100, 1),
(76216, 1623, 1, 331, 3521.44, -1392, 192.939, 1.276, 0, 0, 0, 0, 1800, 100, 1),
(76217, 1623, 1, 331, 3179.57, -702, 197.081, 0.905, 0, 0, 0, 0, 1800, 100, 1),
(76218, 1623, 1, 331, 1741, -3043, 141.266, 1.608, 0, 0, 0, 0, 1800, 100, 1),
(76219, 1624, 1, 331, 3492.66, 33.213, 2.148, -1, 0, 0, -0.25038, 0.968148, 1800, 100, 1),
(76220, 1624, 1, 331, 3760.23, -74, 0, -1, 0, 0, -0.507538, 0.861629, 1800, 100, 1),
(76221, 1624, 1, 331, 2918.35, -3461.84, 120.189, 4.90438, 0, 0, -0.636078, 0.771625, 1800, 100, 1),
(76222, 1624, 1, 331, 2080.19, -2744.77, 108.548, 3.03684, 0, 0, 0.998629, 0.0523532, 1800, 100, 1),
(76223, 2041, 1, 331, 2599.92, -2837.02, 163.409, 1.71042, 0, 0, 0.754709, 0.656059, 1800, 100, 1),
(76224, 2041, 1, 331, 2239.33, -2190.92, 100.649, 1.11701, 0, 0, 0.529919, 0.848048, 1800, 100, 1),
(76225, 2041, 1, 331, 1476.45, -2163.62, 87.262, 5.13127, 0, 0, -0.544639, 0.838671, 1800, 100, 1),
(76226, 1624, 1, 331, 3152.67, -1811.98, 175.534, 6.21337, 0, 0, -0.0348988, 0.999391, 1800, 255, 1),
(76227, 1621, 1, 331, 2084.18, -3418.2, 92.7692, 5.88176, 0, 0, -0.199368, 0.979925, 300, 100, 1),
(76228, 1621, 1, 331, 2841.6, -3415.37, 120.457, 0.575957, 0, 0, 0.284015, 0.95882, 300, 100, 1),
(76229, 1621, 1, 331, 3302.76, -1428.81, 175.2, 3.49067, 0, 0, -0.984807, 0.173652, 300, 100, 1),
(76230, 1621, 1, 331, 2163.18, -3106.93, 110.897, 0.104719, 0, 0, 0.0523357, 0.99863, 300, 100, 1),
(76231, 1621, 1, 331, 2118.77, -513.479, 110.082, 0.663223, 0, 0, 0.325567, 0.945519, 300, 100, 1),
(76232, 1621, 1, 331, 1942.23, -588.895, 112.46, 2.42601, 0, 0, 0.936672, 0.350207, 300, 100, 1),
(76233, 1621, 1, 331, 1478.53, -2418.84, 105.17, 1.39626, 0, 0, 0.642787, 0.766045, 300, 100, 1),
(76234, 1621, 1, 331, 2072.23, -909.099, 106.51, 0.785397, 0, 0, 0.382683, 0.92388, 300, 100, 1),
(76235, 1622, 1, 331, 2922.28, -3496.77, 116.395, 1.309, 0, 0, 0.608761, 0.793354, 300, 100, 1),
(76236, 1622, 1, 331, 2038.86, -2776.85, 125.449, 4.34587, 0, 0, -0.824126, 0.566406, 300, 100, 1),
(76237, 1622, 1, 331, 3459.65, 826.669, 6.31089, 0.122173, 0, 0, 0.0610485, 0.998135, 300, 100, 1),
(76238, 1622, 1, 331, 3714.13, 901.109, 0.967006, 0.575957, 0, 0, 0.284015, 0.95882, 300, 100, 1),
(76239, 1622, 1, 331, 1947.19, -1507.37, 76.0937, 1.29154, 0, 0, 0.601814, 0.798636, 300, 100, 1),
(76240, 1622, 1, 331, 3635.83, 935.257, 3.26611, 5.51524, 0, 0, -0.374606, 0.927184, 300, 100, 1),
(76241, 1622, 1, 331, 2536.5, -2189.83, 198.977, 1.29154, 0, 0, 0.601814, 0.798636, 300, 100, 1),
(76242, 1622, 1, 331, 1603.09, -3015.52, 102.267, 1.44862, 0, 0, 0.66262, 0.748956, 300, 100, 1),
(76243, 1622, 1, 331, 2231.59, -1551.59, 93.0479, 0.645772, 0, 0, 0.317305, 0.948324, 300, 100, 1),
(76244, 142140, 1, 331, 2928.65, -2809, 213.12, 4.242, 0, 0, 0, 0, 2700, 100, 1),
(76245, 142140, 1, 331, 3473.65, 278.01, 11.355, 0.182, 0, 0, 0, 0, 2700, 100, 1),
(76246, 142140, 1, 331, 2972.96, -62, 98.628, 0, 0, 0, -0.241922, 0.970296, 2700, 100, 1),
(76247, 142140, 1, 331, 3978.14, 857.464, 0.818, 3.67, 0, 0, 0, 0, 2700, 100, 1),
(76248, 142140, 1, 331, 2930.06, -56, 107.536, 1.239, 0, 0, 0, 0, 2700, 100, 1),
(76249, 142140, 1, 331, 3211.18, -269, 127.705, 3.344, 0, 0, 0, 0, 2700, 100, 1),
(76250, 142140, 1, 331, 2754.37, -3027, 151.703, 4.581, 0, 0, 0, 0, 2700, 100, 1),
(76251, 142140, 1, 331, 3676.34, 810.223, 6.04557, 4.31097, 0, 0, -0.833885, 0.551938, 2700, 100, 1),
(76252, 142140, 1, 331, 2484.83, -1942, 175.906, 5.551, 0, 0, 0, 0, 2700, 100, 1),
(76253, 142145, 1, 331, 2011.85, -2966, 109.821, 0.87, 0, 0, 0, 0, 300, 100, 1),
(76254, 142145, 1, 331, 1970.67, -3204, 99.526, 5.225, 0, 0, 0, 0, 300, 100, 1),
(76255, 142145, 1, 331, 1635, -3108, 89.512, 3.513, 0, 0, 0, 0, 300, 100, 1),
(76256, 142145, 1, 331, 1662.91, -3360, 143.092, 5.688, 0, 0, 0, 0, 300, 100, 1),
(76257, 142145, 1, 331, 2142.38, -2982.28, 115.142, -1.11701, 0, 0, 0.529919, -0.848048, 300, 100, 1),
(76258, 142145, 1, 331, 1696.56, -3145, 91.569, 4.22, 0, 0, 0, 0, 300, 100, 1),
(76259, 142145, 1, 331, 2183.22, -3046, 123.876, 3.595, 0, 0, 0, 0, 300, 100, 1),
(76260, 142145, 1, 331, 2049.3, -3138.72, 102.235, 1.91986, 0, 0, 0.819152, 0.573577, 300, 100, 1),
(76261, 142145, 1, 331, 1953.24, -3148.67, 100.534, 3.927, 0, 0, -0.923879, 0.382686, 300, 100, 1),
(76262, 142145, 1, 331, 1664.29, -3257.31, 144.601, 2.04204, 0, 0, 0.85264, 0.522499, 300, 100, 1),
(76263, 1624, 1, 331, 3094.44, -1596.81, 188.203, 2.82743, 0, 0, 0.987688, 0.156436, 300, 100, 1),
(76264, 1624, 1, 331, 3013.79, -1848.96, 170.763, 1.98967, 0, 0, 0.83867, 0.54464, 300, 100, 1),
(76265, 1624, 1, 331, 4030.25, 164.387, 4.05102, 0.244346, 0, 0, 0.121869, 0.992546, 300, 100, 1),
(76266, 1620, 1, 331, 2617.3, -36.7333, 90.8484, 0.698131, 0, 0, 0.34202, 0.939693, 300, 100, 1),
(76267, 1620, 1, 331, 1876.14, -1721.68, 55.5824, 3.08918, 0, 0, 0.999657, 0.0262016, 300, 100, 1),
(76268, 1620, 1, 331, 3468.23, 698.412, 5.72655, 6.07375, 0, 0, -0.104528, 0.994522, 300, 100, 1),
(76269, 142140, 1, 331, 4167.73, 1054.79, 3.75733, 4.11898, 0, 0, -0.882947, 0.469473, 300, 100, 1),
(76270, 142140, 1, 331, 2881.48, -2757.06, 211.224, 4.88692, 0, 0, -0.642787, 0.766045, 300, 100, 1),
(76271, 1623, 1, 331, 1712.75, -3379.23, 149.919, 0.279252, 0, 0, 0.139173, 0.990268, 300, 100, 1),
(76272, 2041, 1, 331, 2320.24, -2332.16, 112.906, 0.733038, 0, 0, 0.358368, 0.93358, 300, 100, 1),
(76273, 2041, 1, 331, 2506.59, -2342.51, 144.172, 0.0698117, 0, 0, 0.0348988, 0.999391, 300, 100, 1),
(76274, 1622, 1, 331, 3705.17, 815.295, 6.18831, -2.46091, 0, 0, 0.942641, -0.333807, 1800, 100, 1),
(76275, 1621, 1, 331, 3584.87, 642.443, 12.888, 0.139626, 0, 0, 0.069756, 0.997564, 900, 100, 1),
(76276, 142140, 1, 331, 3472.97, 426.689, -1.17177, -2.89725, 0, 0, 0.992546, -0.121869, 2700, 100, 1),
(76277, 1621, 1, 331, 2962.99, 385.299, 91.82, -0.645772, 0, 0, 0.317305, -0.948324, 900, 100, 1),
(76278, 1620, 1, 331, 2871.51, 353.335, 91.6667, 1.25664, 0, 0, 0.587785, 0.809017, 900, 100, 1),
(76279, 1622, 1, 331, 1638.67, -1843.24, 120.203, 3.12414, 0, 0, 0.999962, 0.008727, 1800, 100, 1),
(76280, 1621, 1, 331, 1426.8, -1952.5, 99.9765, 0.558505, 0, 0, 0.275637, 0.961262, 900, 100, 1),
(76281, 1621, 1, 331, 2487.97, -3658.66, 54.2921, -1.69297, 0, 0, 0.748956, -0.66262, 900, 100, 1),
(76282, 1620, 1, 331, 2756.46, -3094.9, 163.366, -1.62316, 0, 0, 0.725374, -0.688354, 900, 100, 1),
(76283, 142140, 1, 331, 2774.76, -2983.14, 147.94, 2.6529, 0, 0, 0.970296, 0.241922, 2700, 100, 1),
(76284, 1622, 1, 331, 2708.76, -3015.53, 143.975, 3.01942, 0, 0, 0.998135, 0.061049, 1800, 100, 1),
(76285, 1624, 1, 331, 2301.97, -3024.32, 125.214, 2.40855, 0, 0, 0.93358, 0.358368, 1800, 100, 1),
(76286, 1621, 1, 331, 2200.46, -2983.75, 121.052, 2.00713, 0, 0, 0.843391, 0.5373, 900, 100, 1),
(76287, 2041, 1, 331, 2204.97, -3003.51, 114.69, 1.76278, 0, 0, 0.771625, 0.636078, 1800, 100, 1),
(76288, 1624, 1, 331, 1977.47, -3053.46, 107.193, 1.36136, 0, 0, 0.62932, 0.777146, 1800, 100, 1),
(76289, 1620, 1, 331, 2376.63, -940.836, 99.4775, 2.04204, 0, 0, 0.85264, 0.522499, 900, 100, 1),
(76290, 1624, 1, 331, 3343.28, 388.38, 3.15747, 1.81514, 0, 0, 0.788011, 0.615662, 1800, 100, 1),
(76291, 1620, 1, 331, 3370.7, 434.525, 5.09357, -3.05433, 0, 0, 0.999048, -0.043619, 900, 100, 1),
(76292, 1621, 1, 331, 3920.32, 622.906, 9.86391, -0.820305, 0, 0, 0.398749, -0.91706, 900, 100, 1),
(76293, 1624, 1, 331, 2111.2, -3017.49, 111.796, 4.25861, 0, 0, -0.848047, 0.529921, 300, 100, 1),
(76294, 1624, 1, 331, 2192.14, -972.788, 94.6969, 2.51327, 0, 0, 0.951056, 0.309017, 300, 100, 1),
(76295, 1624, 1, 331, 2132.78, -2968.13, 114.307, 5.42797, 0, 0, -0.414693, 0.909961, 300, 100, 1),
(76296, 2041, 1, 331, 1920.16, -2939.41, 94.9626, 1.18682, 0, 0, 0.559193, 0.829038, 300, 100, 1),
(76297, 2041, 1, 331, 2066.76, -1994.64, 94.9482, -2.30383, 0, 0, 0.913545, -0.406737, 1800, 100, 1),
(76298, 2041, 1, 331, 1848.97, -1927.76, 94.8288, 4.5204, 0, 0, -0.771625, 0.636078, 300, 100, 1),
(76299, 2041, 1, 331, 1767.24, -1808.65, 94.5485, 3.73501, 0, 0, -0.956305, 0.292372, 300, 100, 1),
(76300, 1624, 1, 331, 3516.21, 737.909, 6.25968, -1.46608, 0, 0, 0.669131, -0.743145, 1800, 100, 1),
(76301, 142140, 1, 331, 2510.14, -2177.29, 200.129, -1.81514, 0, 0, 0.788011, -0.615661, 2700, 100, 1),
(76302, 142140, 1, 331, 3040.38, 521.228, 4.26367, 1.76278, 0, 0, 0.771625, 0.636078, 2700, 100, 1),
(76303, 142140, 1, 331, 3202.19, -270.55, 122.384, 0.855211, 0, 0, 0.414693, 0.909961, 2700, 100, 1),
(76304, 142145, 1, 331, 1704.39, -3483.99, 143.631, 0.069813, 0, 0, 0.034899, 0.999391, 300, 100, 1),
(76305, 1620, 1, 331, 2227.15, -2295.62, 104.684, 2.02458, 0, 0, 0.848047, 0.529921, 900, 100, 1),
(76306, 1620, 1, 331, 2208.3, -3540.27, 45.3542, -2.75762, 0, 0, 0.981627, -0.190809, 900, 100, 1),
(76307, 1620, 1, 331, 1733.49, -2400.11, 104.377, -2.61799, 0, 0, 0.965926, -0.258819, 900, 100, 1),
(76308, 1620, 1, 331, 3290.33, 727.878, 5.54646, -0.122173, 0, 0, 0.061049, -0.998135, 900, 100, 1),
(76309, 1620, 1, 331, 2874.86, 39.6865, 94.6254, -2.80998, 0, 0, 0.986286, -0.165048, 900, 100, 1),
(76310, 1620, 1, 331, 2370.87, -1151.9, 91.3531, -1.27409, 0, 0, 0.594823, -0.803857, 900, 100, 1),
(76311, 1621, 1, 331, 2969.16, -652.813, 183.575, 0.314159, 0, 0, 0.156434, 0.987688, 900, 100, 1),
(76312, 1621, 1, 331, 2951.55, -385.627, 107.113, 1.11701, 0, 0, 0.529919, 0.848048, 900, 100, 1),
(76313, 1621, 1, 331, 2330.45, -3540.44, 46.882, -1.78024, 0, 0, 0.777146, -0.62932, 900, 100, 1),
(76314, 1621, 1, 331, 3462.15, -388.731, 138.997, 0.10472, 0, 0, 0.052336, 0.99863, 900, 100, 1),
(76315, 1621, 1, 331, 1756.45, -2200.29, 97.3291, 0.680678, 0, 0, 0.333807, 0.942641, 900, 100, 1),
(76316, 1621, 1, 331, 2925.56, -2564.63, 224.48, -2.58309, 0, 0, 0.961262, -0.275637, 900, 100, 1),
(76317, 1622, 1, 331, 2322.27, -2893.05, 143.599, 0.488692, 0, 0, 0.241922, 0.970296, 1800, 100, 1),
(76318, 1622, 1, 331, 2381.54, -3624.82, 47.4074, -2.21657, 0, 0, 0.894934, -0.446198, 1800, 100, 1),
(76319, 1622, 1, 331, 1662.67, -1584.32, 133.698, -0.977384, 0, 0, 0.469472, -0.882948, 1800, 100, 1),
(76320, 1622, 1, 331, 2596.9, -2138.99, 194.331, -0.541052, 0, 0, 0.267238, -0.96363, 1800, 100, 1),
(76321, 1622, 1, 331, 1830.78, -2460.02, 82.1986, -1.15192, 0, 0, 0.544639, -0.838671, 1800, 100, 1),
(76322, 1622, 1, 331, 4020.98, 584.064, 34.1959, 1.64061, 0, 0, 0.731354, 0.681998, 1800, 100, 1),
(76323, 1622, 1, 331, 4068.27, 767.957, 5.82233, 1.16937, 0, 0, 0.551937, 0.833886, 1800, 100, 1),
(76324, 1622, 1, 331, 3469.56, 402.485, 0.028288, -2.67035, 0, 0, 0.97237, -0.233445, 1800, 100, 1),
(76325, 1623, 1, 331, 2900.9, 832.995, 129.443, 2.63545, 0, 0, 0.968148, 0.25038, 1800, 100, 1),
(76326, 1623, 1, 331, 2440.16, -2515.09, 201.35, -3.08923, 0, 0, 0.999657, -0.026177, 1800, 100, 1),
(76327, 1623, 1, 331, 3048.61, -1017.87, 217.139, 1.93731, 0, 0, 0.824126, 0.566406, 1800, 100, 1),
(76328, 1623, 1, 331, 1583.23, -3169.4, 148.526, -3.07178, 0, 0, 0.999391, -0.034899, 1800, 100, 1),
(76329, 1624, 1, 331, 3148.13, -189.295, 110.024, -2.09439, 0, 0, 0.866025, -0.5, 1800, 100, 1),
(76330, 1624, 1, 331, 2044.28, -3400.71, 92.2414, 0.855211, 0, 0, 0.414693, 0.909961, 1800, 100, 1),
(76331, 1624, 1, 331, 3380.83, 613.615, 5.51402, -1.0472, 0, 0, 0.5, -0.866025, 1800, 100, 1),
(76332, 1624, 1, 331, 3296.87, -451.888, 150.117, 1.85005, 0, 0, 0.798636, 0.601815, 1800, 100, 1),
(76333, 1624, 1, 331, 2727.56, -2248.54, 198.688, 0.244346, 0, 0, 0.121869, 0.992546, 1800, 100, 1),
(76334, 1624, 1, 331, 2583.45, -1983.67, 146.993, -3.00197, 0, 0, 0.997564, -0.069756, 1800, 100, 1),
(76335, 1624, 1, 331, 1864.23, -2486.41, 70.0121, -2.42601, 0, 0, 0.936672, -0.350207, 1800, 100, 1),
(76336, 1624, 1, 331, 3378.6, -1651.11, 168.239, -0.10472, 0, 0, 0.052336, -0.99863, 1800, 100, 1),
(76337, 1624, 1, 331, 3357.22, 592.805, 3.73639, 0.523598, 0, 0, 0.258819, 0.965926, 300, 100, 1),
(76338, 1624, 1, 331, 2849.34, -1983.63, 163.306, 3.57793, 0, 0, -0.976295, 0.216442, 300, 100, 1),
(76339, 1624, 1, 331, 2552.5, -1973.38, 143.599, 2.33874, 0, 0, 0.920505, 0.390732, 300, 100, 1),
(76340, 1624, 1, 331, 2852.96, -785.46, 156.364, 4.81711, 0, 0, -0.66913, 0.743145, 300, 100, 1),
(76341, 1624, 1, 331, 2309.54, -944.396, 88.0331, 0.59341, 0, 0, 0.292371, 0.956305, 300, 100, 1),
(76342, 1624, 1, 331, 2857.16, -2521.59, 220.353, 3.57793, 0, 0, -0.976295, 0.216442, 300, 100, 1),
(76343, 1624, 1, 331, 3178.81, 657.709, 2.36676, 1.43117, 0, 0, 0.656058, 0.75471, 300, 100, 1),
(76344, 1620, 1, 331, 2525.04, -3616.79, 58.6529, 0.925024, 0, 0, 0.446198, 0.894935, 300, 100, 1),
(76345, 2041, 1, 331, 2710.84, -2596, 183.061, 3.07178, 0, 0, 0.999391, 0.034899, 1800, 100, 1),
(76346, 2041, 1, 331, 2279.49, -2866.66, 132.498, 1.0472, 0, 0, 0.5, 0.866025, 1800, 100, 1),
(76347, 2041, 1, 331, 2228.53, -2814.08, 123.788, 0.366519, 0, 0, 0.182236, 0.983255, 1800, 100, 1),
(76348, 2041, 1, 331, 2367.22, -3630.9, 38.5453, 0.820305, 0, 0, 0.398749, 0.91706, 1800, 100, 1),
(76349, 2041, 1, 331, 2144.38, -2088.34, 98.7159, 2.30383, 0, 0, 0.913545, 0.406737, 1800, 100, 1),
(76350, 2041, 1, 331, 1831.38, -2845.16, 95.0956, 3.87463, 0, 0, -0.93358, 0.358368, 300, 100, 1),
(76351, 2041, 1, 331, 2203.34, -3562.25, 39.4123, 4.64258, 0, 0, -0.731354, 0.681998, 300, 100, 1),
(76352, 2041, 1, 331, 2103.75, -2889.68, 106.928, 2.89725, 0, 0, 0.992546, 0.12187, 300, 100, 1),
(76353, 2041, 1, 331, 1958.71, -2854.11, 95.1145, 1.69297, 0, 0, 0.748956, 0.66262, 300, 100, 1);

-- Alterac Mountains had no pooling
DELETE FROM `gameobject` WHERE `id` IN (1622, 3730, 1624, 2046, 2043, 1628, 1623, 2044, 2041, 2042) AND `guid` IN (7357,7379,7388,7389,7391,7396,7397,7401,7402,7403,7404,7405,7406,7408,7409,7415,7420,7421,7422,7424,7451,7452,7457,7459,7465,7507,7508,7510,7511,7527,7550,7552,7576,7585,7621,7646,7647,7665,7668,7670,7675,7678,7683,7684,7685,7688,7689,7690,7691,7696,7699,7702,7704,7707,7721,7723,7738,7760,7768,7774,7775,7797,7820,7822,7825,7831,7843,7902,7906,7919,7959,7981,7982,7989,8015,8026,8030,8051,8055,8062,8064,8071,8092,8102,8120,8130,8132,8133,8162,8164,8172,8174,8190,8191,8192,8193,8194,8195,8196,8197,8198,8199,8200,8201,8202,8203,8204,8205,8206,8207,8208,8209,8210,8211,8212,8213,8214,8215,8621,8622,8624,8625,8630,8631,8633,8634,8635,8649,8654,8655,8680,8684,8685,8715,8716,8747,8749,8752,8753,8769,8792,8798,8819,8851,8855,8867,8873,8878,8885,8892,8926,8939,8946,8974,8984,8987,8988,8990,8991,9002,9008,9009,9010,9031,9046,9048,9049,9050,9051,9102,9105,9142,9143,9162,9165,9172,9173,9191,9211,9213,21220,21279,4498,4497,32644,4445,4444,4450,4492,32198,32185,32190,32202,32188,63407,32197,32114,3853,3607,33168,3176,3608,3030,33174,86836,4278,3038,3034,87249,4354,65095,3031,3671,32200,32201,32195,33140,3564,3610,3609,32210,32209,86323,86336,33305,4046,4371,29997,8128,33197,33203,86801,86808,65310,35372,33201,35375,32217,33135,33137,33310,35389,35397,35404,4182,4171,3926,3931,4104,3927,4201,4078,35388,4256,4260,4257,4250,32284,3545,3362,4204,3112,4151,64094,35394,3676,3111,32643,4156,32199,4102);

-- Vmangos Pools: (1056,1057,1058,1059,1060,1061,1062,1063,1071);
DELETE FROM `pool_template` WHERE `entry` BETWEEN 532 AND 540;
INSERT INTO `pool_template` (`entry`, `max_limit`, `description`) VALUES
(532, 8, 'Bruiseweed in Alterac Mountains'),
(533, 2, 'Kingsblood in Alterac Mountains'),
(534, 12, 'Goldthorn in Alterac Mountains'),
(535, 8, 'Khadgars Whisker in Alterac Mountains'),
(536, 2, 'Grave Moss in Alterac Mountains'),
(537, 5, 'Wild Steelbloom in Alterac Mountains'),
(538, 9, 'Wintersbite in Alterac Mountains'),
(539, 8, 'Liferoot in Alterac Mountains'),
(540, 11, 'Fadeleafs in Alterac Mountains');

DELETE FROM `pool_gameobject` WHERE `guid` BETWEEN 76354 AND 76637;
INSERT INTO `pool_gameobject` (`guid`, `pool_entry`, `chance`, `description`) VALUES 
(76354, 532, 0, 'Bruiseweed'),
(76355, 532, 0, 'Bruiseweed'),
(76356, 532, 0, 'Bruiseweed'),
(76357, 532, 0, 'Bruiseweed'),
(76358, 532, 0, 'Bruiseweed'),
(76359, 532, 0, 'Bruiseweed'),
(76360, 532, 0, 'Bruiseweed'),
(76361, 532, 0, 'Bruiseweed'),
(76362, 532, 0, 'Bruiseweed'),
(76363, 532, 0, 'Bruiseweed'),
(76364, 532, 0, 'Bruiseweed'),
(76365, 532, 0, 'Bruiseweed'),
(76366, 532, 0, 'Bruiseweed'),
(76367, 532, 0, 'Bruiseweed'),
(76368, 532, 0, 'Bruiseweed'),
(76369, 532, 0, 'Bruiseweed'),
(76370, 532, 0, 'Bruiseweed'),
(76371, 532, 0, 'Bruiseweed'),
(76372, 532, 0, 'Bruiseweed'),
(76373, 532, 0, 'Bruiseweed'),
(76374, 537, 0, 'Wild Steelbloom'),
(76375, 537, 0, 'Wild Steelbloom'),
(76376, 537, 0, 'Wild Steelbloom'),
(76377, 533, 0, 'Kingsblood'),
(76378, 533, 0, 'Kingsblood'),
(76379, 533, 0, 'Kingsblood'),
(76380, 537, 0, 'Wild Steelbloom'),
(76381, 537, 0, 'Wild Steelbloom'),
(76382, 537, 0, 'Wild Steelbloom'),
(76383, 537, 0, 'Wild Steelbloom'),
(76384, 537, 0, 'Wild Steelbloom'),
(76385, 537, 0, 'Wild Steelbloom'),
(76386, 537, 0, 'Wild Steelbloom'),
(76387, 537, 0, 'Wild Steelbloom'),
(76388, 537, 0, 'Wild Steelbloom'),
(76389, 537, 0, 'Wild Steelbloom'),
(76390, 537, 0, 'Wild Steelbloom'),
(76391, 537, 0, 'Wild Steelbloom'),
(76392, 537, 0, 'Wild Steelbloom'),
(76393, 533, 0, 'Kingsblood'),
(76394, 536, 0, 'Grave Moss'),
(76395, 536, 0, 'Grave Moss'),
(76396, 536, 0, 'Grave Moss'),
(76397, 536, 0, 'Grave Moss'),
(76398, 536, 0, 'Grave Moss'),
(76399, 536, 0, 'Grave Moss'),
(76400, 539, 0, 'Liferoot'),
(76401, 540, 0, 'Fadeleaf'),
(76402, 539, 0, 'Liferoot'),
(76403, 539, 0, 'Liferoot'),
(76404, 539, 0, 'Liferoot'),
(76405, 539, 0, 'Liferoot'),
(76406, 539, 0, 'Liferoot'),
(76407, 539, 0, 'Liferoot'),
(76408, 539, 0, 'Liferoot'),
(76409, 539, 0, 'Liferoot'),
(76410, 539, 0, 'Liferoot'),
(76411, 539, 0, 'Liferoot'),
(76412, 539, 0, 'Liferoot'),
(76413, 539, 0, 'Liferoot'),
(76414, 539, 0, 'Liferoot'),
(76415, 539, 0, 'Liferoot'),
(76416, 539, 0, 'Liferoot'),
(76417, 539, 0, 'Liferoot'),
(76418, 539, 0, 'Liferoot'),
(76419, 539, 0, 'Liferoot'),
(76420, 539, 0, 'Liferoot'),
(76421, 539, 0, 'Liferoot'),
(76422, 539, 0, 'Liferoot'),
(76423, 539, 0, 'Liferoot'),
(76424, 539, 0, 'Liferoot'),
(76425, 539, 0, 'Liferoot'),
(76426, 539, 0, 'Liferoot'),
(76427, 539, 0, 'Liferoot'),
(76428, 539, 0, 'Liferoot'),
(76429, 539, 0, 'Liferoot'),
(76430, 539, 0, 'Liferoot'),
(76431, 539, 0, 'Liferoot'),
(76432, 540, 0, 'Fadeleaf'),
(76433, 540, 0, 'Fadeleaf'),
(76434, 540, 0, 'Fadeleaf'),
(76435, 540, 0, 'Fadeleaf'),
(76436, 540, 0, 'Fadeleaf'),
(76437, 540, 0, 'Fadeleaf'),
(76438, 540, 0, 'Fadeleaf'),
(76439, 540, 0, 'Fadeleaf'),
(76440, 540, 0, 'Fadeleaf'),
(76441, 540, 0, 'Fadeleaf'),
(76442, 540, 0, 'Fadeleaf'),
(76443, 540, 0, 'Fadeleaf'),
(76444, 540, 0, 'Fadeleaf'),
(76445, 540, 0, 'Fadeleaf'),
(76446, 540, 0, 'Fadeleaf'),
(76447, 540, 0, 'Fadeleaf'),
(76448, 540, 0, 'Fadeleaf'),
(76449, 540, 0, 'Fadeleaf'),
(76450, 540, 0, 'Fadeleaf'),
(76451, 540, 0, 'Fadeleaf'),
(76452, 540, 0, 'Fadeleaf'),
(76453, 540, 0, 'Fadeleaf'),
(76454, 540, 0, 'Fadeleaf'),
(76455, 540, 0, 'Fadeleaf'),
(76456, 540, 0, 'Fadeleaf'),
(76457, 540, 0, 'Fadeleaf'),
(76458, 535, 0, 'Khadgar\'s Whisker'),
(76459, 535, 0, 'Khadgar\'s Whisker'),
(76460, 535, 0, 'Khadgar\'s Whisker'),
(76461, 535, 0, 'Khadgar\'s Whisker'),
(76462, 535, 0, 'Khadgar\'s Whisker'),
(76463, 535, 0, 'Khadgar\'s Whisker'),
(76464, 535, 0, 'Khadgar\'s Whisker'),
(76465, 535, 0, 'Khadgar\'s Whisker'),
(76466, 535, 0, 'Khadgar\'s Whisker'),
(76467, 535, 0, 'Khadgar\'s Whisker'),
(76468, 535, 0, 'Khadgar\'s Whisker'),
(76469, 535, 0, 'Khadgar\'s Whisker'),
(76470, 535, 0, 'Khadgar\'s Whisker'),
(76471, 535, 0, 'Khadgar\'s Whisker'),
(76472, 535, 0, 'Khadgar\'s Whisker'),
(76473, 535, 0, 'Khadgar\'s Whisker'),
(76474, 535, 0, 'Khadgar\'s Whisker'),
(76475, 535, 0, 'Khadgar\'s Whisker'),
(76476, 535, 0, 'Khadgar\'s Whisker'),
(76477, 535, 0, 'Khadgar\'s Whisker'),
(76478, 535, 0, 'Khadgar\'s Whisker'),
(76479, 535, 0, 'Khadgar\'s Whisker'),
(76480, 538, 0, 'Wintersbite'),
(76481, 538, 0, 'Wintersbite'),
(76482, 538, 0, 'Wintersbite'),
(76483, 538, 0, 'Wintersbite'),
(76484, 538, 0, 'Wintersbite'),
(76485, 538, 0, 'Wintersbite'),
(76486, 538, 0, 'Wintersbite'),
(76487, 538, 0, 'Wintersbite'),
(76488, 538, 0, 'Wintersbite'),
(76489, 538, 0, 'Wintersbite'),
(76490, 538, 0, 'Wintersbite'),
(76491, 538, 0, 'Wintersbite'),
(76492, 538, 0, 'Wintersbite'),
(76493, 538, 0, 'Wintersbite'),
(76494, 538, 0, 'Wintersbite'),
(76495, 538, 0, 'Wintersbite'),
(76496, 538, 0, 'Wintersbite'),
(76497, 538, 0, 'Wintersbite'),
(76498, 538, 0, 'Wintersbite'),
(76499, 538, 0, 'Wintersbite'),
(76500, 538, 0, 'Wintersbite'),
(76501, 538, 0, 'Wintersbite'),
(76502, 538, 0, 'Wintersbite'),
(76503, 538, 0, 'Wintersbite'),
(76504, 534, 0, 'Goldthorn'),
(76505, 534, 0, 'Goldthorn'),
(76506, 534, 0, 'Goldthorn'),
(76507, 534, 0, 'Goldthorn'),
(76508, 534, 0, 'Goldthorn'),
(76509, 534, 0, 'Goldthorn'),
(76510, 534, 0, 'Goldthorn'),
(76511, 534, 0, 'Goldthorn'),
(76512, 534, 0, 'Goldthorn'),
(76513, 534, 0, 'Goldthorn'),
(76514, 534, 0, 'Goldthorn'),
(76515, 534, 0, 'Goldthorn'),
(76516, 534, 0, 'Goldthorn'),
(76517, 534, 0, 'Goldthorn'),
(76518, 534, 0, 'Goldthorn'),
(76519, 534, 0, 'Goldthorn'),
(76520, 534, 0, 'Goldthorn'),
(76521, 534, 0, 'Goldthorn'),
(76522, 534, 0, 'Goldthorn'),
(76523, 534, 0, 'Goldthorn'),
(76524, 534, 0, 'Goldthorn'),
(76525, 534, 0, 'Goldthorn'),
(76526, 534, 0, 'Goldthorn'),
(76527, 534, 0, 'Goldthorn'),
(76528, 534, 0, 'Goldthorn'),
(76529, 534, 0, 'Goldthorn'),
(76530, 534, 0, 'Goldthorn'),
(76531, 534, 0, 'Goldthorn'),
(76532, 534, 0, 'Goldthorn'),
(76533, 534, 0, 'Goldthorn'),
(76534, 534, 0, 'Goldthorn'),
(76535, 534, 0, 'Goldthorn'),
(76536, 534, 0, 'Goldthorn'),
(76537, 534, 0, 'Goldthorn'),
(76538, 534, 0, 'Goldthorn'),
(76539, 534, 0, 'Goldthorn'),
(76540, 534, 0, 'Goldthorn'),
(76541, 534, 0, 'Goldthorn'),
(76542, 534, 0, 'Goldthorn'),
(76543, 534, 0, 'Goldthorn'),
(76544, 534, 0, 'Goldthorn'),
(76545, 534, 0, 'Goldthorn'),
(76546, 534, 0, 'Goldthorn'),
(76547, 534, 0, 'Goldthorn'),
(76548, 534, 0, 'Goldthorn'),
(76549, 534, 0, 'Goldthorn'),
(76550, 534, 0, 'Goldthorn'),
(76551, 534, 0, 'Goldthorn'),
(76552, 534, 0, 'Goldthorn'),
(76553, 534, 0, 'Goldthorn'),
(76554, 534, 0, 'Goldthorn'),
(76555, 534, 0, 'Goldthorn'),
(76556, 534, 0, 'Goldthorn'),
(76557, 534, 0, 'Goldthorn'),
(76558, 534, 0, 'Goldthorn'),
(76559, 532, 0, 'Bruiseweed'),
(76560, 532, 0, 'Bruiseweed'),
(76561, 532, 0, 'Bruiseweed'),
(76562, 540, 0, 'Fadeleaf'),
(76563, 540, 0, 'Fadeleaf'),
(76564, 540, 0, 'Fadeleaf'),
(76565, 540, 0, 'Fadeleaf'),
(76566, 540, 0, 'Fadeleaf'),
(76567, 540, 0, 'Fadeleaf'),
(76568, 534, 0, 'Goldthorn'),
(76569, 534, 0, 'Goldthorn'),
(76570, 534, 0, 'Goldthorn'),
(76571, 534, 0, 'Goldthorn'),
(76572, 534, 0, 'Goldthorn'),
(76573, 534, 0, 'Goldthorn'),
(76574, 536, 0, 'Grave Moss'),
(76575, 535, 0, 'Khadgars Whisker'),
(76576, 535, 0, 'Khadgars Whisker'),
(76577, 535, 0, 'Khadgars Whisker'),
(76578, 535, 0, 'Khadgars Whisker'),
(76579, 535, 0, 'Khadgars Whisker'),
(76580, 535, 0, 'Khadgars Whisker'),
(76581, 535, 0, 'Khadgars Whisker'),
(76582, 535, 0, 'Khadgars Whisker'),
(76583, 535, 0, 'Khadgars Whisker'),
(76584, 533, 0, 'Kingsblood'),
(76585, 533, 0, 'Kingsblood'),
(76586, 537, 0, 'Wild Steelbloom'),
(76587, 539, 0, 'Liferoot'),
(76588, 539, 0, 'Liferoot'),
(76589, 539, 0, 'Liferoot'),
(76590, 538, 0, 'Wintersbite'),
(76591, 538, 0, 'Wintersbite'),
(76592, 538, 0, 'Wintersbite'),
(76593, 538, 0, 'Wintersbite'),
(76594, 532, 0, 'Bruiseweed'),
(76595, 539, 0, 'Liferoot'),
(76596, 534, 0, 'Goldthorn'),
(76597, 539, 0, 'Liferoot'),
(76598, 539, 0, 'Liferoot'),
(76599, 533, 0, 'Kingsblood'),
(76600, 540, 0, 'Fadeleaf'),
(76601, 534, 0, 'Goldthorn'),
(76602, 540, 0, 'Fadeleaf'),
(76603, 539, 0, 'Liferoot'),
(76604, 535, 0, 'Khadgar\'s Whisker'),
(76605, 534, 0, 'Goldthorn'),
(76606, 535, 0, 'Khadgar\'s Whisker'),
(76607, 534, 0, 'Goldthorn'),
(76608, 533, 0, 'Kingsblood'),
(76609, 538, 0, 'Wintersbite'),
(76610, 533, 0, 'Kingsblood'),
(76611, 535, 0, 'Khadgar\'s Whisker'),
(76612, 535, 0, 'Khadgar\'s Whisker'),
(76613, 538, 0, 'Wintersbite'),
(76614, 532, 0, 'Bruiseweed'),
(76615, 533, 0, 'Kingsblood'),
(76616, 533, 0, 'Kingsblood'),
(76617, 534, 0, 'Goldthorn'),
(76618, 536, 0, 'Grave Moss'),
(76619, 538, 0, 'Wintersbite'),
(76620, 534, 0, 'Goldthorn'),
(76621, 534, 0, 'Goldthorn'),
(76622, 532, 0, 'Bruiseweed'),
(76623, 539, 0, 'Liferoot'),
(76624, 540, 0, 'Fadeleaf'),
(76625, 533, 0, 'Kingsblood'),
(76626, 533, 0, 'Kingsblood'),
(76627, 538, 0, 'Wintersbite'),
(76628, 533, 0, 'Kingsblood'),
(76629, 540, 0, 'Fadeleaf'),
(76630, 539, 0, 'Liferoot'),
(76631, 534, 0, 'Goldthorn'),
(76632, 538, 0, 'Wintersbite'),
(76633, 534, 0, 'Goldthorn'),
(76634, 532, 0, 'Bruiseweed'),
(76635, 538, 0, 'Wintersbite'),
(76636, 538, 0, 'Wintersbite'),
(76637, 534, 0, 'Goldthorn');

DELETE FROM `gameobject` WHERE `zoneId`=36 AND `guid` BETWEEN 76354 AND 76637;
INSERT INTO `gameobject` (`guid`, `id`, `map`, `zoneId`, `position_x`, `position_y`, `position_z`, `orientation`, `rotation0`, `rotation1`, `rotation2`, `rotation3`, `spawntimesecs`, `animprogress`, `state`) VALUES
(76354, 1622, 0, 36, -98.9951, 244.966, 53.2755, 4.67748, 0, 0, -0.719339, 0.694659, 1800, 255, 1),
(76355, 1622, 0, 36, 49.357, 437.539, 41.9076, 5.49779, 0, 0, -0.382683, 0.92388, 1800, 255, 1),
(76356, 1622, 0, 36, 175.703, 229.644, 41.172, 4.613, 0, 0, 0, 0, 1800, 100, 1),
(76357, 1622, 0, 36, 516.585, -197, 151.021, 2.449, 0, 0, 0, 0, 1800, 100, 1),
(76358, 1622, 0, 36, 715.695, -305, 140.422, 3.596, 0, 0, 0, 0, 1800, 100, 1),
(76359, 1622, 0, 36, 420.733, 247.508, 44.5997, 1.279, 0, 0, 0, 0, 1800, 100, 1),
(76360, 1622, 0, 36, 188.553, -1008, 73.928, 5.147, 0, 0, 0, 0, 1800, 100, 1),
(76361, 1622, 0, 36, 282.183, -1076, 78.315, 5.54, 0, 0, 0, 0, 1800, 100, 1),
(76362, 1622, 0, 36, 97.201, -981, 61.143, 5.069, 0, 0, 0, 0, 1800, 100, 1),
(76363, 1622, 0, 36, 674.578, -981, 165.495, 3.537, 0, 0, 0, 0, 1800, 100, 1),
(76364, 1622, 0, 36, 774.72, -359, 146.052, 4.99, 0, 0, 0, 0, 1800, 100, 1),
(76365, 1622, 0, 36, 777.731, -382, 144, 1.625, 0, 0, 0, 0, 1800, 100, 1),
(76366, 1622, 0, 36, 418.481, 212.071, 42.363, 3.918, 0, 0, 0, 0, 1800, 100, 1),
(76367, 1622, 0, 36, 422.569, 242.351, 43.781, 1.279, 0, 0, 0, 0, 1800, 100, 1),
(76368, 1622, 0, 36, 669.216, -982, 164.844, 3.537, 0, 0, 0, 0, 1800, 100, 1),
(76369, 1622, 0, 36, 701.369, -923, 164.289, 3.875, 0, 0, 0, 0, 1800, 100, 1),
(76370, 1622, 0, 36, 78.99, 437.489, 41.908, 0.454, 0, 0, 0, 0, 1800, 100, 1),
(76371, 1622, 0, 36, 560.215, -333, 151.4, 1.57, 0, 0, 0, 0, 1800, 100, 1),
(76372, 1622, 0, 36, 131.193, -987, 73.739, 4.684, 0, 0, 0, 0, 1800, 100, 1),
(76373, 1622, 0, 36, 461.656, 202.05, 42.4419, 6.21337, 0, 0, -0.0348988, 0.999391, 1800, 100, 1),
(76374, 1623, 0, 36, 763.565, -697, 160.645, 1.83, 0, 0, 0, 0, 1800, 100, 1),
(76375, 1623, 0, 36, 787.223, -649, 148.119, 6.248, 0, 0, 0, 0, 1800, 100, 1),
(76376, 1623, 0, 36, 724.157, -686, 160.487, 4.698, 0, 0, 0, 0, 1800, 100, 1),
(76377, 1624, 0, 36, 55.5641, -50.3888, 99.1906, 5.044, 0, 0, -0.580703, 0.814116, 1800, 255, 1),
(76378, 1624, 0, 36, -128.134, 349.505, 84.4771, 5.70723, 0, 0, -0.284015, 0.95882, 1800, 255, 1),
(76379, 1624, 0, 36, -190.381, 251.907, 89.6564, 4.32842, 0, 0, -0.829037, 0.559194, 1800, 255, 1),
(76380, 1623, 0, 36, 768.763, -573, 157.22, 1.328, 0, 0, 0, 0, 1800, 100, 1),
(76381, 1623, 0, 36, 490.03, -576, 180.76, 1.47, 0, 0, 0, 0, 1800, 100, 1),
(76382, 1623, 0, 36, 764.3, -659, 149.366, 1.498, 0, 0, 0, 0, 1800, 100, 1),
(76383, 1623, 0, 36, 786.472, -229, 135.415, 4.083, 0, 0, 0, 0, 1800, 100, 1),
(76384, 1623, 0, 36, 618.244, -91, 135.776, 1.664, 0, 0, 0, 0, 1800, 100, 1),
(76385, 1623, 0, 36, 728.679, -731, 161.956, 4.823, 0, 0, 0, 0, 1800, 100, 1),
(76386, 1623, 0, 36, 709.927, -748, 163.78, 3.993, 0, 0, 0, 0, 1800, 100, 1),
(76387, 1623, 0, 36, 760.372, -607, 156.033, 1.328, 0, 0, 0, 0, 1800, 100, 1),
(76388, 1623, 0, 36, 781.27, -345, 153.329, 0.358, 0, 0, 0, 0, 1800, 100, 1),
(76389, 1623, 0, 36, 835.267, -432, 136.516, 1.538, 0, 0, 0, 0, 1800, 100, 1),
(76390, 1623, 0, 36, 824.203, -513, 141.076, 1.531, 0, 0, 0, 0, 1800, 100, 1),
(76391, 1623, 0, 36, 895.223, -483, 133.016, 0.135, 0, 0, 0, 0, 1800, 100, 1),
(76392, 1623, 0, 36, 870.131, -487, 134.162, 0.135, 0, 0, 0, 0, 1800, 100, 1),
(76393, 1624, 0, 36, 184.216, 42.8294, 55.9464, 2.67035, 0, 0, 0.972369, 0.233448, 1800, 100, 1),
(76394, 1628, 0, 36, 488.094, -316, 155.56, 6.252, 0, 0, 0, 0, 1800, 100, 1),
(76395, 1628, 0, 36, 479.536, -309.049, 155.839, 4.34587, 0, 0, -0.824126, 0.566406, 1800, 100, 1),
(76396, 1628, 0, 36, 504.441, -291, 152.687, 3.934, 0, 0, 0, 0, 1800, 100, 1),
(76397, 1628, 0, 36, 509.039, -308, 152.709, 0.038, 0, 0, 0, 0, 1800, 100, 1),
(76398, 1628, 0, 36, 470.038, -296, 156.2, 6.119, 0, 0, 0, 0, 1800, 100, 1),
(76399, 1628, 0, 36, 464.405, -306, 157.656, 6.195, 0, 0, 0, 0, 1800, 100, 1),
(76400, 2041, 0, 36, 352.731, -1452.43, 39.5358, 2.58308, 0, 0, 0.961261, 0.27564, 1800, 255, 1),
(76401, 2042, 0, 36, -16.0845, 377.3, 48.6796, 1.6057, 0, 0, 0.719339, 0.694659, 1800, 255, 1),
(76402, 2041, 0, 36, 695.068, 55.095, 33.5917, 2.382, 0, 0, 0, 0, 1800, 100, 1),
(76403, 2041, 0, 36, 1115.69, -254.806, 32.94, 2.30383, 0, 0, 0.913545, 0.406738, 1800, 100, 1),
(76404, 2041, 0, 36, 763.722, -46, 35.843, 3.647, 0, 0, 0, 0, 1800, 100, 1),
(76405, 2041, 0, 36, 851.634, -86, 34.034, 3.721, 0, 0, 0, 0, 1800, 100, 1),
(76406, 2041, 0, 36, 923.176, -146, 40.209, 3.547, 0, 0, 0, 0, 1800, 100, 1),
(76407, 2041, 0, 36, 940.055, -154, 38.782, 4.65, 0, 0, 0, 0, 1800, 100, 1),
(76408, 2041, 0, 36, 1012.47, -233, 42.329, 3.383, 0, 0, 0, 0, 1800, 100, 1),
(76409, 2041, 0, 36, 625.576, 116.927, 38.916, 3.174, 0, 0, 0, 0, 1800, 100, 1),
(76410, 2041, 0, 36, 908.147, -122, 37.798, 3.07, 0, 0, 0, 0, 1800, 100, 1),
(76411, 2041, 0, 36, 1100.83, -281, 40.313, 3.872, 0, 0, 0, 0, 1800, 100, 1),
(76412, 2041, 0, 36, 1255.84, -258, 43.163, 0.805, 0, 0, 0, 0, 1800, 100, 1),
(76413, 2041, 0, 36, 944.931, -143, 34.335, 3.39, 0, 0, 0, 0, 1800, 100, 1),
(76414, 2041, 0, 36, 1037.82, -224, 34.149, 5.818, 0, 0, 0, 0, 1800, 100, 1),
(76415, 2041, 0, 36, 930.719, -124, 33.243, 4.638, 0, 0, 0, 0, 1800, 100, 1),
(76416, 2041, 0, 36, 1246.6, -233, 34.033, 6.171, 0, 0, 0, 0, 1800, 100, 1),
(76417, 2041, 0, 36, 469.408, 519.379, 31.404, 2.375, 0, 0, 0, 0, 1800, 100, 1),
(76418, 2041, 0, 36, 679.107, 56.767, 38.0047, 3.127, 0, 0, 0, 0, 1800, 100, 1),
(76419, 2041, 0, 36, 470.612, 395.398, 36.075, 3.584, 0, 0, 0, 0, 1800, 100, 1),
(76420, 2041, 0, 36, 512.296, 304.801, 33.3976, 2.61, 0, 0, 0, 0, 1800, 100, 1),
(76421, 2041, 0, 36, 512.124, 331.029, 32.7369, 4.122, 0, 0, 0, 0, 1800, 100, 1),
(76422, 2041, 0, 36, 488.515, 314.936, 38.6758, 3.242, 0, 0, 0, 0, 1800, 100, 1),
(76423, 2041, 0, 36, 465.78, 404.33, 36.4356, 3.325, 0, 0, 0, 0, 1800, 100, 1),
(76424, 2041, 0, 36, 495.131, 302.416, 37.5922, 3.284, 0, 0, 0, 0, 1800, 100, 1),
(76425, 2041, 0, 36, 562.945, 223.555, 32.6625, 2.18166, 0, 0, 0.887011, 0.461749, 1800, 100, 1),
(76426, 2041, 0, 36, 474.549, 408.911, 32.675, -1, 0, 0, -0.551937, 0.833886, 1800, 100, 1),
(76427, 2041, 0, 36, 580.76, 206.621, 33.866, 5.314, 0, 0, 0, 0, 1800, 100, 1),
(76428, 2041, 0, 36, 571.589, 213.548, 33.355, 5.822, 0, 0, 0, 0, 1800, 100, 1),
(76429, 2041, 0, 36, 564.672, 194.762, 37.189, 3.798, 0, 0, 0, 0, 1800, 100, 1),
(76430, 2041, 0, 36, 633.064, 130.526, 35.896, 2.096, 0, 0, 0, 0, 1800, 100, 1),
(76431, 2041, 0, 36, 1266.5, -242, 44.668, 5.881, 0, 0, 0, 0, 1800, 100, 1),
(76432, 2042, 0, 36, 1101.74, -343, 43.149, 3.264, 0, 0, 0, 0, 1800, 100, 1),
(76433, 2042, 0, 36, 1096.82, -341, 43.419, 0.041, 0, 0, 0, 0, 1800, 100, 1),
(76434, 2042, 0, 36, 723.172, -863, 163.595, 5.157, 0, 0, 0, 0, 1800, 100, 1),
(76435, 2042, 0, 36, 302.101, -674, 135.655, 1.612, 0, 0, 0, 0, 1800, 100, 1),
(76436, 2042, 0, 36, 450.121, -796, 141.887, 0.883, 0, 0, 0, 0, 1800, 100, 1),
(76437, 2042, 0, 36, 417.903, 134.627, 42.074, 0.023, 0, 0, 0, 0, 1800, 100, 1),
(76438, 2042, 0, 36, 704.51, -986, 165.358, 0.012, 0, 0, 0, 0, 1800, 100, 1),
(76439, 2042, 0, 36, 909.434, -769, 125.66, 3.301, 0, 0, 0, 0, 1800, 100, 1),
(76440, 2042, 0, 36, 1238.68, -345, 43.569, 4.071, 0, 0, 0, 0, 1800, 100, 1),
(76441, 2042, 0, 36, 911.565, -796, 124.771, 4.791, 0, 0, 0, 0, 1800, 100, 1),
(76442, 2042, 0, 36, 639.156, -1171, 151.015, 4.629, 0, 0, 0, 0, 1800, 100, 1),
(76443, 2042, 0, 36, 637.401, -1147, 156.226, 4.913, 0, 0, 0, 0, 1800, 100, 1),
(76444, 2042, 0, 36, 168.703, -25, 69.624, 4.438, 0, 0, 0, 0, 1800, 100, 1),
(76445, 2042, 0, 36, 1109.59, -449, 66.867, 3.243, 0, 0, 0, 0, 1800, 100, 1),
(76446, 2042, 0, 36, 830.208, -955, 135.342, 0.096, 0, 0, 0, 0, 1800, 100, 1),
(76447, 2042, 0, 36, 1140.18, -471, 68.282, 4.895, 0, 0, 0, 0, 1800, 100, 1),
(76448, 2042, 0, 36, 1134.03, -447, 65.731, 3.243, 0, 0, 0, 0, 1800, 100, 1),
(76449, 2042, 0, 36, 1141.4, -577, 80.374, 4.63, 0, 0, 0, 0, 1800, 100, 1),
(76450, 2042, 0, 36, 1117.96, -349, 43.592, 2.024, 0, 0, 0, 0, 1800, 100, 1),
(76451, 2042, 0, 36, 298.133, -639, 137.914, 1.64, 0, 0, 0, 0, 1800, 100, 1),
(76452, 2042, 0, 36, 1091.77, -731, 75.661, 4.19, 0, 0, 0, 0, 1800, 100, 1),
(76453, 2042, 0, 36, 1104.06, -335, 43.26, 0.041, 0, 0, 0, 0, 1800, 100, 1),
(76454, 2042, 0, 36, 1107.9, -346, 43.42, 3.264, 0, 0, 0, 0, 1800, 100, 1),
(76455, 2042, 0, 36, 174.956, -57, 96.842, 0.068, 0, 0, 0, 0, 1800, 100, 1),
(76456, 2042, 0, 36, 726.65, -986, 165.163, 0.114, 0, 0, 0, 0, 1800, 100, 1),
(76457, 2042, 0, 36, 628.335, -970, 165.761, 3.526, 0, 0, 0, 0, 1800, 100, 1),
(76458, 2043, 0, 36, 783.488, -794, 171.138, 1.478, 0, 0, 0, 0, 1800, 100, 1),
(76459, 2043, 0, 36, 794.184, -789, 169.264, 2.024, 0, 0, 0, 0, 1800, 100, 1),
(76460, 2043, 0, 36, 806.926, -770, 180.668, 0.874, 0, 0, 0, 0, 1800, 100, 1),
(76461, 2043, 0, 36, 143.653, -93.971, 115.869, 0.436332, 0, 0, 0.216439, 0.976296, 1800, 100, 1),
(76462, 2043, 0, 36, 351.741, -768, 150.257, 2.594, 0, 0, 0, 0, 1800, 100, 1),
(76463, 2043, 0, 36, 1109.24, -330, 43.331, 4.698, 0, 0, 0, 0, 1800, 100, 1),
(76464, 2043, 0, 36, 854.707, -906, 132.338, 4.2, 0, 0, 0, 0, 1800, 100, 1),
(76465, 2043, 0, 36, 1132.31, -729, 69.569, 5.849, 0, 0, 0, 0, 1800, 100, 1),
(76466, 2043, 0, 36, 1133.31, -705, 67.345, 5.621, 0, 0, 0, 0, 1800, 100, 1),
(76467, 2043, 0, 36, 1137.17, -715, 65.6, 0.94, 0, 0, 0, 0, 1800, 100, 1),
(76468, 2043, 0, 36, 365.91, -780, 137.714, 1.536, 0, 0, 0.694658, 0.71934, 1800, 100, 1),
(76469, 2043, 0, 36, 1144.27, -590, 79.274, 5.464, 0, 0, 0, 0, 1800, 100, 1),
(76470, 2043, 0, 36, 1248.17, -412, 66.88, 5.975, 0, 0, 0, 0, 1800, 100, 1),
(76471, 2043, 0, 36, 737.453, -779, 185.898, 3.999, 0, 0, 0, 0, 1800, 100, 1),
(76472, 2043, 0, 36, 809.972, -756, 190.078, 1.867, 0, 0, 0, 0, 1800, 100, 1),
(76473, 2043, 0, 36, 556.464, -906, 172.482, 2.986, 0, 0, 0, 0, 1800, 100, 1),
(76474, 2043, 0, 36, 1225.23, -403, 55.229, 2.586, 0, 0, 0, 0, 1800, 100, 1),
(76475, 2043, 0, 36, 1239.24, -379, 73.829, 4.522, 0, 0, 0, 0, 1800, 100, 1),
(76476, 2043, 0, 36, 1156.6, -333, 45.197, 5.869, 0, 0, 0, 0, 1800, 100, 1),
(76477, 2043, 0, 36, 542.05, -931, 175.194, 4.628, 0, 0, 0, 0, 1800, 100, 1),
(76478, 2043, 0, 36, 845.513, -933, 138.368, 6.25, 0, 0, 0, 0, 1800, 100, 1),
(76479, 2043, 0, 36, 739.005, -816, 164.636, 1.612, 0, 0, 0, 0, 1800, 100, 1),
(76480, 2044, 0, 36, 720.937, -542, 155.045, 6.117, 0, 0, 0, 0, 1800, 100, 1),
(76481, 2044, 0, 36, 179.233, -233, 150.164, 4.751, 0, 0, 0, 0, 1800, 100, 1),
(76482, 2044, 0, 36, 389.499, -484, 178.124, 0.864, 0, 0, 0, 0, 1800, 100, 1),
(76483, 2044, 0, 36, 178.616, -273, 148.192, 4.682, 0, 0, 0, 0, 1800, 100, 1),
(76484, 2044, 0, 36, 260.663, -413, 156.2, 0.096, 0, 0, 0, 0, 1800, 100, 1),
(76485, 2044, 0, 36, 544.609, -438, 169.977, 0.793, 0, 0, 0, 0, 1800, 100, 1),
(76486, 2044, 0, 36, 141.263, -290, 159.619, 4.832, 0, 0, 0, 0, 1800, 100, 1),
(76487, 2044, 0, 36, 198.043, -212, 145.01, 1.754, 0, 0, 0, 0, 1800, 100, 1),
(76488, 2044, 0, 36, 220.781, -322, 155.628, 3.159, 0, 0, 0, 0, 1800, 100, 1),
(76489, 2044, 0, 36, 236.672, -415, 150.857, 1.683, 0, 0, 0, 0, 1800, 100, 1),
(76490, 2044, 0, 36, 374.973, -309, 163.783, 5.077, 0, 0, 0, 0, 1800, 100, 1),
(76491, 2044, 0, 36, 313.912, -464, 159.691, 6.158, 0, 0, 0, 0, 1800, 100, 1),
(76492, 2044, 0, 36, 381.117, -326, 166.318, 4.881, 0, 0, 0, 0, 1800, 100, 1),
(76493, 2044, 0, 36, 320.394, -313, 165.365, 4.737, 0, 0, 0, 0, 1800, 100, 1),
(76494, 2044, 0, 36, 610.216, -145, 140.655, 4.564, 0, 0, 0, 0, 1800, 100, 1),
(76495, 2044, 0, 36, 607.163, -202, 144.759, 0.384, 0, 0, 0.190809, 0.981627, 1800, 100, 1),
(76496, 2044, 0, 36, 671.415, -518, 167.364, 5.196, 0, 0, 0, 0, 1800, 100, 1),
(76497, 2044, 0, 36, 536.771, -211, 148.632, 1.735, 0, 0, 0, 0, 1800, 100, 1),
(76498, 2044, 0, 36, 513.417, -129, 145.088, 1.927, 0, 0, 0, 0, 1800, 100, 1),
(76499, 2044, 0, 36, 439.039, -242.432, 155.82, 2.96704, 0, 0, 0.996194, 0.087165, 1800, 100, 1),
(76500, 2044, 0, 36, 313.651, -349.851, 167.662, 4.86947, 0, 0, -0.649447, 0.760406, 1800, 100, 1),
(76501, 2044, 0, 36, 695.799, -540, 164.026, 5.044, 0, 0, 0, 0, 1800, 100, 1),
(76502, 2044, 0, 36, 315.12, -424, 169.313, 1.527, 0, 0, 0, 0, 1800, 100, 1),
(76503, 2044, 0, 36, 561.423, -429, 177.963, 2.834, 0, 0, 0, 0, 1800, 100, 1),
(76504, 2046, 0, 36, 650.888, -695, 205.934, 5.685, 0, 0, 0, 0, 1800, 100, 1),
(76505, 2046, 0, 36, 699.46, -409, 180.759, 5.877, 0, 0, 0, 0, 1800, 100, 1),
(76506, 2046, 0, 36, 677.236, -482, 184.742, 1.254, 0, 0, 0, 0, 1800, 100, 1),
(76507, 2046, 0, 36, 406.198, -324, 165.249, 3.115, 0, 0, 0, 0, 1800, 100, 1),
(76508, 2046, 0, 36, 613.192, -194, 144.981, 0.849, 0, 0, 0, 0, 1800, 100, 1),
(76509, 2046, 0, 36, 1097.81, -495, 89.629, 3.711, 0, 0, 0, 0, 1800, 100, 1),
(76510, 2046, 0, 36, 1078.45, -412, 65.522, 4.423, 0, 0, 0, 0, 1800, 100, 1),
(76511, 2046, 0, 36, 1173.35, -328, 44.622, 4.836, 0, 0, 0, 0, 1800, 100, 1),
(76512, 2046, 0, 36, 765.481, -464, 157.407, 2.687, 0, 0, 0, 0, 1800, 100, 1),
(76513, 2046, 0, 36, 745.103, -878, 166.775, 1.658, 0, 0, 0, 0, 1800, 100, 1),
(76514, 2046, 0, 36, 450.263, -496, 191.499, 1.487, 0, 0, 0, 0, 1800, 100, 1),
(76515, 2046, 0, 36, 601.492, -257.09, 152.942, 2.9845, 0, 0, 0.996917, 0.0784664, 1800, 100, 1),
(76516, 2046, 0, 36, 415.046, 23.38, 93.2563, 3.73, 0, 0, 0, 0, 1800, 100, 1),
(76517, 2046, 0, 36, 613.539, -189, 145.012, 4.599, 0, 0, 0, 0, 1800, 100, 1),
(76518, 2046, 0, 36, 361.979, -624, 153.168, 4.485, 0, 0, 0, 0, 1800, 100, 1),
(76519, 2046, 0, 36, 517.737, -703.093, 161.284, 0.925024, 0, 0, 0.446198, 0.894935, 1800, 100, 1),
(76520, 2046, 0, 36, 615.474, -492, 173.735, 0.116, 0, 0, 0, 0, 1800, 100, 1),
(76521, 2046, 0, 36, 839.822, -710, 169.117, 3.643, 0, 0, 0, 0, 1800, 100, 1),
(76522, 2046, 0, 36, 947.796, -600, 159.56, 0.417, 0, 0, 0, 0, 1800, 100, 1),
(76523, 2046, 0, 36, 341.735, -795.433, 141.415, 3.78737, 0, 0, -0.948323, 0.317306, 1800, 100, 1),
(76524, 2046, 0, 36, 742.707, -915, 165.954, 1.658, 0, 0, 0, 0, 1800, 100, 1),
(76525, 2046, 0, 36, 389.523, -625, 162.55, 0.02, 0, 0, 0, 0, 1800, 100, 1),
(76526, 2046, 0, 36, 1157.64, -680, 69.353, 2.897, 0, 0, 0, 0, 1800, 100, 1),
(76527, 2046, 0, 36, 1179.75, -325, 43.461, 4.622, 0, 0, 0, 0, 1800, 100, 1),
(76528, 2046, 0, 36, 281.534, -580, 158.544, 2.12, 0, 0, 0, 0, 1800, 100, 1),
(76529, 2046, 0, 36, 987.619, -409, 113.35, 3.362, 0, 0, 0, 0, 1800, 100, 1),
(76530, 2046, 0, 36, 794.263, -773, 177.106, 2.106, 0, 0, 0, 0, 1800, 100, 1),
(76531, 2046, 0, 36, 988.777, -268, 63.423, 2.18, 0, 0, 0, 0, 1800, 100, 1),
(76532, 2046, 0, 36, 744.557, -872, 167.274, 1.658, 0, 0, 0, 0, 1800, 100, 1),
(76533, 2046, 0, 36, 1226.38, -544, 69.554, 0.777, 0, 0, 0, 0, 1800, 100, 1),
(76534, 2046, 0, 36, 742.049, -907, 164.212, 1.658, 0, 0, 0, 0, 1800, 100, 1),
(76535, 2046, 0, 36, 581.546, -732, 181.583, 0.886, 0, 0, 0, 0, 1800, 100, 1),
(76536, 2046, 0, 36, 1015.38, -261, 48.256, 1.413, 0, 0, 0, 0, 1800, 100, 1),
(76537, 2046, 0, 36, 614.607, -743, 176.237, 2.821, 0, 0, 0, 0, 1800, 100, 1),
(76538, 2046, 0, 36, 915.051, -259, 150.849, 6.244, 0, 0, 0, 0, 1800, 100, 1),
(76539, 2046, 0, 36, 931.414, -256, 137.537, 0.162, 0, 0, 0, 0, 1800, 100, 1),
(76540, 2046, 0, 36, 874.247, -208, 129.753, 4.9, 0, 0, 0, 0, 1800, 100, 1),
(76541, 2046, 0, 36, 576.93, -487, 175.282, 1.441, 0, 0, 0, 0, 1800, 100, 1),
(76542, 2046, 0, 36, 659.04, -703, 203.433, 5.685, 0, 0, 0, 0, 1800, 100, 1),
(76543, 2046, 0, 36, 660.718, -77, 121.078, 0.575, 0, 0, 0, 0, 1800, 100, 1),
(76544, 2046, 0, 36, 668.096, -69, 121.627, 4.979, 0, 0, 0, 0, 1800, 100, 1),
(76545, 2046, 0, 36, 681.263, -56, 94.984, 4.225, 0, 0, 0, 0, 1800, 100, 1),
(76546, 2046, 0, 36, 822.083, -722, 194.678, 2.574, 0, 0, 0, 0, 1800, 100, 1),
(76547, 2046, 0, 36, 595.461, -262, 149.207, 0.56, 0, 0, 0.996917, 0.078459, 1800, 100, 1),
(76548, 2046, 0, 36, 1102.21, -711, 74.068, 5.861, 0, 0, 0, 0, 1800, 100, 1),
(76549, 2046, 0, 36, 699.414, -401, 172.814, 4.867, 0, 0, 0, 0, 1800, 100, 1),
(76550, 2046, 0, 36, 913.728, -404, 153.86, 1.942, 0, 0, 0, 0, 1800, 100, 1),
(76551, 2046, 0, 36, 930.608, -514, 151.338, 4.509, 0, 0, 0, 0, 1800, 100, 1),
(76552, 2046, 0, 36, 753.273, -989, 158.025, 1.416, 0, 0, 0, 0, 1800, 100, 1),
(76553, 2046, 0, 36, 353.928, -792, 133.678, 6.205, 0, 0, 0, 0, 1800, 100, 1),
(76554, 2046, 0, 36, 618.778, -746, 173.588, 2.821, 0, 0, 0, 0, 1800, 100, 1),
(76555, 2046, 0, 36, 643.962, -695.862, 205.971, 4.99164, 0, 0, -0.601814, 0.798636, 1800, 100, 1),
(76556, 2046, 0, 36, 769.361, -470, 152.711, 5.756, 0, 0, 0, 0, 1800, 100, 1),
(76557, 2046, 0, 36, 762.481, -455, 162.805, 1.905, 0, 0, 0, 0, 1800, 100, 1),
(76558, 2046, 0, 36, 404.064, -575, 167.213, 4.36, 0, 0, 0, 0, 1800, 100, 1),
(76559, 1622, 0, 36, 524.242, -222.035, 150.747, 0.488691, 0, 0, 0.241921, 0.970296, 300, 100, 1),
(76560, 1622, 0, 36, -56.5404, 293.34, 53.3134, 1.09956, 0, 0, 0.522498, 0.85264, 300, 100, 1),
(76561, 1622, 0, 36, 713.813, -316.486, 140.027, 3.49067, 0, 0, -0.984807, 0.173652, 300, 100, 1),
(76562, 2042, 0, 36, 295.734, -670.961, 134.586, 6.21337, 0, 0, -0.0348988, 0.999391, 300, 100, 1),
(76563, 2042, 0, 36, 411.041, 121.515, 42.3566, 4.99164, 0, 0, -0.601814, 0.798636, 300, 100, 1),
(76564, 2042, 0, 36, 6.72537, -35.8818, 95.798, 3.50812, 0, 0, -0.983254, 0.182238, 300, 100, 1),
(76565, 2042, 0, 36, 171.56, -30.6048, 71.7803, 2.58308, 0, 0, 0.961261, 0.27564, 300, 100, 1),
(76566, 2042, 0, 36, 11.9988, 179.588, 45.3398, 3.38594, 0, 0, -0.992546, 0.12187, 300, 100, 1),
(76567, 2042, 0, 36, 1106.82, -353.518, 43.0181, 4.32842, 0, 0, -0.829037, 0.559194, 300, 100, 1),
(76568, 2046, 0, 36, 874.433, -211.295, 133.795, 4.15388, 0, 0, -0.874619, 0.48481, 300, 100, 1),
(76569, 2046, 0, 36, 926.029, -279.575, 145, 3.17653, 0, 0, -0.999847, 0.0174693, 300, 100, 1),
(76570, 2046, 0, 36, 604.806, -744.798, 176.252, 5.49779, 0, 0, -0.382683, 0.92388, 300, 100, 1),
(76571, 2046, 0, 36, 381.352, -626.85, 162.435, 5.41052, 0, 0, -0.422618, 0.906308, 300, 100, 1),
(76572, 2046, 0, 36, 405.361, -570.059, 167.804, 4.15388, 0, 0, -0.874619, 0.48481, 300, 100, 1),
(76573, 2046, 0, 36, 1163.05, -317.217, 49.2065, 6.07375, 0, 0, -0.104528, 0.994522, 300, 100, 1),
(76574, 1628, 0, 36, 493.417, -306.911, 153.738, 5.65487, 0, 0, -0.309016, 0.951057, 300, 100, 1),
(76575, 2043, 0, 36, 1017.78, -357.786, 61.5597, 2.91469, 0, 0, 0.993571, 0.113208, 300, 100, 1),
(76576, 2043, 0, 36, 498.507, -1343.87, 68.2421, 5.48033, 0, 0, -0.390731, 0.920505, 300, 100, 1),
(76577, 2043, 0, 36, -44.0645, -436.343, 105.588, 3.14159, 0, 0, -1, 0, 300, 100, 1),
(76578, 2043, 0, 36, 1201.66, -569.665, 71.0431, 4.17134, 0, 0, -0.870356, 0.492424, 300, 100, 1),
(76579, 2043, 0, 36, 651.71, -1333.18, 108.475, 5.96903, 0, 0, -0.156434, 0.987688, 300, 100, 1),
(76580, 2043, 0, 36, 1216.54, -502.072, 62.9315, 5.07891, 0, 0, -0.566406, 0.824126, 300, 100, 1),
(76581, 2043, 0, 36, -61.4537, -242.914, 138.338, 2.63544, 0, 0, 0.968147, 0.250381, 300, 100, 1),
(76582, 2043, 0, 36, -248.326, -285.914, 166.76, 5.53269, 0, 0, -0.366501, 0.930418, 300, 100, 1),
(76583, 2043, 0, 36, -116.969, -118.776, 137.862, 2.93214, 0, 0, 0.994521, 0.104536, 300, 100, 1),
(76584, 1624, 0, 36, 187.893, -854.931, 156.516, 0.558505, 0, 0, 0.275637, 0.961262, 1800, 100, 1),
(76585, 1624, 0, 36, -119.69, -310.971, 144.306, 1.78023, 0, 0, 0.777145, 0.629321, 300, 100, 1),
(76586, 1623, 0, 36, -39.3669, -666.351, 91.5816, 2.04204, 0, 0, 0.85264, 0.522499, 300, 100, 1),
(76587, 2041, 0, 36, 1393.61, -61.5613, 38.9985, 4.04917, 0, 0, -0.898793, 0.438373, 300, 100, 1),
(76588, 2041, 0, 36, 335.301, -1352.17, 40.368, 4.99164, 0, 0, -0.601814, 0.798636, 300, 100, 1),
(76589, 2041, 0, 36, 1321.15, -164.634, 33.451, 0.366518, 0, 0, 0.182235, 0.983255, 300, 100, 1),
(76590, 2044, 0, 36, 544.052, -207.92, 146.243, 1.48353, 0, 0, 0.67559, 0.737278, 300, 100, 1),
(76591, 2044, 0, 36, 250.224, -412.048, 153.166, 3.75246, 0, 0, -0.953716, 0.300708, 300, 100, 1),
(76592, 2044, 0, 36, 319.122, -386.163, 170.845, 3.85718, 0, 0, -0.936671, 0.35021, 300, 100, 1),
(76593, 2044, 0, 36, 783.456, -247.429, 135.859, 3.01941, 0, 0, 0.998135, 0.0610518, 300, 100, 1),
(76594, 1622, 0, 36, 232.238, -1132.69, 88.8365, 2.49582, 0, 0, 0.948324, 0.317305, 1800, 100, 1),
(76595, 2041, 0, 36, 206.544, -1247.73, 39.9185, -1.02974, 0, 0, 0.492424, -0.870356, 1800, 100, 1),
(76596, 2046, 0, 36, 586.493, 22.1321, 103.655, 2.05949, 0, 0, 0.857167, 0.515038, 1800, 100, 1),
(76597, 2041, 0, 36, 465.736, 531.193, 41.1185, -0.977384, 0, 0, 0.469472, -0.882948, 1800, 100, 1),
(76598, 2041, 0, 36, 1220.57, -257.893, 32.6141, 0.366519, 0, 0, 0.182236, 0.983255, 1800, 100, 1),
(76599, 1624, 0, 36, 1031.8, -466.332, 112.072, -0.383972, 0, 0, 0.190809, -0.981627, 1800, 100, 1),
(76600, 2042, 0, 36, 1216.97, -338.416, 43.6423, -0.575959, 0, 0, 0.284015, -0.95882, 1800, 100, 1),
(76601, 2046, 0, 36, 991.061, -415.836, 118.128, -0.488692, 0, 0, 0.241922, -0.970296, 1800, 100, 1),
(76602, 2042, 0, 36, 1028.41, -776.417, 100.061, -0.349066, 0, 0, 0.173648, -0.984808, 1800, 100, 1),
(76603, 2041, 0, 36, 884.468, -81.2903, 32.3366, 2.79253, 0, 0, 0.984808, 0.173648, 1800, 100, 1),
(76604, 2043, 0, 36, 1272.28, -259.936, 46.5083, 2.54818, 0, 0, 0.956305, 0.292372, 1800, 100, 1),
(76605, 2046, 0, 36, 453.387, -501.445, 187.001, 2.47837, 0, 0, 0.945519, 0.325568, 1800, 100, 1),
(76606, 2043, 0, 36, 1130.94, -716.134, 67.074, -1.39626, 0, 0, 0.642788, -0.766044, 1800, 100, 1),
(76607, 2046, 0, 36, 1093.45, -715.179, 77.7529, -0.226893, 0, 0, 0.113203, -0.993572, 1800, 100, 1),
(76608, 1624, 0, 36, 1184.12, -474.71, 66.9761, -1.53589, 0, 0, 0.694658, -0.71934, 1800, 100, 1),
(76609, 2044, 0, 36, 545.584, -446.205, 167.449, -1.0821, 0, 0, 0.515038, -0.857167, 1800, 100, 1),
(76610, 1624, 0, 36, 380.512, -846.562, 127.959, 2.84489, 0, 0, 0.989016, 0.147809, 1800, 100, 1),
(76611, 2043, 0, 36, 482.952, -1002.54, 134.929, -0.366519, 0, 0, 0.182236, -0.983255, 1800, 100, 1),
(76612, 2043, 0, 36, 735.648, -807.982, 166.306, 2.09439, 0, 0, 0.866025, 0.5, 1800, 100, 1),
(76613, 2044, 0, 36, 381.986, -313.19, 164.722, -1.43117, 0, 0, 0.656059, -0.75471, 1800, 100, 1),
(76614, 1622, 0, 36, 741.367, -394.364, 141.665, 2.30383, 0, 0, 0.913545, 0.406737, 1800, 100, 1),
(76615, 1624, 0, 36, 1084.62, -621.656, 90.2999, 0.366518, 0, 0, 0.182235, 0.983255, 300, 100, 1),
(76616, 1624, 0, 36, 475.342, -957.903, 131.565, 1.5708, 0, 0, 0.707107, 0.707107, 300, 100, 1),
(76617, 2046, 0, 36, 500.427, -170.212, 151.195, -2.21657, 0, 0, 0.894934, -0.446198, 1800, 100, 1),
(76618, 1628, 0, 36, 473.569, -313.753, 157.633, -0.994838, 0, 0, 0.477159, -0.878817, 1800, 100, 1),
(76619, 2044, 0, 36, 713.304, -554.205, 163.252, 2.04204, 0, 0, 0.85264, 0.522499, 1800, 100, 1),
(76620, 2046, 0, 36, 788.919, -779.384, 180.029, -0.593412, 0, 0, 0.292372, -0.956305, 1800, 100, 1),
(76621, 2046, 0, 36, 583.982, -503.847, 186.546, 2.25148, 0, 0, 0.902585, 0.430511, 1800, 100, 1),
(76622, 1622, 0, 36, 405.727, 227.308, 41.9076, 0.331613, 0, 0, 0.165048, 0.986286, 1800, 100, 1),
(76623, 2041, 0, 36, 283.791, -1287.66, 39.2282, -0.994838, 0, 0, 0.477159, -0.878817, 1800, 100, 1),
(76624, 2042, 0, 36, 692.225, -1384.84, 99.6657, 1.09956, 0, 0, 0.522498, 0.85264, 300, 100, 1),
(76625, 1624, 0, 36, -60.0194, -194.283, 131.666, 5.89921, 0, 0, -0.190808, 0.981627, 300, 100, 1),
(76626, 1624, 0, 36, 88.6101, -582.392, 141.557, 1.93731, 0, 0, 0.824126, 0.566406, 1800, 100, 1),
(76627, 2044, 0, 36, 217.143, -315.348, 155.358, -2.23402, 0, 0, 0.898794, -0.438371, 1800, 100, 1),
(76628, 1624, 0, 36, 192.174, -601.28, 126.948, 2.9845, 0, 0, 0.996917, 0.0784664, 300, 100, 1),
(76629, 2042, 0, 36, 634.193, -966.233, 164.721, -2.11185, 0, 0, 0.870356, -0.492423, 1800, 100, 1),
(76630, 2041, 0, 36, 466.333, -1472.12, 40.626, 2.40855, 0, 0, 0.93358, 0.358368, 300, 100, 1),
(76631, 2046, 0, 36, 673.078, -488.209, 182.39, -1.64061, 0, 0, 0.731354, -0.681998, 1800, 100, 1),
(76632, 2044, 0, 36, 757.825, -588.897, 157.523, 2.14675, 0, 0, 0.878817, 0.477159, 1800, 100, 1),
(76633, 2046, 0, 36, 706.655, -401.579, 170.44, 2.46091, 0, 0, 0.942641, 0.333807, 1800, 100, 1),
(76634, 1622, 0, 36, 561.188, -345.716, 151.627, -1.67552, 0, 0, 0.743145, -0.669131, 1800, 100, 1),
(76635, 2044, 0, 36, 153.907, -280.618, 154.185, 1.8675, 0, 0, 0.803857, 0.594823, 1800, 100, 1),
(76636, 2044, 0, 36, 611.006, -113.783, 135.792, -1.67552, 0, 0, 0.743145, -0.669131, 1800, 100, 1),
(76637, 2046, 0, 36, 778.003, -343.424, 150.982, 5.84685, 0, 0, -0.216439, 0.976296, 300, 100, 1);

-- Hillsbrad Foothills
DELETE FROM `pool_template` WHERE `entry`=958;
DELETE FROM `pool_gameobject` WHERE `pool_entry`=958 AND `guid` IN (2197,2255,2331,2373,2399,2516,2521,2544,2547,2548,2566,2603,2626,2631,2633,2657,2663,2707,2736,2749,2761,2779,2794,2831,2869,2873,2901,2919,2933,2938,2981,2982,2983,2992,3004,3020,3035,3036,3037,3075,3076,3129,3155,3163,3164,3171,3194,3200,3205,3206,3207,3208,3209,3210,3227,3228,3230,3232,3233,3234,3235,3236,3237,3264,3273,3289,3290,3292,3315,3330,3335,3373,3383,3384,3385,3386,3387,3388,3389,3390,3391,3396,3403,3404,3407,3418,3420,3457,3504,3522,3550,3551,3553,3559,3560,3561,3568,3569,3570,3571,3583,3649,3650,3651,3652,3709,3744,3749,3763,3770,3789,3802,3803,3833,3865,3875,3877,3881,3963,3995,4043,4134,4220,4282,4293,4299,4307,4313,4315,4318,4323,4332,4346,4350,4369,4409,4410,4416,7332,7348,7350,7351,7352,7398,7410,7411,7432,7438,7439,7441,7471,7492,7504,7524,8017,20825,20878,21218,21251,21253,21258,21263,21272,21275,21276,21277,21280,27624,29652,29655,29658,29996,29998,30017,30020,30023,30025,30026,33349,33361,34238,34239,34240,34245,34252,34253,34257,34267,34268,34278,35552,46413,63337,63338,63383,63408,65048,65053,65066,65070,65083,65107,65313,86256,86262,86268,86270,86279,86280,86286,86290,86344,87120,87230,87247,87259,87265,87474,87475);
DELETE FROM `gameobject` WHERE `guid` IN (2197,2255,2331,2373,2399,2516,2521,2544,2547,2548,2566,2603,2626,2631,2633,2657,2663,2707,2736,2749,2761,2779,2794,2831,2869,2873,2901,2919,2933,2938,2981,2982,2983,2992,3004,3020,3035,3036,3037,3075,3076,3129,3155,3163,3164,3171,3194,3200,3205,3206,3207,3208,3209,3210,3227,3228,3230,3232,3233,3234,3235,3236,3237,3264,3273,3289,3290,3292,3315,3330,3335,3373,3383,3384,3385,3386,3387,3388,3389,3390,3391,3396,3403,3404,3407,3418,3420,3457,3504,3522,3550,3551,3553,3559,3560,3561,3568,3569,3570,3571,3583,3649,3650,3651,3652,3709,3744,3749,3763,3770,3789,3802,3803,3833,3865,3875,3877,3881,3963,3995,4043,4134,4220,4282,4293,4299,4307,4313,4315,4318,4323,4332,4346,4350,4369,4409,4410,4416,7332,7348,7350,7351,7352,7398,7410,7411,7432,7438,7439,7441,7471,7492,7504,7524,8017,20825,20878,21218,21251,21253,21258,21263,21272,21275,21276,21277,21280,27624,29652,29655,29658,29996,29998,30017,30020,30023,30025,30026,33349,33361,34238,34239,34240,34245,34252,34253,34257,34267,34268,34278,35552,46413,63337,63338,63383,63408,65048,65053,65066,65070,65083,65107,65313,86256,86262,86268,86270,86279,86280,86286,86290,86344,87120,87230,87247,87259,87265,87474,87475);

DELETE FROM `pool_template` WHERE `entry` BETWEEN 541 AND 546;
INSERT INTO `pool_template` (`entry`, `max_limit`, `description`) VALUES
(541, 12, 'Kingsblood in Hillsbrad Foothills'),
(542, 9, 'Briarthorn in Hillsbrad Foothills'),
(543, 4, 'Mageroyal in Hillsbrad Foothills'),
(544, 17, 'Bruiseweed in Hillsbrad Foothills'),
(546, 1, 'Liferoot in Hillsbrad Foothills'),
(545, 1, 'Wild Steelbloom in Hillsbrad Foothills');

DELETE FROM `pool_gameobject` WHERE `guid` BETWEEN 79108 AND 79318;
INSERT INTO `pool_gameobject` (`guid`, `pool_entry`, `chance`, `description`) VALUES 
(79108, 543, 0, 'Mageroyal'),
(79109, 543, 0, 'Mageroyal'),
(79110, 543, 0, 'Mageroyal'),
(79111, 543, 0, 'Mageroyal'),
(79112, 543, 0, 'Mageroyal'),
(79113, 542, 0, 'Briarthorn'),
(79114, 542, 0, 'Briarthorn'),
(79115, 542, 0, 'Briarthorn'),
(79116, 542, 0, 'Briarthorn'),
(79117, 542, 0, 'Briarthorn'),
(79118, 542, 0, 'Briarthorn'),
(79119, 542, 0, 'Briarthorn'),
(79120, 542, 0, 'Briarthorn'),
(79121, 542, 0, 'Briarthorn'),
(79122, 542, 0, 'Briarthorn'),
(79123, 542, 0, 'Briarthorn'),
(79124, 542, 0, 'Briarthorn'),
(79125, 542, 0, 'Briarthorn'),
(79126, 542, 0, 'Briarthorn'),
(79127, 542, 0, 'Briarthorn'),
(79128, 542, 0, 'Briarthorn'),
(79129, 542, 0, 'Briarthorn'),
(79130, 542, 0, 'Briarthorn'),
(79131, 542, 0, 'Briarthorn'),
(79132, 542, 0, 'Briarthorn'),
(79133, 544, 0, 'Bruiseweed'),
(79134, 544, 0, 'Bruiseweed'),
(79135, 544, 0, 'Bruiseweed'),
(79136, 544, 0, 'Bruiseweed'),
(79137, 544, 0, 'Bruiseweed'),
(79138, 544, 0, 'Bruiseweed'),
(79139, 544, 0, 'Bruiseweed'),
(79140, 544, 0, 'Bruiseweed'),
(79141, 544, 0, 'Bruiseweed'),
(79142, 544, 0, 'Bruiseweed'),
(79143, 544, 0, 'Bruiseweed'),
(79144, 544, 0, 'Bruiseweed'),
(79145, 544, 0, 'Bruiseweed'),
(79146, 544, 0, 'Bruiseweed'),
(79147, 544, 0, 'Bruiseweed'),
(79148, 544, 0, 'Bruiseweed'),
(79149, 544, 0, 'Bruiseweed'),
(79150, 544, 0, 'Bruiseweed'),
(79151, 544, 0, 'Bruiseweed'),
(79152, 544, 0, 'Bruiseweed'),
(79153, 544, 0, 'Bruiseweed'),
(79154, 544, 0, 'Bruiseweed'),
(79155, 544, 0, 'Bruiseweed'),
(79156, 544, 0, 'Bruiseweed'),
(79157, 544, 0, 'Bruiseweed'),
(79158, 544, 0, 'Bruiseweed'),
(79159, 544, 0, 'Bruiseweed'),
(79160, 544, 0, 'Bruiseweed'),
(79161, 544, 0, 'Bruiseweed'),
(79162, 544, 0, 'Bruiseweed'),
(79163, 544, 0, 'Bruiseweed'),
(79164, 544, 0, 'Bruiseweed'),
(79165, 544, 0, 'Bruiseweed'),
(79166, 544, 0, 'Bruiseweed'),
(79167, 544, 0, 'Bruiseweed'),
(79168, 544, 0, 'Bruiseweed'),
(79169, 544, 0, 'Bruiseweed'),
(79170, 544, 0, 'Bruiseweed'),
(79171, 544, 0, 'Bruiseweed'),
(79172, 544, 0, 'Bruiseweed'),
(79173, 544, 0, 'Bruiseweed'),
(79174, 544, 0, 'Bruiseweed'),
(79175, 544, 0, 'Bruiseweed'),
(79176, 544, 0, 'Bruiseweed'),
(79177, 544, 0, 'Bruiseweed'),
(79178, 544, 0, 'Bruiseweed'),
(79179, 544, 0, 'Bruiseweed'),
(79180, 544, 0, 'Bruiseweed'),
(79181, 544, 0, 'Bruiseweed'),
(79182, 544, 0, 'Bruiseweed'),
(79183, 544, 0, 'Bruiseweed'),
(79184, 544, 0, 'Bruiseweed'),
(79185, 544, 0, 'Bruiseweed'),
(79186, 544, 0, 'Bruiseweed'),
(79187, 544, 0, 'Bruiseweed'),
(79188, 544, 0, 'Bruiseweed'),
(79189, 544, 0, 'Bruiseweed'),
(79190, 544, 0, 'Bruiseweed'),
(79191, 544, 0, 'Bruiseweed'),
(79192, 544, 0, 'Bruiseweed'),
(79193, 544, 0, 'Bruiseweed'),
(79194, 544, 0, 'Bruiseweed'),
(79195, 544, 0, 'Bruiseweed'),
(79196, 544, 0, 'Bruiseweed'),
(79197, 544, 0, 'Bruiseweed'),
(79198, 544, 0, 'Bruiseweed'),
(79199, 544, 0, 'Bruiseweed'),
(79200, 544, 0, 'Bruiseweed'),
(79201, 544, 0, 'Bruiseweed'),
(79202, 544, 0, 'Bruiseweed'),
(79203, 544, 0, 'Bruiseweed'),
(79204, 544, 0, 'Bruiseweed'),
(79205, 544, 0, 'Bruiseweed'),
(79206, 545, 0, 'Wild Steelbloom'),
(79207, 544, 0, 'Bruiseweed'),
(79208, 544, 0, 'Bruiseweed'),
(79209, 544, 0, 'Bruiseweed'),
(79210, 544, 0, 'Bruiseweed'),
(79211, 544, 0, 'Bruiseweed'),
(79212, 544, 0, 'Bruiseweed'),
(79213, 544, 0, 'Bruiseweed'),
(79214, 544, 0, 'Bruiseweed'),
(79215, 544, 0, 'Bruiseweed'),
(79216, 544, 0, 'Bruiseweed'),
(79217, 544, 0, 'Bruiseweed'),
(79218, 544, 0, 'Bruiseweed'),
(79219, 544, 0, 'Bruiseweed'),
(79220, 544, 0, 'Bruiseweed'),
(79221, 544, 0, 'Bruiseweed'),
(79222, 541, 0, 'Kingsblood'),
(79223, 541, 0, 'Kingsblood'),
(79224, 541, 0, 'Kingsblood'),
(79225, 541, 0, 'Kingsblood'),
(79226, 541, 0, 'Kingsblood'),
(79227, 541, 0, 'Kingsblood'),
(79228, 541, 0, 'Kingsblood'),
(79229, 541, 0, 'Kingsblood'),
(79230, 541, 0, 'Kingsblood'),
(79231, 541, 0, 'Kingsblood'),
(79232, 541, 0, 'Kingsblood'),
(79233, 541, 0, 'Kingsblood'),
(79234, 541, 0, 'Kingsblood'),
(79235, 546, 0, 'Liferoot'),
(79236, 546, 0, 'Liferoot'),
(79237, 546, 0, 'Liferoot'),
(79238, 542, 0, 'Briarthorn'),
(79239, 542, 0, 'Briarthorn'),
(79240, 542, 0, 'Briarthorn'),
(79241, 542, 0, 'Briarthorn'),
(79242, 542, 0, 'Briarthorn'),
(79243, 542, 0, 'Briarthorn'),
(79244, 544, 0, 'Bruiseweed'),
(79245, 544, 0, 'Bruiseweed'),
(79246, 544, 0, 'Bruiseweed'),
(79247, 544, 0, 'Bruiseweed'),
(79248, 544, 0, 'Bruiseweed'),
(79249, 544, 0, 'Bruiseweed'),
(79250, 544, 0, 'Bruiseweed'),
(79251, 544, 0, 'Bruiseweed'),
(79252, 544, 0, 'Bruiseweed'),
(79253, 544, 0, 'Bruiseweed'),
(79254, 544, 0, 'Bruiseweed'),
(79255, 544, 0, 'Bruiseweed'),
(79256, 541, 0, 'Kingsblood'),
(79257, 542, 0, 'Briarthorn'),
(79258, 541, 0, 'Kingsblood'),
(79259, 541, 0, 'Kingsblood'),
(79260, 541, 0, 'Kingsblood'),
(79261, 542, 0, 'Briarthorn'),
(79262, 542, 0, 'Briarthorn'),
(79263, 544, 0, 'Bruiseweed'),
(79264, 541, 0, 'Kingsblood'),
(79265, 542, 0, 'Briarthorn'),
(79266, 542, 0, 'Briarthorn'),
(79267, 541, 0, 'Kingsblood'),
(79268, 541, 0, 'Kingsblood'),
(79269, 545, 0, 'Wild Steelbloom'),
(79270, 545, 0, 'Wild Steelbloom'),
(79271, 545, 0, 'Wild Steelbloom'),
(79272, 545, 0, 'Wild Steelbloom'),
(79273, 545, 0, 'Wild Steelbloom'),
(79274, 545, 0, 'Wild Steelbloom'),
(79275, 545, 0, 'Wild Steelbloom'),
(79276, 545, 0, 'Wild Steelbloom'),
(79277, 545, 0, 'Wild Steelbloom'),
(79278, 545, 0, 'Wild Steelbloom'),
(79279, 545, 0, 'Wild Steelbloom'),
(79280, 546, 0, 'Liferoot'),
(79281, 546, 0, 'Liferoot'),
(79282, 546, 0, 'Liferoot'),
(79283, 546, 0, 'Liferoot'),
(79284, 546, 0, 'Liferoot'),
(79285, 542, 0, 'Briarthorn'),
(79286, 542, 0, 'Briarthorn'),
(79287, 542, 0, 'Briarthorn'),
(79288, 544, 0, 'Bruiseweed'),
(79289, 543, 0, 'Mageroyal'),
(79290, 544, 0, 'Bruiseweed'),
(79291, 541, 0, 'Kingsblood'),
(79292, 542, 0, 'Briarthorn'),
(79293, 542, 0, 'Briarthorn'),
(79294, 542, 0, 'Briarthorn'),
(79295, 544, 0, 'Bruiseweed'),
(79296, 544, 0, 'Bruiseweed'),
(79297, 541, 0, 'Kingsblood'),
(79298, 541, 0, 'Kingsblood'),
(79299, 543, 0, 'Mageroyal'),
(79300, 541, 0, 'Kingsblood'),
(79301, 541, 0, 'Kingsblood'),
(79302, 541, 0, 'Kingsblood'),
(79303, 543, 0, 'Mageroyal'),
(79304, 541, 0, 'Kingsblood'),
(79305, 541, 0, 'Kingsblood'),
(79306, 541, 0, 'Kingsblood'),
(79307, 541, 0, 'Kingsblood'),
(79308, 541, 0, 'Kingsblood'),
(79309, 542, 0, 'Briarthorn'),
(79310, 545, 0, 'Wild Steelbloom'),
(79311, 545, 0, 'Wild Steelbloom'),
(79312, 541, 0, 'Kingsblood'),
(79313, 543, 0, 'Mageroyal'),
(79314, 543, 0, 'Mageroyal'),
(79315, 541, 0, 'Kingsblood'),
(79316, 543, 0, 'Mageroyal'),
(79317, 542, 0, 'Briarthorn'),
(79318, 541, 0, 'Kingsblood');

DELETE FROM `gameobject` WHERE `zoneId`=267 AND `guid` BETWEEN 79108 AND 79318;
INSERT INTO `gameobject` (`guid`, `id`, `map`, `zoneId`, `position_x`, `position_y`, `position_z`, `orientation`, `rotation0`, `rotation1`, `rotation2`, `rotation3`, `spawntimesecs`, `animprogress`, `state`) VALUES
(79108, 1620, 0, 267, -710, -294, 18.871, 3.374, 0, 0, 0.993242, -0.116064, 900, 100, 1),
(79109, 1620, 0, 267, -787, -342, 20.132, 6.182, 0, 0, 0.050551, -0.998721, 900, 100, 1),
(79110, 1620, 0, 267, -81.7724, -770.163, 56.3972, 2.67035, 0, 0, 0.972369, 0.233448, 900, 100, 1),
(79111, 1620, 0, 267, -716.563, -682.115, 13.0308, 0.366518, 0, 0, 0.182235, 0.983255, 900, 100, 1),
(79112, 1620, 0, 267, -807, -267, 17.444, 5.806, 0, 0, 0.236426, -0.971649, 900, 100, 1),
(79113, 1621, 0, 267, -471.567, -380.558, 50.8234, 5.86431, 0, 0, -0.207911, 0.978148, 900, 100, 1),
(79114, 1621, 0, 267, -336, -621, 54.957, 0.14, 0, 0, 0.069756, 0.997564, 900, 100, 1),
(79115, 1621, 0, 267, -857, -105, 24.804, -3, 0, 0, -0.998135, 0.061049, 900, 100, 1),
(79116, 1621, 0, 267, -831, 151.918, 37.323, 3.473, 0, 0, 0.986278, -0.165092, 900, 100, 1),
(79117, 1621, 0, 267, -952.438, 185.32, 39.5891, 1.27409, 0, 0, 0.594822, 0.803857, 900, 255, 1),
(79118, 1621, 0, 267, -507.498, 242.908, 73.3424, 1.02974, 0, 0, 0.492423, 0.870356, 900, 255, 1),
(79119, 1621, 0, 267, -523.583, 434.796, 85.6967, 4.27606, 0, 0, -0.843391, 0.5373, 900, 255, 1),
(79120, 1621, 0, 267, -921.657, 75.1367, 36.0038, 3.35105, 0, 0, -0.994521, 0.104535, 900, 255, 1),
(79121, 1621, 0, 267, -318.421, 120.038, 74.9717, 5.65487, 0, 0, -0.309016, 0.951057, 900, 100, 1),
(79122, 1621, 0, 267, -1161, 113.33, 5.4, 0.61, 0, 0, 0.30052, 0.953776, 900, 100, 1),
(79123, 1621, 0, 267, -870.224, -1329.36, 61.0104, 2.37364, 0, 0, 0.927183, 0.374608, 900, 100, 1),
(79124, 1621, 0, 267, 102.749, -799.808, 79.4666, 2.02458, 0, 0, 0.848047, 0.529921, 900, 100, 1),
(79125, 1621, 0, 267, -1032, 14.453, 35.044, 4.205, 0, 0, 0.861954, -0.506987, 900, 100, 1),
(79126, 1621, 0, 267, -358, -350, 58.728, -1, 0, 0, -0.284016, 0.95882, 900, 100, 1),
(79127, 1621, 0, 267, -364, -64, 55.197, -1, 0, 0, -0.358368, 0.93358, 900, 100, 1),
(79128, 1621, 0, 267, -566.923, -446.173, 40.7825, 5.77704, 0, 0, -0.25038, 0.968148, 900, 100, 1),
(79129, 1621, 0, 267, 5.47222, -690.028, 75.114, 3.3685, 0, 0, -0.993571, 0.113208, 900, 100, 1),
(79130, 1621, 0, 267, -633.39, -1566.65, 64.1649, 0.418879, 0, 0, 0.207912, 0.978148, 900, 100, 1),
(79131, 1621, 0, 267, 1.00076, -1015.31, 57.7936, 1.95477, 0, 0, 0.829038, 0.559193, 900, 100, 1),
(79132, 1621, 0, 267, -761, -431, 21.429, 0, 0, 0, -0.156434, 0.987688, 900, 100, 1),
(79133, 1622, 0, 267, -224, -628, 66.96, 1.937, 0, 0, 0.824126, 0.566406, 1800, 100, 1),
(79134, 1622, 0, 267, -670, 457.744, 74.4202, 1.157, 0, 0, 0, 0, 1800, 100, 1),
(79135, 1622, 0, 267, -428, -247, 64.881, 0.367, 0, 0, 0.182235, 0.983255, 1800, 100, 1),
(79136, 1622, 0, 267, -495.436, 128.488, 56.6126, 4.92183, 0, 0, -0.62932, 0.777146, 1800, 255, 1),
(79137, 1622, 0, 267, -1032.7, -258.555, 24.9987, 4.27606, 0, 0, -0.843391, 0.5373, 1800, 255, 1),
(79138, 1622, 0, 267, -978, -1205, 66.133, 1.295, 0, 0, 0, 0, 1800, 100, 1),
(79139, 1622, 0, 267, -997, -1203, 61.199, 6.145, 0, 0, 0, 0, 1800, 100, 1),
(79140, 1622, 0, 267, -949, -1149, 54.511, 2.65, 0, 0, 0, 0, 1800, 100, 1),
(79141, 1622, 0, 267, -476, -246, 61.415, 2.618, 0, 0, 0.965926, 0.258819, 1800, 100, 1),
(79142, 1622, 0, 267, -637, -343, 44.879, 4.614, 0, 0, 0.740902, -0.671613, 1800, 100, 1),
(79143, 1622, 0, 267, -1031, -236, 16.856, 0.168, 0, 0, 0, 0, 1800, 100, 1),
(79144, 1622, 0, 267, -74, 245.235, 53.276, 4.138, 0, 0, 0, 0, 1800, 100, 1),
(79145, 1622, 0, 267, -453, -236, 69.629, 0.592, 0, 0, 0, 0, 1800, 100, 1),
(79146, 1622, 0, 267, -417, -238, 64.682, 3.321, 0, 0, 0, 0, 1800, 100, 1),
(79147, 1622, 0, 267, -116, 172.05, 56.183, 1.656, 0, 0, 0, 0, 1800, 100, 1),
(79148, 1622, 0, 267, -774, -1212, 64.056, 2.43, 0, 0, 0, 0, 1800, 100, 1),
(79149, 1622, 0, 267, -817, -1202, 54.323, 1, 0, 0, 0, 0, 1800, 100, 1),
(79150, 1622, 0, 267, -255, -1524, 101.242, 1.016, 0, 0, 0, 0, 1800, 100, 1),
(79151, 1622, 0, 267, -761, 206.21, 56.049, 0.431, 0, 0, 0, 0, 1800, 100, 1),
(79152, 1622, 0, 267, -473.978, 150.956, 56.5886, 6.192, 0, 0, 0, 0, 1800, 100, 1),
(79153, 1622, 0, 267, -973, -1169, 71.125, 3.663, 0, 0, 0, 0, 1800, 100, 1),
(79154, 1622, 0, 267, -507, 157.87, 53.494, 1.291, 0, 0, 0, 0, 1800, 100, 1),
(79155, 1622, 0, 267, -789, 181.793, 61.912, 3.262, 0, 0, 0, 0, 1800, 100, 1),
(79156, 1622, 0, 267, -181, 14.259, 89.023, 1.972, 0, 0, 0.833886, 0.551937, 1800, 100, 1),
(79157, 1622, 0, 267, -441, 121.241, 56.84, 4.13, 0, 0, 0, 0, 1800, 100, 1),
(79158, 1622, 0, 267, -465, 147.198, 57.135, 6.192, 0, 0, 0, 0, 1800, 100, 1),
(79159, 1622, 0, 267, -447, 124.683, 57.121, 4.13, 0, 0, 0, 0, 1800, 100, 1),
(79160, 1622, 0, 267, -460, 82.151, 56.977, 5.701, 0, 0, 0, 0, 1800, 100, 1),
(79161, 1622, 0, 267, -586, -334, 50.253, 3.977, 0, 0, 0, 0, 1800, 100, 1),
(79162, 1622, 0, 267, -450, -201, 56.215, 5.638, 0, 0, 0, 0, 1800, 100, 1),
(79163, 1622, 0, 267, -722, -765, 17.954, 3.671, 0, 0, 0, 0, 1800, 100, 1),
(79164, 1622, 0, 267, -760, -965, 38.123, 5.913, 0, 0, 0, 0, 1800, 100, 1),
(79165, 1622, 0, 267, -704, -978, 46.397, 2.874, 0, 0, 0, 0, 1800, 100, 1),
(79166, 1622, 0, 267, -817, -1159, 52.599, 3.816, 0, 0, 0, 0, 1800, 100, 1),
(79167, 1622, 0, 267, -801, -1159, 57.125, 4.947, 0, 0, 0, 0, 1800, 100, 1),
(79168, 1622, 0, 267, -795, -1122, 50.254, 6.251, 0, 0, 0, 0, 1800, 100, 1),
(79169, 1622, 0, 267, -815, -1121, 47.869, 5.811, 0, 0, 0, 0, 1800, 100, 1),
(79170, 1622, 0, 267, -265.137, 211.242, 99.8042, 1.27409, 0, 0, 0.594822, 0.803857, 1800, 100, 1),
(79171, 1622, 0, 267, -455, -1384, 54.608, 4.802, 0, 0, 0, 0, 1800, 100, 1),
(79172, 1622, 0, 267, -810, -769, 10.721, 3.529, 0, 0, 0, 0, 1800, 100, 1),
(79173, 1622, 0, 267, -239, -1462, 103.507, 6.094, 0, 0, 0, 0, 1800, 100, 1),
(79174, 1622, 0, 267, -452, 84.797, 54.546, 5.701, 0, 0, 0, 0, 1800, 100, 1),
(79175, 1622, 0, 267, -480, 397.109, 101.929, 1.389, 0, 0, 0, 0, 1800, 100, 1),
(79176, 1622, 0, 267, -870, -251, 45.8569, 1.295, 0, 0, 0, 0, 1800, 100, 1),
(79177, 1622, 0, 267, -472, 354.404, 99.227, 0.136, 0, 0, 0, 0, 1800, 100, 1),
(79178, 1622, 0, 267, -788, 516.078, 95.59, 1.507, 0, 0, 0, 0, 1800, 100, 1),
(79179, 1622, 0, 267, -221, -25, 72.067, 2.819, 0, 0, 0, 0, 1800, 100, 1),
(79180, 1622, 0, 267, -310, 261.426, 99.166, 0.541, 0, 0, 0, 0, 1800, 100, 1),
(79181, 1622, 0, 267, -429, 283.008, 93.831, 0.026, 0, 0, 0, 0, 1800, 100, 1),
(79182, 1622, 0, 267, -635, 534.77, 105.75, 3.84, 0, 0, 0, 0, 1800, 100, 1),
(79183, 1622, 0, 267, -764, 502.147, 90.452, 2.207, 0, 0, 0, 0, 1800, 100, 1),
(79184, 1622, 0, 267, -747, 533.663, 94.418, 0.203, 0, 0, 0, 0, 1800, 100, 1),
(79185, 1622, 0, 267, -903, 303.582, 38.813, 2.336, 0, 0, 0, 0, 1800, 100, 1),
(79186, 1622, 0, 267, -41, -1264, 76.972, 4.299, 0, 0, 0, 0, 1800, 100, 1),
(79187, 1622, 0, 267, -906, -133, 30.0411, 3.215, 0, 0, 0, 0, 1800, 100, 1),
(79188, 1622, 0, 267, -808, -117, 34.7403, 2.332, 0, 0, 0, 0, 1800, 100, 1),
(79189, 1622, 0, 267, -415, -204, 56.889, 4.853, 0, 0, 0, 0, 1800, 100, 1),
(79190, 1622, 0, 267, -225, -607, 66.2, 5.63, 0, 0, 0, 0, 1800, 100, 1),
(79191, 1622, 0, 267, -205, -3, 74.778, 5.12, 0, 0, 0, 0, 1800, 100, 1),
(79192, 1622, 0, 267, -685, -484, 35.75, 2.025, 0, 0, 0.848048, 0.529919, 1800, 100, 1),
(79193, 1622, 0, 267, -1068, -1044, 48.157, 5.116, 0, 0, 0, 0, 1800, 100, 1),
(79194, 1622, 0, 267, -739, -112, 47.113, 5.198, 0, 0, 0.516319, -0.856396, 1800, 100, 1),
(79195, 1622, 0, 267, -950, -328, 51.666, 6.05, 0, 0, 0, 0, 1800, 100, 1),
(79196, 1622, 0, 267, -934, -364, 40.43, 2.025, 0, 0, 0, 0, 1800, 100, 1),
(79197, 1622, 0, 267, -299, -249, 79.221, 6.282, 0, 0, 0, 0, 1800, 100, 1),
(79198, 1622, 0, 267, -770, -109, 33.463, 0.195, 0, 0, 0, 0, 1800, 100, 1),
(79199, 1622, 0, 267, -738, -129, 36.785, 1.483, 0, 0, 0, 0, 1800, 100, 1),
(79200, 1622, 0, 267, -924, -154, 53.944, 0.241, 0, 0, 0.119964, 0.992778, 1800, 100, 1),
(79201, 1622, 0, 267, -202, -1218, 119.256, 1.68, 0, 0, 0, 0, 1800, 100, 1),
(79202, 1622, 0, 267, -271.263, -1279.71, 83.612, 6.14356, 0, 0, -0.0697555, 0.997564, 1800, 100, 1),
(79203, 1622, 0, 267, -226, -1211, 120.104, 2.972, 0, 0, 0, 0, 1800, 100, 1),
(79204, 1622, 0, 267, -829, -804, 30.786, 6.267, 0, 0, 0.008255, -0.999966, 1800, 100, 1),
(79205, 1622, 0, 267, -770.418, 188.185, 60.4781, 5.86431, 0, 0, -0.207911, 0.978148, 1800, 100, 1),
(79206, 1623, 0, 267, -402.397, -1151.77, 74.8978, 1.97222, 0, 0, 0.833885, 0.551938, 1800, 255, 1),
(79207, 1622, 0, 267, -324, -251, 69.372, 5.842, 0, 0, 0, 0, 1800, 100, 1),
(79208, 1622, 0, 267, -302, -254, 80.133, 6.282, 0, 0, 0, 0, 1800, 100, 1),
(79209, 1622, 0, 267, -189, -1408, 113.519, 5.579, 0, 0, 0, 0, 1800, 100, 1),
(79210, 1622, 0, 267, -192, -1467, 117.117, 5.889, 0, 0, 0, 0, 1800, 100, 1),
(79211, 1622, 0, 267, -435, -204, 56.396, 6.176, 0, 0, 0, 0, 1800, 100, 1),
(79212, 1622, 0, 267, -949, -1131, 52.147, 3.058, 0, 0, 0, 0, 1800, 100, 1),
(79213, 1622, 0, 267, -602, 533.042, 84.757, 3.18, 0, 0, 0, 0, 1800, 100, 1),
(79214, 1622, 0, 267, -941, -124, 33.192, 6.011, 0, 0, 0, 0, 1800, 100, 1),
(79215, 1622, 0, 267, -1013, -296, 20.149, 0.667, 0, 0, 0, 0, 1800, 100, 1),
(79216, 1622, 0, 267, -663, -346, 41.054, 6.239, 0, 0, 0, 0, 1800, 100, 1),
(79217, 1622, 0, 267, -465.653, -1409.62, 89.7087, 5.72468, 0, 0, -0.275637, 0.961262, 1800, 100, 1),
(79218, 1622, 0, 267, -1038.16, -191.426, 16.0369, 1.02974, 0, 0, 0.492423, 0.870356, 1800, 100, 1),
(79219, 1622, 0, 267, -474, -207, 52.632, 2.222, 0, 0, 0, 0, 1800, 100, 1),
(79220, 1622, 0, 267, -574.227, -1478.04, 52.4409, 0.994837, 0, 0, 0.477159, 0.878817, 1800, 100, 1),
(79221, 1622, 0, 267, -718.037, -779.204, 32.4724, 3.3685, 0, 0, -0.993571, 0.113208, 1800, 100, 1),
(79222, 1624, 0, 267, -443.955, 218.854, 80.0781, 1.83259, 0, 0, 0.793353, 0.608762, 1800, 255, 1),
(79223, 1624, 0, 267, -47.9175, 116.629, 58.5075, 3.31614, 0, 0, -0.996194, 0.087165, 1800, 100, 1),
(79224, 1624, 0, 267, -689.932, -1151.69, 58.9228, 5.32326, 0, 0, -0.461748, 0.887011, 1800, 100, 1),
(79225, 1624, 0, 267, -379.078, -421.901, 53.1298, 5.48033, 0, 0, -0.390731, 0.920505, 1800, 100, 1),
(79226, 1624, 0, 267, -793, -175, 34.027, 0.63, 0, 0, 0, 0, 1800, 100, 1),
(79227, 1624, 0, 267, -1081.2, -1133.3, 51.1375, 3.35105, 0, 0, -0.994521, 0.104536, 1800, 100, 1),
(79228, 1624, 0, 267, -799.672, -387.842, 17.5608, 1.39626, 0, 0, 0.642787, 0.766045, 1800, 100, 1),
(79229, 1624, 0, 267, -551.877, 213.812, 69.3841, 3.10665, 0, 0, 0.999847, 0.0174693, 1800, 100, 1),
(79230, 1624, 0, 267, -305.608, -560.832, 55.8194, 5.42798, 0, 0, -0.414693, 0.909962, 1800, 100, 1),
(79231, 1624, 0, 267, -242.454, 82.7269, 64.4676, 3.89209, 0, 0, -0.930417, 0.366502, 1800, 100, 1),
(79232, 1624, 0, 267, -128.47, -603.544, 161.321, 3.50812, 0, 0, -0.983254, 0.182238, 1800, 100, 1),
(79233, 1624, 0, 267, -855.681, 88.6056, 39.3379, 1.309, 0, 0, 0.608761, 0.793354, 1800, 100, 1),
(79234, 1624, 0, 267, -297, -128, 64.721, -2, 0, 0, -0.85264, 0.522499, 1800, 100, 1),
(79235, 2041, 0, 267, -290.843, -1114.09, 36.566, 1.74533, 0, 0, 0.766044, 0.642789, 1800, 255, 1),
(79236, 2041, 0, 267, -363.167, -1073.16, 35.5518, 3.97936, 0, 0, -0.913545, 0.406738, 1800, 255, 1),
(79237, 2041, 0, 267, -181.093, -1135.63, 38.3253, 4.36332, 0, 0, -0.819152, 0.573577, 1800, 255, 1),
(79238, 1621, 0, 267, -502.171, -1678.16, 80.8453, 3.59538, 0, 0, -0.97437, 0.224951, 300, 100, 1),
(79239, 1621, 0, 267, -724.908, -1357.02, 67.9433, 4.50295, 0, 0, -0.777145, 0.629321, 300, 100, 1),
(79240, 1621, 0, 267, -300.626, -832.994, 58.0299, 0.59341, 0, 0, 0.292371, 0.956305, 300, 100, 1),
(79241, 1621, 0, 267, -384.97, -1681.25, 88.737, 6.16101, 0, 0, -0.0610485, 0.998135, 300, 100, 1),
(79242, 1621, 0, 267, -1053.8, -1368.43, 56.3424, 1.65806, 0, 0, 0.737277, 0.675591, 300, 100, 1),
(79243, 1621, 0, 267, -445.137, -277.211, 54.5082, 3.89209, 0, 0, -0.930417, 0.366502, 300, 100, 1),
(79244, 1622, 0, 267, -772.051, -1217.61, 61.4927, 6.03884, 0, 0, -0.121869, 0.992546, 300, 100, 1),
(79245, 1622, 0, 267, -983.237, -1207.32, 67.0874, 1.83259, 0, 0, 0.793353, 0.608762, 300, 100, 1),
(79246, 1622, 0, 267, -326.226, -354.014, 80.6472, 2.67035, 0, 0, 0.972369, 0.233448, 300, 100, 1),
(79247, 1622, 0, 267, 87.021, -1039.61, 87.1876, 0.767944, 0, 0, 0.374606, 0.927184, 300, 100, 1),
(79248, 1622, 0, 267, 182.338, -1051.84, 83.7362, 4.83456, 0, 0, -0.66262, 0.748956, 300, 100, 1),
(79249, 1622, 0, 267, -796.592, -1170.49, 68.9588, 5.49779, 0, 0, -0.382683, 0.92388, 300, 100, 1),
(79250, 1622, 0, 267, 160.866, -1025.17, 95.9587, 2.47837, 0, 0, 0.945518, 0.325568, 300, 100, 1),
(79251, 1622, 0, 267, -214.537, -1207.99, 119.931, 1.88495, 0, 0, 0.809016, 0.587786, 300, 100, 1),
(79252, 1622, 0, 267, -253.693, -1540.89, 109.527, 6.16101, 0, 0, -0.0610485, 0.998135, 300, 100, 1),
(79253, 1622, 0, 267, -463.715, 76.9327, 56.6125, 5.02655, 0, 0, -0.587785, 0.809017, 300, 100, 1),
(79254, 1622, 0, 267, -770.199, 505.167, 95.3264, -0.314159, 0, 0, 0.156434, -0.987688, 1800, 100, 1),
(79255, 1622, 0, 267, -319.786, 285.167, 119.267, -1.18682, 0, 0, 0.559193, -0.829037, 1800, 100, 1),
(79256, 1624, 0, 267, -1012.6, 117.441, 54.1006, -2.98451, 0, 0, 0.996917, -0.078459, 1800, 100, 1),
(79257, 1621, 0, 267, -1068.65, 145.38, 65.8706, -1.18682, 0, 0, 0.559193, -0.829037, 900, 100, 1),
(79258, 1624, 0, 267, -1083.47, -1121.58, 49.2658, -0.645772, 0, 0, 0.317305, -0.948324, 1800, 100, 1),
(79259, 1624, 0, 267, -751.515, 120.358, 42.109, -0.942478, 0, 0, 0.453991, -0.891006, 1800, 100, 1),
(79260, 1624, 0, 267, -898.498, -14.4967, 24.378, -0.663225, 0, 0, 0.325568, -0.945519, 1800, 100, 1),
(79261, 1621, 0, 267, -229.459, -1349.42, 92.0722, -0.244346, 0, 0, 0.121869, -0.992546, 900, 100, 1),
(79262, 1621, 0, 267, -960.591, -936.081, 30.8552, 0.907571, 0, 0, 0.438371, 0.898794, 900, 100, 1),
(79263, 1622, 0, 267, -704.487, 624.527, 98.1865, 2.1293, 0, 0, 0.87462, 0.48481, 1800, 100, 1),
(79264, 1624, 0, 267, -214.701, -319.413, 158.04, -1.72788, 0, 0, 0.760406, -0.649448, 1800, 100, 1),
(79265, 1621, 0, 267, -976.12, -827.472, 14.1518, 2.25147, 0, 0, 0.902585, 0.430512, 300, 100, 1),
(79266, 1621, 0, 267, -330.845, -1500.32, 66.9755, 5.49779, 0, 0, -0.382683, 0.92388, 300, 100, 1),
(79267, 1624, 0, 267, -1118.94, -989.685, 56.5378, 5.25344, 0, 0, -0.492423, 0.870356, 300, 100, 1),
(79268, 1624, 0, 267, -713.998, -1279.64, 61.4431, 1.74533, 0, 0, 0.766044, 0.642789, 300, 100, 1),
(79269, 1623, 0, 267, -244.647, -1761.18, 134.621, 0.994837, 0, 0, 0.477159, 0.878817, 300, 100, 1),
(79270, 1623, 0, 267, -128.739, -1755.53, 144.186, 4.31097, 0, 0, -0.833885, 0.551938, 300, 100, 1),
(79271, 1623, 0, 267, -216.618, -1379.53, 116.65, 0.977383, 0, 0, 0.469471, 0.882948, 300, 100, 1),
(79272, 1623, 0, 267, -493.843, -1183.12, 80.3286, 3.47321, 0, 0, -0.986285, 0.16505, 300, 100, 1),
(79273, 1623, 0, 267, 87.1907, -1252.31, 82.3047, 0.698131, 0, 0, 0.34202, 0.939693, 300, 100, 1),
(79274, 1623, 0, 267, -434.975, -1152.92, 74.362, 2.25147, 0, 0, 0.902585, 0.430512, 300, 100, 1),
(79275, 1623, 0, 267, -274.828, -1037.61, 75.8699, 1.97222, 0, 0, 0.833885, 0.551938, 300, 100, 1),
(79276, 1623, 0, 267, -335.789, -1695.81, 107.266, 5.77704, 0, 0, -0.25038, 0.968148, 300, 100, 1),
(79277, 1623, 0, 267, -248.231, -1218.32, 118.386, 3.10665, 0, 0, 0.999847, 0.0174693, 300, 100, 1),
(79278, 1623, 0, 267, 114.982, -1020.31, 106.923, 3.76991, 0, 0, -0.951056, 0.309017, 300, 100, 1),
(79279, 1623, 0, 267, 47.1491, -640.59, 96.4607, 5.65487, 0, 0, -0.309016, 0.951057, 300, 100, 1),
(79280, 2041, 0, 267, -433.665, -986.09, 34.3007, 3.4034, 0, 0, -0.991445, 0.130528, 300, 100, 1),
(79281, 2041, 0, 267, -79.2343, -1131.86, 37.7567, 0.0174525, 0, 0, 0.00872612, 0.999962, 300, 100, 1),
(79282, 2041, 0, 267, -426.187, -1054.69, 35.5166, 3.90954, 0, 0, -0.927183, 0.374608, 300, 100, 1),
(79283, 2041, 0, 267, -582.104, -829.921, 7.925, 4.01426, 0, 0, -0.906307, 0.422619, 300, 100, 1),
(79284, 2041, 0, 267, -226.602, -1092.11, 38.0874, 3.21142, 0, 0, -0.999391, 0.0349061, 300, 100, 1),
(79285, 1621, 0, 267, -380.563, -1141.91, 50.4724, 1.3439, 0, 0, 0.622515, 0.782608, 900, 100, 1),
(79286, 1621, 0, 267, -463.174, -1223.14, 56.5361, 3.4034, 0, 0, -0.991445, 0.130528, 300, 100, 1),
(79287, 1621, 0, 267, -622.071, -1169.44, 61.4729, 5.77704, 0, 0, -0.25038, 0.968148, 300, 100, 1),
(79288, 1622, 0, 267, -957.259, -373, 20.2044, -1.16937, 0, 0, 0.551937, -0.833886, 1800, 100, 1),
(79289, 1620, 0, 267, -749.735, 25.9655, 27.5589, 2.53073, 0, 0, 0.953717, 0.300706, 900, 100, 1),
(79290, 1622, 0, 267, -197.465, -1432.28, 114.996, 2.63545, 0, 0, 0.968148, 0.25038, 1800, 100, 1),
(79291, 1624, 0, 267, -354.741, -949.354, 56.0673, 0.279253, 0, 0, 0.139173, 0.990268, 1800, 100, 1),
(79292, 1621, 0, 267, -863.912, -814.314, 20.1829, 1.97222, 0, 0, 0.833886, 0.551937, 900, 100, 1),
(79293, 1621, 0, 267, -824.922, 146.619, 39.0395, -1.16937, 0, 0, 0.551937, -0.833886, 900, 100, 1),
(79294, 1621, 0, 267, -521.594, -578.872, 41.8702, -0.122173, 0, 0, 0.061049, -0.998135, 900, 100, 1),
(79295, 1622, 0, 267, -589.345, -353.673, 53.0932, -0.977384, 0, 0, 0.469472, -0.882948, 1800, 100, 1),
(79296, 1622, 0, 267, -958.002, -1143.01, 66.0742, -0.122173, 0, 0, 0.061049, -0.998135, 1800, 100, 1),
(79297, 1624, 0, 267, -692.911, -174.651, 40.7294, 1.06465, 0, 0, 0.507538, 0.861629, 1800, 100, 1),
(79298, 1624, 0, 267, -322.816, -1543.89, 81.843, 2.40855, 0, 0, 0.93358, 0.358368, 1800, 100, 1),
(79299, 1620, 0, 267, -750.837, -333.019, 17.6311, -2.23402, 0, 0, 0.898794, -0.438371, 900, 100, 1),
(79300, 1624, 0, 267, -522.197, -157.553, 52.367, 5.72468, 0, 0, -0.275637, 0.961262, 300, 100, 1),
(79301, 1624, 0, 267, 13.7539, 221.86, 44.3383, 2.51327, 0, 0, 0.951057, 0.309017, 1800, 100, 1),
(79302, 1624, 0, 267, -96.4679, -58.3431, 142.345, 5.55015, 0, 0, -0.358368, 0.933581, 1800, 100, 1),
(79303, 1620, 0, 267, 19.495, -804.196, 58.156, 1.0472, 0, 0, 0.5, 0.866025, 900, 100, 1),
(79304, 1624, 0, 267, -388.773, -1225.92, 56.8811, 1.5708, 0, 0, 0.707107, 0.707107, 1800, 100, 1),
(79305, 1624, 0, 267, -294.774, -1392.19, 80.9553, -0.907571, 0, 0, 0.438371, -0.898794, 1800, 100, 1),
(79306, 1624, 0, 267, -187.114, -1285.37, 106.141, 2.53072, 0, 0, 0.953716, 0.300708, 300, 100, 1),
(79307, 1624, 0, 267, -795.205, -1067.75, 47.5945, -1.32645, 0, 0, 0.615661, -0.788011, 1800, 100, 1),
(79308, 1624, 0, 267, -906.656, -868.855, 25.3802, 0.645772, 0, 0, 0.317305, 0.948324, 300, 100, 1),
(79309, 1621, 0, 267, -825.247, 34.6299, 30.3599, -1.25664, 0, 0, 0.587785, -0.809017, 900, 100, 1),
(79310, 1623, 0, 267, -1386.77, -1207.64, 52.1702, 3.6652, 0, 0, -0.965925, 0.258821, 300, 100, 1),
(79311, 1623, 0, 267, -1401.68, -1098.82, 39.569, 1.65806, 0, 0, 0.737277, 0.675591, 300, 100, 1),
(79312, 1624, 0, 267, -785.523, 316.123, 51.6129, 3.05433, 0, 0, 0.999048, 0.043619, 1800, 100, 1),
(79313, 1620, 0, 267, -733.692, 300.211, 48.8067, 1.43117, 0, 0, 0.656059, 0.75471, 900, 100, 1),
(79314, 1620, 0, 267, -142.373, -770.859, 57.7179, 1.93731, 0, 0, 0.824126, 0.566406, 900, 100, 1),
(79315, 1624, 0, 267, -215.535, -798.77, 55.4997, -2.16421, 0, 0, 0.882948, -0.469472, 1800, 100, 1),
(79316, 1620, 0, 267, -699.789, 266.887, 48.9128, 1.88495, 0, 0, 0.809016, 0.587786, 300, 100, 1),
(79317, 1621, 0, 267, -110.734, -1184.78, 45.4065, 0.20944, 0, 0, 0.104528, 0.994522, 900, 100, 1),
(79318, 1624, 0, 267, -904.452, -1262.58, 52.616, 0.383971, 0, 0, 0.190808, 0.981627, 300, 100, 1);

-- Darkshore
DELETE FROM `pool_template` WHERE `entry`=961;
DELETE FROM `pool_gameobject` WHERE `pool_entry`=961 AND `guid` IN (458,459,460,470,471,476,478,490,493,494,495,496,497,498,501,522,534,549,550,551,552,555,566,577,634,642,645,667,690,691,692,739,769,772,855,876,940,941,954,955,956,957,958,959,1001,1024,1047,1099,1133,1139,1192,1224,1228,1230,1256,1257,1259,1264,1265,1353,1389,1415,1418,1496,1533,1608,1609,1631,1660,1690,1723,1727,1741,1743,1751,1754,1799,1812,1817,1822,1850,1865,1924,1937,1940,1976,2000,2052,2096,2100,2110,2112,2116,2117,2118,2121,2124,2129,2133,2134,2137,2158,2184,2185,2187,2235,2242,2260,2266,2273,2283,2286,2295,2302,2305,2322,2325,2327,2403,2404,2407,2408,2409,2410,2411,2412,2413,2414,2415,2432,2452,2453,2454,2458,2478,2481,2490,2500,2518,2519,2529,2552,2558,2573,2582,2594,2600,2602,2607,2618,2624,2627,2629,2632,2649,2650,2651,2653,2654,2655,2661,2662,2666,2671,2676,2683,2684,2690,2706,2708,2713,2715,2744,2745,2759,2776,2793,2805,2806,2808,2815,2830,2834,2852,2862,2863,2864,2876,2897,2899,2900,2968,2974,3009,3010,3012,3013,3014,3090,3094,3095,3137,3148,3185,3186,3188,3189,3192,3243,3304,3427,3454,3479,3578,3780,3781,3782,3783,3784,3785,3792,3815,3816,3841,3866,3874,30174,30176,31361,32605,35009,47935,48487,48489,48498,48501,48508,48532,48534,48572,48579,48580,48588,48597,48601,48603,48624,48625,48660,48662,48664,48669,48670,48747,48763,48767,48775,64945,65049,65054,65055,86195,86212,86215,86247,86251,86259,86261,86276,86296,86297,87462);
DELETE FROM `gameobject` WHERE `guid` IN (458,459,460,470,471,476,478,490,493,494,495,496,497,498,501,522,534,549,550,551,552,555,566,577,634,642,645,667,690,691,692,739,769,772,855,876,940,941,954,955,956,957,958,959,1001,1024,1047,1099,1133,1139,1192,1224,1228,1230,1256,1257,1259,1264,1265,1353,1389,1415,1418,1496,1533,1608,1609,1631,1660,1690,1723,1727,1741,1743,1751,1754,1799,1812,1817,1822,1850,1865,1924,1937,1940,1976,2000,2052,2096,2100,2110,2112,2116,2117,2118,2121,2124,2129,2133,2134,2137,2158,2184,2185,2187,2235,2242,2260,2266,2273,2283,2286,2295,2302,2305,2322,2325,2327,2403,2404,2407,2408,2409,2410,2411,2412,2413,2414,2415,2432,2452,2453,2454,2458,2478,2481,2490,2500,2518,2519,2529,2552,2558,2573,2582,2594,2600,2602,2607,2618,2624,2627,2629,2632,2649,2650,2651,2653,2654,2655,2661,2662,2666,2671,2676,2683,2684,2690,2706,2708,2713,2715,2744,2745,2759,2776,2793,2805,2806,2808,2815,2830,2834,2852,2862,2863,2864,2876,2897,2899,2900,2968,2974,3009,3010,3012,3013,3014,3090,3094,3095,3137,3148,3185,3186,3188,3189,3192,3243,3304,3427,3454,3479,3578,3780,3781,3782,3783,3784,3785,3792,3815,3816,3841,3866,3874,30174,30176,31361,32605,35009,47935,48487,48489,48498,48501,48508,48532,48534,48572,48579,48580,48588,48597,48601,48603,48624,48625,48660,48662,48664,48669,48670,48747,48763,48767,48775,64945,65049,65054,65055,86195,86212,86215,86247,86251,86259,86261,86276,86296,86297,87462);

-- Pools in Vmangos: (1094,1095,1096,1097,1100,1101);
DELETE FROM `pool_template` WHERE `entry` BETWEEN 547 AND 552;
INSERT INTO `pool_template` (`entry`, `max_limit`, `description`) VALUES
(547, 12, 'Earthroot in Darkshore'),
(548, 18, 'Silverleaf in Darkshore'),
(549, 12, 'Peacebloom in Darkshore'),
(550, 20, 'Mageroyal in Darkshore'),
(551, 8, 'Briarthorn in Darkshore'),
(552, 12, 'Bruiseweed in Darkshore');

DELETE FROM `pool_gameobject` WHERE `guid` BETWEEN 81187 AND 81474;
INSERT INTO `pool_gameobject` (`guid`, `pool_entry`, `chance`, `description`) VALUES 
(81187, 548, 0, 'Silverleaf'),
(81188, 548, 0, 'Silverleaf'),
(81189, 548, 0, 'Silverleaf'),
(81190, 548, 0, 'Silverleaf'),
(81191, 548, 0, 'Silverleaf'),
(81192, 548, 0, 'Silverleaf'),
(81193, 548, 0, 'Silverleaf'),
(81194, 548, 0, 'Silverleaf'),
(81195, 548, 0, 'Silverleaf'),
(81196, 548, 0, 'Silverleaf'),
(81197, 548, 0, 'Silverleaf'),
(81198, 548, 0, 'Silverleaf'),
(81199, 548, 0, 'Silverleaf'),
(81200, 548, 0, 'Silverleaf'),
(81201, 548, 0, 'Silverleaf'),
(81202, 548, 0, 'Silverleaf'),
(81203, 548, 0, 'Silverleaf'),
(81204, 548, 0, 'Silverleaf'),
(81205, 548, 0, 'Silverleaf'),
(81206, 548, 0, 'Silverleaf'),
(81207, 548, 0, 'Silverleaf'),
(81208, 548, 0, 'Silverleaf'),
(81209, 548, 0, 'Silverleaf'),
(81210, 548, 0, 'Silverleaf'),
(81211, 548, 0, 'Silverleaf'),
(81212, 548, 0, 'Silverleaf'),
(81213, 548, 0, 'Silverleaf'),
(81214, 548, 0, 'Silverleaf'),
(81215, 548, 0, 'Silverleaf'),
(81216, 548, 0, 'Silverleaf'),
(81217, 548, 0, 'Silverleaf'),
(81218, 548, 0, 'Silverleaf'),
(81219, 548, 0, 'Silverleaf'),
(81220, 548, 0, 'Silverleaf'),
(81221, 548, 0, 'Silverleaf'),
(81222, 548, 0, 'Silverleaf'),
(81223, 548, 0, 'Silverleaf'),
(81224, 548, 0, 'Silverleaf'),
(81225, 548, 0, 'Silverleaf'),
(81226, 548, 0, 'Silverleaf'),
(81227, 548, 0, 'Silverleaf'),
(81228, 548, 0, 'Silverleaf'),
(81229, 548, 0, 'Silverleaf'),
(81230, 548, 0, 'Silverleaf'),
(81231, 548, 0, 'Silverleaf'),
(81232, 548, 0, 'Silverleaf'),
(81233, 548, 0, 'Silverleaf'),
(81234, 548, 0, 'Silverleaf'),
(81235, 548, 0, 'Silverleaf'),
(81236, 548, 0, 'Silverleaf'),
(81237, 548, 0, 'Silverleaf'),
(81238, 548, 0, 'Silverleaf'),
(81239, 548, 0, 'Silverleaf'),
(81240, 548, 0, 'Silverleaf'),
(81241, 548, 0, 'Silverleaf'),
(81242, 548, 0, 'Silverleaf'),
(81243, 548, 0, 'Silverleaf'),
(81244, 548, 0, 'Silverleaf'),
(81245, 549, 0, 'Peacebloom'),
(81246, 549, 0, 'Peacebloom'),
(81247, 549, 0, 'Peacebloom'),
(81248, 549, 0, 'Peacebloom'),
(81249, 549, 0, 'Peacebloom'),
(81250, 549, 0, 'Peacebloom'),
(81251, 549, 0, 'Peacebloom'),
(81252, 549, 0, 'Peacebloom'),
(81253, 549, 0, 'Peacebloom'),
(81254, 549, 0, 'Peacebloom'),
(81255, 549, 0, 'Peacebloom'),
(81256, 549, 0, 'Peacebloom'),
(81257, 549, 0, 'Peacebloom'),
(81258, 549, 0, 'Peacebloom'),
(81259, 549, 0, 'Peacebloom'),
(81260, 547, 0, 'Earthroot'),
(81261, 547, 0, 'Earthroot'),
(81262, 547, 0, 'Earthroot'),
(81263, 547, 0, 'Earthroot'),
(81264, 547, 0, 'Earthroot'),
(81265, 547, 0, 'Earthroot'),
(81266, 547, 0, 'Earthroot'),
(81267, 547, 0, 'Earthroot'),
(81268, 547, 0, 'Earthroot'),
(81269, 547, 0, 'Earthroot'),
(81270, 547, 0, 'Earthroot'),
(81271, 547, 0, 'Earthroot'),
(81272, 547, 0, 'Earthroot'),
(81273, 547, 0, 'Earthroot'),
(81274, 550, 0, 'Mageroyal'),
(81275, 550, 0, 'Mageroyal'),
(81276, 550, 0, 'Mageroyal'),
(81277, 550, 0, 'Mageroyal'),
(81278, 550, 0, 'Mageroyal'),
(81279, 550, 0, 'Mageroyal'),
(81280, 550, 0, 'Mageroyal'),
(81281, 550, 0, 'Mageroyal'),
(81282, 550, 0, 'Mageroyal'),
(81283, 550, 0, 'Mageroyal'),
(81284, 550, 0, 'Mageroyal'),
(81285, 550, 0, 'Mageroyal'),
(81286, 550, 0, 'Mageroyal'),
(81287, 550, 0, 'Mageroyal'),
(81288, 550, 0, 'Mageroyal'),
(81289, 550, 0, 'Mageroyal'),
(81290, 550, 0, 'Mageroyal'),
(81291, 550, 0, 'Mageroyal'),
(81292, 550, 0, 'Mageroyal'),
(81293, 550, 0, 'Mageroyal'),
(81294, 550, 0, 'Mageroyal'),
(81295, 550, 0, 'Mageroyal'),
(81296, 550, 0, 'Mageroyal'),
(81297, 550, 0, 'Mageroyal'),
(81298, 550, 0, 'Mageroyal'),
(81299, 550, 0, 'Mageroyal'),
(81300, 550, 0, 'Mageroyal'),
(81301, 550, 0, 'Mageroyal'),
(81302, 550, 0, 'Mageroyal'),
(81303, 550, 0, 'Mageroyal'),
(81304, 550, 0, 'Mageroyal'),
(81305, 550, 0, 'Mageroyal'),
(81306, 550, 0, 'Mageroyal'),
(81307, 550, 0, 'Mageroyal'),
(81308, 550, 0, 'Mageroyal'),
(81309, 550, 0, 'Mageroyal'),
(81310, 550, 0, 'Mageroyal'),
(81311, 550, 0, 'Mageroyal'),
(81312, 550, 0, 'Mageroyal'),
(81313, 550, 0, 'Mageroyal'),
(81314, 550, 0, 'Mageroyal'),
(81315, 550, 0, 'Mageroyal'),
(81316, 550, 0, 'Mageroyal'),
(81317, 550, 0, 'Mageroyal'),
(81318, 550, 0, 'Mageroyal'),
(81319, 550, 0, 'Mageroyal'),
(81320, 550, 0, 'Mageroyal'),
(81321, 550, 0, 'Mageroyal'),
(81322, 550, 0, 'Mageroyal'),
(81323, 550, 0, 'Mageroyal'),
(81324, 550, 0, 'Mageroyal'),
(81325, 550, 0, 'Mageroyal'),
(81326, 551, 0, 'Briarthorn'),
(81327, 551, 0, 'Briarthorn'),
(81328, 551, 0, 'Briarthorn'),
(81329, 551, 0, 'Briarthorn'),
(81330, 551, 0, 'Briarthorn'),
(81331, 551, 0, 'Briarthorn'),
(81332, 551, 0, 'Briarthorn'),
(81333, 551, 0, 'Briarthorn'),
(81334, 551, 0, 'Briarthorn'),
(81335, 551, 0, 'Briarthorn'),
(81336, 551, 0, 'Briarthorn'),
(81337, 551, 0, 'Briarthorn'),
(81338, 551, 0, 'Briarthorn'),
(81339, 551, 0, 'Briarthorn'),
(81340, 551, 0, 'Briarthorn'),
(81341, 551, 0, 'Briarthorn'),
(81342, 551, 0, 'Briarthorn'),
(81343, 551, 0, 'Briarthorn'),
(81344, 551, 0, 'Briarthorn'),
(81345, 551, 0, 'Briarthorn'),
(81346, 551, 0, 'Briarthorn'),
(81347, 551, 0, 'Briarthorn'),
(81348, 551, 0, 'Briarthorn'),
(81349, 551, 0, 'Briarthorn'),
(81350, 551, 0, 'Briarthorn'),
(81351, 551, 0, 'Briarthorn'),
(81352, 551, 0, 'Briarthorn'),
(81353, 551, 0, 'Briarthorn'),
(81354, 551, 0, 'Briarthorn'),
(81355, 551, 0, 'Briarthorn'),
(81356, 551, 0, 'Briarthorn'),
(81357, 551, 0, 'Briarthorn'),
(81358, 551, 0, 'Briarthorn'),
(81359, 551, 0, 'Briarthorn'),
(81360, 551, 0, 'Briarthorn'),
(81361, 551, 0, 'Briarthorn'),
(81362, 551, 0, 'Briarthorn'),
(81363, 551, 0, 'Briarthorn'),
(81364, 551, 0, 'Briarthorn'),
(81365, 551, 0, 'Briarthorn'),
(81366, 551, 0, 'Briarthorn'),
(81367, 551, 0, 'Briarthorn'),
(81368, 551, 0, 'Briarthorn'),
(81369, 551, 0, 'Briarthorn'),
(81370, 551, 0, 'Briarthorn'),
(81371, 551, 0, 'Briarthorn'),
(81372, 551, 0, 'Briarthorn'),
(81373, 551, 0, 'Briarthorn'),
(81374, 551, 0, 'Briarthorn'),
(81375, 552, 0, 'Bruiseweed'),
(81376, 552, 0, 'Bruiseweed'),
(81377, 552, 0, 'Bruiseweed'),
(81378, 552, 0, 'Bruiseweed'),
(81379, 552, 0, 'Bruiseweed'),
(81380, 552, 0, 'Bruiseweed'),
(81381, 552, 0, 'Bruiseweed'),
(81382, 552, 0, 'Bruiseweed'),
(81383, 552, 0, 'Bruiseweed'),
(81384, 552, 0, 'Bruiseweed'),
(81385, 552, 0, 'Bruiseweed'),
(81386, 552, 0, 'Bruiseweed'),
(81387, 552, 0, 'Bruiseweed'),
(81388, 552, 0, 'Bruiseweed'),
(81389, 552, 0, 'Bruiseweed'),
(81390, 552, 0, 'Bruiseweed'),
(81391, 552, 0, 'Bruiseweed'),
(81392, 552, 0, 'Bruiseweed'),
(81393, 552, 0, 'Bruiseweed'),
(81394, 552, 0, 'Bruiseweed'),
(81395, 552, 0, 'Bruiseweed'),
(81396, 552, 0, 'Bruiseweed'),
(81397, 552, 0, 'Bruiseweed'),
(81398, 552, 0, 'Bruiseweed'),
(81399, 552, 0, 'Bruiseweed'),
(81400, 552, 0, 'Bruiseweed'),
(81401, 552, 0, 'Bruiseweed'),
(81402, 552, 0, 'Bruiseweed'),
(81403, 552, 0, 'Bruiseweed'),
(81404, 552, 0, 'Bruiseweed'),
(81405, 552, 0, 'Bruiseweed'),
(81406, 552, 0, 'Bruiseweed'),
(81407, 552, 0, 'Bruiseweed'),
(81408, 552, 0, 'Bruiseweed'),
(81409, 552, 0, 'Bruiseweed'),
(81410, 551, 0, 'Briarthorn'),
(81411, 551, 0, 'Briarthorn'),
(81412, 551, 0, 'Briarthorn'),
(81413, 551, 0, 'Briarthorn'),
(81414, 551, 0, 'Briarthorn'),
(81415, 551, 0, 'Briarthorn'),
(81416, 551, 0, 'Briarthorn'),
(81417, 551, 0, 'Briarthorn'),
(81418, 551, 0, 'Briarthorn'),
(81419, 551, 0, 'Briarthorn'),
(81420, 551, 0, 'Briarthorn'),
(81421, 551, 0, 'Briarthorn'),
(81422, 551, 0, 'Briarthorn'),
(81423, 551, 0, 'Briarthorn'),
(81424, 552, 0, 'Bruiseweed'),
(81425, 552, 0, 'Bruiseweed'),
(81426, 552, 0, 'Bruiseweed'),
(81427, 547, 0, 'Earthroot'),
(81428, 547, 0, 'Earthroot'),
(81429, 550, 0, 'Mageroyal'),
(81430, 550, 0, 'Mageroyal'),
(81431, 550, 0, 'Mageroyal'),
(81432, 550, 0, 'Mageroyal'),
(81433, 550, 0, 'Mageroyal'),
(81434, 550, 0, 'Mageroyal'),
(81435, 550, 0, 'Mageroyal'),
(81436, 550, 0, 'Mageroyal'),
(81437, 550, 0, 'Mageroyal'),
(81438, 549, 0, 'Peacebloom'),
(81439, 549, 0, 'Peacebloom'),
(81440, 548, 0, 'Silverleaf'),
(81441, 548, 0, 'Silverleaf'),
(81442, 548, 0, 'Silverleaf'),
(81443, 548, 0, 'Silverleaf'),
(81444, 550, 0, 'Mageroyal'),
(81445, 547, 0, 'Earthroot'),
(81446, 550, 0, 'Mageroyal'),
(81447, 552, 0, 'Bruiseweed'),
(81448, 550, 0, 'Mageroyal'),
(81449, 547, 0, 'Earthroot'),
(81450, 550, 0, 'Mageroyal'),
(81451, 549, 0, 'Peacebloom'),
(81452, 549, 0, 'Peacebloom'),
(81453, 547, 0, 'Earthroot'),
(81454, 547, 0, 'Earthroot'),
(81455, 550, 0, 'Mageroyal'),
(81456, 547, 0, 'Earthroot'),
(81457, 548, 0, 'Silverleaf'),
(81458, 548, 0, 'Silverleaf'),
(81459, 552, 0, 'Bruiseweed'),
(81460, 550, 0, 'Mageroyal'),
(81461, 552, 0, 'Bruiseweed'),
(81462, 551, 0, 'Briarthorn'),
(81463, 548, 0, 'Silverleaf'),
(81464, 550, 0, 'Mageroyal'),
(81465, 548, 0, 'Silverleaf'),
(81466, 548, 0, 'Silverleaf'),
(81467, 549, 0, 'Peacebloom'),
(81468, 547, 0, 'Earthroot'),
(81469, 550, 0, 'Mageroyal'),
(81470, 552, 0, 'Bruiseweed'),
(81471, 547, 0, 'Earthroot'),
(81472, 549, 0, 'Peacebloom'),
(81473, 549, 0, 'Peacebloom'),
(81474, 548, 0, 'Silverleaf');

DELETE FROM `gameobject` WHERE `zoneId`=148 AND `guid` BETWEEN 81187 AND 81474;
INSERT INTO `gameobject` (`guid`, `id`, `map`, `zoneId`, `position_x`, `position_y`, `position_z`, `orientation`, `rotation0`, `rotation1`, `rotation2`, `rotation3`, `spawntimesecs`, `animprogress`, `state`) VALUES
(81187, 1617, 1, 148, 5048.67, 329.374, 31.48, 5.716, 0, 0, 0, 0, 900, 100, 1),
(81188, 1617, 1, 148, 7237.36, -783.805, 26.6101, 6.02139, 0, 0, -0.130526, 0.991445, 900, 100, 1),
(81189, 1617, 1, 148, 6173.2, 367.5, 33.1542, 1.72787, 0, 0, 0.760406, 0.649449, 900, 100, 1),
(81190, 1617, 1, 148, 4454.55, 468.077, 50.9815, 0.575957, 0, 0, 0.284015, 0.95882, 900, 100, 1),
(81191, 1617, 1, 148, 6645.38, 361.735, 26.8457, -1.3439, 0, 0, 0.622515, -0.782608, 900, 100, 1),
(81192, 1617, 1, 148, 7184.15, -644.258, 41.5095, 0.802851, 0, 0, 0.390731, 0.920505, 900, 100, 1),
(81193, 1617, 1, 148, 7039.44, 44.654, 18.0968, 4.127, 0, 0, 0, 0, 900, 100, 1),
(81194, 1617, 1, 148, 6900.44, -524, 43.778, 5.442, 0, 0, 0, 0, 900, 100, 1),
(81195, 1617, 1, 148, 7131.54, 74.169, 14.965, 1.044, 0, 0, 0, 0, 900, 100, 1),
(81196, 1617, 1, 148, 7145.9, 52.23, 14.659, 1.441, 0, 0, 0, 0, 900, 100, 1),
(81197, 1617, 1, 148, 7114.1, -297, 38.313, 1.044, 0, 0, 0, 0, 900, 100, 1),
(81198, 1617, 1, 148, 7080.67, 96.235, 13.352, 3.714, 0, 0, 0, 0, 900, 100, 1),
(81199, 1617, 1, 148, 7130.63, 93.526, 16.112, 5.839, 0, 0, 0, 0, 900, 100, 1),
(81200, 1617, 1, 148, 6799.54, -327, 40.15, 5.65, 0, 0, 0, 0, 900, 100, 1),
(81201, 1617, 1, 148, 7136.7, 83.1474, 15.0964, 5.39307, 0, 0, -0.430511, 0.902586, 900, 100, 1),
(81202, 1617, 1, 148, 6137.04, 41.2724, 43.2857, -0.558505, 0, 0, 0.275637, -0.961262, 900, 100, 1),
(81203, 1617, 1, 148, 4484.83, 178.435, 61.7719, -1.8675, 0, 0, 0.803857, -0.594823, 900, 100, 1),
(81204, 1617, 1, 148, 5188.07, 315.228, 35.38, 2.779, 0, 0, 0, 0, 900, 100, 1),
(81205, 1617, 1, 148, 5619.42, 340.177, 21.084, 3.31, 0, 0, 0, 0, 900, 100, 1),
(81206, 1617, 1, 148, 5911.94, -1, 34.008, 0.211, 0, 0, 0, 0, 900, 100, 1),
(81207, 1617, 1, 148, 5817.34, 120.015, 31.138, 6.141, 0, 0, 0, 0, 900, 100, 1),
(81208, 1617, 1, 148, 6489.08, 11.864, 33.3245, 0.881, 0, 0, 0, 0, 900, 100, 1),
(81209, 1617, 1, 148, 4432.75, 121.94, 57.6481, 3.356, 0, 0, 0, 0, 900, 100, 1),
(81210, 1617, 1, 148, 4642.72, 414.602, 47.4611, 4.047, 0, 0, 0, 0, 900, 100, 1),
(81211, 1617, 1, 148, 7213.34, -924, 44.351, 1.972, 0, 0, 0.833886, 0.551937, 900, 100, 1),
(81212, 1617, 1, 148, 6994.25, -487, 47.211, 0.443, 0, 0, 0, 0, 900, 100, 1),
(81213, 1617, 1, 148, 6061.56, 330.032, 28.043, 1.501, 0, 0, 0.681998, 0.731354, 900, 100, 1),
(81214, 1617, 1, 148, 6124.09, 415.109, 27.894, 4.408, 0, 0, 0, 0, 900, 100, 1),
(81215, 1617, 1, 148, 6353.61, 52.8557, 33.4221, 5.49779, 0, 0, -0.382683, 0.92388, 900, 100, 1),
(81216, 1617, 1, 148, 5198.85, 283.02, 39.1043, 1.344, 0, 0, 0.622515, 0.782608, 900, 100, 1),
(81217, 1617, 1, 148, 4963.24, 287.666, 41.1007, 2.91469, 0, 0, 0.993571, 0.113208, 900, 100, 1),
(81218, 1617, 1, 148, 6600.56, 371.189, 31.966, 5.002, 0, 0, 0, 0, 900, 100, 1),
(81219, 1617, 1, 148, 7150.55, -314, 37.351, 3.522, 0, 0, 0, 0, 900, 100, 1),
(81220, 1617, 1, 148, 6835.04, 273.373, 20.978, 2.332, 0, 0, 0, 0, 900, 100, 1),
(81221, 1617, 1, 148, 4656.35, 387.487, 46.5046, 3.38, 0, 0, 0, 0, 900, 100, 1),
(81222, 1617, 1, 148, 6900.68, -474.778, 45.4724, 0.0523589, 0, 0, 0.0261765, 0.999657, 900, 100, 1),
(81223, 1617, 1, 148, 5474.21, 203.838, 31.3102, 0.890118, 0, 0, 0.430511, 0.902585, 900, 100, 1),
(81224, 1617, 1, 148, 6827.44, 258.564, 21.5101, 2.46091, 0, 0, 0.942641, 0.333808, 900, 100, 1),
(81225, 1617, 1, 148, 7159.56, -824, 52.593, 4.924, 0, 0, 0, 0, 900, 100, 1),
(81226, 1617, 1, 148, 7202.24, -550, 38.812, 4.311, 0, 0, 0, 0, 900, 100, 1),
(81227, 1617, 1, 148, 7291.33, -569, 19.163, 5.772, 0, 0, 0, 0, 900, 100, 1),
(81228, 1617, 1, 148, 7123.68, -839, 61.381, 2.929, 0, 0, 0, 0, 900, 100, 1),
(81229, 1617, 1, 148, 7152.52, -858, 61, 5.882, 0, 0, 0, 0, 900, 100, 1),
(81230, 1617, 1, 148, 4645.45, 196.456, 61.7261, 1.02974, 0, 0, 0.492423, 0.870356, 900, 100, 1),
(81231, 1617, 1, 148, 6863.44, 240.424, 13.478, 1.119, 0, 0, 0, 0, 900, 100, 1),
(81232, 1617, 1, 148, 7028.67, -602.416, 51.3293, 6.07375, 0, 0, -0.104528, 0.994522, 900, 100, 1),
(81233, 1617, 1, 148, 4633.19, 435.039, 46.7876, -0.750491, 0, 0, 0.366501, -0.930418, 900, 100, 1),
(81234, 1617, 1, 148, 6095.46, 407.51, 26.875, 3.501, 0, 0, 0, 0, 900, 100, 1),
(81235, 1617, 1, 148, 7123.66, 117.516, 11.8972, 1.142, 0, 0, 0, 0, 900, 100, 1),
(81236, 1617, 1, 148, 4736.46, 337.591, 54.0177, 5.58505, 0, 0, -0.34202, 0.939693, 900, 100, 1),
(81237, 1617, 1, 148, 7296.59, -582.095, 18.7695, 1.09956, 0, 0, 0.522499, 0.85264, 900, 100, 1),
(81238, 1617, 1, 148, 7153.08, -779.355, 58.4021, 4.676, 0, 0, 0, 0, 900, 100, 1),
(81239, 1617, 1, 148, 6093.12, 138.357, 38.523, 4.926, 0, 0, 0, 0, 900, 100, 1),
(81240, 1617, 1, 148, 6298.87, 20.347, 38.708, 5.39, 0, 0, 0, 0, 900, 100, 1),
(81241, 1617, 1, 148, 5980.29, 382.82, 24.818, 3.489, 0, 0, 0, 0, 900, 100, 1),
(81242, 1617, 1, 148, 6438.98, -21, 30.593, 3.041, 0, 0, 0, 0, 900, 100, 1),
(81243, 1617, 1, 148, 6473.06, -30, 35.241, 4.51, 0, 0, 0, 0, 900, 100, 1),
(81244, 1617, 1, 148, 6534.68, 57.967, 36.441, -1, 0, 0, -0.284016, 0.95882, 900, 100, 1),
(81245, 1618, 1, 148, 6720.39, 207.814, 23.1556, 1.78023, 0, 0, 0.777145, 0.629321, 900, 100, 1),
(81246, 1618, 1, 148, 6537.38, -175.755, 36.8939, 5.74214, 0, 0, -0.267238, 0.963631, 900, 100, 1),
(81247, 1618, 1, 148, 5955.71, 93.787, 30.921, -3, 0, 0, -0.986286, 0.165048, 900, 100, 1),
(81248, 1618, 1, 148, 7654.87, -1041, 39.076, 4.203, 0, 0, 0.86242, -0.506194, 900, 100, 1),
(81249, 1618, 1, 148, 7423.06, -741.099, 15.8697, 2.87979, 0, 0, 0.991445, 0.130526, 900, 100, 1),
(81250, 1618, 1, 148, 7266.36, -772, 24.812, 2.164, 0, 0, 0.882947, 0.469472, 900, 100, 1),
(81251, 1618, 1, 148, 6193.9, -103, 46.894, 0.244, 0, 0, 0.121869, 0.992546, 900, 100, 1),
(81252, 1618, 1, 148, 6270.3, 390.889, 32.5784, 0.802851, 0, 0, 0.390731, 0.920505, 900, 100, 1),
(81253, 1618, 1, 148, 4848.96, 96.5679, 50.2729, 0.663223, 0, 0, 0.325567, 0.945519, 900, 100, 1),
(81254, 1618, 1, 148, 6456.76, 108.612, 37.3303, 1.50098, 0, 0, 0.681998, 0.731354, 900, 100, 1),
(81255, 1618, 1, 148, 6264.63, 100.095, 33.8198, 0, 0, 0, 0, 1, 900, 100, 1),
(81256, 1618, 1, 148, 5920.03, -20.4232, 37.6453, -1.06465, 0, 0, 0.507538, -0.861629, 900, 100, 1),
(81257, 1618, 1, 148, 7781.38, -1061, 31.365, 3.117, 0, 0, 0.999925, 0.012209, 900, 100, 1),
(81258, 1618, 1, 148, 4323.75, 41.262, 58.1498, 4.93928, 0, 0, -0.622514, 0.782609, 900, 100, 1),
(81259, 1618, 1, 148, 7296.08, -90.3389, 8.03247, 2.00713, 0, 0, 0.843391, 0.5373, 900, 100, 1),
(81260, 1619, 1, 148, 4482.25, 31.208, 88.504, 0.279252, 0, 0, 0.139173, 0.990268, 900, 100, 1),
(81261, 1619, 1, 148, 5174.2, 355.331, 36.255, 0.509, 0, 0, 0, 0, 900, 100, 1),
(81262, 1619, 1, 148, 4368.39, 640.926, 67.5156, 2.74, 0, 0, 0.979925, 0.199368, 900, 100, 1),
(81263, 1619, 1, 148, 5587.86, 33.6228, 53.097, -0.017453, 0, 0, 0.008727, -0.999962, 900, 100, 1),
(81264, 1619, 1, 148, 4451.71, 424.274, 70.5483, 1.93731, 0, 0, 0.824125, 0.566408, 900, 100, 1),
(81265, 1619, 1, 148, 4403.32, 820.611, 30.2575, -0.610865, 0, 0, 0.300706, -0.953717, 900, 100, 1),
(81266, 1619, 1, 148, 6608.91, 229.521, 44.5898, 4.64258, 0, 0, -0.731354, 0.681998, 900, 100, 1),
(81267, 1619, 1, 148, 5366.7, 185.883, 36.0369, 0.20944, 0, 0, 0.104528, 0.994522, 900, 100, 1),
(81268, 1619, 1, 148, 7406.52, -1090.43, 45.1445, -2.3911, 0, 0, 0.930418, -0.366501, 900, 100, 1),
(81269, 1619, 1, 148, 6305.24, 145.662, 36.1323, 1.36136, 0, 0, 0.62932, 0.777146, 900, 100, 1),
(81270, 1619, 1, 148, 5192.54, 151.976, 58.6893, 4.24115, 0, 0, -0.85264, 0.522499, 900, 100, 1),
(81271, 1619, 1, 148, 5413.78, 117.888, 37.082, 0.262, 0, 0, 0.130526, 0.991445, 900, 100, 1),
(81272, 1619, 1, 148, 6784.64, 221.253, 32.7102, 3.85718, 0, 0, -0.936671, 0.35021, 900, 100, 1),
(81273, 1619, 1, 148, 4676.91, 787.59, 29.9015, -2.86234, 0, 0, 0.990268, -0.139173, 900, 100, 1),
(81274, 1620, 1, 148, 7358.92, -1121.79, 45.0579, 1.15192, 0, 0, 0.544639, 0.838671, 900, 100, 1),
(81275, 1620, 1, 148, 4533.32, 422.404, 33.7425, 1.169, 0, 0, 0.551937, 0.833886, 900, 100, 1),
(81276, 1620, 1, 148, 7194.74, 70.146, 11.282, 1.449, 0, 0, 0, 0, 900, 100, 1),
(81277, 1620, 1, 148, 7334.58, -218, 12.315, 3.762, 0, 0, 0, 0, 900, 100, 1),
(81278, 1620, 1, 148, 6907.27, 271.118, 9.83621, 1.394, 0, 0, 0, 0, 900, 100, 1),
(81279, 1620, 1, 148, 7046.68, -608, 51.078, 2.726, 0, 0, 0, 0, 900, 100, 1),
(81280, 1620, 1, 148, 7310.06, -243, 11.592, 3.381, 0, 0, 0, 0, 900, 100, 1),
(81281, 1620, 1, 148, 7347.64, -248, 11.426, 5.109, 0, 0, 0, 0, 900, 100, 1),
(81282, 1620, 1, 148, 6998.28, -552, 50.862, 0.786, 0, 0, 0, 0, 900, 100, 1),
(81283, 1620, 1, 148, 6734.41, 433.311, 20.08, 0.296705, 0, 0, 0.147809, 0.989016, 900, 100, 1),
(81284, 1620, 1, 148, 6423.5, 171.639, 34.732, 2.054, 0, 0, 0, 0, 900, 100, 1),
(81285, 1620, 1, 148, 6629.3, 332.025, 29.333, 4.571, 0, 0, 0, 0, 900, 100, 1),
(81286, 1620, 1, 148, 6257.8, 592.286, 0.658, 2.847, 0, 0, 0, 0, 900, 100, 1),
(81287, 1620, 1, 148, 6127.01, 190.498, 24.5227, -1, 0, 0, -0.66262, 0.748955, 900, 100, 1),
(81288, 1620, 1, 148, 6809.58, 480.052, 11.176, 1.834, 0, 0, 0, 0, 900, 100, 1),
(81289, 1620, 1, 148, 6691.14, 431.142, 24.298, 3.311, 0, 0, 0, 0, 900, 100, 1),
(81290, 1620, 1, 148, 6879.74, 372.022, 15.418, 1.461, 0, 0, 0, 0, 900, 100, 1),
(81291, 1620, 1, 148, 5866.61, 166.033, 31.1269, 1.0472, 0, 0, 0.5, 0.866025, 900, 100, 1),
(81292, 1620, 1, 148, 6176.1, 483.942, 19.907, 4.253, 0, 0, 0, 0, 900, 100, 1),
(81293, 1620, 1, 148, 4571.54, 562.069, 1.279, 2.304, 0, 0, 0.913545, 0.406737, 900, 100, 1),
(81294, 1620, 1, 148, 6982.93, -616, 49.393, 3.362, 0, 0, 0, 0, 900, 100, 1),
(81295, 1620, 1, 148, 5251.26, 496.505, 16.149, -2, 0, 0, -0.866025, 0.5, 900, 100, 1),
(81296, 1620, 1, 148, 5393.55, 183.817, 29.765, -1.93731, 0, 0, 0.824126, -0.566406, 900, 100, 1),
(81297, 1620, 1, 148, 5530.29, 64.6255, 36.8811, 4.2237, 0, 0, -0.857167, 0.515038, 900, 100, 1),
(81298, 1620, 1, 148, 5914.91, 415.128, 18.8381, 1.36136, 0, 0, 0.62932, 0.777146, 900, 100, 1),
(81299, 1620, 1, 148, 5156.7, 190.836, 37.0906, 4.66003, 0, 0, -0.725374, 0.688355, 900, 100, 1),
(81300, 1620, 1, 148, 6184.66, 420.837, 24.0527, -2.51327, 0, 0, 0.951057, -0.309017, 900, 100, 1),
(81301, 1620, 1, 148, 7199.86, -786, 37.348, 1.868, 0, 0, 0.803857, 0.594823, 900, 100, 1),
(81302, 1620, 1, 148, 5411.81, 463.373, 19.6885, 0.698131, 0, 0, 0.34202, 0.939693, 900, 100, 1),
(81303, 1620, 1, 148, 5587.33, 368.375, 28.373, -2, 0, 0, -0.91706, 0.398749, 900, 100, 1),
(81304, 1620, 1, 148, 4545.84, 391.536, 33.7408, 2.09439, 0, 0, 0.866025, 0.500001, 900, 100, 1),
(81305, 1620, 1, 148, 7301.16, -906, 32.91, 5.547, 0, 0, 0, 0, 900, 100, 1),
(81306, 1620, 1, 148, 7759.88, -1104, 46.445, 5.841, 0, 0, 0, 0, 900, 100, 1),
(81307, 1620, 1, 148, 7696.34, -875, 13.188, 6.085, 0, 0, 0, 0, 900, 100, 1),
(81308, 1620, 1, 148, 7522.67, -787, 15.064, 2.001, 0, 0, 0, 0, 900, 100, 1),
(81309, 1620, 1, 148, 7497.66, -797, 17.126, 3.465, 0, 0, 0, 0, 900, 100, 1),
(81310, 1620, 1, 148, 7428.26, -608, 15.843, 1.749, 0, 0, 0, 0, 900, 100, 1),
(81311, 1620, 1, 148, 7389.79, -569, 20.694, 1.914, 0, 0, 0, 0, 900, 100, 1),
(81312, 1620, 1, 148, 7364.14, -602, 22.074, 5.865, 0, 0, 0, 0, 900, 100, 1),
(81313, 1620, 1, 148, 4407.68, 677.593, 25.6926, 1.55334, 0, 0, 0.700909, 0.713251, 900, 100, 1),
(81314, 1620, 1, 148, 5097.59, 514.898, 13.3284, 0.087266, 0, 0, 0.0436192, 0.999048, 900, 100, 1),
(81315, 1620, 1, 148, 6468.69, 195.086, 31.468, 4.395, 0, 0, 0, 0, 900, 100, 1),
(81316, 1620, 1, 148, 6650.44, 257.807, 28.78, 0, 0, 0, -0.121869, 0.992546, 900, 100, 1),
(81317, 1620, 1, 148, 7328.92, -912, 32.253, 5.166, 0, 0, 0, 0, 900, 100, 1),
(81318, 1620, 1, 148, 7331.05, -274.139, 9.089, 5.35816, 0, 0, -0.446198, 0.894935, 900, 100, 1),
(81319, 1620, 1, 148, 6857.36, 410.354, 15.3431, 0.767944, 0, 0, 0.374606, 0.927184, 900, 100, 1),
(81320, 1620, 1, 148, 5669.64, 473.721, 14.327, 0, 0, 0, -0.087156, 0.996195, 900, 100, 1),
(81321, 1620, 1, 148, 4629.45, 635.049, 6.356, -2, 0, 0, -0.771624, 0.636078, 900, 100, 1),
(81322, 1620, 1, 148, 5833.66, 461.356, 12.9013, -0.663225, 0, 0, 0.325568, -0.945519, 900, 100, 1),
(81323, 1620, 1, 148, 6245.77, 555.763, 8.52751, 4.383, 0, 0, 0, 0, 900, 100, 1),
(81324, 1620, 1, 148, 6641.25, 111.471, 32.237, -2, 0, 0, -0.85264, 0.522499, 900, 100, 1),
(81325, 1620, 1, 148, 4953.92, 435.788, 33.406, 1.18682, 0, 0, 0.559193, 0.829038, 900, 100, 1),
(81326, 1621, 1, 148, 7287.13, -139.673, 14.4423, 0.418879, 0, 0, 0.207911, 0.978148, 900, 100, 1),
(81327, 1621, 1, 148, 7110.92, -809, 68.488, 4.642, 0, 0, 0, 0, 900, 100, 1),
(81328, 1621, 1, 148, 5449.31, 113.31, 33.99, -1, 0, 0, -0.398749, 0.91706, 900, 100, 1),
(81329, 1621, 1, 148, 6414.23, -18, 32.767, 4.372, 0, 0, 0, 0, 900, 100, 1),
(81330, 1621, 1, 148, 5032.89, 379.941, 29.378, 4.665, 0, 0, 0, 0, 900, 100, 1),
(81331, 1621, 1, 148, 7730.97, -1015, 33.193, 3.885, 0, 0, 0, 0, 900, 100, 1),
(81332, 1621, 1, 148, 7133.4, -328.718, 37.861, 0.20944, 0, 0, 0.104528, 0.994522, 900, 100, 1),
(81333, 1621, 1, 148, 4694.51, 345.941, 51.417, 5.775, 0, 0, 0, 0, 900, 100, 1),
(81334, 1621, 1, 148, 6983.77, -195, 40.235, 0.452, 0, 0, 0, 0, 900, 100, 1),
(81335, 1621, 1, 148, 6906.65, -17.683, 23.9168, 3.56047, 0, 0, -0.978148, 0.207912, 900, 100, 1),
(81336, 1621, 1, 148, 6046.71, 351.044, 24.966, 2.264, 0, 0, 0, 0, 900, 100, 1),
(81337, 1621, 1, 148, 6838.68, -141, 37.151, -2, 0, 0, -0.848048, 0.529919, 900, 100, 1),
(81338, 1621, 1, 148, 5284, 160.93, 39.133, 0, 0, 0, -0.095846, 0.995396, 900, 100, 1),
(81339, 1621, 1, 148, 6601.46, 365.959, 31.531, 1.379, 0, 0, 0.636078, 0.771625, 900, 100, 1),
(81340, 1621, 1, 148, 6669.62, 159.319, 32.985, 1.954, 0, 0, 0, 0, 900, 100, 1),
(81341, 1621, 1, 148, 5697.39, 1.628, 47.766, 3.537, 0, 0, 0, 0, 900, 100, 1),
(81342, 1621, 1, 148, 5763.96, 370.598, 21.709, 0.489, 0, 0, 0.241922, 0.970296, 900, 100, 1),
(81343, 1621, 1, 148, 5643.83, 304.715, 19.0495, 2.46, 0, 0, 0, 0, 900, 100, 1),
(81344, 1621, 1, 148, 7011.7, -173, 34.72, 5.794, 0, 0, 0, 0, 900, 100, 1),
(81345, 1621, 1, 148, 5528.58, 334.245, 31.3362, 3.299, 0, 0, 0, 0, 900, 100, 1),
(81346, 1621, 1, 148, 5580.99, 348.569, 28.3377, 2.142, 0, 0, 0, 0, 900, 100, 1),
(81347, 1621, 1, 148, 6926.84, -192, 42.954, 0.117, 0, 0, 0, 0, 900, 100, 1),
(81348, 1621, 1, 148, 5394.59, 343.262, 25.101, 1.501, 0, 0, 0, 0, 900, 100, 1),
(81349, 1621, 1, 148, 6689.17, -143, 32.638, 4.062, 0, 0, 0, 0, 900, 100, 1),
(81350, 1621, 1, 148, 5236.56, 392.847, 31.344, -0.331612, 0, 0, 0.165048, -0.986286, 900, 100, 1),
(81351, 1621, 1, 148, 4761.78, 264.361, 54.225, 4.514, 0, 0, 0, 0, 900, 100, 1),
(81352, 1621, 1, 148, 7084.49, -496, 43.414, 3.727, 0, 0, 0, 0, 900, 100, 1),
(81353, 1621, 1, 148, 5492.91, 382.794, 23.2928, 3.03687, 0, 0, 0.99863, 0.052336, 900, 100, 1),
(81354, 1621, 1, 148, 5926.89, 46.192, 29.787, 2.301, 0, 0, 0, 0, 900, 100, 1),
(81355, 1621, 1, 148, 6832.79, 249.9, 19.9006, 4.299, 0, 0, 0, 0, 900, 100, 1),
(81356, 1621, 1, 148, 5368.59, 200.113, 31.555, 3.837, 0, 0, 0, 0, 900, 100, 1),
(81357, 1621, 1, 148, 7706.74, -878, 13.629, 0.958, 0, 0, 0, 0, 900, 100, 1),
(81358, 1621, 1, 148, 6646.08, -212, 39.84, 3.089, 0, 0, 0.999657, 0.026177, 900, 100, 1),
(81359, 1621, 1, 148, 7152.14, -498, 39.041, 2.461, 0, 0, 0.942641, 0.333807, 900, 100, 1),
(81360, 1621, 1, 148, 7010.19, -56, 16.797, 2.143, 0, 0, 0, 0, 900, 100, 1),
(81361, 1621, 1, 148, 4427.84, 367.739, 60.939, 4.072, 0, 0, 0, 0, 900, 100, 1),
(81362, 1621, 1, 148, 4685.86, 204.657, 57.926, 3.525, 0, 0, 0, 0, 900, 100, 1),
(81363, 1621, 1, 148, 6286.11, 184.455, 36.223, 1.053, 0, 0, 0, 0, 900, 100, 1),
(81364, 1621, 1, 148, 5400.7, 52.842, 45.12, 4.326, 0, 0, 0, 0, 900, 100, 1),
(81365, 1621, 1, 148, 6684.22, 116.111, 34.448, 1.189, 0, 0, 0, 0, 900, 100, 1),
(81366, 1621, 1, 148, 7258.42, -1053.89, 40.0407, -0.191986, 0, 0, 0.095846, -0.995396, 900, 100, 1),
(81367, 1621, 1, 148, 5935, 345.521, 25.2171, -0.296706, 0, 0, 0.147809, -0.989016, 900, 100, 1),
(81368, 1621, 1, 148, 5744.02, -17, 41.041, -1, 0, 0, -0.398749, 0.91706, 900, 100, 1),
(81369, 1621, 1, 148, 6469.69, -51.2925, 35.8001, 0.680678, 0, 0, 0.333807, 0.942641, 900, 100, 1),
(81370, 1621, 1, 148, 6495.82, -78, 36.117, 4.422, 0, 0, 0, 0, 900, 100, 1),
(81371, 1621, 1, 148, 5261.76, 457.867, 22.3791, 1.06465, 0, 0, 0.507538, 0.861629, 900, 100, 1),
(81372, 1621, 1, 148, 5323.21, 346.832, 30.623, -1, 0, 0, -0.430511, 0.902585, 900, 100, 1),
(81373, 1621, 1, 148, 6254, 226.941, 39.0118, 2.79252, 0, 0, 0.984807, 0.173652, 900, 100, 1),
(81374, 1621, 1, 148, 4404.1, 609.329, 44.1401, 2.44346, 0, 0, 0.939693, 0.34202, 900, 100, 1),
(81375, 1622, 1, 148, 7384.21, -737, 13.662, 0.161, 0, 0, 0, 0, 1800, 100, 1),
(81376, 1622, 1, 148, 5827.88, 96.136, 32.86, 4.928, 0, 0, 0, 0, 1800, 100, 1),
(81377, 1622, 1, 148, 5691.59, 152.045, 30.997, 5.588, 0, 0, 0, 0, 1800, 100, 1),
(81378, 1622, 1, 148, 5783.34, 67.65, 35.76, 3.35, 0, 0, 0, 0, 1800, 100, 1),
(81379, 1622, 1, 148, 6536.3, 25.842, 33.288, 6.236, 0, 0, 0, 0, 1800, 100, 1),
(81380, 1622, 1, 148, 4636.56, 525.637, 32.147, 3.503, 0, 0, 0, 0, 1800, 100, 1),
(81381, 1622, 1, 148, 4680.4, 633.903, 25.821, 1.194, 0, 0, 0, 0, 1800, 100, 1),
(81382, 1622, 1, 148, 7429.45, -924, 12.777, 4.006, 0, 0, 0, 0, 1800, 100, 1),
(81383, 1622, 1, 148, 7450.82, -737, 13.617, 0.02, 0, 0, 0, 0, 1800, 100, 1),
(81384, 1622, 1, 148, 7445.92, -777, 15.69, 0.77, 0, 0, 0, 0, 1800, 100, 1),
(81385, 1622, 1, 148, 7437.04, -1097.8, 39.3206, 5.88176, 0, 0, -0.199368, 0.979925, 1800, 100, 1),
(81386, 1622, 1, 148, 5601.84, 239.504, 32, 4.701, 0, 0, 0, 0, 1800, 100, 1),
(81387, 1622, 1, 148, 5607.98, 181.207, 28.587, 5.376, 0, 0, 0, 0, 1800, 100, 1),
(81388, 1622, 1, 148, 5614.75, 77.483, 29.068, 4.489, 0, 0, 0, 0, 1800, 100, 1),
(81389, 1622, 1, 148, 4597.48, 527.789, 34.113, 6.012, 0, 0, 0, 0, 1800, 100, 1),
(81390, 1622, 1, 148, 4686.09, 637.499, 25.584, 1.194, 0, 0, 0, 0, 1800, 100, 1),
(81391, 1622, 1, 148, 6713.45, -193.626, 35.174, 1.0472, 0, 0, 0.5, 0.866025, 1800, 100, 1),
(81392, 1622, 1, 148, 4542.91, 573.643, 2.904, -2, 0, 0, -0.887011, 0.461749, 1800, 100, 1),
(81393, 1622, 1, 148, 7388.34, -871, 14.76, 2.282, 0, 0, 0, 0, 1800, 100, 1),
(81394, 1622, 1, 148, 5831.89, 167.255, 33.022, -1, 0, 0, -0.656059, 0.75471, 1800, 100, 1),
(81395, 1622, 1, 148, 6715.5, -88.9202, 42.954, 0.994837, 0, 0, 0.477159, 0.878817, 1800, 100, 1),
(81396, 1622, 1, 148, 4596.51, 575.173, 1.236, 2.635, 0, 0, 0.968148, 0.25038, 1800, 100, 1),
(81397, 1622, 1, 148, 7627.94, -946, 29.14, 4.771, 0, 0, 0, 0, 1800, 100, 1),
(81398, 1622, 1, 148, 6750.15, -99, 29.428, 3.625, 0, 0, 0, 0, 1800, 100, 1),
(81399, 1622, 1, 148, 6728.67, -7, 43.072, 4.642, 0, 0, 0, 0, 1800, 100, 1),
(81400, 1622, 1, 148, 6792.54, -61, 30.549, 3.57, 0, 0, 0, 0, 1800, 100, 1),
(81401, 1622, 1, 148, 6714.93, -47, 42.95, 4.587, 0, 0, 0, 0, 1800, 100, 1),
(81402, 1622, 1, 148, 6592.71, 33.457, 34.797, 6.189, 0, 0, 0, 0, 1800, 100, 1),
(81403, 1622, 1, 148, 6730.18, 29.594, 44.444, 3.687, 0, 0, 0, 0, 1800, 100, 1),
(81404, 1622, 1, 148, 6699.08, -6, 43.098, 2.723, 0, 0, 0.978148, 0.207912, 1800, 100, 1),
(81405, 1622, 1, 148, 7610.62, -1025, 40.8441, 0.114, 0, 0, 0, 0, 1800, 100, 1),
(81406, 1622, 1, 148, 5588.88, 187.624, 29.591, -3, 0, 0, -0.981627, 0.190809, 1800, 100, 1),
(81407, 1622, 1, 148, 5684.71, 94.799, 32.09, 0, 0, 0, -0.069756, 0.997564, 1800, 100, 1),
(81408, 1622, 1, 148, 7651.09, -1003, 38.1672, 4.532, 0, 0, 0, 0, 1800, 100, 1),
(81409, 1622, 1, 148, 4530.77, 414.507, 33.7425, 4.99164, 0, 0, -0.601814, 0.798636, 1800, 100, 1),
(81410, 1621, 1, 148, 7457.85, -1146.68, 44.8022, 0.244346, 0, 0, 0.121869, 0.992546, 300, 100, 1),
(81411, 1621, 1, 148, 6081.99, 407.804, 25.7207, 3.59538, 0, 0, -0.97437, 0.224951, 300, 100, 1),
(81412, 1621, 1, 148, 5603.32, 241.437, 31.5457, 4.59022, 0, 0, -0.748956, 0.66262, 300, 100, 1),
(81413, 1621, 1, 148, 4760.79, 137.93, 54.6364, 4.04917, 0, 0, -0.898793, 0.438373, 300, 100, 1),
(81414, 1621, 1, 148, 4823.35, 275.858, 52.1601, 1.65806, 0, 0, 0.737277, 0.675591, 300, 100, 1),
(81415, 1621, 1, 148, 4523.03, 34.3448, 83.7612, 5.18363, 0, 0, -0.522498, 0.85264, 300, 100, 1),
(81416, 1621, 1, 148, 6977.94, -206.324, 40.4996, 2.33874, 0, 0, 0.920505, 0.390732, 300, 100, 1),
(81417, 1621, 1, 148, 4423.4, 333.811, 58.392, 2.91469, 0, 0, 0.993571, 0.113208, 300, 100, 1),
(81418, 1621, 1, 148, 5093.71, 400.35, 32.8642, 1.01229, 0, 0, 0.484809, 0.87462, 300, 100, 1),
(81419, 1621, 1, 148, 7048.82, -46.8621, 18.3249, 1.25664, 0, 0, 0.587785, 0.809017, 300, 100, 1),
(81420, 1621, 1, 148, 7768.93, -1089.04, 39.2549, 4.41568, 0, 0, -0.803857, 0.594823, 300, 100, 1),
(81421, 1621, 1, 148, 6834.12, 348.531, 20.9587, 3.63029, 0, 0, -0.970295, 0.241925, 300, 100, 1),
(81422, 1621, 1, 148, 6711.49, 350.309, 26.0895, 3.57793, 0, 0, -0.976295, 0.216442, 300, 100, 1),
(81423, 1621, 1, 148, 4737.5, 391.683, 38.826, 5.28835, 0, 0, -0.477159, 0.878817, 300, 100, 1),
(81424, 1622, 1, 148, 7371.6, -964.426, 32.2543, 5.63741, 0, 0, -0.317305, 0.948324, 300, 100, 1),
(81425, 1622, 1, 148, 4609.48, 563.931, 1.2706, 2.63544, 0, 0, 0.968147, 0.250381, 300, 100, 1),
(81426, 1622, 1, 148, 7370.56, -776.133, 8.09829, 4.03171, 0, 0, -0.902585, 0.430512, 300, 100, 1),
(81427, 1619, 1, 148, 5189.79, 343.254, 41.3473, 1.79769, 0, 0, 0.782608, 0.622515, 300, 100, 1),
(81428, 1619, 1, 148, 7689.64, -988.655, 38.2943, 0.558504, 0, 0, 0.275637, 0.961262, 300, 100, 1),
(81429, 1620, 1, 148, 7549.78, -934.65, 12.8812, 4.15388, 0, 0, -0.874619, 0.48481, 300, 100, 1),
(81430, 1620, 1, 148, 6741.07, 452.357, 19.4953, 4.36332, 0, 0, -0.819152, 0.573577, 300, 100, 1),
(81431, 1620, 1, 148, 6151.48, 481.864, 17.708, 3.73501, 0, 0, -0.956305, 0.292372, 300, 100, 1),
(81432, 1620, 1, 148, 7588.91, -803.94, 15.4576, 2.96704, 0, 0, 0.996194, 0.087165, 300, 100, 1),
(81433, 1620, 1, 148, 7518.13, -999.679, -9.88135, 1.36136, 0, 0, 0.62932, 0.777146, 300, 100, 1),
(81434, 1620, 1, 148, 6565.85, 276.078, 34.6048, 1.97222, 0, 0, 0.833885, 0.551938, 300, 100, 1),
(81435, 1620, 1, 148, 6098.4, 377.551, 25.8775, 5.63741, 0, 0, -0.317305, 0.948324, 300, 100, 1),
(81436, 1620, 1, 148, 7421.58, -556.772, 3.19416, 2.19911, 0, 0, 0.891006, 0.453991, 300, 100, 1),
(81437, 1620, 1, 148, 7098.78, -631.622, 47.2586, 0.157079, 0, 0, 0.0784588, 0.996917, 300, 100, 1),
(81438, 1618, 1, 148, 7653.11, -1068.2, 41.8302, 2.67035, 0, 0, 0.972369, 0.233448, 300, 100, 1),
(81439, 1618, 1, 148, 7223.89, -670.534, 37.2767, 4.41568, 0, 0, -0.803857, 0.594823, 300, 100, 1),
(81440, 1617, 1, 148, 7353.12, 119.21, 12.8687, 4.46804, 0, 0, -0.788011, 0.615662, 300, 100, 1),
(81441, 1617, 1, 148, 5744.92, 242.318, 32.4345, 5.2709, 0, 0, -0.484809, 0.87462, 300, 100, 1),
(81442, 1617, 1, 148, 7349.18, -656.249, 25.1487, 4.64258, 0, 0, -0.731354, 0.681998, 300, 100, 1),
(81443, 1617, 1, 148, 6470.91, -113.706, 37.2739, 6.02139, 0, 0, -0.130526, 0.991445, 300, 100, 1),
(81444, 1620, 1, 148, 4763.26, 676.558, 11.7826, 2.87979, 0, 0, 0.991445, 0.130526, 900, 100, 1),
(81445, 1619, 1, 148, 4581.46, 710.533, 24.4426, 1.5708, 0, 0, 0.707107, 0.707107, 900, 100, 1),
(81446, 1620, 1, 148, 4636.47, 638.005, 7.22104, -1.76278, 0, 0, 0.771625, -0.636078, 900, 100, 1),
(81447, 1622, 1, 148, 4636.02, 617.317, 8.80881, -1.27409, 0, 0, 0.594823, -0.803857, 1800, 100, 1),
(81448, 1620, 1, 148, 4411.26, 56.8261, 60.444, 2.02458, 0, 0, 0.848048, 0.529919, 900, 100, 1),
(81449, 1619, 1, 148, 4613.15, 85.3189, 71.6598, 4.71239, 0, 0, 0.707107, -0.707107, 900, 100, 1),
(81450, 1620, 1, 148, 4332.59, 559.682, 58.0343, -2.33874, 0, 0, 0.920505, -0.390731, 900, 100, 1),
(81451, 1618, 1, 148, 4665.72, 117.576, 58.3812, 1.90241, 0, 0, 0.814116, 0.580703, 900, 100, 1),
(81452, 1618, 1, 148, 4724.49, 472.739, 34.2072, 2.60054, 0, 0, 0.96363, 0.267238, 900, 100, 1),
(81453, 1619, 1, 148, 4802.9, 374.457, 49.4757, 0.10472, 0, 0, 0.052336, 0.99863, 900, 100, 1),
(81454, 1619, 1, 148, 6201.02, -154.568, 78.4208, -1.91986, 0, 0, 0.819152, -0.573576, 900, 100, 1),
(81455, 1620, 1, 148, 6193.06, 9.49995, 43.2606, 1.81514, 0, 0, 0.788011, 0.615662, 900, 100, 1),
(81456, 1619, 1, 148, 6036.65, -134.44, 73.0123, 2.74017, 0, 0, 0.979925, 0.199368, 900, 100, 1),
(81457, 1617, 1, 148, 5837.62, 72.4459, 31.3255, -2.58309, 0, 0, 0.961262, -0.275637, 900, 100, 1),
(81458, 1617, 1, 148, 5952.66, 169.934, 28.3482, -0.750491, 0, 0, 0.366501, -0.930418, 900, 100, 1),
(81459, 1622, 1, 148, 5799.47, 111.217, 31.7227, -2.23402, 0, 0, 0.898794, -0.438371, 1800, 100, 1),
(81460, 1620, 1, 148, 5671.89, 36.6695, 43.404, 1.91986, 0, 0, 0.819152, 0.573576, 900, 100, 1),
(81461, 1622, 1, 148, 6585.26, -38.7114, 34.2006, -1.79769, 0, 0, 0.782608, -0.622515, 1800, 100, 1),
(81462, 1621, 1, 148, 6672.48, 77.6357, 32.3985, 1.6057, 0, 0, 0.71934, 0.694658, 900, 100, 1),
(81463, 1617, 1, 148, 7013.95, 32.6935, 16.7705, 1.3439, 0, 0, 0.622515, 0.782608, 900, 100, 1),
(81464, 1620, 1, 148, 7281.19, 112.235, 10.0818, 0.645772, 0, 0, 0.317305, 0.948324, 900, 100, 1),
(81465, 1617, 1, 148, 7212.01, -65.4047, 14.2558, 0.698132, 0, 0, 0.34202, 0.939693, 900, 100, 1),
(81466, 1617, 1, 148, 7113.88, -224.026, 35.3592, 1.11701, 0, 0, 0.529919, 0.848048, 900, 100, 1),
(81467, 1618, 1, 148, 6985.06, -321.506, 36.0836, -0.366519, 0, 0, 0.182236, -0.983255, 900, 100, 1),
(81468, 1619, 1, 148, 7146.62, -961.387, 66.532, -2.84489, 0, 0, 0.989016, -0.147809, 900, 100, 1),
(81469, 1620, 1, 148, 7743.73, -881.311, 17.0433, -0.244346, 0, 0, 0.121869, -0.992546, 900, 100, 1),
(81470, 1622, 1, 148, 7389.33, -833.38, 18.2687, 0.226893, 0, 0, 0.113203, 0.993572, 1800, 100, 1),
(81471, 1619, 1, 148, 6977.43, -652.401, 69.4153, 3.29869, 0, 0, -0.996917, 0.0784664, 300, 100, 1),
(81472, 1618, 1, 148, 4926.66, 381.136, 38.894, 0.680677, 0, 0, 0.333806, 0.942642, 300, 100, 1),
(81473, 1618, 1, 148, 6784.08, -387.636, 40.4781, 2.42601, 0, 0, 0.936672, 0.350207, 300, 100, 1),
(81474, 1617, 1, 148, 6892.05, 62.8029, 15.7584, 1.48353, 0, 0, 0.67559, 0.737278, 300, 100, 1);

-- Winterspring
DELETE FROM `pool_gameobject` WHERE `pool_entry`=967 AND `guid` IN (19671,19673,19674,19690,19707,19711,19713,19716,19717,19718,19719,19720,19721,19722,19726,19734,19735,19744,19745,19749,19752,19753,19755,19756,19761,19766,19767,19768,19769,19770,19771,19772,19773,19775,19776,19777,19780,19784,19787,19788,19789,19791,19793,19794,19795,19796,19797,19798,19799,19800,19801,19805,19822,19823,19824,19825,19844,19845,19846,19847,19848,19849,19850,19851,19852,19853,19858,19859,19860,19861,19862,19863,19867,19870,20134,20135,20136,20137,20138,20139,20140,20141,20142,20143,20144,20145,20146,20147,20148,20149,20150,20151,20152,20153,20154,20155,20156,20157,20158,20159,20160,20161,20162,20163,20164,20165,20166,20167,20168,20169,20170,20171,20172,20173,20174,20175,20176,20177,20178,20179,20180,20181,20182,20183,20184,20185,20186,20187,20188,20189,20190,20191,20192,20193,20194,20195,20196,20197,20198,20199,20200,20201,20202,20203,20204,20205,20206,20207,20208,20209,20210,20211,20212,20213,20214,20215,20216,20217,20218,20219,20220,20221,20222,20223,20224,20225,20226,20227,20228,20229,20230,20231,20232,20233,20234,20235,20236,20237,20238,20239,20240,20241,20242,20243,20244,20245,20246,20247,20248,20249,20250,20251,20252,20253,20254,20255,20256,20257,20258,20259,20260,20261,20262,49103,49104,49105,49106,49107,49108,49109,49110,49111,49112,49113,49114,49115,49116,49117,49118,49119,49120,49121,49122,49123,49124,49125,49126,49127,49128,49129,49130,49131,49132,49133,49134,49135,49136,49137,49138,86436,86442,86443,86444,86445,86447,86449,86451,86452,86453,86454,86479,86480,86481,86482,86483,86484,86485,86486,86487,86488,86489,86490,86491,86492,86493,86494,86495,86496,86497,86498,86499,86500,86501,86502,87060,87308,87309,87501,87503,87513,87514,87515,87516);

DELETE FROM `gameobject` WHERE `guid` IN (19671,19673,19674,19690,19707,19711,19713,19716,19717,19718,19719,19720,19721,19722,19726,19734,19735,19744,19745,19749,19752,19753,19755,19756,19761,19766,19767,19768,19769,19770,19771,19772,19773,19775,19776,19777,19780,19784,19787,19788,19789,19791,19793,19794,19795,19796,19797,19798,19799,19800,19801,19805,19822,19823,19824,19825,19844,19845,19846,19847,19848,19849,19850,19851,19852,19853,19858,19859,19860,19861,19862,19863,19867,19870,20134,20135,20136,20137,20138,20139,20140,20141,20142,20143,20144,20145,20146,20147,20148,20149,20150,20151,20152,20153,20154,20155,20156,20157,20158,20159,20160,20161,20162,20163,20164,20165,20166,20167,20168,20169,20170,20171,20172,20173,20174,20175,20176,20177,20178,20179,20180,20181,20182,20183,20184,20185,20186,20187,20188,20189,20190,20191,20192,20193,20194,20195,20196,20197,20198,20199,20200,20201,20202,20203,20204,20205,20206,20207,20208,20209,20210,20211,20212,20213,20214,20215,20216,20217,20218,20219,20220,20221,20222,20223,20224,20225,20226,20227,20228,20229,20230,20231,20232,20233,20234,20235,20236,20237,20238,20239,20240,20241,20242,20243,20244,20245,20246,20247,20248,20249,20250,20251,20252,20253,20254,20255,20256,20257,20258,20259,20260,20261,20262,49103,49104,49105,49106,49107,49108,49109,49110,49111,49112,49113,49114,49115,49116,49117,49118,49119,49120,49121,49122,49123,49124,49125,49126,49127,49128,49129,49130,49131,49132,49133,49134,49135,49136,49137,49138,86436,86442,86443,86444,86445,86447,86449,86451,86452,86453,86454,86479,86480,86481,86482,86483,86484,86485,86486,86487,86488,86489,86490,86491,86492,86493,86494,86495,86496,86497,86498,86499,86500,86501,86502,87060,87308,87309,87501,87503,87513,87514,87515,87516);

DELETE FROM `pool_template` WHERE `entry`=967;

-- Vmangos pools: (1236, 1237);
DELETE FROM `pool_template` WHERE `entry` IN (553, 554);
INSERT INTO `pool_template` (`entry`, `max_limit`, `description`) VALUES
(553, 26, 'Icecap in Winterspring'),
(554, 14, 'Mountain Silversage in Winterspring');

DELETE FROM `pool_gameobject` WHERE `guid` BETWEEN 81475 AND 81745;
INSERT INTO `pool_gameobject` (`guid`, `pool_entry`, `chance`, `description`) VALUES 
(81475, 554, 0, 'Mountain Silversage'),
(81476, 554, 0, 'Mountain Silversage'),
(81477, 554, 0, 'Mountain Silversage'),
(81478, 554, 0, 'Mountain Silversage'),
(81479, 554, 0, 'Mountain Silversage'),
(81480, 554, 0, 'Mountain Silversage'),
(81481, 554, 0, 'Mountain Silversage'),
(81482, 554, 0, 'Mountain Silversage'),
(81483, 554, 0, 'Mountain Silversage'),
(81484, 554, 0, 'Mountain Silversage'),
(81485, 554, 0, 'Mountain Silversage'),
(81486, 554, 0, 'Mountain Silversage'),
(81487, 554, 0, 'Mountain Silversage'),
(81488, 554, 0, 'Mountain Silversage'),
(81489, 554, 0, 'Mountain Silversage'),
(81490, 554, 0, 'Mountain Silversage'),
(81491, 554, 0, 'Mountain Silversage'),
(81492, 554, 0, 'Mountain Silversage'),
(81493, 554, 0, 'Mountain Silversage'),
(81494, 554, 0, 'Mountain Silversage'),
(81495, 554, 0, 'Mountain Silversage'),
(81496, 554, 0, 'Mountain Silversage'),
(81497, 554, 0, 'Mountain Silversage'),
(81498, 554, 0, 'Mountain Silversage'),
(81499, 554, 0, 'Mountain Silversage'),
(81500, 554, 0, 'Mountain Silversage'),
(81501, 554, 0, 'Mountain Silversage'),
(81502, 554, 0, 'Mountain Silversage'),
(81503, 554, 0, 'Mountain Silversage'),
(81504, 554, 0, 'Mountain Silversage'),
(81505, 554, 0, 'Mountain Silversage'),
(81506, 554, 0, 'Mountain Silversage'),
(81507, 554, 0, 'Mountain Silversage'),
(81508, 554, 0, 'Mountain Silversage'),
(81509, 554, 0, 'Mountain Silversage'),
(81510, 554, 0, 'Mountain Silversage'),
(81511, 554, 0, 'Mountain Silversage'),
(81512, 554, 0, 'Mountain Silversage'),
(81513, 554, 0, 'Mountain Silversage'),
(81514, 554, 0, 'Mountain Silversage'),
(81515, 554, 0, 'Mountain Silversage'),
(81516, 554, 0, 'Mountain Silversage'),
(81517, 554, 0, 'Mountain Silversage'),
(81518, 554, 0, 'Mountain Silversage'),
(81519, 554, 0, 'Mountain Silversage'),
(81520, 554, 0, 'Mountain Silversage'),
(81521, 554, 0, 'Mountain Silversage'),
(81522, 554, 0, 'Mountain Silversage'),
(81523, 554, 0, 'Mountain Silversage'),
(81524, 554, 0, 'Mountain Silversage'),
(81525, 554, 0, 'Mountain Silversage'),
(81526, 554, 0, 'Mountain Silversage'),
(81527, 554, 0, 'Mountain Silversage'),
(81528, 554, 0, 'Mountain Silversage'),
(81529, 554, 0, 'Mountain Silversage'),
(81530, 554, 0, 'Mountain Silversage'),
(81531, 554, 0, 'Mountain Silversage'),
(81532, 554, 0, 'Mountain Silversage'),
(81533, 554, 0, 'Mountain Silversage'),
(81534, 554, 0, 'Mountain Silversage'),
(81535, 554, 0, 'Mountain Silversage'),
(81536, 554, 0, 'Mountain Silversage'),
(81537, 554, 0, 'Mountain Silversage'),
(81538, 554, 0, 'Mountain Silversage'),
(81539, 554, 0, 'Mountain Silversage'),
(81540, 554, 0, 'Mountain Silversage'),
(81541, 554, 0, 'Mountain Silversage'),
(81542, 554, 0, 'Mountain Silversage'),
(81543, 554, 0, 'Mountain Silversage'),
(81544, 554, 0, 'Mountain Silversage'),
(81545, 554, 0, 'Mountain Silversage'),
(81546, 554, 0, 'Mountain Silversage'),
(81547, 553, 0, 'Icecap'),
(81548, 553, 0, 'Icecap'),
(81549, 553, 0, 'Icecap'),
(81550, 553, 0, 'Icecap'),
(81551, 553, 0, 'Icecap'),
(81552, 553, 0, 'Icecap'),
(81553, 553, 0, 'Icecap'),
(81554, 553, 0, 'Icecap'),
(81555, 553, 0, 'Icecap'),
(81556, 553, 0, 'Icecap'),
(81557, 553, 0, 'Icecap'),
(81558, 553, 0, 'Icecap'),
(81559, 553, 0, 'Icecap'),
(81560, 553, 0, 'Icecap'),
(81561, 553, 0, 'Icecap'),
(81562, 553, 0, 'Icecap'),
(81563, 553, 0, 'Icecap'),
(81564, 553, 0, 'Icecap'),
(81565, 553, 0, 'Icecap'),
(81566, 553, 0, 'Icecap'),
(81567, 553, 0, 'Icecap'),
(81568, 553, 0, 'Icecap'),
(81569, 553, 0, 'Icecap'),
(81570, 553, 0, 'Icecap'),
(81571, 553, 0, 'Icecap'),
(81572, 553, 0, 'Icecap'),
(81573, 553, 0, 'Icecap'),
(81574, 553, 0, 'Icecap'),
(81575, 553, 0, 'Icecap'),
(81576, 553, 0, 'Icecap'),
(81577, 553, 0, 'Icecap'),
(81578, 553, 0, 'Icecap'),
(81579, 553, 0, 'Icecap'),
(81580, 553, 0, 'Icecap'),
(81581, 553, 0, 'Icecap'),
(81582, 553, 0, 'Icecap'),
(81583, 553, 0, 'Icecap'),
(81584, 553, 0, 'Icecap'),
(81585, 553, 0, 'Icecap'),
(81586, 553, 0, 'Icecap'),
(81587, 553, 0, 'Icecap'),
(81588, 553, 0, 'Icecap'),
(81589, 553, 0, 'Icecap'),
(81590, 553, 0, 'Icecap'),
(81591, 553, 0, 'Icecap'),
(81592, 553, 0, 'Icecap'),
(81593, 553, 0, 'Icecap'),
(81594, 553, 0, 'Icecap'),
(81595, 553, 0, 'Icecap'),
(81596, 553, 0, 'Icecap'),
(81597, 553, 0, 'Icecap'),
(81598, 553, 0, 'Icecap'),
(81599, 553, 0, 'Icecap'),
(81600, 553, 0, 'Icecap'),
(81601, 553, 0, 'Icecap'),
(81602, 553, 0, 'Icecap'),
(81603, 553, 0, 'Icecap'),
(81604, 553, 0, 'Icecap'),
(81605, 553, 0, 'Icecap'),
(81606, 553, 0, 'Icecap'),
(81607, 553, 0, 'Icecap'),
(81608, 553, 0, 'Icecap'),
(81609, 553, 0, 'Icecap'),
(81610, 553, 0, 'Icecap'),
(81611, 553, 0, 'Icecap'),
(81612, 553, 0, 'Icecap'),
(81613, 553, 0, 'Icecap'),
(81614, 553, 0, 'Icecap'),
(81615, 553, 0, 'Icecap'),
(81616, 553, 0, 'Icecap'),
(81617, 553, 0, 'Icecap'),
(81618, 553, 0, 'Icecap'),
(81619, 553, 0, 'Icecap'),
(81620, 553, 0, 'Icecap'),
(81621, 553, 0, 'Icecap'),
(81622, 553, 0, 'Icecap'),
(81623, 553, 0, 'Icecap'),
(81624, 553, 0, 'Icecap'),
(81625, 553, 0, 'Icecap'),
(81626, 553, 0, 'Icecap'),
(81627, 553, 0, 'Icecap'),
(81628, 553, 0, 'Icecap'),
(81629, 553, 0, 'Icecap'),
(81630, 553, 0, 'Icecap'),
(81631, 553, 0, 'Icecap'),
(81632, 553, 0, 'Icecap'),
(81633, 553, 0, 'Icecap'),
(81634, 553, 0, 'Icecap'),
(81635, 553, 0, 'Icecap'),
(81636, 553, 0, 'Icecap'),
(81637, 553, 0, 'Icecap'),
(81638, 553, 0, 'Icecap'),
(81639, 553, 0, 'Icecap'),
(81640, 553, 0, 'Icecap'),
(81641, 553, 0, 'Icecap'),
(81642, 553, 0, 'Icecap'),
(81643, 553, 0, 'Icecap'),
(81644, 553, 0, 'Icecap'),
(81645, 553, 0, 'Icecap'),
(81646, 553, 0, 'Icecap'),
(81647, 553, 0, 'Icecap'),
(81648, 553, 0, 'Icecap'),
(81649, 553, 0, 'Icecap'),
(81650, 553, 0, 'Icecap'),
(81651, 553, 0, 'Icecap'),
(81652, 553, 0, 'Icecap'),
(81653, 553, 0, 'Icecap'),
(81654, 553, 0, 'Icecap'),
(81655, 553, 0, 'Icecap'),
(81656, 553, 0, 'Icecap'),
(81657, 553, 0, 'Icecap'),
(81658, 553, 0, 'Icecap'),
(81659, 553, 0, 'Icecap'),
(81660, 553, 0, 'Icecap'),
(81661, 553, 0, 'Icecap'),
(81662, 553, 0, 'Icecap'),
(81663, 553, 0, 'Icecap'),
(81664, 553, 0, 'Icecap'),
(81665, 553, 0, 'Icecap'),
(81666, 553, 0, 'Icecap'),
(81667, 553, 0, 'Icecap'),
(81668, 553, 0, 'Icecap'),
(81669, 553, 0, 'Icecap'),
(81670, 553, 0, 'Icecap'),
(81671, 553, 0, 'Icecap'),
(81672, 553, 0, 'Icecap'),
(81673, 553, 0, 'Icecap'),
(81674, 553, 0, 'Icecap'),
(81675, 553, 0, 'Icecap'),
(81676, 553, 0, 'Icecap'),
(81677, 553, 0, 'Icecap'),
(81678, 553, 0, 'Icecap'),
(81679, 553, 0, 'Icecap'),
(81680, 553, 0, 'Icecap'),
(81681, 553, 0, 'Icecap'),
(81682, 553, 0, 'Icecap'),
(81683, 553, 0, 'Icecap'),
(81684, 553, 0, 'Icecap'),
(81685, 553, 0, 'Icecap'),
(81686, 553, 0, 'Icecap'),
(81687, 553, 0, 'Icecap'),
(81688, 553, 0, 'Icecap'),
(81689, 553, 0, 'Icecap'),
(81690, 553, 0, 'Icecap'),
(81691, 554, 0, 'Mountain Silversage'),
(81692, 554, 0, 'Mountain Silversage'),
(81693, 554, 0, 'Mountain Silversage'),
(81694, 554, 0, 'Mountain Silversage'),
(81695, 554, 0, 'Mountain Silversage'),
(81696, 554, 0, 'Mountain Silversage'),
(81697, 554, 0, 'Mountain Silversage'),
(81698, 554, 0, 'Mountain Silversage'),
(81699, 554, 0, 'Mountain Silversage'),
(81700, 554, 0, 'Mountain Silversage'),
(81701, 554, 0, 'Mountain Silversage'),
(81702, 554, 0, 'Mountain Silversage'),
(81703, 554, 0, 'Mountain Silversage'),
(81704, 554, 0, 'Mountain Silversage'),
(81705, 554, 0, 'Mountain Silversage'),
(81706, 554, 0, 'Mountain Silversage'),
(81707, 554, 0, 'Mountain Silversage'),
(81708, 554, 0, 'Mountain Silversage'),
(81709, 554, 0, 'Mountain Silversage'),
(81710, 554, 0, 'Mountain Silversage'),
(81711, 554, 0, 'Mountain Silversage'),
(81712, 554, 0, 'Mountain Silversage'),
(81713, 554, 0, 'Mountain Silversage'),
(81714, 554, 0, 'Mountain Silversage'),
(81715, 553, 0, 'Icecap'),
(81716, 553, 0, 'Icecap'),
(81717, 553, 0, 'Icecap'),
(81718, 553, 0, 'Icecap'),
(81719, 553, 0, 'Icecap'),
(81720, 553, 0, 'Icecap'),
(81721, 553, 0, 'Icecap'),
(81722, 553, 0, 'Icecap'),
(81723, 553, 0, 'Icecap'),
(81724, 553, 0, 'Icecap'),
(81725, 553, 0, 'Icecap'),
(81726, 553, 0, 'Icecap'),
(81727, 553, 0, 'Icecap'),
(81728, 553, 0, 'Icecap'),
(81729, 553, 0, 'Icecap'),
(81730, 553, 0, 'Icecap'),
(81731, 553, 0, 'Icecap'),
(81732, 553, 0, 'Icecap'),
(81733, 553, 0, 'Icecap'),
(81734, 553, 0, 'Icecap'),
(81735, 553, 0, 'Icecap'),
(81736, 553, 0, 'Icecap'),
(81737, 553, 0, 'Icecap'),
(81738, 553, 0, 'Icecap'),
(81739, 553, 0, 'Icecap'),
(81740, 553, 0, 'Icecap'),
(81741, 553, 0, 'Icecap'),
(81742, 553, 0, 'Icecap'),
(81743, 553, 0, 'Icecap'),
(81744, 553, 0, 'Icecap'),
(81745, 553, 0, 'Icecap');

DELETE FROM `gameobject` WHERE `zoneId`=618 AND `guid` BETWEEN 81475 AND 81745;
INSERT INTO `gameobject` (`guid`, `id`, `map`, `zoneId`, `position_x`, `position_y`, `position_z`, `orientation`, `rotation0`, `rotation1`, `rotation2`, `rotation3`, `spawntimesecs`, `animprogress`, `state`) VALUES
(81475, 176586, 1, 618, 6679.09, -3216.58, 627.622, 3.54302, 0, 0, -0.979924, 0.19937, 2700, 255, 1),
(81476, 176586, 1, 618, 6971.53, -4274, 757.603, 5.839, 0, 0, 0, 0, 2700, 100, 1),
(81477, 176586, 1, 618, 7234.34, -4367, 651.365, 1.405, 0, 0, 0, 0, 2700, 100, 1),
(81478, 176586, 1, 618, 7327.6, -4296, 704.438, 0.329, 0, 0, 0, 0, 2700, 100, 1),
(81479, 176586, 1, 618, 6348.86, -3603, 724.875, 2.323, 0, 0, 0, 0, 2700, 100, 1),
(81480, 176586, 1, 618, 6332.88, -2546, 537.629, 4.384, 0, 0, 0, 0, 2700, 100, 1),
(81481, 176586, 1, 618, 6316.29, -2403.2, 555.067, 1.899, 0, 0, 0, 0, 2700, 100, 1),
(81482, 176586, 1, 618, 6343.07, -3610, 728.26, 0.402, 0, 0, 0, 0, 2700, 100, 1),
(81483, 176586, 1, 618, 6484.94, -3732, 702.149, 1.635, 0, 0, 0, 0, 2700, 100, 1),
(81484, 176586, 1, 618, 6423.07, -3701, 714.912, 3.952, 0, 0, 0, 0, 2700, 100, 1),
(81485, 176586, 1, 618, 6417.3, -3723, 711.351, 3.308, 0, 0, 0, 0, 2700, 100, 1),
(81486, 176586, 1, 618, 6347.73, -3485, 717.085, 3.159, 0, 0, 0, 0, 2700, 100, 1),
(81487, 176586, 1, 618, 6492.92, -3509, 640.294, 0.544, 0, 0, 0, 0, 2700, 100, 1),
(81488, 176586, 1, 618, 6347.38, -3475, 717.459, 3.159, 0, 0, 0, 0, 2700, 100, 1),
(81489, 176586, 1, 618, 7025.48, -4794, 742.085, 0.423, 0, 0, 0, 0, 2700, 100, 1),
(81490, 176586, 1, 618, 6366.95, -5087, 757.087, 4.024, 0, 0, 0, 0, 2700, 100, 1),
(81491, 176586, 1, 618, 6614.23, -5123, 797.084, 4.102, 0, 0, 0, 0, 2700, 100, 1),
(81492, 176586, 1, 618, 6842.32, -5266, 823.023, 4.636, 0, 0, 0, 0, 2700, 100, 1),
(81493, 176586, 1, 618, 6880.38, -3332, 711.989, 5.774, 0, 0, 0, 0, 2700, 100, 1),
(81494, 176586, 1, 618, 6708.93, -5103, 739.882, 2.96, 0, 0, 0, 0, 2700, 100, 1),
(81495, 176586, 1, 618, 6752.48, -5264, 812.428, 3.796, 0, 0, 0, 0, 2700, 100, 1),
(81496, 176586, 1, 618, 7645.89, -3783, 693.521, 1.45, 0, 0, 0, 0, 2700, 100, 1),
(81497, 176586, 1, 618, 6947.34, -4293, 776.792, 4.743, 0, 0, 0, 0, 2700, 100, 1),
(81498, 176586, 1, 618, 7477.11, -4906, 688.77, 4.597, 0, 0, 0, 0, 2700, 100, 1),
(81499, 176586, 1, 618, 6824.69, -2992, 585.875, 6.038, 0, 0, 0, 0, 2700, 100, 1),
(81500, 176586, 1, 618, 6881.05, -3144, 638.363, 0.575, 0, 0, 0, 0, 2700, 100, 1),
(81501, 176586, 1, 618, 6851.04, -2522, 566.258, 5.311, 0, 0, 0, 0, 2700, 100, 1),
(81502, 176586, 1, 618, 6857.92, -2574, 577.221, 5.908, 0, 0, 0, 0, 2700, 100, 1),
(81503, 176586, 1, 618, 6843.59, -2478, 561.2, 4.942, 0, 0, 0, 0, 2700, 100, 1),
(81504, 176586, 1, 618, 6864.96, -2483, 566.015, 5.107, 0, 0, 0, 0, 2700, 100, 1),
(81505, 176586, 1, 618, 6853.99, -2476, 562.242, 4.954, 0, 0, 0, 0, 2700, 100, 1),
(81506, 176586, 1, 618, 6739.9, -3998, 702.148, 5.343, 0, 0, 0, 0, 2700, 100, 1),
(81507, 176586, 1, 618, 6387.84, -3062, 589.948, 2.955, 0, 0, 0, 0, 2700, 100, 1),
(81508, 176586, 1, 618, 6372.37, -3040, 601.943, 2.382, 0, 0, 0, 0, 2700, 100, 1),
(81509, 176586, 1, 618, 6427.71, -3167, 579.494, 5.327, 0, 0, 0, 0, 2700, 100, 1),
(81510, 176586, 1, 618, 7553.73, -5070, 740.593, 4.079, 0, 0, 0, 0, 2700, 100, 1),
(81511, 176586, 1, 618, 6884.88, -3716, 748.385, 0.32, 0, 0, 0, 0, 2700, 100, 1),
(81512, 176586, 1, 618, 6318.69, -3998, 694.404, 3.171, 0, 0, 0, 0, 2700, 100, 1),
(81513, 176586, 1, 618, 5443.26, -4647, 802.966, 2.161, 0, 0, 0, 0, 2700, 100, 1),
(81514, 176586, 1, 618, 5379.98, -4844, 814.657, 4.183, 0, 0, 0, 0, 2700, 100, 1),
(81515, 176586, 1, 618, 5452.91, -4640, 802.786, 2.601, 0, 0, 0, 0, 2700, 100, 1),
(81516, 176586, 1, 618, 6877.67, -3705, 747.954, 1.215, 0, 0, 0, 0, 2700, 100, 1),
(81517, 176586, 1, 618, 6311.04, -3985, 700.131, 2.696, 0, 0, 0, 0, 2700, 100, 1),
(81518, 176586, 1, 618, 6327.32, -4025, 696.416, 4.29, 0, 0, 0, 0, 2700, 100, 1),
(81519, 176586, 1, 618, 6316.33, -3991, 694.974, 3.171, 0, 0, 0, 0, 2700, 100, 1),
(81520, 176586, 1, 618, 7258.49, -4074, 714.46, 1.042, 0, 0, 0, 0, 2700, 100, 1),
(81521, 176586, 1, 618, 7286.29, -3995, 704.506, 1.388, 0, 0, 0, 0, 2700, 100, 1),
(81522, 176586, 1, 618, 6919.92, -4370, 726.82, 1.056, 0, 0, 0, 0, 2700, 100, 1),
(81523, 176586, 1, 618, 7339.07, -4296, 705.208, 1.511, 0, 0, 0, 0, 2700, 100, 1),
(81524, 176586, 1, 618, 7762.69, -4371, 702.513, 3.62, 0, 0, 0, 0, 2700, 100, 1),
(81525, 176586, 1, 618, 7737.6, -4376, 699.385, 3.93, 0, 0, 0, 0, 2700, 100, 1),
(81526, 176586, 1, 618, 6394.87, -2565, 550.819, 4.051, 0, 0, 0, 0, 2700, 100, 1),
(81527, 176586, 1, 618, 6810.7, -5277, 816.267, 0.113, 0, 0, 0, 0, 2700, 100, 1),
(81528, 176586, 1, 618, 6946.87, -4814, 703.821, 0.093, 0, 0, 0, 0, 2700, 100, 1),
(81529, 176586, 1, 618, 6968.39, -5214, 726.307, 0.128, 0, 0, 0, 0, 2700, 100, 1),
(81530, 176586, 1, 618, 6892.98, -3338, 721.006, 6.273, 0, 0, 0, 0, 2700, 100, 1),
(81531, 176586, 1, 618, 6319.99, -2395, 556.459, 1.899, 0, 0, 0, 0, 2700, 100, 1),
(81532, 176586, 1, 618, 6306.42, -2413, 557.185, 2.433, 0, 0, 0, 0, 2700, 100, 1),
(81533, 176586, 1, 618, 6883.97, -3295, 700.773, 6.069, 0, 0, 0, 0, 2700, 100, 1),
(81534, 176586, 1, 618, 6273.1, -4588, 705.424, 4.919, 0, 0, 0, 0, 2700, 100, 1),
(81535, 176586, 1, 618, 6292.16, -4723, 759.392, 1.13, 0, 0, 0, 0, 2700, 100, 1),
(81536, 176586, 1, 618, 6300.67, -4731, 759.968, 0.933, 0, 0, 0, 0, 2700, 100, 1),
(81537, 176586, 1, 618, 6364.8, -5075, 758.7, 4.519, 0, 0, 0, 0, 2700, 100, 1),
(81538, 176586, 1, 618, 5989.77, -4631, 718.238, 4.051, 0, 0, 0, 0, 2700, 100, 1),
(81539, 176586, 1, 618, 7496.56, -3923, 720.021, 2.931, 0, 0, 0, 0, 2700, 100, 1),
(81540, 176586, 1, 618, 5980.49, -4629, 720.195, 5.363, 0, 0, 0, 0, 2700, 100, 1),
(81541, 176586, 1, 618, 5718.14, -4481, 761.23, 5.742, 0, 0, 0, 0, 2700, 100, 1),
(81542, 176586, 1, 618, 5496.28, -4944, 849.913, 3.205, 0, 0, 0, 0, 2700, 100, 1),
(81543, 176586, 1, 618, 7662.46, -3812, 689.077, 0.391, 0, 0, 0, 0, 2700, 100, 1),
(81544, 176586, 1, 618, 8152.12, -3705, 744.864, 3.213, 0, 0, 0, 0, 2700, 100, 1),
(81545, 176586, 1, 618, 7291.62, -3997, 702.576, 1.294, 0, 0, 0, 0, 2700, 100, 1),
(81546, 176586, 1, 618, 7935.38, -4364, 723.122, 6.133, 0, 0, 0, 0, 2700, 100, 1),
(81547, 176588, 1, 618, 7094.93, -4181, 704.669, 2.236, 0, 0, 0, 0, 300, 100, 1),
(81548, 176588, 1, 618, 5116.16, -4676, 848.112, 5.9, 0, 0, 0, 0, 300, 100, 1),
(81549, 176588, 1, 618, 6544.12, -4130, 665.434, 5.076, 0, 0, 0, 0, 300, 100, 1),
(81550, 176588, 1, 618, 6438.8, -4198, 665.918, 4.989, 0, 0, 0, 0, 300, 100, 1),
(81551, 176588, 1, 618, 5962.25, -4584, 713.017, 1.278, 0, 0, 0, 0, 300, 100, 1),
(81552, 176588, 1, 618, 6773.42, -4154.48, 718.614, 1.29154, 0, 0, 0.601814, 0.798636, 300, 100, 1),
(81553, 176588, 1, 618, 6714.67, -4873, 775.038, 3.053, 0, 0, 0, 0, 300, 100, 1),
(81554, 176588, 1, 618, 5963.61, -4574, 711.33, 0.407, 0, 0, 0, 0, 300, 100, 1),
(81555, 176588, 1, 618, 5045.34, -4624, 851.751, 2.649, 0, 0, 0, 0, 300, 100, 1),
(81556, 176588, 1, 618, 6787.88, -3352, 671.624, 1.404, 0, 0, 0, 0, 300, 100, 1),
(81557, 176588, 1, 618, 6093.52, -4347, 725.881, 0.085, 0, 0, 0, 0, 300, 100, 1),
(81558, 176588, 1, 618, 6776.48, -3373, 671.46, 3.662, 0, 0, 0, 0, 300, 100, 1),
(81559, 176588, 1, 618, 6469.86, -4299, 665.149, 1.796, 0, 0, 0, 0, 300, 100, 1),
(81560, 176588, 1, 618, 5878.4, -4628, 741.804, 3.022, 0, 0, 0, 0, 300, 100, 1),
(81561, 176588, 1, 618, 5605.76, -4777, 778.892, 5.182, 0, 0, 0, 0, 300, 100, 1),
(81562, 176588, 1, 618, 7102.39, -4184, 704.635, 6.191, 0, 0, 0, 0, 300, 100, 1),
(81563, 176588, 1, 618, 6020.43, -4466, 700.89, 1.263, 0, 0, 0, 0, 300, 100, 1),
(81564, 176588, 1, 618, 6538.68, -4139, 665.06, 4.392, 0, 0, 0, 0, 300, 100, 1),
(81565, 176588, 1, 618, 6825.58, -3676, 738.624, 0.838, 0, 0, 0, 0, 300, 100, 1),
(81566, 176588, 1, 618, 6262.02, -4934, 742.375, 6.148, 0, 0, 0, 0, 300, 100, 1),
(81567, 176588, 1, 618, 6274.73, -4930, 744.929, 5.735, 0, 0, 0, 0, 300, 100, 1),
(81568, 176588, 1, 618, 6786.53, -3369, 668.523, 4.726, 0, 0, 0, 0, 300, 100, 1),
(81569, 176588, 1, 618, 6643.78, -4853, 715.497, 3.898, 0, 0, 0, 0, 300, 100, 1),
(81570, 176588, 1, 618, 6550.27, -2873, 590.632, 2.637, 0, 0, 0, 0, 300, 100, 1),
(81571, 176588, 1, 618, 6086.33, -4934, 749.011, 3.741, 0, 0, 0, 0, 300, 100, 1),
(81572, 176588, 1, 618, 6585.22, -3874, 663.893, 0.968, 0, 0, 0, 0, 300, 100, 1),
(81573, 176588, 1, 618, 6156.77, -4913, 743.567, 2.374, 0, 0, 0, 0, 300, 100, 1),
(81574, 176588, 1, 618, 6482.95, -5062.63, 750.388, 1.88495, 0, 0, 0.809016, 0.587786, 300, 100, 1),
(81575, 176588, 1, 618, 6024.1, -4497, 701.799, 6.211, 0, 0, 0, 0, 300, 100, 1),
(81576, 176588, 1, 618, 5299.48, -4640, 692.266, 0.515, 0, 0, 0, 0, 300, 100, 1),
(81577, 176588, 1, 618, 5780.98, -4570, 764.916, 4.663, 0, 0, 0, 0, 300, 100, 1),
(81578, 176588, 1, 618, 5088.85, -4576, 848.109, 0.226, 0, 0, 0, 0, 300, 100, 1),
(81579, 176588, 1, 618, 7126.39, -4180, 705.517, 6.116, 0, 0, 0, 0, 300, 100, 1),
(81580, 176588, 1, 618, 5064.32, -4635, 849.87, 4.51, 0, 0, 0, 0, 300, 100, 1),
(81581, 176588, 1, 618, 6664.04, -2431, 544.914, 2.087, 0, 0, 0, 0, 300, 100, 1),
(81582, 176588, 1, 618, 5305.57, -4691, 693.02, 2.49, 0, 0, 0, 0, 300, 100, 1),
(81583, 176588, 1, 618, 6788.78, -3391, 670.608, 5.979, 0, 0, 0, 0, 300, 100, 1),
(81584, 176588, 1, 618, 6163.84, -4906, 745.836, 1.699, 0, 0, 0, 0, 300, 100, 1),
(81585, 176588, 1, 618, 5998.85, -4568, 704.819, 5.673, 0, 0, 0, 0, 300, 100, 1),
(81586, 176588, 1, 618, 5780.78, -4558, 766.349, 6.191, 0, 0, 0, 0, 300, 100, 1),
(81587, 176588, 1, 618, 7696, -4542, 651.503, 0.209, 0, 0, 0.104529, 0.994522, 300, 100, 1),
(81588, 176588, 1, 618, 6033.07, -4489, 703.281, 0.764, 0, 0, 0, 0, 300, 100, 1),
(81589, 176588, 1, 618, 6243.91, -4938, 737.378, 6.199, 0, 0, 0, 0, 300, 100, 1),
(81590, 176588, 1, 618, 5617.1, -4749, 778.609, 5.688, 0, 0, 0, 0, 300, 100, 1),
(81591, 176588, 1, 618, 6828.07, -3437.83, 706.807, 4.60767, 0, 0, -0.743144, 0.669131, 300, 100, 1),
(81592, 176588, 1, 618, 5940.87, -4647, 722.914, 5.924, 0, 0, 0, 0, 300, 100, 1),
(81593, 176588, 1, 618, 5282.64, -4866, 691.563, 3.254, 0, 0, 0, 0, 300, 100, 1),
(81594, 176588, 1, 618, 5814.68, -4814, 774.413, 2.166, 0, 0, 0, 0, 300, 100, 1),
(81595, 176588, 1, 618, 5763.04, -4701, 779.568, 0.587, 0, 0, 0, 0, 300, 100, 1),
(81596, 176588, 1, 618, 5128.56, -4534, 841.027, 1.428, 0, 0, 0, 0, 300, 100, 1),
(81597, 176588, 1, 618, 6569.1, -2868, 594.172, 4.471, 0, 0, 0, 0, 300, 100, 1),
(81598, 176588, 1, 618, 6431.39, -4173, 667.215, 3.784, 0, 0, 0, 0, 300, 100, 1),
(81599, 176588, 1, 618, 6715.93, -3437, 668.005, 2.107, 0, 0, 0, 0, 300, 100, 1),
(81600, 176588, 1, 618, 6796.09, -3661, 733.294, 0.033, 0, 0, 0, 0, 300, 100, 1),
(81601, 176588, 1, 618, 6818.51, -3630, 730.302, 0.057, 0, 0, 0, 0, 300, 100, 1),
(81602, 176588, 1, 618, 6753.85, -3414, 681.05, 3.057, 0, 0, 0, 0, 300, 100, 1),
(81603, 176588, 1, 618, 6723.32, -3488, 679.167, 5.142, 0, 0, 0, 0, 300, 100, 1),
(81604, 176588, 1, 618, 5589.41, -4611, 775.031, 2.853, 0, 0, 0, 0, 300, 100, 1),
(81605, 176588, 1, 618, 5584.24, -4615, 775.503, 3.222, 0, 0, 0, 0, 300, 100, 1),
(81606, 176588, 1, 618, 5073.1, -4676, 847.443, 4.487, 0, 0, 0, 0, 300, 100, 1),
(81607, 176588, 1, 618, 5610.03, -4773, 779.171, 4.326, 0, 0, 0, 0, 300, 100, 1),
(81608, 176588, 1, 618, 6878.93, -4447, 740.42, 3.089, 0, 0, 0.999657, 0.026177, 300, 100, 1),
(81609, 176588, 1, 618, 5068.85, -4621, 848.989, 3.532, 0, 0, 0, 0, 300, 100, 1),
(81610, 176588, 1, 618, 6212.08, -4465, 674.115, 4.726, 0, 0, 0, 0, 300, 100, 1),
(81611, 176588, 1, 618, 5255.02, -4737, 692.804, 5.545, 0, 0, 0, 0, 300, 100, 1),
(81612, 176588, 1, 618, 6432.5, -3047, 576.718, -1, 0, 0, -0.422618, 0.906308, 300, 100, 1),
(81613, 176588, 1, 618, 5620.61, -4740, 778.313, 6.226, 0, 0, 0, 0, 300, 100, 1),
(81614, 176588, 1, 618, 5301.89, -4805, 693.505, 2.052, 0, 0, 0, 0, 300, 100, 1),
(81615, 176588, 1, 618, 5103.47, -4578, 845.396, 1.357, 0, 0, 0, 0, 300, 100, 1),
(81616, 176588, 1, 618, 5958.94, -4433, 714.688, 3.375, 0, 0, 0, 0, 300, 100, 1),
(81617, 176588, 1, 618, 6414.88, -4250, 668.755, 2.115, 0, 0, 0, 0, 300, 100, 1),
(81618, 176588, 1, 618, 6632.38, -2351, 574.982, 1.581, 0, 0, 0, 0, 300, 100, 1),
(81619, 176588, 1, 618, 6658.61, -2436, 545.579, 2.162, 0, 0, 0, 0, 300, 100, 1),
(81620, 176588, 1, 618, 6401.97, -2494, 544.204, 2.77, 0, 0, 0, 0, 300, 100, 1),
(81621, 176588, 1, 618, 5632.79, -4649, 776.664, 4.2, 0, 0, 0, 0, 300, 100, 1),
(81622, 176588, 1, 618, 5647.92, -4648, 775.463, 2.987, 0, 0, 0, 0, 300, 100, 1),
(81623, 176588, 1, 618, 5580.27, -4571, 776.069, 2.331, 0, 0, 0, 0, 300, 100, 1),
(81624, 176588, 1, 618, 6086.91, -4304, 725.615, 3.678, 0, 0, 0, 0, 300, 100, 1),
(81625, 176588, 1, 618, 6014.47, -4363, 717.392, 6.124, 0, 0, 0, 0, 300, 100, 1),
(81626, 176588, 1, 618, 7106.25, -4189, 704.943, 5.822, 0, 0, 0, 0, 300, 100, 1),
(81627, 176588, 1, 618, 5451.11, -4682, 781.594, 5.877, 0, 0, 0, 0, 300, 100, 1),
(81628, 176588, 1, 618, 6241.95, -4310, 731.028, 0.041, 0, 0, 0, 0, 300, 100, 1),
(81629, 176588, 1, 618, 6491.84, -3882, 659.805, 2.456, 0, 0, 0, 0, 300, 100, 1),
(81630, 176588, 1, 618, 6615.65, -4357, 708.451, 0.226, 0, 0, 0, 0, 300, 100, 1),
(81631, 176588, 1, 618, 6465.4, -4330, 664.89, 4.31, 0, 0, 0, 0, 300, 100, 1),
(81632, 176588, 1, 618, 5582.69, -4563, 776.05, 3.493, 0, 0, 0, 0, 300, 100, 1),
(81633, 176588, 1, 618, 5083.83, -4627, 847.386, 3.222, 0, 0, 0, 0, 300, 100, 1),
(81634, 176588, 1, 618, 5775.04, -4558, 765.853, 5.728, 0, 0, 0, 0, 300, 100, 1),
(81635, 176588, 1, 618, 5754.71, -4535, 761.75, 0.583, 0, 0, 0, 0, 300, 100, 1),
(81636, 176588, 1, 618, 5757.22, -4704, 780.355, 1.655, 0, 0, 0, 0, 300, 100, 1),
(81637, 176588, 1, 618, 5075.96, -4687, 848.304, 4.475, 0, 0, 0, 0, 300, 100, 1),
(81638, 176588, 1, 618, 6019.62, -4442, 703.196, 5.629, 0, 0, 0, 0, 300, 100, 1),
(81639, 176588, 1, 618, 5625.28, -4750, 777.974, 2.394, 0, 0, 0, 0, 300, 100, 1),
(81640, 176588, 1, 618, 5437.32, -4687, 778.936, 4.828, 0, 0, 0, 0, 300, 100, 1),
(81641, 176588, 1, 618, 5951.19, -4438, 716.008, 3.411, 0, 0, 0, 0, 300, 100, 1),
(81642, 176588, 1, 618, 6629.13, -4362, 712.075, 1.341, 0, 0, 0, 0, 300, 100, 1),
(81643, 176588, 1, 618, 6858.97, -3694, 744.807, 5.912, 0, 0, 0, 0, 300, 100, 1),
(81644, 176588, 1, 618, 6555.91, -3898, 663.692, 2.645, 0, 0, 0, 0, 300, 100, 1),
(81645, 176588, 1, 618, 6779.99, -3386, 669.875, 3.721, 0, 0, 0, 0, 300, 100, 1),
(81646, 176588, 1, 618, 6631.78, -2379, 570.987, 0.622, 0, 0, 0, 0, 300, 100, 1),
(81647, 176588, 1, 618, 6214.14, -4411, 681.285, 2.559, 0, 0, 0, 0, 300, 100, 1),
(81648, 176588, 1, 618, 5097.55, -4582, 846.009, 6.273, 0, 0, 0, 0, 300, 100, 1),
(81649, 176588, 1, 618, 6525.87, -3920, 662.692, 5.292, 0, 0, 0, 0, 300, 100, 1),
(81650, 176588, 1, 618, 5290.38, -4881, 696.193, 2.496, 0, 0, 0.948324, 0.317305, 300, 100, 1),
(81651, 176588, 1, 618, 6729.23, -3495, 680.617, 6.097, 0, 0, 0, 0, 300, 100, 1),
(81652, 176588, 1, 618, 6562.69, -2895, 594.258, 4.53, 0, 0, 0, 0, 300, 100, 1),
(81653, 176588, 1, 618, 5631.33, -4512, 762.588, 5.68, 0, 0, 0, 0, 300, 100, 1),
(81654, 176588, 1, 618, 5577.29, -4558, 776.213, 2.621, 0, 0, 0, 0, 300, 100, 1),
(81655, 176588, 1, 618, 5626.79, -4506, 759.429, 1.074, 0, 0, 0, 0, 300, 100, 1),
(81656, 176588, 1, 618, 6808.75, -3728, 723.379, 6.148, 0, 0, 0, 0, 300, 100, 1),
(81657, 176588, 1, 618, 5590.04, -4602, 774.976, 2.496, 0, 0, 0, 0, 300, 100, 1),
(81658, 176588, 1, 618, 5831.38, -4596, 755.961, 1.518, 0, 0, 0, 0, 300, 100, 1),
(81659, 176588, 1, 618, 5168.32, -4648, 834.401, 0.104, 0, 0, 0, 0, 300, 100, 1),
(81660, 176588, 1, 618, 5291.58, -4818, 693.925, 2.527, 0, 0, 0, 0, 300, 100, 1),
(81661, 176588, 1, 618, 6816.96, -3719, 726.565, 0.418, 0, 0, 0, 0, 300, 100, 1),
(81662, 176588, 1, 618, 5441.28, -4683, 779.833, 0.124, 0, 0, 0, 0, 300, 100, 1),
(81663, 176588, 1, 618, 6793.04, -3357, 671.593, 0.269, 0, 0, 0, 0, 300, 100, 1),
(81664, 176588, 1, 618, 6684.84, -2327, 572.977, 1.439, 0, 0, 0, 0, 300, 100, 1),
(81665, 176588, 1, 618, 5164.71, -4723, 826.858, 3.976, 0, 0, 0, 0, 300, 100, 1),
(81666, 176588, 1, 618, 6789.68, -3383, 667.852, 5.331, 0, 0, 0, 0, 300, 100, 1),
(81667, 176588, 1, 618, 6790.12, -3361, 669.25, 5.881, 0, 0, 0, 0, 300, 100, 1),
(81668, 176588, 1, 618, 5932.96, -4647, 723.847, 4.129, 0, 0, 0, 0, 300, 100, 1),
(81669, 176588, 1, 618, 5550.01, -4677, 785.456, 1.526, 0, 0, 0, 0, 300, 100, 1),
(81670, 176588, 1, 618, 5542.3, -4682, 784.707, 0.948, 0, 0, 0, 0, 300, 100, 1),
(81671, 176588, 1, 618, 5115.65, -4537, 842.025, 1.121, 0, 0, 0, 0, 300, 100, 1),
(81672, 176588, 1, 618, 5370.15, -4588, 695.191, 2.576, 0, 0, 0, 0, 300, 100, 1),
(81673, 176588, 1, 618, 6521.04, -4081, 660.227, 4.812, 0, 0, 0, 0, 300, 100, 1),
(81674, 176588, 1, 618, 6517.31, -4092, 660.619, 3.167, 0, 0, 0, 0, 300, 100, 1),
(81675, 176588, 1, 618, 6444.04, -4166, 662.705, 3.972, 0, 0, 0, 0, 300, 100, 1),
(81676, 176588, 1, 618, 6526.16, -4103.31, 661.573, 0.174532, 0, 0, 0.0871553, 0.996195, 300, 100, 1),
(81677, 176588, 1, 618, 6049.27, -4390.58, 709.758, 1.20428, 0, 0, 0.566406, 0.824126, 300, 100, 1),
(81678, 176588, 1, 618, 5644.77, -4574.31, 766.659, 1.11701, 0, 0, 0.529919, 0.848048, 300, 100, 1),
(81679, 176588, 1, 618, 5077.42, -4713.18, 846.748, 4.50295, 0, 0, -0.777145, 0.629321, 300, 100, 1),
(81680, 176588, 1, 618, 6452.4, -3043.28, 573.872, 4.66003, 0, 0, -0.725374, 0.688355, 300, 100, 1),
(81681, 176588, 1, 618, 6710.26, -4405.53, 738.596, 4.7822, 0, 0, -0.681998, 0.731354, 300, 100, 1),
(81682, 176588, 1, 618, 6268.37, -4792.4, 757.083, 3.05433, 0, 0, 0.999048, 0.0436193, 300, 100, 1),
(81683, 176588, 1, 618, 6786.74, -3284.2, 656.729, 4.36332, 0, 0, -0.819152, 0.573577, 300, 100, 1),
(81684, 176588, 1, 618, 6379.19, -5052.92, 752.284, 0.401425, 0, 0, 0.199368, 0.979925, 300, 100, 1),
(81685, 176588, 1, 618, 7113.89, -4231.54, 691.835, 5.77704, 0, 0, -0.25038, 0.968148, 300, 100, 1),
(81686, 176588, 1, 618, 5935.55, -4583.15, 717.809, 3.05433, 0, 0, 0.999048, 0.0436193, 300, 100, 1),
(81687, 176588, 1, 618, 5571.02, -4874.4, 845.86, 4.24115, 0, 0, -0.85264, 0.522499, 300, 100, 1),
(81688, 176588, 1, 618, 6342.89, -2458.11, 545.942, 0.471238, 0, 0, 0.233445, 0.97237, 300, 100, 1),
(81689, 176588, 1, 618, 6570.82, -3575.14, 708.331, 4.29351, 0, 0, -0.83867, 0.54464, 300, 100, 1),
(81690, 176588, 1, 618, 5491.81, -4616.75, 810.12, 1.5708, 0, 0, 0.707107, 0.707107, 300, 100, 1),
(81691, 176586, 1, 618, 6882.36, -2716.21, 588.838, 1.90241, 0, 0, 0.814116, 0.580703, 300, 100, 1),
(81692, 176586, 1, 618, 5056.1, -4928.05, 889.552, 0.331611, 0, 0, 0.165047, 0.986286, 300, 100, 1),
(81693, 176586, 1, 618, 6775.71, -5208.24, 764.705, 2.28638, 0, 0, 0.909961, 0.414694, 300, 100, 1),
(81694, 176586, 1, 618, 6447.65, -3710.78, 715.518, 5.53269, 0, 0, -0.366501, 0.930418, 300, 100, 1),
(81695, 176586, 1, 618, 6394.99, -2627.12, 588.853, 3.50812, 0, 0, -0.983254, 0.182238, 300, 100, 1),
(81696, 176586, 1, 618, 6789.77, -4042.01, 708.498, 5.25344, 0, 0, -0.492423, 0.870356, 300, 100, 1),
(81697, 176586, 1, 618, 6983.7, -4332.11, 775.726, 0.174532, 0, 0, 0.0871553, 0.996195, 300, 100, 1),
(81698, 176586, 1, 618, 7010.93, -4831.64, 717.759, 4.55531, 0, 0, -0.760406, 0.649449, 300, 100, 1),
(81699, 176586, 1, 618, 5699.15, -5011.17, 810.042, 5.44543, 0, 0, -0.406736, 0.913546, 300, 100, 1),
(81700, 176586, 1, 618, 5474.26, -4839.97, 851.688, 0.453785, 0, 0, 0.224951, 0.97437, 300, 100, 1),
(81701, 176586, 1, 618, 6924.92, -4304.24, 767.658, 2.67035, 0, 0, 0.972369, 0.233448, 300, 100, 1),
(81702, 176586, 1, 618, 5232.98, -5020.01, 874.759, 6.00393, 0, 0, -0.139173, 0.990268, 300, 100, 1),
(81703, 176586, 1, 618, 5235.97, -4352.01, 901.981, 2.32129, 0, 0, 0.91706, 0.398749, 2700, 100, 1),
(81704, 176586, 1, 618, 6294.66, -3356.88, 727.518, 0.261799, 0, 0, 0.130526, 0.991445, 2700, 100, 1),
(81705, 176586, 1, 618, 6113.66, -5209.13, 885.365, 2.74017, 0, 0, 0.979925, 0.199368, 2700, 100, 1),
(81706, 176586, 1, 618, 5946.64, -4288.95, 793.852, 0.785398, 0, 0, 0.382683, 0.92388, 2700, 100, 1),
(81707, 176586, 1, 618, 6398.49, -2862.23, 604.22, -2.72271, 0, 0, 0.978148, -0.207912, 2700, 100, 1),
(81708, 176586, 1, 618, 6852.85, -3761.42, 743.023, 2.30383, 0, 0, 0.913545, 0.406737, 2700, 100, 1),
(81709, 176586, 1, 618, 6396.66, -4156.79, 704.298, -0.593412, 0, 0, 0.292372, -0.956305, 2700, 100, 1),
(81710, 176586, 1, 618, 6514.17, -4445.21, 722.673, -0.349066, 0, 0, 0.173648, -0.984808, 2700, 100, 1),
(81711, 176586, 1, 618, 7103.62, -5173.73, 760.248, -2.32129, 0, 0, 0.91706, -0.398749, 2700, 100, 1),
(81712, 176586, 1, 618, 7727.69, -3802.47, 724.59, -2.70526, 0, 0, 0.976296, -0.21644, 2700, 100, 1),
(81713, 176586, 1, 618, 7359.92, -4831.48, 712.817, 0.226893, 0, 0, 0.113203, 0.993572, 2700, 100, 1),
(81714, 176586, 1, 618, 6885.28, -3090.72, 641.857, 2.58309, 0, 0, 0.961262, 0.275637, 2700, 100, 1),
(81715, 176588, 1, 618, 5356.97, -5075.92, 913.133, -1.79769, 0, 0, 0.782608, -0.622515, 300, 100, 1),
(81716, 176588, 1, 618, 7563.06, -5089.49, 758.552, 1.29154, 0, 0, 0.601815, 0.798636, 300, 100, 1),
(81717, 176588, 1, 618, 6176.92, -4441.84, 662.53, -2.79253, 0, 0, 0.984808, -0.173648, 300, 100, 1),
(81718, 176588, 1, 618, 7081.68, -4991.65, 718.435, -2.68781, 0, 0, 0.97437, -0.224951, 300, 100, 1),
(81719, 176588, 1, 618, 6924.8, -3373.19, 754.183, -0.10472, 0, 0, 0.052336, -0.99863, 300, 100, 1),
(81720, 176588, 1, 618, 7648.18, -4111.49, 741.152, -2.1293, 0, 0, 0.87462, -0.48481, 300, 100, 1),
(81721, 176588, 1, 618, 6747.93, -4918.34, 771.269, 0.20944, 0, 0, 0.104528, 0.994522, 300, 100, 1),
(81722, 176588, 1, 618, 5107.16, -4919.52, 868.767, 1.55334, 0, 0, 0.700909, 0.71325, 300, 100, 1),
(81723, 176588, 1, 618, 5269.84, -4882.82, 692.538, 0.610865, 0, 0, 0.300706, 0.953717, 300, 100, 1),
(81724, 176588, 1, 618, 5352.18, -4851.42, 815.145, 2.49582, 0, 0, 0.948324, 0.317305, 300, 100, 1),
(81725, 176588, 1, 618, 6168.49, -4340.89, 747.002, -0.942478, 0, 0, 0.453991, -0.891006, 300, 100, 1),
(81726, 176588, 1, 618, 6409.91, -2754.9, 576.526, 0.837758, 0, 0, 0.406737, 0.913545, 300, 100, 1),
(81727, 176588, 1, 618, 6431.63, -4229.8, 668.236, -1.11701, 0, 0, 0.529919, -0.848048, 300, 100, 1),
(81728, 176588, 1, 618, 7920.34, -4474.76, 707.338, 1.74533, 0, 0, 0.766044, 0.642788, 300, 100, 1),
(81729, 176588, 1, 618, 6300.39, -4215.52, 722.456, -1.6057, 0, 0, 0.71934, -0.694658, 300, 100, 1),
(81730, 176588, 1, 618, 8186, -3821.11, 700.152, -2.79253, 0, 0, 0.984808, -0.173648, 300, 100, 1),
(81731, 176588, 1, 618, 6269.67, -2525.9, 564.303, 1.97222, 0, 0, 0.833886, 0.551937, 300, 100, 1),
(81732, 176588, 1, 618, 6520.99, -3388.28, 595.719, -1.36136, 0, 0, 0.629321, -0.777146, 300, 100, 1),
(81733, 176588, 1, 618, 6478.81, -3234.72, 571.598, 1.74533, 0, 0, 0.766044, 0.642788, 300, 100, 1),
(81734, 176588, 1, 618, 6482.23, -3249.28, 571.912, 1.51844, 0, 0, 0.688355, 0.725374, 300, 100, 1),
(81735, 176588, 1, 618, 7375.05, -4576.9, 595.875, 0.05236, 0, 0, 0.026177, 0.999657, 300, 100, 1),
(81736, 176588, 1, 618, 5945.41, -5034.55, 810.005, 1.97222, 0, 0, 0.833886, 0.551937, 300, 100, 1),
(81737, 176588, 1, 618, 7414.26, -4695.29, 630.818, 1.78024, 0, 0, 0.777146, 0.62932, 300, 100, 1),
(81738, 176588, 1, 618, 7242.53, -5166.85, 758.353, 2.46091, 0, 0, 0.942641, 0.333807, 300, 100, 1),
(81739, 176588, 1, 618, 5267.52, -4901.57, 690.987, 0.610863, 0, 0, 0.300705, 0.953717, 300, 100, 1),
(81740, 176588, 1, 618, 6457.21, -3587.55, 680.945, 4.7822, 0, 0, -0.681998, 0.731354, 300, 100, 1),
(81741, 176588, 1, 618, 6451.75, -3584.58, 682.357, 2.58308, 0, 0, 0.961261, 0.27564, 300, 100, 1),
(81742, 176588, 1, 618, 6223.48, -4188.69, 727.235, 2.91469, 0, 0, 0.993571, 0.113208, 300, 100, 1),
(81743, 176588, 1, 618, 5121.67, -4969.84, 877.953, 0.95993, 0, 0, 0.461748, 0.887011, 300, 100, 1),
(81744, 176588, 1, 618, 7187.52, -4762.29, 723.539, 2.87979, 0, 0, 0.991445, 0.130528, 300, 100, 1),
(81745, 176588, 1, 618, 6748.4, -5178.43, 749.852, 1.13446, 0, 0, 0.537299, 0.843392, 300, 100, 1);

-- Azshara
DELETE FROM `pool_template` WHERE `entry`=990;
DELETE FROM `pool_gameobject` WHERE `pool_entry`=990 AND `guid` IN (8929,15790,15793,15794,15795,15797,15798,15799,15800,15801,15802,15803,15804,15805,15806,15808,15810,15811,15813,15815,15816,15817,15818,15819,15820,15822,15823,15824,15825,15826,15828,15829,15830,15834,15836,15837,15838,15840,15843,15850,15851,15852,15853,15854,15855,15856,15857,15859,15860,15861,15862,15863,15866,15868,15871,15872,15874,15875,15876,15879,15880,15881,15883,15884,15885,15887,15888,15895,15897,15898,15900,15903,15904,15906,15908,15909,15910,15912,15914,15915,15917,15920,15921,15923,15924,15925,15927,15928,15929,15930,15931,15933,15936,15938,15941,15943,15944,15945,15946,15947,16032,16038,16039,16040,16047,16051,16056,16071,16072,16075,16076,16083,16084,16097,16099,16100,16101,16102,16103,16104,16108,16110,16112,16113,16114,16115,16118,16119,16122,16126,16132,16133,16134,16135,16142,16145,16147,16150,16151,16152,16161,16167,16168,16169,16172,16173,16175,16179,16185,16201,16204,16207,16208,16210,16211,16212,16216,16220,16221,16222,16223,16229,16237,16239,16244,16245,16246,16247,16250,16252,16253,16255,16257,16265,16271,16281,16282,16283,16325,16376,18945,18946,18947,18949,18950,18971,18981,18983,18985,18995,19005,19006,19011,19014,19029,19041,19044,19046,19047,19048,19060,19067,19073,19078,19079,19080,19082,19084,19086,19087,19089,19091,19105,19108,19110,19112,19113,19116,19117,19119,19134,19140,19141,19161,19162,19163,19165,19171,19176,19179,19182,19184,19185,19188,19192,19197,19199,19200,19201,19208,19209,19212,19214,19215,19219,19221,19222,19225,19230,19237,19243,19247,19250,19251,19255,19256,19264,19268,19280,19283,19287,19290,19291,19292,19300,19301,19302,19304,19305,19310,19318,19326,19331,19336,19341,19342,19343,19344,19348,19349,19350,19351,19355,19356,19357,19358,19365,19374,19375,19376,19389,19390,19393,19396,19397,19398,19400,19401,19403,19404,19405,19406,19410,19416,19420,19421,19422,19424,19425,19429,19448,19458,19460,19464,19466,19467,19468,19472,19479,19480,19481,19482,19483,19497,19498,19502,19503,19512,19513,19514,19518,19524,19525,19533,19534,19535,19540,19541,19542,19543,19548,19549,19555,19556,19573,19589,19590,19591,19598,19599,19600,19601,19602,19604,19607,19611,19614,19615,19629,19644,19645,19646,19648,19659,19662,19675,19677,19678,19679,19683,19684,19689,19691,19692,19693,19694,19695,19696,19700,19703,19704,19705,19708,19709,19724,19727,19728,19729,19730,19731,19736,19778,19786,19802,19808,19810,19811,19813,19815,19829,19830,19831,19834,19835,19836,19837,19868,19869,19872,39928,39929,39930,39931,39932,39933,39934,39935,39936,39938,39939,39940,48331,48332,48333,48334,48335,48336,48337,48338,48339,48340,48341,48342,48343,48344,48345,48346,48347,48348,48349,48350,48351,48352,48353,48354,48407,48408,48409,48410,48411,48412,48413,48414,48415,48417,48418,48419,48420,48421,48422,48423,48424,48425,48426,48427,48429,48430,48431,48432,48433,48434,48435,48476,48477,48478,48479,48484,48485,61974,61975,61976,62292,62459,63570,63571,63593,63594,63629,63653,64027,64041,86073,86075,86078,86126,86393,86395,86423,86425,86426,86428,86439,86450,86852,86864,87170,87172,87310);
DELETE FROM `gameobject` WHERE `guid` IN (8929,15790,15793,15794,15795,15797,15798,15799,15800,15801,15802,15803,15804,15805,15806,15808,15810,15811,15813,15815,15816,15817,15818,15819,15820,15822,15823,15824,15825,15826,15828,15829,15830,15834,15836,15837,15838,15840,15843,15850,15851,15852,15853,15854,15855,15856,15857,15859,15860,15861,15862,15863,15866,15868,15871,15872,15874,15875,15876,15879,15880,15881,15883,15884,15885,15887,15888,15895,15897,15898,15900,15903,15904,15906,15908,15909,15910,15912,15914,15915,15917,15920,15921,15923,15924,15925,15927,15928,15929,15930,15931,15933,15936,15938,15941,15943,15944,15945,15946,15947,16032,16038,16039,16040,16047,16051,16056,16071,16072,16075,16076,16083,16084,16097,16099,16100,16101,16102,16103,16104,16108,16110,16112,16113,16114,16115,16118,16119,16122,16126,16132,16133,16134,16135,16142,16145,16147,16150,16151,16152,16161,16167,16168,16169,16172,16173,16175,16179,16185,16201,16204,16207,16208,16210,16211,16212,16216,16220,16221,16222,16223,16229,16237,16239,16244,16245,16246,16247,16250,16252,16253,16255,16257,16265,16271,16281,16282,16283,16325,16376,18945,18946,18947,18949,18950,18971,18981,18983,18985,18995,19005,19006,19011,19014,19029,19041,19044,19046,19047,19048,19060,19067,19073,19078,19079,19080,19082,19084,19086,19087,19089,19091,19105,19108,19110,19112,19113,19116,19117,19119,19134,19140,19141,19161,19162,19163,19165,19171,19176,19179,19182,19184,19185,19188,19192,19197,19199,19200,19201,19208,19209,19212,19214,19215,19219,19221,19222,19225,19230,19237,19243,19247,19250,19251,19255,19256,19264,19268,19280,19283,19287,19290,19291,19292,19300,19301,19302,19304,19305,19310,19318,19326,19331,19336,19341,19342,19343,19344,19348,19349,19350,19351,19355,19356,19357,19358,19365,19374,19375,19376,19389,19390,19393,19396,19397,19398,19400,19401,19403,19404,19405,19406,19410,19416,19420,19421,19422,19424,19425,19429,19448,19458,19460,19464,19466,19467,19468,19472,19479,19480,19481,19482,19483,19497,19498,19502,19503,19512,19513,19514,19518,19524,19525,19533,19534,19535,19540,19541,19542,19543,19548,19549,19555,19556,19573,19589,19590,19591,19598,19599,19600,19601,19602,19604,19607,19611,19614,19615,19629,19644,19645,19646,19648,19659,19662,19675,19677,19678,19679,19683,19684,19689,19691,19692,19693,19694,19695,19696,19700,19703,19704,19705,19708,19709,19724,19727,19728,19729,19730,19731,19736,19778,19786,19802,19808,19810,19811,19813,19815,19829,19830,19831,19834,19835,19836,19837,19868,19869,19872,39928,39929,39930,39931,39932,39933,39934,39935,39936,39938,39939,39940,48331,48332,48333,48334,48335,48336,48337,48338,48339,48340,48341,48342,48343,48344,48345,48346,48347,48348,48349,48350,48351,48352,48353,48354,48407,48408,48409,48410,48411,48412,48413,48414,48415,48417,48418,48419,48420,48421,48422,48423,48424,48425,48426,48427,48429,48430,48431,48432,48433,48434,48435,48476,48477,48478,48479,48484,48485,61974,61975,61976,62292,62459,63570,63571,63593,63594,63629,63653,64027,64041,86073,86075,86078,86126,86393,86395,86423,86425,86426,86428,86439,86450,86852,86864,87170,87172,87310);

-- Vmangos pools: (1055,1239,1240,1241,1242,1243);
DELETE FROM `pool_template` WHERE `entry` BETWEEN 555 AND 560;
INSERT INTO `pool_template` (`entry`, `max_limit`, `description`) VALUES
(555, 1, 'Khadgars Whisker in Azshara'),
(556, 20, 'Purple Lotus in Azshara'),
(557, 20, 'Sungrass in Azshara'),
(558, 15, 'Golden Sansam in Azshara'),
(559, 20, 'Dreamfoil in Azshara'),
(560, 9, 'Mountain Silversage in Azshara');

DELETE FROM `pool_gameobject` WHERE `guid` BETWEEN 81746 AND 82226;
INSERT INTO `pool_gameobject` (`guid`, `pool_entry`, `chance`, `description`) VALUES 
(81746, 555, 0, 'Khadgar\'s Whisker'),
(81747, 557, 0, 'Sungrass'),
(81748, 556, 0, 'Purple Lotus'),
(81749, 556, 0, 'Purple Lotus'),
(81750, 556, 0, 'Purple Lotus'),
(81751, 556, 0, 'Purple Lotus'),
(81752, 556, 0, 'Purple Lotus'),
(81753, 556, 0, 'Purple Lotus'),
(81754, 556, 0, 'Purple Lotus'),
(81755, 556, 0, 'Purple Lotus'),
(81756, 556, 0, 'Purple Lotus'),
(81757, 556, 0, 'Purple Lotus'),
(81758, 556, 0, 'Purple Lotus'),
(81759, 556, 0, 'Purple Lotus'),
(81760, 556, 0, 'Purple Lotus'),
(81761, 556, 0, 'Purple Lotus'),
(81762, 556, 0, 'Purple Lotus'),
(81763, 556, 0, 'Purple Lotus'),
(81764, 556, 0, 'Purple Lotus'),
(81765, 556, 0, 'Purple Lotus'),
(81766, 556, 0, 'Purple Lotus'),
(81767, 556, 0, 'Purple Lotus'),
(81768, 556, 0, 'Purple Lotus'),
(81769, 556, 0, 'Purple Lotus'),
(81770, 556, 0, 'Purple Lotus'),
(81771, 556, 0, 'Purple Lotus'),
(81772, 556, 0, 'Purple Lotus'),
(81773, 556, 0, 'Purple Lotus'),
(81774, 556, 0, 'Purple Lotus'),
(81775, 556, 0, 'Purple Lotus'),
(81776, 556, 0, 'Purple Lotus'),
(81777, 556, 0, 'Purple Lotus'),
(81778, 556, 0, 'Purple Lotus'),
(81779, 556, 0, 'Purple Lotus'),
(81780, 556, 0, 'Purple Lotus'),
(81781, 556, 0, 'Purple Lotus'),
(81782, 556, 0, 'Purple Lotus'),
(81783, 556, 0, 'Purple Lotus'),
(81784, 556, 0, 'Purple Lotus'),
(81785, 556, 0, 'Purple Lotus'),
(81786, 556, 0, 'Purple Lotus'),
(81787, 556, 0, 'Purple Lotus'),
(81788, 556, 0, 'Purple Lotus'),
(81789, 556, 0, 'Purple Lotus'),
(81790, 556, 0, 'Purple Lotus'),
(81791, 556, 0, 'Purple Lotus'),
(81792, 556, 0, 'Purple Lotus'),
(81793, 556, 0, 'Purple Lotus'),
(81794, 556, 0, 'Purple Lotus'),
(81795, 556, 0, 'Purple Lotus'),
(81796, 556, 0, 'Purple Lotus'),
(81797, 556, 0, 'Purple Lotus'),
(81798, 556, 0, 'Purple Lotus'),
(81799, 556, 0, 'Purple Lotus'),
(81800, 556, 0, 'Purple Lotus'),
(81801, 556, 0, 'Purple Lotus'),
(81802, 556, 0, 'Purple Lotus'),
(81803, 556, 0, 'Purple Lotus'),
(81804, 556, 0, 'Purple Lotus'),
(81805, 556, 0, 'Purple Lotus'),
(81806, 556, 0, 'Purple Lotus'),
(81807, 556, 0, 'Purple Lotus'),
(81808, 556, 0, 'Purple Lotus'),
(81809, 556, 0, 'Purple Lotus'),
(81810, 556, 0, 'Purple Lotus'),
(81811, 556, 0, 'Purple Lotus'),
(81812, 556, 0, 'Purple Lotus'),
(81813, 556, 0, 'Purple Lotus'),
(81814, 556, 0, 'Purple Lotus'),
(81815, 556, 0, 'Purple Lotus'),
(81816, 556, 0, 'Purple Lotus'),
(81817, 556, 0, 'Purple Lotus'),
(81818, 556, 0, 'Purple Lotus'),
(81819, 556, 0, 'Purple Lotus'),
(81820, 556, 0, 'Purple Lotus'),
(81821, 556, 0, 'Purple Lotus'),
(81822, 556, 0, 'Purple Lotus'),
(81823, 556, 0, 'Purple Lotus'),
(81824, 556, 0, 'Purple Lotus'),
(81825, 556, 0, 'Purple Lotus'),
(81826, 556, 0, 'Purple Lotus'),
(81827, 556, 0, 'Purple Lotus'),
(81828, 556, 0, 'Purple Lotus'),
(81829, 556, 0, 'Purple Lotus'),
(81830, 556, 0, 'Purple Lotus'),
(81831, 556, 0, 'Purple Lotus'),
(81832, 556, 0, 'Purple Lotus'),
(81833, 556, 0, 'Purple Lotus'),
(81834, 556, 0, 'Purple Lotus'),
(81835, 556, 0, 'Purple Lotus'),
(81836, 556, 0, 'Purple Lotus'),
(81837, 556, 0, 'Purple Lotus'),
(81838, 556, 0, 'Purple Lotus'),
(81839, 556, 0, 'Purple Lotus'),
(81840, 556, 0, 'Purple Lotus'),
(81841, 556, 0, 'Purple Lotus'),
(81842, 556, 0, 'Purple Lotus'),
(81843, 556, 0, 'Purple Lotus'),
(81844, 556, 0, 'Purple Lotus'),
(81845, 556, 0, 'Purple Lotus'),
(81846, 557, 0, 'Sungrass'),
(81847, 557, 0, 'Sungrass'),
(81848, 557, 0, 'Sungrass'),
(81849, 557, 0, 'Sungrass'),
(81850, 557, 0, 'Sungrass'),
(81851, 557, 0, 'Sungrass'),
(81852, 557, 0, 'Sungrass'),
(81853, 557, 0, 'Sungrass'),
(81854, 557, 0, 'Sungrass'),
(81855, 557, 0, 'Sungrass'),
(81856, 557, 0, 'Sungrass'),
(81857, 557, 0, 'Sungrass'),
(81858, 557, 0, 'Sungrass'),
(81859, 557, 0, 'Sungrass'),
(81860, 557, 0, 'Sungrass'),
(81861, 557, 0, 'Sungrass'),
(81862, 557, 0, 'Sungrass'),
(81863, 557, 0, 'Sungrass'),
(81864, 557, 0, 'Sungrass'),
(81865, 557, 0, 'Sungrass'),
(81866, 557, 0, 'Sungrass'),
(81867, 557, 0, 'Sungrass'),
(81868, 557, 0, 'Sungrass'),
(81869, 557, 0, 'Sungrass'),
(81870, 557, 0, 'Sungrass'),
(81871, 557, 0, 'Sungrass'),
(81872, 557, 0, 'Sungrass'),
(81873, 557, 0, 'Sungrass'),
(81874, 557, 0, 'Sungrass'),
(81875, 557, 0, 'Sungrass'),
(81876, 557, 0, 'Sungrass'),
(81877, 557, 0, 'Sungrass'),
(81878, 557, 0, 'Sungrass'),
(81879, 557, 0, 'Sungrass'),
(81880, 557, 0, 'Sungrass'),
(81881, 557, 0, 'Sungrass'),
(81882, 557, 0, 'Sungrass'),
(81883, 557, 0, 'Sungrass'),
(81884, 557, 0, 'Sungrass'),
(81885, 557, 0, 'Sungrass'),
(81886, 557, 0, 'Sungrass'),
(81887, 557, 0, 'Sungrass'),
(81888, 557, 0, 'Sungrass'),
(81889, 557, 0, 'Sungrass'),
(81890, 557, 0, 'Sungrass'),
(81891, 557, 0, 'Sungrass'),
(81892, 557, 0, 'Sungrass'),
(81893, 557, 0, 'Sungrass'),
(81894, 557, 0, 'Sungrass'),
(81895, 557, 0, 'Sungrass'),
(81896, 557, 0, 'Sungrass'),
(81897, 557, 0, 'Sungrass'),
(81898, 557, 0, 'Sungrass'),
(81899, 557, 0, 'Sungrass'),
(81900, 557, 0, 'Sungrass'),
(81901, 557, 0, 'Sungrass'),
(81902, 557, 0, 'Sungrass'),
(81903, 557, 0, 'Sungrass'),
(81904, 557, 0, 'Sungrass'),
(81905, 557, 0, 'Sungrass'),
(81906, 557, 0, 'Sungrass'),
(81907, 557, 0, 'Sungrass'),
(81908, 557, 0, 'Sungrass'),
(81909, 557, 0, 'Sungrass'),
(81910, 557, 0, 'Sungrass'),
(81911, 557, 0, 'Sungrass'),
(81912, 557, 0, 'Sungrass'),
(81913, 557, 0, 'Sungrass'),
(81914, 557, 0, 'Sungrass'),
(81915, 557, 0, 'Sungrass'),
(81916, 557, 0, 'Sungrass'),
(81917, 557, 0, 'Sungrass'),
(81918, 557, 0, 'Sungrass'),
(81919, 557, 0, 'Sungrass'),
(81920, 557, 0, 'Sungrass'),
(81921, 559, 0, 'Dreamfoil'),
(81922, 558, 0, 'Golden Sansam'),
(81923, 558, 0, 'Golden Sansam'),
(81924, 558, 0, 'Golden Sansam'),
(81925, 558, 0, 'Golden Sansam'),
(81926, 558, 0, 'Golden Sansam'),
(81927, 558, 0, 'Golden Sansam'),
(81928, 558, 0, 'Golden Sansam'),
(81929, 558, 0, 'Golden Sansam'),
(81930, 558, 0, 'Golden Sansam'),
(81931, 558, 0, 'Golden Sansam'),
(81932, 558, 0, 'Golden Sansam'),
(81933, 558, 0, 'Golden Sansam'),
(81934, 558, 0, 'Golden Sansam'),
(81935, 558, 0, 'Golden Sansam'),
(81936, 558, 0, 'Golden Sansam'),
(81937, 558, 0, 'Golden Sansam'),
(81938, 558, 0, 'Golden Sansam'),
(81939, 558, 0, 'Golden Sansam'),
(81940, 558, 0, 'Golden Sansam'),
(81941, 558, 0, 'Golden Sansam'),
(81942, 558, 0, 'Golden Sansam'),
(81943, 558, 0, 'Golden Sansam'),
(81944, 558, 0, 'Golden Sansam'),
(81945, 558, 0, 'Golden Sansam'),
(81946, 558, 0, 'Golden Sansam'),
(81947, 558, 0, 'Golden Sansam'),
(81948, 558, 0, 'Golden Sansam'),
(81949, 558, 0, 'Golden Sansam'),
(81950, 558, 0, 'Golden Sansam'),
(81951, 558, 0, 'Golden Sansam'),
(81952, 558, 0, 'Golden Sansam'),
(81953, 558, 0, 'Golden Sansam'),
(81954, 558, 0, 'Golden Sansam'),
(81955, 558, 0, 'Golden Sansam'),
(81956, 558, 0, 'Golden Sansam'),
(81957, 558, 0, 'Golden Sansam'),
(81958, 558, 0, 'Golden Sansam'),
(81959, 558, 0, 'Golden Sansam'),
(81960, 558, 0, 'Golden Sansam'),
(81961, 558, 0, 'Golden Sansam'),
(81962, 558, 0, 'Golden Sansam'),
(81963, 558, 0, 'Golden Sansam'),
(81964, 558, 0, 'Golden Sansam'),
(81965, 558, 0, 'Golden Sansam'),
(81966, 558, 0, 'Golden Sansam'),
(81967, 558, 0, 'Golden Sansam'),
(81968, 558, 0, 'Golden Sansam'),
(81969, 558, 0, 'Golden Sansam'),
(81970, 558, 0, 'Golden Sansam'),
(81971, 558, 0, 'Golden Sansam'),
(81972, 558, 0, 'Golden Sansam'),
(81973, 558, 0, 'Golden Sansam'),
(81974, 558, 0, 'Golden Sansam'),
(81975, 558, 0, 'Golden Sansam'),
(81976, 558, 0, 'Golden Sansam'),
(81977, 558, 0, 'Golden Sansam'),
(81978, 558, 0, 'Golden Sansam'),
(81979, 558, 0, 'Golden Sansam'),
(81980, 558, 0, 'Golden Sansam'),
(81981, 558, 0, 'Golden Sansam'),
(81982, 558, 0, 'Golden Sansam'),
(81983, 558, 0, 'Golden Sansam'),
(81984, 558, 0, 'Golden Sansam'),
(81985, 558, 0, 'Golden Sansam'),
(81986, 558, 0, 'Golden Sansam'),
(81987, 558, 0, 'Golden Sansam'),
(81988, 558, 0, 'Golden Sansam'),
(81989, 558, 0, 'Golden Sansam'),
(81990, 558, 0, 'Golden Sansam'),
(81991, 558, 0, 'Golden Sansam'),
(81992, 558, 0, 'Golden Sansam'),
(81993, 558, 0, 'Golden Sansam'),
(81994, 558, 0, 'Golden Sansam'),
(81995, 558, 0, 'Golden Sansam'),
(81996, 559, 0, 'Dreamfoil'),
(81997, 559, 0, 'Dreamfoil'),
(81998, 559, 0, 'Dreamfoil'),
(81999, 559, 0, 'Dreamfoil'),
(82000, 559, 0, 'Dreamfoil'),
(82001, 559, 0, 'Dreamfoil'),
(82002, 559, 0, 'Dreamfoil'),
(82003, 559, 0, 'Dreamfoil'),
(82004, 559, 0, 'Dreamfoil'),
(82005, 559, 0, 'Dreamfoil'),
(82006, 559, 0, 'Dreamfoil'),
(82007, 559, 0, 'Dreamfoil'),
(82008, 559, 0, 'Dreamfoil'),
(82009, 559, 0, 'Dreamfoil'),
(82010, 559, 0, 'Dreamfoil'),
(82011, 559, 0, 'Dreamfoil'),
(82012, 559, 0, 'Dreamfoil'),
(82013, 559, 0, 'Dreamfoil'),
(82014, 559, 0, 'Dreamfoil'),
(82015, 559, 0, 'Dreamfoil'),
(82016, 559, 0, 'Dreamfoil'),
(82017, 559, 0, 'Dreamfoil'),
(82018, 559, 0, 'Dreamfoil'),
(82019, 559, 0, 'Dreamfoil'),
(82020, 559, 0, 'Dreamfoil'),
(82021, 559, 0, 'Dreamfoil'),
(82022, 559, 0, 'Dreamfoil'),
(82023, 559, 0, 'Dreamfoil'),
(82024, 559, 0, 'Dreamfoil'),
(82025, 559, 0, 'Dreamfoil'),
(82026, 559, 0, 'Dreamfoil'),
(82027, 559, 0, 'Dreamfoil'),
(82028, 558, 0, 'Golden Sansam'),
(82029, 559, 0, 'Dreamfoil'),
(82030, 558, 0, 'Golden Sansam'),
(82031, 558, 0, 'Golden Sansam'),
(82032, 559, 0, 'Dreamfoil'),
(82033, 558, 0, 'Golden Sansam'),
(82034, 559, 0, 'Dreamfoil'),
(82035, 559, 0, 'Dreamfoil'),
(82036, 559, 0, 'Dreamfoil'),
(82037, 559, 0, 'Dreamfoil'),
(82038, 559, 0, 'Dreamfoil'),
(82039, 559, 0, 'Dreamfoil'),
(82040, 559, 0, 'Dreamfoil'),
(82041, 559, 0, 'Dreamfoil'),
(82042, 559, 0, 'Dreamfoil'),
(82043, 559, 0, 'Dreamfoil'),
(82044, 559, 0, 'Dreamfoil'),
(82045, 558, 0, 'Golden Sansam'),
(82046, 559, 0, 'Dreamfoil'),
(82047, 558, 0, 'Golden Sansam'),
(82048, 559, 0, 'Dreamfoil'),
(82049, 559, 0, 'Dreamfoil'),
(82050, 558, 0, 'Golden Sansam'),
(82051, 559, 0, 'Dreamfoil'),
(82052, 559, 0, 'Dreamfoil'),
(82053, 559, 0, 'Dreamfoil'),
(82054, 559, 0, 'Dreamfoil'),
(82055, 559, 0, 'Dreamfoil'),
(82056, 559, 0, 'Dreamfoil'),
(82057, 559, 0, 'Dreamfoil'),
(82058, 559, 0, 'Dreamfoil'),
(82059, 559, 0, 'Dreamfoil'),
(82060, 559, 0, 'Dreamfoil'),
(82061, 559, 0, 'Dreamfoil'),
(82062, 559, 0, 'Dreamfoil'),
(82063, 559, 0, 'Dreamfoil'),
(82064, 559, 0, 'Dreamfoil'),
(82065, 559, 0, 'Dreamfoil'),
(82066, 559, 0, 'Dreamfoil'),
(82067, 559, 0, 'Dreamfoil'),
(82068, 559, 0, 'Dreamfoil'),
(82069, 559, 0, 'Dreamfoil'),
(82070, 559, 0, 'Dreamfoil'),
(82071, 559, 0, 'Dreamfoil'),
(82072, 559, 0, 'Dreamfoil'),
(82073, 559, 0, 'Dreamfoil'),
(82074, 559, 0, 'Dreamfoil'),
(82075, 559, 0, 'Dreamfoil'),
(82076, 559, 0, 'Dreamfoil'),
(82077, 559, 0, 'Dreamfoil'),
(82078, 559, 0, 'Dreamfoil'),
(82079, 559, 0, 'Dreamfoil'),
(82080, 559, 0, 'Dreamfoil'),
(82081, 559, 0, 'Dreamfoil'),
(82082, 559, 0, 'Dreamfoil'),
(82083, 559, 0, 'Dreamfoil'),
(82084, 559, 0, 'Dreamfoil'),
(82085, 559, 0, 'Dreamfoil'),
(82086, 559, 0, 'Dreamfoil'),
(82087, 559, 0, 'Dreamfoil'),
(82088, 559, 0, 'Dreamfoil'),
(82089, 559, 0, 'Dreamfoil'),
(82090, 559, 0, 'Dreamfoil'),
(82091, 559, 0, 'Dreamfoil'),
(82092, 559, 0, 'Dreamfoil'),
(82093, 559, 0, 'Dreamfoil'),
(82094, 559, 0, 'Dreamfoil'),
(82095, 559, 0, 'Dreamfoil'),
(82096, 559, 0, 'Dreamfoil'),
(82097, 559, 0, 'Dreamfoil'),
(82098, 559, 0, 'Dreamfoil'),
(82099, 559, 0, 'Dreamfoil'),
(82100, 560, 0, 'Mountain Silversage'),
(82101, 560, 0, 'Mountain Silversage'),
(82102, 560, 0, 'Mountain Silversage'),
(82103, 560, 0, 'Mountain Silversage'),
(82104, 560, 0, 'Mountain Silversage'),
(82105, 560, 0, 'Mountain Silversage'),
(82106, 560, 0, 'Mountain Silversage'),
(82107, 560, 0, 'Mountain Silversage'),
(82108, 560, 0, 'Mountain Silversage'),
(82109, 560, 0, 'Mountain Silversage'),
(82110, 560, 0, 'Mountain Silversage'),
(82111, 560, 0, 'Mountain Silversage'),
(82112, 560, 0, 'Mountain Silversage'),
(82113, 560, 0, 'Mountain Silversage'),
(82114, 560, 0, 'Mountain Silversage'),
(82115, 560, 0, 'Mountain Silversage'),
(82116, 560, 0, 'Mountain Silversage'),
(82117, 560, 0, 'Mountain Silversage'),
(82118, 560, 0, 'Mountain Silversage'),
(82119, 560, 0, 'Mountain Silversage'),
(82120, 560, 0, 'Mountain Silversage'),
(82121, 560, 0, 'Mountain Silversage'),
(82122, 560, 0, 'Mountain Silversage'),
(82123, 560, 0, 'Mountain Silversage'),
(82124, 560, 0, 'Mountain Silversage'),
(82125, 560, 0, 'Mountain Silversage'),
(82126, 560, 0, 'Mountain Silversage'),
(82127, 560, 0, 'Mountain Silversage'),
(82128, 560, 0, 'Mountain Silversage'),
(82129, 560, 0, 'Mountain Silversage'),
(82130, 560, 0, 'Mountain Silversage'),
(82131, 560, 0, 'Mountain Silversage'),
(82132, 560, 0, 'Mountain Silversage'),
(82133, 560, 0, 'Mountain Silversage'),
(82134, 559, 0, 'Dreamfoil'),
(82135, 560, 0, 'Mountain Silversage'),
(82136, 560, 0, 'Mountain Silversage'),
(82137, 560, 0, 'Mountain Silversage'),
(82138, 560, 0, 'Mountain Silversage'),
(82139, 560, 0, 'Mountain Silversage'),
(82140, 560, 0, 'Mountain Silversage'),
(82141, 560, 0, 'Mountain Silversage'),
(82142, 560, 0, 'Mountain Silversage'),
(82143, 560, 0, 'Mountain Silversage'),
(82144, 560, 0, 'Mountain Silversage'),
(82145, 560, 0, 'Mountain Silversage'),
(82146, 560, 0, 'Mountain Silversage'),
(82147, 560, 0, 'Mountain Silversage'),
(82148, 556, 0, 'Purple Lotus'),
(82149, 556, 0, 'Purple Lotus'),
(82150, 556, 0, 'Purple Lotus'),
(82151, 556, 0, 'Purple Lotus'),
(82152, 556, 0, 'Purple Lotus'),
(82153, 556, 0, 'Purple Lotus'),
(82154, 556, 0, 'Purple Lotus'),
(82155, 556, 0, 'Purple Lotus'),
(82156, 556, 0, 'Purple Lotus'),
(82157, 556, 0, 'Purple Lotus'),
(82158, 556, 0, 'Purple Lotus'),
(82159, 556, 0, 'Purple Lotus'),
(82160, 557, 0, 'Sungrass'),
(82161, 557, 0, 'Sungrass'),
(82162, 557, 0, 'Sungrass'),
(82163, 557, 0, 'Sungrass'),
(82164, 557, 0, 'Sungrass'),
(82165, 558, 0, 'Golden Sansam'),
(82166, 558, 0, 'Golden Sansam'),
(82167, 559, 0, 'Dreamfoil'),
(82168, 559, 0, 'Dreamfoil'),
(82169, 556, 0, 'Purple Lotus'),
(82170, 556, 0, 'Purple Lotus'),
(82171, 556, 0, 'Purple Lotus'),
(82172, 560, 0, 'Mountain Silversage'),
(82173, 557, 0, 'Sungrass'),
(82174, 557, 0, 'Sungrass'),
(82175, 556, 0, 'Purple Lotus'),
(82176, 556, 0, 'Purple Lotus'),
(82177, 556, 0, 'Purple Lotus'),
(82178, 556, 0, 'Purple Lotus'),
(82179, 556, 0, 'Purple Lotus'),
(82180, 556, 0, 'Purple Lotus'),
(82181, 556, 0, 'Purple Lotus'),
(82182, 556, 0, 'Purple Lotus'),
(82183, 556, 0, 'Purple Lotus'),
(82184, 556, 0, 'Purple Lotus'),
(82185, 556, 0, 'Purple Lotus'),
(82186, 556, 0, 'Purple Lotus'),
(82187, 557, 0, 'Sungrass'),
(82188, 557, 0, 'Sungrass'),
(82189, 557, 0, 'Sungrass'),
(82190, 557, 0, 'Sungrass'),
(82191, 557, 0, 'Sungrass'),
(82192, 557, 0, 'Sungrass'),
(82193, 557, 0, 'Sungrass'),
(82194, 557, 0, 'Sungrass'),
(82195, 557, 0, 'Sungrass'),
(82196, 557, 0, 'Sungrass'),
(82197, 557, 0, 'Sungrass'),
(82198, 557, 0, 'Sungrass'),
(82199, 558, 0, 'Golden Sansam'),
(82200, 558, 0, 'Golden Sansam'),
(82201, 558, 0, 'Golden Sansam'),
(82202, 558, 0, 'Golden Sansam'),
(82203, 558, 0, 'Golden Sansam'),
(82204, 558, 0, 'Golden Sansam'),
(82205, 558, 0, 'Golden Sansam'),
(82206, 558, 0, 'Golden Sansam'),
(82207, 559, 0, 'Dreamfoil'),
(82208, 559, 0, 'Dreamfoil'),
(82209, 559, 0, 'Dreamfoil'),
(82210, 559, 0, 'Dreamfoil'),
(82211, 559, 0, 'Dreamfoil'),
(82212, 559, 0, 'Dreamfoil'),
(82213, 559, 0, 'Dreamfoil'),
(82214, 559, 0, 'Dreamfoil'),
(82215, 559, 0, 'Dreamfoil'),
(82216, 559, 0, 'Dreamfoil'),
(82217, 559, 0, 'Dreamfoil'),
(82218, 560, 0, 'Mountain Silversage'),
(82219, 560, 0, 'Mountain Silversage'),
(82220, 560, 0, 'Mountain Silversage'),
(82221, 560, 0, 'Mountain Silversage'),
(82222, 560, 0, 'Mountain Silversage'),
(82223, 560, 0, 'Mountain Silversage'),
(82224, 560, 0, 'Mountain Silversage'),
(82225, 556, 0, 'Purple Lotus'),
(82226, 557, 0, 'Sungrass');

DELETE FROM `gameobject` WHERE `zoneId`=16 AND `guid` BETWEEN 81746 AND 82226;
INSERT INTO `gameobject` (`guid`, `id`, `map`, `zoneId`, `position_x`, `position_y`, `position_z`, `orientation`, `rotation0`, `rotation1`, `rotation2`, `rotation3`, `spawntimesecs`, `animprogress`, `state`) VALUES
(81746, 2043, 1, 16, 3820.44, -4898.04, 148.32, 0.244346, 0, 0, 0.121869, 0.992546, 1800, 255, 1),
(81747, 142142, 1, 16, 3619.93, -4289.52, 101.905, 1.48353, 0, 0, 0.67559, 0.737278, 2700, 255, 1),
(81748, 142140, 1, 16, 2797.16, -3973, 93.59, 3.632, 0, 0, 0, 0, 2700, 100, 1),
(81749, 142140, 1, 16, 3147.48, -5340, 93.572, 2.794, 0, 0, 0, 0, 2700, 100, 1),
(81750, 142140, 1, 16, 3888.11, -5219, 103.93, 6.068, 0, 0, 0, 0, 2700, 100, 1),
(81751, 142140, 1, 16, 4296.75, -6257, 108.096, 6.091, 0, 0, 0, 0, 2700, 100, 1),
(81752, 142140, 1, 16, 4085.85, -7287, 28.582, 4.432, 0, 0, 0, 0, 2700, 100, 1),
(81753, 142140, 1, 16, 3191.29, -5287, 96.787, 3.037, 0, 0, 0, 0, 2700, 100, 1),
(81754, 142140, 1, 16, 4083.87, -7274, 29.449, 4.33, 0, 0, 0, 0, 2700, 100, 1),
(81755, 142140, 1, 16, 3443.29, -5076.38, 83.4753, 4.57276, 0, 0, -0.754709, 0.656059, 2700, 100, 1),
(81756, 142140, 1, 16, 3556.59, -5083, 85.168, 0.993, 0, 0, 0, 0, 2700, 100, 1),
(81757, 142140, 1, 16, 3890.6, -5213, 104.787, 5.927, 0, 0, 0, 0, 2700, 100, 1),
(81758, 142140, 1, 16, 3623.46, -5220, 83.48, 5.566, 0, 0, 0, 0, 2700, 100, 1),
(81759, 142140, 1, 16, 4492.51, -6400, 126.501, 2.887, 0, 0, 0, 0, 2700, 100, 1),
(81760, 142140, 1, 16, 3250.58, -4342, 131.014, 2.67, 0, 0, 0.97237, 0.233445, 2700, 100, 1),
(81761, 142140, 1, 16, 3202.56, -5081, 87.95, 3.661, 0, 0, 0, 0, 2700, 100, 1),
(81762, 142140, 1, 16, 3132.93, -4194, 109.207, 0.509, 0, 0, 0, 0, 2700, 100, 1),
(81763, 142140, 1, 16, 3444.81, -4445, 136.089, 4.728, 0, 0, 0, 0, 2700, 100, 1),
(81764, 142140, 1, 16, 4312.34, -6292, 94.783, 6.115, 0, 0, 0, 0, 2700, 100, 1),
(81765, 142140, 1, 16, 3807.81, -5242, 106.223, 2.156, 0, 0, 0, 0, 2700, 100, 1),
(81766, 142140, 1, 16, 3760.26, -5019, 114.132, 0.134, 0, 0, 0, 0, 2700, 100, 1),
(81767, 142140, 1, 16, 3840.12, -5247, 98.957, 4.51, 0, 0, 0, 0, 2700, 100, 1),
(81768, 142140, 1, 16, 3581.32, -4995, 137.869, 5.363, 0, 0, 0, 0, 2700, 100, 1),
(81769, 142140, 1, 16, 3474.58, -5112, 83.381, 0.544, 0, 0, 0, 0, 2700, 100, 1),
(81770, 142140, 1, 16, 3837.65, -5232, 100.901, 1.918, 0, 0, 0, 0, 2700, 100, 1),
(81771, 142140, 1, 16, 2825.83, -3928, 104.011, 1.032, 0, 0, 0, 0, 2700, 100, 1),
(81772, 142140, 1, 16, 3596.04, -5005, 130.114, 1.994, 0, 0, 0, 0, 2700, 100, 1),
(81773, 142140, 1, 16, 3010.02, -5129, 132.7, 4.713, 0, 0, 0, 0, 2700, 100, 1),
(81774, 142140, 1, 16, 3538.78, -4748, 113.216, 0.465, 0, 0, 0, 0, 2700, 100, 1),
(81775, 142140, 1, 16, 3635.57, -4996, 102.682, 3.299, 0, 0, 0, 0, 2700, 100, 1),
(81776, 142140, 1, 16, 3020.36, -4117, 101.093, 5.627, 0, 0, 0, 0, 2700, 100, 1),
(81777, 142140, 1, 16, 2922.53, -5200, 128.677, 4.619, 0, 0, 0, 0, 2700, 100, 1),
(81778, 142140, 1, 16, 3494.04, -4747, 112.995, 0.291, 0, 0, 0, 0, 2700, 100, 1),
(81779, 142140, 1, 16, 3170.16, -5324, 88.146, 3.996, 0, 0, 0, 0, 2700, 100, 1),
(81780, 142140, 1, 16, 3681.53, -4989, 115.18, 4.359, 0, 0, 0, 0, 2700, 100, 1),
(81781, 142140, 1, 16, 3455.21, -5158, 83.048, 0.455, 0, 0, 0, 0, 2700, 100, 1),
(81782, 142140, 1, 16, 2596.43, -4805, 150.126, 1.62, 0, 0, 0, 0, 2700, 100, 1),
(81783, 142140, 1, 16, 3434.82, -4872, 149.127, 2.108, 0, 0, 0, 0, 2700, 100, 1),
(81784, 142140, 1, 16, 3288.65, -4507, 97.723, 4.708, 0, 0, 0, 0, 2700, 100, 1),
(81785, 142140, 1, 16, 4414.79, -6079, 100.713, 0.217, 0, 0, 0, 0, 2700, 100, 1),
(81786, 142140, 1, 16, 2981.79, -4052, 100.99, 0.935, 0, 0, 0, 0, 2700, 100, 1),
(81787, 142140, 1, 16, 3579.34, -4570, 104.322, 1.926, 0, 0, 0, 0, 2700, 100, 1),
(81788, 142140, 1, 16, 3143.68, -4266, 104.232, 5.003, 0, 0, 0, 0, 2700, 100, 1),
(81789, 142140, 1, 16, 3108.67, -4292, 98.769, 3.537, 0, 0, 0, 0, 2700, 100, 1),
(81790, 142140, 1, 16, 3319.09, -5150, 87.456, 3.063, 0, 0, 0, 0, 2700, 100, 1),
(81791, 142140, 1, 16, 3770.29, -5314, 94.296, 3.106, 0, 0, 0, 0, 2700, 100, 1),
(81792, 142140, 1, 16, 3549.46, -5019, 89.568, 6.223, 0, 0, 0, 0, 2700, 100, 1),
(81793, 142140, 1, 16, 3661.56, -4677, 121.156, 0.386, 0, 0, 0, 0, 2700, 100, 1),
(81794, 142140, 1, 16, 3637.81, -5274, 90.819, 5.927, 0, 0, 0, 0, 2700, 100, 1),
(81795, 142140, 1, 16, 3720.79, -5063, 95.868, 2.343, 0, 0, 0, 0, 2700, 100, 1),
(81796, 142140, 1, 16, 3253, -4279, 125.998, 3.339, 0, 0, 0, 0, 2700, 100, 1),
(81797, 142140, 1, 16, 3254.79, -4248, 118.481, 1.439, 0, 0, 0, 0, 2700, 100, 1),
(81798, 142140, 1, 16, 4488.84, -6390, 125.811, 3.641, 0, 0, 0, 0, 2700, 100, 1),
(81799, 142140, 1, 16, 3899.4, -5223, 103.417, 2.73, 0, 0, 0, 0, 2700, 100, 1),
(81800, 142140, 1, 16, 3283.07, -4694, 122.541, 2.949, 0, 0, 0, 0, 2700, 100, 1),
(81801, 142140, 1, 16, 3145.74, -5262, 91.487, 1.781, 0, 0, 0, 0, 2700, 100, 1),
(81802, 142140, 1, 16, 4341.76, -6109, 123.072, 0.947, 0, 0, 0, 0, 2700, 100, 1),
(81803, 142140, 1, 16, 3254.35, -4841, 123.035, 3.23, 0, 0, 0, 0, 2700, 100, 1),
(81804, 142140, 1, 16, 3693.19, -5119.39, 91.1671, 3.80482, 0, 0, -0.945518, 0.325568, 2700, 100, 1),
(81805, 142140, 1, 16, 3522.42, -4820, 119.275, 4.409, 0, 0, 0, 0, 2700, 100, 1),
(81806, 142140, 1, 16, 3344.22, -4726, 104.302, 5.31, 0, 0, 0, 0, 2700, 100, 1),
(81807, 142140, 1, 16, 3085.85, -4196, 98.085, 3.2, 0, 0, 0, 0, 2700, 100, 1),
(81808, 142140, 1, 16, 3373.99, -4481, 109.708, 4.322, 0, 0, 0, 0, 2700, 100, 1),
(81809, 142140, 1, 16, 4257.36, -6292, 94.784, 1.229, 0, 0, 0, 0, 2700, 100, 1),
(81810, 142140, 1, 16, 3655.02, -5225.06, 84.9615, 6.05629, 0, 0, -0.113203, 0.993572, 2700, 255, 1),
(81811, 142140, 1, 16, 2963.76, -4110, 101.82, 3.84, 0, 0, 0, 0, 2700, 100, 1),
(81812, 142140, 1, 16, 3812.21, -5432, 46.419, 5.996, 0, 0, 0, 0, 2700, 100, 1),
(81813, 142140, 1, 16, 2942.25, -4071, 113.344, 3.076, 0, 0, 0, 0, 2700, 100, 1),
(81814, 142140, 1, 16, 3795.5, -5407, 42.61, 6.059, 0, 0, 0, 0, 2700, 100, 1),
(81815, 142140, 1, 16, 2934.14, -5147, 123.629, 5.405, 0, 0, 0, 0, 2700, 100, 1),
(81816, 142140, 1, 16, 2821.13, -3979, 103.697, 4.805, 0, 0, 0, 0, 2700, 100, 1),
(81817, 142140, 1, 16, 3741.05, -5120, 104.687, 5.822, 0, 0, 0, 0, 2700, 100, 1),
(81818, 142140, 1, 16, 3721.86, -5147, 96.244, 6.23, 0, 0, 0, 0, 2700, 100, 1),
(81819, 142140, 1, 16, 3595.88, -4855, 119.641, 6.232, 0, 0, 0, 0, 2700, 100, 1),
(81820, 142140, 1, 16, 3399.22, -4888, 120.059, 0.209, 0, 0, 0.104529, 0.994522, 2700, 100, 1),
(81821, 142140, 1, 16, 3208.45, -5340, 87.891, 0.045, 0, 0, 0, 0, 2700, 100, 1),
(81822, 142140, 1, 16, 3074.3, -5516, 99.97, 5.483, 0, 0, 0, 0, 2700, 100, 1),
(81823, 142140, 1, 16, 4173.97, -7003, 98.739, 2.408, 0, 0, 0, 0, 2700, 100, 1),
(81824, 142140, 1, 16, 3555.99, -5269, 101.535, 3.625, 0, 0, 0, 0, 2700, 100, 1),
(81825, 142140, 1, 16, 3200.33, -5112, 88.554, 5.089, 0, 0, 0, 0, 2700, 100, 1),
(81826, 142140, 1, 16, 3168.13, -5340, 85.917, 3.909, 0, 0, 0, 0, 2700, 100, 1),
(81827, 142140, 1, 16, 3331.81, -4485, 98.107, 3.804, 0, 0, 0, 0, 2700, 100, 1),
(81828, 142140, 1, 16, 3544.21, -5019, 90.554, 6.097, 0, 0, 0, 0, 2700, 100, 1),
(81829, 142140, 1, 16, 3460.04, -5139, 82.186, 2.346, 0, 0, 0, 0, 2700, 100, 1),
(81830, 142140, 1, 16, 3137.86, -4483, 136.316, 0.963, 0, 0, 0, 0, 2700, 100, 1),
(81831, 142140, 1, 16, 3537.12, -5215, 84.682, 4.142, 0, 0, 0, 0, 2700, 100, 1),
(81832, 142140, 1, 16, 3415.82, -5203, 84.97, 4.2, 0, 0, 0, 0, 2700, 100, 1),
(81833, 142140, 1, 16, 3299.96, -4881, 111.861, 5.587, 0, 0, 0, 0, 2700, 100, 1),
(81834, 142140, 1, 16, 3507.81, -5281, 94.526, 4.308, 0, 0, 0, 0, 2700, 100, 1),
(81835, 142140, 1, 16, 2698.19, -5042, 119.502, 1.654, 0, 0, 0, 0, 2700, 100, 1),
(81836, 142140, 1, 16, 4138.02, -7026, 97.166, 0.238, 0, 0, 0, 0, 2700, 100, 1),
(81837, 142140, 1, 16, 2706.1, -5011, 122.058, 1.902, 0, 0, 0, 0, 2700, 100, 1),
(81838, 142140, 1, 16, 3314.33, -4848, 117.503, 4.107, 0, 0, 0, 0, 2700, 100, 1),
(81839, 142140, 1, 16, 3647.13, -5122, 85.092, 0.67, 0, 0, 0, 0, 2700, 100, 1),
(81840, 142140, 1, 16, 3491.96, -5242, 88.743, 2.335, 0, 0, 0, 0, 2700, 100, 1),
(81841, 142140, 1, 16, 3774.44, -5333, 93.132, 3.876, 0, 0, 0, 0, 2700, 100, 1),
(81842, 142140, 1, 16, 3465.79, -4853.79, 131.019, 4.20625, 0, 0, -0.861629, 0.507539, 2700, 100, 1),
(81843, 142140, 1, 16, 3321.14, -5112, 87.268, 3.228, 0, 0, 0, 0, 2700, 100, 1),
(81844, 142140, 1, 16, 3006.24, -4192, 98.731, 2.514, 0, 0, 0, 0, 2700, 100, 1),
(81845, 142140, 1, 16, 3402.85, -4469, 114.039, 4.804, 0, 0, 0, 0, 2700, 100, 1),
(81846, 142142, 1, 16, 4381.45, -6275, 96.289, 6.261, 0, 0, 0, 0, 2700, 100, 1),
(81847, 142142, 1, 16, 2887.5, -5289, 131.776, 4.112, 0, 0, 0, 0, 2700, 100, 1),
(81848, 142142, 1, 16, 2875.99, -5317, 130.99, 1.712, 0, 0, 0, 0, 2700, 100, 1),
(81849, 142142, 1, 16, 2875.71, -5280, 131.009, 4.654, 0, 0, 0, 0, 2700, 100, 1),
(81850, 142142, 1, 16, 2703.56, -4469, 107.789, 5.365, 0, 0, 0, 0, 2700, 100, 1),
(81851, 142142, 1, 16, 3291.8, -4433.6, 103.945, 5.32326, 0, 0, -0.461748, 0.887011, 2700, 100, 1),
(81852, 142142, 1, 16, 2529.58, -6689, 106.253, 2.831, 0, 0, 0, 0, 2700, 100, 1),
(81853, 142142, 1, 16, 2595.17, -4777, 146.224, 5.777, 0, 0, 0, 0, 2700, 100, 1),
(81854, 142142, 1, 16, 2602.7, -4774, 144.188, 4.3, 0, 0, 0, 0, 2700, 100, 1),
(81855, 142142, 1, 16, 2544.21, -4883, 139.239, 2.875, 0, 0, 0, 0, 2700, 100, 1),
(81856, 142142, 1, 16, 2681.03, -4094, 119.832, 0.79, 0, 0, 0, 0, 2700, 100, 1),
(81857, 142142, 1, 16, 2677.77, -4084, 122.051, 6.009, 0, 0, 0, 0, 2700, 100, 1),
(81858, 142142, 1, 16, 3353.07, -4686, 97.163, 2.266, 0, 0, 0, 0, 2700, 100, 1),
(81859, 142142, 1, 16, 3586.05, -4167, 99.045, 2.153, 0, 0, 0, 0, 2700, 100, 1),
(81860, 142142, 1, 16, 3559, -4175, 105.595, 5.134, 0, 0, 0, 0, 2700, 100, 1),
(81861, 142142, 1, 16, 3474.44, -4206, 96.512, 3.653, 0, 0, 0, 0, 2700, 100, 1),
(81862, 142142, 1, 16, 2254.03, -6840, 112.701, 2.391, 0, 0, 0, 0, 2700, 100, 1),
(81863, 142142, 1, 16, 2247.6, -6845, 111.584, 1.621, 0, 0, 0, 0, 2700, 100, 1),
(81864, 142142, 1, 16, 2567.46, -4987, 124.909, 1.642, 0, 0, 0, 0, 2700, 100, 1),
(81865, 142142, 1, 16, 3152.98, -4292, 102.457, 1.921, 0, 0, 0, 0, 2700, 100, 1),
(81866, 142142, 1, 16, 2275.56, -5985, 108.199, 2.52, 0, 0, 0, 0, 2700, 100, 1),
(81867, 142142, 1, 16, 2286.46, -5970, 113.535, 2.116, 0, 0, 0, 0, 2700, 100, 1),
(81868, 142142, 1, 16, 2280.9, -5974, 114.652, 1.177, 0, 0, 0, 0, 2700, 100, 1),
(81869, 142142, 1, 16, 3464.29, -4220, 100.043, 2.636, 0, 0, 0, 0, 2700, 100, 1),
(81870, 142142, 1, 16, 4566.43, -5546, 106.942, 5.26, 0, 0, 0, 0, 2700, 100, 1),
(81871, 142142, 1, 16, 4617.92, -5421, 107.109, 1.632, 0, 0, 0, 0, 2700, 100, 1),
(81872, 142142, 1, 16, 3643.9, -4218, 109.035, 0.872, 0, 0, 0, 0, 2700, 100, 1),
(81873, 142142, 1, 16, 3338.24, -4202, 107.133, 3.103, 0, 0, 0, 0, 2700, 100, 1),
(81874, 142142, 1, 16, 2673.22, -3912, 119.453, 2.691, 0, 0, 0, 0, 2700, 100, 1),
(81875, 142142, 1, 16, 2430.95, -6421, 97.953, 2.929, 0, 0, 0, 0, 2700, 100, 1),
(81876, 142142, 1, 16, 2417.68, -6420, 93.853, 2.273, 0, 0, 0, 0, 2700, 100, 1),
(81877, 142142, 1, 16, 2582.87, -5124, 116.486, 1.799, 0, 0, 0, 0, 2700, 100, 1),
(81878, 142142, 1, 16, 3619.33, -4090, 101.321, 1.972, 0, 0, 0, 0, 2700, 100, 1),
(81879, 142142, 1, 16, 2896.37, -4167, 101.874, 5.734, 0, 0, 0, 0, 2700, 100, 1),
(81880, 142142, 1, 16, 3622.39, -4083, 100.858, 1.972, 0, 0, 0, 0, 2700, 100, 1),
(81881, 142142, 1, 16, 3636.53, -4114, 101.894, 4.431, 0, 0, 0, 0, 2700, 100, 1),
(81882, 142142, 1, 16, 3589.98, -4127, 104.786, 2.279, 0, 0, 0, 0, 2700, 100, 1),
(81883, 142142, 1, 16, 3348.71, -4200, 106.682, 2.738, 0, 0, 0, 0, 2700, 100, 1),
(81884, 142142, 1, 16, 2673.81, -5957, 95.544, 5.315, 0, 0, 0, 0, 2700, 100, 1),
(81885, 142142, 1, 16, 2679.57, -5947, 95.939, 5.024, 0, 0, 0, 0, 2700, 100, 1),
(81886, 142142, 1, 16, 2682.91, -5941, 95.657, 4.994, 0, 0, 0, 0, 2700, 100, 1),
(81887, 142142, 1, 16, 2869.74, -5646, 125.431, 3.609, 0, 0, 0, 0, 2700, 100, 1),
(81888, 142142, 1, 16, 2594.37, -5760, 104.765, 5.225, 0, 0, 0, 0, 2700, 100, 1),
(81889, 142142, 1, 16, 2983.57, -5821, 136.015, 5.733, 0, 0, 0, 0, 2700, 100, 1),
(81890, 142142, 1, 16, 2254.9, -6634, 125.82, 2.513, 0, 0, 0, 0, 2700, 100, 1),
(81891, 142142, 1, 16, 3634.47, -4226, 102.627, 1.869, 0, 0, 0, 0, 2700, 100, 1),
(81892, 142142, 1, 16, 2703.09, -5654, 137.906, 5.036, 0, 0, 0, 0, 2700, 100, 1),
(81893, 142142, 1, 16, 4569.4, -6140, 104.244, 0.591, 0, 0, 0, 0, 2700, 100, 1),
(81894, 142142, 1, 16, 2468.08, -6862, 102.22, 1.818, 0, 0, 0, 0, 2700, 100, 1),
(81895, 142142, 1, 16, 2723.11, -5852, 96.425, 4.62, 0, 0, 0, 0, 2700, 100, 1),
(81896, 142142, 1, 16, 4424.51, -5875, 99.845, 4.596, 0, 0, 0, 0, 2700, 100, 1),
(81897, 142142, 1, 16, 2710.83, -5639, 136.469, 4.585, 0, 0, 0, 0, 2700, 100, 1),
(81898, 142142, 1, 16, 2685.12, -4395, 101.627, 4.945, 0, 0, 0, 0, 2700, 100, 1),
(81899, 142142, 1, 16, 2596.48, -5847, 97.377, 1.354, 0, 0, 0, 0, 2700, 100, 1),
(81900, 142142, 1, 16, 3155.26, -4314, 102.159, 4.709, 0, 0, 0, 0, 2700, 100, 1),
(81901, 142142, 1, 16, 2411.48, -5732, 102.694, 3.341, 0, 0, 0, 0, 2700, 100, 1),
(81902, 142142, 1, 16, 2411.3, -5738, 103.108, 3.133, 0, 0, 0, 0, 2700, 100, 1),
(81903, 142142, 1, 16, 2664.24, -5075, 118.303, 1.155, 0, 0, 0, 0, 2700, 100, 1),
(81904, 142142, 1, 16, 2669.13, -3916, 116.909, 1.964, 0, 0, 0, 0, 2700, 100, 1),
(81905, 142142, 1, 16, 2645.88, -5622, 121.443, -2, 0, 0, -0.777146, 0.62932, 2700, 100, 1),
(81906, 142142, 1, 16, 3214.09, -5062, 86.843, 1.622, 0, 0, 0, 0, 2700, 100, 1),
(81907, 142142, 1, 16, 4668.05, -5909, 110.772, 2.268, 0, 0, 0, 0, 2700, 100, 1),
(81908, 142142, 1, 16, 4560.33, -6133, 101.314, 5.052, 0, 0, 0, 0, 2700, 100, 1),
(81909, 142142, 1, 16, 4566.13, -6155, 102.637, 0.387, 0, 0, 0, 0, 2700, 100, 1),
(81910, 142142, 1, 16, 3596.34, -4172, 98.161, 1.458, 0, 0, 0, 0, 2700, 100, 1),
(81911, 142142, 1, 16, 2587.76, -4988, 121.907, 6.169, 0, 0, 0, 0, 2700, 100, 1),
(81912, 142142, 1, 16, 2487.59, -6889, 105.637, 5.43, 0, 0, 0, 0, 2700, 100, 1),
(81913, 142142, 1, 16, 2618.96, -4792, 144.897, 2.773, 0, 0, 0, 0, 2700, 100, 1),
(81914, 142142, 1, 16, 2615.46, -4787, 144.725, 3.413, 0, 0, 0, 0, 2700, 100, 1),
(81915, 142142, 1, 16, 2616.52, -4781, 145.087, 3.586, 0, 0, 0, 0, 2700, 100, 1),
(81916, 142142, 1, 16, 2986.29, -5815, 136.449, 5.313, 0, 0, 0, 0, 2700, 100, 1),
(81917, 142142, 1, 16, 4435.63, -5795, 109.871, 4.863, 0, 0, 0, 0, 2700, 100, 1),
(81918, 142142, 1, 16, 2911.68, -4163, 102.392, 3.359, 0, 0, 0, 0, 2700, 100, 1),
(81919, 142142, 1, 16, 2710.7, -4464, 107.64, 5.452, 0, 0, 0, 0, 2700, 100, 1),
(81920, 142142, 1, 16, 2658.96, -4461, 107.403, 3.523, 0, 0, 0, 0, 2700, 100, 1),
(81921, 176584, 1, 16, 3320.06, -4643.19, 97.123, 4.62512, 0, 0, -0.737277, 0.675591, 2700, 255, 1),
(81922, 176583, 1, 16, 2858, -4018, 140.01, 1.366, 0, 0, 0, 0, 2700, 100, 1),
(81923, 176583, 1, 16, 2267.25, -6031, 116.912, 2.051, 0, 0, 0, 0, 2700, 100, 1),
(81924, 176583, 1, 16, 4473.2, -5591, 101.72, 4.776, 0, 0, 0, 0, 2700, 100, 1),
(81925, 176583, 1, 16, 4542.67, -5900, 111.405, 4.738, 0, 0, 0, 0, 2700, 100, 1),
(81926, 176583, 1, 16, 3391.76, -4424, 102.268, 0.037, 0, 0, 0, 0, 2700, 100, 1),
(81927, 176583, 1, 16, 4208.64, -5556, 118.378, 2.711, 0, 0, 0, 0, 2700, 100, 1),
(81928, 176583, 1, 16, 4248.73, -5572, 124.427, 2.876, 0, 0, 0, 0, 2700, 100, 1),
(81929, 176583, 1, 16, 4099.46, -5669, 34.294, 2.398, 0, 0, 0, 0, 2700, 100, 1),
(81930, 176583, 1, 16, 3256.14, -5329, 89.687, 1.269, 0, 0, 0, 0, 2700, 100, 1),
(81931, 176583, 1, 16, 2315.19, -6024, 113.706, 4.903, 0, 0, 0, 0, 2700, 100, 1),
(81932, 176583, 1, 16, 3750.01, -4833, 133.695, 4.911, 0, 0, 0, 0, 2700, 100, 1),
(81933, 176583, 1, 16, 3151.39, -5493, 95.811, 4.931, 0, 0, 0, 0, 2700, 100, 1),
(81934, 176583, 1, 16, 4582.11, -6946, 104.124, 4.611, 0, 0, 0, 0, 2700, 100, 1),
(81935, 176583, 1, 16, 2753.81, -6646, 100.434, 3.873, 0, 0, 0, 0, 2700, 100, 1),
(81936, 176583, 1, 16, 4776.44, -7141, 87.147, 6.24, 0, 0, 0, 0, 2700, 100, 1),
(81937, 176583, 1, 16, 4410.99, -6854, 109.389, 0.707, 0, 0, 0, 0, 2700, 100, 1),
(81938, 176583, 1, 16, 4128.4, -5727, 122.148, 2.702, 0, 0, 0, 0, 2700, 100, 1),
(81939, 176583, 1, 16, 4392.32, -5878, 99.728, 3.243, 0, 0, 0, 0, 2700, 100, 1),
(81940, 176583, 1, 16, 4117.76, -5711.8, 127.303, 5.72468, 0, 0, -0.275637, 0.961262, 300, 100, 1),
(81941, 176583, 1, 16, 4459.19, -6465, 133.762, 1.622, 0, 0, 0, 0, 2700, 100, 1),
(81942, 176583, 1, 16, 4139.86, -5525, 105.268, 2.702, 0, 0, 0, 0, 2700, 100, 1),
(81943, 176583, 1, 16, 3738.32, -4773, 139.407, 0.022, 0, 0, 0, 0, 2700, 100, 1),
(81944, 176583, 1, 16, 2268.42, -6624, 125.161, 0.866, 0, 0, 0, 0, 2700, 100, 1),
(81945, 176583, 1, 16, 2272.88, -6631, 123.191, 0.178, 0, 0, 0, 0, 2700, 100, 1),
(81946, 176583, 1, 16, 2287.66, -6398, 120.532, 1.992, 0, 0, 0, 0, 2700, 100, 1),
(81947, 176583, 1, 16, 4106.06, -5926, 99.048, 3.591, 0, 0, 0, 0, 2700, 100, 1),
(81948, 176583, 1, 16, 2713.39, -5420, 109.533, 2.733, 0, 0, 0, 0, 2700, 100, 1),
(81949, 176583, 1, 16, 3800.36, -5210, 134.162, 1.462, 0, 0, 0, 0, 2700, 100, 1),
(81950, 176583, 1, 16, 2737.93, -5414.55, 111.196, 2.9496, 0, 0, 0.995396, 0.0958512, 300, 100, 1),
(81951, 176583, 1, 16, 3736.34, -4927, 133.514, 3.931, 0, 0, 0, 0, 2700, 100, 1),
(81952, 176583, 1, 16, 3932.25, -4988, 138.557, 0.762, 0, 0, 0, 0, 2700, 100, 1),
(81953, 176583, 1, 16, 2361.2, -5662, 124.282, 3.034, 0, 0, 0, 0, 2700, 100, 1),
(81954, 176583, 1, 16, 3626.83, -5397, 115.279, 4.793, 0, 0, 0, 0, 2700, 100, 1),
(81955, 176583, 1, 16, 2862.94, -5331, 128.975, 0.887, 0, 0, 0, 0, 2700, 100, 1),
(81956, 176583, 1, 16, 4459.95, -6148, 94.557, 1.812, 0, 0, 0, 0, 2700, 100, 1),
(81957, 176583, 1, 16, 2675.76, -6093, 101.031, 6.124, 0, 0, 0, 0, 2700, 100, 1),
(81958, 176583, 1, 16, 2451.77, -7016, 132.352, 0.25, 0, 0, 0, 0, 2700, 100, 1),
(81959, 176583, 1, 16, 4729.74, -6668, 115.612, 1.033, 0, 0, 0, 0, 2700, 100, 1),
(81960, 176583, 1, 16, 3628.94, -5387.71, 115.502, 4.79966, 0, 0, -0.67559, 0.737278, 300, 100, 1),
(81961, 176583, 1, 16, 3527.55, -4801, 114.604, 0.079, 0, 0, 0, 0, 2700, 100, 1),
(81962, 176583, 1, 16, 4705.46, -6650.12, 119.948, 0.0174525, 0, 0, 0.00872612, 0.999962, 300, 100, 1),
(81963, 176583, 1, 16, 3934.18, -4993.8, 137.714, 2.68781, 0, 0, 0.97437, 0.224951, 300, 100, 1),
(81964, 176583, 1, 16, 3705.84, -5184, 85.301, 2.345, 0, 0, 0, 0, 2700, 100, 1),
(81965, 176583, 1, 16, 3643.35, -5077, 87.253, 2.655, 0, 0, 0, 0, 2700, 100, 1),
(81966, 176583, 1, 16, 2805.04, -5799, 99.241, 4.643, 0, 0, 0, 0, 2700, 100, 1),
(81967, 176583, 1, 16, 2565.01, -5950, 96.255, 4.368, 0, 0, 0, 0, 2700, 100, 1),
(81968, 176583, 1, 16, 3219.17, -4373.5, 106.992, 2.47837, 0, 0, 0.945518, 0.325568, 2700, 100, 1),
(81969, 176583, 1, 16, 3525.45, -4839.55, 123.035, 2.16421, 0, 0, 0.882947, 0.469473, 300, 100, 1),
(81970, 176583, 1, 16, 4094.31, -5673, 33.698, 2.398, 0, 0, 0, 0, 2700, 100, 1),
(81971, 176583, 1, 16, 3151.43, -5498, 96.157, 4.931, 0, 0, 0, 0, 2700, 100, 1),
(81972, 176583, 1, 16, 4547.04, -6758, 137.44, 0.276, 0, 0, 0, 0, 2700, 100, 1),
(81973, 176583, 1, 16, 4304.13, -5586, 126.703, 3.077, 0, 0, 0, 0, 2700, 100, 1),
(81974, 176583, 1, 16, 4538.91, -7253.44, 112.305, 0.139626, 0, 0, 0.069756, 0.997564, 2700, 100, 1),
(81975, 176583, 1, 16, 3805.59, -5215, 133.194, 0.711, 0, 0, 0, 0, 2700, 100, 1),
(81976, 176583, 1, 16, 4533.43, -6772.33, 129.034, 1.69297, 0, 0, 0.748956, 0.66262, 300, 100, 1),
(81977, 176583, 1, 16, 4307.14, -6185, 126.597, 1.871, 0, 0, 0, 0, 2700, 100, 1),
(81978, 176583, 1, 16, 2858.29, -4056, 133.18, 0.803, 0, 0, 0, 0, 2700, 100, 1),
(81979, 176583, 1, 16, 3455.81, -5233, 84.092, 0.247, 0, 0, 0, 0, 2700, 100, 1),
(81980, 176583, 1, 16, 3416.47, -5060, 84.822, 2.522, 0, 0, 0, 0, 2700, 100, 1),
(81981, 176583, 1, 16, 4472.57, -6661, 100.299, 1.44, 0, 0, 0, 0, 2700, 100, 1),
(81982, 176583, 1, 16, 3255.09, -5318, 89.77, 1.269, 0, 0, 0, 0, 2700, 100, 1),
(81983, 176583, 1, 16, 3263.57, -5183, 88.026, 3.53, 0, 0, 0, 0, 2700, 100, 1),
(81984, 176583, 1, 16, 2440.85, -5324, 120.931, 1.562, 0, 0, 0, 0, 2700, 100, 1),
(81985, 176583, 1, 16, 3428.64, -4671, 105.177, 1.993, 0, 0, 0, 0, 2700, 100, 1),
(81986, 176583, 1, 16, 2515.04, -6143, 103.615, 4.317, 0, 0, 0, 0, 2700, 100, 1),
(81987, 176583, 1, 16, 2902, -5602, 135.021, 0.09, 0, 0, 0, 0, 2700, 100, 1),
(81988, 176583, 1, 16, 4687.78, -5883, 107.947, 4.815, 0, 0, 0, 0, 2700, 100, 1),
(81989, 176583, 1, 16, 2285.05, -6393, 120.153, 2.316, 0, 0, 0, 0, 2700, 100, 1),
(81990, 176583, 1, 16, 4340.73, -5987, 97.807, 3.311, 0, 0, 0, 0, 2700, 100, 1),
(81991, 176583, 1, 16, 2493.99, -5758, 96.335, 3.506, 0, 0, 0, 0, 2700, 100, 1),
(81992, 176583, 1, 16, 2695.97, -6304, 100.129, 3.343, 0, 0, 0, 0, 2700, 100, 1),
(81993, 176583, 1, 16, 2774.17, -6205, 103.99, 5.517, 0, 0, 0, 0, 2700, 100, 1),
(81994, 176583, 1, 16, 4233.74, -5338, 123.977, 0.161, 0, 0, 0, 0, 2700, 100, 1),
(81995, 176583, 1, 16, 4503.55, -5485, 109.449, 5.271, 0, 0, 0, 0, 2700, 100, 1),
(81996, 176584, 1, 16, 2835.71, -6087, 114.257, 5.569, 0, 0, 0, 0, 2700, 100, 1),
(81997, 176584, 1, 16, 3064.52, -4205.88, 95.2881, 0.453786, 0, 0, 0.224951, 0.97437, 2700, 100, 1),
(81998, 176584, 1, 16, 4807.49, -6508, 111.356, 1.521, 0, 0, 0, 0, 2700, 100, 1),
(81999, 176584, 1, 16, 3481.07, -4667, 104.919, 4.694, 0, 0, 0, 0, 2700, 100, 1),
(82000, 176584, 1, 16, 3395.5, -4754, 114.999, 4.662, 0, 0, 0, 0, 2700, 100, 1),
(82001, 176584, 1, 16, 2356.51, -6499, 109.369, 4.061, 0, 0, 0, 0, 2700, 100, 1),
(82002, 176584, 1, 16, 2358.53, -6505, 111.212, 3.004, 0, 0, 0, 0, 2700, 100, 1),
(82003, 176584, 1, 16, 4839.98, -6575, 102.549, 1.254, 0, 0, 0, 0, 2700, 100, 1),
(82004, 176584, 1, 16, 4564, -7212, 130.423, 5.743, 0, 0, 0, 0, 2700, 100, 1),
(82005, 176584, 1, 16, 4547.05, -7299, 107.264, 5.912, 0, 0, 0, 0, 2700, 100, 1),
(82006, 176584, 1, 16, 2623.7, -4357, 127.403, 3.679, 0, 0, 0, 0, 2700, 100, 1),
(82007, 176584, 1, 16, 4542.17, -6798, 138.795, 6.272, 0, 0, 0, 0, 2700, 100, 1),
(82008, 176584, 1, 16, 4227.84, -7043, 101.766, 4.451, 0, 0, 0, 0, 2700, 100, 1),
(82009, 176584, 1, 16, 4215.04, -6945, 88.128, 3.489, 0, 0, 0, 0, 2700, 100, 1),
(82010, 176584, 1, 16, 4653.64, -7380, 105.131, 3.191, 0, 0, 0, 0, 2700, 100, 1),
(82011, 176584, 1, 16, 3525.2, -4661.24, 101.48, 3.4034, 0, 0, -0.991445, 0.130528, 300, 100, 1),
(82012, 176584, 1, 16, 4559.18, -7352, 100.696, 6.061, 0, 0, 0, 0, 2700, 100, 1),
(82013, 176584, 1, 16, 3360.74, -4754, 103.906, 1.277, 0, 0, 0, 0, 2700, 100, 1),
(82014, 176584, 1, 16, 4771.15, -6153, 93.923, 0.921, 0, 0, 0, 0, 2700, 100, 1),
(82015, 176584, 1, 16, 4690.74, -6179, 107.378, 5.072, 0, 0, 0, 0, 2700, 100, 1),
(82016, 176584, 1, 16, 4767.41, -6149, 93.042, 1.518, 0, 0, 0, 0, 2700, 100, 1),
(82017, 176584, 1, 16, 4777.32, -6152, 93.505, 2.578, 0, 0, 0, 0, 2700, 100, 1),
(82018, 176584, 1, 16, 4724.17, -5427, 104.883, 0.132, 0, 0, 0, 0, 2700, 100, 1),
(82019, 176584, 1, 16, 4140.92, -5486, 104.239, 5.783, 0, 0, 0, 0, 2700, 100, 1),
(82020, 176584, 1, 16, 3373.61, -4798.87, 110.855, 2.02458, 0, 0, 0.848047, 0.529921, 300, 100, 1),
(82021, 176584, 1, 16, 2715.49, -6143, 102.445, 0.715, 0, 0, 0, 0, 2700, 100, 1),
(82022, 176584, 1, 16, 4714.69, -7350, 69.885, 3.819, 0, 0, 0, 0, 2700, 100, 1),
(82023, 176584, 1, 16, 4714.9, -7356, 69.463, 2.959, 0, 0, 0, 0, 2700, 100, 1),
(82024, 176584, 1, 16, 4354.83, -6660, 101.211, 6.226, 0, 0, 0, 0, 2700, 100, 1),
(82025, 176584, 1, 16, 4286.76, -6813, 91.767, 5.154, 0, 0, 0, 0, 2700, 100, 1),
(82026, 176584, 1, 16, 4350.75, -6867.52, 95.177, 3.01941, 0, 0, 0.998135, 0.0610518, 300, 100, 1),
(82027, 176584, 1, 16, 3544.75, -4214, 103.858, 2.437, 0, 0, 0, 0, 2700, 100, 1),
(82028, 176583, 1, 16, 3817.59, -5242.69, 99.2626, 2.87979, 0, 0, 0.991445, 0.130528, 300, 100, 1),
(82029, 176584, 1, 16, 4794.78, -6448, 112.592, 0.803, 0, 0, 0, 0, 2700, 100, 1),
(82030, 176583, 1, 16, 3710.2, -5181.4, 86.6548, 3.90954, 0, 0, -0.927183, 0.374608, 300, 100, 1),
(82031, 176583, 1, 16, 4512.31, -5480, 107.13, 0.663223, 0, 0, 0.325567, 0.945519, 300, 100, 1),
(82032, 176584, 1, 16, 4378.99, -5853, 97.75, 4.726, 0, 0, 0, 0, 2700, 100, 1),
(82033, 176583, 1, 16, 3423.77, -4651.64, 102.226, 4.55531, 0, 0, -0.760406, 0.649449, 300, 100, 1),
(82034, 176584, 1, 16, 3823.05, -4913, 148.479, 0.502, 0, 0, 0, 0, 2700, 100, 1),
(82035, 176584, 1, 16, 3828.21, -4918, 147.75, 0.461, 0, 0, 0, 0, 2700, 100, 1),
(82036, 176584, 1, 16, 3833.11, -4920, 146.167, 1.313, 0, 0, 0, 0, 2700, 100, 1),
(82037, 176584, 1, 16, 4405.43, -6057, 94.867, 5.5, 0, 0, 0, 0, 2700, 100, 1),
(82038, 176584, 1, 16, 2760.04, -5919, 99.207, 0.408, 0, 0, 0, 0, 2700, 100, 1),
(82039, 176584, 1, 16, 4729.15, -7482, 81.26, 0.722, 0, 0, 0, 0, 2700, 100, 1),
(82040, 176584, 1, 16, 3797.72, -4948.68, 145.915, 3.97935, 0, 0, -0.913545, 0.406738, 300, 100, 1),
(82041, 176584, 1, 16, 4726.98, -7472, 79.781, 5.662, 0, 0, 0, 0, 2700, 100, 1),
(82042, 176584, 1, 16, 4107.94, -5328, 109.341, 5.701, 0, 0, 0, 0, 2700, 100, 1),
(82043, 176584, 1, 16, 2782.8, -5948.4, 102.623, 3.54302, 0, 0, -0.979924, 0.19937, 300, 100, 1),
(82044, 176584, 1, 16, 2781.94, -5666, 131.616, 3.31, 0, 0, 0, 0, 2700, 100, 1),
(82045, 176583, 1, 16, 3426.97, -5096.9, 84.1595, 5.61996, 0, 0, -0.325567, 0.945519, 300, 100, 1),
(82046, 176584, 1, 16, 2519.39, -5814, 102.66, 4.091, 0, 0, 0, 0, 2700, 100, 1),
(82047, 176583, 1, 16, 3156.39, -5501.31, 97.2671, 6.07375, 0, 0, -0.104528, 0.994522, 300, 100, 1),
(82048, 176584, 1, 16, 3081.81, -5128, 136.26, 4.757, 0, 0, 0, 0, 2700, 100, 1),
(82049, 176584, 1, 16, 2776.73, -5672, 131.405, 4.08, 0, 0, 0, 0, 2700, 100, 1),
(82050, 176583, 1, 16, 3466.07, -5246.82, 86.1165, 6.05629, 0, 0, -0.113203, 0.993572, 300, 100, 1),
(82051, 176584, 1, 16, 4330.98, -5328, 123.209, 1.102, 0, 0, 0, 0, 2700, 100, 1),
(82052, 176584, 1, 16, 4725.31, -6254, 116.435, 1.231, 0, 0, 0, 0, 2700, 100, 1),
(82053, 176584, 1, 16, 3470.04, -4667, 105.863, 5.888, 0, 0, 0, 0, 2700, 100, 1),
(82054, 176584, 1, 16, 2865.75, -5735, 119.258, 4.641, 0, 0, 0, 0, 2700, 100, 1),
(82055, 176584, 1, 16, 2504.71, -5128, 120.247, 5.214, 0, 0, 0, 0, 2700, 100, 1),
(82056, 176584, 1, 16, 2631.68, -4746, 144.004, 4.629, 0, 0, 0, 0, 2700, 100, 1),
(82057, 176584, 1, 16, 4315.23, -6716, 93.117, 2.103, 0, 0, 0, 0, 2700, 100, 1),
(82058, 176584, 1, 16, 2757.4, -5249, 111.923, 0.772, 0, 0, 0, 0, 2700, 100, 1),
(82059, 176584, 1, 16, 2785.3, -5344, 118.276, 4.982, 0, 0, 0, 0, 2700, 100, 1),
(82060, 176584, 1, 16, 2780.56, -5347, 118.136, 5.281, 0, 0, 0, 0, 2700, 100, 1),
(82061, 176584, 1, 16, 2863.8, -5297, 132.352, 0.317, 0, 0, 0, 0, 2700, 100, 1),
(82062, 176584, 1, 16, 3380.01, -4381, 115.971, 3.124, 0, 0, 0, 0, 2700, 100, 1),
(82063, 176584, 1, 16, 2709.23, -5907, 97.617, 5.847, 0, 0, 0, 0, 2700, 100, 1),
(82064, 176584, 1, 16, 2672.46, -5838, 97.156, 2.067, 0, 0, 0, 0, 2700, 100, 1),
(82065, 176584, 1, 16, 3673.46, -4767, 120.337, 3.44, 0, 0, 0, 0, 2700, 100, 1),
(82066, 176584, 1, 16, 3672.09, -4774, 120.385, 3.397, 0, 0, 0, 0, 2700, 100, 1),
(82067, 176584, 1, 16, 3663.34, -4770, 119.203, 1.72, 0, 0, 0, 0, 2700, 100, 1),
(82068, 176584, 1, 16, 2606.43, -6009, 100.693, 3.612, 0, 0, 0, 0, 2700, 100, 1),
(82069, 176584, 1, 16, 4289.49, -5976, 97.288, 3.85, 0, 0, 0, 0, 2700, 100, 1),
(82070, 176584, 1, 16, 4286.45, -5972, 97.316, 3.854, 0, 0, 0, 0, 2700, 100, 1),
(82071, 176584, 1, 16, 2866.99, -5291, 132.087, 5.936, 0, 0, 0, 0, 2700, 100, 1),
(82072, 176584, 1, 16, 4709.7, -7350, 70.524, 5.641, 0, 0, 0, 0, 2700, 100, 1),
(82073, 176584, 1, 16, 4521.29, -7215, 107.229, 0.041, 0, 0, 0, 0, 2700, 100, 1),
(82074, 176584, 1, 16, 3395.1, -4277.85, 101.321, 4.41568, 0, 0, -0.803857, 0.594823, 300, 100, 1),
(82075, 176584, 1, 16, 3680.39, -4469, 119.659, 1.156, 0, 0, 0, 0, 2700, 100, 1),
(82076, 176584, 1, 16, 4514.05, -7213, 104.163, 0.524, 0, 0, 0, 0, 2700, 100, 1),
(82077, 176584, 1, 16, 2676.62, -6238, 90.627, 0.026, 0, 0, 0, 0, 2700, 100, 1),
(82078, 176584, 1, 16, 3467.39, -4674, 106.406, 6.147, 0, 0, 0, 0, 2700, 100, 1),
(82079, 176584, 1, 16, 2608.8, -6279.1, 100.791, 4.38078, 0, 0, -0.814116, 0.580703, 300, 100, 1),
(82080, 176584, 1, 16, 2508.63, -6182, 103.857, 6.016, 0, 0, 0, 0, 2700, 100, 1),
(82081, 176584, 1, 16, 2475.01, -6056, 101.026, 2.883, 0, 0, 0, 0, 2700, 100, 1),
(82082, 176584, 1, 16, 4284.9, -6739, 88.57, 0.383, 0, 0, 0, 0, 2700, 100, 1),
(82083, 176584, 1, 16, 4414.33, -5517, 102.414, 3.715, 0, 0, 0, 0, 2700, 100, 1),
(82084, 176584, 1, 16, 4413.4, -5523, 103.661, 3.122, 0, 0, 0, 0, 2700, 100, 1),
(82085, 176584, 1, 16, 3042.65, -4221, 93.947, 3.421, 0, 0, 0, 0, 2700, 100, 1),
(82086, 176584, 1, 16, 2597.33, -3966, 116.55, 2.938, 0, 0, 0, 0, 2700, 100, 1),
(82087, 176584, 1, 16, 4582.16, -6737, 139.64, 4.803, 0, 0, 0, 0, 2700, 100, 1),
(82088, 176584, 1, 16, 4576.68, -6725, 125.843, 4.842, 0, 0, 0, 0, 2700, 100, 1),
(82089, 176584, 1, 16, 2851.15, -4294, 101.951, 4.194, 0, 0, 0, 0, 2700, 100, 1),
(82090, 176584, 1, 16, 2875.58, -5661, 124.656, 5.336, 0, 0, 0, 0, 2700, 100, 1),
(82091, 176584, 1, 16, 3044.76, -4232, 94.188, 2.338, 0, 0, 0, 0, 2700, 100, 1),
(82092, 176584, 1, 16, 3186.53, -4250, 97.362, 6.083, 0, 0, 0, 0, 2700, 100, 1),
(82093, 176584, 1, 16, 4741.67, -7112, 90.474, 5.228, 0, 0, 0, 0, 2700, 100, 1),
(82094, 176584, 1, 16, 2641.49, -5585, 109.887, 2.768, 0, 0, 0, 0, 2700, 100, 1),
(82095, 176584, 1, 16, 4082.53, -5254, 105.303, 0.16, 0, 0, 0, 0, 2700, 100, 1),
(82096, 176584, 1, 16, 4079.06, -5248, 105.735, 5.822, 0, 0, 0, 0, 2700, 100, 1),
(82097, 176584, 1, 16, 4762.51, -7100, 91.305, 3.74, 0, 0, 0, 0, 2700, 100, 1),
(82098, 176584, 1, 16, 2624.13, -4363, 127.605, 3.766, 0, 0, 0, 0, 2700, 100, 1),
(82099, 176584, 1, 16, 4618.12, -5412, 108.74, 1.989, 0, 0, 0, 0, 2700, 100, 1),
(82100, 176586, 1, 16, 3395.93, -5017, 91.537, 1.629, 0, 0, 0, 0, 2700, 100, 1),
(82101, 176586, 1, 16, 4023.6, -5146, 117.122, 0.547, 0, 0, 0, 0, 2700, 100, 1),
(82102, 176586, 1, 16, 4176.83, -5313, 113.481, 1.954, 0, 0, 0, 0, 2700, 100, 1),
(82103, 176586, 1, 16, 4010.14, -5017.9, 149.252, 2.40855, 0, 0, 0.93358, 0.358368, 2700, 100, 1),
(82104, 176586, 1, 16, 4622.97, -6576, 102.635, 1.374, 0, 0, 0, 0, 2700, 100, 1),
(82105, 176586, 1, 16, 4504.46, -6866, 134.775, 5.21, 0, 0, 0, 0, 2700, 100, 1),
(82106, 176586, 1, 16, 2439.29, -5223, 134.032, 2.673, 0, 0, 0, 0, 2700, 100, 1),
(82107, 176586, 1, 16, 4424.21, -7347, 89.701, 2.075, 0, 0, 0, 0, 2700, 100, 1),
(82108, 176586, 1, 16, 4497.36, -6795, 125.098, 5.973, 0, 0, 0, 0, 2700, 100, 1),
(82109, 176586, 1, 16, 4315.12, -7010, 130.323, 2.679, 0, 0, 0, 0, 2700, 100, 1),
(82110, 176586, 1, 16, 3356.86, -5107, 87.101, 6.248, 0, 0, 0, 0, 2700, 100, 1),
(82111, 176586, 1, 16, 3206.77, -5227, 91.241, 3.486, 0, 0, 0, 0, 2700, 100, 1),
(82112, 176586, 1, 16, 3412.88, -5027, 89.134, 0.786, 0, 0, 0, 0, 2700, 100, 1),
(82113, 176586, 1, 16, 2438.66, -5215, 139.502, 2.727, 0, 0, 0, 0, 2700, 100, 1),
(82114, 176586, 1, 16, 4664.78, -7406, 87.527, 3.544, 0, 0, 0, 0, 2700, 100, 1),
(82115, 176586, 1, 16, 4724, -7376, 72.973, 6.272, 0, 0, 0, 0, 2700, 100, 1),
(82116, 176586, 1, 16, 4381.03, -5375, 125.238, 2.025, 0, 0, 0, 0, 2700, 100, 1),
(82117, 176586, 1, 16, 2854.45, -5517, 129.924, 4.491, 0, 0, 0, 0, 2700, 100, 1),
(82118, 176586, 1, 16, 2762.55, -5265, 111.103, 1.649, 0, 0, 0, 0, 2700, 100, 1),
(82119, 176586, 1, 16, 2490.74, -5386, 127.712, 3.887, 0, 0, 0, 0, 2700, 100, 1),
(82120, 176586, 1, 16, 4303.14, -5716, 101.063, 4.436, 0, 0, 0, 0, 2700, 100, 1),
(82121, 176586, 1, 16, 4270.92, -5704, 94.901, 2.666, 0, 0, 0, 0, 2700, 100, 1),
(82122, 176586, 1, 16, 4506.92, -5629, 105.59, 5.128, 0, 0, 0, 0, 2700, 100, 1),
(82123, 176586, 1, 16, 4460.03, -5610, 107.043, 2.73, 0, 0, 0, 0, 2700, 100, 1),
(82124, 176586, 1, 16, 4585.36, -5817, 107.888, 5.888, 0, 0, 0, 0, 2700, 100, 1),
(82125, 176586, 1, 16, 2972.15, -5070, 144.916, 1.583, 0, 0, 0, 0, 2700, 100, 1),
(82126, 176586, 1, 16, 4570.23, -5416, 102.998, 0.93, 0, 0, 0, 0, 2700, 100, 1),
(82127, 176586, 1, 16, 4292.04, -6836, 93.567, 2.659, 0, 0, 0, 0, 2700, 100, 1),
(82128, 176586, 1, 16, 3183.47, -4962, 156.032, 1.77, 0, 0, 0, 0, 2700, 100, 1),
(82129, 176586, 1, 16, 4214.21, -5703, 135.957, 2.83, 0, 0, 0, 0, 2700, 100, 1),
(82130, 176586, 1, 16, 4367.92, -5359, 128.033, 2.394, 0, 0, 0, 0, 2700, 100, 1),
(82131, 176586, 1, 16, 2480.01, -6295, 105.474, 3.654, 0, 0, 0, 0, 2700, 100, 1),
(82132, 176586, 1, 16, 3671.44, -4688, 124.917, 1.543, 0, 0, 0, 0, 2700, 100, 1),
(82133, 176586, 1, 16, 2826.83, -5550, 128.94, 4.074, 0, 0, 0, 0, 2700, 100, 1),
(82134, 176584, 1, 16, 4417.09, -5555.2, 112.553, 4.7822, 0, 0, -0.681998, 0.731354, 300, 100, 1),
(82135, 176586, 1, 16, 4238.82, -5316, 124.527, 0.403, 0, 0, 0, 0, 2700, 100, 1),
(82136, 176586, 1, 16, 4227.97, -5299, 124.851, 0.899, 0, 0, 0, 0, 2700, 100, 1),
(82137, 176586, 1, 16, 4237.7, -5307, 125.055, 6.181, 0, 0, 0, 0, 2700, 100, 1),
(82138, 176586, 1, 16, 2401.22, -5821, 113.884, 5.018, 0, 0, 0, 0, 2700, 100, 1),
(82139, 176586, 1, 16, 2530.82, -6143, 109.936, 5.43, 0, 0, 0, 0, 2700, 100, 1),
(82140, 176586, 1, 16, 3823.7, -4892, 149.321, 5.22, 0, 0, 0, 0, 2700, 100, 1),
(82141, 176586, 1, 16, 4392.09, -7136, 121.635, 2.018, 0, 0, 0, 0, 2700, 100, 1),
(82142, 176586, 1, 16, 3500.12, -4605, 100.686, 0.981, 0, 0, 0, 0, 2700, 100, 1),
(82143, 176586, 1, 16, 4746.42, -6256, 118.827, 0.421, 0, 0, 0, 0, 2700, 100, 1),
(82144, 176586, 1, 16, 4114.49, -5077.12, 147.331, 1.06465, 0, 0, 0.507538, 0.861629, 300, 100, 1),
(82145, 176586, 1, 16, 4689.2, -5365.06, 119.033, 5.42797, 0, 0, -0.414693, 0.909961, 300, 100, 1),
(82146, 176586, 1, 16, 3427.44, -4949.41, 147.959, 0.104719, 0, 0, 0.0523357, 0.99863, 300, 100, 1),
(82147, 176586, 1, 16, 2516.26, -6161.09, 113.564, 2.65289, 0, 0, 0.970295, 0.241925, 300, 100, 1),
(82148, 142140, 1, 16, 3336.85, -4491.03, 97.7367, 1.27409, 0, 0, 0.594822, 0.803857, 300, 100, 1),
(82149, 142140, 1, 16, 3788.44, -5311.64, 85.6851, 5.41052, 0, 0, -0.422618, 0.906308, 300, 100, 1),
(82150, 142140, 1, 16, 4675.05, -6700.34, 129.286, 1.23918, 0, 0, 0.580703, 0.814116, 300, 100, 1),
(82151, 142140, 1, 16, 4165.3, -7376.7, 11.9216, 4.7822, 0, 0, -0.681998, 0.731354, 300, 100, 1),
(82152, 142140, 1, 16, 3592.93, -4899.12, 125.755, 2.23402, 0, 0, 0.898793, 0.438373, 300, 100, 1),
(82153, 142140, 1, 16, 3145.88, -5256.87, 94.1848, 4.71239, 0, 0, -0.707107, 0.707107, 300, 100, 1),
(82154, 142140, 1, 16, 3276.13, -4601.25, 96.6221, 2.96704, 0, 0, 0.996194, 0.087165, 300, 100, 1),
(82155, 142140, 1, 16, 3797.78, -5155.82, 142.267, 0.191985, 0, 0, 0.0958452, 0.995396, 300, 100, 1),
(82156, 142140, 1, 16, 3375.36, -4901.83, 123.927, 0.209439, 0, 0, 0.104528, 0.994522, 300, 100, 1),
(82157, 142140, 1, 16, 3277.1, -5305.4, 88.0199, 0.767944, 0, 0, 0.374606, 0.927184, 300, 100, 1),
(82158, 142140, 1, 16, 2665.9, -4615.88, 135.965, 2.82743, 0, 0, 0.987688, 0.156436, 300, 100, 1),
(82159, 142140, 1, 16, 3580.77, -5089.3, 85.0643, 3.42085, 0, 0, -0.990268, 0.139175, 300, 100, 1),
(82160, 142142, 1, 16, 2810.06, -5282.85, 118.888, 0.820303, 0, 0, 0.398748, 0.91706, 300, 100, 1),
(82161, 142142, 1, 16, 3370.3, -4711.7, 101.066, 1.20428, 0, 0, 0.566406, 0.824126, 300, 100, 1),
(82162, 142142, 1, 16, 2679.59, -4379.12, 99.9001, 4.83456, 0, 0, -0.66262, 0.748956, 300, 100, 1),
(82163, 142142, 1, 16, 3275.16, -4960.6, 123.957, 6.03884, 0, 0, -0.121869, 0.992546, 300, 100, 1),
(82164, 142142, 1, 16, 3513.71, -4175.21, 102.224, 0.523598, 0, 0, 0.258819, 0.965926, 300, 100, 1),
(82165, 176583, 1, 16, 3634.74, -5081.17, 87.0803, -1.37881, 0, 0, 0.636078, -0.771625, 2700, 100, 1),
(82166, 176583, 1, 16, 3946.23, -5304.11, 126.736, 2.82743, 0, 0, 0.987688, 0.156436, 2700, 0, 1),
(82167, 176584, 1, 16, 2943.9, -4100.04, 104.091, 2.82743, 0, 0, 0.987688, 0.156436, 2700, 0, 1),
(82168, 176584, 1, 16, 3869.23, -5049.18, 130.781, 0, 0, 0, 0, 0, 2700, 0, 1),
(82169, 142140, 1, 16, 2993.69, -4190.96, 99.2725, 0.191985, 0, 0, 0.0958452, 0.995396, 2700, 0, 1),
(82170, 142140, 1, 16, 3248.19, -4352.48, 128.272, 2.67035, 0, 0, 0.972369, 0.233448, 2700, 0, 1),
(82171, 142140, 1, 16, 3435.67, -4595.98, 104.198, 1.64061, 0, 0, 0.731353, 0.681999, 2700, 0, 1),
(82172, 176586, 1, 16, 3507.2, -4555.06, 131.419, 0.314158, 0, 0, 0.156434, 0.987688, 2700, 0, 1),
(82173, 142142, 1, 16, 2952.15, -4158.74, 99.8019, 3.61284, 0, 0, -0.972369, 0.233448, 2700, 0, 1),
(82174, 142142, 1, 16, 3282.92, -4192.48, 106.894, 5.49779, 0, 0, -0.382683, 0.92388, 2700, 0, 1),
(82175, 142140, 1, 16, 3204.89, -4247.93, 99.6327, 2.80998, 0, 0, 0.986286, 0.165048, 2700, 100, 1),
(82176, 142140, 1, 16, 3675.66, -5029.68, 136.467, -0.645772, 0, 0, 0.317305, -0.948324, 2700, 100, 1),
(82177, 142140, 1, 16, 3315.58, -4962.54, 131.164, 0.20944, 0, 0, 0.104528, 0.994522, 2700, 100, 1),
(82178, 142140, 1, 16, 3361.59, -5132.17, 84.2104, -2.21657, 0, 0, 0.894934, -0.446198, 2700, 100, 1),
(82179, 142140, 1, 16, 3622.77, -5275.15, 89.2145, -0.506145, 0, 0, 0.25038, -0.968148, 2700, 100, 1),
(82180, 142140, 1, 16, 2610.3, -4881.27, 132.716, 2.82743, 0, 0, 0.987688, 0.156434, 2700, 100, 1),
(82181, 142140, 1, 16, 3288.32, -4790.74, 107.474, 2.05949, 0, 0, 0.857167, 0.515038, 2700, 100, 1),
(82182, 142140, 1, 16, 4285.62, -6302.4, 95.3237, 0.628319, 0, 0, 0.309017, 0.951057, 2700, 100, 1),
(82183, 142140, 1, 16, 3991.29, -5448, 123.459, 1.5708, 0, 0, 0.707107, 0.707107, 2700, 100, 1),
(82184, 142140, 1, 16, 3759.55, -5411.81, 89.4116, -0.174533, 0, 0, 0.087156, -0.996195, 2700, 100, 1),
(82185, 142140, 1, 16, 2863.35, -3968.87, 103.599, 0.698132, 0, 0, 0.34202, 0.939693, 2700, 100, 1),
(82186, 142140, 1, 16, 2451.66, -5261.07, 121.475, -1.36136, 0, 0, 0.629321, -0.777146, 2700, 100, 1),
(82187, 142142, 1, 16, 2973.39, -5389.39, 135.683, -2.25148, 0, 0, 0.902585, -0.430511, 2700, 100, 1),
(82188, 142142, 1, 16, 2501.93, -6072.88, 98.5135, -1.32645, 0, 0, 0.615661, -0.788011, 2700, 100, 1),
(82189, 142142, 1, 16, 2524.18, -5040.31, 123.574, 0.855211, 0, 0, 0.414693, 0.909961, 2700, 100, 1),
(82190, 142142, 1, 16, 2913.16, -5224.49, 126.914, 2.30383, 0, 0, 0.913545, 0.406737, 2700, 100, 1),
(82191, 142142, 1, 16, 4320.56, -5612.42, 126.583, -1.51844, 0, 0, 0.688354, -0.725374, 2700, 100, 1),
(82192, 142142, 1, 16, 2647.31, -4176.33, 128.608, -2.98451, 0, 0, 0.996917, -0.078459, 2700, 100, 1),
(82193, 142142, 1, 16, 2277.78, -6659.57, 118.987, -0.331612, 0, 0, 0.165048, -0.986286, 2700, 100, 1),
(82194, 142142, 1, 16, 4649.63, -6117.47, 101.234, -2.3911, 0, 0, 0.930418, -0.366501, 2700, 100, 1),
(82195, 142142, 1, 16, 3582.31, -4091.26, 103.303, -1.23918, 0, 0, 0.580703, -0.814116, 2700, 100, 1),
(82196, 142142, 1, 16, 3143.43, -4249.94, 101.546, 2.61799, 0, 0, 0.965926, 0.258819, 2700, 100, 1),
(82197, 142142, 1, 16, 4410.34, -6980.42, 110.771, 1.64061, 0, 0, 0.731354, 0.681998, 2700, 100, 1),
(82198, 142142, 1, 16, 2561.05, -6345.83, 109.91, -2.77507, 0, 0, 0.983255, -0.182235, 2700, 100, 1),
(82199, 176583, 1, 16, 2621.83, -6386.66, 109.354, 0.785398, 0, 0, 0.382683, 0.92388, 2700, 100, 1),
(82200, 176583, 1, 16, 2964.11, -5780.74, 136.449, -0.436333, 0, 0, 0.21644, -0.976296, 2700, 100, 1),
(82201, 176583, 1, 16, 2698.33, -6281.33, 98.2565, -0.20944, 0, 0, 0.104528, -0.994522, 2700, 100, 1),
(82202, 176583, 1, 16, 3271.39, -5162.53, 87.9368, 2.98451, 0, 0, 0.996917, 0.078459, 2700, 100, 1),
(82203, 176583, 1, 16, 2591.12, -5946.53, 95.5889, 0.191986, 0, 0, 0.095846, 0.995396, 2700, 100, 1),
(82204, 176583, 1, 16, 4230.98, -5325.32, 123.743, 1.43117, 0, 0, 0.656059, 0.75471, 2700, 100, 1),
(82205, 176583, 1, 16, 4451.28, -6437.44, 137.982, -1.20428, 0, 0, 0.566406, -0.824126, 2700, 100, 1),
(82206, 176583, 1, 16, 2858.43, -4037.38, 141.505, 0.453786, 0, 0, 0.224951, 0.97437, 2700, 100, 1),
(82207, 176584, 1, 16, 2798.42, -5184.54, 110.137, 2.19912, 0, 0, 0.891007, 0.453991, 2700, 100, 1),
(82208, 176584, 1, 16, 4121.51, -5536.76, 101.921, -1.23918, 0, 0, 0.580703, -0.814116, 2700, 100, 1),
(82209, 176584, 1, 16, 2848.59, -5696.3, 126.175, -0.314159, 0, 0, 0.156434, -0.987688, 2700, 100, 1),
(82210, 176584, 1, 16, 2485.09, -5689.86, 97.827, 1.36136, 0, 0, 0.62932, 0.777146, 2700, 100, 1),
(82211, 176584, 1, 16, 2592.36, -3962.94, 117.977, -0.017453, 0, 0, 0.008727, -0.999962, 2700, 100, 1),
(82212, 176584, 1, 16, 4734.83, -6070.69, 98.6446, 1.6057, 0, 0, 0.71934, 0.694658, 2700, 100, 1),
(82213, 176584, 1, 16, 3674.14, -4525.15, 120.568, 3.07178, 0, 0, 0.999391, 0.034899, 2700, 100, 1),
(82214, 176584, 1, 16, 4482.1, -7398.38, 81.6085, -1.39626, 0, 0, 0.642788, -0.766044, 2700, 100, 1),
(82215, 176584, 1, 16, 4586.42, -5479.83, 105.535, -0.698132, 0, 0, 0.34202, -0.939693, 2700, 100, 1),
(82216, 176584, 1, 16, 2384.02, -6498.93, 104.415, -2.96706, 0, 0, 0.996195, -0.087156, 2700, 100, 1),
(82217, 176584, 1, 16, 4435.7, -6692.37, 97.5533, -2.04204, 0, 0, 0.85264, -0.522498, 2700, 100, 1),
(82218, 176586, 1, 16, 4558.33, -6768.02, 152.348, 2.00713, 0, 0, 0.843391, 0.5373, 2700, 100, 1),
(82219, 176586, 1, 16, 4419.83, -7074.88, 159.626, -0.488692, 0, 0, 0.241922, -0.970296, 2700, 100, 1),
(82220, 176586, 1, 16, 2414.22, -5846.64, 133.958, 1.0472, 0, 0, 0.5, 0.866025, 2700, 100, 1),
(82221, 176586, 1, 16, 3015.68, -5577.93, 154.655, -2.35619, 0, 0, 0.92388, -0.382683, 2700, 100, 1),
(82222, 176586, 1, 16, 3780.21, -5183.21, 140.473, -0.418879, 0, 0, 0.207912, -0.978148, 2700, 100, 1),
(82223, 176586, 1, 16, 2998.39, -5031.8, 165.897, 2.1293, 0, 0, 0.87462, 0.48481, 2700, 100, 1),
(82224, 176586, 1, 16, 4479.73, -5381.61, 124.362, -2.60054, 0, 0, 0.96363, -0.267238, 2700, 100, 1),
(82225, 142140, 1, 16, 2861.47, -4010.64, 141.192, 3.927, 0, 0, -0.923879, 0.382686, 300, 100, 1),
(82226, 142142, 1, 16, 4821.41, -6690.78, 93.4824, 4.55531, 0, 0, -0.760406, 0.649449, 300, 100, 1);

-- Stonetalon Mountains
DELETE FROM `pool_gameobject` WHERE `pool_entry` IN (949);
DELETE FROM `pool_template` WHERE `entry` IN (949);
DELETE FROM `gameobject` WHERE `guid` IN (2131,2216,2605,2619,2738,2804,2860,2934,2935,2939,2947,2948,2949,2958,2959,2961,2962,2967,2975,2989,3002,3033,3040,3041,3045,3046,3048,3053,3057,3077,3081,3082,3084,3086,3131,3132,3136,3139,3140,3170,3172,3177,3178,3179,3191,3212,3217,3249,3250,3305,3310,3318,3321,3399,3412,3413,3415,3425,3428,3429,3437,3440,3443,3444,3445,3446,3447,3448,3449,3450,3460,3461,3462,3491,3509,3512,3532,3536,3565,3580,3606,3630,3631,3634,3659,3675,3679,3688,3690,3695,3696,3700,3701,3714,3716,3719,3731,3732,3737,3745,3747,3786,3787,3811,3826,3828,3829,3830,3831,3836,3837,3844,3845,3855,3856,3857,3864,3868,3887,3893,3902,3903,3909,3910,3912,3914,3922,3935,3936,3941,3943,3944,3945,3951,3954,3958,3960,3961,3967,3971,3987,3988,3989,3993,3994,4003,4005,4008,4014,4018,4019,4034,4035,4039,4041,4047,4049,4052,4054,4064,4070,4071,4077,4082,4092,4095,4107,4110,4135,4143,4145,4150,4152,4155,4160,4164,4165,4167,4169,4170,4185,4186,4194,4212,4216,4221,4229,4232,4239,4242,4248,4255,4261,4265,4283,4292,4303,4306,4317,4320,4339,4370,4417,4429,34156,40719,40720,40721,40722,44642,44647,44648,44658,44660,44661,44662,44663,44717,44718,44737,44741,47194,47195,47207,47208,47230,47231,47316,47317,47350,47357,47362,47364,47365,47370,47374,47376,47377,47378,47386,47388,47389,47399,47402,47411,47413,47416,47438,63299,63316,63317,63341,63342,63343,63345,63369,63370,63385,86260,86272,86273,86274,86277,86278,86293,86294,86295,86304,86305,86310,86311,86318,86325,86340,86345,87226,87227,87228,87236,87237,87238,87239,87240,87251,87253,87254,87255,87257,87260,87261,87262,87275,87276,87481);

-- Vmangos pools: (1085, 562, 563, 1088);
DELETE FROM `pool_template` WHERE `entry` BETWEEN 561 AND 564;
INSERT INTO `pool_template` (`entry`, `max_limit`, `description`) VALUES
(561, 15, 'Wild Steelbloom in Stonetalon'),
(562, 22, 'Bruiseweed in Stonetalon'),
(563, 10, 'Briarthorn in Stonetalon'),
(564, 8, 'Kingsblood in Stonetalon');

DELETE FROM `pool_gameobject` WHERE `guid` BETWEEN 82227 AND 82614;
INSERT INTO `pool_gameobject` (`guid`, `pool_entry`, `chance`, `description`) VALUES 
(82227, 563, 0, 'Briarthorn'),
(82228, 563, 0, 'Briarthorn'),
(82229, 563, 0, 'Briarthorn'),
(82230, 563, 0, 'Briarthorn'),
(82231, 563, 0, 'Briarthorn'),
(82232, 563, 0, 'Briarthorn'),
(82233, 563, 0, 'Briarthorn'),
(82234, 563, 0, 'Briarthorn'),
(82235, 563, 0, 'Briarthorn'),
(82236, 563, 0, 'Briarthorn'),
(82237, 563, 0, 'Briarthorn'),
(82238, 563, 0, 'Briarthorn'),
(82239, 563, 0, 'Briarthorn'),
(82240, 563, 0, 'Briarthorn'),
(82241, 563, 0, 'Briarthorn'),
(82242, 563, 0, 'Briarthorn'),
(82243, 563, 0, 'Briarthorn'),
(82244, 563, 0, 'Briarthorn'),
(82245, 563, 0, 'Briarthorn'),
(82246, 563, 0, 'Briarthorn'),
(82247, 563, 0, 'Briarthorn'),
(82248, 563, 0, 'Briarthorn'),
(82249, 563, 0, 'Briarthorn'),
(82250, 563, 0, 'Briarthorn'),
(82251, 562, 0, 'Bruiseweed'),
(82252, 562, 0, 'Bruiseweed'),
(82253, 562, 0, 'Bruiseweed'),
(82254, 562, 0, 'Bruiseweed'),
(82255, 562, 0, 'Bruiseweed'),
(82256, 562, 0, 'Bruiseweed'),
(82257, 562, 0, 'Bruiseweed'),
(82258, 562, 0, 'Bruiseweed'),
(82259, 562, 0, 'Bruiseweed'),
(82260, 562, 0, 'Bruiseweed'),
(82261, 562, 0, 'Bruiseweed'),
(82262, 562, 0, 'Bruiseweed'),
(82263, 562, 0, 'Bruiseweed'),
(82264, 562, 0, 'Bruiseweed'),
(82265, 562, 0, 'Bruiseweed'),
(82266, 562, 0, 'Bruiseweed'),
(82267, 562, 0, 'Bruiseweed'),
(82268, 562, 0, 'Bruiseweed'),
(82269, 562, 0, 'Bruiseweed'),
(82270, 562, 0, 'Bruiseweed'),
(82271, 562, 0, 'Bruiseweed'),
(82272, 562, 0, 'Bruiseweed'),
(82273, 562, 0, 'Bruiseweed'),
(82274, 562, 0, 'Bruiseweed'),
(82275, 562, 0, 'Bruiseweed'),
(82276, 562, 0, 'Bruiseweed'),
(82277, 562, 0, 'Bruiseweed'),
(82278, 562, 0, 'Bruiseweed'),
(82279, 562, 0, 'Bruiseweed'),
(82280, 562, 0, 'Bruiseweed'),
(82281, 562, 0, 'Bruiseweed'),
(82282, 562, 0, 'Bruiseweed'),
(82283, 562, 0, 'Bruiseweed'),
(82284, 562, 0, 'Bruiseweed'),
(82285, 562, 0, 'Bruiseweed'),
(82286, 562, 0, 'Bruiseweed'),
(82287, 562, 0, 'Bruiseweed'),
(82288, 562, 0, 'Bruiseweed'),
(82289, 562, 0, 'Bruiseweed'),
(82290, 562, 0, 'Bruiseweed'),
(82291, 562, 0, 'Bruiseweed'),
(82292, 562, 0, 'Bruiseweed'),
(82293, 562, 0, 'Bruiseweed'),
(82294, 562, 0, 'Bruiseweed'),
(82295, 562, 0, 'Bruiseweed'),
(82296, 562, 0, 'Bruiseweed'),
(82297, 562, 0, 'Bruiseweed'),
(82298, 562, 0, 'Bruiseweed'),
(82299, 562, 0, 'Bruiseweed'),
(82300, 562, 0, 'Bruiseweed'),
(82301, 562, 0, 'Bruiseweed'),
(82302, 562, 0, 'Bruiseweed'),
(82303, 562, 0, 'Bruiseweed'),
(82304, 562, 0, 'Bruiseweed'),
(82305, 562, 0, 'Bruiseweed'),
(82306, 562, 0, 'Bruiseweed'),
(82307, 562, 0, 'Bruiseweed'),
(82308, 562, 0, 'Bruiseweed'),
(82309, 562, 0, 'Bruiseweed'),
(82310, 562, 0, 'Bruiseweed'),
(82311, 562, 0, 'Bruiseweed'),
(82312, 562, 0, 'Bruiseweed'),
(82313, 562, 0, 'Bruiseweed'),
(82314, 562, 0, 'Bruiseweed'),
(82315, 562, 0, 'Bruiseweed'),
(82316, 562, 0, 'Bruiseweed'),
(82317, 562, 0, 'Bruiseweed'),
(82318, 562, 0, 'Bruiseweed'),
(82319, 562, 0, 'Bruiseweed'),
(82320, 562, 0, 'Bruiseweed'),
(82321, 562, 0, 'Bruiseweed'),
(82322, 562, 0, 'Bruiseweed'),
(82323, 562, 0, 'Bruiseweed'),
(82324, 562, 0, 'Bruiseweed'),
(82325, 562, 0, 'Bruiseweed'),
(82326, 562, 0, 'Bruiseweed'),
(82327, 562, 0, 'Bruiseweed'),
(82328, 562, 0, 'Bruiseweed'),
(82329, 562, 0, 'Bruiseweed'),
(82330, 562, 0, 'Bruiseweed'),
(82331, 562, 0, 'Bruiseweed'),
(82332, 562, 0, 'Bruiseweed'),
(82333, 562, 0, 'Bruiseweed'),
(82334, 562, 0, 'Bruiseweed'),
(82335, 562, 0, 'Bruiseweed'),
(82336, 562, 0, 'Bruiseweed'),
(82337, 562, 0, 'Bruiseweed'),
(82338, 562, 0, 'Bruiseweed'),
(82339, 562, 0, 'Bruiseweed'),
(82340, 562, 0, 'Bruiseweed'),
(82341, 562, 0, 'Bruiseweed'),
(82342, 562, 0, 'Bruiseweed'),
(82343, 562, 0, 'Bruiseweed'),
(82344, 562, 0, 'Bruiseweed'),
(82345, 562, 0, 'Bruiseweed'),
(82346, 562, 0, 'Bruiseweed'),
(82347, 562, 0, 'Bruiseweed'),
(82348, 562, 0, 'Bruiseweed'),
(82349, 562, 0, 'Bruiseweed'),
(82350, 562, 0, 'Bruiseweed'),
(82351, 562, 0, 'Bruiseweed'),
(82352, 562, 0, 'Bruiseweed'),
(82353, 562, 0, 'Bruiseweed'),
(82354, 562, 0, 'Bruiseweed'),
(82355, 562, 0, 'Bruiseweed'),
(82356, 562, 0, 'Bruiseweed'),
(82357, 562, 0, 'Bruiseweed'),
(82358, 562, 0, 'Bruiseweed'),
(82359, 562, 0, 'Bruiseweed'),
(82360, 562, 0, 'Bruiseweed'),
(82361, 562, 0, 'Bruiseweed'),
(82362, 562, 0, 'Bruiseweed'),
(82363, 562, 0, 'Bruiseweed'),
(82364, 562, 0, 'Bruiseweed'),
(82365, 562, 0, 'Bruiseweed'),
(82366, 562, 0, 'Bruiseweed'),
(82367, 562, 0, 'Bruiseweed'),
(82368, 562, 0, 'Bruiseweed'),
(82369, 562, 0, 'Bruiseweed'),
(82370, 562, 0, 'Bruiseweed'),
(82371, 562, 0, 'Bruiseweed'),
(82372, 562, 0, 'Bruiseweed'),
(82373, 562, 0, 'Bruiseweed'),
(82374, 562, 0, 'Bruiseweed'),
(82375, 562, 0, 'Bruiseweed'),
(82376, 562, 0, 'Bruiseweed'),
(82377, 562, 0, 'Bruiseweed'),
(82378, 562, 0, 'Bruiseweed'),
(82379, 562, 0, 'Bruiseweed'),
(82380, 562, 0, 'Bruiseweed'),
(82381, 562, 0, 'Bruiseweed'),
(82382, 562, 0, 'Bruiseweed'),
(82383, 562, 0, 'Bruiseweed'),
(82384, 562, 0, 'Bruiseweed'),
(82385, 562, 0, 'Bruiseweed'),
(82386, 562, 0, 'Bruiseweed'),
(82387, 562, 0, 'Bruiseweed'),
(82388, 562, 0, 'Bruiseweed'),
(82389, 562, 0, 'Bruiseweed'),
(82390, 562, 0, 'Bruiseweed'),
(82391, 562, 0, 'Bruiseweed'),
(82392, 562, 0, 'Bruiseweed'),
(82393, 562, 0, 'Bruiseweed'),
(82394, 562, 0, 'Bruiseweed'),
(82395, 562, 0, 'Bruiseweed'),
(82396, 562, 0, 'Bruiseweed'),
(82397, 562, 0, 'Bruiseweed'),
(82398, 562, 0, 'Bruiseweed'),
(82399, 562, 0, 'Bruiseweed'),
(82400, 561, 0, 'Wild Steelbloom'),
(82401, 561, 0, 'Wild Steelbloom'),
(82402, 561, 0, 'Wild Steelbloom'),
(82403, 561, 0, 'Wild Steelbloom'),
(82404, 561, 0, 'Wild Steelbloom'),
(82405, 561, 0, 'Wild Steelbloom'),
(82406, 561, 0, 'Wild Steelbloom'),
(82407, 561, 0, 'Wild Steelbloom'),
(82408, 561, 0, 'Wild Steelbloom'),
(82409, 561, 0, 'Wild Steelbloom'),
(82410, 561, 0, 'Wild Steelbloom'),
(82411, 561, 0, 'Wild Steelbloom'),
(82412, 561, 0, 'Wild Steelbloom'),
(82413, 561, 0, 'Wild Steelbloom'),
(82414, 561, 0, 'Wild Steelbloom'),
(82415, 561, 0, 'Wild Steelbloom'),
(82416, 561, 0, 'Wild Steelbloom'),
(82417, 561, 0, 'Wild Steelbloom'),
(82418, 561, 0, 'Wild Steelbloom'),
(82419, 561, 0, 'Wild Steelbloom'),
(82420, 561, 0, 'Wild Steelbloom'),
(82421, 561, 0, 'Wild Steelbloom'),
(82422, 561, 0, 'Wild Steelbloom'),
(82423, 561, 0, 'Wild Steelbloom'),
(82424, 561, 0, 'Wild Steelbloom'),
(82425, 561, 0, 'Wild Steelbloom'),
(82426, 561, 0, 'Wild Steelbloom'),
(82427, 561, 0, 'Wild Steelbloom'),
(82428, 561, 0, 'Wild Steelbloom'),
(82429, 561, 0, 'Wild Steelbloom'),
(82430, 561, 0, 'Wild Steelbloom'),
(82431, 561, 0, 'Wild Steelbloom'),
(82432, 561, 0, 'Wild Steelbloom'),
(82433, 561, 0, 'Wild Steelbloom'),
(82434, 561, 0, 'Wild Steelbloom'),
(82435, 561, 0, 'Wild Steelbloom'),
(82436, 561, 0, 'Wild Steelbloom'),
(82437, 561, 0, 'Wild Steelbloom'),
(82438, 561, 0, 'Wild Steelbloom'),
(82439, 561, 0, 'Wild Steelbloom'),
(82440, 561, 0, 'Wild Steelbloom'),
(82441, 561, 0, 'Wild Steelbloom'),
(82442, 561, 0, 'Wild Steelbloom'),
(82443, 561, 0, 'Wild Steelbloom'),
(82444, 561, 0, 'Wild Steelbloom'),
(82445, 561, 0, 'Wild Steelbloom'),
(82446, 561, 0, 'Wild Steelbloom'),
(82447, 561, 0, 'Wild Steelbloom'),
(82448, 561, 0, 'Wild Steelbloom'),
(82449, 561, 0, 'Wild Steelbloom'),
(82450, 561, 0, 'Wild Steelbloom'),
(82451, 561, 0, 'Wild Steelbloom'),
(82452, 561, 0, 'Wild Steelbloom'),
(82453, 561, 0, 'Wild Steelbloom'),
(82454, 561, 0, 'Wild Steelbloom'),
(82455, 561, 0, 'Wild Steelbloom'),
(82456, 561, 0, 'Wild Steelbloom'),
(82457, 561, 0, 'Wild Steelbloom'),
(82458, 561, 0, 'Wild Steelbloom'),
(82459, 561, 0, 'Wild Steelbloom'),
(82460, 561, 0, 'Wild Steelbloom'),
(82461, 561, 0, 'Wild Steelbloom'),
(82462, 561, 0, 'Wild Steelbloom'),
(82463, 561, 0, 'Wild Steelbloom'),
(82464, 561, 0, 'Wild Steelbloom'),
(82465, 561, 0, 'Wild Steelbloom'),
(82466, 561, 0, 'Wild Steelbloom'),
(82467, 561, 0, 'Wild Steelbloom'),
(82468, 561, 0, 'Wild Steelbloom'),
(82469, 561, 0, 'Wild Steelbloom'),
(82470, 561, 0, 'Wild Steelbloom'),
(82471, 561, 0, 'Wild Steelbloom'),
(82472, 561, 0, 'Wild Steelbloom'),
(82473, 561, 0, 'Wild Steelbloom'),
(82474, 561, 0, 'Wild Steelbloom'),
(82475, 561, 0, 'Wild Steelbloom'),
(82476, 561, 0, 'Wild Steelbloom'),
(82477, 564, 0, 'Kingsblood'),
(82478, 564, 0, 'Kingsblood'),
(82479, 564, 0, 'Kingsblood'),
(82480, 564, 0, 'Kingsblood'),
(82481, 564, 0, 'Kingsblood'),
(82482, 564, 0, 'Kingsblood'),
(82483, 564, 0, 'Kingsblood'),
(82484, 564, 0, 'Kingsblood'),
(82485, 564, 0, 'Kingsblood'),
(82486, 564, 0, 'Kingsblood'),
(82487, 563, 0, 'Briarthorn'),
(82488, 563, 0, 'Briarthorn'),
(82489, 563, 0, 'Briarthorn'),
(82490, 563, 0, 'Briarthorn'),
(82491, 563, 0, 'Briarthorn'),
(82492, 563, 0, 'Briarthorn'),
(82493, 563, 0, 'Briarthorn'),
(82494, 563, 0, 'Briarthorn'),
(82495, 562, 0, 'Bruiseweed'),
(82496, 562, 0, 'Bruiseweed'),
(82497, 562, 0, 'Bruiseweed'),
(82498, 562, 0, 'Bruiseweed'),
(82499, 562, 0, 'Bruiseweed'),
(82500, 562, 0, 'Bruiseweed'),
(82501, 562, 0, 'Bruiseweed'),
(82502, 562, 0, 'Bruiseweed'),
(82503, 562, 0, 'Bruiseweed'),
(82504, 562, 0, 'Bruiseweed'),
(82505, 562, 0, 'Bruiseweed'),
(82506, 562, 0, 'Bruiseweed'),
(82507, 562, 0, 'Bruiseweed'),
(82508, 562, 0, 'Bruiseweed'),
(82509, 562, 0, 'Bruiseweed'),
(82510, 562, 0, 'Bruiseweed'),
(82511, 562, 0, 'Bruiseweed'),
(82512, 562, 0, 'Bruiseweed'),
(82513, 562, 0, 'Bruiseweed'),
(82514, 562, 0, 'Bruiseweed'),
(82515, 562, 0, 'Bruiseweed'),
(82516, 562, 0, 'Bruiseweed'),
(82517, 562, 0, 'Bruiseweed'),
(82518, 562, 0, 'Bruiseweed'),
(82519, 562, 0, 'Bruiseweed'),
(82520, 564, 0, 'Kingsblood'),
(82521, 564, 0, 'Kingsblood'),
(82522, 564, 0, 'Kingsblood'),
(82523, 562, 0, 'Bruiseweed'),
(82524, 561, 0, 'Wild Steelbloom'),
(82525, 561, 0, 'Wild Steelbloom'),
(82526, 561, 0, 'Wild Steelbloom'),
(82527, 561, 0, 'Wild Steelbloom'),
(82528, 561, 0, 'Wild Steelbloom'),
(82529, 561, 0, 'Wild Steelbloom'),
(82530, 561, 0, 'Wild Steelbloom'),
(82531, 561, 0, 'Wild Steelbloom'),
(82532, 561, 0, 'Wild Steelbloom'),
(82533, 561, 0, 'Wild Steelbloom'),
(82534, 561, 0, 'Wild Steelbloom'),
(82535, 561, 0, 'Wild Steelbloom'),
(82536, 561, 0, 'Wild Steelbloom'),
(82537, 561, 0, 'Wild Steelbloom'),
(82538, 561, 0, 'Wild Steelbloom'),
(82539, 561, 0, 'Wild Steelbloom'),
(82540, 561, 0, 'Wild Steelbloom'),
(82541, 561, 0, 'Wild Steelbloom'),
(82542, 561, 0, 'Wild Steelbloom'),
(82543, 562, 0, 'Bruiseweed'),
(82544, 562, 0, 'Bruiseweed'),
(82545, 564, 0, 'Kingsblood'),
(82546, 564, 0, 'Kingsblood'),
(82547, 562, 0, 'Bruiseweed'),
(82548, 564, 0, 'Kingsblood'),
(82549, 562, 0, 'Bruiseweed'),
(82550, 561, 0, 'Wild Steelbloom'),
(82551, 563, 0, 'Briarthorn'),
(82552, 563, 0, 'Briarthorn'),
(82553, 563, 0, 'Briarthorn'),
(82554, 563, 0, 'Briarthorn'),
(82555, 563, 0, 'Briarthorn'),
(82556, 563, 0, 'Briarthorn'),
(82557, 563, 0, 'Briarthorn'),
(82558, 563, 0, 'Briarthorn'),
(82559, 563, 0, 'Briarthorn'),
(82560, 563, 0, 'Briarthorn'),
(82561, 562, 0, 'Bruiseweed'),
(82562, 563, 0, 'Briarthorn'),
(82563, 562, 0, 'Bruiseweed'),
(82564, 562, 0, 'Bruiseweed'),
(82565, 562, 0, 'Bruiseweed'),
(82566, 562, 0, 'Bruiseweed'),
(82567, 562, 0, 'Bruiseweed'),
(82568, 562, 0, 'Bruiseweed'),
(82569, 562, 0, 'Bruiseweed'),
(82570, 562, 0, 'Bruiseweed'),
(82571, 562, 0, 'Bruiseweed'),
(82572, 562, 0, 'Bruiseweed'),
(82573, 562, 0, 'Bruiseweed'),
(82574, 561, 0, 'Wild Steelbloom'),
(82575, 561, 0, 'Wild Steelbloom'),
(82576, 561, 0, 'Wild Steelbloom'),
(82577, 561, 0, 'Wild Steelbloom'),
(82578, 561, 0, 'Wild Steelbloom'),
(82579, 561, 0, 'Wild Steelbloom'),
(82580, 561, 0, 'Wild Steelbloom'),
(82581, 561, 0, 'Wild Steelbloom'),
(82582, 561, 0, 'Wild Steelbloom'),
(82583, 561, 0, 'Wild Steelbloom'),
(82584, 561, 0, 'Wild Steelbloom'),
(82585, 564, 0, 'Kingsblood'),
(82586, 564, 0, 'Kingsblood'),
(82587, 564, 0, 'Kingsblood'),
(82588, 564, 0, 'Kingsblood'),
(82589, 564, 0, 'Kingsblood'),
(82590, 564, 0, 'Kingsblood'),
(82591, 564, 0, 'Kingsblood'),
(82592, 564, 0, 'Kingsblood'),
(82593, 564, 0, 'Kingsblood'),
(82594, 564, 0, 'Kingsblood'),
(82595, 564, 0, 'Kingsblood'),
(82596, 564, 0, 'Kingsblood'),
(82597, 564, 0, 'Kingsblood'),
(82598, 564, 0, 'Kingsblood'),
(82599, 564, 0, 'Kingsblood'),
(82600, 564, 0, 'Kingsblood'),
(82601, 564, 0, 'Kingsblood'),
(82602, 564, 0, 'Kingsblood'),
(82603, 564, 0, 'Kingsblood'),
(82604, 564, 0, 'Kingsblood'),
(82605, 561, 0, 'Wild Steelbloom'),
(82606, 563, 0, 'Briarthorn'),
(82607, 563, 0, 'Briarthorn'),
(82608, 563, 0, 'Briarthorn'),
(82609, 562, 0, 'Bruiseweed'),
(82610, 562, 0, 'Bruiseweed'),
(82611, 564, 0, 'Kingsblood'),
(82612, 564, 0, 'Kingsblood'),
(82613, 564, 0, 'Kingsblood'),
(82614, 564, 0, 'Kingsblood');

DELETE FROM `gameobject` WHERE `zoneId`=406 AND `guid` BETWEEN 82227 AND 82614;
INSERT INTO `gameobject` (`guid`, `id`, `map`, `zoneId`, `position_x`, `position_y`, `position_z`, `orientation`, `rotation0`, `rotation1`, `rotation2`, `rotation3`, `spawntimesecs`, `animprogress`, `state`) VALUES
(82227, 1621, 1, 406, 2052.25, -930, 97.923, 6.235, 0, 0, 0, 0, 900, 100, 1),
(82228, 1621, 1, 406, 2175.57, -667, 113.112, 0.321, 0, 0, 0, 0, 900, 100, 1),
(82229, 1621, 1, 406, 2201, 132.917, 116.912, 3.287, 0, 0, 0, 0, 900, 100, 1),
(82230, 1621, 1, 406, 2060.75, -346, 95.264, 2.681, 0, 0, 0, 0, 900, 100, 1),
(82231, 1621, 1, 406, 217.269, -1454, 91.845, 1.86, 0, 0, 0, 0, 900, 100, 1),
(82232, 1621, 1, 406, 1449.75, 1006.43, 148.514, 3.82227, 0, 0, -0.942641, 0.333808, 900, 100, 1),
(82233, 1621, 1, 406, 373.466, -1437, 91.667, 2.077, 0, 0, 0, 0, 900, 100, 1),
(82234, 1621, 1, 406, 482.921, -1291, 93.613, 4.886, 0, 0, 0, 0, 900, 100, 1),
(82235, 1621, 1, 406, 628.297, 1829.4, -10, -1, 0, 0, -0.522499, 0.85264, 900, 100, 1),
(82236, 1621, 1, 406, 2665.69, 494.243, 66.973, 3.634, 0, 0, 0, 0, 900, 100, 1),
(82237, 1621, 1, 406, 1923.19, -488, 116.729, 4.412, 0, 0, 0, 0, 900, 100, 1),
(82238, 1621, 1, 406, 555.885, -1178, 92.182, 1.992, 0, 0, 0, 0, 900, 100, 1),
(82239, 1621, 1, 406, 617.073, -1415, 91.667, 1.557, 0, 0, 0, 0, 900, 100, 1),
(82240, 1621, 1, 406, 1075.61, 644.469, 131.669, 4.92183, 0, 0, -0.62932, 0.777146, 900, 100, 1),
(82241, 1621, 1, 406, 762.954, -1321, 91.667, 2.857, 0, 0, 0, 0, 900, 100, 1),
(82242, 1621, 1, 406, 1949.76, -510, 114.735, 4.203, 0, 0, 0, 0, 900, 100, 1),
(82243, 1621, 1, 406, 23.016, -1412, 91.863, 0.351, 0, 0, 0, 0, 900, 100, 1),
(82244, 1621, 1, 406, 647.366, 322.421, 49.6054, 2.11185, 0, 0, 0.870356, 0.492424, 900, 100, 1),
(82245, 1621, 1, 406, -213.583, -511.994, 10.9339, 2.25147, 0, 0, 0.902585, 0.430512, 900, 255, 1),
(82246, 1621, 1, 406, 284.004, 238.587, 68.6627, 3.76991, 0, 0, -0.951056, 0.309017, 900, 255, 1),
(82247, 1621, 1, 406, 1839.3, 957.335, 149.863, 5.02655, 0, 0, -0.587785, 0.809017, 900, 255, 1),
(82248, 1621, 1, 406, 907.072, 1553.71, -15.2808, 2.44346, 0, 0, 0.939692, 0.34202, 900, 100, 1),
(82249, 1621, 1, 406, 2196.35, -197, 100.57, 1.705, 0, 0, 0, 0, 900, 100, 1),
(82250, 1621, 1, 406, 65.29, -1492, 91.667, 1.134, 0, 0, 0, 0, 900, 100, 1),
(82251, 1622, 1, 406, 2337.95, 214.029, 154.468, 5.023, 0, 0, 0, 0, 1800, 100, 1),
(82252, 1622, 1, 406, 2300.08, 195.726, 153.278, 0.306, 0, 0, 0, 0, 1800, 100, 1),
(82253, 1622, 1, 406, -72, -706, -1, 0.09, 0, 0, 0, 0, 1800, 100, 1),
(82254, 1622, 1, 406, -128, -650, -2, 4.766, 0, 0, 0, 0, 1800, 100, 1),
(82255, 1622, 1, 406, 1256.12, 1449.92, 79.18, 3.889, 0, 0, 0, 0, 1800, 100, 1),
(82256, 1622, 1, 406, 1190.11, 2.812, -3, 4.107, 0, 0, 0, 0, 1800, 100, 1),
(82257, 1622, 1, 406, 1302.08, -20, 7.12, 6.047, 0, 0, 0, 0, 1800, 100, 1),
(82258, 1622, 1, 406, 994.722, 280.564, 25.246, 0.116, 0, 0, 0, 0, 1800, 100, 1),
(82259, 1622, 1, 406, 633.545, -1206, 93.981, 1.318, 0, 0, 0, 0, 1800, 100, 1),
(82260, 1622, 1, 406, 2672.75, 1638.94, 291.857, 0.967, 0, 0, 0, 0, 1800, 100, 1),
(82261, 1622, 1, 406, 2716.43, 1704.67, 303.637, 5.208, 0, 0, 0, 0, 1800, 100, 1),
(82262, 1622, 1, 406, 2485.76, 1769.53, 356.511, 1.489, 0, 0, 0, 0, 1800, 100, 1),
(82263, 1622, 1, 406, 2401.77, 1771.02, 399.256, 3.504, 0, 0, 0, 0, 1800, 100, 1),
(82264, 1622, 1, 406, 1543.61, 1261.2, 156.176, 1.016, 0, 0, 0, 0, 1800, 100, 1),
(82265, 1622, 1, 406, -185.075, -496.055, 9.14996, 3.57793, 0, 0, -0.976295, 0.216442, 1800, 255, 1),
(82266, 1622, 1, 406, 1548.09, 1351.02, 161.156, 1.507, 0, 0, 0, 0, 1800, 100, 1),
(82267, 1622, 1, 406, 1340.1, 1484.03, 114.717, 3.944, 0, 0, 0, 0, 1800, 100, 1),
(82268, 1622, 1, 406, 836.121, 1487.42, -9, 0.849, 0, 0, 0, 0, 1800, 100, 1),
(82269, 1622, 1, 406, 592.031, -1486, 91.744, 2.27, 0, 0, 0, 0, 1800, 100, 1),
(82270, 1622, 1, 406, 2369.78, -694, 142.775, 1.7, 0, 0, 0, 0, 1800, 100, 1),
(82271, 1622, 1, 406, 1024.98, -386, -6, 4.636, 0, 0, 0, 0, 1800, 100, 1),
(82272, 1622, 1, 406, 2174.69, -1409, 92.2, 3.323, 0, 0, 0, 0, 1800, 100, 1),
(82273, 1622, 1, 406, 157.598, 186.458, 58.983, 4.46, 0, 0, 0, 0, 1800, 100, 1),
(82274, 1622, 1, 406, 161.987, 230.492, 84.15, 4.043, 0, 0, 0, 0, 1800, 100, 1),
(82275, 1622, 1, 406, 2357.93, -1350, 94.678, 1.348, 0, 0, 0, 0, 1800, 100, 1),
(82276, 1622, 1, 406, 1366.04, -258, -2, 1.73, 0, 0, 0, 0, 1800, 100, 1),
(82277, 1622, 1, 406, 552.777, 376.555, 58.61, 3.223, 0, 0, 0, 0, 1800, 100, 1),
(82278, 1622, 1, 406, 129.744, -870, 2.829, 2.27, 0, 0, 0, 0, 1800, 100, 1),
(82279, 1622, 1, 406, 2344.62, 1492.44, 282.472, 2.377, 0, 0, 0, 0, 1800, 100, 1),
(82280, 1622, 1, 406, -12, -709, -16, 2.391, 0, 0, 0.930417, 0.366501, 1800, 100, 1),
(82281, 1622, 1, 406, 2223.03, -1087, 100.053, 1.838, 0, 0, 0, 0, 1800, 100, 1),
(82282, 1622, 1, 406, 1285.63, 1439.63, 96.9013, 1.46608, 0, 0, 0.66913, 0.743145, 1800, 100, 1),
(82283, 1622, 1, 406, 977.388, 1760.44, 5.853, 2.122, 0, 0, 0, 0, 1800, 100, 1),
(82284, 1622, 1, 406, 1054.98, 1762.48, 11.338, 6.064, 0, 0, 0, 0, 1800, 100, 1),
(82285, 1622, 1, 406, -23, -107, 25.517, 1.562, 0, 0, 0, 0, 1800, 100, 1),
(82286, 1622, 1, 406, 2238.38, 1387.83, 279.84, 0.826, 0, 0, 0, 0, 1800, 100, 1),
(82287, 1622, 1, 406, -279, 728.75, 89.865, 0.884, 0, 0, 0, 0, 1800, 100, 1),
(82288, 1622, 1, 406, 119.512, -362, 3.196, 1.067, 0, 0, 0, 0, 1800, 100, 1),
(82289, 1622, 1, 406, 140.021, -361, 4.25, 0.513, 0, 0, 0, 0, 1800, 100, 1),
(82290, 1622, 1, 406, 2767.41, 280.155, 61.689, 6.228, 0, 0, 0, 0, 1800, 100, 1),
(82291, 1622, 1, 406, 1393.44, 70.542, 14.923, 5.909, 0, 0, 0, 0, 1800, 100, 1),
(82292, 1622, 1, 406, 75.866, -789, -14, 3.743, 0, 0, 0, 0, 1800, 100, 1),
(82293, 1622, 1, 406, 132.942, -609, 2.318, 6.181, 0, 0, 0, 0, 1800, 100, 1),
(82294, 1622, 1, 406, 1936.85, -1368, 95.131, 6.217, 0, 0, 0, 0, 1800, 100, 1),
(82295, 1622, 1, 406, 1886.34, -1365, 96.871, 3.209, 0, 0, 0, 0, 1800, 100, 1),
(82296, 1622, 1, 406, 2753.91, 233.938, 64.1073, 0.086, 0, 0, 0, 0, 1800, 100, 1),
(82297, 1622, 1, 406, 1303.84, -152, 1.038, 3.408, 0, 0, 0, 0, 1800, 100, 1),
(82298, 1622, 1, 406, 1442.08, 242.106, 14.675, 0.738, 0, 0, 0, 0, 1800, 100, 1),
(82299, 1622, 1, 406, 1509.88, -386, 27.279, 4.475, 0, 0, 0, 0, 1800, 100, 1),
(82300, 1622, 1, 406, 1436.84, -272, 10.158, 6.042, 0, 0, 0, 0, 1800, 100, 1),
(82301, 1622, 1, 406, 1539.79, -280, 39.671, 5.842, 0, 0, 0, 0, 1800, 100, 1),
(82302, 1622, 1, 406, -103, -478, -37, 0.203, 0, 0, 0, 0, 1800, 100, 1),
(82303, 1622, 1, 406, 891.422, 1510.84, -3.89756, 1.32645, 0, 0, 0.615661, 0.788011, 1800, 100, 1),
(82304, 1622, 1, 406, 54.344, -848, -1, 4.834, 0, 0, 0, 0, 1800, 100, 1),
(82305, 1622, 1, 406, 2250.47, -1163, 86.945, 3.299, 0, 0, 0, 0, 1800, 100, 1),
(82306, 1622, 1, 406, 932.488, 1515.55, -8, 5.699, 0, 0, 0, 0, 1800, 100, 1),
(82307, 1622, 1, 406, 1294.64, 1492.5, 101.806, 2.451, 0, 0, 0, 0, 1800, 100, 1),
(82308, 1622, 1, 406, 2580.74, -270, 118.659, 3.193, 0, 0, 0, 0, 1800, 100, 1),
(82309, 1622, 1, 406, 622.613, -1273, 92.385, 0.899, 0, 0, 0, 0, 1800, 100, 1),
(82310, 1622, 1, 406, 877.847, 1891.63, 19.698, 5.118, 0, 0, 0, 0, 1800, 100, 1),
(82311, 1622, 1, 406, 108.871, -520, 2.795, 1.098, 0, 0, 0, 0, 1800, 100, 1),
(82312, 1622, 1, 406, 242.933, 324.419, 52.76, 2.084, 0, 0, 0, 0, 1800, 100, 1),
(82313, 1622, 1, 406, -49, 971.159, 91.631, 4.94, 0, 0, 0, 0, 1800, 100, 1),
(82314, 1622, 1, 406, 274.464, 331.06, 44.066, 0.226, 0, 0, 0, 0, 1800, 100, 1),
(82315, 1622, 1, 406, 603.167, -1228, 93.694, 2.627, 0, 0, 0, 0, 1800, 100, 1),
(82316, 1622, 1, 406, 862.787, -1311, 92.38, 5.765, 0, 0, 0, 0, 1800, 100, 1),
(82317, 1622, 1, 406, 805.023, -1227, 102.057, 3.452, 0, 0, 0, 0, 1800, 100, 1),
(82318, 1622, 1, 406, -239, 657.042, 107.489, 2.977, 0, 0, 0, 0, 1800, 100, 1),
(82319, 1622, 1, 406, -98, 699.031, 114.345, 4.182, 0, 0, 0, 0, 1800, 100, 1),
(82320, 1622, 1, 406, 498.44, -1089, 103.209, 1.744, 0, 0, 0, 0, 1800, 100, 1),
(82321, 1622, 1, 406, 918.986, 1677.39, -16, 0.17, 0, 0, 0, 0, 1800, 100, 1),
(82322, 1622, 1, 406, 1024.05, -189, 13.103, 0.513, 0, 0, 0, 0, 1800, 100, 1),
(82323, 1622, 1, 406, 1058.36, -340, -9, 0.065, 0, 0, 0, 0, 1800, 100, 1),
(82324, 1622, 1, 406, 6.4821, -471.414, -33.6255, 5.37562, 0, 0, -0.438371, 0.898794, 1800, 100, 1),
(82325, 1622, 1, 406, 917.84, 1644.8, -9, 0, 0, 0, -0.017453, 0.999848, 1800, 100, 1),
(82326, 1622, 1, 406, 2640.77, 1584.46, 266.798, 0.987, 0, 0, 0, 0, 1800, 100, 1),
(82327, 1622, 1, 406, 1581.49, -137, 29.382, 3.172, 0, 0, 0, 0, 1800, 100, 1),
(82328, 1622, 1, 406, 1366, -318, 3.72754, 0.4, 0, 0, 0, 0, 1800, 100, 1),
(82329, 1622, 1, 406, 1585.75, -165, 39.669, 2.901, 0, 0, 0, 0, 1800, 100, 1),
(82330, 1622, 1, 406, 1688.85, 726.435, 143.788, 4.433, 0, 0, 0, 0, 1800, 100, 1),
(82331, 1622, 1, 406, 1718.45, 829.333, 129.606, 1.645, 0, 0, 0, 0, 1800, 100, 1),
(82332, 1622, 1, 406, 1772.65, 680.005, 159.474, 5.701, 0, 0, 0, 0, 1800, 100, 1),
(82333, 1622, 1, 406, 1521.8, 761.07, 136.746, 2.285, 0, 0, 0, 0, 1800, 100, 1),
(82334, 1622, 1, 406, 1523.51, 817.847, 127.341, 1.688, 0, 0, 0, 0, 1800, 100, 1),
(82335, 1622, 1, 406, 1601.62, 586.173, 171.551, 4.94, 0, 0, 0, 0, 1800, 100, 1),
(82336, 1622, 1, 406, 1584.85, 521.362, 177.756, 2.085, 0, 0, 0, 0, 1800, 100, 1),
(82337, 1622, 1, 406, 55.901, -694, -18, 1.422, 0, 0, 0, 0, 1800, 100, 1),
(82338, 1622, 1, 406, 67.943, -789, -14, 4.799, 0, 0, 0, 0, 1800, 100, 1),
(82339, 1622, 1, 406, 1300.03, 828.361, 203.158, 1.92, 0, 0, 0, 0, 1800, 100, 1),
(82340, 1622, 1, 406, 738.116, 1574.05, -23, 5.566, 0, 0, 0, 0, 1800, 100, 1),
(82341, 1622, 1, 406, 154.18, 272.041, 103.971, -1.16937, 0, 0, 0.551937, -0.833886, 1800, 100, 1),
(82342, 1622, 1, 406, 2377.75, 1410.69, 274.35, 2.974, 0, 0, 0, 0, 1800, 100, 1),
(82343, 1622, 1, 406, 2726.87, 211.252, 77.327, -1, 0, 0, -0.48481, 0.87462, 1800, 100, 1),
(82344, 1622, 1, 406, 1895.57, -1530, 73.628, 1.74, 0, 0, 0, 0, 1800, 100, 1),
(82345, 1622, 1, 406, 1938.42, -1516, 73.312, 3.527, 0, 0, 0, 0, 1800, 100, 1),
(82346, 1622, 1, 406, 66.459, -711, -18, 0.786, 0, 0, 0, 0, 1800, 100, 1),
(82347, 1622, 1, 406, 2304.38, -1533, 95.744, 0.295, 0, 0, 0, 0, 1800, 100, 1),
(82348, 1622, 1, 406, 2280.71, -1397, 85.336, 0.688, 0, 0, 0, 0, 1800, 100, 1),
(82349, 1622, 1, 406, 531.04, 393.078, 78.7715, 0.436332, 0, 0, 0.216439, 0.976296, 1800, 100, 1),
(82350, 1622, 1, 406, 2419.39, -165, 100.727, 0.153, 0, 0, 0, 0, 1800, 100, 1),
(82351, 1622, 1, 406, 1249.46, 1499.72, 80.662, 2.192, 0, 0, 0, 0, 1800, 100, 1),
(82352, 1622, 1, 406, -61, 689.906, 103.785, 5.989, 0, 0, 0, 0, 1800, 100, 1),
(82353, 1622, 1, 406, 2293.16, 1425.8, 270.569, 3.743, 0, 0, 0, 0, 1800, 100, 1),
(82354, 1622, 1, 406, 178.349, -878, 5.65, 1.504, 0, 0, 0, 0, 1800, 100, 1),
(82355, 1622, 1, 406, 2311.08, -713, 128.275, 1.151, 0, 0, 0, 0, 1800, 100, 1),
(82356, 1622, 1, 406, 2363.74, -158, 98.239, 3.369, 0, 0, 0, 0, 1800, 100, 1),
(82357, 1622, 1, 406, -154, 696.408, 99.785, 0.377, 0, 0, 0, 0, 1800, 100, 1),
(82358, 1622, 1, 406, 1226.81, -393, 12.203, 4.452, 0, 0, 0, 0, 1800, 100, 1),
(82359, 1622, 1, 406, 1258.36, -605, 22.934, 4.994, 0, 0, 0, 0, 1800, 100, 1),
(82360, 1622, 1, 406, 1455.72, 683.786, 146.14, 0.42, 0, 0, 0, 0, 1800, 100, 1),
(82361, 1622, 1, 406, 2271.94, 1409.28, 278.965, 5.84, 0, 0, 0, 0, 1800, 100, 1),
(82362, 1622, 1, 406, 6.39, -707, -19, 6.205, 0, 0, 0, 0, 1800, 100, 1),
(82363, 1622, 1, 406, 1033.37, -334, -4, 2.343, 0, 0, 0, 0, 1800, 100, 1),
(82364, 1622, 1, 406, 738.879, 1765.66, -18, 2.974, 0, 0, 0, 0, 1800, 100, 1),
(82365, 1622, 1, 406, 23.658, -718, -21, 3.566, 0, 0, 0, 0, 1800, 100, 1),
(82366, 1622, 1, 406, -15, -320, -6, 1.408, 0, 0, 0, 0, 1800, 100, 1),
(82367, 1622, 1, 406, 140.764, -882, 4.992, 3.318, 0, 0, 0, 0, 1800, 100, 1),
(82368, 1622, 1, 406, 127.515, -810, -7, 3.311, 0, 0, 0, 0, 1800, 100, 1),
(82369, 1622, 1, 406, 151.238, -836, -2, 0.978, 0, 0, 0, 0, 1800, 100, 1),
(82370, 1622, 1, 406, 2302.93, -1491.48, 97.8416, 4.66003, 0, 0, -0.725374, 0.688355, 1800, 100, 1),
(82371, 1622, 1, 406, 1371.45, -299, 3.965, 1.695, 0, 0, 0, 0, 1800, 100, 1),
(82372, 1622, 1, 406, 2683.32, 1487.66, 234.323, 3.296, 0, 0, 0, 0, 1800, 100, 1),
(82373, 1622, 1, 406, -69, 1058.28, 92.335, 6.099, 0, 0, 0, 0, 1800, 100, 1),
(82374, 1622, 1, 406, 685.653, 1385.14, 10.5846, 3.484, 0, 0, 0, 0, 1800, 100, 1),
(82375, 1622, 1, 406, -47, 924.797, 93.437, 2.49, 0, 0, 0, 0, 1800, 100, 1),
(82376, 1622, 1, 406, -20, -285, -2, 1.487, 0, 0, 0, 0, 1800, 100, 1),
(82377, 1622, 1, 406, -81, -240, 7.181, 3.164, 0, 0, 0, 0, 1800, 100, 1),
(82378, 1622, 1, 406, 871.099, 167.415, 29.616, 1.342, 0, 0, 0, 0, 1800, 100, 1),
(82379, 1622, 1, 406, 761.098, 1443.05, -17, 5.2, 0, 0, 0, 0, 1800, 100, 1),
(82380, 1622, 1, 406, -164, -562, -4, 2.987, 0, 0, 0, 0, 1800, 100, 1),
(82381, 1622, 1, 406, -40, -413, -28, 1.597, 0, 0, 0, 0, 1800, 100, 1),
(82382, 1622, 1, 406, -39, -457, -36, 0.427, 0, 0, 0, 0, 1800, 100, 1),
(82383, 1622, 1, 406, 2323.94, 1340.06, 280.215, 3.08, 0, 0, 0, 0, 1800, 100, 1),
(82384, 1622, 1, 406, 690.517, 1915.46, 1.60285, 4.717, 0, 0, 0, 0, 1800, 100, 1),
(82385, 1622, 1, 406, 1848.01, 921.195, 154.081, 0.176, 0, 0, 0, 0, 1800, 100, 1),
(82386, 1622, 1, 406, 1544.48, 1067.83, 148.068, 0.447, 0, 0, 0, 0, 1800, 100, 1),
(82387, 1622, 1, 406, -145, -433, 2.396, 0.478, 0, 0, 0, 0, 1800, 100, 1),
(82388, 1622, 1, 406, 1762.83, 863.699, 136.58, 4.551, 0, 0, 0, 0, 1800, 100, 1),
(82389, 1622, 1, 406, 688.81, 1854.41, -9.30419, 4.733, 0, 0, 0, 0, 1800, 100, 1),
(82390, 1622, 1, 406, 634.036, 1864.63, -11.2117, 6.119, 0, 0, 0, 0, 1800, 100, 1),
(82391, 1622, 1, 406, 2484.37, 1598.84, 268.918, 4.635, 0, 0, 0, 0, 1800, 100, 1),
(82392, 1622, 1, 406, 2496.42, 1667.85, 293.317, 4.289, 0, 0, 0, 0, 1800, 100, 1),
(82393, 1622, 1, 406, 2393.03, -1231, 99.7875, 6.083, 0, 0, 0, 0, 1800, 100, 1),
(82394, 1622, 1, 406, 2392.86, -1182.16, 96.0739, 3.14159, 0, 0, 1, 0, 1800, 100, 1),
(82395, 1622, 1, 406, 1867.7, 755.337, 148.215, 2.933, 0, 0, 0, 0, 1800, 100, 1),
(82396, 1622, 1, 406, 1856.29, 887.999, 159.91, 0.341, 0, 0, 0, 0, 1800, 100, 1),
(82397, 1622, 1, 406, 1378.01, 1089.16, 169.086, 3.004, 0, 0, 0, 0, 1800, 100, 1),
(82398, 1622, 1, 406, 571.21, 1852.7, -5.38267, 3.52, 0, 0, 0, 0, 1800, 100, 1),
(82399, 1622, 1, 406, 151.625, -609, 13.886, 6.254, 0, 0, 0, 0, 1800, 100, 1),
(82400, 1623, 1, 406, 739.28, 1989.3, 44.665, 0.5, 0, 0, 0, 0, 1800, 100, 1),
(82401, 1623, 1, 406, 1648.87, 1053.38, 138.936, 6.131, 0, 0, 0, 0, 1800, 100, 1),
(82402, 1623, 1, 406, 2697.95, -805, 148.429, 4.334, 0, 0, 0, 0, 1800, 100, 1),
(82403, 1623, 1, 406, 599.199, 1983.93, 11.993, 2.927, 0, 0, 0, 0, 1800, 100, 1),
(82404, 1623, 1, 406, 590.942, 1979.96, 18.213, 2.941, 0, 0, 0, 0, 1800, 100, 1),
(82405, 1623, 1, 406, 1291.34, 1352.82, 153.687, 2.53072, 0, 0, 0.953716, 0.300708, 1800, 100, 1),
(82406, 1623, 1, 406, 1599.41, 107.945, 22.427, 5.323, 0, 0, 0, 0, 1800, 100, 1),
(82407, 1623, 1, 406, 214.266, -431, 30.877, 3.57, 0, 0, 0, 0, 1800, 100, 1),
(82408, 1623, 1, 406, 1705.22, 637.66, 198.432, 4.827, 0, 0, 0, 0, 1800, 100, 1),
(82409, 1623, 1, 406, 1306.74, 1012.55, 183.548, 3.431, 0, 0, 0, 0, 1800, 100, 1),
(82410, 1623, 1, 406, 928.897, 1410.23, 19.651, 3.843, 0, 0, 0, 0, 1800, 100, 1),
(82411, 1623, 1, 406, 431.743, 1466.41, 41.064, 4.124, 0, 0, 0, 0, 1800, 100, 1),
(82412, 1623, 1, 406, 2364.29, 1698.19, 339.38, 2.022, 0, 0, 0, 0, 1800, 100, 1),
(82413, 1623, 1, 406, 50.446, -413, 31.858, 0.864, 0, 0, 0.207912, 0.978148, 1800, 100, 1),
(82414, 1623, 1, 406, 173.441, 384.892, 117.042, 3.168, 0, 0, 0, 0, 1800, 100, 1),
(82415, 1623, 1, 406, 1682.3, 577.063, 195.953, 5.842, 0, 0, 0, 0, 1800, 100, 1),
(82416, 1623, 1, 406, 1611.81, 116.723, 11.248, 5.046, 0, 0, 0, 0, 1800, 100, 1),
(82417, 1623, 1, 406, 1616.42, 126.842, 9.59, 5.949, 0, 0, 0, 0, 1800, 100, 1),
(82418, 1623, 1, 406, 1166.71, 588.371, 168.549, 3.427, 0, 0, 0, 0, 1800, 100, 1),
(82419, 1623, 1, 406, 998.655, -274, 51.264, 2.692, 0, 0, 0, 0, 1800, 100, 1),
(82420, 1623, 1, 406, 2170.97, 1374.87, 308.933, 2.882, 0, 0, 0, 0, 1800, 100, 1),
(82421, 1623, 1, 406, 2271.49, 1269.6, 342.064, 4.143, 0, 0, 0, 0, 1800, 100, 1),
(82422, 1623, 1, 406, 1303.41, 1028.89, 191.713, 1.23918, 0, 0, 0.580703, 0.814116, 1800, 100, 1),
(82423, 1623, 1, 406, 1051.88, 1648.52, 14.59, 1.431, 0, 0, 0, 0, 1800, 100, 1),
(82424, 1623, 1, 406, 1792.18, 1079.76, 174.53, 4.483, 0, 0, 0, 0, 1800, 100, 1),
(82425, 1623, 1, 406, 2181.48, 1456.36, 308.807, 2.68, 0, 0, 0, 0, 1800, 100, 1),
(82426, 1623, 1, 406, -197, -543, 20.171, 3.52, 0, 0, 0, 0, 1800, 100, 1),
(82427, 1623, 1, 406, 993.902, -294, 35.036, 2.66, 0, 0, 0, 0, 1800, 100, 1),
(82428, 1623, 1, 406, 2281.58, 1258.31, 349.533, 5.087, 0, 0, 0, 0, 1800, 100, 1),
(82429, 1623, 1, 406, 2748.54, 1487.89, 234.915, 3.128, 0, 0, 0, 0, 1800, 100, 1),
(82430, 1623, 1, 406, 1299.4, 891.068, 192.819, 2.352, 0, 0, 0, 0, 1800, 100, 1),
(82431, 1623, 1, 406, 177.182, 373.376, 122.02, 4.294, 0, 0, 0, 0, 1800, 100, 1),
(82432, 1623, 1, 406, 106.87, -692, 24.266, 5.646, 0, 0, 0, 0, 1800, 100, 1),
(82433, 1623, 1, 406, 449.84, 1693.09, 28.59, 2.778, 0, 0, 0, 0, 1800, 100, 1),
(82434, 1623, 1, 406, 535.829, 422.749, 87.096, 4.853, 0, 0, 0, 0, 1800, 100, 1),
(82435, 1623, 1, 406, 993.228, -278, 54.607, 2.692, 0, 0, 0, 0, 1800, 100, 1),
(82436, 1623, 1, 406, 1550, -343, 58.935, 5.794, 0, 0, 0, 0, 1800, 100, 1),
(82437, 1623, 1, 406, 1228.34, 371.491, 48.961, 4.226, 0, 0, 0, 0, 1800, 100, 1),
(82438, 1623, 1, 406, 1914.33, 723.287, 172.849, 5.336, 0, 0, 0, 0, 1800, 100, 1),
(82439, 1623, 1, 406, 2539.97, 1177.47, 343.794, 4.419, 0, 0, 0, 0, 1800, 100, 1),
(82440, 1623, 1, 406, -59, -330, 2.33, 3.191, 0, 0, 0, 0, 1800, 100, 1),
(82441, 1623, 1, 406, 1724.63, 568.713, 207.986, 0.651, 0, 0, 0, 0, 1800, 100, 1),
(82442, 1623, 1, 406, 1347.64, -544, 73.201, 2.382, 0, 0, 0, 0, 1800, 100, 1),
(82443, 1623, 1, 406, 2242.08, 1629.17, 330.979, 3.16, 0, 0, 0, 0, 1800, 100, 1),
(82444, 1623, 1, 406, 2224.39, 954.777, 311.292, 5.275, 0, 0, 0, 0, 1800, 100, 1),
(82445, 1623, 1, 406, 1578.19, -141, 31.674, 3.789, 0, 0, 0, 0, 1800, 100, 1),
(82446, 1623, 1, 406, 1640.1, -289, 81.253, 5.498, 0, 0, 0, 0, 1800, 100, 1),
(82447, 1623, 1, 406, 1611.57, 128.924, 7.924, 0.204, 0, 0, 0, 0, 1800, 100, 1),
(82448, 1623, 1, 406, 920.043, 1416.77, 22.61, 3.947, 0, 0, 0, 0, 1800, 100, 1),
(82449, 1623, 1, 406, 1145.66, 396.007, 61.871, 1.454, 0, 0, 0, 0, 1800, 100, 1),
(82450, 1623, 1, 406, 1294.54, 428.24, 80.653, 1.566, 0, 0, 0, 0, 1800, 100, 1),
(82451, 1623, 1, 406, 49.2554, -418.231, 34.4702, 0.418879, 0, 0, 0.207911, 0.978148, 1800, 100, 1),
(82452, 1623, 1, 406, 724.178, 180.392, 74.812, 4.877, 0, 0, 0, 0, 1800, 100, 1),
(82453, 1623, 1, 406, 1295.97, -596, 31.481, 2.029, 0, 0, 0, 0, 1800, 100, 1),
(82454, 1623, 1, 406, 2234.38, 1345.59, 319.599, 0.424, 0, 0, 0, 0, 1800, 100, 1),
(82455, 1623, 1, 406, 2033.71, 1110.52, 264.664, 3.075, 0, 0, 0, 0, 1800, 100, 1),
(82456, 1623, 1, 406, 2662.85, 1209.56, 319.836, 4.27, 0, 0, 0, 0, 1800, 100, 1),
(82457, 1623, 1, 406, 1303.75, 895.105, 189.637, 5.659, 0, 0, 0, 0, 1800, 100, 1),
(82458, 1623, 1, 406, 545.579, 204.593, 89.853, 4.721, 0, 0, 0, 0, 1800, 100, 1),
(82459, 1623, 1, 406, 218.248, -852, 24.149, 0.935, 0, 0, 0, 0, 1800, 100, 1),
(82460, 1623, 1, 406, 1709.19, 1045.21, 148.162, 3.961, 0, 0, 0, 0, 1800, 100, 1),
(82461, 1623, 1, 406, 1479.2, -654, 110.703, 5.294, 0, 0, 0, 0, 1800, 100, 1),
(82462, 1623, 1, 406, 1557.34, -101, 26.443, 1.733, 0, 0, 0, 0, 1800, 100, 1),
(82463, 1623, 1, 406, 1360.02, 1547.52, 161.849, 1.436, 0, 0, 0, 0, 1800, 100, 1),
(82464, 1623, 1, 406, -4, -829, 27.438, 4.044, 0, 0, 0, 0, 1800, 100, 1),
(82465, 1623, 1, 406, 1047.71, 1776.78, 18.666, 1.132, 0, 0, 0, 0, 1800, 100, 1),
(82466, 1623, 1, 406, 2743.31, 1478.27, 235.068, 3.402, 0, 0, 0, 0, 1800, 100, 1),
(82467, 1623, 1, 406, 706.569, 1345.81, 10.68, 4.477, 0, 0, 0, 0, 1800, 100, 1),
(82468, 1623, 1, 406, 1537.67, -70, 52.873, 3.058, 0, 0, 0, 0, 1800, 100, 1),
(82469, 1623, 1, 406, 2437.45, 1071.58, 348.125, 4.72, 0, 0, 0, 0, 1800, 100, 1),
(82470, 1623, 1, 406, 779.101, 625.206, 128.977, 2.05949, 0, 0, 0.857167, 0.515038, 1800, 100, 1),
(82471, 1623, 1, 406, 140.776, -944, 39.097, 3.994, 0, 0, 0, 0, 1800, 100, 1),
(82472, 1623, 1, 406, 2362.24, 620.052, 154.268, 1.434, 0, 0, 0, 0, 1800, 100, 1),
(82473, 1623, 1, 406, 1684.39, 1095.83, 175.121, 5.78, 0, 0, 0, 0, 1800, 100, 1),
(82474, 1623, 1, 406, 1680.16, 1093.35, 171.248, 0.796, 0, 0, 0, 0, 1800, 100, 1),
(82475, 1623, 1, 406, 722.517, 1993.34, 33.095, 1.221, 0, 0, 0, 0, 1800, 100, 1),
(82476, 1623, 1, 406, 1605.2, 1411.46, 211.602, 1.497, 0, 0, 0, 0, 1800, 100, 1),
(82477, 1624, 1, 406, 581.357, 1533.65, -10.7468, 2.9845, 0, 0, 0.996917, 0.0784664, 1800, 100, 1),
(82478, 1624, 1, 406, 625.229, 1695.67, -18.8574, 2.07694, 0, 0, 0.861629, 0.507539, 1800, 100, 1),
(82479, 1624, 1, 406, -28.7197, -721.868, -7.72236, 6.21337, 0, 0, -0.0348988, 0.999391, 1800, 100, 1),
(82480, 1624, 1, 406, 683.029, 1627.25, -22, 1.047, 0, 0, 0.5, 0.866025, 1800, 100, 1),
(82481, 1624, 1, 406, 893.623, 683.836, 98.222, -1, 0, 0, -0.566406, 0.824126, 1800, 100, 1),
(82482, 1624, 1, 406, 734.682, 1686.93, -31, 2.915, 0, 0, 0.993572, 0.113203, 1800, 100, 1),
(82483, 1624, 1, 406, 1500.01, 1400.27, 142.972, 3.03684, 0, 0, 0.998629, 0.0523532, 1800, 100, 1),
(82484, 1624, 1, 406, 1333.33, 1458.76, 105.758, 1.98968, 0, 0, 0.838671, 0.544639, 1800, 100, 1),
(82485, 1624, 1, 406, 2408.39, 1116.03, 311.155, 2.14675, 0, 0, 0.878817, 0.47716, 1800, 100, 1),
(82486, 1624, 1, 406, 1727.06, 791.881, 134.26, 2.37364, 0, 0, 0.927183, 0.374608, 1800, 255, 1),
(82487, 1621, 1, 406, 206.765, 90.7655, 51.4756, 4.45059, 0, 0, -0.793353, 0.608762, 300, 100, 1),
(82488, 1621, 1, 406, -102.477, -631.154, -2.75868, 3.38594, 0, 0, -0.992546, 0.12187, 300, 100, 1),
(82489, 1621, 1, 406, 381.768, 388.748, 53.0068, 1.67551, 0, 0, 0.743144, 0.669131, 300, 100, 1),
(82490, 1621, 1, 406, 830.578, 578.432, 88.3972, 1.41372, 0, 0, 0.649447, 0.760406, 300, 100, 1),
(82491, 1621, 1, 406, 574.272, 266.641, 56.5523, 2.47837, 0, 0, 0.945518, 0.325568, 300, 100, 1),
(82492, 1621, 1, 406, 680.358, 1435.64, -7.3887, 0.750491, 0, 0, 0.366501, 0.930418, 300, 100, 1),
(82493, 1621, 1, 406, 862.329, 691.778, 96.6315, 4.64258, 0, 0, -0.731354, 0.681998, 300, 100, 1),
(82494, 1621, 1, 406, 1008.45, 709.643, 121.174, 2.61799, 0, 0, 0.965925, 0.258821, 300, 100, 1),
(82495, 1622, 1, 406, 2207.85, 1457.16, 298.49, 3.28124, 0, 0, -0.997563, 0.0697661, 300, 100, 1),
(82496, 1622, 1, 406, 110.031, 121.699, 58.117, 3.99681, 0, 0, -0.909961, 0.414694, 300, 100, 1),
(82497, 1622, 1, 406, -137.271, -444.173, -11.8297, 4.34587, 0, 0, -0.824126, 0.566406, 300, 100, 1),
(82498, 1622, 1, 406, -13.3543, -539.787, -38.692, 0.506145, 0, 0, 0.25038, 0.968148, 300, 100, 1),
(82499, 1622, 1, 406, 2686.99, 1573.27, 261.167, 1.37881, 0, 0, 0.636078, 0.771625, 300, 100, 1),
(82500, 1622, 1, 406, 2513.21, 1658.03, 300.209, 5.5676, 0, 0, -0.350207, 0.936672, 300, 100, 1),
(82501, 1622, 1, 406, 748.818, 1542.47, -16.4499, 5.044, 0, 0, -0.580703, 0.814116, 300, 100, 1),
(82502, 1622, 1, 406, 2517.74, 1685.1, 302.962, 2.77507, 0, 0, 0.983254, 0.182238, 300, 100, 1),
(82503, 1622, 1, 406, 182.025, -790.818, 10.764, 4.15388, 0, 0, -0.874619, 0.48481, 300, 100, 1),
(82504, 1622, 1, 406, 2667.05, 1450.21, 227.443, 5.25344, 0, 0, -0.492423, 0.870356, 300, 100, 1),
(82505, 1622, 1, 406, -150.817, -588.083, 0.593653, 5.25344, 0, 0, -0.492423, 0.870356, 300, 100, 1),
(82506, 1622, 1, 406, 1474.58, -507.138, 44.3524, 1.37881, 0, 0, 0.636078, 0.771625, 300, 100, 1),
(82507, 1622, 1, 406, 1024.82, -335.812, 5.84693, 0.59341, 0, 0, 0.292371, 0.956305, 300, 100, 1),
(82508, 1622, 1, 406, 1238.75, -2.22407, -6.00124, 4.66003, 0, 0, -0.725374, 0.688355, 300, 100, 1),
(82509, 1622, 1, 406, 2428.22, 1794.94, 394.01, 2.3911, 0, 0, 0.930417, 0.366502, 300, 100, 1),
(82510, 1622, 1, 406, 1390.03, 1016.71, 163.304, 4.18879, 0, 0, -0.866025, 0.500001, 300, 100, 1),
(82511, 1622, 1, 406, 1494.71, 1292.89, 181.399, 2.63544, 0, 0, 0.968147, 0.250381, 300, 100, 1),
(82512, 1622, 1, 406, 574.627, 1869.33, 0.097795, 4.10153, 0, 0, -0.887011, 0.461749, 300, 100, 1),
(82513, 1622, 1, 406, 980.301, 1755.52, 2.21413, 5.8294, 0, 0, -0.224951, 0.97437, 300, 100, 1),
(82514, 1622, 1, 406, 1757.32, 846.001, 148.717, 2.25147, 0, 0, 0.902585, 0.430512, 300, 100, 1),
(82515, 1622, 1, 406, 859.194, 149.806, 36.5573, 0.575957, 0, 0, 0.284015, 0.95882, 300, 100, 1),
(82516, 1622, 1, 406, 1198.88, -377.383, 16.838, 3.75246, 0, 0, -0.953716, 0.300708, 300, 100, 1),
(82517, 1622, 1, 406, 991.179, -367.07, 10.4241, 3.24635, 0, 0, -0.998629, 0.0523532, 300, 100, 1),
(82518, 1622, 1, 406, -7.82878, -371.534, 1.38996, 3.26377, 0, 0, -0.998135, 0.0610518, 300, 100, 1),
(82519, 1622, 1, 406, 1332.29, 52.235, 13.952, 2.96704, 0, 0, 0.996194, 0.087165, 300, 100, 1),
(82520, 1624, 1, 406, 579.086, 1700.51, -11.205, 6.00393, 0, 0, -0.139173, 0.990268, 300, 100, 1),
(82521, 1624, 1, 406, 1144.66, 692.578, 145.623, 2.46091, 0, 0, 0.942641, 0.333808, 300, 100, 1),
(82522, 1624, 1, 406, 1420.46, 723.077, 146.08, 2.35619, 0, 0, 0.92388, 0.382683, 300, 100, 1),
(82523, 1622, 1, 406, -294.87, 682.611, 97.3728, 0.349066, 0, 0, 0.173648, 0.984808, 1800, 100, 1),
(82524, 1623, 1, 406, 80.6378, 968.848, 163.48, -2.04204, 0, 0, 0.85264, -0.522498, 1800, 100, 1),
(82525, 1623, 1, 406, -58.0826, -319.154, 13.3697, 3.9619, 0, 0, -0.91706, 0.39875, 300, 100, 1),
(82526, 1623, 1, 406, 471.506, 1698.63, 32.7717, 0.750491, 0, 0, 0.366501, 0.930418, 300, 100, 1),
(82527, 1623, 1, 406, 1588.58, 1417.84, 197.676, 2.44346, 0, 0, 0.939692, 0.34202, 300, 100, 1),
(82528, 1623, 1, 406, 2198.55, 1377.93, 285.3, 1.22173, 0, 0, 0.573576, 0.819152, 300, 100, 1),
(82529, 1623, 1, 406, 2361.29, 1689.74, 334.74, 5.68977, 0, 0, -0.292372, 0.956305, 300, 100, 1),
(82530, 1623, 1, 406, 9.36697, -836.588, 29.2434, 3.47321, 0, 0, -0.986285, 0.16505, 300, 100, 1),
(82531, 1623, 1, 406, 2247.7, 1630.39, 326.004, 0.90757, 0, 0, 0.438371, 0.898794, 300, 100, 1),
(82532, 1623, 1, 406, 207.223, -438.468, 28.4137, 0.558504, 0, 0, 0.275637, 0.961262, 300, 100, 1),
(82533, 1623, 1, 406, 1207.74, 407.573, 84.235, 0.837757, 0, 0, 0.406736, 0.913546, 300, 100, 1),
(82534, 1623, 1, 406, 1550.65, -349.78, 56.6547, 4.08407, 0, 0, -0.891006, 0.453991, 300, 100, 1),
(82535, 1623, 1, 406, 719.457, 182.827, 75.7343, 5.49779, 0, 0, -0.382683, 0.92388, 300, 100, 1),
(82536, 1623, 1, 406, 2041.76, 1112.74, 257.874, 5.35816, 0, 0, -0.446198, 0.894935, 300, 100, 1),
(82537, 1623, 1, 406, 2543.4, 1184.89, 336.05, 2.51327, 0, 0, 0.951056, 0.309017, 300, 100, 1),
(82538, 1623, 1, 406, 232.98, 11.8919, 74.468, 5.34071, 0, 0, -0.45399, 0.891007, 300, 100, 1),
(82539, 1623, 1, 406, 545.39, 455.387, 85.2109, 4.41568, 0, 0, -0.803857, 0.594823, 300, 100, 1),
(82540, 1623, 1, 406, 998.557, -302.445, 29.2159, 4.88692, 0, 0, -0.642787, 0.766045, 300, 100, 1),
(82541, 1623, 1, 406, 1294.78, 422.753, 80.6176, 4.50295, 0, 0, -0.777145, 0.629321, 300, 100, 1),
(82542, 1623, 1, 406, 98.1569, -686.456, 22.3247, 3.9619, 0, 0, -0.91706, 0.39875, 300, 100, 1),
(82543, 1622, 1, 406, 2598.02, -293.299, 107.003, -0.174533, 0, 0, 0.087156, -0.996195, 1800, 100, 1),
(82544, 1622, 1, 406, 2308.27, -1013.45, 104.782, -2.77507, 0, 0, 0.983255, -0.182235, 1800, 100, 1),
(82545, 1624, 1, 406, 2013.37, -842.71, 97.7068, 1.69297, 0, 0, 0.748956, 0.66262, 1800, 100, 1),
(82546, 1624, 1, 406, 2085.4, -1018.72, 96.5819, -2.18166, 0, 0, 0.887011, -0.461749, 1800, 100, 1),
(82547, 1622, 1, 406, 2335.76, -1409.18, 95.0829, 0.942478, 0, 0, 0.45399, 0.891007, 1800, 100, 1),
(82548, 1624, 1, 406, 1233.17, 1451.09, 74.6465, -1.51844, 0, 0, 0.688354, -0.725374, 1800, 100, 1),
(82549, 1622, 1, 406, 1229.23, 1472.09, 84.5503, -2.46091, 0, 0, 0.942641, -0.333807, 1800, 100, 1),
(82550, 1623, 1, 406, -204.337, 1871.94, 187.68, 0.471239, 0, 0, 0.233445, 0.97237, 1800, 100, 1),
(82551, 1621, 1, 406, 215.087, -475.521, 20.5114, -1.8675, 0, 0, 0.803857, -0.594823, 900, 100, 1),
(82552, 1621, 1, 406, 1369.16, -462.259, 27.6064, 1.46608, 0, 0, 0.669131, 0.743145, 900, 100, 1),
(82553, 1621, 1, 406, 955.098, 150.59, 25.9209, 0.331613, 0, 0, 0.165048, 0.986286, 900, 100, 1),
(82554, 1621, 1, 406, 1516.68, -477.189, 47.9995, 5.95157, 0, 0, -0.165047, 0.986286, 300, 100, 1),
(82555, 1621, 1, 406, 1258.05, -447.374, 22.0382, 1.36136, 0, 0, 0.62932, 0.777146, 300, 100, 1),
(82556, 1621, 1, 406, 2632.98, 1374.62, 233.622, 0.034907, 0, 0, 0.017452, 0.999848, 900, 100, 1),
(82557, 1621, 1, 406, 2756.62, 1528.18, 238.096, 5.2709, 0, 0, -0.484809, 0.87462, 300, 100, 1),
(82558, 1621, 1, 406, 2211.69, 1094.75, 268.101, 1.09956, 0, 0, 0.522499, 0.85264, 900, 100, 1),
(82559, 1621, 1, 406, 1205.25, 731.131, 174.484, 0.10472, 0, 0, 0.052336, 0.99863, 900, 100, 1),
(82560, 1621, 1, 406, 515.528, 1649.29, 0.500507, 1.97222, 0, 0, 0.833886, 0.551937, 900, 100, 1),
(82561, 1622, 1, 406, 100.978, -868.159, 11.8056, -2.26893, 0, 0, 0.906308, -0.422618, 1800, 100, 1),
(82562, 1621, 1, 406, 2128.42, 1074.31, 238.538, 1.41372, 0, 0, 0.649447, 0.760406, 300, 100, 1),
(82563, 1622, 1, 406, 146.906, -605.11, 11.0711, -2.16421, 0, 0, 0.882948, -0.469472, 1800, 100, 1),
(82564, 1622, 1, 406, 2741.4, 1700.49, 309.784, 2.53073, 0, 0, 0.953717, 0.300706, 1800, 100, 1),
(82565, 1622, 1, 406, 1389.8, -360.001, 13.5614, -2.89725, 0, 0, 0.992546, -0.121869, 1800, 100, 1),
(82566, 1622, 1, 406, 1478.8, -360.606, 20.2212, 1.76278, 0, 0, 0.771625, 0.636078, 1800, 100, 1),
(82567, 1622, 1, 406, 1860.54, 853.155, 167.536, 2.32129, 0, 0, 0.91706, 0.398749, 1800, 100, 1),
(82568, 1622, 1, 406, 2391.84, 1418.07, 275.535, -0.453786, 0, 0, 0.224951, -0.97437, 1800, 100, 1),
(82569, 1622, 1, 406, 1442.79, 630.915, 154.015, -2.46091, 0, 0, 0.942641, -0.333807, 1800, 100, 1),
(82570, 1622, 1, 406, 1359.07, 222.016, 13.8978, 0.907571, 0, 0, 0.438371, 0.898794, 1800, 100, 1),
(82571, 1622, 1, 406, -133.757, -665.551, 8.78258, -0.977384, 0, 0, 0.469472, -0.882948, 1800, 100, 1),
(82572, 1622, 1, 406, 883.949, 1848.89, 12.2401, -0.506145, 0, 0, 0.25038, -0.968148, 1800, 100, 1),
(82573, 1622, 1, 406, 788.054, 1455.41, -8.71992, -2.00713, 0, 0, 0.843391, -0.5373, 1800, 100, 1),
(82574, 1623, 1, 406, -194.322, 153.912, 94.1951, -2.21657, 0, 0, 0.894934, -0.446198, 1800, 100, 1),
(82575, 1623, 1, 406, 147.146, -929.535, 25.7858, -1.71042, 0, 0, 0.75471, -0.656059, 1800, 100, 1),
(82576, 1623, 1, 406, 72.2089, -570.957, 21.4807, -0.680679, 0, 0, 0.333807, -0.942641, 1800, 100, 1),
(82577, 1623, 1, 406, 1643.17, 121.834, 120.033, -0.541052, 0, 0, 0.267238, -0.96363, 1800, 100, 1),
(82578, 1623, 1, 406, 1520.54, -94.205, 69.8056, -0.488692, 0, 0, 0.241922, -0.970296, 1800, 100, 1),
(82579, 1623, 1, 406, 2748.57, 1710.59, 309.425, -2.1293, 0, 0, 0.87462, -0.48481, 1800, 100, 1),
(82580, 1623, 1, 406, 2224.12, 960.375, 305.949, -2.98451, 0, 0, 0.996917, -0.078459, 1800, 100, 1),
(82581, 1623, 1, 406, 1737.92, 635.655, 194.972, 1.6057, 0, 0, 0.71934, 0.694658, 1800, 100, 1),
(82582, 1623, 1, 406, 2274.55, 1274.77, 341.91, 2.05949, 0, 0, 0.857167, 0.515038, 1800, 100, 1),
(82583, 1623, 1, 406, 192.71, 387.511, 99.3351, -0.226893, 0, 0, 0.113203, -0.993572, 1800, 100, 1),
(82584, 1623, 1, 406, 719.544, 1986.88, 26.8171, 2.19912, 0, 0, 0.891007, 0.453991, 1800, 100, 1),
(82585, 1624, 1, 406, 1279.98, -392.616, 15.7534, 3.10669, 0, 0, 0.999848, 0.017452, 1800, 100, 1),
(82586, 1624, 1, 406, 1814.52, 978.991, 145.711, 1.3439, 0, 0, 0.622515, 0.782608, 1800, 100, 1),
(82587, 1624, 1, 406, 2682.74, 1322.29, 265.415, -1.62316, 0, 0, 0.725374, -0.688354, 1800, 100, 1),
(82588, 1624, 1, 406, 2553.66, 1288.54, 268.658, -0.017453, 0, 0, 0.008727, -0.999962, 1800, 100, 1),
(82589, 1624, 1, 406, 1075.53, -10.5895, 6.89414, 2.75762, 0, 0, 0.981627, 0.190809, 1800, 100, 1),
(82590, 1624, 1, 406, 955.697, 1678.26, -9.78031, 2.61799, 0, 0, 0.965926, 0.258819, 1800, 100, 1),
(82591, 1624, 1, 406, 92.3763, -238.569, 6.50289, 0.191986, 0, 0, 0.095846, 0.995396, 1800, 100, 1),
(82592, 1624, 1, 406, 460.004, 309.484, 49.2967, -0.139626, 0, 0, 0.069756, -0.997564, 1800, 100, 1),
(82593, 1624, 1, 406, 900.207, 1788.22, -7.09105, 1.78024, 0, 0, 0.777146, 0.62932, 1800, 100, 1),
(82594, 1624, 1, 406, 1105.98, -239.175, -1.38236, 0.663223, 0, 0, 0.325567, 0.945519, 300, 100, 1),
(82595, 1624, 1, 406, 2455.99, 1628.16, 287.085, 4.64258, 0, 0, -0.731354, 0.681998, 300, 100, 1),
(82596, 1624, 1, 406, 2613.47, 1547.49, 261.202, 3.24635, 0, 0, -0.998629, 0.0523532, 300, 100, 1),
(82597, 1624, 1, 406, 55.6568, -82.2592, 19.7826, 3.3685, 0, 0, -0.993571, 0.113208, 300, 100, 1),
(82598, 1624, 1, 406, 1509.59, -235.847, 29.0809, 0.558504, 0, 0, 0.275637, 0.961262, 300, 100, 1),
(82599, 1624, 1, 406, 2370.62, 1459.79, 277.939, 1.0472, 0, 0, 0.5, 0.866025, 300, 100, 1),
(82600, 1624, 1, 406, 881.701, 1748.01, -12.252, 5.34071, 0, 0, -0.45399, 0.891007, 300, 100, 1),
(82601, 1624, 1, 406, 1161.17, 292.83, 15.5815, 2.30383, 0, 0, 0.913545, 0.406738, 300, 100, 1),
(82602, 1624, 1, 406, 1449.23, -253.817, 12.8397, 1.76278, 0, 0, 0.771625, 0.636078, 300, 100, 1),
(82603, 1624, 1, 406, 1415.75, 77.1022, 14.3272, 0.59341, 0, 0, 0.292371, 0.956305, 300, 100, 1),
(82604, 1624, 1, 406, 1049.41, 57.1624, 10.1874, 3.57793, 0, 0, -0.976295, 0.216442, 300, 100, 1),
(82605, 1623, 1, 406, 2622.2, 1778.37, 337.445, 1.98967, 0, 0, 0.83867, 0.54464, 300, 100, 1),
(82606, 1621, 1, 406, 2184.14, 105.704, 128.408, -2.25148, 0, 0, 0.902585, -0.430511, 900, 100, 1),
(82607, 1621, 1, 406, 1742.64, -1247.11, 145.985, 2.21657, 0, 0, 0.894934, 0.446198, 900, 100, 1),
(82608, 1621, 1, 406, 2007.82, -85.1341, 114.968, -0.541052, 0, 0, 0.267238, -0.96363, 900, 100, 1),
(82609, 1622, 1, 406, 2368.99, -175.729, 97.1835, 2.32129, 0, 0, 0.91706, 0.398749, 1800, 100, 1),
(82610, 1622, 1, 406, 2286.17, -585.97, 117.328, 0.680678, 0, 0, 0.333807, 0.942641, 1800, 100, 1),
(82611, 1624, 1, 406, 2769.78, 628.216, 93.3106, 2.04204, 0, 0, 0.85264, 0.522499, 1800, 100, 1),
(82612, 1624, 1, 406, 2222.26, -763.702, 106.482, -2.30383, 0, 0, 0.913545, -0.406737, 1800, 100, 1),
(82613, 1624, 1, 406, 2394.2, -305.235, 98.3348, 1.78024, 0, 0, 0.777146, 0.62932, 1800, 100, 1),
(82614, 1624, 1, 406, 2133.65, -688.814, 103.906, 2.98451, 0, 0, 0.996917, 0.078459, 1800, 100, 1);

-- Feralas
DELETE FROM `pool_gameobject` WHERE `pool_entry` IN (964);
DELETE FROM `pool_template` WHERE `entry` IN (964);
DELETE FROM `gameobject` WHERE `guid` IN (7360,7371,7376,7416,7425,7434,7435,7440,7476,7477,7479,7530,7545,7863,7907,8163,8641,8832,9059,9117,9166,9194,9195,9196,9197,9220,15932,16035,16067,16267,16270,18982,18989,18992,18999,19054,19074,19122,19123,19143,19173,19183,19220,19224,49972,49973,49974,49975,49976,49977,49978,49979,49980,49981,49982,49983,49984,49985,49986,49987,49988,49989,49990,49991,49992,49993,49994,49995,49996,49997,49998,49999,50000,50001,50002,50003,50004,50159,50160,50161,50163,50208,50209,50210,50211,50212,50213,50216,50217,50218,50219,50220,50221,50222,50223,50225,50226,50227,50228,50229,50238,50239,50240,50241,50242,50243,50244,50245,50246,50247,50248,50249,50250,50251,50252,50253,50254,50255,86054,86055,86059,86061,86062,86063,86064,86065,86066,86072,86076,86092,86093,86096,86099,86100,86101,86102,86103,86104,86110,86111,86113,86114,86115,86116,86117,86118,86119,86120,86121,86122,86123,86124,86125,86384,86386,86799,86800,86804,86809,86810,86811,86812,86821,86822,86828,86829,86843,86844,86845,86847,86848,86849,86853,86860,86861,86863,86953,86954,86956,86958,86959,86963,86965,86966,86968,86969,86970,86984,86986,86987,86988,87064,87165,87166,87171,87173,87181,87182,87184,87297,87354,87355,87356,87365,87367,87373,87375,87549,87560);

-- Vmangos pools: (1189,1190,1191,1192,1193,1194,1324);
DELETE FROM `pool_template` WHERE `entry` BETWEEN 565 AND 571;
INSERT INTO `pool_template` (`entry`, `max_limit`, `description`) VALUES
(565, 4, 'Khadgars Whisker in Feralas'),
(566, 9, 'Stranglekelp in Feralas'),
(567, 8, 'Goldthorn in Feralas'),
(568, 6, 'Sungrass in Feralas'),
(569, 6, 'Liferoot in Feralas'),
(570, 5, 'Golden Sansam in Feralas'),
(571, 5, 'Purple Lotus in Feralas');

DELETE FROM `pool_gameobject` WHERE `guid` BETWEEN 79319 AND 79576;
INSERT INTO `pool_gameobject` (`guid`, `pool_entry`, `chance`, `description`) VALUES 
(79319, 567, 0, 'Goldthorn'),
(79320, 567, 0, 'Goldthorn'),
(79321, 567, 0, 'Goldthorn'),
(79322, 565, 0, 'Khadgar\'s Whisker'),
(79323, 565, 0, 'Khadgar\'s Whisker'),
(79324, 569, 0, 'Liferoot'),
(79325, 569, 0, 'Liferoot'),
(79326, 569, 0, 'Liferoot'),
(79327, 569, 0, 'Liferoot'),
(79328, 569, 0, 'Liferoot'),
(79329, 569, 0, 'Liferoot'),
(79330, 569, 0, 'Liferoot'),
(79331, 569, 0, 'Liferoot'),
(79332, 569, 0, 'Liferoot'),
(79333, 569, 0, 'Liferoot'),
(79334, 569, 0, 'Liferoot'),
(79335, 569, 0, 'Liferoot'),
(79336, 569, 0, 'Liferoot'),
(79337, 565, 0, 'Khadgar\'s Whisker'),
(79338, 565, 0, 'Khadgar\'s Whisker'),
(79339, 565, 0, 'Khadgar\'s Whisker'),
(79340, 566, 0, 'Stranglekelp'),
(79341, 566, 0, 'Stranglekelp'),
(79342, 566, 0, 'Stranglekelp'),
(79343, 566, 0, 'Stranglekelp'),
(79344, 566, 0, 'Stranglekelp'),
(79345, 566, 0, 'Stranglekelp'),
(79346, 566, 0, 'Stranglekelp'),
(79347, 566, 0, 'Stranglekelp'),
(79348, 566, 0, 'Stranglekelp'),
(79349, 566, 0, 'Stranglekelp'),
(79350, 566, 0, 'Stranglekelp'),
(79351, 566, 0, 'Stranglekelp'),
(79352, 566, 0, 'Stranglekelp'),
(79353, 566, 0, 'Stranglekelp'),
(79354, 566, 0, 'Stranglekelp'),
(79355, 566, 0, 'Stranglekelp'),
(79356, 566, 0, 'Stranglekelp'),
(79357, 566, 0, 'Stranglekelp'),
(79358, 566, 0, 'Stranglekelp'),
(79359, 566, 0, 'Stranglekelp'),
(79360, 566, 0, 'Stranglekelp'),
(79361, 566, 0, 'Stranglekelp'),
(79362, 566, 0, 'Stranglekelp'),
(79363, 567, 0, 'Goldthorn'),
(79364, 567, 0, 'Goldthorn'),
(79365, 567, 0, 'Goldthorn'),
(79366, 567, 0, 'Goldthorn'),
(79367, 567, 0, 'Goldthorn'),
(79368, 567, 0, 'Goldthorn'),
(79369, 567, 0, 'Goldthorn'),
(79370, 567, 0, 'Goldthorn'),
(79371, 567, 0, 'Goldthorn'),
(79372, 567, 0, 'Goldthorn'),
(79373, 571, 0, 'Purple Lotus'),
(79374, 571, 0, 'Purple Lotus'),
(79375, 568, 0, 'Sungrass'),
(79376, 568, 0, 'Sungrass'),
(79377, 568, 0, 'Sungrass'),
(79378, 568, 0, 'Sungrass'),
(79379, 567, 0, 'Goldthorn'),
(79380, 567, 0, 'Goldthorn'),
(79381, 567, 0, 'Goldthorn'),
(79382, 567, 0, 'Goldthorn'),
(79383, 567, 0, 'Goldthorn'),
(79384, 567, 0, 'Goldthorn'),
(79385, 567, 0, 'Goldthorn'),
(79386, 567, 0, 'Goldthorn'),
(79387, 567, 0, 'Goldthorn'),
(79388, 567, 0, 'Goldthorn'),
(79389, 565, 0, 'Khadgars Whisker'),
(79390, 565, 0, 'Khadgars Whisker'),
(79391, 565, 0, 'Khadgars Whisker'),
(79392, 565, 0, 'Khadgars Whisker'),
(79393, 570, 0, 'Golden Sansam'),
(79394, 570, 0, 'Golden Sansam'),
(79395, 570, 0, 'Golden Sansam'),
(79396, 570, 0, 'Golden Sansam'),
(79397, 570, 0, 'Golden Sansam'),
(79398, 570, 0, 'Golden Sansam'),
(79399, 570, 0, 'Golden Sansam'),
(79400, 570, 0, 'Golden Sansam'),
(79401, 570, 0, 'Golden Sansam'),
(79402, 570, 0, 'Golden Sansam'),
(79403, 570, 0, 'Golden Sansam'),
(79404, 570, 0, 'Golden Sansam'),
(79405, 570, 0, 'Golden Sansam'),
(79406, 570, 0, 'Golden Sansam'),
(79407, 571, 0, 'Purple Lotus'),
(79408, 571, 0, 'Purple Lotus'),
(79409, 566, 0, 'Stranglekelp'),
(79410, 566, 0, 'Stranglekelp'),
(79411, 566, 0, 'Stranglekelp'),
(79412, 566, 0, 'Stranglekelp'),
(79413, 566, 0, 'Stranglekelp'),
(79414, 566, 0, 'Stranglekelp'),
(79415, 569, 0, 'Liferoot'),
(79416, 566, 0, 'Stranglekelp'),
(79417, 568, 0, 'Sungrass'),
(79418, 568, 0, 'Sungrass'),
(79419, 568, 0, 'Sungrass'),
(79420, 568, 0, 'Sungrass'),
(79421, 568, 0, 'Sungrass'),
(79422, 568, 0, 'Sungrass'),
(79423, 569, 0, 'Liferoot'),
(79424, 569, 0, 'Liferoot'),
(79425, 569, 0, 'Liferoot'),
(79426, 569, 0, 'Liferoot'),
(79427, 569, 0, 'Liferoot'),
(79428, 569, 0, 'Liferoot'),
(79429, 569, 0, 'Liferoot'),
(79430, 565, 0, 'Khadgar\'s Whisker'),
(79431, 565, 0, 'Khadgar\'s Whisker'),
(79432, 565, 0, 'Khadgar\'s Whisker'),
(79433, 565, 0, 'Khadgar\'s Whisker'),
(79434, 565, 0, 'Khadgars Whisker'),
(79435, 565, 0, 'Khadgars Whisker'),
(79436, 565, 0, 'Khadgars Whisker'),
(79437, 565, 0, 'Khadgars Whisker'),
(79438, 571, 0, 'Purple Lotus'),
(79439, 571, 0, 'Purple Lotus'),
(79440, 571, 0, 'Purple Lotus'),
(79441, 571, 0, 'Purple Lotus'),
(79442, 571, 0, 'Purple Lotus'),
(79443, 571, 0, 'Purple Lotus'),
(79444, 571, 0, 'Purple Lotus'),
(79445, 571, 0, 'Purple Lotus'),
(79446, 571, 0, 'Purple Lotus'),
(79447, 571, 0, 'Purple Lotus'),
(79448, 571, 0, 'Purple Lotus'),
(79449, 571, 0, 'Purple Lotus'),
(79450, 571, 0, 'Purple Lotus'),
(79451, 571, 0, 'Purple Lotus'),
(79452, 568, 0, 'Sungrass'),
(79453, 568, 0, 'Sungrass'),
(79454, 568, 0, 'Sungrass'),
(79455, 568, 0, 'Sungrass'),
(79456, 568, 0, 'Sungrass'),
(79457, 568, 0, 'Sungrass'),
(79458, 568, 0, 'Sungrass'),
(79459, 568, 0, 'Sungrass'),
(79460, 568, 0, 'Sungrass'),
(79461, 568, 0, 'Sungrass'),
(79462, 568, 0, 'Sungrass'),
(79463, 568, 0, 'Sungrass'),
(79464, 571, 0, 'Purple Lotus'),
(79465, 568, 0, 'Sungrass'),
(79466, 568, 0, 'Sungrass'),
(79467, 571, 0, 'Purple Lotus'),
(79468, 568, 0, 'Sungrass'),
(79469, 568, 0, 'Sungrass'),
(79470, 571, 0, 'Purple Lotus'),
(79471, 571, 0, 'Purple Lotus'),
(79472, 571, 0, 'Purple Lotus'),
(79473, 571, 0, 'Purple Lotus'),
(79474, 571, 0, 'Purple Lotus'),
(79475, 571, 0, 'Purple Lotus'),
(79476, 571, 0, 'Purple Lotus'),
(79477, 571, 0, 'Purple Lotus'),
(79478, 571, 0, 'Purple Lotus'),
(79479, 570, 0, 'Golden Sansam'),
(79480, 570, 0, 'Golden Sansam'),
(79481, 570, 0, 'Golden Sansam'),
(79482, 570, 0, 'Golden Sansam'),
(79483, 569, 0, 'Liferoot'),
(79484, 569, 0, 'Liferoot'),
(79485, 569, 0, 'Liferoot'),
(79486, 569, 0, 'Liferoot'),
(79487, 569, 0, 'Liferoot'),
(79488, 569, 0, 'Liferoot'),
(79489, 565, 0, 'Khadgar\'s Whisker'),
(79490, 565, 0, 'Khadgar\'s Whisker'),
(79491, 565, 0, 'Khadgar\'s Whisker'),
(79492, 565, 0, 'Khadgar\'s Whisker'),
(79493, 565, 0, 'Khadgar\'s Whisker'),
(79494, 565, 0, 'Khadgar\'s Whisker'),
(79495, 565, 0, 'Khadgar\'s Whisker'),
(79496, 565, 0, 'Khadgar\'s Whisker'),
(79497, 565, 0, 'Khadgar\'s Whisker'),
(79498, 565, 0, 'Khadgar\'s Whisker'),
(79499, 565, 0, 'Khadgar\'s Whisker'),
(79500, 565, 0, 'Khadgar\'s Whisker'),
(79501, 565, 0, 'Khadgar\'s Whisker'),
(79502, 566, 0, 'Stranglekelp'),
(79503, 566, 0, 'Stranglekelp'),
(79504, 566, 0, 'Stranglekelp'),
(79505, 566, 0, 'Stranglekelp'),
(79506, 567, 0, 'Goldthorn'),
(79507, 567, 0, 'Goldthorn'),
(79508, 567, 0, 'Goldthorn'),
(79509, 567, 0, 'Goldthorn'),
(79510, 567, 0, 'Goldthorn'),
(79511, 567, 0, 'Goldthorn'),
(79512, 567, 0, 'Goldthorn'),
(79513, 567, 0, 'Goldthorn'),
(79514, 567, 0, 'Goldthorn'),
(79515, 567, 0, 'Goldthorn'),
(79516, 567, 0, 'Goldthorn'),
(79517, 567, 0, 'Goldthorn'),
(79518, 567, 0, 'Goldthorn'),
(79519, 567, 0, 'Goldthorn'),
(79520, 567, 0, 'Goldthorn'),
(79521, 567, 0, 'Goldthorn'),
(79522, 567, 0, 'Goldthorn'),
(79523, 567, 0, 'Goldthorn'),
(79524, 567, 0, 'Goldthorn'),
(79525, 567, 0, 'Goldthorn'),
(79526, 567, 0, 'Goldthorn'),
(79527, 567, 0, 'Goldthorn'),
(79528, 567, 0, 'Goldthorn'),
(79529, 567, 0, 'Goldthorn'),
(79530, 565, 0, 'Khadgars Whisker'),
(79531, 565, 0, 'Khadgars Whisker'),
(79532, 565, 0, 'Khadgars Whisker'),
(79533, 565, 0, 'Khadgars Whisker'),
(79534, 565, 0, 'Khadgars Whisker'),
(79535, 565, 0, 'Khadgars Whisker'),
(79536, 565, 0, 'Khadgars Whisker'),
(79537, 565, 0, 'Khadgars Whisker'),
(79538, 565, 0, 'Khadgars Whisker'),
(79539, 565, 0, 'Khadgars Whisker'),
(79540, 566, 0, 'Stranglekelp'),
(79541, 568, 0, 'Sungrass'),
(79542, 568, 0, 'Sungrass'),
(79543, 568, 0, 'Sungrass'),
(79544, 568, 0, 'Sungrass'),
(79545, 568, 0, 'Sungrass'),
(79546, 568, 0, 'Sungrass'),
(79547, 568, 0, 'Sungrass'),
(79548, 568, 0, 'Sungrass'),
(79549, 568, 0, 'Sungrass'),
(79550, 568, 0, 'Sungrass'),
(79551, 568, 0, 'Sungrass'),
(79552, 568, 0, 'Sungrass'),
(79553, 568, 0, 'Sungrass'),
(79554, 568, 0, 'Sungrass'),
(79555, 568, 0, 'Sungrass'),
(79556, 568, 0, 'Sungrass'),
(79557, 568, 0, 'Sungrass'),
(79558, 568, 0, 'Sungrass'),
(79559, 568, 0, 'Sungrass'),
(79560, 568, 0, 'Sungrass'),
(79561, 568, 0, 'Sungrass'),
(79562, 568, 0, 'Sungrass'),
(79563, 568, 0, 'Sungrass'),
(79564, 568, 0, 'Sungrass'),
(79565, 568, 0, 'Sungrass'),
(79566, 568, 0, 'Sungrass'),
(79567, 566, 0, 'Stranglekelp'),
(79568, 571, 0, 'Purle Lotus'),
(79569, 568, 0, 'Sungrass'),
(79570, 568, 0, 'Sungrass'),
(79571, 565, 0, 'Khadgars Whisker'),
(79572, 568, 0, 'Sungrass'),
(79573, 571, 0, 'Purple Lotus'),
(79574, 568, 0, 'Sungrass'),
(79575, 568, 0, 'Sungrass'),
(79576, 568, 0, 'Sungrass');

DELETE FROM `gameobject` WHERE `zoneId`=357 AND `guid` BETWEEN 79319 AND 79576;
INSERT INTO `gameobject` (`guid`, `id`, `map`, `zoneId`, `position_x`, `position_y`, `position_z`, `orientation`, `rotation0`, `rotation1`, `rotation2`, `rotation3`, `spawntimesecs`, `animprogress`, `state`) VALUES
(79319, 2046, 1, 357, -3519.39, 1858.88, 73.0516, 3.15906, 0, 0, -0.999962, 0.00873464, 1800, 255, 1),
(79320, 2046, 1, 357, -5420.75, 1183.68, 66.5455, 4.2237, 0, 0, -0.857167, 0.515038, 1800, 255, 1),
(79321, 2046, 1, 357, -5868.21, 1210.25, 95.1845, 2.46091, 0, 0, 0.942641, 0.333808, 1800, 255, 1),
(79322, 2043, 1, 357, -3498.04, 1972.02, 44.8768, 3.89209, 0, 0, -0.930417, 0.366502, 1800, 255, 1),
(79323, 2043, 1, 357, -5341.18, 1113.72, 65.19, 4.7473, 0, 0, -0.694658, 0.71934, 1800, 255, 1),
(79324, 2041, 1, 357, -4546, 2116.9, 0.716, 4.933, 0, 0, 0, 0, 1800, 100, 1),
(79325, 2041, 1, 357, -4809, 2215.77, 4.98075, 2.056, 0, 0, 0, 0, 1800, 100, 1),
(79326, 2041, 1, 357, -4812, 495.623, 17.832, 4.561, 0, 0, 0, 0, 1800, 100, 1),
(79327, 2041, 1, 357, -4633, 2115.26, 1.266, 5.841, 0, 0, 0, 0, 1800, 100, 1),
(79328, 2041, 1, 357, -4524, 2107.81, 2.135, 5.547, 0, 0, 0, 0, 1800, 100, 1),
(79329, 2041, 1, 357, -4805, 2169.38, 2.46, 2.476, 0, 0, 0, 0, 1800, 100, 1),
(79330, 2041, 1, 357, -3510, 2070.7, 44.272, 4.791, 0, 0, 0, 0, 1800, 100, 1),
(79331, 2041, 1, 357, -4798, 1112.5, 86.984, 6.036, 0, 0, 0, 0, 1800, 100, 1),
(79332, 2041, 1, 357, -4274, 184.708, 59.4709, 3.48, 0, 0, 0, 0, 1800, 100, 1),
(79333, 2041, 1, 357, -4510.99, 2089.55, 1.78086, 4.36332, 0, 0, -0.819152, 0.573577, 1800, 100, 1),
(79334, 2041, 1, 357, -3525, 2002.69, 43.306, 4.968, 0, 0, 0, 0, 1800, 100, 1),
(79335, 2041, 1, 357, -4081, 319.429, 57.406, 5.365, 0, 0, 0, 0, 1800, 100, 1),
(79336, 2041, 1, 357, -4599, 2150.21, 4.825, 2.543, 0, 0, 0, 0, 1800, 100, 1),
(79337, 2043, 1, 357, -4140.47, -185.429, 56.7148, 0.296705, 0, 0, 0.147809, 0.989016, 1800, 100, 1),
(79338, 2043, 1, 357, -4360.75, -345.096, 38.7082, 2.53072, 0, 0, 0.953716, 0.300708, 1800, 100, 1),
(79339, 2043, 1, 357, -4629.04, 2040.21, 6.75116, 0.034907, 0, 0, 0.017452, 0.999848, 1800, 100, 1),
(79340, 2045, 1, 357, -5378, 2271.87, 0.879, 3.379, 0, 0, 0, 0, 900, 100, 1),
(79341, 2045, 1, 357, -5455, 2328.48, 0.381, 5.005, 0, 0, 0, 0, 900, 100, 1),
(79342, 2045, 1, 357, -4982, 3272.63, 0.014, 5.865, 0, 0, 0, 0, 900, 100, 1),
(79343, 2045, 1, 357, -5210, 2208.77, 1.053, 5.822, 0, 0, 0, 0, 900, 100, 1),
(79344, 2045, 1, 357, -5539, 2320.89, 0.26, 4.718, 0, 0, 0, 0, 900, 100, 1),
(79345, 2045, 1, 357, -5258, 3632.46, 1.05, 4.168, 0, 0, 0, 0, 900, 100, 1),
(79346, 2045, 1, 357, -5018, 3597.11, 0.308, 1.824, 0, 0, 0, 0, 900, 100, 1),
(79347, 2045, 1, 357, -4465, 2360.82, 0.344, 3.917, 0, 0, 0, 0, 900, 100, 1),
(79348, 2045, 1, 357, -5260, 3655.08, 0.758, 6.018, 0, 0, 0, 0, 900, 100, 1),
(79349, 2045, 1, 357, -5282, 3313.75, 1.156, 5.182, 0, 0, 0, 0, 900, 100, 1),
(79350, 2045, 1, 357, -5343, 3367.98, 0.303, 5.484, 0, 0, 0, 0, 900, 100, 1),
(79351, 2045, 1, 357, -5034, 2222.27, 1.919, 3.952, 0, 0, 0, 0, 900, 100, 1),
(79352, 2045, 1, 357, -4603, 2340.47, 0.149, 6.258, 0, 0, 0, 0, 900, 100, 1),
(79353, 2045, 1, 357, -5027, 3668.44, 0, 5.26, 0, 0, 0, 0, 900, 100, 1),
(79354, 2045, 1, 357, -5032, 3674.22, -1, 5.26, 0, 0, 0, 0, 900, 100, 1),
(79355, 2045, 1, 357, -5295, 2247.02, 0.376, 4.545, 0, 0, 0, 0, 900, 100, 1),
(79356, 2045, 1, 357, -4699, 2366.34, 0.95328, 3.556, 0, 0, 0, 0, 900, 100, 1),
(79357, 2045, 1, 357, -3964, 3026.87, 0.069, 4.742, 0, 0, 0, 0, 900, 100, 1),
(79358, 2045, 1, 357, -4032, 2967.71, 0.002, 4.781, 0, 0, 0, 0, 900, 100, 1),
(79359, 2045, 1, 357, -4800, 2268.42, 0.301, 4.428, 0, 0, 0, 0, 900, 100, 1),
(79360, 2045, 1, 357, -5305, 3768.23, 0.149, 3.513, 0, 0, 0, 0, 900, 100, 1),
(79361, 2045, 1, 357, -4810, 2254.22, 0.318, 4.003, 0, 0, 0, 0, 900, 100, 1),
(79362, 2045, 1, 357, -5277, 3719.98, 0, 3.835, 0, 0, 0, 0, 900, 100, 1),
(79363, 2046, 1, 357, -4782, 935.673, 149.633, 1.46608, 0, 0, 0.669131, 0.743145, 1800, 100, 1),
(79364, 2046, 1, 357, -3801.2, 2052.18, 74.8953, 4.64258, 0, 0, -0.731354, 0.681998, 1800, 100, 1),
(79365, 2046, 1, 357, -4692.77, 1519.28, 115.723, 3.47321, 0, 0, -0.986285, 0.16505, 1800, 100, 1),
(79366, 2046, 1, 357, -4014.74, -55.869, 159.176, 2.93289, 0, 0, 0, 0, 1800, 100, 1),
(79367, 2046, 1, 357, -4519.89, -169.618, 86.3383, 3.80951, 0, 0, 0, 0, 1800, 100, 1),
(79368, 2046, 1, 357, -3770.35, 249.57, 127.063, 1.78112, 0, 0, 0, 0, 1800, 100, 1),
(79369, 2046, 1, 357, -3944.69, 110.325, 138.115, 1.76323, 0, 0, 0, 0, 1800, 100, 1),
(79370, 2046, 1, 357, -3908.75, 125.376, 132.649, 3.03634, 0, 0, 0, 0, 1800, 100, 1),
(79371, 2046, 1, 357, -4042.16, -27.6958, 84.5814, 5.74075, 0, 0, 0, 0, 1800, 100, 1),
(79372, 2046, 1, 357, -4533.93, -177.838, 87.9576, 3.67129, 0, 0, 0, 0, 1800, 100, 1),
(79373, 142140, 1, 357, -3093.81, 1941.48, 29.1315, 4.64258, 0, 0, -0.731354, 0.681998, 2700, 255, 1),
(79374, 142140, 1, 357, -4884.26, 1158.3, 81.752, 1.0821, 0, 0, 0.515037, 0.857168, 2700, 100, 1),
(79375, 142142, 1, 357, -4450, 537.857, 51.691, 2.827, 0, 0, 0.987688, 0.156435, 2700, 100, 1),
(79376, 142142, 1, 357, -4657.48, 1604.65, 115.776, 4.27606, 0, 0, -0.843391, 0.5373, 2700, 100, 1),
(79377, 142142, 1, 357, -4645.59, 1801.94, 93.4592, 6.00393, 0, 0, -0.139173, 0.990268, 2700, 100, 1),
(79378, 142142, 1, 357, -4714.79, 1417.73, 88.0768, 3.3685, 0, 0, -0.993571, 0.113208, 2700, 100, 1),
(79379, 2046, 1, 357, -4025.22, 2287.75, 24.822, 0.0523589, 0, 0, 0.0261765, 0.999657, 300, 100, 1),
(79380, 2046, 1, 357, -3999.66, 219.765, 75.7146, 4.29351, 0, 0, -0.83867, 0.54464, 300, 100, 1),
(79381, 2046, 1, 357, -4755.83, 708.226, 71.9197, 3.14159, 0, 0, -1, 0, 300, 100, 1),
(79382, 2046, 1, 357, -5524.98, 1042.34, 124.109, 3.87463, 0, 0, -0.93358, 0.358368, 300, 100, 1),
(79383, 2046, 1, 357, -4738.59, 823.524, 141.484, 3.42085, 0, 0, -0.990268, 0.139175, 300, 100, 1),
(79384, 2046, 1, 357, -5125.62, 1134.26, 92.5124, 5.3058, 0, 0, -0.469471, 0.882948, 300, 100, 1),
(79385, 2046, 1, 357, -5815.48, 1328.89, 73.17, 2.58308, 0, 0, 0.961261, 0.27564, 300, 100, 1),
(79386, 2046, 1, 357, -5543.7, 1106.71, 69.3718, 1.53589, 0, 0, 0.694658, 0.71934, 300, 100, 1),
(79387, 2046, 1, 357, -5849.93, 1498.83, 86.9555, 1.62316, 0, 0, 0.725374, 0.688355, 300, 100, 1),
(79388, 2046, 1, 357, -4935.56, 1175.7, 75.7224, 4.90438, 0, 0, -0.636078, 0.771625, 300, 100, 1),
(79389, 2043, 1, 357, -4151.86, 181.619, 60.0951, 5.58505, 0, 0, -0.34202, 0.939693, 300, 100, 1),
(79390, 2043, 1, 357, -4444.69, -491.649, 16.8626, 5.60251, 0, 0, -0.333807, 0.942641, 300, 100, 1),
(79391, 2043, 1, 357, -4045.41, 22.926, 71.7135, 4.01426, 0, 0, -0.906307, 0.422619, 300, 100, 1),
(79392, 2043, 1, 357, -5315.67, 1631.8, 52.4483, 5.86431, 0, 0, -0.207911, 0.978148, 300, 100, 1),
(79393, 176583, 1, 357, -5319.58, 1220.34, 55.904, 5.61996, 0, 0, -0.325567, 0.945519, 2700, 100, 1),
(79394, 176583, 1, 357, -5312, 1521.68, 42.133, 0.828, 0, 0, 0, 0, 2700, 100, 1),
(79395, 176583, 1, 357, -5125, 607.123, 38.561, 2.15, 0, 0, 0, 0, 2700, 100, 1),
(79396, 176583, 1, 357, -3449, 1932.54, 41.28, 5.864, 0, 0, 0, 0, 2700, 100, 1),
(79397, 176583, 1, 357, -3440.09, 1926.25, 41.6386, 6.23083, 0, 0, -0.0261765, 0.999657, 300, 100, 1),
(79398, 176583, 1, 357, -4567, 1449.02, 101.072, 5.989, 0, 0, 0, 0, 2700, 100, 1),
(79399, 176583, 1, 357, -4615, 1463.7, 99.362, 5.938, 0, 0, 0, 0, 2700, 100, 1),
(79400, 176583, 1, 357, -4477, -576, 5.267, 5.506, 0, 0, 0, 0, 2700, 100, 1),
(79401, 176583, 1, 357, -2786, 2640.61, 74.182, 1.694, 0, 0, 0, 0, 2700, 100, 1),
(79402, 176583, 1, 357, -4933, 1732.28, 64.691, 2.247, 0, 0, 0, 0, 2700, 100, 1),
(79403, 176583, 1, 357, -4883, 148.703, 65.094, 3.368, 0, 0, 0, 0, 2700, 100, 1),
(79404, 176583, 1, 357, -3866, 2015.37, 73.917, 4.255, 0, 0, 0, 0, 2700, 100, 1),
(79405, 176583, 1, 357, -4951.82, 1747.18, 65.6505, 5.98648, 0, 0, -0.147809, 0.989016, 300, 100, 1),
(79406, 176583, 1, 357, -4491.8, -568.489, 4.83053, 1.02974, 0, 0, 0.492423, 0.870356, 300, 100, 1),
(79407, 142140, 1, 357, -4913.04, 1193.57, 56.7543, 1.79769, 0, 0, 0.782608, 0.622515, 300, 100, 1),
(79408, 142140, 1, 357, -3153.04, 1919.11, 45.3751, 2.11185, 0, 0, 0.870356, 0.492424, 300, 100, 1),
(79409, 2045, 1, 357, -4028.73, 3024.21, -2.06751, 0.541051, 0, 0, 0.267238, 0.963631, 300, 100, 1),
(79410, 2045, 1, 357, -5044.58, 3049.64, -36.145, 5.21854, 0, 0, -0.507538, 0.861629, 300, 100, 1),
(79411, 2045, 1, 357, -5051.09, 3747.41, -13.16, 1.29154, 0, 0, 0.601814, 0.798636, 300, 100, 1),
(79412, 2045, 1, 357, -4760.31, 2385.35, -12.5588, 5.70723, 0, 0, -0.284015, 0.95882, 300, 100, 1),
(79413, 2045, 1, 357, -4854.1, 2430.44, -38.6081, 3.21142, 0, 0, -0.999391, 0.0349061, 300, 100, 1),
(79414, 2045, 1, 357, -4381.42, 2387.58, -14.8299, 3.15906, 0, 0, -0.999962, 0.00873464, 300, 100, 1),
(79415, 2041, 1, 357, -3042.13, 1967.54, 28.5348, 4.85202, 0, 0, -0.656058, 0.75471, 1800, 255, 1),
(79416, 2045, 1, 357, -4084.1, 2883.71, -20.2978, 5.79449, 0, 0, -0.241921, 0.970296, 300, 100, 1),
(79417, 142142, 1, 357, -4940.68, 1379.55, 51.1686, 3.42085, 0, 0, -0.990268, 0.139175, 300, 100, 1),
(79418, 142142, 1, 357, -4771.66, 1382.84, 106.601, 4.67748, 0, 0, -0.719339, 0.694659, 300, 100, 1),
(79419, 142142, 1, 357, -4892.01, 1477.28, 83.182, 0.471238, 0, 0, 0.233445, 0.97237, 300, 100, 1),
(79420, 142142, 1, 357, -4542.05, 551.276, 61.0015, 5.2709, 0, 0, -0.484809, 0.87462, 300, 100, 1),
(79421, 142142, 1, 357, -4664.02, 1593.6, 116.131, 5.39307, 0, 0, -0.430511, 0.902586, 300, 100, 1),
(79422, 142142, 1, 357, -4378.7, 473.177, 55.3617, 2.82743, 0, 0, 0.987688, 0.156436, 300, 100, 1),
(79423, 2041, 1, 357, -4716.59, 2077.56, 2.63233, 3.47321, 0, 0, -0.986285, 0.16505, 300, 100, 1),
(79424, 2041, 1, 357, -4649.62, 232.225, 6.14846, 2.07694, 0, 0, 0.861629, 0.507539, 300, 100, 1),
(79425, 2041, 1, 357, -3032.17, 2091.52, 28.1324, 0.331611, 0, 0, 0.165047, 0.986286, 300, 100, 1),
(79426, 2041, 1, 357, -3303.51, 2199.39, 28.4162, 1.27409, 0, 0, 0.594822, 0.803857, 300, 100, 1),
(79427, 2041, 1, 357, -4662.81, 1144.55, 87.1693, 2.54818, 0, 0, 0.956305, 0.292372, 300, 100, 1),
(79428, 2041, 1, 357, -4237.53, 219.173, 52.6707, 2.04204, 0, 0, 0.85264, 0.522499, 300, 100, 1),
(79429, 2041, 1, 357, -4792.35, 1106.09, 84.0014, 1.18682, 0, 0, 0.559193, 0.829038, 300, 100, 1),
(79430, 2043, 1, 357, 3614.66, -4766.14, 113.319, -2.1293, 0, 0, 0.87462, -0.48481, 1800, 100, 1),
(79431, 2043, 1, 357, 4341.33, -7143.35, 123.534, -2.07694, 0, 0, 0.861629, -0.507538, 1800, 100, 1),
(79432, 2043, 1, 357, 3942.89, -5104.25, 120.356, -1.98968, 0, 0, 0.838671, -0.544639, 1800, 100, 1),
(79433, 2043, 1, 357, 2441.38, -5946.83, 86.3413, 2.30383, 0, 0, 0.913545, 0.406737, 1800, 100, 1),
(79434, 2043, 1, 357, 4666.72, -6522.82, 113.834, 2.86234, 0, 0, 0.990268, 0.139175, 300, 100, 1),
(79435, 2043, 1, 357, 3213.58, -5146.55, 140.037, 0.942477, 0, 0, 0.45399, 0.891007, 300, 100, 1),
(79436, 2043, 1, 357, 2967.38, -4074.46, 103.338, 1.79769, 0, 0, 0.782608, 0.622515, 300, 100, 1),
(79437, 2043, 1, 357, 2630.11, -5716.02, 113.184, 4.17134, 0, 0, -0.870356, 0.492424, 300, 100, 1),
(79438, 142140, 1, 357, -4431.82, 1535.3, 127.198, 0.174533, 0, 0, 0.087156, 0.996195, 2700, 100, 1),
(79439, 142140, 1, 357, -3853.57, 963.272, 152.17, -2.51327, 0, 0, 0.951057, -0.309017, 2700, 100, 1),
(79440, 142140, 1, 357, -4774.86, 3676.36, 10.6375, -1.51844, 0, 0, 0.688354, -0.725374, 2700, 100, 1),
(79441, 142140, 1, 357, -5314.56, 3782.17, 1.40555, -1.97222, 0, 0, 0.833886, -0.551937, 2700, 100, 1),
(79442, 142140, 1, 357, -4925.71, 3668.39, 12.1591, 0.418879, 0, 0, 0.207912, 0.978148, 2700, 100, 1),
(79443, 142140, 1, 357, -5584.1, 1242.7, 20.2652, 2.37365, 0, 0, 0.927184, 0.374607, 2700, 100, 1),
(79444, 142140, 1, 357, -3021, 2668.67, 59.3939, 4.71239, 0, 0, 0.707107, -0.707107, 2700, 100, 1),
(79445, 142140, 1, 357, -5477.34, 1228.05, 33.186, -1.72788, 0, 0, 0.760406, -0.649448, 2700, 100, 1),
(79446, 142140, 1, 357, -5251.24, 1266.2, 54.2452, -2.58309, 0, 0, 0.961262, -0.275637, 2700, 100, 1),
(79447, 142140, 1, 357, -5560.19, 1499.82, 20.8032, -0.610865, 0, 0, 0.300706, -0.953717, 2700, 100, 1),
(79448, 142140, 1, 357, -2882.45, 2666.05, 74.0739, -3.05433, 0, 0, 0.999048, -0.043619, 2700, 100, 1),
(79449, 142140, 1, 357, -3299.99, 1907.3, 45.5809, -3.03687, 0, 0, 0.99863, -0.052336, 2700, 100, 1),
(79450, 142140, 1, 357, -3119.89, 1727.51, 42.6959, 0.837758, 0, 0, 0.406737, 0.913545, 2700, 100, 1),
(79451, 142140, 1, 357, -3031.39, 2788.93, 60.9488, -1.90241, 0, 0, 0.814116, -0.580703, 2700, 100, 1),
(79452, 142142, 1, 357, -4142.78, -555.682, -5.34882, 1.09956, 0, 0, 0.522499, 0.85264, 2700, 100, 1),
(79453, 142142, 1, 357, -4474.64, 1229.13, 125.889, -2.33874, 0, 0, 0.920505, -0.390731, 2700, 100, 1),
(79454, 142142, 1, 357, -4519.35, 1743.76, 94.4294, -2.96706, 0, 0, 0.996195, -0.087156, 2700, 100, 1),
(79455, 142142, 1, 357, -4129.28, -33.777, 60.904, 1.22173, 0, 0, 0.573576, 0.819152, 2700, 100, 1),
(79456, 142142, 1, 357, -3447.11, 1875.71, 48.5747, -2.18166, 0, 0, 0.887011, -0.461749, 2700, 100, 1),
(79457, 142142, 1, 357, -3442.26, 2816.72, 83.3689, -0.855212, 0, 0, 0.414693, -0.909961, 2700, 100, 1),
(79458, 142142, 1, 357, -4614.11, 1285.82, 107.237, 1.36136, 0, 0, 0.62932, 0.777146, 2700, 100, 1),
(79459, 142142, 1, 357, -4185.15, 514.305, 60.8172, -0.907571, 0, 0, 0.438371, -0.898794, 2700, 100, 1),
(79460, 142142, 1, 357, -5007.88, 674.656, 44.6766, -0.610865, 0, 0, 0.300706, -0.953717, 2700, 100, 1),
(79461, 142142, 1, 357, -5160.91, 437.238, 27.8971, 0.05236, 0, 0, 0.026177, 0.999657, 2700, 100, 1),
(79462, 142142, 1, 357, -4139.59, 549.51, 71.6332, 1.65806, 0, 0, 0.737277, 0.67559, 2700, 100, 1),
(79463, 142142, 1, 357, -4951.59, 419.223, 10.7939, 2.6529, 0, 0, 0.970296, 0.241922, 2700, 100, 1),
(79464, 142140, 1, 357, -5449.09, 1327.84, 20.0258, 2.44346, 0, 0, 0.939692, 0.34202, 300, 100, 1),
(79465, 142142, 1, 357, -5270.87, 1553.05, 54.3162, 0.733038, 0, 0, 0.358368, 0.93358, 2700, 100, 1),
(79466, 142142, 1, 357, -4563.7, 1494.91, 99.6016, 1.18682, 0, 0, 0.559193, 0.829038, 2700, 100, 1),
(79467, 142140, 1, 357, -5770.9, 1320, 51.2895, 3.9619, 0, 0, -0.91706, 0.39875, 300, 100, 1),
(79468, 142142, 1, 357, -2942.71, 2481.39, 33.4109, 0, 0, 0, 0, 1, 2700, 100, 1),
(79469, 142142, 1, 357, -3383.44, 2411.08, 34.5997, 2.98451, 0, 0, 0.996917, 0.078459, 2700, 100, 1),
(79470, 142140, 1, 357, -5610.68, 1442.64, 27.5771, 2.75761, 0, 0, 0.981627, 0.190812, 300, 100, 1),
(79471, 142140, 1, 357, -5741.64, 1168.35, 64.9306, 2.21657, 0, 0, 0.894934, 0.446199, 300, 100, 1),
(79472, 142140, 1, 357, -5358.88, 1241.68, 22.1054, 0.610863, 0, 0, 0.300705, 0.953717, 300, 100, 1),
(79473, 142140, 1, 357, -5380.43, 1269.73, 21.0369, 1.43117, 0, 0, 0.656058, 0.75471, 300, 100, 1),
(79474, 142140, 1, 357, -3823, 1222.52, 150.905, 2.70526, 0, 0, 0.976295, 0.216442, 300, 100, 1),
(79475, 142140, 1, 357, -5478.73, 1138.19, 48.0808, 6.23083, 0, 0, -0.0261765, 0.999657, 300, 100, 1),
(79476, 142140, 1, 357, -2947.83, 2695.4, 69.0527, 2.93214, 0, 0, 0.994521, 0.104536, 300, 100, 1),
(79477, 142140, 1, 357, -2956.43, 2825.18, 71.4067, 2.54818, 0, 0, 0.956305, 0.292372, 300, 100, 1),
(79478, 142140, 1, 357, -5561.03, 1195.79, 27.0421, 3.33359, 0, 0, -0.995396, 0.0958512, 300, 100, 1),
(79479, 176583, 1, 357, -4851.86, 95.3166, 90.2275, -0.628319, 0, 0, 0.309017, -0.951056, 2700, 100, 1),
(79480, 176583, 1, 357, -4120.27, -422.528, 21.5707, -1.11701, 0, 0, 0.529919, -0.848048, 2700, 100, 1),
(79481, 176583, 1, 357, -3475.69, 2691.11, 84.2298, -1.37881, 0, 0, 0.636078, -0.771625, 2700, 100, 1),
(79482, 176583, 1, 357, -4588.53, 1415.42, 99.9445, 2.21657, 0, 0, 0.894934, 0.446198, 2700, 100, 1),
(79483, 2041, 1, 357, -2801.66, 2058.35, 28.6504, 1.74533, 0, 0, 0.766044, 0.642788, 1800, 100, 1),
(79484, 2041, 1, 357, -4455.71, 1906.7, 109.936, -2.28638, 0, 0, 0.909961, -0.414693, 1800, 100, 1),
(79485, 2041, 1, 357, -2716.47, 1695.31, 28.991, 1.55334, 0, 0, 0.700909, 0.71325, 1800, 100, 1),
(79486, 2041, 1, 357, -4614.57, 2112.95, 1.4487, -0.15708, 0, 0, 0.078459, -0.996917, 1800, 100, 1),
(79487, 2041, 1, 357, -3439.51, 1963.55, 37.9141, -2.53073, 0, 0, 0.953717, -0.300706, 1800, 100, 1),
(79488, 2041, 1, 357, -4072.24, 324.515, 53.2297, 1.18682, 0, 0, 0.559193, 0.829038, 1800, 100, 1),
(79489, 2043, 1, 357, -4396.74, 1214.04, 128.227, 1.16937, 0, 0, 0.551937, 0.833886, 1800, 100, 1),
(79490, 2043, 1, 357, -4811.92, 929.448, 134.787, -1.41372, 0, 0, 0.649448, -0.760406, 1800, 100, 1),
(79491, 2043, 1, 357, -5327.16, 152.21, 86.8563, 1.90241, 0, 0, 0.814116, 0.580703, 1800, 100, 1),
(79492, 2043, 1, 357, -4081.59, -473.522, 19.9786, -1.67552, 0, 0, 0.743145, -0.669131, 1800, 100, 1),
(79493, 2043, 1, 357, -4128.87, -721.157, -24.4313, -2.21657, 0, 0, 0.894934, -0.446198, 1800, 100, 1),
(79494, 2043, 1, 357, -4580.59, 3655.87, 11.9447, 0.837758, 0, 0, 0.406737, 0.913545, 1800, 100, 1),
(79495, 2043, 1, 357, -3840.25, 2804.39, 13.4874, 0.663225, 0, 0, 0.325568, 0.945519, 1800, 100, 1),
(79496, 2043, 1, 357, -4440.5, -227.748, 52.9039, 0.314159, 0, 0, 0.156434, 0.987688, 1800, 100, 1),
(79497, 2043, 1, 357, -5764.7, 1059.14, 89.6179, 2.09439, 0, 0, 0.866025, 0.5, 1800, 100, 1),
(79498, 2043, 1, 357, -5755.8, 1048.91, 89.1057, 1.06465, 0, 0, 0.507538, 0.861629, 1800, 100, 1),
(79499, 2043, 1, 357, -4748.61, 1867.29, 23.8998, -0.802851, 0, 0, 0.390731, -0.920505, 1800, 100, 1),
(79500, 2043, 1, 357, -3357.84, 2559.06, 22.8718, 0.610865, 0, 0, 0.300706, 0.953717, 1800, 100, 1),
(79501, 2043, 1, 357, -3468.21, 2332.09, 58.3387, 0.698132, 0, 0, 0.34202, 0.939693, 1800, 100, 1),
(79502, 2045, 1, 357, -5036.87, 2280.4, -40.0308, -1.6057, 0, 0, 0.71934, -0.694658, 900, 100, 1),
(79503, 2045, 1, 357, -5056.61, 3546.61, -6.59211, 0.733038, 0, 0, 0.358368, 0.93358, 900, 100, 1),
(79504, 2045, 1, 357, -3949.81, 2752.32, -1.79809, 0.226893, 0, 0, 0.113203, 0.993572, 900, 100, 1),
(79505, 2045, 1, 357, -4240.9, 2440.17, -6.63346, 2.74017, 0, 0, 0.979925, 0.199368, 900, 100, 1),
(79506, 2046, 1, 357, -4977.94, 52.2603, 114.296, -0.715585, 0, 0, 0.350207, -0.936672, 1800, 100, 1),
(79507, 2046, 1, 357, -4009.18, 19.4625, 104.317, -2.75762, 0, 0, 0.981627, -0.190809, 1800, 100, 1),
(79508, 2046, 1, 357, -4001.88, 1937.13, 115.632, -0.610865, 0, 0, 0.300706, -0.953717, 1800, 100, 1),
(79509, 2046, 1, 357, -5442.28, 3826.71, 11.2156, 1.97222, 0, 0, 0.833886, 0.551937, 1800, 100, 1),
(79510, 2046, 1, 357, -5369.51, 522.507, 81.151, 1.72788, 0, 0, 0.760406, 0.649448, 1800, 100, 1),
(79511, 2046, 1, 357, -5479.85, 2243.15, 19.809, -2.89725, 0, 0, 0.992546, -0.121869, 1800, 100, 1),
(79512, 2046, 1, 357, -4682.56, 2242.6, 14.7921, 1.53589, 0, 0, 0.694658, 0.71934, 1800, 100, 1),
(79513, 2046, 1, 357, -4618.66, 1237.83, 109.347, -2.23402, 0, 0, 0.898794, -0.438371, 1800, 100, 1),
(79514, 2046, 1, 357, -3520.99, 2593.73, 84.508, 3.00197, 0, 0, 0.997564, 0.069757, 1800, 100, 1),
(79515, 2046, 1, 357, -3575.07, 2312.49, 73.2116, 0.10472, 0, 0, 0.052336, 0.99863, 1800, 100, 1),
(79516, 2046, 1, 357, -3922.86, 96.7522, 151.26, 1.85005, 0, 0, 0.798636, 0.601815, 1800, 100, 1),
(79517, 2046, 1, 357, -4496.87, 804.762, 63.6846, 2.89725, 0, 0, 0.992546, 0.121869, 1800, 100, 1),
(79518, 2046, 1, 357, -3781.11, 1912.8, 81.1958, -0.802851, 0, 0, 0.390731, -0.920505, 1800, 100, 1),
(79519, 2046, 1, 357, -3306.32, 2641.24, 45.5557, -2.58309, 0, 0, 0.961262, -0.275637, 1800, 100, 1),
(79520, 2046, 1, 357, -3393.22, 2726.71, 79.0018, -0.471239, 0, 0, 0.233445, -0.97237, 1800, 100, 1),
(79521, 2046, 1, 357, -2764.97, 2698.98, 79.3317, -0.069813, 0, 0, 0.034899, -0.999391, 1800, 100, 1),
(79522, 2046, 1, 357, -3552.46, 2371.1, 79.5589, 1.23918, 0, 0, 0.580703, 0.814116, 300, 100, 1),
(79523, 2046, 1, 357, -4001.88, 1937.13, 105.72, 5.67232, 0, 0, -0.300705, 0.953717, 300, 100, 1),
(79524, 2046, 1, 357, -4782.09, 1235.58, 115.628, 0.349065, 0, 0, 0.173648, 0.984808, 300, 100, 1),
(79525, 2046, 1, 357, -3028.14, 2512.9, 55.2185, 2.19911, 0, 0, 0.891006, 0.453991, 300, 100, 1),
(79526, 2046, 1, 357, -4951.97, 172.805, 67.5288, 5.32326, 0, 0, -0.461748, 0.887011, 300, 100, 1),
(79527, 2046, 1, 357, -2877.14, 2099.61, 53.0593, 3.78737, 0, 0, -0.948323, 0.317306, 300, 100, 1),
(79528, 2046, 1, 357, -3082.83, 2815.37, 94.9709, 5.79449, 0, 0, -0.241921, 0.970296, 300, 100, 1),
(79529, 2046, 1, 357, -3519.65, 2754.67, 96.079, 3.17653, 0, 0, -0.999847, 0.0174693, 300, 100, 1),
(79530, 2043, 1, 357, -4526.93, 733.041, 58.6208, 3.05433, 0, 0, 0.999048, 0.0436193, 300, 100, 1),
(79531, 2043, 1, 357, -4963.53, 509.307, 9.36374, 3.87463, 0, 0, -0.93358, 0.358368, 300, 100, 1),
(79532, 2043, 1, 357, -4746.1, 580.647, 37.8097, 3.194, 0, 0, -0.999657, 0.0262016, 300, 100, 1),
(79533, 2043, 1, 357, -5066.7, 1580.28, 60.7236, 1.3439, 0, 0, 0.622514, 0.782609, 300, 100, 1),
(79534, 2043, 1, 357, -5737.81, 1603.28, 79.7497, 3.31614, 0, 0, -0.996194, 0.087165, 300, 100, 1),
(79535, 2043, 1, 357, -5852.32, 1607.68, 84.5751, 0.209439, 0, 0, 0.104528, 0.994522, 300, 100, 1),
(79536, 2043, 1, 357, -5204.47, 1650.32, 86.5355, 0.244346, 0, 0, 0.121869, 0.992546, 300, 100, 1),
(79537, 2043, 1, 357, -2908.44, 2786.06, 80.2477, 5.23599, 0, 0, -0.5, 0.866025, 300, 100, 1),
(79538, 2043, 1, 357, -3451.05, 2724.27, 80.1605, 2.02458, 0, 0, 0.848047, 0.529921, 300, 100, 1),
(79539, 2043, 1, 357, -4543.79, 876.104, 58.5503, 3.71755, 0, 0, -0.958819, 0.284016, 300, 100, 1),
(79540, 2045, 1, 357, -4187.1, 2592.7, -7.59936, 0.209439, 0, 0, 0.104528, 0.994522, 300, 100, 1),
(79541, 142142, 1, 357, -4220.13, 114.092, 58.0438, 2.25147, 0, 0, 0.902585, 0.430512, 300, 100, 1),
(79542, 142142, 1, 357, -4312.9, 480.826, 54.8414, 3.85718, 0, 0, -0.936671, 0.35021, 300, 100, 1),
(79543, 142142, 1, 357, -3651.94, 1959.09, 75.3198, 0.698131, 0, 0, 0.34202, 0.939693, 300, 100, 1),
(79544, 142142, 1, 357, -4129.21, 393.795, 52.1514, 3.45576, 0, 0, -0.987688, 0.156436, 300, 100, 1),
(79545, 142142, 1, 357, -4016.51, -261.971, 151.339, 2.93214, 0, 0, 0.994521, 0.104536, 300, 100, 1),
(79546, 142142, 1, 357, -5606.37, 1107.94, 63.6876, 1.25664, 0, 0, 0.587785, 0.809017, 300, 100, 1),
(79547, 142142, 1, 357, -5256.59, 1416.22, 36.897, 4.7473, 0, 0, -0.694658, 0.71934, 300, 100, 1),
(79548, 142142, 1, 357, -2849.65, 2353.96, 36.8631, 3.3685, 0, 0, -0.993571, 0.113208, 300, 100, 1),
(79549, 142142, 1, 357, -4567.02, 1469.93, 99.658, 3.80482, 0, 0, -0.945518, 0.325568, 300, 100, 1),
(79550, 142142, 1, 357, -4547.1, 1495.72, 101.124, 4.72984, 0, 0, -0.700909, 0.713251, 300, 100, 1),
(79551, 142142, 1, 357, -5394.21, 1486.27, 26.0908, 4.99164, 0, 0, -0.601814, 0.798636, 300, 100, 1),
(79552, 142142, 1, 357, -5247.18, 584.058, 58.8656, 2.04204, 0, 0, 0.85264, 0.522499, 300, 100, 1),
(79553, 142142, 1, 357, -5089.1, 237.204, 43.834, 4.50295, 0, 0, -0.777145, 0.629321, 300, 100, 1),
(79554, 142142, 1, 357, -5003.9, 252.587, 40.5844, 5.25344, 0, 0, -0.492423, 0.870356, 300, 100, 1),
(79555, 142142, 1, 357, -5160.77, 1228.76, 58.0648, 5.21854, 0, 0, -0.507538, 0.861629, 300, 100, 1),
(79556, 142142, 1, 357, -3785.27, 1951.63, 66.5355, 5.74214, 0, 0, -0.267238, 0.963631, 300, 100, 1),
(79557, 142142, 1, 357, -2982.08, 2346.6, 42.1704, 2.33874, 0, 0, 0.920505, 0.390732, 300, 100, 1),
(79558, 142142, 1, 357, -4151.39, -421.797, 26.5573, 0.715585, 0, 0, 0.350207, 0.936672, 300, 100, 1),
(79559, 142142, 1, 357, -5769.63, 1275.29, 59.1949, 2.05949, 0, 0, 0.857167, 0.515038, 300, 100, 1),
(79560, 142142, 1, 357, -5468.4, 1682.59, 60.2407, 5.88176, 0, 0, -0.199368, 0.979925, 300, 100, 1),
(79561, 142142, 1, 357, -5589.56, 1687.75, 78.7239, 1.0821, 0, 0, 0.515038, 0.857168, 300, 100, 1),
(79562, 142142, 1, 357, -5445.64, 1684.37, 57.6588, 3.00195, 0, 0, 0.997563, 0.0697661, 300, 100, 1),
(79563, 142142, 1, 357, -5181.7, 1479.84, 47.1308, 0.994837, 0, 0, 0.477159, 0.878817, 300, 100, 1),
(79564, 142142, 1, 357, -5122.91, 1551.17, 54.7514, 1.43117, 0, 0, 0.656058, 0.75471, 300, 100, 1),
(79565, 142142, 1, 357, -3510.86, 2515.86, 54.4166, 3.08918, 0, 0, 0.999657, 0.0262016, 300, 100, 1),
(79566, 142142, 1, 357, -4180.1, -116.857, 59.4741, 0.925024, 0, 0, 0.446198, 0.894935, 300, 100, 1),
(79567, 2045, 1, 357, -5043.81, 3413.84, -4.43305, 0.95993, 0, 0, 0.461748, 0.887011, 45, 100, 1),
(79568, 142140, 1, 357, -5027.81, 1298, 90.7511, 3.08918, 0, 0, 0.999657, 0.0262017, 45, 100, 1),
(79569, 142142, 1, 357, -4600.78, 1828.19, 88.9633, 3.42085, 0, 0, -0.990268, 0.139175, 45, 100, 1),
(79570, 142142, 1, 357, -4396.3, 598.634, 62.9732, 1.76278, 0, 0, 0.771625, 0.636078, 45, 100, 1),
(79571, 2043, 1, 357, -4191.15, -295.62, 47.9873, 3.75246, 0, 0, -0.953716, 0.300708, 45, 100, 1),
(79572, 142142, 1, 357, -4488.84, -517.116, 13.1298, 4.71239, 0, 0, -0.707107, 0.707107, 45, 100, 1),
(79573, 142140, 1, 357, -5002.79, 1201.35, 54.0045, 6.05629, 0, 0, -0.113203, 0.993572, 300, 100, 1),
(79574, 142142, 1, 357, -4587.29, 724.25, 48.3546, 5.49779, 0, 0, -0.382683, 0.92388, 300, 100, 1),
(79575, 142142, 1, 357, -4292.6, 587.599, 60.3928, 3.80482, 0, 0, -0.945518, 0.325568, 300, 100, 1),
(79576, 142142, 1, 357, -4421.08, -281.654, 32.5452, 6.26573, 0, 0, -0.00872612, 0.999962, 300, 100, 1);

-- Thousand Needles
DELETE FROM `pool_gameobject` WHERE `pool_entry` IN (962);
DELETE FROM `pool_template` WHERE `entry` IN (962);
DELETE FROM `gameobject` WHERE `guid` IN (2908,2965,2986,2990,2991,3023,3024,3025,3027,3052,3085,3088,3130,3146,3167,3173,3193,3195,3204,3252,3307,3347,3348,3486,3507,3519,3520,3521,3539,3540,3546,3556,3573,3585,3587,3603,3616,3623,3638,3647,3648,3666,3672,3673,3677,3697,3738,3768,3798,3810,3869,3884,3885,3888,3900,3911,3919,3924,3938,3962,3970,3974,3977,3996,3998,4004,4030,4042,4048,4050,4060,4080,4088,4101,4115,4116,4117,4120,4128,4131,4187,4234,4238,4246,4249,4289,4300,4302,4348,4356,4359,4411,4420,4428,16780,16781,16802,16803,16805,16806,16807,16808,16809,16811,16812,16814,16815,16816,86283,86284,86285,86298,86299,86301,86312,86313,86314,86315,87256,87263,87280,87471);

-- Vmangos pools: (1133,1134,1136);
DELETE FROM `pool_template` WHERE `entry` BETWEEN 572 AND 574;
INSERT INTO `pool_template` (`entry`, `max_limit`, `description`) VALUES
(572, 12, 'Bruiseweed in Thousand Needles'),
(573, 10, 'Wild Steelbloom in Thousand Needles'),
(574, 5, 'Kingsblood in Thousand Needles');

DELETE FROM `pool_gameobject` WHERE `guid` BETWEEN 20134 AND 20273;
INSERT INTO `pool_gameobject` (`guid`, `pool_entry`, `chance`, `description`) VALUES 
(20134, 572, 0, 'Bruiseweed'),
(20135, 572, 0, 'Bruiseweed'),
(20136, 572, 0, 'Bruiseweed'),
(20137, 572, 0, 'Bruiseweed'),
(20138, 572, 0, 'Bruiseweed'),
(20139, 572, 0, 'Bruiseweed'),
(20140, 572, 0, 'Bruiseweed'),
(20141, 572, 0, 'Bruiseweed'),
(20142, 572, 0, 'Bruiseweed'),
(20143, 572, 0, 'Bruiseweed'),
(20144, 572, 0, 'Bruiseweed'),
(20145, 572, 0, 'Bruiseweed'),
(20146, 572, 0, 'Bruiseweed'),
(20147, 572, 0, 'Bruiseweed'),
(20148, 572, 0, 'Bruiseweed'),
(20149, 572, 0, 'Bruiseweed'),
(20150, 572, 0, 'Bruiseweed'),
(20151, 572, 0, 'Bruiseweed'),
(20152, 572, 0, 'Bruiseweed'),
(20153, 572, 0, 'Bruiseweed'),
(20154, 572, 0, 'Bruiseweed'),
(20155, 572, 0, 'Bruiseweed'),
(20156, 572, 0, 'Bruiseweed'),
(20157, 572, 0, 'Bruiseweed'),
(20158, 572, 0, 'Bruiseweed'),
(20159, 572, 0, 'Bruiseweed'),
(20160, 572, 0, 'Bruiseweed'),
(20161, 572, 0, 'Bruiseweed'),
(20162, 572, 0, 'Bruiseweed'),
(20163, 572, 0, 'Bruiseweed'),
(20164, 572, 0, 'Bruiseweed'),
(20165, 572, 0, 'Bruiseweed'),
(20166, 572, 0, 'Bruiseweed'),
(20167, 572, 0, 'Bruiseweed'),
(20168, 572, 0, 'Bruiseweed'),
(20169, 572, 0, 'Bruiseweed'),
(20170, 572, 0, 'Bruiseweed'),
(20171, 572, 0, 'Bruiseweed'),
(20172, 572, 0, 'Bruiseweed'),
(20173, 572, 0, 'Bruiseweed'),
(20174, 572, 0, 'Bruiseweed'),
(20175, 572, 0, 'Bruiseweed'),
(20176, 572, 0, 'Bruiseweed'),
(20177, 572, 0, 'Bruiseweed'),
(20178, 572, 0, 'Bruiseweed'),
(20179, 572, 0, 'Bruiseweed'),
(20180, 572, 0, 'Bruiseweed'),
(20181, 572, 0, 'Bruiseweed'),
(20182, 572, 0, 'Bruiseweed'),
(20183, 572, 0, 'Bruiseweed'),
(20184, 572, 0, 'Bruiseweed'),
(20185, 573, 0, 'Wild Steelbloom'),
(20186, 573, 0, 'Wild Steelbloom'),
(20187, 573, 0, 'Wild Steelbloom'),
(20188, 573, 0, 'Wild Steelbloom'),
(20189, 573, 0, 'Wild Steelbloom'),
(20190, 573, 0, 'Wild Steelbloom'),
(20191, 573, 0, 'Wild Steelbloom'),
(20192, 573, 0, 'Wild Steelbloom'),
(20193, 573, 0, 'Wild Steelbloom'),
(20194, 573, 0, 'Wild Steelbloom'),
(20195, 573, 0, 'Wild Steelbloom'),
(20196, 573, 0, 'Wild Steelbloom'),
(20197, 573, 0, 'Wild Steelbloom'),
(20198, 573, 0, 'Wild Steelbloom'),
(20199, 573, 0, 'Wild Steelbloom'),
(20200, 573, 0, 'Wild Steelbloom'),
(20201, 573, 0, 'Wild Steelbloom'),
(20202, 573, 0, 'Wild Steelbloom'),
(20203, 573, 0, 'Wild Steelbloom'),
(20204, 573, 0, 'Wild Steelbloom'),
(20205, 573, 0, 'Wild Steelbloom'),
(20206, 573, 0, 'Wild Steelbloom'),
(20207, 573, 0, 'Wild Steelbloom'),
(20208, 573, 0, 'Wild Steelbloom'),
(20209, 573, 0, 'Wild Steelbloom'),
(20210, 573, 0, 'Wild Steelbloom'),
(20211, 573, 0, 'Wild Steelbloom'),
(20212, 573, 0, 'Wild Steelbloom'),
(20213, 573, 0, 'Wild Steelbloom'),
(20214, 574, 0, 'Kingsblood'),
(20215, 574, 0, 'Kingsblood'),
(20216, 574, 0, 'Kingsblood'),
(20217, 574, 0, 'Kingsblood'),
(20218, 574, 0, 'Kingsblood'),
(20219, 574, 0, 'Kingsblood'),
(20220, 574, 0, 'Kingsblood'),
(20221, 574, 0, 'Kingsblood'),
(20222, 574, 0, 'Kingsblood'),
(20223, 572, 0, 'Bruiseweed'),
(20224, 572, 0, 'Bruiseweed'),
(20225, 572, 0, 'Bruiseweed'),
(20226, 572, 0, 'Bruiseweed'),
(20227, 572, 0, 'Bruiseweed'),
(20228, 572, 0, 'Bruiseweed'),
(20229, 572, 0, 'Bruiseweed'),
(20230, 572, 0, 'Bruiseweed'),
(20231, 572, 0, 'Bruiseweed'),
(20232, 572, 0, 'Bruiseweed'),
(20233, 572, 0, 'Bruiseweed'),
(20234, 572, 0, 'Bruiseweed'),
(20235, 572, 0, 'Bruiseweed'),
(20236, 572, 0, 'Bruiseweed'),
(20237, 572, 0, 'Bruiseweed'),
(20238, 572, 0, 'Bruiseweed'),
(20239, 572, 0, 'Bruiseweed'),
(20240, 572, 0, 'Bruiseweed'),
(20241, 572, 0, 'Bruiseweed'),
(20242, 573, 0, 'Wild Steelbloom'),
(20243, 573, 0, 'Wild Steelbloom'),
(20244, 573, 0, 'Wild Steelbloom'),
(20245, 573, 0, 'Wild Steelbloom'),
(20246, 573, 0, 'Wild Steelbloom'),
(20247, 574, 0, 'Kingsblood'),
(20248, 574, 0, 'Kingsblood'),
(20249, 574, 0, 'Kingsblood'),
(20250, 574, 0, 'Kingsblood'),
(20251, 574, 0, 'Kingsblood'),
(20252, 574, 0, 'Kingsblood'),
(20253, 574, 0, 'Kingsblood'),
(20254, 574, 0, 'Kingsblood'),
(20255, 574, 0, 'Kingsblood'),
(20256, 574, 0, 'Kingsblood'),
(20257, 574, 0, 'Kingsblood'),
(20258, 574, 0, 'Kingsblood'),
(20259, 574, 0, 'Kingsblood'),
(20260, 574, 0, 'Kingsblood'),
(20261, 574, 0, 'Kingsblood'),
(20262, 574, 0, 'Kingsblood'),
(20263, 573, 0, 'Wild Steelbloom'),
(20264, 573, 0, 'Wild Steelbloom'),
(20265, 573, 0, 'Wild Steelbloom'),
(20266, 573, 0, 'Wild Steelbloom'),
(20267, 573, 0, 'Wild Steelbloom'),
(20268, 573, 0, 'Wild Steelbloom'),
(20269, 573, 0, 'Wild Steelbloom'),
(20270, 573, 0, 'Wild Steelbloom'),
(20271, 573, 0, 'Wild Steelbloom'),
(20272, 573, 0, 'Wild Steelbloom'),
(20273, 573, 0, 'Wild Steelbloom');

DELETE FROM `gameobject` WHERE `zoneId`=400 AND `guid` BETWEEN 20134 AND 20273;
INSERT INTO `gameobject` (`guid`, `id`, `map`, `zoneId`, `position_x`, `position_y`, `position_z`, `orientation`, `rotation0`, `rotation1`, `rotation2`, `rotation3`, `spawntimesecs`, `animprogress`, `state`) VALUES
(20134, 1622, 1, 400, -6462, -4217, -58.567, 2.81, 0, 0, 0, 0, 1800, 100, 1),
(20135, 1622, 1, 400, -6468, -3424, -69, 0.446, 0, 0, 0, 0, 1800, 100, 1),
(20136, 1622, 1, 400, -6600, -3383, -49, 2.033, 0, 0, 0, 0, 1800, 100, 1),
(20137, 1622, 1, 400, -4755.94, -1052.57, -55.8106, 2.56563, 0, 0, 0.958819, 0.284016, 1800, 255, 1),
(20138, 1622, 1, 400, -5737, -2410, -52.881, 3.831, 0, 0, 0, 0, 1800, 100, 1),
(20139, 1622, 1, 400, -6464, -3488, -70, 5.143, 0, 0, 0, 0, 1800, 100, 1),
(20140, 1622, 1, 400, -5129, -1624, -41, 5.61, 0, 0, 0, 0, 1800, 100, 1),
(20141, 1622, 1, 400, -5560, -3550, -53, 4.64, 0, 0, 0, 0, 1800, 100, 1),
(20142, 1622, 1, 400, -4979, -1949, -33, 2.531, 0, 0, 0, 0, 1800, 100, 1),
(20143, 1622, 1, 400, -5511, -3021, -44, 1.597, 0, 0, 0, 0, 1800, 100, 1),
(20144, 1622, 1, 400, -4652.88, -1281.84, -45.4742, 1.90241, 0, 0, 0.814116, 0.580703, 1800, 255, 1),
(20145, 1622, 1, 400, -5542, -2687, -43, 1.872, 0, 0, 0, 0, 1800, 100, 1),
(20146, 1622, 1, 400, -4726, -1026, -51, 6.109, 0, 0, 0, 0, 1800, 100, 1),
(20147, 1622, 1, 400, -5502, -1920, -59, 0.042, 0, 0, 0, 0, 1800, 100, 1),
(20148, 1622, 1, 400, -5554, -3525, -56, 5.477, 0, 0, 0, 0, 1800, 100, 1),
(20149, 1622, 1, 400, -4635, -1343, -31, 2.339, 0, 0, 0, 0, 1800, 100, 1),
(20150, 1622, 1, 400, -5548.45, -1953.49, -58.7428, 3.99681, 0, 0, -0.909961, 0.414694, 1800, 100, 1),
(20151, 1622, 1, 400, -5145, -1402, -48, 5.249, 0, 0, 0, 0, 1800, 100, 1),
(20152, 1622, 1, 400, -4900, -1122, -48, 4.617, 0, 0, 0, 0, 1800, 100, 1),
(20153, 1622, 1, 400, -5113, -2291, -53, 2.92, 0, 0, 0, 0, 1800, 100, 1),
(20154, 1622, 1, 400, -5195, -2678, -50, 6.007, 0, 0, 0, 0, 1800, 100, 1),
(20155, 1622, 1, 400, -5377, -2847, -53, 2.885, 0, 0, 0, 0, 1800, 100, 1),
(20156, 1622, 1, 400, -5550, -3017, -45, 1.365, 0, 0, 0, 0, 1800, 100, 1),
(20157, 1622, 1, 400, -6633, -4029, -39.7215, 2.468, 0, 0, 0, 0, 1800, 100, 1),
(20158, 1622, 1, 400, -6355, -3365, -58, 0.866, 0, 0, 0, 0, 1800, 100, 1),
(20159, 1622, 1, 400, -4845, -1086, -51, 5.795, 0, 0, 0, 0, 1800, 100, 1),
(20160, 1622, 1, 400, -4851, -1086, -53, 5.842, 0, 0, 0, 0, 1800, 100, 1),
(20161, 1622, 1, 400, -4699, -1448, -50, 1.353, 0, 0, 0, 0, 1800, 100, 1),
(20162, 1622, 1, 400, -5183, -2420, -46, 2.021, 0, 0, 0, 0, 1800, 100, 1),
(20163, 1622, 1, 400, -5056, -2219, -55, 5.586, 0, 0, 0, 0, 1800, 100, 1),
(20164, 1622, 1, 400, -5569, -2710, -47, -3, 0, 0, -0.961262, 0.275638, 1800, 100, 1),
(20165, 1622, 1, 400, -6029, -4312, -58, 3.533, 0, 0, 0, 0, 1800, 100, 1),
(20166, 1622, 1, 400, -5057, -2351, -53, 5.08, 0, 0, 0, 0, 1800, 100, 1),
(20167, 1622, 1, 400, -5140, -2035, -47, 0.564, 0, 0, 0, 0, 1800, 100, 1),
(20168, 1622, 1, 400, -5642, -4240, -59, 5.151, 0, 0, 0, 0, 1800, 100, 1),
(20169, 1622, 1, 400, -4971.19, -1936.63, -37.8026, 2.56563, 0, 0, 0.958819, 0.284016, 1800, 100, 1),
(20170, 1622, 1, 400, -4522, -1093, -44, 2.272, 0, 0, 0, 0, 1800, 100, 1),
(20171, 1622, 1, 400, -6059.98, -3502.83, -51.4185, 4.13643, 0, 0, -0.878817, 0.47716, 1800, 100, 1),
(20172, 1622, 1, 400, -6499.25, -3468.21, -58.7499, 0.191985, 0, 0, 0.0958452, 0.995396, 1800, 100, 1),
(20173, 1622, 1, 400, -5530, -1919, -59, 0.238, 0, 0, 0, 0, 1800, 100, 1),
(20174, 1622, 1, 400, -5775, -3363, -40, 0.658, 0, 0, 0, 0, 1800, 100, 1),
(20175, 1622, 1, 400, -5873, -3404, -48, 3.486, 0, 0, 0, 0, 1800, 100, 1),
(20176, 1622, 1, 400, -4232, -892, -51, 1.074, 0, 0, 0, 0, 1800, 100, 1),
(20177, 1622, 1, 400, -4399.95, -1006.17, -53.1422, 4.2237, 0, 0, -0.857167, 0.515038, 1800, 100, 1),
(20178, 1622, 1, 400, -5820.09, -3397.28, -48.301, 0.558504, 0, 0, 0.275637, 0.961262, 1800, 100, 1),
(20179, 1622, 1, 400, -5431, -3270, -35, 3.662, 0, 0, 0, 0, 1800, 100, 1),
(20180, 1622, 1, 400, -6168, -3503, -56, 1.828, 0, 0, 0, 0, 1800, 100, 1),
(20181, 1622, 1, 400, -6006, -4327, -59, 3.537, 0, 0, 0, 0, 1800, 100, 1),
(20182, 1622, 1, 400, -5444, -3918, -59, 5.842, 0, 0, 0, 0, 1800, 100, 1),
(20183, 1622, 1, 400, -6401, -3442, -78, 3.073, 0, 0, 0, 0, 1800, 100, 1),
(20184, 1622, 1, 400, -5048, -2276, -50, 4.931, 0, 0, 0, 0, 1800, 100, 1),
(20185, 1623, 1, 400, -5476, -3215, -19, 4.09, 0, 0, 0, 0, 1800, 100, 1),
(20186, 1623, 1, 400, -4888, -1246, -32, 5.099, 0, 0, 0, 0, 1800, 100, 1),
(20187, 1623, 1, 400, -4632, -1353, -35, 0.91, 0, 0, 0, 0, 1800, 100, 1),
(20188, 1623, 1, 400, -5360, -2752, -31, 4.894, 0, 0, 0, 0, 1800, 100, 1),
(20189, 1623, 1, 400, -4296.05, -960.712, -38.4282, 3.82227, 0, 0, -0.942641, 0.333808, 1800, 100, 1),
(20190, 1623, 1, 400, -5024, -979, 2.57, 4.32, 0, 0, 0, 0, 1800, 100, 1),
(20191, 1623, 1, 400, -5685, -3129, -25, -3, 0, 0, -0.965926, 0.258819, 1800, 100, 1),
(20192, 1623, 1, 400, -5382, -3032, -32, 1.499, 0, 0, 0, 0, 1800, 100, 1),
(20193, 1623, 1, 400, -4761, -1505, -29, 2.639, 0, 0, 0, 0, 1800, 100, 1),
(20194, 1623, 1, 400, -5270, -2575, -33, -2, 0, 0, -0.913545, 0.406737, 1800, 100, 1),
(20195, 1623, 1, 400, -6458, -4246, -42, 3.578, 0, 0, 0, 0, 1800, 100, 1),
(20196, 1623, 1, 400, -5769, -4347, -44, 4.706, 0, 0, 0, 0, 1800, 100, 1),
(20197, 1623, 1, 400, -4886, -1042, -37, 1.965, 0, 0, 0, 0, 1800, 100, 1),
(20198, 1623, 1, 400, -4836.5, -1969.12, -38.2483, 1.6057, 0, 0, 0.719339, 0.694659, 1800, 100, 1),
(20199, 1623, 1, 400, -5470, -1724, -20, 2.612, 0, 0, 0, 0, 1800, 100, 1),
(20200, 1623, 1, 400, -4544, -1106, -40, 3.552, 0, 0, 0, 0, 1800, 100, 1),
(20201, 1623, 1, 400, -5121, -868, 0.734, 0.607, 0, 0, 0, 0, 1800, 100, 1),
(20202, 1623, 1, 400, -6626, -3981, -46.0049, 1.565, 0, 0, 0, 0, 1800, 100, 1),
(20203, 1623, 1, 400, -5462, -3718, -42, 0.745, 0, 0, 0, 0, 1800, 100, 1),
(20204, 1623, 1, 400, -5106, -1068, 1.835, 4.709, 0, 0, 0, 0, 1800, 100, 1),
(20205, 1623, 1, 400, -5149, -1193, 56.256, 0.947, 0, 0, 0, 0, 1800, 100, 1),
(20206, 1623, 1, 400, -5164, -1249, 57.034, 5.222, 0, 0, 0, 0, 1800, 100, 1),
(20207, 1623, 1, 400, -5750, -3319, -18, 6.219, 0, 0, 0, 0, 1800, 100, 1),
(20208, 1623, 1, 400, -5510, -4118, -42.8258, 5.536, 0, 0, 0, 0, 1800, 100, 1),
(20209, 1623, 1, 400, -5029, -1375, -33, 2.42, 0, 0, 0, 0, 1800, 100, 1),
(20210, 1623, 1, 400, -4896, -1253, -31, 4.913, 0, 0, 0, 0, 1800, 100, 1),
(20211, 1623, 1, 400, -4895.45, -2023.79, -8.19877, 2.68781, 0, 0, 0.97437, 0.224951, 1800, 100, 1),
(20212, 1623, 1, 400, -5272.45, -1654.83, -38.2928, 2.02458, 0, 0, 0.848047, 0.529921, 1800, 100, 1),
(20213, 1623, 1, 400, -5019, -979, 3.5, 4.73, 0, 0, 0, 0, 1800, 100, 1),
(20214, 1624, 1, 400, -5675, -2252, -54, 2.269, 0, 0, 0.906308, 0.422618, 1800, 100, 1),
(20215, 1624, 1, 400, -6613.46, -3584.18, -58.75, 4.92183, 0, 0, -0.62932, 0.777146, 1800, 100, 1),
(20216, 1624, 1, 400, -6176, -4247, -59, 0.314, 0, 0, 0.156434, 0.987688, 1800, 100, 1),
(20217, 1624, 1, 400, -4380.46, -995.393, -55.849, 2.93214, 0, 0, 0.994521, 0.104536, 1800, 100, 1),
(20218, 1624, 1, 400, -6249.16, -3551.2, -58.7499, 5.91667, 0, 0, -0.182235, 0.983255, 1800, 100, 1),
(20219, 1624, 1, 400, -6023.53, -3794.54, -58.75, 5.63741, 0, 0, -0.317305, 0.948324, 1800, 100, 1),
(20220, 1624, 1, 400, -5327, -1798, -54, 1.204, 0, 0, 0.566406, 0.824126, 1800, 100, 1),
(20221, 1624, 1, 400, -5518.8, -2254.82, -59.8433, 0.349065, 0, 0, 0.173648, 0.984808, 1800, 100, 1),
(20222, 1624, 1, 400, -5371.22, -1649.36, -54.8743, 0.575957, 0, 0, 0.284015, 0.95882, 1800, 255, 1),
(20223, 1622, 1, 400, -6381.36, -3356.16, -55.2018, 2.84488, 0, 0, 0.989016, 0.147811, 300, 100, 1),
(20224, 1622, 1, 400, -5455.87, -3290, -33.4933, 4.18879, 0, 0, -0.866025, 0.500001, 300, 100, 1),
(20225, 1622, 1, 400, -6669.87, -3806.92, -52.5477, 2.74016, 0, 0, 0.979924, 0.19937, 300, 100, 1),
(20226, 1622, 1, 400, -5536.36, -3036.44, -44.4939, 1.48353, 0, 0, 0.67559, 0.737278, 300, 100, 1),
(20227, 1622, 1, 400, -5186.26, -2464.78, -50.7728, 4.2237, 0, 0, -0.857167, 0.515038, 300, 100, 1),
(20228, 1622, 1, 400, -6433.54, -3439.05, -58.7499, 3.03684, 0, 0, 0.998629, 0.0523532, 300, 100, 1),
(20229, 1622, 1, 400, -6189.25, -3501.39, -54.5429, 3.87463, 0, 0, -0.93358, 0.358368, 300, 100, 1),
(20230, 1622, 1, 400, -4679.05, -1474.73, -48.2578, 5.61996, 0, 0, -0.325567, 0.945519, 300, 100, 1),
(20231, 1622, 1, 400, -4652.41, -942.781, -45.128, 4.67748, 0, 0, -0.719339, 0.694659, 300, 100, 1),
(20232, 1622, 1, 400, -4503.07, -1151, -56.5955, 5.34071, 0, 0, -0.45399, 0.891007, 300, 100, 1),
(20233, 1622, 1, 400, -4872.65, -1103.77, -56.2533, 0.698131, 0, 0, 0.34202, 0.939693, 300, 100, 1),
(20234, 1622, 1, 400, -5220.05, -2716.26, -48.2689, 3.47321, 0, 0, -0.986285, 0.16505, 300, 100, 1),
(20235, 1622, 1, 400, -5130.82, -2040.2, -47.5401, 4.24115, 0, 0, -0.85264, 0.522499, 300, 100, 1),
(20236, 1622, 1, 400, -5747.45, -4306.07, -55.9747, -1.48353, 0, 0, 0.67559, -0.737277, 1800, 100, 1),
(20237, 1622, 1, 400, -5050.54, -2282.43, -50.0924, -1.20428, 0, 0, 0.566406, -0.824126, 1800, 100, 1),
(20238, 1622, 1, 400, -6614.29, -3420.31, -54.0251, 0.663225, 0, 0, 0.325568, 0.945519, 1800, 100, 1),
(20239, 1622, 1, 400, -5382.02, -2890.19, -56.9546, -1.85005, 0, 0, 0.798635, -0.601815, 1800, 100, 1),
(20240, 1622, 1, 400, -4236.6, -882.674, -51.1738, -0.575959, 0, 0, 0.284015, -0.95882, 1800, 100, 1),
(20241, 1622, 1, 400, -5159.61, -1656.97, -51.7148, -1.72788, 0, 0, 0.760406, -0.649448, 1800, 100, 1),
(20242, 1623, 1, 400, -4763.75, -1512.02, -29.4484, -0.122173, 0, 0, 0.061049, -0.998135, 1800, 100, 1),
(20243, 1623, 1, 400, -5037.55, -990.51, -0.227802, 0.506145, 0, 0, 0.25038, 0.968148, 1800, 100, 1),
(20244, 1623, 1, 400, -5511.85, -2105.84, -45.3706, 2.60054, 0, 0, 0.96363, 0.267238, 1800, 100, 1),
(20245, 1623, 1, 400, -5005, -1379.94, -35.9993, -2.25148, 0, 0, 0.902585, -0.430511, 1800, 100, 1),
(20246, 1623, 1, 400, -5392.03, -3056.56, -27.2888, -0.10472, 0, 0, 0.052336, -0.99863, 1800, 100, 1),
(20247, 1624, 1, 400, -4789.25, -1593.3, -52.5242, 1.95477, 0, 0, 0.829038, 0.559193, 1800, 100, 1),
(20248, 1624, 1, 400, -5947.85, -3948.68, -58.75, -2.35619, 0, 0, 0.92388, -0.382683, 1800, 100, 1),
(20249, 1624, 1, 400, -5424.73, -2895.32, -55.9914, 1.8326, 0, 0, 0.793353, 0.608761, 1800, 100, 1),
(20250, 1624, 1, 400, -5584.95, -4081.93, -58.75, -1.01229, 0, 0, 0.48481, -0.87462, 1800, 100, 1),
(20251, 1624, 1, 400, -5529.06, -1908.74, -58.8193, -1.02974, 0, 0, 0.492424, -0.870356, 1800, 100, 1),
(20252, 1624, 1, 400, -5889.02, -3542.35, -58.75, -0.837758, 0, 0, 0.406737, -0.913545, 1800, 100, 1),
(20253, 1624, 1, 400, -5361.9, -3237.28, -43.1254, 6.10865, 0, 0, -0.0871553, 0.996195, 300, 100, 1),
(20254, 1624, 1, 400, -5323.93, -2830.42, -54.6644, 0.506145, 0, 0, 0.25038, 0.968148, 300, 100, 1),
(20255, 1624, 1, 400, -5022.25, -2211.85, -54.0231, 2.80998, 0, 0, 0.986285, 0.16505, 300, 100, 1),
(20256, 1624, 1, 400, -6319.89, -3515.23, -58.75, 1.44862, 0, 0, 0.66262, 0.748956, 300, 100, 1),
(20257, 1624, 1, 400, -5649.32, -3652.89, -58.75, 5.42797, 0, 0, -0.414693, 0.909961, 300, 100, 1),
(20258, 1624, 1, 400, -5561.96, -2529.74, -54.2826, 5.72468, 0, 0, -0.275637, 0.961262, 300, 100, 1),
(20259, 1624, 1, 400, -5155.9, -2450.38, -52.7186, 4.43314, 0, 0, -0.798635, 0.601815, 300, 100, 1),
(20260, 1624, 1, 400, -4788.75, -1980.07, -59.9618, 2.58308, 0, 0, 0.961261, 0.27564, 300, 100, 1),
(20261, 1624, 1, 400, -6450.85, -3848.12, -58.75, 0.558504, 0, 0, 0.275637, 0.961262, 300, 100, 1),
(20262, 1624, 1, 400, -5429.14, -2040.26, -64.7291, 0.488691, 0, 0, 0.241921, 0.970296, 300, 100, 1),
(20263, 1623, 1, 400, -6532.64, -3324.51, -41.3352, 4.64258, 0, 0, -0.731354, 0.681998, 300, 100, 1),
(20264, 1623, 1, 400, -5365.98, -2731.19, -19.6399, 6.24828, 0, 0, -0.0174522, 0.999848, 300, 100, 1),
(20265, 1623, 1, 400, -4656.35, -1535.07, -29.4601, 2.09439, 0, 0, 0.866025, 0.500001, 300, 100, 1),
(20266, 1623, 1, 400, -4540.06, -1112.71, -40.7963, 2.82743, 0, 0, 0.987688, 0.156436, 300, 100, 1),
(20267, 1623, 1, 400, -4638.27, -1335.26, -29.6609, 4.34587, 0, 0, -0.824126, 0.566406, 300, 100, 1),
(20268, 1623, 1, 400, -5744.01, -3299.31, -15.781, 4.71239, 0, 0, -0.707107, 0.707107, 300, 100, 1),
(20269, 1623, 1, 400, -5111.26, -1633.1, -27.9921, 2.53072, 0, 0, 0.953716, 0.300708, 300, 100, 1),
(20270, 1623, 1, 400, -5395.51, -1994.2, -44.7428, 5.81195, 0, 0, -0.233445, 0.97237, 300, 100, 1),
(20271, 1623, 1, 400, -5468.11, -1744.74, -17.1175, 0.698131, 0, 0, 0.34202, 0.939693, 300, 100, 1),
(20272, 1623, 1, 400, -5156.76, -1226.03, 49.1134, 1.58825, 0, 0, 0.71325, 0.70091, 300, 100, 1),
(20273, 1623, 1, 400, -5466.03, -3213.86, -16.943, 0.279252, 0, 0, 0.139173, 0.990268, 300, 100, 1);

-- Dustwallow Marsh
DELETE FROM `pool_gameobject` WHERE `pool_entry` IN (991);
DELETE FROM `pool_template` WHERE `entry` IN (991);
DELETE FROM `gameobject` WHERE `guid` IN (9113,11174,11175,11711,11756,11760,11763,11764,11971,12340,12341,12566,12717,12846,12894,12899,12902,13630,13640,13641,13655,14601,14613,14670,14671,14926,14927,14928,14930,14943,14945,16994,18885,18886,30213,40739,40740,40824,40828,40832,40833,63403,63406,64015,64016,64021,64026,64042,64043,64044,64045,64089,65323,86324,86332,86342,86802,86803,86805,86806,86818,86823,86824,86830,86831,86832,86833,86834,86842,86846,86855,86856,86857,86862,86952,86955,86957,86975,86978,87344,87345,87349,87374);

-- Vmangos pools: (1039,1102,1103,1104,1328);
DELETE FROM `pool_template` WHERE `entry` BETWEEN 575 AND 579;
INSERT INTO `pool_template` (`entry`, `max_limit`, `description`) VALUES
(575, 2, 'Kingsblood in Dustwallow Marsh'),
(576, 3, 'Khadgars Whisker in Dustwallow Marsh'),
(577, 3, 'Goldthorn in Dustwallow Marsh'),
(578, 3, 'Liferoot in Dustwallow Marsh'),
(579, 3, 'Fadeleaf in Dustwallow Marsh');

DELETE FROM `pool_gameobject` WHERE `guid` BETWEEN 82615 AND 82764;
INSERT INTO `pool_gameobject` (`guid`, `pool_entry`, `chance`, `description`) VALUES 
(82615, 575, 0, 'Kingsblood'),
(82616, 579, 0, 'Fadeleaf'),
(82617, 579, 0, 'Fadeleaf'),
(82618, 577, 0, 'Goldthorn'),
(82619, 577, 0, 'Goldthorn'),
(82620, 576, 0, 'Khadgar\'s Whisker'),
(82621, 576, 0, 'Khadgar\'s Whisker'),
(82622, 576, 0, 'Khadgar\'s Whisker'),
(82623, 576, 0, 'Khadgar\'s Whisker'),
(82624, 576, 0, 'Khadgar\'s Whisker'),
(82625, 576, 0, 'Khadgar\'s Whisker'),
(82626, 576, 0, 'Khadgar\'s Whisker'),
(82627, 577, 0, 'Goldthorn'),
(82628, 575, 0, 'Kingsblood'),
(82629, 575, 0, 'Kingsblood'),
(82630, 577, 0, 'Goldthorn'),
(82631, 578, 0, 'Liferoot'),
(82632, 575, 0, 'Kingsblood'),
(82633, 576, 0, 'Khadgar\'s Whisker'),
(82634, 578, 0, 'Liferoot'),
(82635, 577, 0, 'Goldthorn'),
(82636, 576, 0, 'Khadgar\'s Whisker'),
(82637, 578, 0, 'Liferoot'),
(82638, 578, 0, 'Liferoot'),
(82639, 575, 0, 'Kingsblood'),
(82640, 576, 0, 'Khadgar\'s Whisker'),
(82641, 576, 0, 'Khadgar\'s Whisker'),
(82642, 579, 0, 'Fadeleaf'),
(82643, 579, 0, 'Fadeleaf'),
(82644, 578, 0, 'Liferoot'),
(82645, 576, 0, 'Khadgar\'s Whisker'),
(82646, 577, 0, 'Goldthorn'),
(82647, 579, 0, 'Fadeleaf'),
(82648, 575, 0, 'Kingsblood'),
(82649, 576, 0, 'Khadgar\'s Whisker'),
(82650, 576, 0, 'Khadgar\'s Whisker'),
(82651, 578, 0, 'Liferoot'),
(82652, 575, 0, 'Kingsblood'),
(82653, 577, 0, 'Goldthorn'),
(82654, 579, 0, 'Fadeleaf'),
(82655, 577, 0, 'Goldthorn'),
(82656, 577, 0, 'Goldthorn'),
(82657, 576, 0, 'Khadgar\'s Whisker'),
(82658, 578, 0, 'Liferoot'),
(82659, 579, 0, 'Fadeleaf'),
(82660, 579, 0, 'Fadeleaf'),
(82661, 579, 0, 'Fadeleaf'),
(82662, 579, 0, 'Fadeleaf'),
(82663, 579, 0, 'Fadeleaf'),
(82664, 579, 0, 'Fadeleaf'),
(82665, 579, 0, 'Fadeleaf'),
(82666, 575, 0, 'Kingsblood'),
(82667, 577, 0, 'Goldthorn'),
(82668, 577, 0, 'Goldthorn'),
(82669, 577, 0, 'Goldthorn'),
(82670, 577, 0, 'Goldthorn'),
(82671, 577, 0, 'Goldthorn'),
(82672, 576, 0, 'Khadgars Whisker'),
(82673, 576, 0, 'Khadgars Whisker'),
(82674, 576, 0, 'Khadgars Whisker'),
(82675, 576, 0, 'Khadgars Whisker'),
(82676, 576, 0, 'Khadgars Whisker'),
(82677, 575, 0, 'Kingsblood'),
(82678, 575, 0, 'Kingsblood'),
(82679, 575, 0, 'Kingsblood'),
(82680, 575, 0, 'Kingsblood'),
(82681, 575, 0, 'Kingsblood'),
(82682, 575, 0, 'Kingsblood'),
(82683, 575, 0, 'Kingsblood'),
(82684, 578, 0, 'Liferoot'),
(82685, 578, 0, 'Liferoot'),
(82686, 578, 0, 'Liferoot'),
(82687, 578, 0, 'Liferoot'),
(82688, 578, 0, 'Liferoot'),
(82689, 578, 0, 'Liferoot'),
(82690, 578, 0, 'Liferoot'),
(82691, 578, 0, 'Liferoot'),
(82692, 578, 0, 'Liferoot'),
(82693, 578, 0, 'Liferoot'),
(82694, 578, 0, 'Liferoot'),
(82695, 578, 0, 'Liferoot'),
(82696, 578, 0, 'Liferoot'),
(82697, 578, 0, 'Liferoot'),
(82698, 578, 0, 'Liferoot'),
(82699, 578, 0, 'Liferoot'),
(82700, 578, 0, 'Liferoot'),
(82701, 578, 0, 'Liferoot'),
(82702, 578, 0, 'Liferoot'),
(82703, 578, 0, 'Liferoot'),
(82704, 578, 0, 'Liferoot'),
(82705, 578, 0, 'Liferoot'),
(82706, 578, 0, 'Liferoot'),
(82707, 578, 0, 'Liferoot'),
(82708, 578, 0, 'Liferoot'),
(82709, 578, 0, 'Liferoot'),
(82710, 577, 0, 'Goldthorn'),
(82711, 578, 0, 'Liferoot'),
(82712, 579, 0, 'Fadeleaf'),
(82713, 579, 0, 'Fadeleaf'),
(82714, 578, 0, 'Liferoot'),
(82715, 578, 0, 'Liferoot'),
(82716, 577, 0, 'Goldthorn'),
(82717, 577, 0, 'Goldthorn'),
(82718, 577, 0, 'Goldthorn'),
(82719, 576, 0, 'Khadgar\'s Whisker'),
(82720, 576, 0, 'Khadgars Whisker'),
(82721, 579, 0, 'Fadeleaf'),
(82722, 579, 0, 'Fadeleaf'),
(82723, 576, 0, 'Khadgar\'s Whisker'),
(82724, 577, 0, 'Goldthorn'),
(82725, 577, 0, 'Goldthorn'),
(82726, 579, 0, 'Fadeleaf'),
(82727, 578, 0, 'Liferoot'),
(82728, 578, 0, 'Liferoot'),
(82729, 576, 0, 'Khadgar\'s Whisker'),
(82730, 578, 0, 'Liferoot'),
(82731, 577, 0, 'Goldthorn'),
(82732, 577, 0, 'Goldthorn'),
(82733, 577, 0, 'Goldthorn'),
(82734, 578, 0, 'Liferoot'),
(82735, 578, 0, 'Liferoot'),
(82736, 576, 0, 'Khadgar\'s Whisker'),
(82737, 579, 0, 'Fadeleaf'),
(82738, 577, 0, 'Goldthorn'),
(82739, 576, 0, 'Khadgar\'s Whisker'),
(82740, 579, 0, 'Fadeleaf'),
(82741, 575, 0, 'Kingsblood'),
(82742, 579, 0, 'Fadeleaf'),
(82743, 576, 0, 'Khadgar\'s Whisker'),
(82744, 579, 0, 'Fadeleaf'),
(82745, 576, 0, 'Khadgar\'s Whisker'),
(82746, 578, 0, 'Liferoot'),
(82747, 578, 0, 'Liferoot'),
(82748, 577, 0, 'Goldthorn'),
(82749, 576, 0, 'Khadgar\'s Whisker'),
(82750, 579, 0, 'Fadeleaf'),
(82751, 577, 0, 'Goldthorn'),
(82752, 577, 0, 'Goldthorn'),
(82753, 577, 0, 'Goldthorn'),
(82754, 577, 0, 'Goldthorn'),
(82755, 576, 0, 'Khadgars Whisker'),
(82756, 576, 0, 'Khadgars Whisker'),
(82757, 576, 0, 'Khadgars Whisker'),
(82758, 576, 0, 'Khadgars Whisker'),
(82759, 575, 0, 'Kingsblood'),
(82760, 578, 0, 'Liferoot'),
(82761, 578, 0, 'Liferoot'),
(82762, 578, 0, 'Liferoot'),
(82763, 578, 0, 'Liferoot'),
(82764, 578, 0, 'Liferoot');

DELETE FROM `gameobject` WHERE `zoneId`=15 AND `guid` BETWEEN 82615 AND 82764;
INSERT INTO `gameobject` (`guid`, `id`, `map`, `zoneId`, `position_x`, `position_y`, `position_z`, `orientation`, `rotation0`, `rotation1`, `rotation2`, `rotation3`, `spawntimesecs`, `animprogress`, `state`) VALUES
(82615, 1624, 1, 15, -2837.37, -2825.55, 34.6673, 3.35105, 0, 0, -0.994521, 0.104535, 1800, 255, 1),
(82616, 2042, 1, 15, -2683.35, -2891.58, 35.377, 5.91667, 0, 0, -0.182235, 0.983255, 1800, 255, 1),
(82617, 2042, 1, 15, -2695.31, -3196.42, 32.9254, 1.58825, 0, 0, 0.71325, 0.70091, 1800, 255, 1),
(82618, 2046, 1, 15, -4974.11, -3864.3, 56.3607, 4.99164, 0, 0, -0.601814, 0.798636, 1800, 255, 1),
(82619, 2046, 1, 15, -4374.49, -3313.25, 34.4254, 1.20428, 0, 0, 0.566406, 0.824126, 1800, 255, 1),
(82620, 2043, 1, 15, -4259.72, -3484.04, 42.4232, 3.17653, 0, 0, -0.999847, 0.0174693, 1800, 255, 1),
(82621, 2043, 1, 15, -4975.66, -3709.25, 42.2869, 5.88176, 0, 0, -0.199367, 0.979925, 1800, 255, 1),
(82622, 2043, 1, 15, -2673.08, -3158.31, 44.6691, 0.174532, 0, 0, 0.0871553, 0.996195, 1800, 255, 1),
(82623, 2043, 1, 15, -4431.83, -3681.06, 38.826, 3.26377, 0, 0, -0.998135, 0.0610518, 1800, 255, 1),
(82624, 2043, 1, 15, -3680.71, -2954.99, 34.8736, 1.46608, 0, 0, 0.66913, 0.743145, 1800, 255, 1),
(82625, 2043, 1, 15, -3644.71, -2894.66, 36.3016, 4.10152, 0, 0, -0.887011, 0.461749, 1800, 255, 1),
(82626, 2043, 1, 15, -3651.61, -2773.03, 35.1337, 0.558504, 0, 0, 0.275637, 0.961262, 1800, 255, 1),
(82627, 2046, 1, 15, -4372.93, -3921.25, 58.4869, 1.43117, 0, 0, 0.656059, 0.75471, 1800, 100, 1),
(82628, 1624, 1, 15, -2720.66, -3549.57, 33.7416, 5.86431, 0, 0, -0.207912, 0.978148, 1800, 255, 1),
(82629, 1624, 1, 15, -2799.21, -3227.14, 31.9061, 4.20625, 0, 0, -0.861628, 0.507539, 1800, 255, 1),
(82630, 2046, 1, 15, -4120.9, -3820.83, 64.9954, -3.05433, 0, 0, 0.999048, -0.043619, 1800, 100, 1),
(82631, 2041, 1, 15, -4515.99, -3948.13, 30.3524, -2.6529, 0, 0, 0.970296, -0.241922, 1800, 100, 1),
(82632, 1624, 1, 15, -4793.51, -3968.45, 48.6377, 0.802851, 0, 0, 0.390731, 0.920505, 1800, 100, 1),
(82633, 2043, 1, 15, -4678.71, -3958.52, 42.931, -0.645772, 0, 0, 0.317305, -0.948324, 1800, 100, 1),
(82634, 2041, 1, 15, -3956.82, -2980.2, 30.5194, 1.29154, 0, 0, 0.601815, 0.798636, 1800, 100, 1),
(82635, 2046, 1, 15, -2672.3, -3906.82, 39.8428, 0.174533, 0, 0, 0.087156, 0.996195, 1800, 100, 1),
(82636, 2043, 1, 15, -4505.21, -3679.75, 39.7749, 4.97419, 0, 0, -0.608761, 0.793354, 1800, 100, 1),
(82637, 2041, 1, 15, -4594.06, -3630.73, 30.8032, 1.78024, 0, 0, 0.777146, 0.62932, 1800, 100, 1),
(82638, 2041, 1, 15, -4200.27, -3652.33, 31.0587, 1.27409, 0, 0, 0.594823, 0.803857, 1800, 100, 1),
(82639, 1624, 1, 15, -2414.87, -3147.57, 33.3782, 0.558504, 0, 0, 0.275637, 0.961262, 1800, 100, 1),
(82640, 2043, 1, 15, -2693.84, -3001.36, 44.4557, 0.977384, 0, 0, 0.469472, 0.882948, 1800, 100, 1),
(82641, 2043, 1, 15, -4527.7, -3489.38, 36.6465, -1.06465, 0, 0, 0.507538, -0.861629, 1800, 100, 1),
(82642, 2042, 1, 15, -2571.21, -3149.94, 32.3859, -1.15192, 0, 0, 0.544639, -0.838671, 1800, 100, 1),
(82643, 2042, 1, 15, -4200.75, -3540.99, 38.2601, -1.0821, 0, 0, 0.515038, -0.857167, 1800, 100, 1),
(82644, 2041, 1, 15, -3867.13, -3043.37, 32.1059, 0.244346, 0, 0, 0.121869, 0.992546, 1800, 100, 1),
(82645, 2043, 1, 15, -3985.14, -2998.72, 40.437, 3.10669, 0, 0, 0.999848, 0.017452, 1800, 100, 1),
(82646, 2046, 1, 15, -4423.77, -2951.16, 53.2401, 2.77507, 0, 0, 0.983255, 0.182236, 1800, 100, 1),
(82647, 2042, 1, 15, -4530.3, -3422.87, 36.8299, 0.349066, 0, 0, 0.173648, 0.984808, 1800, 100, 1),
(82648, 1624, 1, 15, -2784.49, -3669.48, 36.8172, 0.593412, 0, 0, 0.292372, 0.956305, 1800, 100, 1),
(82649, 2043, 1, 15, -3833.97, -3143.01, 43.8337, 0.139626, 0, 0, 0.069756, 0.997564, 1800, 100, 1),
(82650, 2043, 1, 15, -3636.51, -3425.49, 37.1972, 1.74533, 0, 0, 0.766044, 0.642788, 1800, 100, 1),
(82651, 2041, 1, 15, -2522.48, -3075.03, 30.3107, -1.29154, 0, 0, 0.601815, -0.798635, 1800, 100, 1),
(82652, 1624, 1, 15, -3675.03, -3054.63, 41.1405, 2.94961, 0, 0, 0.995396, 0.095846, 1800, 100, 1),
(82653, 2046, 1, 15, -4328.01, -3273.73, 37.0119, -0.471239, 0, 0, 0.233445, -0.97237, 1800, 100, 1),
(82654, 2042, 1, 15, -2957.81, -4077.96, 37.4897, -3.08923, 0, 0, 0.999657, -0.026177, 1800, 100, 1),
(82655, 2046, 1, 15, -3262.43, -3753.55, 54.2975, -1.50098, 0, 0, 0.681998, -0.731354, 1800, 100, 1),
(82656, 2046, 1, 15, -3295.31, -3842.35, 45.714, -0.122173, 0, 0, 0.061049, -0.998135, 1800, 100, 1),
(82657, 2043, 1, 15, -2587.2, -3448.95, 33.1026, 1.20428, 0, 0, 0.566406, 0.824126, 1800, 100, 1),
(82658, 2041, 1, 15, -2644.12, -3674.71, 31.2595, -1.01229, 0, 0, 0.48481, -0.87462, 1800, 100, 1),
(82659, 2042, 1, 15, -2481.14, -3219.62, 35.9511, 2.84488, 0, 0, 0.989016, 0.147811, 300, 100, 1),
(82660, 2042, 1, 15, -2591.81, -3483.11, 33.8229, 4.55531, 0, 0, -0.760406, 0.649449, 300, 100, 1),
(82661, 2042, 1, 15, -2987.04, -3287.98, 37.2054, 0.750491, 0, 0, 0.366501, 0.930418, 300, 100, 1),
(82662, 2042, 1, 15, -2870.47, -3264.87, 39.1876, 4.88692, 0, 0, -0.642787, 0.766045, 300, 100, 1),
(82663, 2042, 1, 15, -2754.31, -4006.38, 34.812, 3.4034, 0, 0, -0.991445, 0.130528, 300, 100, 1),
(82664, 2042, 1, 15, -3109.08, -3700.12, 39.3471, 3.56047, 0, 0, -0.978148, 0.207912, 300, 100, 1),
(82665, 2042, 1, 15, -4382.1, -3647.11, 37.934, 1.46608, 0, 0, 0.66913, 0.743145, 300, 100, 1),
(82666, 1624, 1, 15, -2568.35, -2943.43, 35.8298, -0.698132, 0, 0, 0.34202, -0.939693, 1800, 100, 1),
(82667, 2046, 1, 15, -4222.87, -2760.22, 44.6807, 2.07694, 0, 0, 0.861629, 0.507539, 300, 100, 1),
(82668, 2046, 1, 15, -2414.11, -4040.26, 16.5305, 5.18363, 0, 0, -0.522498, 0.85264, 300, 100, 1),
(82669, 2046, 1, 15, -3133.07, -3684.59, 51.8294, 5.14872, 0, 0, -0.537299, 0.843392, 300, 100, 1),
(82670, 2046, 1, 15, -2586.54, -3957.19, 19.2201, 2.93214, 0, 0, 0.994521, 0.104536, 300, 100, 1),
(82671, 2046, 1, 15, -2558.18, -3757.4, 36.4821, 1.46608, 0, 0, 0.66913, 0.743145, 300, 100, 1),
(82672, 2043, 1, 15, -3321.41, -2843.75, 32.791, 3.56047, 0, 0, -0.978148, 0.207912, 300, 100, 1),
(82673, 2043, 1, 15, -4499.86, -3176.26, 35.5605, 3.80482, 0, 0, -0.945518, 0.325568, 300, 100, 1),
(82674, 2043, 1, 15, -4506, -3666.13, 38.9024, 2.93214, 0, 0, 0.994521, 0.104536, 300, 100, 1),
(82675, 2043, 1, 15, -4256.67, -3587.84, 43.1987, 2.56563, 0, 0, 0.958819, 0.284016, 300, 100, 1),
(82676, 2043, 1, 15, -3637.24, -3373.67, 40.16, 0.471238, 0, 0, 0.233445, 0.97237, 300, 100, 1),
(82677, 1624, 1, 15, -3037.78, -4030.53, 39.2131, 6.02139, 0, 0, -0.130526, 0.991445, 300, 100, 1),
(82678, 1624, 1, 15, -2750.72, -3012.27, 36.799, 0.977383, 0, 0, 0.469471, 0.882948, 300, 100, 1),
(82679, 1624, 1, 15, -3445.04, -3119.92, 39.4034, 0.296705, 0, 0, 0.147809, 0.989016, 300, 100, 1),
(82680, 1624, 1, 15, -3661.01, -3444, 40.2866, 4.29351, 0, 0, -0.83867, 0.54464, 300, 100, 1),
(82681, 1624, 1, 15, -3545.88, -3147.84, 37.2179, 6.00393, 0, 0, -0.139173, 0.990268, 300, 100, 1),
(82682, 1624, 1, 15, -2989.42, -3720.05, 38.4237, 5.25344, 0, 0, -0.492423, 0.870356, 300, 100, 1),
(82683, 1624, 1, 15, -3133.65, -3765.89, 40.7043, 0.506145, 0, 0, 0.25038, 0.968148, 300, 100, 1),
(82684, 2041, 1, 15, -2969.1, -3139.19, 30.5439, 1.44862, 0, 0, 0.66262, 0.748956, 1800, 100, 1),
(82685, 2041, 1, 15, -3208.25, -3809.05, 31.218, -0.820305, 0, 0, 0.398749, -0.91706, 1800, 100, 1),
(82686, 2041, 1, 15, -4085.57, -3025.3, 31.9925, 4.53786, 0, 0, -0.766044, 0.642789, 1800, 255, 1),
(82687, 2041, 1, 15, -2791.54, -3519.12, 29.3699, 0.209439, 0, 0, 0.104528, 0.994522, 1800, 255, 1),
(82688, 2041, 1, 15, -2786.07, -3127.25, 30.1961, 2.93214, 0, 0, 0.994521, 0.104535, 1800, 255, 1),
(82689, 2041, 1, 15, -4107.86, -3427.9, 30.6956, 2.11185, 0, 0, 0.870356, 0.492424, 1800, 255, 1),
(82690, 2041, 1, 15, -4200.37, -3329.22, 30.2588, 3.07177, 0, 0, 0.999391, 0.0349061, 1800, 255, 1),
(82691, 2041, 1, 15, -3731.32, -3187.41, 32.0722, 5.60251, 0, 0, -0.333807, 0.942641, 1800, 255, 1),
(82692, 2041, 1, 15, -3563.34, -2881.77, 29.8927, 2.74016, 0, 0, 0.979924, 0.19937, 1800, 255, 1),
(82693, 2041, 1, 15, -3101.98, -4054.79, 23.703, 4.71239, 0, 0, -0.707107, 0.707107, 300, 100, 1),
(82694, 2041, 1, 15, -3175.14, -3117.97, 30.5827, 6.07375, 0, 0, -0.104528, 0.994522, 300, 100, 1),
(82695, 2041, 1, 15, -2816.24, -3081.45, 30.3134, 2.28638, 0, 0, 0.909961, 0.414694, 300, 100, 1),
(82696, 2041, 1, 15, -3775.09, -2953.29, 31.872, 5.44543, 0, 0, -0.406736, 0.913546, 300, 100, 1),
(82697, 2041, 1, 15, -3402.81, -3239.14, 30.4997, 5.8294, 0, 0, -0.224951, 0.97437, 300, 100, 1),
(82698, 2041, 1, 15, -3445.87, -3330.67, 31.0648, 5.34071, 0, 0, -0.45399, 0.891007, 300, 100, 1),
(82699, 2041, 1, 15, -3772.63, -3295.04, 30.3823, 3.6652, 0, 0, -0.965925, 0.258821, 300, 100, 1),
(82700, 2041, 1, 15, -4042.81, -3541.31, 30.4527, 1.27409, 0, 0, 0.594822, 0.803857, 300, 100, 1),
(82701, 2041, 1, 15, -2696.02, -3670.07, 30.6771, 4.29351, 0, 0, -0.83867, 0.54464, 300, 100, 1),
(82702, 2041, 1, 15, -3259.52, -2847.8, 30.8701, 2.86234, 0, 0, 0.990268, 0.139175, 300, 100, 1),
(82703, 2041, 1, 15, -3009.71, -3625.47, 28.6143, 0.296705, 0, 0, 0.147809, 0.989016, 300, 100, 1),
(82704, 2041, 1, 15, -2792.61, -3489.66, 31.1472, 0.226892, 0, 0, 0.113203, 0.993572, 300, 100, 1),
(82705, 2041, 1, 15, -4653.77, -3597.04, 31.8647, 2.51327, 0, 0, 0.951056, 0.309017, 300, 100, 1),
(82706, 2041, 1, 15, -3053.16, -3773.24, 30.6329, 5.044, 0, 0, -0.580703, 0.814116, 300, 100, 1),
(82707, 2041, 1, 15, -3623.66, -3275.27, 31.6351, 4.55531, 0, 0, -0.760406, 0.649449, 300, 100, 1),
(82708, 2041, 1, 15, -2824.39, -3800.51, 29.9342, 5.88176, 0, 0, -0.199368, 0.979925, 300, 100, 1),
(82709, 2041, 1, 15, -3557.42, -3318.69, 30.4225, 2.72271, 0, 0, 0.978148, 0.207912, 300, 100, 1),
(82710, 2046, 1, 15, -2606.63, -3550.43, 50.8285, -2.07694, 0, 0, 0.861629, -0.507538, 1800, 100, 1),
(82711, 2041, 1, 15, -3923.71, -3395, 30.9962, -2.87979, 0, 0, 0.991445, -0.130526, 1800, 100, 1),
(82712, 2042, 1, 15, -3865.61, -3201.42, 43.931, -0.139626, 0, 0, 0.069756, -0.997564, 1800, 100, 1),
(82713, 2042, 1, 15, -3835.82, -2891.23, 36.5356, 3.80482, 0, 0, -0.945518, 0.325568, 300, 100, 1),
(82714, 2041, 1, 15, -3871.89, -3656.06, 31.251, 0, 0, 0, 0, 1, 300, 100, 1),
(82715, 2041, 1, 15, -3760, -3381.81, 30.9896, 3.54302, 0, 0, -0.979924, 0.19937, 300, 100, 1),
(82716, 2046, 1, 15, -3653.49, -3548.63, 56.625, -2.70526, 0, 0, 0.976296, -0.21644, 1800, 100, 1),
(82717, 2046, 1, 15, -3639.01, -3525.38, 63.3026, 3.15906, 0, 0, -0.999962, 0.00873464, 300, 100, 1),
(82718, 2046, 1, 15, -3570.55, -3437.41, 56.9542, 0.628317, 0, 0, 0.309016, 0.951057, 300, 100, 1),
(82719, 2043, 1, 15, -3686.8, -3145.4, 40.6784, 1.97222, 0, 0, 0.833886, 0.551937, 1800, 100, 1),
(82720, 2043, 1, 15, -3531.54, -3056.35, 36.5391, 0.453785, 0, 0, 0.224951, 0.97437, 300, 100, 1),
(82721, 2042, 1, 15, -3841.12, -3422.93, 37.834, 1.11701, 0, 0, 0.529919, 0.848048, 1800, 100, 1),
(82722, 2042, 1, 15, -3639.57, -3233.57, 35.1359, 2.30383, 0, 0, 0.913545, 0.406737, 1800, 100, 1),
(82723, 2043, 1, 15, -2770.72, -3873.4, 37.4555, 5.2709, 0, 0, -0.484809, 0.87462, 1800, 255, 1),
(82724, 2046, 1, 15, -2944.48, -2756.74, 47.5807, 2.56563, 0, 0, 0.958819, 0.284016, 1800, 255, 1),
(82725, 2046, 1, 15, -2911.63, -2733.6, 66.2318, 0.680677, 0, 0, 0.333806, 0.942642, 1800, 255, 1),
(82726, 2042, 1, 15, -2670.64, -2951.66, 38.9982, 4.60767, 0, 0, -0.743144, 0.669132, 1800, 255, 1),
(82727, 2041, 1, 15, -2601.64, -2914.52, 29.3757, 3.89209, 0, 0, -0.930417, 0.366502, 1800, 255, 1),
(82728, 2041, 1, 15, -2569.71, -3088.42, 30.9634, 0.139625, 0, 0, 0.0697555, 0.997564, 1800, 255, 1),
(82729, 2043, 1, 15, -2687.53, -3251.11, 35.0143, 2.40855, 0, 0, 0.93358, 0.358368, 1800, 255, 1),
(82730, 2041, 1, 15, -2741.41, -3352.31, 30.094, 4.90438, 0, 0, -0.636078, 0.771625, 1800, 255, 1),
(82731, 2046, 1, 15, -2962.82, -4332.27, 18.0261, 2.47837, 0, 0, 0.945518, 0.325568, 1800, 255, 1),
(82732, 2046, 1, 15, -3112.43, -4127.25, 50.5083, 5.93412, 0, 0, -0.173648, 0.984808, 1800, 255, 1),
(82733, 2046, 1, 15, -3046.96, -3380.2, 44.9054, 1.65806, 0, 0, 0.737277, 0.675591, 1800, 255, 1),
(82734, 2041, 1, 15, -3911.32, -3205.39, 30.3895, 0.785397, 0, 0, 0.382683, 0.92388, 1800, 255, 1),
(82735, 2041, 1, 15, -4023.87, -3263.74, 32.544, 1.72787, 0, 0, 0.760405, 0.649449, 1800, 255, 1),
(82736, 2043, 1, 15, -4090.3, -3162.94, 40.5341, 3.89209, 0, 0, -0.930417, 0.366502, 1800, 255, 1),
(82737, 2042, 1, 15, -3857.14, -3771.82, 40.9882, 4.43314, 0, 0, -0.798635, 0.601815, 1800, 255, 1),
(82738, 2046, 1, 15, -3802.36, -3812.47, 65.6859, 0.174532, 0, 0, 0.0871553, 0.996195, 1800, 255, 1),
(82739, 2043, 1, 15, -3772.92, -3562.16, 38.337, 5.93412, 0, 0, -0.173648, 0.984808, 1800, 255, 1),
(82740, 2042, 1, 15, -3896.24, -3288.22, 52.1139, 1.43117, 0, 0, 0.656058, 0.75471, 1800, 255, 1),
(82741, 1624, 1, 15, -3619.13, -2838.4, 36.2724, 2.74016, 0, 0, 0.979924, 0.19937, 1800, 255, 1),
(82742, 2042, 1, 15, -3498.02, -3224.97, 37.1408, 5.5676, 0, 0, -0.350207, 0.936672, 1800, 255, 1),
(82743, 2043, 1, 15, -3369.18, -3299.47, 36.9247, 3.97936, 0, 0, -0.913545, 0.406738, 1800, 255, 1),
(82744, 2042, 1, 15, -4485.16, -2872.85, 38.5212, 1.02974, 0, 0, 0.492423, 0.870356, 1800, 255, 1),
(82745, 2043, 1, 15, -4567.23, -2790.01, 39.6747, 4.38078, 0, 0, -0.814116, 0.580703, 1800, 255, 1),
(82746, 2041, 1, 15, -4541.49, -3057.2, 30.645, 5.2709, 0, 0, -0.484809, 0.87462, 1800, 255, 1),
(82747, 2041, 1, 15, -4802.6, -3565.6, 30.2317, 3.97935, 0, 0, -0.913545, 0.406738, 1800, 255, 1),
(82748, 2046, 1, 15, -4349.06, -3367.98, 38.0667, 5.02655, 0, 0, -0.587785, 0.809017, 1800, 255, 1),
(82749, 2043, 1, 15, -4298.23, -2864.76, 36.6511, 2.00713, 0, 0, 0.843391, 0.5373, 1800, 255, 1),
(82750, 2042, 1, 15, -3987.46, -3743.76, 39.7388, 1.06465, 0, 0, 0.507538, 0.861629, 300, 100, 1),
(82751, 2046, 1, 15, -2472.02, -2875.58, 44.545, 4.38078, 0, 0, -0.814116, 0.580703, 300, 100, 1),
(82752, 2046, 1, 15, -2647, -4289.55, 19.7775, 1.25664, 0, 0, 0.587785, 0.809017, 300, 100, 1),
(82753, 2046, 1, 15, -2709.08, -2784.29, 65.9484, 2.84488, 0, 0, 0.989016, 0.147811, 300, 100, 1),
(82754, 2046, 1, 15, -3013.39, -3516.39, 75.8011, 1.65806, 0, 0, 0.737277, 0.675591, 300, 100, 1),
(82755, 2043, 1, 15, -3316.13, -4017.71, 29.0155, 0.296705, 0, 0, 0.147809, 0.989016, 300, 100, 1),
(82756, 2043, 1, 15, -4127.7, -2823.48, 39.0979, 3.10665, 0, 0, 0.999847, 0.0174693, 300, 100, 1),
(82757, 2043, 1, 15, -3841.73, -3706.29, 42.2347, 0.0523589, 0, 0, 0.0261765, 0.999657, 300, 100, 1),
(82758, 2043, 1, 15, -4117.23, -3318.63, 38.7402, 2.35619, 0, 0, 0.92388, 0.382683, 300, 100, 1),
(82759, 1624, 1, 15, -3571.68, -2939.54, 34.2335, 5.70723, 0, 0, -0.284015, 0.95882, 300, 100, 1),
(82760, 2041, 1, 15, -2624.21, -3272.21, 29.4896, 4.03171, 0, 0, -0.902585, 0.430512, 300, 100, 1),
(82761, 2041, 1, 15, -4501, -2915.76, 30.4631, 2.77507, 0, 0, 0.983254, 0.182238, 300, 100, 1),
(82762, 2041, 1, 15, -4594.51, -3245.26, 31.415, 1.39626, 0, 0, 0.642787, 0.766045, 300, 100, 1),
(82763, 2041, 1, 15, -3955.8, -3187.46, 30.7464, 4.95674, 0, 0, -0.615661, 0.788011, 300, 100, 1),
(82764, 2041, 1, 15, -2676.61, -3316.81, 31.123, 1.16937, 0, 0, 0.551936, 0.833886, 300, 100, 1);

-- Silithus
DELETE FROM `pool_gameobject` WHERE `pool_entry` IN (948);
DELETE FROM `pool_template` WHERE `entry` IN (948);
DELETE FROM `gameobject` WHERE `guid` IN (18972,19004,19012,19038,19050,19052,19059,19075,19135,19168,19169,19170,19175,19186,19189,19193,19195,19196,19198,19216,19223,19227,19238,19265,19368,19369,19370,19371,19372,19453,19491,19496,19560,19563,19564,19584,19592,19608,19613,19656,49318,49319,49320,49397,49398,49399,49400,49401,49402,49403,49404,49405,49406,49407,49408,49409,49410,49411,86091,86407,86424,87041,87179,87180,87183,87306);

-- Vmangos pools: (1221,1222,1223,1224);
DELETE FROM `pool_template` WHERE `entry` BETWEEN 580 AND 583;
INSERT INTO `pool_template` (`entry`, `max_limit`, `description`) VALUES
(580, 4, 'Dreamfoil in Silithus'),
(581, 2, 'Mountain Silversage in Silithus'),
(582, 1, 'Sungrass in Silithus'),
(583, 8, 'Golden Sansam in Silithus');

DELETE FROM `pool_gameobject` WHERE `guid` BETWEEN 8256 AND 8318;
INSERT INTO `pool_gameobject` (`guid`, `pool_entry`, `chance`, `description`) VALUES
(8256, 582, 0, 'Sungrass'),
(8257, 580, 0, 'Dreamfoil'),
(8258, 580, 0, 'Dreamfoil'),
(8259, 581, 0, 'Mountain Silversage'),
(8260, 583, 0, 'Golden Sansam'),
(8261, 583, 0, 'Golden Sansam'),
(8262, 583, 0, 'Golden Sansam'),
(8263, 583, 0, 'Golden Sansam'),
(8264, 583, 0, 'Golden Sansam'),
(8265, 583, 0, 'Golden Sansam'),
(8266, 583, 0, 'Golden Sansam'),
(8267, 583, 0, 'Golden Sansam'),
(8268, 583, 0, 'Golden Sansam'),
(8269, 583, 0, 'Golden Sansam'),
(8270, 583, 0, 'Golden Sansam'),
(8271, 583, 0, 'Golden Sansam'),
(8272, 583, 0, 'Golden Sansam'),
(8273, 583, 0, 'Golden Sansam'),
(8274, 583, 0, 'Golden Sansam'),
(8275, 583, 0, 'Golden Sansam'),
(8276, 583, 0, 'Golden Sansam'),
(8277, 583, 0, 'Golden Sansam'),
(8278, 580, 0, 'Dreamfoil'),
(8279, 580, 0, 'Dreamfoil'),
(8280, 580, 0, 'Dreamfoil'),
(8281, 580, 0, 'Dreamfoil'),
(8282, 580, 0, 'Dreamfoil'),
(8283, 580, 0, 'Dreamfoil'),
(8284, 580, 0, 'Dreamfoil'),
(8285, 580, 0, 'Dreamfoil'),
(8286, 580, 0, 'Dreamfoil'),
(8287, 580, 0, 'Dreamfoil'),
(8288, 580, 0, 'Dreamfoil'),
(8289, 580, 0, 'Dreamfoil'),
(8290, 580, 0, 'Dreamfoil'),
(8291, 580, 0, 'Dreamfoil'),
(8292, 580, 0, 'Dreamfoil'),
(8293, 580, 0, 'Dreamfoil'),
(8294, 580, 0, 'Dreamfoil'),
(8295, 580, 0, 'Dreamfoil'),
(8296, 580, 0, 'Dreamfoil'),
(8297, 580, 0, 'Dreamfoil'),
(8298, 582, 0, 'Sungrass'),
(8299, 582, 0, 'Sungrass'),
(8300, 582, 0, 'Sungrass'),
(8301, 582, 0, 'Sungrass'),
(8302, 582, 0, 'Sungrass'),
(8303, 583, 0, 'Golden Sansam'),
(8304, 583, 0, 'Golden Sansam'),
(8305, 583, 0, 'Golden Sansam'),
(8306, 583, 0, 'Golden Sansam'),
(8307, 580, 0, 'Dreamfoil'),
(8308, 580, 0, 'Dreamfoil'),
(8309, 580, 0, 'Dreamfoil'),
(8310, 580, 0, 'Dreamfoil'),
(8311, 580, 0, 'Dreamfoil'),
(8312, 581, 0, 'Mountain Silversage'),
(8313, 581, 0, 'Mountain Silversage'),
(8314, 581, 0, 'Mountain Silversage'),
(8315, 581, 0, 'Mountain Silversage'),
(8316, 581, 0, 'Mountain Silversage'),
(8317, 581, 0, 'Mountain Silversage'),
(8318, 580, 0, 'Dreamfoil');
 
DELETE FROM `gameobject` WHERE `zoneId`=1377 AND `guid` BETWEEN 8256 AND 8318;
INSERT INTO `gameobject` (`guid`, `id`, `map`, `zoneId`, `position_x`, `position_y`, `position_z`, `orientation`, `rotation0`, `rotation1`, `rotation2`, `rotation3`, `spawntimesecs`, `animprogress`, `state`) VALUES
(8256, 142142, 1, 1377, -6965.77, 366.89, 6.02273, 1.41372, 0, 0, 0.649447, 0.760406, 2700, 255, 1),
(8257, 176584, 1, 1377, -6449.84, 1330.59, 1.34675, 4.66003, 0, 0, -0.725374, 0.688355, 2700, 255, 1),
(8258, 176584, 1, 1377, -6840.39, 1052.12, 2.4004, 3.15906, 0, 0, -0.999962, 0.00873464, 2700, 255, 1),
(8259, 176586, 1, 1377, -8085.21, 1152.72, 30.9524, 2.11185, 0, 0, 0.870356, 0.492424, 2700, 255, 1),
(8260, 176583, 1, 1377, -6952, 982.589, 9.148, 6.162, 0, 0, 0, 0, 2700, 100, 1),
(8261, 176583, 1, 1377, -6941, 1186.88, 9.335, 1.609, 0, 0, 0, 0, 2700, 100, 1),
(8262, 176583, 1, 1377, -6600.34, 746.789, 5.50898, 2.947, 0, 0, 0, 0, 2700, 100, 1),
(8263, 176583, 1, 1377, -6663, 838.734, 3.7485, 2.70526, 0, 0, 0.976295, 0.216442, 300, 100, 1),
(8264, 176583, 1, 1377, -7690, 1707.08, 13.362, 0.244, 0, 0, 0, 0, 2700, 100, 1),
(8265, 176583, 1, 1377, -8106, 798.885, 9.862, 2.517, 0, 0, 0, 0, 2700, 100, 1),
(8266, 176583, 1, 1377, -7965.79, 1595, -0.923715, 4.62512, 0, 0, -0.737277, 0.675591, 300, 100, 1),
(8267, 176583, 1, 1377, -7793, 191.814, 6.056, 3.332, 0, 0, 0, 0, 2700, 100, 1),
(8268, 176583, 1, 1377, -8044, 1952.02, 24.96, 0.85, 0, 0, 0, 0, 2700, 100, 1),
(8269, 176583, 1, 1377, -7832, 206.581, 5.485, 5.536, 0, 0, 0, 0, 2700, 100, 1),
(8270, 176583, 1, 1377, -7527, 949.858, 3.407, 4.482, 0, 0, 0, 0, 2700, 100, 1),
(8271, 176583, 1, 1377, -7382, 1431.79, 4.874, 1.211, 0, 0, 0, 0, 2700, 100, 1),
(8272, 176583, 1, 1377, -8020, 1979.11, 11.017, 1.484, 0, 0, 0, 0, 2700, 100, 1),
(8273, 176583, 1, 1377, -7602, 1958.18, 47.592, 1.506, 0, 0, 0, 0, 2700, 100, 1),
(8274, 176583, 1, 1377, -7599, 1937.34, 47.933, 2.209, 0, 0, 0, 0, 2700, 100, 1),
(8275, 176583, 1, 1377, -6790, 1540.7, 2.953, 2.034, 0, 0, 0, 0, 2700, 100, 1),
(8276, 176583, 1, 1377, -6775, 1482.7, 3.372, 1.836, 0, 0, 0, 0, 2700, 100, 1),
(8277, 176583, 1, 1377, -7251, 1299.82, 5.042, 3.614, 0, 0, 0, 0, 2700, 100, 1),
(8278, 176584, 1, 1377, -7059, 1030.9, 6.336, 0.445, 0, 0, 0, 0, 2700, 100, 1),
(8279, 176584, 1, 1377, -7202, 1118.75, 4.06, 4.085, 0, 0, 0, 0, 2700, 100, 1),
(8280, 176584, 1, 1377, -7071, 1046.94, 7.855, 0.657, 0, 0, 0, 0, 2700, 100, 1),
(8281, 176584, 1, 1377, -7454, 937.032, 4.699, 3.689, 0, 0, 0, 0, 2700, 100, 1),
(8282, 176584, 1, 1377, -7459, 937.429, 4.877, 4.207, 0, 0, 0, 0, 2700, 100, 1),
(8283, 176584, 1, 1377, -7526.1, 940.236, 4.11149, 3.35105, 0, 0, -0.994521, 0.104536, 300, 100, 1),
(8284, 176584, 1, 1377, -7045, 1602.92, 2.333, 3.806, 0, 0, 0, 0, 2700, 100, 1),
(8285, 176584, 1, 1377, -6759.77, 1476.92, 4.77277, 6.02139, 0, 0, -0.130526, 0.991445, 300, 100, 1),
(8286, 176584, 1, 1377, -7382, 806.49, 3.179, 2.306, 0, 0, 0, 0, 2700, 100, 1),
(8287, 176584, 1, 1377, -7864, 786.793, -30, 2.063, 0, 0, 0, 0, 2700, 100, 1),
(8288, 176584, 1, 1377, -7340, 648.978, -1, 4.8, 0, 0, 0, 0, 2700, 100, 1),
(8289, 176584, 1, 1377, -7614, 266.612, 4.146, 5.672, 0, 0, 0, 0, 2700, 100, 1),
(8290, 176584, 1, 1377, -6702, 1847.13, 5.428, 0.814, 0, 0, 0, 0, 2700, 100, 1),
(8291, 176584, 1, 1377, -7399, 567.13, -5, 0.264, 0, 0, 0, 0, 2700, 100, 1),
(8292, 176584, 1, 1377, -7845, 883.009, -6, 3.257, 0, 0, 0, 0, 2700, 100, 1),
(8293, 176584, 1, 1377, -7063, 1034.44, 6.875, 0.421, 0, 0, 0, 0, 2700, 100, 1),
(8294, 176584, 1, 1377, -6651.68, 779.166, 11.2308, 1.47, 0, 0, 0, 0, 2700, 100, 1),
(8295, 176584, 1, 1377, -7716.8, 1188.04, -0.216536, 5.44543, 0, 0, -0.406736, 0.913546, 300, 100, 1),
(8296, 176584, 1, 1377, -7987.46, 1282.15, -3.45968, 3.29869, 0, 0, -0.996917, 0.0784664, 300, 100, 1),
(8297, 176584, 1, 1377, -7882.29, 870.72, -1.37092, 5.00909, 0, 0, -0.594823, 0.803857, 300, 100, 1),
(8298, 142142, 1, 1377, -6685.23, 86.7849, 6.31194, 0.122173, 0, 0, 0.0610485, 0.998135, 300, 100, 1),
(8299, 142142, 1, 1377, -6682.94, -111.977, 3.70413, 0.418879, 0, 0, 0.207911, 0.978148, 300, 100, 1),
(8300, 142142, 1, 1377, -7749.81, 1486.97, 0.788001, 3.24635, 0, 0, -0.998629, 0.0523532, 300, 100, 1),
(8301, 142142, 1, 1377, -6852.07, 19.1105, 5.19067, 4.43314, 0, 0, -0.798635, 0.601815, 300, 100, 1),
(8302, 142142, 1, 1377, -7750.89, 950.673, -0.100626, 2.46091, 0, 0, 0.942641, 0.333808, 300, 100, 1),
(8303, 176583, 1, 1377, -7631.55, 562.08, -51.4681, 0.20944, 0, 0, 0.104528, 0.994522, 2700, 100, 1),
(8304, 176583, 1, 1377, -7209.2, 407.941, 25.052, -1.32645, 0, 0, 0.615661, -0.788011, 2700, 100, 1),
(8305, 176583, 1, 1377, -6539.54, 1413.72, 3.62275, 0.855211, 0, 0, 0.414693, 0.909961, 2700, 100, 1),
(8306, 176583, 1, 1377, -6672.97, 596.309, 6.83641, -0.122173, 0, 0, 0.061049, -0.998135, 2700, 100, 1),
(8307, 176584, 1, 1377, -6640.85, 723.98, 6.04015, -0.628319, 0, 0, 0.309017, -0.951056, 2700, 100, 1),
(8308, 176584, 1, 1377, -7441.34, 355.08, 3.75912, -2.1293, 0, 0, 0.87462, -0.48481, 2700, 100, 1),
(8309, 176584, 1, 1377, -7320.77, 509.581, 7.11041, 0.680678, 0, 0, 0.333807, 0.942641, 2700, 100, 1),
(8310, 176584, 1, 1377, -7079.04, 1473.01, 6.3944, 2.19912, 0, 0, 0.891007, 0.453991, 2700, 100, 1),
(8311, 176584, 1, 1377, -7880.61, 1711.77, -1.10263, 3.03687, 0, 0, 0.99863, 0.052336, 2700, 100, 1),
(8312, 176586, 1, 1377, -6548.1, 1670.95, 36.442, 0.610865, 0, 0, 0.300706, 0.953717, 2700, 100, 1),
(8313, 176586, 1, 1377, -7273.3, 1926.67, 29.2987, 2.82743, 0, 0, 0.987688, 0.156434, 2700, 100, 1),
(8314, 176586, 1, 1377, -7773.36, 1961.74, 28.5963, 2.60054, 0, 0, 0.96363, 0.267238, 2700, 100, 1),
(8315, 176586, 1, 1377, -6215.69, 381.553, 49.5212, -1.62316, 0, 0, 0.725374, -0.688354, 2700, 100, 1),
(8316, 176586, 1, 1377, -7243.38, 284.821, 62.2647, -1.85005, 0, 0, 0.798635, -0.601815, 2700, 100, 1),
(8317, 176586, 1, 1377, -7993.95, 247.323, 20.0297, 0.017453, 0, 0, 0.008727, 0.999962, 2700, 100, 1),
(8318, 176584, 1, 1377, -6988.66, 571.305, 8.68417, 0.767944, 0, 0, 0.374606, 0.927184, 300, 100, 1);

-- Un'Goro Crater
DELETE FROM `pool_gameobject` WHERE `pool_entry` IN (966);
DELETE FROM `pool_template` WHERE `entry` IN (966);
DELETE FROM `gameobject` WHERE `guid` IN (16077,16090,16092,16120,16136,16162,16178,16181,16188,16191,16194,16234,16251,16266,16268,16286,16303,16304,16315,16318,16323,16329,16333,16337,16340,16367,16378,16381,16392,16396,17584,17588,17589,17590,17737,17738,17739,17740,17741,17742,17743,17744,17746,17747,17748,17749,17750,17752,17753,17755,17756,17757,17758,17760,17773,17890,17924,17925,18951,18952,18953,18956,18957,18959,18960,18974,18976,18977,18978,18987,18988,18991,18996,18997,19000,19007,19013,19019,19023,19027,19032,19040,19053,19056,19057,19061,19062,19063,19064,19065,19066,19072,19081,19085,19090,19094,19095,19097,19099,19100,19101,19115,19120,19126,19127,19128,19129,19136,19138,19139,19142,19155,19156,19159,19160,19164,19166,19181,19190,19191,19202,19203,19204,19205,19206,19207,19211,19213,19233,19235,19240,19241,19242,19244,19245,19246,19252,19254,19258,19266,19269,19277,19278,19279,19289,19293,19303,19308,19309,19313,19314,19322,19329,19330,19335,19337,19338,19345,19353,19354,19373,19378,19383,19402,19411,19417,19431,19452,19455,19473,19477,19478,19492,19495,19499,19501,19504,19505,19506,19507,19508,19509,19517,19523,19527,19528,19531,19538,19552,19553,19558,19559,19565,19578,19586,19603,19605,19609,19610,19616,19617,19619,19626,19637,19639,19647,19650,19654,19657,19658,19661,19663,19664,19665,19669,19670,19672,19676,19680,19681,19682,19685,19697,19698,19699,19701,19706,19710,19712,19715,19725,19732,19733,19738,19739,19740,19741,19743,19747,19750,19751,19754,19758,19759,19762,19763,19764,19765,19781,19782,19783,19785,19790,19792,19804,19807,19809,19812,19816,19817,19826,19828,19833,19843,19854,19855,19856,19857,19864,19866,19871,86090,86097,86107,86127,86382,86385,86387,86405,86406,86408,86409,86435,86438,87004,87005,87458,87459,87487,87488,87489,87493,87494,87495);

-- Vmangos pools: (1212,1214,1215,1216,1218);
DELETE FROM `pool_template` WHERE `entry` BETWEEN 584 AND 588;
INSERT INTO `pool_template` (`entry`, `max_limit`, `description`) VALUES
(584, 14, 'Dreamfoil in Ungoro Crater'),
(585, 16, 'Golden Sansam in Ungoro'),
(586, 7, 'Sungrass in Ungoro Crater'),
(587, 5, 'Blindweed in Ungoro Crater'),
(588, 12, 'Mountain Silversage in Ungoro Crater');

DELETE FROM `pool_gameobject` WHERE `guid` BETWEEN 83038 AND 83322;
INSERT INTO `pool_gameobject` (`guid`, `pool_entry`, `chance`, `description`) VALUES 
(83038, 586, 0, 'Sungrass'),
(83039, 586, 0, 'Sungrass'),
(83040, 586, 0, 'Sungrass'),
(83041, 586, 0, 'Sungrass'),
(83042, 586, 0, 'Sungrass'),
(83043, 586, 0, 'Sungrass'),
(83044, 586, 0, 'Sungrass'),
(83045, 586, 0, 'Sungrass'),
(83046, 586, 0, 'Sungrass'),
(83047, 586, 0, 'Sungrass'),
(83048, 586, 0, 'Sungrass'),
(83049, 586, 0, 'Sungrass'),
(83050, 586, 0, 'Sungrass'),
(83051, 587, 0, 'Blindweed'),
(83052, 587, 0, 'Blindweed'),
(83053, 587, 0, 'Blindweed'),
(83054, 587, 0, 'Blindweed'),
(83055, 587, 0, 'Blindweed'),
(83056, 587, 0, 'Blindweed'),
(83057, 587, 0, 'Blindweed'),
(83058, 587, 0, 'Blindweed'),
(83059, 587, 0, 'Blindweed'),
(83060, 587, 0, 'Blindweed'),
(83061, 587, 0, 'Blindweed'),
(83062, 587, 0, 'Blindweed'),
(83063, 587, 0, 'Blindweed'),
(83064, 588, 0, 'Mountain Silversage'),
(83065, 588, 0, 'Mountain Silversage'),
(83066, 587, 0, 'Blindweed'),
(83067, 586, 0, 'Sungrass'),
(83068, 586, 0, 'Sungrass'),
(83069, 586, 0, 'Sungrass'),
(83070, 586, 0, 'Sungrass'),
(83071, 586, 0, 'Sungrass'),
(83072, 586, 0, 'Sungrass'),
(83073, 587, 0, 'Blindweed'),
(83074, 587, 0, 'Blindweed'),
(83075, 585, 0, 'Golden Sansam'),
(83076, 585, 0, 'Golden Sansam'),
(83077, 585, 0, 'Golden Sansam'),
(83078, 584, 0, 'Dreamfoil'),
(83079, 584, 0, 'Dreamfoil'),
(83080, 584, 0, 'Dreamfoil'),
(83081, 584, 0, 'Dreamfoil'),
(83082, 584, 0, 'Dreamfoil'),
(83083, 588, 0, 'Mountain Silversage'),
(83084, 588, 0, 'Mountain Silversage'),
(83085, 588, 0, 'Mountain Silversage'),
(83086, 588, 0, 'Mountain Silversage'),
(83087, 588, 0, 'Mountain Silversage'),
(83088, 588, 0, 'Mountain Silversage'),
(83089, 585, 0, 'Golden Sansam'),
(83090, 585, 0, 'Golden Sansam'),
(83091, 585, 0, 'Golden Sansam'),
(83092, 585, 0, 'Golden Sansam'),
(83093, 585, 0, 'Golden Sansam'),
(83094, 585, 0, 'Golden Sansam'),
(83095, 585, 0, 'Golden Sansam'),
(83096, 585, 0, 'Golden Sansam'),
(83097, 585, 0, 'Golden Sansam'),
(83098, 585, 0, 'Golden Sansam'),
(83099, 585, 0, 'Golden Sansam'),
(83100, 585, 0, 'Golden Sansam'),
(83101, 585, 0, 'Golden Sansam'),
(83102, 585, 0, 'Golden Sansam'),
(83103, 585, 0, 'Golden Sansam'),
(83104, 585, 0, 'Golden Sansam'),
(83105, 585, 0, 'Golden Sansam'),
(83106, 585, 0, 'Golden Sansam'),
(83107, 585, 0, 'Golden Sansam'),
(83108, 585, 0, 'Golden Sansam'),
(83109, 585, 0, 'Golden Sansam'),
(83110, 585, 0, 'Golden Sansam'),
(83111, 585, 0, 'Golden Sansam'),
(83112, 585, 0, 'Golden Sansam'),
(83113, 585, 0, 'Golden Sansam'),
(83114, 585, 0, 'Golden Sansam'),
(83115, 585, 0, 'Golden Sansam'),
(83116, 585, 0, 'Golden Sansam'),
(83117, 585, 0, 'Golden Sansam'),
(83118, 585, 0, 'Golden Sansam'),
(83119, 585, 0, 'Golden Sansam'),
(83120, 585, 0, 'Golden Sansam'),
(83121, 585, 0, 'Golden Sansam'),
(83122, 585, 0, 'Golden Sansam'),
(83123, 585, 0, 'Golden Sansam'),
(83124, 585, 0, 'Golden Sansam'),
(83125, 585, 0, 'Golden Sansam'),
(83126, 585, 0, 'Golden Sansam'),
(83127, 585, 0, 'Golden Sansam'),
(83128, 585, 0, 'Golden Sansam'),
(83129, 585, 0, 'Golden Sansam'),
(83130, 585, 0, 'Golden Sansam'),
(83131, 585, 0, 'Golden Sansam'),
(83132, 585, 0, 'Golden Sansam'),
(83133, 585, 0, 'Golden Sansam'),
(83134, 585, 0, 'Golden Sansam'),
(83135, 585, 0, 'Golden Sansam'),
(83136, 585, 0, 'Golden Sansam'),
(83137, 585, 0, 'Golden Sansam'),
(83138, 585, 0, 'Golden Sansam'),
(83139, 585, 0, 'Golden Sansam'),
(83140, 585, 0, 'Golden Sansam'),
(83141, 585, 0, 'Golden Sansam'),
(83142, 585, 0, 'Golden Sansam'),
(83143, 585, 0, 'Golden Sansam'),
(83144, 585, 0, 'Golden Sansam'),
(83145, 585, 0, 'Golden Sansam'),
(83146, 585, 0, 'Golden Sansam'),
(83147, 585, 0, 'Golden Sansam'),
(83148, 585, 0, 'Golden Sansam'),
(83149, 585, 0, 'Golden Sansam'),
(83150, 585, 0, 'Golden Sansam'),
(83151, 585, 0, 'Golden Sansam'),
(83152, 585, 0, 'Golden Sansam'),
(83153, 585, 0, 'Golden Sansam'),
(83154, 585, 0, 'Golden Sansam'),
(83155, 585, 0, 'Golden Sansam'),
(83156, 585, 0, 'Golden Sansam'),
(83157, 585, 0, 'Golden Sansam'),
(83158, 585, 0, 'Golden Sansam'),
(83159, 585, 0, 'Golden Sansam'),
(83160, 585, 0, 'Golden Sansam'),
(83161, 585, 0, 'Golden Sansam'),
(83162, 585, 0, 'Golden Sansam'),
(83163, 585, 0, 'Golden Sansam'),
(83164, 585, 0, 'Golden Sansam'),
(83165, 585, 0, 'Golden Sansam'),
(83166, 585, 0, 'Golden Sansam'),
(83167, 585, 0, 'Golden Sansam'),
(83168, 585, 0, 'Golden Sansam'),
(83169, 584, 0, 'Dreamfoil'),
(83170, 584, 0, 'Dreamfoil'),
(83171, 584, 0, 'Dreamfoil'),
(83172, 584, 0, 'Dreamfoil'),
(83173, 584, 0, 'Dreamfoil'),
(83174, 584, 0, 'Dreamfoil'),
(83175, 584, 0, 'Dreamfoil'),
(83176, 584, 0, 'Dreamfoil'),
(83177, 584, 0, 'Dreamfoil'),
(83178, 584, 0, 'Dreamfoil'),
(83179, 584, 0, 'Dreamfoil'),
(83180, 584, 0, 'Dreamfoil'),
(83181, 584, 0, 'Dreamfoil'),
(83182, 584, 0, 'Dreamfoil'),
(83183, 584, 0, 'Dreamfoil'),
(83184, 584, 0, 'Dreamfoil'),
(83185, 584, 0, 'Dreamfoil'),
(83186, 584, 0, 'Dreamfoil'),
(83187, 584, 0, 'Dreamfoil'),
(83188, 584, 0, 'Dreamfoil'),
(83189, 584, 0, 'Dreamfoil'),
(83190, 584, 0, 'Dreamfoil'),
(83191, 584, 0, 'Dreamfoil'),
(83192, 584, 0, 'Dreamfoil'),
(83193, 584, 0, 'Dreamfoil'),
(83194, 584, 0, 'Dreamfoil'),
(83195, 584, 0, 'Dreamfoil'),
(83196, 585, 0, 'Golden Sansam'),
(83197, 584, 0, 'Dreamfoil'),
(83198, 584, 0, 'Dreamfoil'),
(83199, 584, 0, 'Dreamfoil'),
(83200, 584, 0, 'Dreamfoil'),
(83201, 585, 0, 'Golden Sansam'),
(83202, 584, 0, 'Dreamfoil'),
(83203, 584, 0, 'Dreamfoil'),
(83204, 584, 0, 'Dreamfoil'),
(83205, 584, 0, 'Dreamfoil'),
(83206, 584, 0, 'Dreamfoil'),
(83207, 584, 0, 'Dreamfoil'),
(83208, 584, 0, 'Dreamfoil'),
(83209, 584, 0, 'Dreamfoil'),
(83210, 584, 0, 'Dreamfoil'),
(83211, 584, 0, 'Dreamfoil'),
(83212, 584, 0, 'Dreamfoil'),
(83213, 584, 0, 'Dreamfoil'),
(83214, 584, 0, 'Dreamfoil'),
(83215, 584, 0, 'Dreamfoil'),
(83216, 584, 0, 'Dreamfoil'),
(83217, 584, 0, 'Dreamfoil'),
(83218, 584, 0, 'Dreamfoil'),
(83219, 584, 0, 'Dreamfoil'),
(83220, 584, 0, 'Dreamfoil'),
(83221, 584, 0, 'Dreamfoil'),
(83222, 584, 0, 'Dreamfoil'),
(83223, 584, 0, 'Dreamfoil'),
(83224, 584, 0, 'Dreamfoil'),
(83225, 584, 0, 'Dreamfoil'),
(83226, 584, 0, 'Dreamfoil'),
(83227, 584, 0, 'Dreamfoil'),
(83228, 584, 0, 'Dreamfoil'),
(83229, 584, 0, 'Dreamfoil'),
(83230, 584, 0, 'Dreamfoil'),
(83231, 584, 0, 'Dreamfoil'),
(83232, 584, 0, 'Dreamfoil'),
(83233, 584, 0, 'Dreamfoil'),
(83234, 584, 0, 'Dreamfoil'),
(83235, 584, 0, 'Dreamfoil'),
(83236, 584, 0, 'Dreamfoil'),
(83237, 584, 0, 'Dreamfoil'),
(83238, 584, 0, 'Dreamfoil'),
(83239, 584, 0, 'Dreamfoil'),
(83240, 584, 0, 'Dreamfoil'),
(83241, 584, 0, 'Dreamfoil'),
(83242, 584, 0, 'Dreamfoil'),
(83243, 584, 0, 'Dreamfoil'),
(83244, 584, 0, 'Dreamfoil'),
(83245, 584, 0, 'Dreamfoil'),
(83246, 584, 0, 'Dreamfoil'),
(83247, 584, 0, 'Dreamfoil'),
(83248, 584, 0, 'Dreamfoil'),
(83249, 584, 0, 'Dreamfoil'),
(83250, 584, 0, 'Dreamfoil'),
(83251, 584, 0, 'Dreamfoil'),
(83252, 584, 0, 'Dreamfoil'),
(83253, 588, 0, 'Mountain Silversage'),
(83254, 588, 0, 'Mountain Silversage'),
(83255, 588, 0, 'Mountain Silversage'),
(83256, 588, 0, 'Mountain Silversage'),
(83257, 588, 0, 'Mountain Silversage'),
(83258, 588, 0, 'Mountain Silversage'),
(83259, 588, 0, 'Mountain Silversage'),
(83260, 588, 0, 'Mountain Silversage'),
(83261, 588, 0, 'Mountain Silversage'),
(83262, 588, 0, 'Mountain Silversage'),
(83263, 588, 0, 'Mountain Silversage'),
(83264, 588, 0, 'Mountain Silversage'),
(83265, 588, 0, 'Mountain Silversage'),
(83266, 588, 0, 'Mountain Silversage'),
(83267, 588, 0, 'Mountain Silversage'),
(83268, 588, 0, 'Mountain Silversage'),
(83269, 588, 0, 'Mountain Silversage'),
(83270, 588, 0, 'Mountain Silversage'),
(83271, 588, 0, 'Mountain Silversage'),
(83272, 588, 0, 'Mountain Silversage'),
(83273, 588, 0, 'Mountain Silversage'),
(83274, 588, 0, 'Mountain Silversage'),
(83275, 588, 0, 'Mountain Silversage'),
(83276, 584, 0, 'Dreamfoil'),
(83277, 588, 0, 'Mountain Silversage'),
(83278, 588, 0, 'Mountain Silversage'),
(83279, 588, 0, 'Mountain Silversage'),
(83280, 588, 0, 'Mountain Silversage'),
(83281, 588, 0, 'Mountain Silversage'),
(83282, 588, 0, 'Mountain Silversage'),
(83283, 588, 0, 'Mountain Silversage'),
(83284, 588, 0, 'Mountain Silversage'),
(83285, 588, 0, 'Mountain Silversage'),
(83286, 588, 0, 'Mountain Silversage'),
(83287, 588, 0, 'Mountain Silversage'),
(83288, 588, 0, 'Mountain Silversage'),
(83289, 588, 0, 'Mountain Silversage'),
(83290, 588, 0, 'Mountain Silversage'),
(83291, 588, 0, 'Mountain Silversage'),
(83292, 588, 0, 'Mountain Silversage'),
(83293, 588, 0, 'Mountain Silversage'),
(83294, 588, 0, 'Mountain Silversage'),
(83295, 588, 0, 'Mountain Silversage'),
(83296, 588, 0, 'Mountain Silversage'),
(83297, 588, 0, 'Mountain Silversage'),
(83298, 588, 0, 'Mountain Silversage'),
(83299, 588, 0, 'Mountain Silversage'),
(83300, 588, 0, 'Mountain Silversage'),
(83301, 588, 0, 'Mountain Silversage'),
(83302, 588, 0, 'Mountain Silversage'),
(83303, 588, 0, 'Mountain Silversage'),
(83304, 588, 0, 'Mountain Silversage'),
(83305, 588, 0, 'Mountain Silversage'),
(83306, 588, 0, 'Mountain Silversage'),
(83307, 588, 0, 'Mountain Silversage'),
(83308, 588, 0, 'Mountain Silversage'),
(83309, 588, 0, 'Mountain Silversage'),
(83310, 588, 0, 'Mountain Silversage'),
(83311, 588, 0, 'Mountain Silversage'),
(83312, 588, 0, 'Mountain Silversage'),
(83313, 588, 0, 'Mountain Silversage'),
(83314, 588, 0, 'Mountain Silversage'),
(83315, 588, 0, 'Mountain Silversage'),
(83316, 588, 0, 'Mountain Silversage'),
(83317, 588, 0, 'Mountain Silversage'),
(83318, 586, 0, 'Sungrass'),
(83319, 586, 0, 'Sungrass'),
(83320, 586, 0, 'Sungrass'),
(83321, 586, 0, 'Sungrass'),
(83322, 586, 0, 'Sungrass');

DELETE FROM `gameobject` WHERE `zoneId`=490 AND `guid` BETWEEN 83038 AND 83322;
INSERT INTO `gameobject` (`guid`, `id`, `map`, `zoneId`, `position_x`, `position_y`, `position_z`, `orientation`, `rotation0`, `rotation1`, `rotation2`, `rotation3`, `spawntimesecs`, `animprogress`, `state`) VALUES
(83038, 142142, 1, 490, -7815.27, -1183.7, -261.473, 1.16937, 0, 0, 0.551936, 0.833886, 2700, 100, 1),
(83039, 142142, 1, 490, -6742, -1978, -270, 2.251, 0, 0, 0.902585, 0.430511, 2700, 100, 1),
(83040, 142142, 1, 490, -8211, -1097, -214, 2.426, 0, 0, 0.936672, 0.350207, 2700, 100, 1),
(83041, 142142, 1, 490, -6772, -440, -269, 4.773, 0, 0, 0.685527, -0.728047, 2700, 100, 1),
(83042, 142142, 1, 490, -6650.59, -1211.38, -272.218, 5.88176, 0, 0, -0.199368, 0.979925, 2700, 100, 1),
(83043, 142142, 1, 490, -7244.39, -948.767, -270.725, 2.00713, 0, 0, 0.843391, 0.5373, 2700, 100, 1),
(83044, 142142, 1, 490, -6872, -486, -270, -2, 0, 0, -0.848048, 0.529919, 2700, 100, 1),
(83045, 142142, 1, 490, -7821, -855, -269, -2, 0, 0, -0.829038, 0.559193, 2700, 100, 1),
(83046, 142142, 1, 490, -7545, -523, -269, -1, 0, 0, -0.649448, 0.760406, 2700, 100, 1),
(83047, 142142, 1, 490, -7319.12, -1725.39, -271.619, 0.366518, 0, 0, 0.182235, 0.983255, 2700, 100, 1),
(83048, 142142, 1, 490, -7538.47, -974.738, -269.487, 2.56563, 0, 0, 0.958819, 0.284016, 2700, 100, 1),
(83049, 142142, 1, 490, -7690, -1247, -270, 1.553, 0, 0, 0.700909, 0.71325, 2700, 100, 1),
(83050, 142142, 1, 490, -6415.11, -1590.72, -270.786, 5.72468, 0, 0, -0.275637, 0.961262, 2700, 100, 1),
(83051, 142143, 1, 490, -6572.63, -1480.4, -273.356, 4.67748, 0, 0, -0.719339, 0.694659, 2700, 100, 1),
(83052, 142143, 1, 490, -6453, -1034, -275, 2.451, 0, 0, 0, 0, 2700, 100, 1),
(83053, 142143, 1, 490, -6761, -1694, -273, 2.03, 0, 0, 0, 0, 2700, 100, 1),
(83054, 142143, 1, 490, -6567, -1707, -274, 0.176, 0, 0, 0, 0, 2700, 100, 1),
(83055, 142143, 1, 490, -6427.67, -1246.87, -272.547, 2.58308, 0, 0, 0.961261, 0.27564, 2700, 100, 1),
(83056, 142143, 1, 490, -6442.17, -1417.75, -275.085, 2.60054, 0, 0, 0.96363, 0.267241, 2700, 100, 1),
(83057, 142143, 1, 490, -6789, -1225, -270, 1.348, 0, 0, 0.624147, 0.781307, 2700, 100, 1),
(83058, 142143, 1, 490, -6523, -1822, -273, -3, 0, 0, -0.992546, 0.121869, 2700, 100, 1),
(83059, 142143, 1, 490, -6569, -1671, -270, 0.89, 0, 0, 0.430511, 0.902585, 2700, 100, 1),
(83060, 142143, 1, 490, -6357, -1206, -272, 5.514, 0, 0, 0, 0, 2700, 100, 1),
(83061, 142143, 1, 490, -6712.71, -1690.77, -271.984, 0.349065, 0, 0, 0.173648, 0.984808, 2700, 100, 1),
(83062, 142143, 1, 490, -6541.31, -1263.1, -271.363, 6.10865, 0, 0, -0.0871553, 0.996195, 2700, 100, 1),
(83063, 142143, 1, 490, -6426.58, -1055.22, -272.403, 1.23918, 0, 0, 0.580703, 0.814116, 2700, 100, 1),
(83064, 176586, 1, 490, -6437.51, -623.797, -243.002, 5.63741, 0, 0, -0.317305, 0.948324, 2700, 255, 1),
(83065, 176586, 1, 490, -6960.87, -2322.74, -224.537, 3.22886, 0, 0, -0.999048, 0.0436193, 2700, 255, 1),
(83066, 142143, 1, 490, -6785.18, -1242.31, -270.824, 5.53269, 0, 0, -0.366501, 0.930418, 300, 100, 1),
(83067, 142142, 1, 490, -6960.18, -244.513, -211.373, -3.08923, 0, 0, 0.999657, -0.026177, 2700, 100, 1),
(83068, 142142, 1, 490, -7819.34, -1679.62, -270.329, -0.593412, 0, 0, 0.292372, -0.956305, 2700, 100, 1),
(83069, 142142, 1, 490, -6718.74, -1541.81, -272.222, 0.907571, 0, 0, 0.438371, 0.898794, 2700, 100, 1),
(83070, 142142, 1, 490, -7586.88, -749.143, -259.104, -1.72788, 0, 0, 0.760406, -0.649448, 2700, 100, 1),
(83071, 142142, 1, 490, -7980.87, -1608.73, -271.278, 1.8675, 0, 0, 0.803857, 0.594823, 2700, 100, 1),
(83072, 142142, 1, 490, -6878.44, -684.072, -272.121, -1.06465, 0, 0, 0.507538, -0.861629, 2700, 100, 1),
(83073, 142143, 1, 490, -6677.58, -1367.23, -270.125, 0.890118, 0, 0, 0.430511, 0.902585, 2700, 100, 1),
(83074, 142143, 1, 490, -6354.49, -1153.96, -271.414, 2.77507, 0, 0, 0.983255, 0.182236, 2700, 100, 1),
(83075, 176583, 1, 490, -6993.42, -240.586, -216.696, 1.74533, 0, 0, 0.766044, 0.642788, 2700, 100, 1),
(83076, 176583, 1, 490, -7686.89, -1710.55, -270.728, -1.64061, 0, 0, 0.731354, -0.681998, 2700, 100, 1),
(83077, 176583, 1, 490, -6707.66, -1211.52, -269.336, -2.19912, 0, 0, 0.891007, -0.45399, 2700, 100, 1),
(83078, 176584, 1, 490, -7542.29, -1560.13, -267.911, -1.09956, 0, 0, 0.522499, -0.85264, 2700, 100, 1),
(83079, 176584, 1, 490, -7306.44, -781.199, -270.595, -2.44346, 0, 0, 0.939693, -0.34202, 2700, 100, 1),
(83080, 176584, 1, 490, -6985.03, -2384.21, -221.714, -0.610865, 0, 0, 0.300706, -0.953717, 2700, 100, 1),
(83081, 176584, 1, 490, -6613.49, -1245.64, -272.056, 2.63545, 0, 0, 0.968148, 0.25038, 2700, 100, 1),
(83082, 176584, 1, 490, -6917.12, -2214.28, -272.073, 0.802851, 0, 0, 0.390731, 0.920505, 2700, 100, 1),
(83083, 176586, 1, 490, -6771.6, -393.246, -240.722, 0.628319, 0, 0, 0.309017, 0.951057, 2700, 100, 1),
(83084, 176586, 1, 490, -7321.52, -1444.58, -242.067, 2.04204, 0, 0, 0.85264, 0.522499, 2700, 100, 1),
(83085, 176586, 1, 490, -7070.48, -1413.18, -236.055, -0.628319, 0, 0, 0.309017, -0.951056, 2700, 100, 1),
(83086, 176586, 1, 490, -8129.57, -1122.01, -226.392, 2.44346, 0, 0, 0.939693, 0.34202, 2700, 100, 1),
(83087, 176586, 1, 490, -7494.23, -289.015, -196.993, -1.06465, 0, 0, 0.507538, -0.861629, 2700, 100, 1),
(83088, 176586, 1, 490, -6278.38, -1582.43, -227.69, 2.98451, 0, 0, 0.996917, 0.078459, 2700, 100, 1),
(83089, 176583, 1, 490, -6543, -703, -268, 4.713, 0, 0, 0.706914, -0.707299, 2700, 100, 1),
(83090, 176583, 1, 490, -7569, -2070, -272, 5.273, 0, 0, 0, 0, 2700, 100, 1),
(83091, 176583, 1, 490, -6798, -531, -272, 3.054, 0, 0, 0, 0, 2700, 100, 1),
(83092, 176583, 1, 490, -7775, -611, -264, 1.884, 0, 0, 0, 0, 2700, 100, 1),
(83093, 176583, 1, 490, -6548, -1955, -268, -1, 0, 0, -0.48481, 0.87462, 2700, 100, 1),
(83094, 176583, 1, 490, -6660.58, -725.317, -270.855, 3.4383, 0, 0, -0.989016, 0.147811, 2700, 100, 1),
(83095, 176583, 1, 490, -6892, -762, -272, 4.416, 0, 0, 0, 0, 2700, 100, 1),
(83096, 176583, 1, 490, -7904, -2008, -272, 4.459, 0, 0, 0, 0, 2700, 100, 1),
(83097, 176583, 1, 490, -7902, -2003, -272, 4.459, 0, 0, 0, 0, 2700, 100, 1),
(83098, 176583, 1, 490, -6696, -705, -272, 5.699, 0, 0, 0, 0, 2700, 100, 1),
(83099, 176583, 1, 490, -8219, -1080, -205, 0.266, 0, 0, 0, 0, 2700, 100, 1),
(83100, 176583, 1, 490, -6715, -2014, -270, 1.292, 0, 0, 0, 0, 2700, 100, 1),
(83101, 176583, 1, 490, -7165, -406, -270, 1.864, 0, 0, 0, 0, 2700, 100, 1),
(83102, 176583, 1, 490, -7158.49, -408.365, -269.859, 3.07177, 0, 0, 0.999391, 0.0349061, 300, 100, 1),
(83103, 176583, 1, 490, -7382, -613, -271, 1.222, 0, 0, 0.573576, 0.819152, 2700, 100, 1),
(83104, 176583, 1, 490, -6559, -708, -268, 5.306, 0, 0, 0, 0, 2700, 100, 1),
(83105, 176583, 1, 490, -6401, -1381, -270, 5.312, 0, 0, -0.492424, 0.870356, 2700, 100, 1),
(83106, 176583, 1, 490, -6872, -1125, -271, 2.793, 0, 0, 0.984808, 0.173648, 2700, 100, 1),
(83107, 176583, 1, 490, -6923, -1677, -272, 2.88, 0, 0, 0.991445, 0.130526, 2700, 100, 1),
(83108, 176583, 1, 490, -7709, -816, -270, 0, 0, 0, -0.147809, 0.989016, 2700, 100, 1),
(83109, 176583, 1, 490, -6700, -2050, -272, 2.025, 0, 0, 0.848048, 0.529919, 2700, 100, 1),
(83110, 176583, 1, 490, -6705, -764, -272, 4.565, 0, 0, 0, 0, 2700, 100, 1),
(83111, 176583, 1, 490, -6745, -557, -272, 2.413, 0, 0, 0, 0, 2700, 100, 1),
(83112, 176583, 1, 490, -8198, -1551, -220, 3.514, 0, 0, 0, 0, 2700, 100, 1),
(83113, 176583, 1, 490, -6564.64, -701.637, -268.937, 5.8294, 0, 0, -0.224951, 0.97437, 300, 100, 1),
(83114, 176583, 1, 490, -7227, -1680, -269, 1.074, 0, 0, 0, 0, 2700, 100, 1),
(83115, 176583, 1, 490, -7209, -1838, -271, 5.676, 0, 0, 0, 0, 2700, 100, 1),
(83116, 176583, 1, 490, -6728, -1225, -270, 3.559, 0, 0, 0, 0, 2700, 100, 1),
(83117, 176583, 1, 490, -6929, -1642, -270, 5.992, 0, 0, 0, 0, 2700, 100, 1),
(83118, 176583, 1, 490, -6813.65, -1419.74, -271.522, 1.23918, 0, 0, 0.580703, 0.814116, 2700, 100, 1),
(83119, 176583, 1, 490, -7919, -2015, -272, 1.553, 0, 0, 0.700909, 0.71325, 2700, 100, 1),
(83120, 176583, 1, 490, -8051, -1514, -271, 0.045, 0, 0, 0, 0, 2700, 100, 1),
(83121, 176583, 1, 490, -6753.93, -556.34, -272.215, 0.558504, 0, 0, 0.275637, 0.961262, 2700, 100, 1),
(83122, 176583, 1, 490, -7190.29, -2004.24, -271.609, 2.11185, 0, 0, 0.870356, 0.492424, 2700, 100, 1),
(83123, 176583, 1, 490, -6538, -901, -273, 6.014, 0, 0, 0, 0, 2700, 100, 1),
(83124, 176583, 1, 490, -7322, -2230, -272, 5.257, 0, 0, 0, 0, 2700, 100, 1),
(83125, 176583, 1, 490, -7383, -400, -270, 2.266, 0, 0, 0, 0, 2700, 100, 1),
(83126, 176583, 1, 490, -7444, -271, -214, 2.238, 0, 0, 0, 0, 2700, 100, 1),
(83127, 176583, 1, 490, -6364, -1517, -271, 6.236, 0, 0, 0, 0, 2700, 100, 1),
(83128, 176583, 1, 490, -7369, -2224, -270, 3.385, 0, 0, 0, 0, 2700, 100, 1),
(83129, 176583, 1, 490, -6413, -1518, -273, 5.711, 0, 0, 0, 0, 2700, 100, 1),
(83130, 176583, 1, 490, -8014, -1518, -270, -1, 0, 0, -0.615661, 0.788011, 2700, 100, 1),
(83131, 176583, 1, 490, -7307, -898, -272, 0.492, 0, 0, 0, 0, 2700, 100, 1),
(83132, 176583, 1, 490, -7308, -903, -271, 4.375, 0, 0, 0, 0, 2700, 100, 1),
(83133, 176583, 1, 490, -7386, -2256, -273, 3.675, 0, 0, 0, 0, 2700, 100, 1),
(83134, 176583, 1, 490, -6693, -1211, -269, 3.626, 0, 0, 0, 0, 2700, 100, 1),
(83135, 176583, 1, 490, -6760, -1846, -272, 0.785, 0, 0, 0, 0, 2700, 100, 1),
(83136, 176583, 1, 490, -7313.65, -2213.45, -271.057, 1.41372, 0, 0, 0.649447, 0.760406, 300, 100, 1),
(83137, 176583, 1, 490, -7809, -1355, -272, 0.285, 0, 0, 0, 0, 2700, 100, 1),
(83138, 176583, 1, 490, -6998, -235, -217, 1.738, 0, 0, 0, 0, 2700, 100, 1),
(83139, 176583, 1, 490, -6999, -229, -217, 1.738, 0, 0, 0, 0, 2700, 100, 1),
(83140, 176583, 1, 490, -6374.37, -1508.72, -269.773, 5.79449, 0, 0, -0.241921, 0.970296, 300, 100, 1),
(83141, 176583, 1, 490, -6557, -1968, -268, 0.007, 0, 0, 0, 0, 2700, 100, 1),
(83142, 176583, 1, 490, -6804, -1403, -265.489, 1.54, 0, 0, 0, 0, 2700, 100, 1),
(83143, 176583, 1, 490, -6559.05, -883.844, -272.204, 5.72468, 0, 0, -0.275637, 0.961262, 2700, 100, 1),
(83144, 176583, 1, 490, -7758, -1532, -270, 4.853, 0, 0, 0, 0, 2700, 100, 1),
(83145, 176583, 1, 490, -7697, -1303, -269, 1.371, 0, 0, 0, 0, 2700, 100, 1),
(83146, 176583, 1, 490, -7746.09, -1525.73, -271.335, 3.85718, 0, 0, -0.936671, 0.35021, 300, 100, 1),
(83147, 176583, 1, 490, -7571, -1854, -272, 0.262, 0, 0, 0.130526, 0.991445, 2700, 100, 1),
(83148, 176583, 1, 490, -6394.04, -1380.74, -271.681, 5.25344, 0, 0, -0.492423, 0.870356, 2700, 100, 1),
(83149, 176583, 1, 490, -6867, -1106, -271, 6.063, 0, 0, 0, 0, 2700, 100, 1),
(83150, 176583, 1, 490, -6866, -1111, -270, 4.172, 0, 0, 0, 0, 2700, 100, 1),
(83151, 176583, 1, 490, -8014, -1035, -272, 5.071, 0, 0, 0, 0, 2700, 100, 1),
(83152, 176583, 1, 490, -6743.61, -1848, -272.222, 4.39823, 0, 0, -0.809016, 0.587786, 300, 100, 1),
(83153, 176583, 1, 490, -7183, -2008, -272, 0.85, 0, 0, 0, 0, 2700, 100, 1),
(83154, 176583, 1, 490, -7341, -416, -271, 3.128, 0, 0, 0, 0, 2700, 100, 1),
(83155, 176583, 1, 490, -6394, -1528, -269, 0, 0, 0, -0.121869, 0.992546, 2700, 100, 1),
(83156, 176583, 1, 490, -7381, -561, -275, 4.684, 0, 0, 0, 0, 2700, 100, 1),
(83157, 176583, 1, 490, -7965, -1698, -272, 0.603, 0, 0, 0, 0, 2700, 100, 1),
(83158, 176583, 1, 490, -7668, -1710, -271, 0.211, 0, 0, 0, 0, 2700, 100, 1),
(83159, 176583, 1, 490, -7248, -1706, -272, 5.821, 0, 0, 0, 0, 2700, 100, 1),
(83160, 176583, 1, 490, -6990, -659, -272, 0.416, 0, 0, 0, 0, 2700, 100, 1),
(83161, 176583, 1, 490, -6573, -891, -272, 5.85, 0, 0, 0, 0, 2700, 100, 1),
(83162, 176583, 1, 490, -6478, -1697, -277, 3.001, 0, 0, 0, 0, 2700, 100, 1),
(83163, 176583, 1, 490, -7865, -1863, -273, 1.147, 0, 0, 0, 0, 2700, 100, 1),
(83164, 176583, 1, 490, -7167, -401, -270, 1.864, 0, 0, 0, 0, 2700, 100, 1),
(83165, 176583, 1, 490, -7820, -1325, -272, 0.82, 0, 0, 0.398749, 0.91706, 2700, 100, 1),
(83166, 176583, 1, 490, -7715, -837, -269, 5.405, 0, 0, 0, 0, 2700, 100, 1),
(83167, 176583, 1, 490, -7821.75, -1319.65, -271.669, 0.820303, 0, 0, 0.398748, 0.91706, 300, 100, 1),
(83168, 176583, 1, 490, -6475.13, -1707.52, -275.624, 0.226892, 0, 0, 0.113203, 0.993572, 300, 100, 1),
(83169, 176584, 1, 490, -6751.08, -2048.45, -271.963, 4.64258, 0, 0, -0.731354, 0.681998, 2700, 100, 1),
(83170, 176584, 1, 490, -7608, -1479, -256, 4.29, 0, 0, 0, 0, 2700, 100, 1),
(83171, 176584, 1, 490, -7595, -1465, -258, 1.879, 0, 0, 0, 0, 2700, 100, 1),
(83172, 176584, 1, 490, -7591, -1481, -259, 4.405, 0, 0, 0, 0, 2700, 100, 1),
(83173, 176584, 1, 490, -7150, -398, -267.985, 2.392, 0, 0, 0, 0, 2700, 100, 1),
(83174, 176584, 1, 490, -7646.25, -2153.68, -271.028, 1.50098, 0, 0, 0.681998, 0.731354, 2700, 100, 1),
(83175, 176584, 1, 490, -6816, -2044, -272, 2.782, 0, 0, 0, 0, 2700, 100, 1),
(83176, 176584, 1, 490, -7323, -2029, -271, 3.807, 0, 0, 0, 0, 2700, 100, 1),
(83177, 176584, 1, 490, -7140, -1936, -270, 0.977, 0, 0, 0, 0, 2700, 100, 1),
(83178, 176584, 1, 490, -7835, -1916, -272, 0.047, 0, 0, 0, 0, 2700, 100, 1),
(83179, 176584, 1, 490, -7767, -1639, -271, 0.564, 0, 0, 0, 0, 2700, 100, 1),
(83180, 176584, 1, 490, -7115, -499, -266, 1.567, 0, 0, 0, 0, 2700, 100, 1),
(83181, 176584, 1, 490, -6470, -883, -273, 1.195, 0, 0, 0, 0, 2700, 100, 1),
(83182, 176584, 1, 490, -6703, -794, -269, 3.803, 0, 0, 0, 0, 2700, 100, 1),
(83183, 176584, 1, 490, -7862.32, -1462.65, -267.793, 4.11898, 0, 0, -0.882947, 0.469473, 2700, 100, 1),
(83184, 176584, 1, 490, -7329, -2045, -272, 5.304, 0, 0, 0, 0, 2700, 100, 1),
(83185, 176584, 1, 490, -7794.81, -1975.55, -270.681, 2.87979, 0, 0, 0.991445, 0.130528, 300, 100, 1),
(83186, 176584, 1, 490, -7289.47, -420.506, -269.51, 2.91469, 0, 0, 0.993571, 0.113208, 300, 100, 1),
(83187, 176584, 1, 490, -6842, -748, -271, 5.949, 0, 0, 0, 0, 2700, 100, 1),
(83188, 176584, 1, 490, -6695.48, -772.953, -271.134, 2.21657, 0, 0, 0.894934, 0.446199, 300, 100, 1),
(83189, 176584, 1, 490, -7390, -1818, -270, 1.272, 0, 0, 0, 0, 2700, 100, 1),
(83190, 176584, 1, 490, -7712, -1862, -273, 3.778, 0, 0, 0, 0, 2700, 100, 1),
(83191, 176584, 1, 490, -7633.23, -1917.64, -268.372, 3.73501, 0, 0, -0.956305, 0.292372, 300, 100, 1),
(83192, 176584, 1, 490, -7199.46, -246.709, -217.839, 5.98648, 0, 0, -0.147809, 0.989016, 300, 100, 1),
(83193, 176584, 1, 490, -6597, -1381, -271.496, 3.457, 0, 0, 0, 0, 2700, 100, 1),
(83194, 176584, 1, 490, -7454, -816, -270, 5.987, 0, 0, 0, 0, 2700, 100, 1),
(83195, 176584, 1, 490, -7841, -700, -258, 4.891, 0, 0, 0, 0, 2700, 100, 1),
(83196, 176583, 1, 490, -7850.64, -1845.23, -273.153, 1.0472, 0, 0, 0.5, 0.866025, 300, 100, 1),
(83197, 176584, 1, 490, -7586, -1449, -264, 4.51, 0, 0, 0, 0, 2700, 100, 1),
(83198, 176584, 1, 490, -6636, -1646, -271, 5.232, 0, 0, 0, 0, 2700, 100, 1),
(83199, 176584, 1, 490, -6770, -1800, -267.561, 3.608, 0, 0, 0, 0, 2700, 100, 1),
(83200, 176584, 1, 490, -7186.21, -1883.08, -271.056, 1.37881, 0, 0, 0.636078, 0.771625, 2700, 100, 1),
(83201, 176583, 1, 490, -7650.79, -1287.46, -269.252, 4.57276, 0, 0, -0.754709, 0.656059, 300, 100, 1),
(83202, 176584, 1, 490, -7930, -1183, -272, 3.321, 0, 0, 0, 0, 2700, 100, 1),
(83203, 176584, 1, 490, -7901.05, -1131.63, -272.205, 4.53786, 0, 0, -0.766044, 0.642789, 300, 100, 1),
(83204, 176584, 1, 490, -6960, -991, -272, 6.018, 0, 0, 0, 0, 2700, 100, 1),
(83205, 176584, 1, 490, -7594, -1440, -263, 4.769, 0, 0, 0, 0, 2700, 100, 1),
(83206, 176584, 1, 490, -7843, -720, -261, 2.299, 0, 0, 0, 0, 2700, 100, 1),
(83207, 176584, 1, 490, -7723, -1867, -273, 3.829, 0, 0, 0, 0, 2700, 100, 1),
(83208, 176584, 1, 490, -7762, -2109, -270, 4.527, 0, 0, 0, 0, 2700, 100, 1),
(83209, 176584, 1, 490, -6886, -1580, -272, -2, 0, 0, -0.902585, 0.430511, 2700, 100, 1),
(83210, 176584, 1, 490, -6835, -753, -270, 0.981, 0, 0, 0, 0, 2700, 100, 1),
(83211, 176584, 1, 490, -7417, -913, -268, -1, 0, 0, -0.461749, 0.887011, 2700, 100, 1),
(83212, 176584, 1, 490, -7572, -780, -262, 4.896, 0, 0, 0, 0, 2700, 100, 1),
(83213, 176584, 1, 490, -6555, -1230, -271, 4.321, 0, 0, 0, 0, 2700, 100, 1),
(83214, 176584, 1, 490, -6563, -1417, -272, 2.46, 0, 0, 0, 0, 2700, 100, 1),
(83215, 176584, 1, 490, -7478, -1540, -272, 5.923, 0, 0, 0, 0, 2700, 100, 1),
(83216, 176584, 1, 490, -7485, -1565, -275, 0.418, 0, 0, 0, 0, 2700, 100, 1),
(83217, 176584, 1, 490, -7554, -1513, -269, 3.31, 0, 0, 0, 0, 2700, 100, 1),
(83218, 176584, 1, 490, -7592, -1532, -265, 4.229, 0, 0, 0, 0, 2700, 100, 1),
(83219, 176584, 1, 490, -7515.11, -723.628, -254.456, 2.19911, 0, 0, 0.891006, 0.453991, 300, 100, 1),
(83220, 176584, 1, 490, -7851, -1440, -267, 2.684, 0, 0, 0, 0, 2700, 100, 1),
(83221, 176584, 1, 490, -7754, -887, -272, -2, 0, 0, -0.87462, 0.48481, 2700, 100, 1),
(83222, 176584, 1, 490, -7441, -1509, -271, 1.089, 0, 0, 0, 0, 2700, 100, 1),
(83223, 176584, 1, 490, -7407, -1746, -278, 2.845, 0, 0, 0.989016, 0.147809, 2700, 100, 1),
(83224, 176584, 1, 490, -7772, -1718, -272, 0.262, 0, 0, 0.130526, 0.991445, 2700, 100, 1),
(83225, 176584, 1, 490, -7412.39, -1424.75, -271.369, 4.71239, 0, 0, -0.707107, 0.707107, 300, 100, 1),
(83226, 176584, 1, 490, -7143, -1947, -270, 5.748, 0, 0, 0, 0, 2700, 100, 1),
(83227, 176584, 1, 490, -7166, -998, -272, 0.403, 0, 0, 0, 0, 2700, 100, 1),
(83228, 176584, 1, 490, -6507, -1463, -272, 5.908, 0, 0, 0, 0, 2700, 100, 1),
(83229, 176584, 1, 490, -6541, -1442, -271, 5.688, 0, 0, 0, 0, 2700, 100, 1),
(83230, 176584, 1, 490, -7294, -823, -272, 4.145, 0, 0, 0, 0, 2700, 100, 1),
(83231, 176584, 1, 490, -7286, -810, -271, 4.33, 0, 0, 0, 0, 2700, 100, 1),
(83232, 176584, 1, 490, -7618.17, -619.163, -255.354, 3.194, 0, 0, -0.999657, 0.0262016, 2700, 100, 1),
(83233, 176584, 1, 490, -7682, -1086, -270, -2, 0, 0, -0.891007, 0.453991, 2700, 100, 1),
(83234, 176584, 1, 490, -7544.54, -1114.93, -269.081, 4.46804, 0, 0, -0.788011, 0.615662, 300, 100, 1),
(83235, 176584, 1, 490, -7396, -868, -266, 0.285, 0, 0, 0, 0, 2700, 100, 1),
(83236, 176584, 1, 490, -7103, -496, -269, 1.547, 0, 0, 0, 0, 2700, 100, 1),
(83237, 176584, 1, 490, -7571, -814, -269, 4.711, 0, 0, 0, 0, 2700, 100, 1),
(83238, 176584, 1, 490, -7015, -2139, -269, 3.671, 0, 0, 0, 0, 2700, 100, 1),
(83239, 176584, 1, 490, -7023, -2207, -266, 2.039, 0, 0, 0, 0, 2700, 100, 1),
(83240, 176584, 1, 490, -6164.92, -1572.7, -208.785, 1.93731, 0, 0, 0.824125, 0.566408, 2700, 100, 1),
(83241, 176584, 1, 490, -7771, -2112, -271, 5.073, 0, 0, 0, 0, 2700, 100, 1),
(83242, 176584, 1, 490, -6811.88, -1785.77, -270.054, 6.02139, 0, 0, -0.130526, 0.991445, 2700, 100, 1),
(83243, 176584, 1, 490, -7752, -1057, -269, 5.036, 0, 0, 0, 0, 2700, 100, 1),
(83244, 176584, 1, 490, -7622, -1430, -262, 6.061, 0, 0, 0, 0, 2700, 100, 1),
(83245, 176584, 1, 490, -7847, -591, -265, 1.719, 0, 0, 0, 0, 2700, 100, 1),
(83246, 176584, 1, 490, -7123, -508, -266, 1.272, 0, 0, 0, 0, 2700, 100, 1),
(83247, 176584, 1, 490, -6449.25, -1354.78, -270.704, 6.07375, 0, 0, -0.104528, 0.994522, 2700, 100, 1),
(83248, 176584, 1, 490, -7076.98, -650.943, -269.642, 6.23083, 0, 0, -0.0261765, 0.999657, 300, 100, 1),
(83249, 176584, 1, 490, -7157, -999, -272, 5.842, 0, 0, 0, 0, 2700, 100, 1),
(83250, 176584, 1, 490, -7449, -2450, -200, 1.78, 0, 0, 0, 0, 2700, 100, 1),
(83251, 176584, 1, 490, -6953, -999, -271, 5.724, 0, 0, 0, 0, 2700, 100, 1),
(83252, 176584, 1, 490, -6573, -1357, -271.98, 2.004, 0, 0, 0, 0, 2700, 100, 1),
(83253, 176586, 1, 490, -7149, -1414, -229, 0, 0, 0, -0.061049, 0.998135, 2700, 100, 1),
(83254, 176586, 1, 490, -7194, -310, -224, 1.59, 0, 0, 0, 0, 2700, 100, 1),
(83255, 176586, 1, 490, -6482, -1915, -271, 5.491, 0, 0, 0, 0, 2700, 100, 1),
(83256, 176586, 1, 490, -7972, -634, -218, 0.82, 0, 0, 0.398749, 0.91706, 2700, 100, 1),
(83257, 176586, 1, 490, -7447, -316, -217, 2.26, 0, 0, 0, 0, 2700, 100, 1),
(83258, 176586, 1, 490, -7725, -2140, -267, 3.575, 0, 0, 0, 0, 2700, 100, 1),
(83259, 176586, 1, 490, -7044, -1347, -261, 2.491, 0, 0, 0, 0, 2700, 100, 1),
(83260, 176586, 1, 490, -7938, -1992, -266, 3.708, 0, 0, 0, 0, 2700, 100, 1),
(83261, 176586, 1, 490, -8092, -1071, -252, 3.097, 0, 0, 0, 0, 2700, 100, 1),
(83262, 176586, 1, 490, -6697.92, -459.107, -241.747, 4.06662, 0, 0, -0.894934, 0.446199, 2700, 100, 1),
(83263, 176586, 1, 490, -7952.57, -2037.04, -245.416, 1.79769, 0, 0, 0.782608, 0.622515, 2700, 100, 1),
(83264, 176586, 1, 490, -7168, -1147, -264, 4.992, 0, 0, 0, 0, 2700, 100, 1),
(83265, 176586, 1, 490, -7445, -2320, -226, 0.489, 0, 0, 0.241922, 0.970296, 2700, 100, 1),
(83266, 176586, 1, 490, -7071, -1243, -262, 4.147, 0, 0, 0, 0, 2700, 100, 1),
(83267, 176586, 1, 490, -7088, -1188, -248, 4.258, 0, 0, 0, 0, 2700, 100, 1),
(83268, 176586, 1, 490, -8010, -830, -241, 5.805, 0, 0, 0, 0, 2700, 100, 1),
(83269, 176586, 1, 490, -6396, -851, -263, 5.036, 0, 0, 0.583873, -0.811845, 2700, 100, 1),
(83270, 176586, 1, 490, -8081, -1127, -269, 3.477, 0, 0, 0, 0, 2700, 100, 1),
(83271, 176586, 1, 490, -7939, -677, -254, 3.742, 0, 0, 0, 0, 2700, 100, 1),
(83272, 176586, 1, 490, -7110.91, -1494.33, -247.364, 0.558504, 0, 0, 0.275637, 0.961262, 2700, 100, 1),
(83273, 176586, 1, 490, -7069, -1430, -240, 4.336, 0, 0, 0.827014, -0.562182, 2700, 100, 1),
(83274, 176586, 1, 490, -7297, -1485, -258.123, 0.139, 0, 0, 0, 0, 2700, 100, 1),
(83275, 176586, 1, 490, -7345, -1445, -265.503, 5.539, 0, 0, 0, 0, 2700, 100, 1),
(83276, 176584, 1, 490, -6483.88, -1379.81, -272.495, 4.2237, 0, 0, -0.857167, 0.515038, 300, 100, 1),
(83277, 176586, 1, 490, -8175, -1582, -212, 5.874, 0, 0, 0, 0, 2700, 100, 1),
(83278, 176586, 1, 490, -8125, -1316, -243, 3.4, 0, 0, 0, 0, 2700, 100, 1),
(83279, 176586, 1, 490, -8157, -1546, -226, 4.109, 0, 0, 0, 0, 2700, 100, 1),
(83280, 176586, 1, 490, -7966, -1833, -268, 4.748, 0, 0, 0, 0, 2700, 100, 1),
(83281, 176586, 1, 490, -7078.44, -1199.77, -248.4, 1.62316, 0, 0, 0.725374, 0.688355, 2700, 100, 1),
(83282, 176586, 1, 490, -7616, -2263, -243, 1.588, 0, 0, 0.713251, 0.700909, 2700, 100, 1),
(83283, 176586, 1, 490, -6910.87, -371.391, -244.41, 0.837757, 0, 0, 0.406736, 0.913546, 2700, 100, 1),
(83284, 176586, 1, 490, -8054, -934, -244, 0.297, 0, 0, 0.147809, 0.989016, 2700, 100, 1),
(83285, 176586, 1, 490, -6446.52, -2034.81, -244.469, 1.91986, 0, 0, 0.819152, 0.573577, 2700, 100, 1),
(83286, 176586, 1, 490, -8203, -1632, -188, 1.344, 0, 0, 0.622746, 0.782424, 2700, 100, 1),
(83287, 176586, 1, 490, -6953, -2375, -213, 0.34, 0, 0, 0, 0, 2700, 100, 1),
(83288, 176586, 1, 490, -7610, -284, -190, 0.776, 0, 0, 0, 0, 2700, 100, 1),
(83289, 176586, 1, 490, -7641, -316, -190, 1.412, 0, 0, 0, 0, 2700, 100, 1),
(83290, 176586, 1, 490, -7616, -329, -192, 1.745, 0, 0, 0, 0, 2700, 100, 1),
(83291, 176586, 1, 490, -7597, -307, -189, 5.474, 0, 0, 0, 0, 2700, 100, 1),
(83292, 176586, 1, 490, -6934, -349, -239, 2.421, 0, 0, 0, 0, 2700, 100, 1),
(83293, 176586, 1, 490, -8053.94, -1734.27, -244.247, 0.0349062, 0, 0, 0.0174522, 0.999848, 2700, 100, 1),
(83294, 176586, 1, 490, -7214, -1451, -232, 2.454, 0, 0, 0, 0, 2700, 100, 1),
(83295, 176586, 1, 490, -7618, -2310, -201, 4.059, 0, 0, 0, 0, 2700, 100, 1),
(83296, 176586, 1, 490, -7697, -2210, -242, 0, 0, 0, -0.078459, 0.996917, 2700, 100, 1),
(83297, 176586, 1, 490, -6258, -1336, -234, 0.541, 0, 0, 0, 0, 2700, 100, 1),
(83298, 176586, 1, 490, -7380, -357, -254, 2.098, 0, 0, 0, 0, 2700, 100, 1),
(83299, 176586, 1, 490, -6785.28, -2261.36, -243.692, 4.69494, 0, 0, -0.71325, 0.70091, 2700, 100, 1),
(83300, 176586, 1, 490, -7062, -1334, -253, 2.499, 0, 0, 0, 0, 2700, 100, 1),
(83301, 176586, 1, 490, -7947, -1863, -249, 0.785, 0, 0, 0, 0, 2700, 100, 1),
(83302, 176586, 1, 490, -6327, -1764, -241, 1.204, 0, 0, 0.566406, 0.824126, 2700, 100, 1),
(83303, 176586, 1, 490, -7637, -355, -191, 3.914, 0, 0, 0, 0, 2700, 100, 1),
(83304, 176586, 1, 490, -6337.44, -916.593, -243.335, 1.01229, 0, 0, 0.484809, 0.87462, 2700, 100, 1),
(83305, 176586, 1, 490, -7288.34, -1226.62, -241.659, 4.29351, 0, 0, -0.83867, 0.54464, 2700, 100, 1),
(83306, 176586, 1, 490, -6326, -1752, -238, 0.609, 0, 0, 0, 0, 2700, 100, 1),
(83307, 176586, 1, 490, -6989, -328, -230, 2.256, 0, 0, 0, 0, 2700, 100, 1),
(83308, 176586, 1, 490, -7171, -1344, -184, 0.112, 0, 0, 0, 0, 2700, 100, 1),
(83309, 176586, 1, 490, -7193, -1354, -184, 5.04, 0, 0, 0, 0, 2700, 100, 1),
(83310, 176586, 1, 490, -6387, -829, -242, 3.882, 0, 0, 0, 0, 2700, 100, 1),
(83311, 176586, 1, 490, -6384, -821, -241, 1.417, 0, 0, 0, 0, 2700, 100, 1),
(83312, 176586, 1, 490, -8079, -1729, -223, 2.757, 0, 0, 0, 0, 2700, 100, 1),
(83313, 176586, 1, 490, -8094, -1130, -265, 3.477, 0, 0, 0, 0, 2700, 100, 1),
(83314, 176586, 1, 490, -7289, -1262, -250, 0.777, 0, 0, 0, 0, 2700, 100, 1),
(83315, 176586, 1, 490, -7116.87, -1231.23, -183.724, 3.57793, 0, 0, -0.976295, 0.216442, 300, 100, 1),
(83316, 176586, 1, 490, -7150.62, -1368.17, -180.883, 5.34071, 0, 0, -0.45399, 0.891007, 300, 100, 1),
(83317, 176586, 1, 490, -6214.53, -1342.51, -216.418, 5.81195, 0, 0, -0.233445, 0.97237, 300, 100, 1),
(83318, 142142, 1, 490, -7448.17, -2418.1, -207.356, 0.471238, 0, 0, 0.233445, 0.97237, 300, 100, 1),
(83319, 142142, 1, 490, -8023.44, -1409.54, -271.486, 0.750491, 0, 0, 0.366501, 0.930418, 300, 100, 1),
(83320, 142142, 1, 490, -6793.38, -908.425, -270.122, 0.767944, 0, 0, 0.374606, 0.927184, 300, 100, 1),
(83321, 142142, 1, 490, -6960, -2445.9, -204.303, 4.41568, 0, 0, -0.803857, 0.594823, 300, 100, 1),
(83322, 142142, 1, 490, -6888.17, -484.732, -271.43, 1.29154, 0, 0, 0.601814, 0.798636, 300, 100, 1);

-- Tanaris
DELETE FROM `pool_gameobject` WHERE `pool_entry` IN (963);
DELETE FROM `pool_template` WHERE `entry` IN (963);
DELETE FROM `gameobject` WHERE `guid` IN (12216,12224,12225,12226,12227,12228,12232,12233,12235,12236,12241,12242,12244,12252,12254,12258,12261,12262,12263,12264,12269,12270,12279,12284,12286,12287,12288,12289,12291,12294,12300,12302,12303,12304,12307,12309,12312,12317,12322,12324,12325,12326,12327,12332,12334,15789,15796,15812,15832,15841,15842,15846,15865,15873,15877,15886,15889,15892,15893,15894,15896,15901,15918,15922,17283,17285,17288,17290,17291,17293,17294,17295,17297,17302,17303,17304,17305,17306,17308,17309,17310,17311,17497,30230,30231,32878,32881,35028,64862,64889,64890,64891,64892,86043,86047,86048,86049,86050,86051,86052,86053,86057,86058,86060,86070,86074,86077,87000,87001,87002,87003,87163,87442);

-- Vmangos pools: (1205, 1208);
DELETE FROM `pool_template` WHERE `entry` IN (589, 590);
INSERT INTO `pool_template` (`entry`, `max_limit`, `description`) VALUES
(589, 10, 'Purple Lotus in Tanaris'),
(590, 15, 'Firebloom in Tanaris');

DELETE FROM `pool_gameobject` WHERE `guid` BETWEEN 44477 AND 44593;
INSERT INTO `pool_gameobject` (`guid`, `pool_entry`, `chance`, `description`) VALUES 
(44477, 590, 0, 'Firebloom'),
(44478, 590, 0, 'Firebloom'),
(44479, 590, 0, 'Firebloom'),
(44480, 590, 0, 'Firebloom'),
(44481, 590, 0, 'Firebloom'),
(44482, 590, 0, 'Firebloom'),
(44483, 590, 0, 'Firebloom'),
(44484, 590, 0, 'Firebloom'),
(44485, 590, 0, 'Firebloom'),
(44486, 590, 0, 'Firebloom'),
(44487, 590, 0, 'Firebloom'),
(44488, 590, 0, 'Firebloom'),
(44489, 590, 0, 'Firebloom'),
(44490, 590, 0, 'Firebloom'),
(44491, 590, 0, 'Firebloom'),
(44492, 590, 0, 'Firebloom'),
(44493, 590, 0, 'Firebloom'),
(44494, 590, 0, 'Firebloom'),
(44495, 590, 0, 'Firebloom'),
(44496, 590, 0, 'Firebloom'),
(44497, 590, 0, 'Firebloom'),
(44498, 590, 0, 'Firebloom'),
(44499, 590, 0, 'Firebloom'),
(44500, 590, 0, 'Firebloom'),
(44501, 590, 0, 'Firebloom'),
(44502, 590, 0, 'Firebloom'),
(44503, 590, 0, 'Firebloom'),
(44504, 590, 0, 'Firebloom'),
(44505, 590, 0, 'Firebloom'),
(44506, 590, 0, 'Firebloom'),
(44507, 590, 0, 'Firebloom'),
(44508, 590, 0, 'Firebloom'),
(44509, 590, 0, 'Firebloom'),
(44510, 590, 0, 'Firebloom'),
(44511, 590, 0, 'Firebloom'),
(44512, 590, 0, 'Firebloom'),
(44513, 590, 0, 'Firebloom'),
(44514, 590, 0, 'Firebloom'),
(44515, 590, 0, 'Firebloom'),
(44516, 589, 0, 'Purple Lotus'),
(44517, 589, 0, 'Purple Lotus'),
(44518, 589, 0, 'Purple Lotus'),
(44519, 589, 0, 'Purple Lotus'),
(44520, 589, 0, 'Purple Lotus'),
(44521, 589, 0, 'Purple Lotus'),
(44522, 589, 0, 'Purple Lotus'),
(44523, 589, 0, 'Purple Lotus'),
(44524, 589, 0, 'Purple Lotus'),
(44525, 589, 0, 'Purple Lotus'),
(44526, 589, 0, 'Purple Lotus'),
(44527, 589, 0, 'Purple Lotus'),
(44528, 589, 0, 'Purple Lotus'),
(44529, 589, 0, 'Purple Lotus'),
(44530, 589, 0, 'Purple Lotus'),
(44531, 589, 0, 'Purple Lotus'),
(44532, 589, 0, 'Purple Lotus'),
(44533, 590, 0, 'Firebloom'),
(44534, 590, 0, 'Firebloom'),
(44535, 590, 0, 'Firebloom'),
(44536, 590, 0, 'Firebloom'),
(44537, 590, 0, 'Firebloom'),
(44538, 590, 0, 'Firebloom'),
(44539, 590, 0, 'Firebloom'),
(44540, 590, 0, 'Firebloom'),
(44541, 590, 0, 'Firebloom'),
(44542, 590, 0, 'Firebloom'),
(44543, 590, 0, 'Firebloom'),
(44544, 590, 0, 'Firebloom'),
(44545, 590, 0, 'Firebloom'),
(44546, 590, 0, 'Firebloom'),
(44547, 590, 0, 'Firebloom'),
(44548, 590, 0, 'Firebloom'),
(44549, 590, 0, 'Firebloom'),
(44550, 590, 0, 'Firebloom'),
(44551, 590, 0, 'Firebloom'),
(44552, 590, 0, 'Firebloom'),
(44553, 589, 0, 'Purple Lotus'),
(44554, 589, 0, 'Purple Lotus'),
(44555, 589, 0, 'Purple Lotus'),
(44556, 589, 0, 'Purple Lotus'),
(44557, 589, 0, 'Purple Lotus'),
(44558, 589, 0, 'Purple Lotus'),
(44559, 589, 0, 'Purple Lotus'),
(44560, 589, 0, 'Purple Lotus'),
(44561, 589, 0, 'Purple Lotus'),
(44562, 589, 0, 'Purple Lotus'),
(44563, 590, 0, 'Firebloom'),
(44564, 590, 0, 'Firebloom'),
(44565, 590, 0, 'Firebloom'),
(44566, 590, 0, 'Firebloom'),
(44567, 590, 0, 'Firebloom'),
(44568, 590, 0, 'Firebloom'),
(44569, 589, 0, 'Purple Lotus'),
(44570, 589, 0, 'Purple Lotus'),
(44571, 589, 0, 'Purple Lotus'),
(44572, 589, 0, 'Purple Lotus'),
(44573, 589, 0, 'Purple Lotus'),
(44574, 589, 0, 'Purple Lotus'),
(44575, 589, 0, 'Purple Lotus'),
(44576, 589, 0, 'Purple Lotus'),
(44577, 589, 0, 'Purple Lotus'),
(44578, 589, 0, 'Purple Lotus'),
(44579, 589, 0, 'Purple Lotus'),
(44580, 589, 0, 'Purple Lotus'),
(44581, 589, 0, 'Purple Lotus'),
(44582, 589, 0, 'Purple Lotus'),
(44583, 589, 0, 'Purple Lotus'),
(44584, 589, 0, 'Purple Lotus'),
(44585, 589, 0, 'Purple Lotus'),
(44586, 590, 0, 'Firebloom'),
(44587, 590, 0, 'Firebloom'),
(44588, 589, 0, 'Purple Lotus'),
(44589, 590, 0, 'Firebloom'),
(44590, 589, 0, 'Purple Lotus'),
(44591, 590, 0, 'Firebloom'),
(44592, 589, 0, 'Purple Lotus'),
(44593, 589, 0, 'Purple Lotus');

DELETE FROM `gameobject` WHERE `zoneId`=440 AND `guid` BETWEEN 44477 AND 44593;
INSERT INTO `gameobject` (`guid`, `id`, `map`, `zoneId`, `position_x`, `position_y`, `position_z`, `orientation`, `rotation0`, `rotation1`, `rotation2`, `rotation3`, `spawntimesecs`, `animprogress`, `state`) VALUES
(44477, 2866, 1, 440, -8446.79, -2719.88, 25.594, 0.296705, 0, 0, 0.147809, 0.989016, 2700, 100, 1),
(44478, 2866, 1, 440, -8554, -2386, 32.893, 2.391, 0, 0, 0.930417, 0.366501, 2700, 100, 1),
(44479, 2866, 1, 440, -8320.64, -3049.05, 8.64034, 4.50295, 0, 0, -0.777145, 0.629321, 2700, 100, 1),
(44480, 2866, 1, 440, -7078.64, -3081.89, 10.804, 5.13127, 0, 0, -0.544639, 0.838671, 2700, 100, 1),
(44481, 2866, 1, 440, -8425, -2518, 49.532, 0, 0, 0, -0.052336, 0.99863, 2700, 100, 1),
(44482, 2866, 1, 440, -7461.91, -4757.04, 8.90017, 2.67035, 0, 0, 0.972369, 0.233448, 2700, 100, 1),
(44483, 2866, 1, 440, -8848.02, -2653.73, 22.6227, 1.44862, 0, 0, 0.66262, 0.748956, 2700, 100, 1),
(44484, 2866, 1, 440, -7484, -3971, 11.825, 0.314, 0, 0, 0.156434, 0.987688, 2700, 100, 1),
(44485, 2866, 1, 440, -8950, -3050, 50.453, -2, 0, 0, -0.824126, 0.566406, 2700, 100, 1),
(44486, 2866, 1, 440, -8661, -3722, 23.007, -2, 0, 0, -0.878817, 0.477159, 2700, 100, 1),
(44487, 2866, 1, 440, -8217, -4349, 12.79, -1, 0, 0, -0.333807, 0.942641, 2700, 100, 1),
(44488, 2866, 1, 440, -9317, -2273, 7.844, -2, 0, 0, -0.930417, 0.366501, 2700, 100, 1),
(44489, 2866, 1, 440, -7586.8, -3573.33, 15.151, 3.4383, 0, 0, -0.989016, 0.147811, 2700, 100, 1),
(44490, 2866, 1, 440, -6800.22, -4753.86, 9.97542, 5.42798, 0, 0, -0.414693, 0.909962, 2700, 100, 1),
(44491, 2866, 1, 440, -7016.36, -2879.98, 9.01529, 1.44862, 0, 0, 0.66262, 0.748956, 2700, 100, 1),
(44492, 2866, 1, 440, -7757, -4815, 10.535, -3, 0, 0, -0.96363, 0.267238, 2700, 100, 1),
(44493, 2866, 1, 440, -7846, -5083, 5.713, 0, 0, 0, 0, 1, 2700, 100, 1),
(44494, 2866, 1, 440, -7418.7, -3652.11, 9.95243, 6.07375, 0, 0, -0.104528, 0.994522, 2700, 100, 1),
(44495, 2866, 1, 440, -7120.09, -3449.43, 9.61033, 0.802851, 0, 0, 0.390731, 0.920505, 2700, 100, 1),
(44496, 2866, 1, 440, -8057.34, -5162.02, 9.68309, 2.11185, 0, 0, 0.870356, 0.492424, 2700, 100, 1),
(44497, 2866, 1, 440, -7014, -3285, 10.124, 1.71, 0, 0, 0.75471, 0.656059, 2700, 100, 1),
(44498, 2866, 1, 440, -7252.11, -3313.24, 9.7893, 2.09439, 0, 0, 0.866025, 0.500001, 2700, 100, 1),
(44499, 2866, 1, 440, -7772, -4676, 10.319, 0.07, 0, 0, 0.034899, 0.999391, 2700, 100, 1),
(44500, 2866, 1, 440, -6981.83, -4478.49, 11.1205, 1.93731, 0, 0, 0.824125, 0.566408, 2700, 100, 1),
(44501, 2866, 1, 440, -7378.97, -4117.9, 8.87722, 2.72271, 0, 0, 0.978148, 0.207912, 2700, 100, 1),
(44502, 2866, 1, 440, -8646, -2750, 14.18, -3, 0, 0, -0.999657, 0.026177, 2700, 100, 1),
(44503, 2866, 1, 440, -8950, -2918, 48.655, -2, 0, 0, -0.743145, 0.669131, 2700, 100, 1),
(44504, 2866, 1, 440, -7747.11, -3984.63, 9.69405, 5.2709, 0, 0, -0.484809, 0.87462, 2700, 100, 1),
(44505, 2866, 1, 440, -7587, -2815, 9.757, 0.716, 0, 0, 0.350207, 0.936672, 2700, 100, 1),
(44506, 2866, 1, 440, -7913, -4049, 10.914, 2.793, 0, 0, 0.984808, 0.173648, 2700, 100, 1),
(44507, 2866, 1, 440, -7535.15, -3468.44, 24.738, 1.18682, 0, 0, 0.559193, 0.829038, 2700, 100, 1),
(44508, 2866, 1, 440, -8690, -3008, 14.779, -1, 0, 0, -0.292372, 0.956305, 2700, 100, 1),
(44509, 2866, 1, 440, -7216, -4746, 10.683, 0.873, 0, 0, 0.422618, 0.906308, 2700, 100, 1),
(44510, 2866, 1, 440, -9275, -3449, 9.45, -1, 0, 0, -0.615661, 0.788011, 2700, 100, 1),
(44511, 2866, 1, 440, -8058, -3280, 46.549, 3.107, 0, 0, 0.999848, 0.017453, 2700, 100, 1),
(44512, 2866, 1, 440, -7362.92, -3479.38, 13.4628, 0.488691, 0, 0, 0.241921, 0.970296, 2700, 100, 1),
(44513, 2866, 1, 440, -9406, -2983, 11.876, 0.454, 0, 0, 0.224951, 0.97437, 2700, 100, 1),
(44514, 2866, 1, 440, -7681.49, -2977.51, 21.2711, 4.85202, 0, 0, -0.656058, 0.75471, 2700, 100, 1),
(44515, 2866, 1, 440, -7821, -3511, 57.945, 2.391, 0, 0, 0.930417, 0.366501, 2700, 100, 1),
(44516, 142140, 1, 440, -8844, -3358, 9.559, -1, 0, 0, -0.636078, 0.771625, 2700, 100, 1),
(44517, 142140, 1, 440, -8904, -3463, 11.517, -3, 0, 0, -0.999962, 0.008727, 2700, 100, 1),
(44518, 142140, 1, 440, -8058, -3906, 14.623, 3.101, 0, 0, 0, 0, 2700, 100, 1),
(44519, 142140, 1, 440, -8274.79, -4711.89, 0.241838, 0, 0, 0, 0, 1, 2700, 100, 1),
(44520, 142140, 1, 440, -6821, -2903, 8.878, 1.431, 0, 0, 0.656059, 0.75471, 2700, 100, 1),
(44521, 142140, 1, 440, -8083, -3993, 9.344, 3.902, 0, 0, 0, 0, 2700, 100, 1),
(44522, 142140, 1, 440, -9180, -3013, 28.663, -1, 0, 0, -0.5, 0.866025, 2700, 100, 1),
(44523, 142140, 1, 440, -8301, -4599, 8.107, -1, 0, 0, -0.649448, 0.760406, 2700, 100, 1),
(44524, 142140, 1, 440, -6981, -4320, 12.216, 1.922, 0, 0, 0, 0, 2700, 100, 1),
(44525, 142140, 1, 440, -7966, -3857, 20.797, 0.78, 0, 0, 0, 0, 2700, 100, 1),
(44526, 142140, 1, 440, -8860, -3439, 12.893, 0.611, 0, 0, 0.300706, 0.953717, 2700, 100, 1),
(44527, 142140, 1, 440, -8012, -3974, 9.883, 4.315, 0, 0, 0, 0, 2700, 100, 1),
(44528, 142140, 1, 440, -7986.6, -3850.93, 18.7965, 0.872664, 0, 0, 0.422618, 0.906308, 2700, 100, 1),
(44529, 142140, 1, 440, -8903, -3514, 14.36, 0, 0, 0, -0.130526, 0.991445, 2700, 100, 1),
(44530, 142140, 1, 440, -8211, -4578, 9.062, 3.753, 0, 0, 0, 0, 2700, 100, 1),
(44531, 142140, 1, 440, -9533, -2713, 8.792, -2, 0, 0, -0.906308, 0.422618, 2700, 100, 1),
(44532, 142140, 1, 440, -8061, -3940, 8.968, 0.157, 0, 0, 0, 0, 2700, 100, 1),
(44533, 2866, 1, 440, -7741.32, -3611.67, 44.6915, 5.74214, 0, 0, -0.267238, 0.963631, 300, 100, 1),
(44534, 2866, 1, 440, -8781.79, -2849.3, 27.8091, 0.506145, 0, 0, 0.25038, 0.968148, 300, 100, 1),
(44535, 2866, 1, 440, -8907.6, -2784.74, 37.3759, 4.34587, 0, 0, -0.824126, 0.566406, 300, 100, 1),
(44536, 2866, 1, 440, -8415.25, -2251.24, 21.4984, 3.26377, 0, 0, -0.998135, 0.0610518, 300, 100, 1),
(44537, 2866, 1, 440, -7615.36, -3785.46, 12.4705, 2.93214, 0, 0, 0.994521, 0.104536, 300, 100, 1),
(44538, 2866, 1, 440, -8219.37, -4343.52, 13.023, 5.60251, 0, 0, -0.333807, 0.942641, 300, 100, 1),
(44539, 2866, 1, 440, -7462.25, -3253.01, 12.2622, 2.14675, 0, 0, 0.878817, 0.47716, 300, 100, 1),
(44540, 2866, 1, 440, -8714.07, -2551.58, 19.6302, 2.09439, 0, 0, 0.866025, 0.5, 2700, 100, 1),
(44541, 2866, 1, 440, -7485.71, -4584.72, 10.1817, -2.23402, 0, 0, 0.898794, -0.438371, 2700, 100, 1),
(44542, 2866, 1, 440, -8177.81, -4122.43, 12.3763, 2.77507, 0, 0, 0.983255, 0.182236, 2700, 100, 1),
(44543, 2866, 1, 440, -7356.18, -4651.62, 9.9836, -1.69297, 0, 0, 0.748956, -0.66262, 2700, 100, 1),
(44544, 2866, 1, 440, -7882.74, -4550.6, 12.7794, 0.855211, 0, 0, 0.414693, 0.909961, 2700, 100, 1),
(44545, 2866, 1, 440, -7914.09, -3653.87, 52.9646, 2.46091, 0, 0, 0.942641, 0.333807, 2700, 100, 1),
(44546, 2866, 1, 440, -7849.28, -3315.92, 62.3208, -0.401426, 0, 0, 0.199368, -0.979925, 2700, 100, 1),
(44547, 2866, 1, 440, -8579.51, -4073.79, 22.9933, 1.81514, 0, 0, 0.788011, 0.615662, 2700, 100, 1),
(44548, 2866, 1, 440, -8686.27, -3359.3, 8.72276, -2.1293, 0, 0, 0.87462, -0.48481, 2700, 100, 1),
(44549, 2866, 1, 440, -7309.85, -3081.93, 12.753, 1.11701, 0, 0, 0.529919, 0.848048, 2700, 100, 1),
(44550, 2866, 1, 440, -9250.54, -2788.81, 13.347, 0.418879, 0, 0, 0.207912, 0.978148, 2700, 100, 1),
(44551, 2866, 1, 440, -8220.14, -3416.42, 19.0372, -1.81514, 0, 0, 0.788011, -0.615661, 2700, 100, 1),
(44552, 2866, 1, 440, -8174.85, -5151.06, 4.86231, 1.309, 0, 0, 0.608761, 0.793353, 2700, 100, 1),
(44553, 142140, 1, 440, -7909.15, -3824.9, 32.2033, 1.93731, 0, 0, 0.824126, 0.566406, 2700, 100, 1),
(44554, 142140, 1, 440, -8829.68, -3445.35, 10.4582, 2.25148, 0, 0, 0.902585, 0.430511, 2700, 100, 1),
(44555, 142140, 1, 440, -9280.2, -2936.7, 9.67755, -0.139626, 0, 0, 0.069756, -0.997564, 2700, 100, 1),
(44556, 142140, 1, 440, -6964.21, -4412.08, 10.5654, 0.0174525, 0, 0, 0.00872612, 0.999962, 2700, 100, 1),
(44557, 142140, 1, 440, -6829.44, -2863.88, 10.5763, -0.820305, 0, 0, 0.398749, -0.91706, 2700, 100, 1),
(44558, 142140, 1, 440, -9562.02, -2837.51, 11.4237, -1.32645, 0, 0, 0.615661, -0.788011, 2700, 100, 1),
(44559, 142140, 1, 440, -6930.42, -4351.05, 11.3895, 5.75959, 0, 0, -0.258819, 0.965926, 2700, 100, 1),
(44560, 142140, 1, 440, -9226.02, -2944.88, 15.0825, -0.645772, 0, 0, 0.317305, -0.948324, 2700, 100, 1),
(44561, 142140, 1, 440, -8250.95, -4537.64, 0.388901, 2.84489, 0, 0, 0.989016, 0.147809, 2700, 100, 1),
(44562, 142140, 1, 440, -8955.75, -3516.86, 17.5743, -0.2618, 0, 0, 0.130526, -0.991445, 2700, 100, 1),
(44563, 2866, 1, 440, -7247.31, -4475.61, 9.24286, 2.18166, 0, 0, 0.887011, 0.461749, 300, 100, 1),
(44564, 2866, 1, 440, -8387, -4116.63, 11.163, 1.74533, 0, 0, 0.766044, 0.642789, 300, 100, 1),
(44565, 2866, 1, 440, -7850.97, -3115.6, 72.6794, 6.0912, 0, 0, -0.0958452, 0.995396, 300, 100, 1),
(44566, 2866, 1, 440, -9174.92, -2619.26, 16.0227, 2.79252, 0, 0, 0.984807, 0.173652, 300, 100, 1),
(44567, 2866, 1, 440, -10011.5, -4150.09, 7.03435, -1.11701, 0, 0, 0.529919, -0.848048, 2700, 100, 1),
(44568, 2866, 1, 440, -8157.5, -5246.43, 3.54654, 1.58825, 0, 0, 0.71325, 0.70091, 300, 100, 1),
(44569, 142140, 1, 440, -6999.92, -4372.03, 11.0493, 3.94445, 0, 0, -0.920505, 0.390732, 300, 100, 1),
(44570, 142140, 1, 440, -6918.99, -4380.4, 11.7204, 1.29154, 0, 0, 0.601814, 0.798636, 300, 100, 1),
(44571, 142140, 1, 440, -8904.49, -3300.98, 19.1368, 3.42085, 0, 0, -0.990268, 0.139175, 300, 100, 1),
(44572, 142140, 1, 440, -8962.61, -3482.48, 20.1249, 2.14675, 0, 0, 0.878817, 0.47716, 300, 100, 1),
(44573, 142140, 1, 440, -6956.38, -4358.96, 10.5284, 2.89725, 0, 0, 0.992546, 0.12187, 300, 100, 1),
(44574, 142140, 1, 440, -6950.18, -4383.59, 9.9112, 1.71042, 0, 0, 0.754709, 0.656059, 300, 100, 1),
(44575, 142140, 1, 440, -6921.26, -4414.95, 11.598, 0.610863, 0, 0, 0.300705, 0.953717, 300, 100, 1),
(44576, 142140, 1, 440, -9611.99, -2737.25, 17.1735, 3.4383, 0, 0, -0.989016, 0.147811, 300, 100, 1),
(44577, 142140, 1, 440, -7954.11, -3844.91, 23.978, 1.02974, 0, 0, 0.492423, 0.870356, 300, 100, 1),
(44578, 142140, 1, 440, -6986.9, -4349.21, 9.60038, 3.38594, 0, 0, -0.992546, 0.12187, 300, 100, 1),
(44579, 142140, 1, 440, -8838.39, -3526.83, 10.4236, 4.24115, 0, 0, -0.85264, 0.522499, 300, 100, 1),
(44580, 142140, 1, 440, -9147.47, -3029.07, 36.9857, 1.55334, 0, 0, 0.700909, 0.713251, 300, 100, 1),
(44581, 142140, 1, 440, -9281.43, -3085.82, 10.6941, 4.5204, 0, 0, -0.771625, 0.636078, 300, 100, 1),
(44582, 142140, 1, 440, -6948.93, -4308.28, 9.77953, 3.31614, 0, 0, -0.996194, 0.087165, 300, 100, 1),
(44583, 142140, 1, 440, -7936.81, -3902.71, 9.61212, 4.5204, 0, 0, -0.771625, 0.636078, 300, 100, 1),
(44584, 142140, 1, 440, -9282.16, -3002.91, 13.5028, 0.087266, 0, 0, 0.0436192, 0.999048, 300, 100, 1),
(44585, 142140, 1, 440, -6986.26, -4400.95, 9.79876, 3.59538, 0, 0, -0.97437, 0.224951, 300, 100, 1),
(44586, 2866, 1, 440, -7883.3, -4354, 13.6836, -1.01229, 0, 0, 0.48481, -0.87462, 2700, 100, 1),
(44587, 2866, 1, 440, -8554.13, -4622.89, 10.3284, -2.84489, 0, 0, 0.989016, -0.147809, 2700, 100, 1),
(44588, 142140, 1, 440, -8144.29, -4606.85, -1.73628, 2.75762, 0, 0, 0.981627, 0.190809, 2700, 100, 1),
(44589, 2866, 1, 440, -7713.99, -4318.98, 11.0923, 4.97419, 0, 0, -0.608761, 0.793354, 300, 100, 1),
(44590, 142140, 1, 440, -6811.14, -2924.48, 10.3656, 1.43117, 0, 0, 0.656059, 0.75471, 2700, 100, 1),
(44591, 2866, 1, 440, -7017.32, -4153.8, 10.935, 1.90241, 0, 0, 0.814116, 0.580703, 2700, 100, 1),
(44592, 142140, 1, 440, -6835.3, -2926.15, 8.88333, 2.32129, 0, 0, 0.91706, 0.39875, 300, 100, 1),
(44593, 142140, 1, 440, -6840.79, -2892.82, 9.48657, 1.98968, 0, 0, 0.838671, 0.544639, 2700, 100, 1);

-- Eastern Plaguelands
DELETE FROM `pool_gameobject` WHERE `pool_entry` IN (968);
DELETE FROM `pool_template` WHERE `entry` IN (968);
DELETE FROM `gameobject` WHERE `guid` IN (15949,15956,15957,15958,15973,15974,15977,15984,15985,15989,15991,15993,16001,16012,16014,16017,16033,16041,16078,16085,16095,16107,16111,16127,16130,16146,16148,16149,16159,16160,16163,16164,16165,16166,16186,16187,16200,16209,16217,16218,16230,16272,16273,16274,16275,16278,18964,18968,18969,18973,18984,18993,18994,19009,19010,19016,19017,19030,19031,19058,19068,19069,19083,19088,19102,19107,19121,19137,19145,19146,19147,19148,19149,19151,19152,19153,19157,19172,19174,19178,19228,19229,19234,19248,19249,19262,19263,19267,19270,19271,19274,19275,19281,19282,19284,19295,19297,19298,19306,19312,19319,19323,19325,19363,19364,19384,19385,19386,19392,19394,19423,19428,19454,19456,19457,19465,19469,19474,19511,19519,19526,19532,19536,19537,19550,19551,19567,19568,19569,19570,19571,19579,19587,19588,19593,19594,19595,19606,19618,19620,19621,19622,19627,19630,19636,19702,19874,19875,19876,19877,19880,19881,19889,19890,19891,19893,19894,19896,19897,19900,19901,19904,19905,19906,19910,19915,19918,19920,19921,19922,19923,19924,19931,19935,19936,19937,19938,19939,19943,19949,19952,19953,19954,19955,19957,19958,19960,19963,19966,19967,19968,19970,19971,19972,19973,19976,19977,19978,19981,19982,19986,19987,19988,19989,19990,19991,19993,19996,20003,20004,20013,20026,20029,20031,20032,20033,20034,20035,20042,20043,20044,20045,20046,20054,20055,20056,20057,20058,20059,20060,20062,20063,20064,20072,20074,20075,20077,20079,20080,20082,20084,20085,20086,20087,20088,20092,20093,20094,20097,20099,20100,20101,20102,20105,20110,20111,20112,20113,20114,20115,20116,20118,20121,20122,20123,20124,20125,20126,20127,20129,20130,20132,20133,33307,33308,33309,33311,33315,33316,33322,33325,33336,33861,33862,33864,33870,33874,45705,45706,45707,45708,45782,45784,45785,45786,45787,45809,45810,45811,45812,45813,45814,45815,45816,45822,45823,45824,45825,45826,45827,45828,45832,45833,45834,45835,45842,45844,45845,45847,45851,45855,45856,45860,45870,45908,45912,45914,45932,45942,45948,45957,61982,62028,62178,62210,62291,62294,62298,62351,62360,62365,62367,63419,63420,63523,63536,63559,63605,63606,63609,63615,63616,63618,63620,63621,63623,63624,63633,63634,63635,63636,63637,63657,63662,63664,63667,63670,63671,63681,63685,63686,63694,63696,63701,63702,63703,63706,63712,63714,63715,63716,63717,63718,63720,63721,63723,63726,64893,64895,65270,65280,65282,65283,65284,65287,86080,86082,86083,86085,86086,86087,86089,86105,86112,86388,86389,86390,86410,86411,86412,86413,86418,86419,86420,86421,86422,86437,86440,86446,86448,86466,86468,86469,86470,86471,86472,86475,86476,86477,86478,87178,87298,87311,87312,87313,87315,87456,87500,87506,87507,87508,87509,87510,87511,87512);

-- Vmangos pools: (419,1265,1266,1267,1268,1269,1320);
DELETE FROM `pool_template` WHERE `entry` BETWEEN 591 AND 597;
INSERT INTO `pool_template` (`entry`, `max_limit`, `description`) VALUES
(591, 1, 'Grave Moss in Eastern Plaguelands'),
(592, 30, 'Plaguebloom in Eastern Plaguelands'),
(593, 20, 'Arthas Tears in Eastern Plaguelands'),
(594, 12, 'Dreamfoil in Eastern Plaguelands'),
(595, 8, 'Golden Sansam in Eastern Plaguelands'),
(596, 3, 'Mountain Silversage in Eastern Plaguelands'),
(597, 11, 'Sungrass in Eastern Plaguelands');

DELETE FROM `pool_gameobject` WHERE `guid` BETWEEN 83323 AND 83719;
INSERT INTO `pool_gameobject` (`guid`, `pool_entry`, `chance`, `description`) VALUES
(83323, 597, 0, 'Sungrass'),
(83324, 597, 0, 'Sungrass'),
(83325, 597, 0, 'Sungrass'),
(83326, 593, 0, 'Arthas\' Tears'),
(83327, 593, 0, 'Arthas\' Tears'),
(83328, 593, 0, 'Arthas\' Tears'),
(83329, 593, 0, 'Arthas\' Tears'),
(83330, 593, 0, 'Arthas\' Tears'),
(83331, 593, 0, 'Arthas\' Tears'),
(83332, 593, 0, 'Arthas\' Tears'),
(83333, 593, 0, 'Arthas\' Tears'),
(83334, 593, 0, 'Arthas\' Tears'),
(83335, 593, 0, 'Arthas\' Tears'),
(83336, 593, 0, 'Arthas\' Tears'),
(83337, 593, 0, 'Arthas\' Tears'),
(83338, 593, 0, 'Arthas\' Tears'),
(83339, 593, 0, 'Arthas\' Tears'),
(83340, 593, 0, 'Arthas\' Tears'),
(83341, 593, 0, 'Arthas\' Tears'),
(83342, 597, 0, 'Sungrass'),
(83343, 597, 0, 'Sungrass'),
(83344, 597, 0, 'Sungrass'),
(83345, 597, 0, 'Sungrass'),
(83346, 597, 0, 'Sungrass'),
(83347, 597, 0, 'Sungrass'),
(83348, 597, 0, 'Sungrass'),
(83349, 597, 0, 'Sungrass'),
(83350, 597, 0, 'Sungrass'),
(83351, 597, 0, 'Sungrass'),
(83352, 597, 0, 'Sungrass'),
(83353, 597, 0, 'Sungrass'),
(83354, 597, 0, 'Sungrass'),
(83355, 597, 0, 'Sungrass'),
(83356, 597, 0, 'Sungrass'),
(83357, 597, 0, 'Sungrass'),
(83358, 597, 0, 'Sungrass'),
(83359, 597, 0, 'Sungrass'),
(83360, 597, 0, 'Sungrass'),
(83361, 597, 0, 'Sungrass'),
(83362, 597, 0, 'Sungrass'),
(83363, 597, 0, 'Sungrass'),
(83364, 597, 0, 'Sungrass'),
(83365, 597, 0, 'Sungrass'),
(83366, 597, 0, 'Sungrass'),
(83367, 597, 0, 'Sungrass'),
(83368, 597, 0, 'Sungrass'),
(83369, 597, 0, 'Sungrass'),
(83370, 597, 0, 'Sungrass'),
(83371, 597, 0, 'Sungrass'),
(83372, 594, 0, 'Dreamfoil'),
(83373, 594, 0, 'Dreamfoil'),
(83374, 596, 0, 'Mountain Silversage'),
(83375, 593, 0, 'Arthas Tears'),
(83376, 593, 0, 'Arthas Tears'),
(83377, 593, 0, 'Arthas Tears'),
(83378, 593, 0, 'Arthas Tears'),
(83379, 593, 0, 'Arthas Tears'),
(83380, 593, 0, 'Arthas Tears'),
(83381, 595, 0, 'Golden Sansam'),
(83382, 595, 0, 'Golden Sansam'),
(83383, 595, 0, 'Golden Sansam'),
(83384, 595, 0, 'Golden Sansam'),
(83385, 595, 0, 'Golden Sansam'),
(83386, 595, 0, 'Golden Sansam'),
(83387, 595, 0, 'Golden Sansam'),
(83388, 595, 0, 'Golden Sansam'),
(83389, 595, 0, 'Golden Sansam'),
(83390, 595, 0, 'Golden Sansam'),
(83391, 595, 0, 'Golden Sansam'),
(83392, 595, 0, 'Golden Sansam'),
(83393, 595, 0, 'Golden Sansam'),
(83394, 595, 0, 'Golden Sansam'),
(83395, 595, 0, 'Golden Sansam'),
(83396, 595, 0, 'Golden Sansam'),
(83397, 595, 0, 'Golden Sansam'),
(83398, 595, 0, 'Golden Sansam'),
(83399, 595, 0, 'Golden Sansam'),
(83400, 595, 0, 'Golden Sansam'),
(83401, 595, 0, 'Golden Sansam'),
(83402, 595, 0, 'Golden Sansam'),
(83403, 595, 0, 'Golden Sansam'),
(83404, 595, 0, 'Golden Sansam'),
(83405, 595, 0, 'Golden Sansam'),
(83406, 595, 0, 'Golden Sansam'),
(83407, 595, 0, 'Golden Sansam'),
(83408, 595, 0, 'Golden Sansam'),
(83409, 595, 0, 'Golden Sansam'),
(83410, 595, 0, 'Golden Sansam'),
(83411, 595, 0, 'Golden Sansam'),
(83412, 595, 0, 'Golden Sansam'),
(83413, 595, 0, 'Golden Sansam'),
(83414, 595, 0, 'Golden Sansam'),
(83415, 595, 0, 'Golden Sansam'),
(83416, 595, 0, 'Golden Sansam'),
(83417, 595, 0, 'Golden Sansam'),
(83418, 595, 0, 'Golden Sansam'),
(83419, 594, 0, 'Dreamfoil'),
(83420, 594, 0, 'Dreamfoil'),
(83421, 594, 0, 'Dreamfoil'),
(83422, 594, 0, 'Dreamfoil'),
(83423, 594, 0, 'Dreamfoil'),
(83424, 594, 0, 'Dreamfoil'),
(83425, 594, 0, 'Dreamfoil'),
(83426, 594, 0, 'Dreamfoil'),
(83427, 594, 0, 'Dreamfoil'),
(83428, 594, 0, 'Dreamfoil'),
(83429, 594, 0, 'Dreamfoil'),
(83430, 594, 0, 'Dreamfoil'),
(83431, 594, 0, 'Dreamfoil'),
(83432, 594, 0, 'Dreamfoil'),
(83433, 594, 0, 'Dreamfoil'),
(83434, 594, 0, 'Dreamfoil'),
(83435, 594, 0, 'Dreamfoil'),
(83436, 594, 0, 'Dreamfoil'),
(83437, 594, 0, 'Dreamfoil'),
(83438, 594, 0, 'Dreamfoil'),
(83439, 594, 0, 'Dreamfoil'),
(83440, 594, 0, 'Dreamfoil'),
(83441, 594, 0, 'Dreamfoil'),
(83442, 594, 0, 'Dreamfoil'),
(83443, 594, 0, 'Dreamfoil'),
(83444, 594, 0, 'Dreamfoil'),
(83445, 594, 0, 'Dreamfoil'),
(83446, 594, 0, 'Dreamfoil'),
(83447, 594, 0, 'Dreamfoil'),
(83448, 594, 0, 'Dreamfoil'),
(83449, 594, 0, 'Dreamfoil'),
(83450, 594, 0, 'Dreamfoil'),
(83451, 594, 0, 'Dreamfoil'),
(83452, 594, 0, 'Dreamfoil'),
(83453, 594, 0, 'Dreamfoil'),
(83454, 594, 0, 'Dreamfoil'),
(83455, 594, 0, 'Dreamfoil'),
(83456, 594, 0, 'Dreamfoil'),
(83457, 594, 0, 'Dreamfoil'),
(83458, 594, 0, 'Dreamfoil'),
(83459, 594, 0, 'Dreamfoil'),
(83460, 594, 0, 'Dreamfoil'),
(83461, 594, 0, 'Dreamfoil'),
(83462, 594, 0, 'Dreamfoil'),
(83463, 594, 0, 'Dreamfoil'),
(83464, 594, 0, 'Dreamfoil'),
(83465, 594, 0, 'Dreamfoil'),
(83466, 594, 0, 'Dreamfoil'),
(83467, 594, 0, 'Dreamfoil'),
(83468, 594, 0, 'Dreamfoil'),
(83469, 594, 0, 'Dreamfoil'),
(83470, 594, 0, 'Dreamfoil'),
(83471, 594, 0, 'Dreamfoil'),
(83472, 594, 0, 'Dreamfoil'),
(83473, 594, 0, 'Dreamfoil'),
(83474, 594, 0, 'Dreamfoil'),
(83475, 594, 0, 'Dreamfoil'),
(83476, 594, 0, 'Dreamfoil'),
(83477, 594, 0, 'Dreamfoil'),
(83478, 594, 0, 'Dreamfoil'),
(83479, 594, 0, 'Dreamfoil'),
(83480, 594, 0, 'Dreamfoil'),
(83481, 594, 0, 'Dreamfoil'),
(83482, 594, 0, 'Dreamfoil'),
(83483, 592, 0, 'Plaguebloom'),
(83484, 592, 0, 'Plaguebloom'),
(83485, 592, 0, 'Plaguebloom'),
(83486, 592, 0, 'Plaguebloom'),
(83487, 592, 0, 'Plaguebloom'),
(83488, 592, 0, 'Plaguebloom'),
(83489, 592, 0, 'Plaguebloom'),
(83490, 592, 0, 'Plaguebloom'),
(83491, 592, 0, 'Plaguebloom'),
(83492, 592, 0, 'Plaguebloom'),
(83493, 592, 0, 'Plaguebloom'),
(83494, 592, 0, 'Plaguebloom'),
(83495, 592, 0, 'Plaguebloom'),
(83496, 592, 0, 'Plaguebloom'),
(83497, 592, 0, 'Plaguebloom'),
(83498, 592, 0, 'Plaguebloom'),
(83499, 592, 0, 'Plaguebloom'),
(83500, 592, 0, 'Plaguebloom'),
(83501, 592, 0, 'Plaguebloom'),
(83502, 592, 0, 'Plaguebloom'),
(83503, 592, 0, 'Plaguebloom'),
(83504, 592, 0, 'Plaguebloom'),
(83505, 592, 0, 'Plaguebloom'),
(83506, 592, 0, 'Plaguebloom'),
(83507, 592, 0, 'Plaguebloom'),
(83508, 592, 0, 'Plaguebloom'),
(83509, 592, 0, 'Plaguebloom'),
(83510, 592, 0, 'Plaguebloom'),
(83511, 592, 0, 'Plaguebloom'),
(83512, 592, 0, 'Plaguebloom'),
(83513, 592, 0, 'Plaguebloom'),
(83514, 592, 0, 'Plaguebloom'),
(83515, 592, 0, 'Plaguebloom'),
(83516, 592, 0, 'Plaguebloom'),
(83517, 592, 0, 'Plaguebloom'),
(83518, 592, 0, 'Plaguebloom'),
(83519, 592, 0, 'Plaguebloom'),
(83520, 592, 0, 'Plaguebloom'),
(83521, 592, 0, 'Plaguebloom'),
(83522, 592, 0, 'Plaguebloom'),
(83523, 592, 0, 'Plaguebloom'),
(83524, 592, 0, 'Plaguebloom'),
(83525, 592, 0, 'Plaguebloom'),
(83526, 592, 0, 'Plaguebloom'),
(83527, 592, 0, 'Plaguebloom'),
(83528, 592, 0, 'Plaguebloom'),
(83529, 592, 0, 'Plaguebloom'),
(83530, 592, 0, 'Plaguebloom'),
(83531, 592, 0, 'Plaguebloom'),
(83532, 592, 0, 'Plaguebloom'),
(83533, 592, 0, 'Plaguebloom'),
(83534, 592, 0, 'Plaguebloom'),
(83535, 592, 0, 'Plaguebloom'),
(83536, 592, 0, 'Plaguebloom'),
(83537, 592, 0, 'Plaguebloom'),
(83538, 592, 0, 'Plaguebloom'),
(83539, 592, 0, 'Plaguebloom'),
(83540, 592, 0, 'Plaguebloom'),
(83541, 592, 0, 'Plaguebloom'),
(83542, 592, 0, 'Plaguebloom'),
(83543, 592, 0, 'Plaguebloom'),
(83544, 592, 0, 'Plaguebloom'),
(83545, 592, 0, 'Plaguebloom'),
(83546, 592, 0, 'Plaguebloom'),
(83547, 592, 0, 'Plaguebloom'),
(83548, 592, 0, 'Plaguebloom'),
(83549, 592, 0, 'Plaguebloom'),
(83550, 592, 0, 'Plaguebloom'),
(83551, 592, 0, 'Plaguebloom'),
(83552, 592, 0, 'Plaguebloom'),
(83553, 592, 0, 'Plaguebloom'),
(83554, 592, 0, 'Plaguebloom'),
(83555, 592, 0, 'Plaguebloom'),
(83556, 592, 0, 'Plaguebloom'),
(83557, 592, 0, 'Plaguebloom'),
(83558, 592, 0, 'Plaguebloom'),
(83559, 592, 0, 'Plaguebloom'),
(83560, 592, 0, 'Plaguebloom'),
(83561, 592, 0, 'Plaguebloom'),
(83562, 592, 0, 'Plaguebloom'),
(83563, 592, 0, 'Plaguebloom'),
(83564, 592, 0, 'Plaguebloom'),
(83565, 592, 0, 'Plaguebloom'),
(83566, 592, 0, 'Plaguebloom'),
(83567, 592, 0, 'Plaguebloom'),
(83568, 592, 0, 'Plaguebloom'),
(83569, 592, 0, 'Plaguebloom'),
(83570, 592, 0, 'Plaguebloom'),
(83571, 592, 0, 'Plaguebloom'),
(83572, 592, 0, 'Plaguebloom'),
(83573, 592, 0, 'Plaguebloom'),
(83574, 592, 0, 'Plaguebloom'),
(83575, 592, 0, 'Plaguebloom'),
(83576, 592, 0, 'Plaguebloom'),
(83577, 592, 0, 'Plaguebloom'),
(83578, 592, 0, 'Plaguebloom'),
(83579, 592, 0, 'Plaguebloom'),
(83580, 592, 0, 'Plaguebloom'),
(83581, 592, 0, 'Plaguebloom'),
(83582, 592, 0, 'Plaguebloom'),
(83583, 592, 0, 'Plaguebloom'),
(83584, 592, 0, 'Plaguebloom'),
(83585, 592, 0, 'Plaguebloom'),
(83586, 592, 0, 'Plaguebloom'),
(83587, 592, 0, 'Plaguebloom'),
(83588, 592, 0, 'Plaguebloom'),
(83589, 592, 0, 'Plaguebloom'),
(83590, 592, 0, 'Plaguebloom'),
(83591, 592, 0, 'Plaguebloom'),
(83592, 592, 0, 'Plaguebloom'),
(83593, 592, 0, 'Plaguebloom'),
(83594, 592, 0, 'Plaguebloom'),
(83595, 592, 0, 'Plaguebloom'),
(83596, 592, 0, 'Plaguebloom'),
(83597, 592, 0, 'Plaguebloom'),
(83598, 592, 0, 'Plaguebloom'),
(83599, 592, 0, 'Plaguebloom'),
(83600, 592, 0, 'Plaguebloom'),
(83601, 592, 0, 'Plaguebloom'),
(83602, 592, 0, 'Plaguebloom'),
(83603, 592, 0, 'Plaguebloom'),
(83604, 592, 0, 'Plaguebloom'),
(83605, 592, 0, 'Plaguebloom'),
(83606, 592, 0, 'Plaguebloom'),
(83607, 592, 0, 'Plaguebloom'),
(83608, 592, 0, 'Plaguebloom'),
(83609, 592, 0, 'Plaguebloom'),
(83610, 592, 0, 'Plaguebloom'),
(83611, 592, 0, 'Plaguebloom'),
(83612, 592, 0, 'Plaguebloom'),
(83613, 592, 0, 'Plaguebloom'),
(83614, 592, 0, 'Plaguebloom'),
(83615, 592, 0, 'Plaguebloom'),
(83616, 592, 0, 'Plaguebloom'),
(83617, 592, 0, 'Plaguebloom'),
(83618, 592, 0, 'Plaguebloom'),
(83619, 592, 0, 'Plaguebloom'),
(83620, 592, 0, 'Plaguebloom'),
(83621, 592, 0, 'Plaguebloom'),
(83622, 592, 0, 'Plaguebloom'),
(83623, 592, 0, 'Plaguebloom'),
(83624, 592, 0, 'Plaguebloom'),
(83625, 592, 0, 'Plaguebloom'),
(83626, 592, 0, 'Plaguebloom'),
(83627, 592, 0, 'Plaguebloom'),
(83628, 592, 0, 'Plaguebloom'),
(83629, 592, 0, 'Plaguebloom'),
(83630, 592, 0, 'Plaguebloom'),
(83631, 592, 0, 'Plaguebloom'),
(83632, 597, 0, 'Sungrass'),
(83633, 597, 0, 'Sungrass'),
(83634, 597, 0, 'Sungrass'),
(83635, 597, 0, 'Sungrass'),
(83636, 592, 0, 'Plaguebloom'),
(83637, 593, 0, 'Arthas\' Tears'),
(83638, 592, 0, 'Plaguebloom'),
(83639, 595, 0, 'Golden Sansam'),
(83640, 594, 0, 'Dreamfoil'),
(83641, 594, 0, 'Dreamfoil'),
(83642, 593, 0, 'Arthas\' Tears'),
(83643, 594, 0, 'Dreamfoil'),
(83644, 593, 0, 'Arthas\' Tears'),
(83645, 591, 0, 'Grave Moss'),
(83646, 593, 0, 'Arthas Tears'),
(83647, 593, 0, 'Arthas Tears'),
(83648, 591, 0, 'Grave Moss'),
(83649, 591, 0, 'Grave Moss'),
(83650, 596, 0, 'Mountain Silversage'),
(83651, 597, 0, 'Sungrass'),
(83652, 592, 0, 'Plaguebloom'),
(83653, 596, 0, 'Mountain Silversage'),
(83654, 595, 0, 'Golden Sansam'),
(83655, 592, 0, 'Plaguebloom'),
(83656, 592, 0, 'Plaguebloom'),
(83657, 596, 0, 'Mountain Silversage'),
(83658, 594, 0, 'Dreamfoil'),
(83659, 593, 0, 'Arthas\' Tears'),
(83660, 594, 0, 'Dreamfoil'),
(83661, 592, 0, 'Plaguebloom'),
(83662, 597, 0, 'Sungrass'),
(83663, 594, 0, 'Dreamfoil'),
(83664, 592, 0, 'Plaguebloom'),
(83665, 594, 0, 'Dreamfoil'),
(83666, 592, 0, 'Plaguebloom'),
(83667, 592, 0, 'Plaguebloom'),
(83668, 593, 0, 'Arthas\' Tears'),
(83669, 596, 0, 'Mountain Silversage'),
(83670, 596, 0, 'Mountain Silversage'),
(83671, 592, 0, 'Plaguebloom'),
(83672, 592, 0, 'Plaguebloom'),
(83673, 594, 0, 'Dreamfoil'),
(83674, 597, 0, 'Sungrass'),
(83675, 593, 0, 'Arthas\' Tears'),
(83676, 595, 0, 'Golden Sansam'),
(83677, 596, 0, 'Mountain Silversage'),
(83678, 596, 0, 'Mountain Silversage'),
(83679, 596, 0, 'Mountain Silversage'),
(83680, 593, 0, 'Arthas Tears'),
(83681, 592, 0, 'Plaguebloom'),
(83682, 594, 0, 'Dreamfoil'),
(83683, 592, 0, 'Plaguebloom'),
(83684, 596, 0, 'Mountain Silversage'),
(83685, 596, 0, 'Mountain Silversage'),
(83686, 594, 0, 'Dreamfoil'),
(83687, 597, 0, 'Sungrass'),
(83688, 594, 0, 'Dreamfoil'),
(83689, 592, 0, 'Plaguebloom'),
(83690, 595, 0, 'Golden Sansam'),
(83691, 592, 0, 'Plaguebloom'),
(83692, 593, 0, 'Arthas\' Tears'),
(83693, 593, 0, 'Arthas Tears'),
(83694, 592, 0, 'Plaguebloom'),
(83695, 595, 0, 'Golden Sansam'),
(83696, 593, 0, 'Arthas\' Tears'),
(83697, 592, 0, 'Plaguebloom'),
(83698, 597, 0, 'Sungrass'),
(83699, 592, 0, 'Plaguebloom'),
(83700, 592, 0, 'Plaguebloom'),
(83701, 595, 0, 'Golden Sansam'),
(83702, 593, 0, 'Arthas Tears'),
(83703, 593, 0, 'Arthas Tears'),
(83704, 593, 0, 'Arthas Tears'),
(83705, 592, 0, 'Plaguebloom'),
(83706, 592, 0, 'Plaguebloom'),
(83707, 596, 0, 'Mountain Silversage'),
(83708, 596, 0, 'Mountain Silversage'),
(83709, 596, 0, 'Mountain Silversage'),
(83710, 596, 0, 'Mountain Silversage'),
(83711, 596, 0, 'Mountain Silversage'),
(83712, 596, 0, 'Mountain Silversage'),
(83713, 596, 0, 'Mountain Silversage'),
(83714, 596, 0, 'Mountain Silversage'),
(83715, 596, 0, 'Mountain Silversage'),
(83716, 596, 0, 'Mountain Silversage'),
(83717, 596, 0, 'Mountain Silversage'),
(83718, 596, 0, 'Mountain Silversage'),
(83719, 596, 0, 'Mountain Silversage'); 

DELETE FROM `gameobject` WHERE `zoneId`=139 AND `guid` BETWEEN 83323 AND 83719;
INSERT INTO `gameobject` (`guid`, `id`, `map`, `zoneId`, `position_x`, `position_y`, `position_z`, `orientation`, `rotation0`, `rotation1`, `rotation2`, `rotation3`, `spawntimesecs`, `animprogress`, `state`) VALUES
(83323, 142142, 0, 139, 3118.34, -4087.81, 98.5636, 1.13446, 0, 0, 0.537299, 0.843392, 2700, 255, 1),
(83324, 142142, 0, 139, 1846.9, -3946.46, 125.684, 3.22886, 0, 0, -0.999048, 0.0436193, 2700, 255, 1),
(83325, 142142, 0, 139, 1631.8, -4090.24, 151.422, 6.14356, 0, 0, -0.0697556, 0.997564, 2700, 255, 1),
(83326, 142141, 0, 139, 1751.25, -3344, 112.859, 1.994, 0, 0, 0, 0, 2700, 100, 1),
(83327, 142141, 0, 139, 1768.05, -3377, 121.101, 4.091, 0, 0, 0, 0, 2700, 100, 1),
(83328, 142141, 0, 139, 1792.65, -3359, 114.362, 2.712, 0, 0, 0, 0, 2700, 100, 1),
(83329, 142141, 0, 139, 1864.59, -3583, 115.049, 2.065, 0, 0, 0, 0, 2700, 100, 1),
(83330, 142141, 0, 139, 1637.33, -3905, 130.177, 4.182, 0, 0, 0, 0, 2700, 100, 1),
(83331, 142141, 0, 139, 2861.6, -4063.8, 99.4177, 0.0523589, 0, 0, 0.0261765, 0.999657, 2700, 100, 1),
(83332, 142141, 0, 139, 1878.77, -3577, 111.526, 1.056, 0, 0, 0, 0, 2700, 100, 1),
(83333, 142141, 0, 139, 1953.31, -3693, 123.575, 3.224, 0, 0, 0, 0, 2700, 100, 1),
(83334, 142141, 0, 139, 1958.92, -3718, 124.876, 5.442, 0, 0, 0, 0, 2700, 100, 1),
(83335, 142141, 0, 139, 1749.1, -3319, 105.098, 2.634, 0, 0, 0, 0, 2700, 100, 1),
(83336, 142141, 0, 139, 2309.34, -5247.21, 84.3962, 5.91667, 0, 0, -0.182235, 0.983255, 2700, 100, 1),
(83337, 142141, 0, 139, 1773.48, -3359, 115.714, 3.345, 0, 0, 0, 0, 2700, 100, 1),
(83338, 142141, 0, 139, 2111.01, -3925, 134.952, 0.145, 0, 0, 0, 0, 2700, 100, 1),
(83339, 142141, 0, 139, 1974.49, -3839, 124.455, 1.987, 0, 0, 0, 0, 2700, 100, 1),
(83340, 142141, 0, 139, 1752.18, -3386, 125.086, 1.711, 0, 0, 0, 0, 2700, 100, 1),
(83341, 142141, 0, 139, 1731.29, -3854, 125.893, 6.047, 0, 0, 0, 0, 2700, 100, 1),
(83342, 142142, 0, 139, 2583.77, -4550, 81.011, 0.631, 0, 0, 0, 0, 2700, 100, 1),
(83343, 142142, 0, 139, 2202.91, -4592, 73.647, 0.399, 0, 0, 0, 0, 2700, 100, 1),
(83344, 142142, 0, 139, 3208.56, -4631, 115.102, 6.117, 0, 0, 0, 0, 2700, 100, 1),
(83345, 142142, 0, 139, 1964.26, -3705, 123.415, 4.334, 0, 0, 0, 0, 2700, 100, 1),
(83346, 142142, 0, 139, 1648.22, -4065, 141.562, 4.762, 0, 0, 0, 0, 2700, 100, 1),
(83347, 142142, 0, 139, 2851.84, -4600, 90.54, 0.902, 0, 0, 0, 0, 2700, 100, 1),
(83348, 142142, 0, 139, 1659.06, -4064, 141.451, 4.534, 0, 0, 0, 0, 2700, 100, 1),
(83349, 142142, 0, 139, 1887.01, -4460, 76.904, 4.468, 0, 0, 0, 0, 2700, 100, 1),
(83350, 142142, 0, 139, 2842.94, -3127, 106.44, 4.358, 0, 0, 0, 0, 2700, 100, 1),
(83351, 142142, 0, 139, 1980.44, -3348, 107.949, 3.136, 0, 0, 0, 0, 2700, 100, 1),
(83352, 142142, 0, 139, 2830.47, -3127, 104.92, 4.228, 0, 0, 0, 0, 2700, 100, 1),
(83353, 142142, 0, 139, 2928.72, -2932, 104.404, 0.368, 0, 0, 0, 0, 2700, 100, 1),
(83354, 142142, 0, 139, 2771.76, -3999, 98.206, 5.19, 0, 0, 0, 0, 2700, 100, 1),
(83355, 142142, 0, 139, 2782.25, -4023, 100.049, 5.143, 0, 0, 0, 0, 2700, 100, 1),
(83356, 142142, 0, 139, 2997.67, -2913, 105.035, 0.265, 0, 0, 0, 0, 2700, 100, 1),
(83357, 142142, 0, 139, 3025.56, -2909, 110.791, 3.791, 0, 0, 0, 0, 2700, 100, 1),
(83358, 142142, 0, 139, 3014.25, -2905, 106.483, 0.19, 0, 0, 0, 0, 2700, 100, 1),
(83359, 142142, 0, 139, 2315.99, -4314, 73.706, 6.188, 0, 0, 0, 0, 2700, 100, 1),
(83360, 142142, 0, 139, 1623.45, -4031, 135.395, 2.335, 0, 0, 0, 0, 2700, 100, 1),
(83361, 142142, 0, 139, 1982.33, -3368, 106.737, 4.821, 0, 0, 0, 0, 2700, 100, 1),
(83362, 142142, 0, 139, 1998.18, -4163, 15.929, 1.251, 0, 0, 0, 0, 2700, 100, 1),
(83363, 142142, 0, 139, 2766.48, -3481, 103.532, 5.822, 0, 0, 0, 0, 2700, 100, 1),
(83364, 142142, 0, 139, 2313.13, -4331, 74.614, 0.537, 0, 0, 0, 0, 2700, 100, 1),
(83365, 142142, 0, 139, 2308.47, -4351, 75.766, 2.155, 0, 0, 0, 0, 2700, 100, 1),
(83366, 142142, 0, 139, 1812.84, -3970, 128.832, 5.917, 0, 0, 0, 0, 2700, 100, 1),
(83367, 142142, 0, 139, 2124.62, -4490, 74.45, 4.464, 0, 0, 0, 0, 2700, 100, 1),
(83368, 142142, 0, 139, 2571.25, -4569, 80.443, 0.443, 0, 0, 0, 0, 2700, 100, 1),
(83369, 142142, 0, 139, 2570.44, -4602, 80.776, 5.65, 0, 0, 0, 0, 2700, 100, 1),
(83370, 142142, 0, 139, 2874.61, -4612, 90.058, 5.795, 0, 0, 0, 0, 2700, 100, 1),
(83371, 142142, 0, 139, 2797.47, -4990, 98.32, 4.346, 0, 0, 0, 0, 2700, 100, 1),
(83372, 176584, 0, 139, 3036.89, -4329.2, 98.7749, 2.54818, 0, 0, 0.956305, 0.292372, 2700, 255, 1),
(83373, 176584, 0, 139, 2202.17, -5249.67, 81.2344, 3.54302, 0, 0, -0.979924, 0.19937, 2700, 255, 1),
(83374, 176586, 0, 139, 2115.36, -5366.65, 125.839, 2.40855, 0, 0, 0.93358, 0.358368, 2700, 255, 1),
(83375, 142141, 0, 139, 1949.96, -3962.64, 133.924, 1.58825, 0, 0, 0.71325, 0.70091, 300, 100, 1),
(83376, 142141, 0, 139, 1499.3, -3183.54, 111.201, 0.453785, 0, 0, 0.224951, 0.97437, 300, 100, 1),
(83377, 142141, 0, 139, 2913.5, -4492.8, 91.647, 2.56563, 0, 0, 0.958819, 0.284016, 300, 100, 1),
(83378, 142141, 0, 139, 1742.24, -3982.27, 129.338, 6.23083, 0, 0, -0.0261765, 0.999657, 300, 100, 1),
(83379, 142141, 0, 139, 2011.19, -3766.6, 128.541, 6.26573, 0, 0, -0.00872612, 0.999962, 300, 100, 1),
(83380, 142141, 0, 139, 2059.79, -5247.57, 86.0375, 5.25344, 0, 0, -0.492423, 0.870356, 300, 100, 1),
(83381, 176583, 0, 139, 3131.46, -4426, 109.429, 1.245, 0, 0, 0, 0, 2700, 100, 1),
(83382, 176583, 0, 139, 3209.13, -4662, 123.699, 6.22, 0, 0, 0, 0, 2700, 100, 1),
(83383, 176583, 0, 139, 1400.7, -3686, 75.692, 5.107, 0, 0, 0, 0, 2700, 100, 1),
(83384, 176583, 0, 139, 1395.66, -3689.79, 75.5379, 4.11898, 0, 0, -0.882947, 0.469473, 300, 100, 1),
(83385, 176583, 0, 139, 1999.81, -4564, 74.258, 4.126, 0, 0, 0, 0, 2700, 100, 1),
(83386, 176583, 0, 139, 2748.92, -3782.63, 116.926, 2.223, 0, 0, 0, 0, 2700, 100, 1),
(83387, 176583, 0, 139, 1647.92, -5506, 100.729, 4.414, 0, 0, 0, 0, 2700, 100, 1),
(83388, 176583, 0, 139, 1718.39, -5450, 80.54, 1.64, 0, 0, 0, 0, 2700, 100, 1),
(83389, 176583, 0, 139, 2960.54, -2893, 102.814, 5.367, 0, 0, 0, 0, 2700, 100, 1),
(83390, 176583, 0, 139, 2957.66, -2888.89, 101.571, 0.0174525, 0, 0, 0.00872612, 0.999962, 300, 100, 1),
(83391, 176583, 0, 139, 1610.06, -5383, 73.983, 4.451, 0, 0, 0, 0, 2700, 100, 1),
(83392, 176583, 0, 139, 1980.91, -4537, 74.493, 0.077, 0, 0, 0, 0, 2700, 100, 1),
(83393, 176583, 0, 139, 1537.69, -5572, 100.908, 4.481, 0, 0, 0, 0, 2700, 100, 1),
(83394, 176583, 0, 139, 1847.53, -3210.35, 124.607, 2.87979, 0, 0, 0.991445, 0.130528, 2700, 100, 1),
(83395, 176583, 0, 139, 1568.82, -5459, 98.941, 0.282, 0, 0, 0, 0, 2700, 100, 1),
(83396, 176583, 0, 139, 1624.46, -5382, 74.405, 4.451, 0, 0, 0, 0, 2700, 100, 1),
(83397, 176583, 0, 139, 1582.27, -5424, 77.387, 4.388, 0, 0, 0, 0, 2700, 100, 1),
(83398, 176583, 0, 139, 3179.71, -4654, 113.783, 0.201, 0, 0, 0, 0, 2700, 100, 1),
(83399, 176583, 0, 139, 1935.18, -4533, 77.637, 6.067, 0, 0, 0, 0, 2700, 100, 1),
(83400, 176583, 0, 139, 2000.37, -4557, 74.323, 4.126, 0, 0, 0, 0, 2700, 100, 1),
(83401, 176583, 0, 139, 2415.5, -4637, 71.656, 3.87, 0, 0, 0, 0, 2700, 100, 1),
(83402, 176583, 0, 139, 2441.59, -4637, 67.213, 4.446, 0, 0, 0, 0, 2700, 100, 1),
(83403, 176583, 0, 139, 2527.77, -4800, 108.223, 4.541, 0, 0, 0, 0, 2700, 100, 1),
(83404, 176583, 0, 139, 2947.76, -4006, 102.594, 2.354, 0, 0, 0, 0, 2700, 100, 1),
(83405, 176583, 0, 139, 2948.86, -3934, 109.144, 2.105, 0, 0, 0, 0, 2700, 100, 1),
(83406, 176583, 0, 139, 2942.98, -3061, 112.06, 5.172, 0, 0, 0, 0, 2700, 100, 1),
(83407, 176583, 0, 139, 3319.34, -4960, 169.559, 5.879, 0, 0, 0, 0, 2700, 100, 1),
(83408, 176583, 0, 139, 1558.4, -3285, 86.676, 3.719, 0, 0, 0, 0, 2700, 100, 1),
(83409, 176583, 0, 139, 2460.43, -5193, 74.794, 0.95, 0, 0, 0, 0, 2700, 100, 1),
(83410, 176583, 0, 139, 1830.25, -3751, 158.28, 2.276, 0, 0, 0, 0, 2700, 100, 1),
(83411, 176583, 0, 139, 1823.56, -3750.1, 158.251, 3.45576, 0, 0, -0.987688, 0.156436, 300, 100, 1),
(83412, 176583, 0, 139, 2933.23, -4004.29, 104.741, 1.22173, 0, 0, 0.573576, 0.819152, 300, 100, 1),
(83413, 176583, 0, 139, 2546.55, -4783, 109.319, 0.315, 0, 0, 0, 0, 2700, 100, 1),
(83414, 176583, 0, 139, 2534.03, -4797, 106.115, 4.541, 0, 0, 0, 0, 2700, 100, 1),
(83415, 176583, 0, 139, 3009.61, -4998, 106.599, 0.16, 0, 0, 0, 0, 2700, 100, 1),
(83416, 176583, 0, 139, 3010.27, -4983.56, 107.515, 3.17653, 0, 0, -0.999847, 0.0174693, 300, 100, 1),
(83417, 176583, 0, 139, 1657.42, -5503, 100.74, 4.414, 0, 0, 0, 0, 2700, 100, 1),
(83418, 176583, 0, 139, 1724.76, -5442, 80.842, 1.64, 0, 0, 0, 0, 2700, 100, 1),
(83419, 176584, 0, 139, 1620, -3482, 131.894, 3.107, 0, 0, 0, 0, 2700, 100, 1),
(83420, 176584, 0, 139, 2042.94, -4917, 77.179, 1.853, 0, 0, 0, 0, 2700, 100, 1),
(83421, 176584, 0, 139, 2089.32, -4781.44, 74.7134, 3.57793, 0, 0, -0.976295, 0.216442, 300, 100, 1),
(83422, 176584, 0, 139, 2806.14, -3980, 102.003, 1.603, 0, 0, 0, 0, 2700, 100, 1),
(83423, 176584, 0, 139, 2121.69, -5230, 89.48, 5.985, 0, 0, 0, 0, 2700, 100, 1),
(83424, 176584, 0, 139, 2273.69, -5335, 88.048, 5.926, 0, 0, 0, 0, 2700, 100, 1),
(83425, 176584, 0, 139, 2131.29, -2728, 75.327, 6.206, 0, 0, 0, 0, 2700, 100, 1),
(83426, 176584, 0, 139, 2190.07, -2739, 74.299, 6.104, 0, 0, 0, 0, 2700, 100, 1),
(83427, 176584, 0, 139, 2055.79, -3310, 105.488, 5.02, 0, 0, 0, 0, 2700, 100, 1),
(83428, 176584, 0, 139, 1648.37, -3419.78, 133.083, 0.453785, 0, 0, 0.224951, 0.97437, 300, 100, 1),
(83429, 176584, 0, 139, 1700.73, -4765, 76.3736, 4.697, 0, 0, 0, 0, 2700, 100, 1),
(83430, 176584, 0, 139, 2345.27, -4688.18, 75.9803, 3.35105, 0, 0, -0.994521, 0.104536, 2700, 100, 1),
(83431, 176584, 0, 139, 3140.29, -4099, 98.757, 1.493, 0, 0, 0, 0, 2700, 100, 1),
(83432, 176584, 0, 139, 2067.86, -3384, 112.214, 5.848, 0, 0, 0, 0, 2700, 100, 1),
(83433, 176584, 0, 139, 1615.84, -3500, 128.418, 4.497, 0, 0, 0, 0, 2700, 100, 1),
(83434, 176584, 0, 139, 1672.36, -3018, 76.8817, 2.11, 0, 0, 0, 0, 2700, 100, 1),
(83435, 176584, 0, 139, 2851.98, -4945, 107.411, 3.739, 0, 0, 0, 0, 2700, 100, 1),
(83436, 176584, 0, 139, 2849.36, -4952, 107.814, 3.649, 0, 0, 0, 0, 2700, 100, 1),
(83437, 176584, 0, 139, 1675.74, -4981.45, 79.0261, 3.28124, 0, 0, -0.997563, 0.0697661, 300, 100, 1),
(83438, 176584, 0, 139, 2006.54, -5191.45, 81.064, 3.50812, 0, 0, -0.983254, 0.182238, 300, 100, 1),
(83439, 176584, 0, 139, 2061.53, -3678, 132.501, 6.198, 0, 0, 0, 0, 2700, 100, 1),
(83440, 176584, 0, 139, 2062.39, -3672, 133.503, 6.143, 0, 0, 0, 0, 2700, 100, 1),
(83441, 176584, 0, 139, 1950.77, -3732.88, 127.524, 5.18363, 0, 0, -0.522498, 0.85264, 300, 100, 1),
(83442, 176584, 0, 139, 2395.27, -4220, 89.099, 3.594, 0, 0, 0, 0, 2700, 100, 1),
(83443, 176584, 0, 139, 2397.89, -4225, 89.296, 3.594, 0, 0, 0, 0, 2700, 100, 1),
(83444, 176584, 0, 139, 3137.1, -4092, 99.024, 0.896, 0, 0, 0, 0, 2700, 100, 1),
(83445, 176584, 0, 139, 1603.54, -5470.75, 101.257, 0.699, 0, 0, 0, 0, 2700, 100, 1),
(83446, 176584, 0, 139, 2771.42, -4705, 77.951, 0.523, 0, 0, 0, 0, 2700, 100, 1),
(83447, 176584, 0, 139, 2859.3, -4750, 84.099, 0.189, 0, 0, 0, 0, 2700, 100, 1),
(83448, 176584, 0, 139, 3140.52, -4021, 103.916, 1.01, 0, 0, 0, 0, 2700, 100, 1),
(83449, 176584, 0, 139, 1812.78, -4592, 73.611, 5.227, 0, 0, 0, 0, 2700, 100, 1),
(83450, 176584, 0, 139, 2525.64, -4791, 106.753, 5.133, 0, 0, 0, 0, 2700, 100, 1),
(83451, 176584, 0, 139, 2793.19, -3303, 96.064, 4.859, 0, 0, 0, 0, 2700, 100, 1),
(83452, 176584, 0, 139, 1530.96, -3626, 92.968, 6.029, 0, 0, 0, 0, 2700, 100, 1),
(83453, 176584, 0, 139, 1877.83, -3462, 108.737, 3.233, 0, 0, 0, 0, 2700, 100, 1),
(83454, 176584, 0, 139, 2806.39, -3987, 103.278, 1.611, 0, 0, 0, 0, 2700, 100, 1),
(83455, 176584, 0, 139, 1886.58, -3537.26, 110.21, 3.35105, 0, 0, -0.994521, 0.104536, 300, 100, 1),
(83456, 176584, 0, 139, 2789.93, -4104.28, 99.2775, 1.3439, 0, 0, 0.622514, 0.782609, 300, 100, 1),
(83457, 176584, 0, 139, 2946.2, -2882, 100.501, 0.924, 0, 0, 0, 0, 2700, 100, 1),
(83458, 176584, 0, 139, 1539.05, -3623, 95.457, 3.147, 0, 0, 0, 0, 2700, 100, 1),
(83459, 176584, 0, 139, 2086.34, -4132, 77.165, 4.293, 0, 0, 0, 0, 2700, 100, 1),
(83460, 176584, 0, 139, 1759.41, -5350, 77.84, 0.314, 0, 0, 0, 0, 2700, 100, 1),
(83461, 176584, 0, 139, 1608.94, -5453, 99.597, 0.699, 0, 0, 0, 0, 2700, 100, 1),
(83462, 176584, 0, 139, 2141.82, -3830, 149.259, 0.476, 0, 0, 0, 0, 2700, 100, 1),
(83463, 176584, 0, 139, 1773.09, -4107.52, 99.4197, 1.6057, 0, 0, 0.719339, 0.694659, 300, 100, 1),
(83464, 176584, 0, 139, 2027.05, -5036, 74.6067, 6.071, 0, 0, 0, 0, 2700, 100, 1),
(83465, 176584, 0, 139, 1714.05, -4434, 74.09, 0.801, 0, 0, 0, 0, 2700, 100, 1),
(83466, 176584, 0, 139, 2824.62, -3870, 103.519, 1.579, 0, 0, 0, 0, 2700, 100, 1),
(83467, 176584, 0, 139, 2753.56, -3970, 98.795, 3.971, 0, 0, 0, 0, 2700, 100, 1),
(83468, 176584, 0, 139, 2749.02, -3977, 96.791, 4.081, 0, 0, 0, 0, 2700, 100, 1),
(83469, 176584, 0, 139, 2839.3, -3883, 106.737, 1.3439, 0, 0, 0.622514, 0.782609, 300, 100, 1),
(83470, 176584, 0, 139, 1920.04, -5007, 76.3724, 4.457, 0, 0, 0, 0, 2700, 100, 1),
(83471, 176584, 0, 139, 2082.1, -3726, 132.041, 5.432, 0, 0, 0, 0, 2700, 100, 1),
(83472, 176584, 0, 139, 2409.06, -5130, 82.811, 0.987, 0, 0, 0, 0, 2700, 100, 1),
(83473, 176584, 0, 139, 2403.86, -5118, 82.129, 4.847, 0, 0, 0, 0, 2700, 100, 1),
(83474, 176584, 0, 139, 2359.14, -4884, 79.503, 2.023, 0, 0, 0, 0, 2700, 100, 1),
(83475, 176584, 0, 139, 2390.77, -5082.78, 79.6235, 3.49067, 0, 0, -0.984807, 0.173652, 300, 100, 1),
(83476, 176584, 0, 139, 2066.79, -3799.68, 133.023, 0.733038, 0, 0, 0.358368, 0.93358, 300, 100, 1),
(83477, 176584, 0, 139, 1934.01, -3447, 109.343, 3.39, 0, 0, 0, 0, 2700, 100, 1),
(83478, 176584, 0, 139, 2282.73, -4875.34, 101.072, 0.95993, 0, 0, 0.461748, 0.887011, 300, 100, 1),
(83479, 176584, 0, 139, 2390.42, -4222, 91.462, 3.598, 0, 0, 0, 0, 2700, 100, 1),
(83480, 176584, 0, 139, 2386.19, -5174.74, 74.0617, 0.349065, 0, 0, 0.173648, 0.984808, 300, 100, 1),
(83481, 176584, 0, 139, 1850, -4281.62, 86.9686, 3.4034, 0, 0, -0.991445, 0.130528, 300, 100, 1),
(83482, 176584, 0, 139, 1878.28, -4879.28, 98.8299, 2.9845, 0, 0, 0.996917, 0.0784664, 300, 100, 1),
(83483, 176587, 0, 139, 2711.4, -5372, 157.896, 0.016, 0, 0, 0, 0, 2700, 100, 1),
(83484, 176587, 0, 139, 1892.19, -3439, 108.297, 2.526, 0, 0, 0, 0, 2700, 100, 1),
(83485, 176587, 0, 139, 1885.18, -3529, 109.564, 5.084, 0, 0, 0, 0, 2700, 100, 1),
(83486, 176587, 0, 139, 2036.91, -3401, 108.593, 5.292, 0, 0, 0, 0, 2700, 100, 1),
(83487, 176587, 0, 139, 2275.28, -4110, 76.796, 0.357, 0, 0, 0, 0, 2700, 100, 1),
(83488, 176587, 0, 139, 2402.32, -4097, 79.521, 5.706, 0, 0, 0, 0, 2700, 100, 1),
(83489, 176587, 0, 139, 2675.81, -4264, 100.124, 0.224, 0, 0, 0, 0, 2700, 100, 1),
(83490, 176587, 0, 139, 2134.07, -2704, 77.601, 1.461, 0, 0, 0, 0, 2700, 100, 1),
(83491, 176587, 0, 139, 2069.77, -3975, 129.482, 4.768, 0, 0, 0, 0, 2700, 100, 1),
(83492, 176587, 0, 139, 3146.08, -3666, 133.92, 5.378, 0, 0, 0, 0, 2700, 100, 1),
(83493, 176587, 0, 139, 2061.74, -3906, 129.291, 4.796, 0, 0, 0, 0, 2700, 100, 1),
(83494, 176587, 0, 139, 1716.82, -4897, 89.018, 2.941, 0, 0, 0, 0, 2700, 100, 1),
(83495, 176587, 0, 139, 1684.71, -4805, 86.316, 0.238, 0, 0, 0, 0, 2700, 100, 1),
(83496, 176587, 0, 139, 1782.65, -4221.37, 88.5097, 0.139624, 0, 0, 0.0697556, 0.997564, 2700, 100, 1),
(83497, 176587, 0, 139, 2455.48, -3753, 177.711, 5.111, 0, 0, 0, 0, 2700, 100, 1),
(83498, 176587, 0, 139, 2495.23, -4580.06, 78.383, 4.10152, 0, 0, -0.887011, 0.461749, 2700, 100, 1),
(83499, 176587, 0, 139, 2495.72, -3796, 177.524, 6.072, 0, 0, 0, 0, 2700, 100, 1),
(83500, 176587, 0, 139, 1711.95, -3935.51, 130.9, 4.55531, 0, 0, -0.760406, 0.649449, 2700, 100, 1),
(83501, 176587, 0, 139, 2793.64, -4069, 99.7982, 1.61, 0, 0, 0, 0, 2700, 100, 1),
(83502, 176587, 0, 139, 3101.71, -4752, 96.449, 0.901, 0, 0, 0, 0, 2700, 100, 1),
(83503, 176587, 0, 139, 2155.53, -3221, 108.954, 1.166, 0, 0, 0, 0, 2700, 100, 1),
(83504, 176587, 0, 139, 2798.18, -4600, 92.801, 3.113, 0, 0, 0, 0, 2700, 100, 1),
(83505, 176587, 0, 139, 2891.75, -3801, 111.713, 1.111, 0, 0, 0, 0, 2700, 100, 1),
(83506, 176587, 0, 139, 2751.39, -3406, 91.777, 3.185, 0, 0, 0, 0, 2700, 100, 1),
(83507, 176587, 0, 139, 2548.72, -4492, 79.106, 0.662, 0, 0, 0, 0, 2700, 100, 1),
(83508, 176587, 0, 139, 2301.11, -3572, 156.924, 2.424, 0, 0, 0, 0, 2700, 100, 1),
(83509, 176587, 0, 139, 3027.74, -4200, 95.344, 2.503, 0, 0, 0, 0, 2700, 100, 1),
(83510, 176587, 0, 139, 3127.2, -3990, 107.658, 5.617, 0, 0, 0, 0, 2700, 100, 1),
(83511, 176587, 0, 139, 2769.84, -4221, 90.26, 6.28, 0, 0, 0, 0, 2700, 100, 1),
(83512, 176587, 0, 139, 2626.17, -4908, 81.2816, 5.429, 0, 0, 0, 0, 2700, 100, 1),
(83513, 176587, 0, 139, 2963.64, -2821, 107.31, 4.922, 0, 0, 0, 0, 2700, 100, 1),
(83514, 176587, 0, 139, 1892.99, -3260, 117.54, 0.354, 0, 0, 0, 0, 2700, 100, 1),
(83515, 176587, 0, 139, 2166.9, -4328, 75.174, 0.899, 0, 0, 0, 0, 2700, 100, 1),
(83516, 176587, 0, 139, 2045.94, -4671, 82.786, 0.137, 0, 0, 0, 0, 2700, 100, 1),
(83517, 176587, 0, 139, 2016.61, -4694.26, 91.7821, 5.44543, 0, 0, -0.406736, 0.913546, 2700, 100, 1),
(83518, 176587, 0, 139, 2792.07, -3959, 101.737, 0.951, 0, 0, 0, 0, 2700, 100, 1),
(83519, 176587, 0, 139, 2833.72, -4599, 90.298, 2.337, 0, 0, 0, 0, 2700, 100, 1),
(83520, 176587, 0, 139, 1744.05, -3014.99, 77.4633, 4.95674, 0, 0, -0.615661, 0.788011, 2700, 100, 1),
(83521, 176587, 0, 139, 1838.23, -3839, 133.121, 3.673, 0, 0, 0, 0, 2700, 100, 1),
(83522, 176587, 0, 139, 2276, -4284, 76.551, 0.975, 0, 0, 0, 0, 2700, 100, 1),
(83523, 176587, 0, 139, 2222.15, -4128, 81.766, 4.56, 0, 0, 0, 0, 2700, 100, 1),
(83524, 176587, 0, 139, 2228.63, -4086, 77.78, 0.253, 0, 0, 0, 0, 2700, 100, 1),
(83525, 176587, 0, 139, 3082.94, -3554.52, 132.872, 0.977383, 0, 0, 0.469471, 0.882948, 2700, 100, 1),
(83526, 176587, 0, 139, 3306.55, -4864, 166.41, 1.76, 0, 0, 0, 0, 2700, 100, 1),
(83527, 176587, 0, 139, 3153.13, -4333, 133.946, 5.097, 0, 0, 0, 0, 2700, 100, 1),
(83528, 176587, 0, 139, 2679.34, -5373, 156.926, 4.845, 0, 0, 0, 0, 2700, 100, 1),
(83529, 176587, 0, 139, 2215.04, -4682, 73.611, 2.626, 0, 0, 0, 0, 2700, 100, 1),
(83530, 176587, 0, 139, 1957.18, -5037, 77.5668, 0.246, 0, 0, 0, 0, 2700, 100, 1),
(83531, 176587, 0, 139, 2290.79, -3563, 154.691, 2.433, 0, 0, 0, 0, 2700, 100, 1),
(83532, 176587, 0, 139, 2283.99, -3557, 153.091, 1.638, 0, 0, 0, 0, 2700, 100, 1),
(83533, 176587, 0, 139, 2514.53, -3800, 177.666, 4.833, 0, 0, 0, 0, 2700, 100, 1),
(83534, 176587, 0, 139, 2975.76, -4996, 107.803, 3.396, 0, 0, 0, 0, 2700, 100, 1),
(83535, 176587, 0, 139, 2981.06, -5062, 119.306, 4.737, 0, 0, 0, 0, 2700, 100, 1),
(83536, 176587, 0, 139, 2850.42, -4733, 81.819, 2.386, 0, 0, 0, 0, 2700, 100, 1),
(83537, 176587, 0, 139, 1736.51, -4806, 84.391, 1.14, 0, 0, 0, 0, 2700, 100, 1),
(83538, 176587, 0, 139, 2840.09, -3176, 116.598, 0.729, 0, 0, 0, 0, 2700, 100, 1),
(83539, 176587, 0, 139, 1829.11, -5087, 79.6198, 4.229, 0, 0, 0, 0, 2700, 100, 1),
(83540, 176587, 0, 139, 3144.45, -3269, 156.355, 3.946, 0, 0, 0, 0, 2700, 100, 1),
(83541, 176587, 0, 139, 1646.8, -3432.92, 136.714, 5.51524, 0, 0, -0.374606, 0.927184, 2700, 100, 1),
(83542, 176587, 0, 139, 2806.89, -4928, 99.1707, 0.71, 0, 0, 0, 0, 2700, 100, 1),
(83543, 176587, 0, 139, 1572.97, -4612, 84.7745, 0.333, 0, 0, 0, 0, 2700, 100, 1),
(83544, 176587, 0, 139, 3113.36, -3062, 133.206, 0.437, 0, 0, 0, 0, 2700, 100, 1),
(83545, 176587, 0, 139, 2610.52, -4381, 80.126, 2.025, 0, 0, 0.848048, 0.529919, 2700, 100, 1),
(83546, 176587, 0, 139, 2929.8, -4792, 96.398, 2.792, 0, 0, 0, 0, 2700, 100, 1),
(83547, 176587, 0, 139, 2990.94, -4633, 93.585, 2.292, 0, 0, 0, 0, 2700, 100, 1),
(83548, 176587, 0, 139, 2830.1, -3547, 104.987, 1.61, 0, 0, 0, 0, 2700, 100, 1),
(83549, 176587, 0, 139, 3295.15, -4412, 108.612, 5.084, 0, 0, 0, 0, 2700, 100, 1),
(83550, 176587, 0, 139, 1774.09, -2863, 69.7042, 1.684, 0, 0, 0, 0, 2700, 100, 1),
(83551, 176587, 0, 139, 2664.03, -5553, 160.019, 1.756, 0, 0, 0, 0, 2700, 100, 1),
(83552, 176587, 0, 139, 3118.38, -3786, 129.899, 1.731, 0, 0, 0, 0, 2700, 100, 1),
(83553, 176587, 0, 139, 2729.51, -5498, 162.069, 3.977, 0, 0, 0, 0, 2700, 100, 1),
(83554, 176587, 0, 139, 2411.55, -4417, 74.548, 0.425, 0, 0, 0, 0, 2700, 100, 1),
(83555, 176587, 0, 139, 2492.78, -4269, 74.318, 4.379, 0, 0, 0, 0, 2700, 100, 1),
(83556, 176587, 0, 139, 1972.26, -4055, 89.087, 1.28, 0, 0, 0, 0, 2700, 100, 1),
(83557, 176587, 0, 139, 2259.37, -4485, 106.204, 3.157, 0, 0, 0, 0, 2700, 100, 1),
(83558, 176587, 0, 139, 1753.11, -4237, 84.617, 4.812, 0, 0, 0, 0, 2700, 100, 1),
(83559, 176587, 0, 139, 1796.65, -4172, 89.209, 1.827, 0, 0, 0, 0, 2700, 100, 1),
(83560, 176587, 0, 139, 1748.36, -4189, 86.073, 3.348, 0, 0, 0, 0, 2700, 100, 1),
(83561, 176587, 0, 139, 2057.21, -3654, 136.238, 6.212, 0, 0, 0, 0, 2700, 100, 1),
(83562, 176587, 0, 139, 1984.67, -3654, 120.145, 6.138, 0, 0, 0, 0, 2700, 100, 1),
(83563, 176587, 0, 139, 2687.92, -4089, 91.02, 5.076, 0, 0, 0, 0, 2700, 100, 1),
(83564, 176587, 0, 139, 2164.29, -2721, 76.308, 4.099, 0, 0, 0, 0, 2700, 100, 1),
(83565, 176587, 0, 139, 2132.27, -2819, 83.862, 4.865, 0, 0, 0, 0, 2700, 100, 1),
(83566, 176587, 0, 139, 2022.58, -3315, 107.021, 4.53, 0, 0, 0, 0, 2700, 100, 1),
(83567, 176587, 0, 139, 2109.11, -2822, 80.651, 3.092, 0, 0, 0, 0, 2700, 100, 1),
(83568, 176587, 0, 139, 2128.15, -2867, 82.74, 2.938, 0, 0, 0, 0, 2700, 100, 1),
(83569, 176587, 0, 139, 1925.24, -3836, 131.738, 4.681, 0, 0, 0, 0, 2700, 100, 1),
(83570, 176587, 0, 139, 2809.52, -3670, 104.671, 4.459, 0, 0, 0, 0, 2700, 100, 1),
(83571, 176587, 0, 139, 2891.95, -3795, 111.639, 1.679, 0, 0, 0, 0, 2700, 100, 1),
(83572, 176587, 0, 139, 3252.66, -4408, 108.984, 3.111, 0, 0, 0, 0, 2700, 100, 1),
(83573, 176587, 0, 139, 1587.5, -3069, 79.2, 0.117, 0, 0, 0, 0, 2700, 100, 1),
(83574, 176587, 0, 139, 3169.88, -4329, 133.426, 4.974, 0, 0, 0, 0, 2700, 100, 1),
(83575, 176587, 0, 139, 2352.38, -4991, 71.878, 0.925, 0, 0, 0, 0, 2700, 100, 1),
(83576, 176587, 0, 139, 3181.9, -3130.97, 154.537, 1.16937, 0, 0, 0.551936, 0.833886, 2700, 100, 1),
(83577, 176587, 0, 139, 2729.52, -4686, 77.912, 4.42, 0, 0, 0, 0, 2700, 100, 1),
(83578, 176587, 0, 139, 2752.12, -5372, 156.951, 0.016, 0, 0, 0, 0, 2700, 100, 1),
(83579, 176587, 0, 139, 1595.67, -4603, 77.7036, 1.393, 0, 0, 0, 0, 2700, 100, 1),
(83580, 176587, 0, 139, 1589.56, -4623, 80.5068, 1.448, 0, 0, 0, 0, 2700, 100, 1),
(83581, 176587, 0, 139, 1628.69, -3236, 83.344, 1.81, 0, 0, 0, 0, 2700, 100, 1),
(83582, 176587, 0, 139, 2937.21, -4304, 91.459, 5.517, 0, 0, 0, 0, 2700, 100, 1),
(83583, 176587, 0, 139, 3192.63, -4567, 109.122, 4.389, 0, 0, 0, 0, 2700, 100, 1),
(83584, 176587, 0, 139, 2445.49, -3636, 178.681, 5.387, 0, 0, 0, 0, 2700, 100, 1),
(83585, 176587, 0, 139, 2397.79, -3629, 180.768, 6.043, 0, 0, 0, 0, 2700, 100, 1),
(83586, 176587, 0, 139, 2413.13, -3681, 179.372, 5.141, 0, 0, 0, 0, 2700, 100, 1),
(83587, 176587, 0, 139, 2642.11, -4100, 83.732, 3.373, 0, 0, 0, 0, 2700, 100, 1),
(83588, 176587, 0, 139, 1744.53, -4333, 76.512, 1.893, 0, 0, 0, 0, 2700, 100, 1),
(83589, 176587, 0, 139, 2719.06, -4868.81, 88.9132, 1.43117, 0, 0, 0.656058, 0.75471, 2700, 100, 1),
(83590, 176587, 0, 139, 1992.25, -2986, 74.628, 0.516, 0, 0, 0, 0, 2700, 100, 1),
(83591, 176587, 0, 139, 3185.24, -3594, 146.069, 1.364, 0, 0, 0, 0, 2700, 100, 1),
(83592, 176587, 0, 139, 3022.86, -4054, 99.3934, 3.373, 0, 0, 0, 0, 2700, 100, 1),
(83593, 176587, 0, 139, 2820.08, -4228, 92.7629, 6.13, 0, 0, 0, 0, 2700, 100, 1),
(83594, 176587, 0, 139, 2239.62, -5264.17, 75.2423, 2.28638, 0, 0, 0.909961, 0.414694, 2700, 100, 1),
(83595, 176587, 0, 139, 2808.81, -5460, 159.028, 5.306, 0, 0, 0, 0, 2700, 100, 1),
(83596, 176587, 0, 139, 2737.51, -5489, 162.065, 0.415, 0, 0, 0, 0, 2700, 100, 1),
(83597, 176587, 0, 139, 2858.61, -3016, 102.331, 4.919, 0, 0, 0, 0, 2700, 100, 1),
(83598, 176587, 0, 139, 2840.86, -3167, 116.221, 6.274, 0, 0, 0, 0, 2700, 100, 1),
(83599, 176587, 0, 139, 1680.81, -3853.04, 133.434, 0.733038, 0, 0, 0.358368, 0.93358, 300, 100, 1),
(83600, 176587, 0, 139, 2832.67, -4743.53, 77.3118, 0.471238, 0, 0, 0.233445, 0.97237, 300, 100, 1),
(83601, 176587, 0, 139, 3411.95, -4953.78, 164.461, 4.08407, 0, 0, -0.891006, 0.453991, 300, 100, 1),
(83602, 176587, 0, 139, 1577.75, -4618.21, 85.1723, 1.98967, 0, 0, 0.83867, 0.54464, 300, 100, 1),
(83603, 176587, 0, 139, 1626.86, -3243.33, 85.542, 2.00713, 0, 0, 0.843391, 0.5373, 300, 100, 1),
(83604, 176587, 0, 139, 1852.03, -3815.96, 136.994, 1.0821, 0, 0, 0.515038, 0.857168, 300, 100, 1),
(83605, 176587, 0, 139, 2483.69, -4265.49, 74.3489, 1.62316, 0, 0, 0.725374, 0.688355, 300, 100, 1),
(83606, 176587, 0, 139, 3021.44, -4038.53, 103.952, 2.74016, 0, 0, 0.979924, 0.19937, 300, 100, 1),
(83607, 176587, 0, 139, 3113.64, -3780.52, 130.505, 2.79252, 0, 0, 0.984807, 0.173652, 300, 100, 1),
(83608, 176587, 0, 139, 2158.7, -4345.31, 75.9694, 2.67035, 0, 0, 0.972369, 0.233448, 300, 100, 1),
(83609, 176587, 0, 139, 1744.66, -4339.93, 77.6948, 6.21337, 0, 0, -0.0348988, 0.999391, 300, 100, 1),
(83610, 176587, 0, 139, 1878.36, -4847.95, 107.496, 3.73501, 0, 0, -0.956305, 0.292372, 300, 100, 1),
(83611, 176587, 0, 139, 1649.55, -3722.11, 119.535, 1.46608, 0, 0, 0.66913, 0.743145, 300, 100, 1),
(83612, 176587, 0, 139, 1960.5, -5018.98, 76.7022, 0.663223, 0, 0, 0.325567, 0.945519, 300, 100, 1),
(83613, 176587, 0, 139, 2020.2, -3652.82, 128.096, 2.53072, 0, 0, 0.953716, 0.300708, 300, 100, 1),
(83614, 176587, 0, 139, 2274.09, -4297.45, 74.1448, 5.58505, 0, 0, -0.34202, 0.939693, 300, 100, 1),
(83615, 176587, 0, 139, 3192.28, -3585.68, 146.257, 4.59022, 0, 0, -0.748956, 0.66262, 300, 100, 1),
(83616, 176587, 0, 139, 3236.68, -4728.21, 157.185, 2.74016, 0, 0, 0.979924, 0.19937, 300, 100, 1),
(83617, 176587, 0, 139, 2453.32, -3760.32, 177.514, 2.54818, 0, 0, 0.956305, 0.292372, 300, 100, 1),
(83618, 176587, 0, 139, 2067.59, -3926.66, 133.094, 4.20625, 0, 0, -0.861629, 0.507539, 300, 100, 1),
(83619, 176587, 0, 139, 2815.06, -5441.11, 158.186, 1.0821, 0, 0, 0.515038, 0.857168, 300, 100, 1),
(83620, 176587, 0, 139, 2645, -5522.47, 158.436, 0.349065, 0, 0, 0.173648, 0.984808, 300, 100, 1),
(83621, 176587, 0, 139, 2727.14, -5479.72, 161.22, 2.00713, 0, 0, 0.843391, 0.5373, 300, 100, 1),
(83622, 176587, 0, 139, 2689.53, -5363.66, 157.824, 0.942477, 0, 0, 0.45399, 0.891007, 300, 100, 1),
(83623, 176587, 0, 139, 1784.86, -4176.54, 86.9041, 0.663223, 0, 0, 0.325567, 0.945519, 300, 100, 1),
(83624, 176587, 0, 139, 2818.86, -4592.9, 90.6468, 4.59022, 0, 0, -0.748956, 0.66262, 300, 100, 1),
(83625, 176587, 0, 139, 1708.37, -4802.04, 84.4106, 5.61996, 0, 0, -0.325567, 0.945519, 300, 100, 1),
(83626, 176587, 0, 139, 2758.57, -5373.56, 156.996, 3.6652, 0, 0, -0.965925, 0.258821, 300, 100, 1),
(83627, 176587, 0, 139, 2009.09, -2985.9, 77.9653, 2.53072, 0, 0, 0.953716, 0.300708, 300, 100, 1),
(83628, 176587, 0, 139, 2453.53, -3656.75, 177.802, 5.35816, 0, 0, -0.446198, 0.894935, 300, 100, 1),
(83629, 176587, 0, 139, 2115.63, -4873.79, 74.8908, 1.50098, 0, 0, 0.681998, 0.731354, 300, 100, 1),
(83630, 176587, 0, 139, 2937.81, -4292.18, 90.3692, 5.25344, 0, 0, -0.492423, 0.870356, 300, 100, 1),
(83631, 176587, 0, 139, 2147.51, -2717.23, 74.2392, 0.837757, 0, 0, 0.406736, 0.913546, 300, 100, 1),
(83632, 142142, 0, 139, 2016.28, -3784.13, 129.389, 2.80998, 0, 0, 0.986285, 0.16505, 300, 100, 1),
(83633, 142142, 0, 139, 3052.8, -2893.76, 109.784, 2.3911, 0, 0, 0.930417, 0.366502, 300, 100, 1),
(83634, 142142, 0, 139, 2863.05, -3118.23, 105.874, 4.60767, 0, 0, -0.743144, 0.669131, 300, 100, 1),
(83635, 142142, 0, 139, 2317.71, -4236.85, 98.6486, 0.0523589, 0, 0, 0.0261765, 0.999657, 300, 100, 1),
(83636, 176587, 0, 139, 2019.04, -4695.94, 91.3082, 2.9496, 0, 0, 0.995396, 0.0958512, 300, 100, 1),
(83637, 142141, 0, 139, 2277.96, -4737.99, 95.8844, 0.959931, 0, 0, 0.461749, 0.887011, 2700, 100, 1),
(83638, 176587, 0, 139, 2206.71, -4689.75, 74.457, -2.44346, 0, 0, 0.939693, -0.34202, 2700, 100, 1),
(83639, 176583, 0, 139, 1964.47, -4535.95, 74.9133, 0.890118, 0, 0, 0.430511, 0.902585, 2700, 100, 1),
(83640, 176584, 0, 139, 1846.72, -4646.22, 82.071, -0.977384, 0, 0, 0.469472, -0.882948, 2700, 100, 1),
(83641, 176584, 0, 139, 1688.96, -4419.48, 84.7388, 0.523599, 0, 0, 0.258819, 0.965926, 2700, 100, 1),
(83642, 142141, 0, 139, 1616.92, -3934.26, 146.298, -0.733038, 0, 0, 0.358368, -0.93358, 2700, 100, 1),
(83643, 176584, 0, 139, 1602.15, -3616.62, 105.538, 2.51327, 0, 0, 0.951057, 0.309017, 2700, 100, 1),
(83644, 142141, 0, 139, 1651.41, -3497.05, 131.833, 0.191986, 0, 0, 0.095846, 0.995396, 2700, 100, 1),
(83645, 1628, 0, 139, 1592.48, -3265.5, 67.0181, -0.139626, 0, 0, 0.069756, -0.997564, 1800, 100, 1),
(83646, 142141, 0, 139, 1986, -4740.94, 97.6036, 4.24115, 0, 0, -0.85264, 0.522499, 300, 100, 1),
(83647, 142141, 0, 139, 1924.72, -4990.11, 75.2966, 1.81514, 0, 0, 0.788011, 0.615662, 300, 100, 1),
(83648, 1628, 0, 139, 1602.21, -3239.35, 66.8794, 4.46804, 0, 0, -0.788011, 0.615662, 300, 100, 1),
(83649, 1628, 0, 139, 1619.87, -3271.2, 88.1834, 4.86947, 0, 0, -0.649447, 0.760406, 300, 100, 1),
(83650, 176586, 0, 139, 1799.07, -4340.02, 101.96, 1.5708, 0, 0, 0.707107, 0.707107, 2700, 100, 1),
(83651, 142142, 0, 139, 1845.25, -4381.79, 97.4889, -1.51844, 0, 0, 0.688354, -0.725374, 2700, 100, 1),
(83652, 176587, 0, 139, 1882.59, -4541.19, 82.5564, 0.558505, 0, 0, 0.275637, 0.961262, 2700, 100, 1),
(83653, 176586, 0, 139, 2372.58, -5299.3, 95.3673, 2.3911, 0, 0, 0.930418, 0.366501, 2700, 100, 1),
(83654, 176583, 0, 139, 2536.31, -4813.06, 105.719, 2.84489, 0, 0, 0.989016, 0.147809, 2700, 100, 1),
(83655, 176587, 0, 139, 1855.35, -4576.7, 79.0182, 5.2709, 0, 0, -0.484809, 0.87462, 300, 100, 1),
(83656, 176587, 0, 139, 2864.59, -3011.77, 102.675, 0.715585, 0, 0, 0.350207, 0.936672, 2700, 100, 1),
(83657, 176586, 0, 139, 3044.06, -4542.72, 135.107, 1.36136, 0, 0, 0.62932, 0.777146, 2700, 100, 1),
(83658, 176584, 0, 139, 3103.35, -4156.78, 96.6142, -1.55334, 0, 0, 0.700909, -0.71325, 2700, 100, 1),
(83659, 142141, 0, 139, 2027.98, -3431.85, 109.943, 0.436332, 0, 0, 0.21644, 0.976296, 2700, 100, 1),
(83660, 176584, 0, 139, 3137.76, -2946.87, 121.373, 0.663225, 0, 0, 0.325568, 0.945519, 2700, 100, 1),
(83661, 176587, 0, 139, 1712.41, -4910.69, 88.1443, 2.3911, 0, 0, 0.930418, 0.366501, 2700, 100, 1),
(83662, 142142, 0, 139, 2581.95, -4586.84, 83.667, 2.25148, 0, 0, 0.902585, 0.430511, 2700, 100, 1),
(83663, 176584, 0, 139, 2099.18, -2798.86, 79.4446, -0.925024, 0, 0, 0.446198, -0.894934, 2700, 100, 1),
(83664, 176587, 0, 139, 2687.42, -4252.07, 97.2032, 2.94961, 0, 0, 0.995396, 0.095846, 2700, 100, 1),
(83665, 176584, 0, 139, 2330.51, -4407.83, 96.5121, -1.8675, 0, 0, 0.803857, -0.594823, 2700, 100, 1),
(83666, 176587, 0, 139, 2248.66, -4084.08, 77.1973, 0.10472, 0, 0, 0.052336, 0.99863, 2700, 100, 1),
(83667, 176587, 0, 139, 2285.63, -4489.29, 100.796, -1.27409, 0, 0, 0.594823, -0.803857, 2700, 100, 1),
(83668, 142141, 0, 139, 2087.21, -3983.61, 130.583, -0.802851, 0, 0, 0.390731, -0.920505, 2700, 100, 1),
(83669, 176586, 0, 139, 2486.02, -5229.42, 89.0458, 2.98451, 0, 0, 0.996917, 0.078459, 2700, 100, 1),
(83670, 176586, 0, 139, 3303.08, -3117.53, 167.973, 1.32645, 0, 0, 0.615662, 0.788011, 2700, 100, 1),
(83671, 176587, 0, 139, 3173.16, -4317.57, 125.094, -1.11701, 0, 0, 0.529919, -0.848048, 2700, 100, 1),
(83672, 176587, 0, 139, 2121.78, -2811.04, 81.9509, 1.0821, 0, 0, 0.515038, 0.857167, 2700, 100, 1),
(83673, 176584, 0, 139, 1931.42, -3334.11, 108.27, 1.65806, 0, 0, 0.737277, 0.67559, 2700, 100, 1),
(83674, 142142, 0, 139, 2899.04, -2948.18, 102.165, 2.00713, 0, 0, 0.843391, 0.5373, 2700, 100, 1),
(83675, 142141, 0, 139, 2903.33, -5060.41, 110.633, 2.49582, 0, 0, 0.948324, 0.317305, 2700, 100, 1),
(83676, 176583, 0, 139, 3183.81, -4648.79, 115.482, -2.89725, 0, 0, 0.992546, -0.121869, 2700, 100, 1),
(83677, 176586, 0, 139, 2197.89, -3384.63, 170.525, 2.21657, 0, 0, 0.894934, 0.446198, 2700, 100, 1),
(83678, 176586, 0, 139, 1738.77, -5557.74, 118.974, 0.436332, 0, 0, 0.21644, 0.976296, 2700, 100, 1),
(83679, 176586, 0, 139, 2592.11, -3777.34, 192.67, -0.401426, 0, 0, 0.199368, -0.979925, 2700, 100, 1),
(83680, 142141, 0, 139, 2929.91, -4735.68, 91.4919, 4.46804, 0, 0, -0.788011, 0.615662, 300, 100, 1),
(83681, 176587, 0, 139, 2832.29, -3181.75, 116.206, 0.436332, 0, 0, 0.21644, 0.976296, 2700, 100, 1),
(83682, 176584, 0, 139, 2159.88, -4183.56, 75.3865, -0.244346, 0, 0, 0.121869, -0.992546, 2700, 100, 1),
(83683, 176587, 0, 139, 3079.81, -4751.75, 96.9671, 1.41372, 0, 0, 0.649448, 0.760406, 2700, 100, 1),
(83684, 176586, 0, 139, 2685.68, -4345.66, 144.185, -1.20428, 0, 0, 0.566406, -0.824126, 2700, 100, 1),
(83685, 176586, 0, 139, 1609.7, -5213.33, 92.6051, -1.39626, 0, 0, 0.642788, -0.766044, 2700, 100, 1),
(83686, 176584, 0, 139, 1684.28, -5542.05, 102.382, -1.53589, 0, 0, 0.694658, -0.71934, 2700, 100, 1),
(83687, 142142, 0, 139, 1948.3, -3384.17, 103.864, -1.6057, 0, 0, 0.71934, -0.694658, 2700, 100, 1),
(83688, 176584, 0, 139, 2104.34, -3477.04, 115.704, 0, 0, 0, 0, 1, 2700, 100, 1),
(83689, 176587, 0, 139, 2813.54, -4918.73, 101.453, -1.8675, 0, 0, 0.803857, -0.594823, 2700, 100, 1),
(83690, 176583, 0, 139, 1587.83, -5417.1, 75.4493, 0.541052, 0, 0, 0.267238, 0.96363, 2700, 100, 1),
(83691, 176587, 0, 139, 2035.5, -3416.72, 110.1, 1.97222, 0, 0, 0.833886, 0.551937, 2700, 100, 1),
(83692, 142141, 0, 139, 2748.95, -3899.36, 96.998, 1.22173, 0, 0, 0.573576, 0.819152, 2700, 100, 1),
(83693, 142141, 0, 139, 2887.04, -3766.36, 112.598, 3.50812, 0, 0, -0.983254, 0.182238, 300, 100, 1),
(83694, 176587, 0, 139, 2142.95, -2875.18, 88.9537, 2.70526, 0, 0, 0.976296, 0.21644, 2700, 100, 1),
(83695, 176583, 0, 139, 2433.27, -4630.52, 64.1854, 2.56563, 0, 0, 0.95882, 0.284015, 2700, 100, 1),
(83696, 142141, 0, 139, 3010.58, -3385.03, 147.425, 2.1293, 0, 0, 0.87462, 0.48481, 2700, 100, 1),
(83697, 176587, 0, 139, 2889.89, -3784.17, 112.466, -0.785398, 0, 0, 0.382683, -0.92388, 2700, 100, 1),
(83698, 142142, 0, 139, 2182.69, -3987.18, 124.955, -0.645772, 0, 0, 0.317305, -0.948324, 2700, 100, 1),
(83699, 176587, 0, 139, 2052.15, -5148.68, 81.0545, 0.837758, 0, 0, 0.406737, 0.913545, 2700, 100, 1),
(83700, 176587, 0, 139, 2384, -3656.2, 178.143, 0.750492, 0, 0, 0.366501, 0.930418, 2700, 100, 1),
(83701, 176583, 0, 139, 1575.04, -3276.92, 89.2958, -1.53589, 0, 0, 0.694658, -0.71934, 2700, 100, 1),
(83702, 142141, 0, 139, 3192.78, -3243.9, 153.666, 5.16618, 0, 0, -0.529919, 0.848048, 300, 100, 1),
(83703, 142141, 0, 139, 3305.3, -3724.89, 156.091, 2.21657, 0, 0, 0.894934, 0.446199, 300, 100, 1),
(83704, 142141, 0, 139, 3196.24, -3516.36, 149.184, 5.00909, 0, 0, -0.594823, 0.803857, 300, 100, 1),
(83705, 176587, 0, 139, 2642.47, -5431.1, 157.232, -0.942478, 0, 0, 0.453991, -0.891006, 2700, 100, 1),
(83706, 176587, 0, 139, 2777.31, -3226.03, 105.933, 2.46091, 0, 0, 0.942641, 0.333808, 300, 100, 1),
(83707, 176586, 0, 139, 2245.04, -3049.81, 123.527, 5.79449, 0, 0, -0.241921, 0.970296, 300, 100, 1),
(83708, 176586, 0, 139, 2223.48, -4782.46, 113.655, 5.13127, 0, 0, -0.544639, 0.838671, 300, 100, 1),
(83709, 176586, 0, 139, 2025.9, -2715.96, 96.1808, 2.19911, 0, 0, 0.891006, 0.453991, 300, 100, 1),
(83710, 176586, 0, 139, 2577.55, -5107.67, 100.779, 1.16937, 0, 0, 0.551936, 0.833886, 300, 100, 1),
(83711, 176586, 0, 139, 2617.73, -4813.42, 113.094, 6.14356, 0, 0, -0.0697556, 0.997564, 300, 100, 1),
(83712, 176586, 0, 139, 2621.44, -5555.54, 171.376, 4.83456, 0, 0, -0.66262, 0.748956, 300, 100, 1),
(83713, 176586, 0, 139, 2249.72, -4420.42, 132.854, 4.50295, 0, 0, -0.777145, 0.629321, 300, 100, 1),
(83714, 176586, 0, 139, 2631.87, -5314.69, 168.59, 1.51844, 0, 0, 0.688354, 0.725374, 300, 100, 1),
(83715, 176586, 0, 139, 2626.87, -5270.43, 135.877, 1.95477, 0, 0, 0.829038, 0.559193, 300, 100, 1),
(83716, 176586, 0, 139, 2421.2, -3861.51, 206.033, 3.22886, 0, 0, -0.999048, 0.0436193, 300, 100, 1),
(83717, 176586, 0, 139, 2487.21, -3614.84, 188.068, 5.14872, 0, 0, -0.537299, 0.843392, 300, 100, 1),
(83718, 176586, 0, 139, 2866.6, -5421.66, 173.446, 2.02458, 0, 0, 0.848047, 0.529921, 300, 100, 1),
(83719, 176586, 0, 139, 2682.23, -3537.49, 129.73, 4.04917, 0, 0, -0.898793, 0.438373, 300, 100, 1);

-- Western Plaguelands
DELETE FROM `pool_gameobject` WHERE `pool_entry` IN (954);
DELETE FROM `pool_template` WHERE `entry` IN (954);
DELETE FROM `gameobject` WHERE `guid` IN (15948,15950,15951,15952,15959,15961,15963,15966,15967,15968,15969,15970,15971,15972,15975,15979,15980,15982,15983,15986,15987,15988,15990,15992,15994,15996,15998,15999,16002,16003,16005,16007,16008,16011,16013,16015,16019,16021,16022,16063,16205,16233,16236,16264,19260,19261,19272,19273,19288,19294,19311,19327,19332,19333,19352,19359,19418,19446,19489,19490,19529,19530,19544,19581,19582,19583,19612,19632,19633,19649,19686,19873,19882,19883,19884,19885,19886,19887,19895,19898,19899,19902,19903,19911,19912,19913,19914,19916,19925,19929,19932,19933,19934,19940,19941,19942,19944,19946,19947,19948,19956,19969,19975,19979,19980,19992,19994,19999,20000,20001,20002,20010,20011,20012,20014,20015,20016,20017,20018,20025,20027,20028,20030,20047,20051,20069,20070,20071,20073,20081,20083,20089,20091,20096,20103,20104,20108,20109,20119,20120,20128,32206,32208,45469,45471,45472,45473,45474,45475,45477,45478,45537,45538,45539,45540,45541,45542,45543,45544,45545,45546,45555,45557,45558,45559,61979,61984,61985,61988,61989,61994,62002,62003,62032,62177,62202,62277,62289,62293,62295,62297,62345,62347,62349,62372,62460,63599,63608,63611,63626,63627,63628,63658,63665,63683,63689,63691,63697,63699,63708,63709,63711,63713,63719,63722,63724,63725,65285,65286,86079,86081,86084,86088,86414,86415,86417,86441,86467,86473,86474,87174,87175,87176,87314,87457);

-- Vmangos pools: (427,1258,1259,1260,1261);
DELETE FROM `pool_template` WHERE `entry` BETWEEN 598 AND 602;
INSERT INTO `pool_template` (`entry`, `max_limit`, `description`) VALUES
(598, 2, 'Mountain Silversage in Western Plaguelands'),
(599, 12, 'Plaguebloom in Western Plaguelands'),
(600, 12, 'Arthas Tears in Western Plaguelands'),
(601, 6, 'Dreamfoil in Western Plaguelands'),
(602, 3, 'Sungrass in Western Plaguelands');

DELETE FROM `pool_gameobject` WHERE `guid` BETWEEN 83720 AND 83928;
INSERT INTO `pool_gameobject` (`guid`, `pool_entry`, `chance`, `description`) VALUES 
(83720, 600, 0, 'Arthas\' Tears'),
(83721, 600, 0, 'Arthas\' Tears'),
(83722, 600, 0, 'Arthas\' Tears'),
(83723, 600, 0, 'Arthas\' Tears'),
(83724, 600, 0, 'Arthas\' Tears'),
(83725, 600, 0, 'Arthas\' Tears'),
(83726, 600, 0, 'Arthas\' Tears'),
(83727, 600, 0, 'Arthas\' Tears'),
(83728, 600, 0, 'Arthas\' Tears'),
(83729, 600, 0, 'Arthas\' Tears'),
(83730, 600, 0, 'Arthas\' Tears'),
(83731, 600, 0, 'Arthas\' Tears'),
(83732, 600, 0, 'Arthas\' Tears'),
(83733, 600, 0, 'Arthas\' Tears'),
(83734, 600, 0, 'Arthas\' Tears'),
(83735, 600, 0, 'Arthas\' Tears'),
(83736, 600, 0, 'Arthas\' Tears'),
(83737, 600, 0, 'Arthas\' Tears'),
(83738, 600, 0, 'Arthas\' Tears'),
(83739, 600, 0, 'Arthas\' Tears'),
(83740, 600, 0, 'Arthas\' Tears'),
(83741, 600, 0, 'Arthas\' Tears'),
(83742, 600, 0, 'Arthas\' Tears'),
(83743, 600, 0, 'Arthas\' Tears'),
(83744, 600, 0, 'Arthas\' Tears'),
(83745, 600, 0, 'Arthas\' Tears'),
(83746, 600, 0, 'Arthas\' Tears'),
(83747, 600, 0, 'Arthas\' Tears'),
(83748, 600, 0, 'Arthas\' Tears'),
(83749, 600, 0, 'Arthas\' Tears'),
(83750, 600, 0, 'Arthas\' Tears'),
(83751, 600, 0, 'Arthas\' Tears'),
(83752, 600, 0, 'Arthas\' Tears'),
(83753, 600, 0, 'Arthas\' Tears'),
(83754, 600, 0, 'Arthas\' Tears'),
(83755, 600, 0, 'Arthas\' Tears'),
(83756, 600, 0, 'Arthas\' Tears'),
(83757, 600, 0, 'Arthas\' Tears'),
(83758, 600, 0, 'Arthas\' Tears'),
(83759, 600, 0, 'Arthas\' Tears'),
(83760, 602, 0, 'Sungrass'),
(83761, 602, 0, 'Sungrass'),
(83762, 602, 0, 'Sungrass'),
(83763, 602, 0, 'Sungrass'),
(83764, 602, 0, 'Sungrass'),
(83765, 601, 0, 'Dreamfoil'),
(83766, 600, 0, 'Arthas Tears'),
(83767, 600, 0, 'Arthas Tears'),
(83768, 600, 0, 'Arthas Tears'),
(83769, 600, 0, 'Arthas Tears'),
(83770, 600, 0, 'Arthas Tears'),
(83771, 600, 0, 'Arthas Tears'),
(83772, 600, 0, 'Arthas Tears'),
(83773, 600, 0, 'Arthas Tears'),
(83774, 600, 0, 'Arthas Tears'),
(83775, 601, 0, 'Dreamfoil'),
(83776, 601, 0, 'Dreamfoil'),
(83777, 601, 0, 'Dreamfoil'),
(83778, 601, 0, 'Dreamfoil'),
(83779, 601, 0, 'Dreamfoil'),
(83780, 601, 0, 'Dreamfoil'),
(83781, 601, 0, 'Dreamfoil'),
(83782, 601, 0, 'Dreamfoil'),
(83783, 601, 0, 'Dreamfoil'),
(83784, 601, 0, 'Dreamfoil'),
(83785, 601, 0, 'Dreamfoil'),
(83786, 601, 0, 'Dreamfoil'),
(83787, 601, 0, 'Dreamfoil'),
(83788, 601, 0, 'Dreamfoil'),
(83789, 601, 0, 'Dreamfoil'),
(83790, 601, 0, 'Dreamfoil'),
(83791, 601, 0, 'Dreamfoil'),
(83792, 601, 0, 'Dreamfoil'),
(83793, 601, 0, 'Dreamfoil'),
(83794, 601, 0, 'Dreamfoil'),
(83795, 601, 0, 'Dreamfoil'),
(83796, 601, 0, 'Dreamfoil'),
(83797, 601, 0, 'Dreamfoil'),
(83798, 601, 0, 'Dreamfoil'),
(83799, 601, 0, 'Dreamfoil'),
(83800, 601, 0, 'Dreamfoil'),
(83801, 601, 0, 'Dreamfoil'),
(83802, 601, 0, 'Dreamfoil'),
(83803, 601, 0, 'Dreamfoil'),
(83804, 601, 0, 'Dreamfoil'),
(83805, 601, 0, 'Dreamfoil'),
(83806, 599, 0, 'Plaguebloom'),
(83807, 599, 0, 'Plaguebloom'),
(83808, 599, 0, 'Plaguebloom'),
(83809, 599, 0, 'Plaguebloom'),
(83810, 599, 0, 'Plaguebloom'),
(83811, 599, 0, 'Plaguebloom'),
(83812, 599, 0, 'Plaguebloom'),
(83813, 599, 0, 'Plaguebloom'),
(83814, 599, 0, 'Plaguebloom'),
(83815, 599, 0, 'Plaguebloom'),
(83816, 599, 0, 'Plaguebloom'),
(83817, 599, 0, 'Plaguebloom'),
(83818, 599, 0, 'Plaguebloom'),
(83819, 599, 0, 'Plaguebloom'),
(83820, 599, 0, 'Plaguebloom'),
(83821, 599, 0, 'Plaguebloom'),
(83822, 599, 0, 'Plaguebloom'),
(83823, 599, 0, 'Plaguebloom'),
(83824, 599, 0, 'Plaguebloom'),
(83825, 599, 0, 'Plaguebloom'),
(83826, 599, 0, 'Plaguebloom'),
(83827, 599, 0, 'Plaguebloom'),
(83828, 599, 0, 'Plaguebloom'),
(83829, 599, 0, 'Plaguebloom'),
(83830, 599, 0, 'Plaguebloom'),
(83831, 599, 0, 'Plaguebloom'),
(83832, 599, 0, 'Plaguebloom'),
(83833, 599, 0, 'Plaguebloom'),
(83834, 599, 0, 'Plaguebloom'),
(83835, 599, 0, 'Plaguebloom'),
(83836, 599, 0, 'Plaguebloom'),
(83837, 599, 0, 'Plaguebloom'),
(83838, 599, 0, 'Plaguebloom'),
(83839, 599, 0, 'Plaguebloom'),
(83840, 599, 0, 'Plaguebloom'),
(83841, 599, 0, 'Plaguebloom'),
(83842, 599, 0, 'Plaguebloom'),
(83843, 599, 0, 'Plaguebloom'),
(83844, 599, 0, 'Plaguebloom'),
(83845, 599, 0, 'Plaguebloom'),
(83846, 599, 0, 'Plaguebloom'),
(83847, 599, 0, 'Plaguebloom'),
(83848, 599, 0, 'Plaguebloom'),
(83849, 599, 0, 'Plaguebloom'),
(83850, 599, 0, 'Plaguebloom'),
(83851, 599, 0, 'Plaguebloom'),
(83852, 599, 0, 'Plaguebloom'),
(83853, 599, 0, 'Plaguebloom'),
(83854, 599, 0, 'Plaguebloom'),
(83855, 599, 0, 'Plaguebloom'),
(83856, 599, 0, 'Plaguebloom'),
(83857, 599, 0, 'Plaguebloom'),
(83858, 599, 0, 'Plaguebloom'),
(83859, 599, 0, 'Plaguebloom'),
(83860, 599, 0, 'Plaguebloom'),
(83861, 599, 0, 'Plaguebloom'),
(83862, 599, 0, 'Plaguebloom'),
(83863, 599, 0, 'Plaguebloom'),
(83864, 599, 0, 'Plaguebloom'),
(83865, 599, 0, 'Plaguebloom'),
(83866, 599, 0, 'Plaguebloom'),
(83867, 599, 0, 'Plaguebloom'),
(83868, 599, 0, 'Plaguebloom'),
(83869, 599, 0, 'Plaguebloom'),
(83870, 599, 0, 'Plaguebloom'),
(83871, 599, 0, 'Plaguebloom'),
(83872, 599, 0, 'Plaguebloom'),
(83873, 599, 0, 'Plaguebloom'),
(83874, 599, 0, 'Plaguebloom'),
(83875, 599, 0, 'Plaguebloom'),
(83876, 599, 0, 'Plaguebloom'),
(83877, 599, 0, 'Plaguebloom'),
(83878, 599, 0, 'Plaguebloom'),
(83879, 599, 0, 'Plaguebloom'),
(83880, 599, 0, 'Plaguebloom'),
(83881, 599, 0, 'Plaguebloom'),
(83882, 599, 0, 'Plaguebloom'),
(83883, 599, 0, 'Plaguebloom'),
(83884, 602, 0, 'Sungrass'),
(83885, 602, 0, 'Sungrass'),
(83886, 602, 0, 'Sungrass'),
(83887, 602, 0, 'Sungrass'),
(83888, 602, 0, 'Sungrass'),
(83889, 602, 0, 'Sungrass'),
(83890, 602, 0, 'Sungrass'),
(83891, 602, 0, 'Sungrass'),
(83892, 598, 0, 'Mountain Silversage'),
(83893, 598, 0, 'Mountain Silversage'),
(83894, 598, 0, 'Mountain Silversage'),
(83895, 598, 0, 'Mountain Silversage'),
(83896, 598, 0, 'Mountain Silversage'),
(83897, 598, 0, 'Mountain Silversage'),
(83898, 599, 0, 'Plaguebloom'),
(83899, 600, 0, 'Arthas\' Tears'),
(83900, 599, 0, 'Plaguebloom'),
(83901, 599, 0, 'Plaguebloom'),
(83902, 599, 0, 'Plaguebloom'),
(83903, 599, 0, 'Plaguebloom'),
(83904, 600, 0, 'Arthas\' Tears'),
(83905, 601, 0, 'Dreamfoil'),
(83906, 601, 0, 'Dreamfoil'),
(83907, 601, 0, 'Dreamfoil'),
(83908, 600, 0, 'Arthas\' Tears'),
(83909, 601, 0, 'Dreamfoil'),
(83910, 602, 0, 'Sungrass'),
(83911, 599, 0, 'Plaguebloom'),
(83912, 600, 0, 'Arthas\' Tears'),
(83913, 602, 0, 'Sungrass'),
(83914, 600, 0, 'Arthas\' Tears'),
(83915, 600, 0, 'Arthas\' Tears'),
(83916, 602, 0, 'Sungrass'),
(83917, 602, 0, 'Sungrass'),
(83918, 600, 0, 'Arthas\' Tears'),
(83919, 599, 0, 'Plaguebloom'),
(83920, 599, 0, 'Plaguebloom'),
(83921, 601, 0, 'Dreamfoil'),
(83922, 600, 0, 'Arthas Tears'),
(83923, 600, 0, 'Arthas Tears'),
(83924, 600, 0, 'Arthas Tears'),
(83925, 601, 0, 'Dreamfoil'),
(83926, 602, 0, 'Sungrass'),
(83927, 602, 0, 'Sungrass'),
(83928, 602, 0, 'Sungrass');

DELETE FROM `gameobject` WHERE `zoneId`=28 AND `guid` BETWEEN 83720 AND 83928;
INSERT INTO `gameobject` (`guid`, `id`, `map`, `zoneId`, `position_x`, `position_y`, `position_z`, `orientation`, `rotation0`, `rotation1`, `rotation2`, `rotation3`, `spawntimesecs`, `animprogress`, `state`) VALUES
(83720, 142141, 0, 28, 1543.4, -1647.88, 69.2486, 5.0091, 0, 0, -0.594823, 0.803857, 2700, 255, 1),
(83721, 142141, 0, 28, 1455.01, -1599.38, 67.2372, 3.927, 0, 0, -0.923879, 0.382686, 2700, 255, 1),
(83722, 142141, 0, 28, 1390.66, -1613, 64.342, 5.197, 0, 0, 0, 0, 2700, 100, 1),
(83723, 142141, 0, 28, 1568.94, -1048, 73.047, 6.065, 0, 0, 0, 0, 2700, 100, 1),
(83724, 142141, 0, 28, 1637.71, -1623, 59.824, 1.341, 0, 0, 0, 0, 2700, 100, 1),
(83725, 142141, 0, 28, 1377.13, -1703, 66.994, 5.386, 0, 0, 0, 0, 2700, 100, 1),
(83726, 142141, 0, 28, 1105.49, -1813, 64.516, 4.742, 0, 0, 0, 0, 2700, 100, 1),
(83727, 142141, 0, 28, 1559.92, -1018, 72.466, 4.113, 0, 0, 0, 0, 2700, 100, 1),
(83728, 142141, 0, 28, 1558.22, -995.456, 67.24, 4.59022, 0, 0, -0.748956, 0.66262, 2700, 100, 1),
(83729, 142141, 0, 28, 1482.34, -1217.8, 62.6274, 1.23918, 0, 0, 0.580703, 0.814116, 2700, 100, 1),
(83730, 142141, 0, 28, 1270.88, -1507.6, 58.8005, 2.1293, 0, 0, 0.874619, 0.48481, 2700, 100, 1),
(83731, 142141, 0, 28, 1790.97, -2191, 70.27, 2.401, 0, 0, 0, 0, 2700, 100, 1),
(83732, 142141, 0, 28, 1813.91, -2202, 66.72, 2.456, 0, 0, 0, 0, 2700, 100, 1),
(83733, 142141, 0, 28, 1570.27, -1042, 72.66, 6.124, 0, 0, 0, 0, 2700, 100, 1),
(83734, 142141, 0, 28, 1619.39, -1637, 61.134, 0.607, 0, 0, 0, 0, 2700, 100, 1),
(83735, 142141, 0, 28, 1541.04, -1038, 72.794, 4.793, 0, 0, 0, 0, 2700, 100, 1),
(83736, 142141, 0, 28, 1106.32, -1845, 60.747, 3.674, 0, 0, 0, 0, 2700, 100, 1),
(83737, 142141, 0, 28, 1748.99, -909.477, 66.7775, 3.85718, 0, 0, -0.936671, 0.35021, 2700, 100, 1),
(83738, 142141, 0, 28, 1075.22, -1697, 62.433, 4.27, 0, 0, 0, 0, 2700, 100, 1),
(83739, 142141, 0, 28, 1053.34, -1706, 61.699, 3.756, 0, 0, 0, 0, 2700, 100, 1),
(83740, 142141, 0, 28, 1699.24, -1583, 67.041, 1.734, 0, 0, 0, 0, 2700, 100, 1),
(83741, 142141, 0, 28, 2077.96, -1585, 66.205, 0.387, 0, 0, 0, 0, 2700, 100, 1),
(83742, 142141, 0, 28, 1669.24, -1595, 60.905, -1, 0, 0, -0.608761, 0.793353, 2700, 100, 1),
(83743, 142141, 0, 28, 2062.58, -1574, 66.692, 6.124, 0, 0, 0, 0, 2700, 100, 1),
(83744, 142141, 0, 28, 2159.69, -1574.27, 68.0867, 4.76475, 0, 0, -0.688354, 0.725374, 2700, 100, 1),
(83745, 142141, 0, 28, 1808.02, -1100, 61.927, 1.455, 0, 0, 0, 0, 2700, 100, 1),
(83746, 142141, 0, 28, 1704.83, -1606, 68.175, 1.101, 0, 0, 0, 0, 2700, 100, 1),
(83747, 142141, 0, 28, 1078.66, -1666, 62.786, 0.014, 0, 0, 0, 0, 2700, 100, 1),
(83748, 142141, 0, 28, 1097.63, -1713, 62.519, 5.979, 0, 0, 0, 0, 2700, 100, 1),
(83749, 142141, 0, 28, 1570.34, -1310.87, 63.0546, 2.42601, 0, 0, 0.936672, 0.350207, 2700, 100, 1),
(83750, 142141, 0, 28, 1382.68, -1814.81, 61.294, 0.296705, 0, 0, 0.147809, 0.989016, 2700, 100, 1),
(83751, 142141, 0, 28, 1094.64, -1719, 62.607, 5.869, 0, 0, 0, 0, 2700, 100, 1),
(83752, 142141, 0, 28, 1453.63, -1339, 60.895, 1.763, 0, 0, 0.771624, 0.636078, 2700, 100, 1),
(83753, 142141, 0, 28, 1808.97, -2210, 66.533, 4.404, 0, 0, 0, 0, 2700, 100, 1),
(83754, 142141, 0, 28, 1852.22, -1382.49, 59.8972, 4.36332, 0, 0, -0.819152, 0.573577, 2700, 100, 1),
(83755, 142141, 0, 28, 1073.62, -1670, 63.588, 4.592, 0, 0, 0, 0, 2700, 100, 1),
(83756, 142141, 0, 28, 1842.55, -2206.58, 62.1356, 3.76991, 0, 0, -0.951056, 0.309017, 2700, 100, 1),
(83757, 142141, 0, 28, 1614.18, -931, 69.217, 4.325, 0, 0, 0, 0, 2700, 100, 1),
(83758, 142141, 0, 28, 1788.06, -2173, 69.698, 2.138, 0, 0, 0, 0, 2700, 100, 1),
(83759, 142141, 0, 28, 1434.88, -1542.22, 55.5123, 1.25664, 0, 0, 0.587785, 0.809017, 2700, 100, 1),
(83760, 142142, 0, 28, 2233.22, -1599, 82.118, -1, 0, 0, -0.566406, 0.824126, 2700, 100, 1),
(83761, 142142, 0, 28, 1450.26, -1706.9, 69.4751, 5.70723, 0, 0, -0.284015, 0.95882, 2700, 100, 1),
(83762, 142142, 0, 28, 1601.56, -1701.4, 61.4415, 3.194, 0, 0, -0.999657, 0.0262016, 2700, 100, 1),
(83763, 142142, 0, 28, 1866.11, -1349.8, 61.0008, 4.50295, 0, 0, -0.777145, 0.629321, 2700, 100, 1),
(83764, 142142, 0, 28, 1528.82, -1770, 59.785, -1, 0, 0, -0.5, 0.866025, 2700, 100, 1),
(83765, 176584, 0, 28, 1857.36, -2116.71, 68.6316, 3.31614, 0, 0, -0.996194, 0.087165, 2700, 255, 1),
(83766, 142141, 0, 28, 1075.39, -1688.27, 62.45, 3.73501, 0, 0, -0.956305, 0.292372, 300, 100, 1),
(83767, 142141, 0, 28, 1728.19, -2407.51, 60.5032, 5.39307, 0, 0, -0.430511, 0.902586, 300, 100, 1),
(83768, 142141, 0, 28, 1552.86, -1768.98, 61.8234, 4.32842, 0, 0, -0.829037, 0.559194, 300, 100, 1),
(83769, 142141, 0, 28, 1821.96, -2044.74, 75.4277, 0.715585, 0, 0, 0.350207, 0.936672, 300, 100, 1),
(83770, 142141, 0, 28, 2009.31, -1584.37, 59.8575, 3.59538, 0, 0, -0.97437, 0.224951, 300, 100, 1),
(83771, 142141, 0, 28, 1955.09, -2288.2, 60.9163, 4.08407, 0, 0, -0.891006, 0.453991, 300, 100, 1),
(83772, 142141, 0, 28, 1450, -1347.86, 61.3475, 1.76278, 0, 0, 0.771625, 0.636078, 300, 100, 1),
(83773, 142141, 0, 28, 1922.05, -1480.68, 61.1334, 3.90954, 0, 0, -0.927183, 0.374608, 300, 100, 1),
(83774, 142141, 0, 28, 1998.11, -1775.55, 64.2751, 1.18682, 0, 0, 0.559193, 0.829038, 300, 100, 1),
(83775, 176584, 0, 28, 1652.2, -1479.44, 59.5693, 1.3439, 0, 0, 0.622514, 0.782609, 2700, 100, 1),
(83776, 176584, 0, 28, 1835.98, -1291, 62.8119, 0.893, 0, 0, 0, 0, 2700, 100, 1),
(83777, 176584, 0, 28, 1836.14, -1296, 62.005, 0.759, 0, 0, 0, 0, 2700, 100, 1),
(83778, 176584, 0, 28, 1881.64, -2449, 69.076, 2.742, 0, 0, 0, 0, 2700, 100, 1),
(83779, 176584, 0, 28, 1810.1, -2387.21, 59.6299, 6.19592, 0, 0, -0.0436192, 0.999048, 2700, 100, 1),
(83780, 176584, 0, 28, 2389.99, -1504.44, 101.539, 2.74016, 0, 0, 0.979924, 0.19937, 2700, 100, 1),
(83781, 176584, 0, 28, 1779.88, -1348.05, 60.0857, 1.67551, 0, 0, 0.743144, 0.669131, 2700, 100, 1),
(83782, 176584, 0, 28, 2352.65, -1520, 99.982, 5.581, 0, 0, 0, 0, 2700, 100, 1),
(83783, 176584, 0, 28, 2348.16, -1509, 95.828, 6.123, 0, 0, 0, 0, 2700, 100, 1),
(83784, 176584, 0, 28, 1702.07, -1074, 70.335, 1.603, 0, 0, 0, 0, 2700, 100, 1),
(83785, 176584, 0, 28, 1515.73, -1079.51, 74.4867, 3.42085, 0, 0, -0.990268, 0.139175, 300, 100, 1),
(83786, 176584, 0, 28, 1718.48, -1012.31, 71.3803, 2.93214, 0, 0, 0.994521, 0.104536, 300, 100, 1),
(83787, 176584, 0, 28, 1991.27, -2462, 63.457, 1.666, 0, 0, 0, 0, 2700, 100, 1),
(83788, 176584, 0, 28, 1974.43, -2421.16, 60.5007, 1.37881, 0, 0, 0.636078, 0.771625, 300, 100, 1),
(83789, 176584, 0, 28, 1717.19, -1606, 65.003, 3.209, 0, 0, 0, 0, 2700, 100, 1),
(83790, 176584, 0, 28, 2012.83, -1544, 67.45, 1.925, 0, 0, 0, 0, 2700, 100, 1),
(83791, 176584, 0, 28, 2007.51, -1545, 65.193, 0.201, 0, 0, 0, 0, 2700, 100, 1),
(83792, 176584, 0, 28, 1714.25, -1610, 65.621, 2.644, 0, 0, 0, 0, 2700, 100, 1),
(83793, 176584, 0, 28, 1682.83, -1494, 65.969, 1.658, 0, 0, 0, 0, 2700, 100, 1),
(83794, 176584, 0, 28, 2043.54, -2428, 63.779, 1.43, 0, 0, 0, 0, 2700, 100, 1),
(83795, 176584, 0, 28, 2119.88, -2425, 63.133, 0.692, 0, 0, 0, 0, 2700, 100, 1),
(83796, 176584, 0, 28, 2080.25, -2486.74, 59.6818, 0.925024, 0, 0, 0.446198, 0.894935, 300, 100, 1),
(83797, 176584, 0, 28, 2014.37, -1549, 66.21, 1.387, 0, 0, 0, 0, 2700, 100, 1),
(83798, 176584, 0, 28, 2078, -1642.67, 63.1557, 1.27409, 0, 0, 0.594822, 0.803857, 300, 100, 1),
(83799, 176584, 0, 28, 1917.85, -2112, 70.437, 1.144, 0, 0, 0, 0, 2700, 100, 1),
(83800, 176584, 0, 28, 1712.2, -2141, 64.105, 3.743, 0, 0, 0, 0, 2700, 100, 1),
(83801, 176584, 0, 28, 2017.62, -1572.94, 60.9312, 4.76475, 0, 0, -0.688354, 0.725374, 300, 100, 1),
(83802, 176584, 0, 28, 1666.15, -2111, 62.079, 2.526, 0, 0, 0, 0, 2700, 100, 1),
(83803, 176584, 0, 28, 1633.13, -2103.97, 58.8374, 5.77704, 0, 0, -0.25038, 0.968148, 300, 100, 1),
(83804, 176584, 0, 28, 1985.93, -1858.12, 69.8165, 3.12412, 0, 0, 0.999962, 0.00873464, 300, 100, 1),
(83805, 176584, 0, 28, 1916.66, -1954.35, 78.9259, 0.663223, 0, 0, 0.325567, 0.945519, 300, 100, 1),
(83806, 176587, 0, 28, 1141.16, -2537, 60.941, 3.566, 0, 0, 0, 0, 2700, 100, 1),
(83807, 176587, 0, 28, 1210.67, -2528, 72.983, 4.442, 0, 0, 0, 0, 2700, 100, 1),
(83808, 176587, 0, 28, 1206.29, -2537, 72.98, 4.396, 0, 0, 0, 0, 2700, 100, 1),
(83809, 176587, 0, 28, 1709.83, -2237, 58.876, 5.168, 0, 0, 0, 0, 2700, 100, 1),
(83810, 176587, 0, 28, 1950.03, -1885, 75.175, 3.807, 0, 0, 0, 0, 2700, 100, 1),
(83811, 176587, 0, 28, 2021.92, -2412, 62.125, 4.731, 0, 0, 0, 0, 2700, 100, 1),
(83812, 176587, 0, 28, 1471.56, -1837, 58.586, 4.727, 0, 0, 0, 0, 2700, 100, 1),
(83813, 176587, 0, 28, 1849.23, -2174, 66.793, 5.694, 0, 0, 0, 0, 2700, 100, 1),
(83814, 176587, 0, 28, 1212.92, -2541, 73.031, 4.396, 0, 0, 0, 0, 2700, 100, 1),
(83815, 176587, 0, 28, 1216.53, -2529, 73.407, 4.442, 0, 0, 0, 0, 2700, 100, 1),
(83816, 176587, 0, 28, 1700.67, -2219, 59.547, 0.838, 0, 0, 0.406737, 0.913545, 2700, 100, 1),
(83817, 176587, 0, 28, 1871.97, -2024, 79.619, 0.695, 0, 0, 0, 0, 2700, 100, 1),
(83818, 176587, 0, 28, 1505.27, -1854, 59.018, 4.302, 0, 0, 0, 0, 2700, 100, 1),
(83819, 176587, 0, 28, 1786.28, -2446, 62.001, -3, 0, 0, -0.968148, 0.25038, 2700, 100, 1),
(83820, 176587, 0, 28, 1719.47, -2239, 58.744, 5.54, 0, 0, 0, 0, 2700, 100, 1),
(83821, 176587, 0, 28, 1831.95, -1618, 58.758, 4.809, 0, 0, 0, 0, 2700, 100, 1),
(83822, 176587, 0, 28, 1832.59, -1623, 58.764, 4.623, 0, 0, 0, 0, 2700, 100, 1),
(83823, 176587, 0, 28, 2479.3, -1629, 105.375, 2.88, 0, 0, 0.991445, 0.130526, 2700, 100, 1),
(83824, 176587, 0, 28, 1451.44, -1935, 59.361, 2.565, 0, 0, 0, 0, 2700, 100, 1),
(83825, 176587, 0, 28, 1083.88, -2534, 59.602, 0.235, 0, 0, 0, 0, 2700, 100, 1),
(83826, 176587, 0, 28, 2496.98, -1634, 106.801, 4.137, 0, 0, 0, 0, 2700, 100, 1),
(83827, 176587, 0, 28, 1675.05, -2245, 58.8, 5.613, 0, 0, 0, 0, 2700, 100, 1),
(83828, 176587, 0, 28, 1636.25, -2151.5, 62.933, 1.27409, 0, 0, 0.594822, 0.803857, 2700, 100, 1),
(83829, 176587, 0, 28, 2088.39, -1630, 62.348, 3.225, 0, 0, 0, 0, 2700, 100, 1),
(83830, 176587, 0, 28, 2368.82, -1456, 102.146, 0.157, 0, 0, 0.078459, 0.996917, 2700, 100, 1),
(83831, 176587, 0, 28, 2153.88, -2437, 59.86, 0.635, 0, 0, 0, 0, 2700, 100, 1),
(83832, 176587, 0, 28, 1810.51, -1249.53, 60.7759, 4.59022, 0, 0, -0.748956, 0.66262, 2700, 100, 1),
(83833, 176587, 0, 28, 1438.31, -1862.93, 58.7446, 0.383971, 0, 0, 0.190808, 0.981627, 2700, 100, 1),
(83834, 176587, 0, 28, 1945.14, -1952, 77.024, 4.843, 0, 0, 0, 0, 2700, 100, 1),
(83835, 176587, 0, 28, 2098.38, -1716, 60.328, 3.942, 0, 0, 0, 0, 2700, 100, 1),
(83836, 176587, 0, 28, 2331.21, -1590, 106.769, 4.723, 0, 0, 0, 0, 2700, 100, 1),
(83837, 176587, 0, 28, 2225.87, -1530, 74.794, 1.887, 0, 0, 0, 0, 2700, 100, 1),
(83838, 176587, 0, 28, 1807.36, -1560, 59.255, 5.636, 0, 0, 0, 0, 2700, 100, 1),
(83839, 176587, 0, 28, 1750.96, -1142, 60.497, 5.561, 0, 0, 0, 0, 2700, 100, 1),
(83840, 176587, 0, 28, 1790.63, -1155, 60.461, 1.564, 0, 0, 0, 0, 2700, 100, 1),
(83841, 176587, 0, 28, 1830.77, -1563, 59.354, 4.493, 0, 0, 0, 0, 2700, 100, 1),
(83842, 176587, 0, 28, 1851.87, -1505, 58.949, 6.092, 0, 0, 0, 0, 2700, 100, 1),
(83843, 176587, 0, 28, 1896.55, -1591, 59.116, 0.866, 0, 0, 0, 0, 2700, 100, 1),
(83844, 176587, 0, 28, 1828.47, -1573, 59.361, 4.493, 0, 0, 0, 0, 2700, 100, 1),
(83845, 176587, 0, 28, 1776.86, -1555, 59.783, 4.018, 0, 0, 0, 0, 2700, 100, 1),
(83846, 176587, 0, 28, 1780.69, -2470, 62.655, 5.425, 0, 0, 0, 0, 2700, 100, 1),
(83847, 176587, 0, 28, 1146.68, -2533, 61.072, 3.566, 0, 0, 0, 0, 2700, 100, 1),
(83848, 176587, 0, 28, 2062.81, -2492, 61.565, 4.942, 0, 0, 0, 0, 2700, 100, 1),
(83849, 176587, 0, 28, 1738.54, -1251, 60.691, 5.246, 0, 0, 0, 0, 2700, 100, 1),
(83850, 176587, 0, 28, 1793.15, -1525.49, 59.5958, 4.99164, 0, 0, -0.601814, 0.798636, 2700, 100, 1),
(83851, 176587, 0, 28, 1639.2, -2288, 58.814, 0.346, 0, 0, 0, 0, 2700, 100, 1),
(83852, 176587, 0, 28, 1615.13, -2273, 59.841, 4.113, 0, 0, 0, 0, 2700, 100, 1),
(83853, 176587, 0, 28, 1892.44, -1767, 62.372, 3.525, 0, 0, 0, 0, 2700, 100, 1),
(83854, 176587, 0, 28, 1702.29, -2355, 60.418, 1.992, 0, 0, 0, 0, 2700, 100, 1),
(83855, 176587, 0, 28, 1779.01, -1188, 59.544, -2, 0, 0, -0.948324, 0.317305, 2700, 100, 1),
(83856, 176587, 0, 28, 2023.39, -2338, 60.713, 5.648, 0, 0, 0, 0, 2700, 100, 1),
(83857, 176587, 0, 28, 1619.37, -2132, 60.009, 1.588, 0, 0, 0, 0, 2700, 100, 1),
(83858, 176587, 0, 28, 1689.2, -1149, 60.282, 2.943, 0, 0, 0, 0, 2700, 100, 1),
(83859, 176587, 0, 28, 1786.58, -2335, 61.412, 0.743, 0, 0, 0, 0, 2700, 100, 1),
(83860, 176587, 0, 28, 1928.24, -1570, 60.321, -1, 0, 0, -0.656059, 0.75471, 2700, 100, 1),
(83861, 176587, 0, 28, 1235.95, -2544, 91.925, -1, 0, 0, -0.317305, 0.948324, 2700, 100, 1),
(83862, 176587, 0, 28, 1515.13, -1859, 59.651, 5.605, 0, 0, 0, 0, 2700, 100, 1),
(83863, 176587, 0, 28, 1466.67, -1811, 58.902, 1.064, 0, 0, 0, 0, 2700, 100, 1),
(83864, 176587, 0, 28, 1441.36, -1881, 58.764, 1.242, 0, 0, 0, 0, 2700, 100, 1),
(83865, 176587, 0, 28, 1673.49, -2277.09, 59.161, 5.42797, 0, 0, -0.414693, 0.909961, 300, 100, 1),
(83866, 176587, 0, 28, 1639.55, -2259.62, 59.2509, 2.11185, 0, 0, 0.870356, 0.492424, 300, 100, 1),
(83867, 176587, 0, 28, 1095.73, -2526.41, 61.4232, 6.24828, 0, 0, -0.0174522, 0.999848, 300, 100, 1),
(83868, 176587, 0, 28, 1423.88, -1886.62, 59.7396, 2.16421, 0, 0, 0.882947, 0.469473, 300, 100, 1),
(83869, 176587, 0, 28, 1943.64, -1904.94, 75.7893, 5.3058, 0, 0, -0.469471, 0.882948, 300, 100, 1),
(83870, 176587, 0, 28, 1501.36, -1822.75, 60.3359, 5.96903, 0, 0, -0.156434, 0.987688, 300, 100, 1),
(83871, 176587, 0, 28, 1208, -2550.61, 73.0816, 5.16618, 0, 0, -0.529919, 0.848048, 300, 100, 1),
(83872, 176587, 0, 28, 1238.8, -2549.02, 92.0041, 5.63741, 0, 0, -0.317305, 0.948324, 300, 100, 1),
(83873, 176587, 0, 28, 1861.09, -2010.82, 83.83, 4.10153, 0, 0, -0.887011, 0.461749, 300, 100, 1),
(83874, 176587, 0, 28, 1769.25, -2311.86, 60.0036, 4.86947, 0, 0, -0.649447, 0.760406, 300, 100, 1),
(83875, 176587, 0, 28, 1497.6, -1860.78, 58.628, 2.86234, 0, 0, 0.990268, 0.139175, 300, 100, 1),
(83876, 176587, 0, 28, 1814.54, -1161.08, 60.4921, 3.85718, 0, 0, -0.936671, 0.35021, 300, 100, 1),
(83877, 176587, 0, 28, 2160.22, -2457.96, 64.21, 5.81195, 0, 0, -0.233445, 0.97237, 300, 100, 1),
(83878, 176587, 0, 28, 1752.43, -1226.08, 59.6435, 3.00195, 0, 0, 0.997563, 0.0697661, 300, 100, 1),
(83879, 176587, 0, 28, 2237.28, -1541.57, 78.802, 1.62316, 0, 0, 0.725374, 0.688355, 300, 100, 1),
(83880, 176587, 0, 28, 1834.97, -2172.85, 66.8352, 3.94445, 0, 0, -0.920505, 0.390732, 300, 100, 1),
(83881, 176587, 0, 28, 2345.16, -1587.58, 109.385, 5.42797, 0, 0, -0.414693, 0.909961, 300, 100, 1),
(83882, 176587, 0, 28, 1890.2, -1756.4, 61.7958, 2.63544, 0, 0, 0.968147, 0.250381, 300, 100, 1),
(83883, 176587, 0, 28, 2028.71, -2379.53, 61.8859, 3.194, 0, 0, -0.999657, 0.0262016, 300, 100, 1),
(83884, 142142, 0, 28, 2077.56, -1851.23, 63.6229, 4.53786, 0, 0, -0.766044, 0.642789, 300, 100, 1),
(83885, 142142, 0, 28, 2418.38, -1716.72, 108.163, 5.14872, 0, 0, -0.537299, 0.843392, 300, 100, 1),
(83886, 142142, 0, 28, 1862.53, -1105.95, 59.6888, 6.02139, 0, 0, -0.130526, 0.991445, 300, 100, 1),
(83887, 142142, 0, 28, 1975.75, -2324.23, 59.4981, 2.9496, 0, 0, 0.995396, 0.0958512, 300, 100, 1),
(83888, 142142, 0, 28, 1918.27, -2175.42, 75.8794, 5.23599, 0, 0, -0.5, 0.866025, 300, 100, 1),
(83889, 142142, 0, 28, 1835.37, -2031.33, 74.847, 3.31614, 0, 0, -0.996194, 0.087165, 300, 100, 1),
(83890, 142142, 0, 28, 2330.78, -1475.19, 96.9419, 1.65806, 0, 0, 0.737277, 0.675591, 300, 100, 1),
(83891, 142142, 0, 28, 1799.01, -1646.22, 60.0723, 1.23918, 0, 0, 0.580703, 0.814116, 300, 100, 1),
(83892, 176586, 0, 28, 1690.23, -2477.8, 99.8174, 3.21142, 0, 0, -0.999391, 0.0349061, 1800, 100, 1),
(83893, 176586, 0, 28, 2907.65, -1319.5, 167.159, 5.42797, 0, 0, -0.414693, 0.909961, 1800, 100, 1),
(83894, 176586, 0, 28, 1861.67, -1889.43, 99.0528, 3.3685, 0, 0, -0.993571, 0.113208, 1800, 100, 1),
(83895, 176586, 0, 28, 1862.28, -1242.78, 73.6229, 1.01229, 0, 0, 0.484809, 0.87462, 1800, 100, 1),
(83896, 176586, 0, 28, 1963.57, -2147.67, 83.2375, 3.59538, 0, 0, -0.97437, 0.224951, 1800, 100, 1),
(83897, 176586, 0, 28, 2201.24, -1801.18, 72.0393, 1.25664, 0, 0, 0.587785, 0.809017, 1800, 100, 1),
(83898, 176587, 0, 28, 1698.71, -1163.65, 59.6132, -1.22173, 0, 0, 0.573576, -0.819152, 2700, 100, 1),
(83899, 142141, 0, 28, 1631.83, -883.966, 63.2506, 1.90241, 0, 0, 0.814116, 0.580703, 2700, 100, 1),
(83900, 176587, 0, 28, 1472.9, -1914.6, 59.8501, 2.1293, 0, 0, 0.87462, 0.48481, 2700, 100, 1),
(83901, 176587, 0, 28, 1711.91, -2267.45, 58.8344, -1.02974, 0, 0, 0.492424, -0.870356, 2700, 100, 1),
(83902, 176587, 0, 28, 1871.52, -1512.08, 59.354, 1.18682, 0, 0, 0.559193, 0.829038, 2700, 100, 1),
(83903, 176587, 0, 28, 2097.08, -1613.8, 65.1345, -3.10669, 0, 0, 0.999848, -0.017452, 2700, 100, 1),
(83904, 142141, 0, 28, 2443.13, -1963.16, 115.076, -1.16937, 0, 0, 0.551937, -0.833886, 2700, 100, 1),
(83905, 176584, 0, 28, 1959.56, -2296.7, 61.1561, -0.05236, 0, 0, 0.026177, -0.999657, 2700, 100, 1),
(83906, 176584, 0, 28, 1644.26, -1690.35, 60.1426, -0.15708, 0, 0, 0.078459, -0.996917, 2700, 100, 1),
(83907, 176584, 0, 28, 3020.37, -1471.85, 146.344, 2.00713, 0, 0, 0.843391, 0.5373, 2700, 100, 1),
(83908, 142141, 0, 28, 1093.33, -1860.1, 62.4847, -2.05949, 0, 0, 0.857167, -0.515038, 2700, 100, 1),
(83909, 176584, 0, 28, 2401.16, -1622.07, 108.026, -1.64061, 0, 0, 0.731354, -0.681998, 2700, 100, 1),
(83910, 142142, 0, 28, 2082.24, -1543.59, 65.4353, -1.51844, 0, 0, 0.688354, -0.725374, 2700, 100, 1),
(83911, 176587, 0, 28, 2066.96, -2506.99, 64.0521, -2.67035, 0, 0, 0.97237, -0.233445, 2700, 100, 1),
(83912, 142141, 0, 28, 1540.87, -2012.89, 60.0711, -2.74017, 0, 0, 0.979925, -0.199368, 2700, 100, 1),
(83913, 142142, 0, 28, 1802.61, -1424.62, 59.3134, 0.069813, 0, 0, 0.034899, 0.999391, 2700, 100, 1),
(83914, 142141, 0, 28, 1811.75, -1115.76, 60.5452, -0.942478, 0, 0, 0.453991, -0.891006, 2700, 100, 1),
(83915, 142141, 0, 28, 1374.24, -1278.43, 58.6285, 2.28638, 0, 0, 0.909961, 0.414693, 2700, 100, 1),
(83916, 142142, 0, 28, 2827.46, -1364.16, 145.578, -1.22173, 0, 0, 0.573576, -0.819152, 2700, 100, 1),
(83917, 142142, 0, 28, 1574.81, -1276.14, 63.6341, -1.46608, 0, 0, 0.669131, -0.743145, 2700, 100, 1),
(83918, 142141, 0, 28, 2332.05, -1511.23, 91.4124, -0.244346, 0, 0, 0.121869, -0.992546, 2700, 100, 1),
(83919, 176587, 0, 28, 1123.23, -2578.06, 61.0618, 1.309, 0, 0, 0.608761, 0.793353, 2700, 100, 1),
(83920, 176587, 0, 28, 2091.89, -1709.48, 61.7097, 1.11701, 0, 0, 0.529919, 0.848048, 2700, 100, 1),
(83921, 176584, 0, 28, 1548.84, -2014.29, 59.9311, -3.12414, 0, 0, 0.999962, -0.008727, 2700, 100, 1),
(83922, 142141, 0, 28, 2888.72, -1406.39, 148.374, 1.69297, 0, 0, 0.748956, 0.66262, 300, 100, 1),
(83923, 142141, 0, 28, 1607.96, -2178.57, 55.0344, 1.0821, 0, 0, 0.515038, 0.857168, 300, 100, 1),
(83924, 142141, 0, 28, 2999.7, -1564.12, 147.003, 4.90438, 0, 0, -0.636078, 0.771625, 300, 100, 1),
(83925, 176584, 0, 28, 2858.97, -1490.24, 146.253, 2.51327, 0, 0, 0.951056, 0.309017, 300, 100, 1),
(83926, 142142, 0, 28, 1721.82, -1016.11, 71.0081, 0.244346, 0, 0, 0.121869, 0.992546, 300, 100, 1),
(83927, 142142, 0, 28, 1594.22, -1244.38, 65.4813, 0.628317, 0, 0, 0.309016, 0.951057, 300, 100, 1),
(83928, 142142, 0, 28, 2920.11, -1610.7, 147.766, 5.81195, 0, 0, -0.233445, 0.97237, 300, 100, 1);

-- Silverpine Forest
DELETE FROM `pool_gameobject` WHERE `pool_entry` IN (956);
DELETE FROM `pool_template` WHERE `entry` IN (956);
DELETE FROM `gameobject` WHERE `guid` IN (491,515,529,541,557,572,587,679,806,845,900,993,1025,1028,1035,1042,1050,1097,1128,1132,1134,1172,1200,1209,1241,1242,1249,1354,1378,1381,1385,1417,1436,1479,1495,1518,1519,1535,1553,1590,1653,1670,1710,1728,1749,1760,1777,1827,1840,2033,2090,2115,2120,2155,2190,2215,2224,2251,2298,2338,2365,2396,2416,2448,2476,2491,2514,2527,2546,2560,2587,2617,2687,2703,2727,2733,2764,2788,2811,2874,2903,2941,2942,2943,2944,2945,2985,3066,3067,3068,3069,3121,3147,3229,3238,3308,3405,3476,3477,3480,3547,3548,3589,3590,3602,3611,3612,3627,3628,3635,3657,3668,3669,3670,3682,3684,3685,3686,3750,3822,3823,3879,35410,35445,35459,35468,35493,35494,35495,35496,35498,35501,35503,35504,35506,35507,35508,35509,35510,35512,35515,35518,35520,35521,35522,35526,35530,35531,35538,35539,35542,35544,35546,35564,35566,35567,39960,39961,41916,42041,42042,42043,42045,42046,42048,42049,42050,42051,42052,42053,42055,42056,42057,42058,42065,42070,42075,42078,42912,42963,42964,42965,42968,42970,42973,42974,42975,45256,86182,86183,86238,86253,86254,86255,86269,86287,86289,87118,87121,87122,87207,87212,87217,87224);

-- Vmangos pools: (1040,1041,1042,1043,1046,1047);
DELETE FROM `pool_template` WHERE `entry` BETWEEN 603 AND 608;
INSERT INTO `pool_template` (`entry`, `max_limit`, `description`) VALUES
(603, 10, 'Earthroot in Silverpine Forest'),
(604, 11, 'Peacebloom in Silverpine Forest'),
(605, 18, 'Silverleaf in Silverpine Forest'),
(606, 10, 'Mageroyal in Silverpine Forest'),
(607, 9, 'Briarthorn in Silverpine Forest'),
(608, 13, 'Bruiseweed in Silverpine Forest');

DELETE FROM `pool_gameobject` WHERE `guid` BETWEEN 83929 AND 84177;
INSERT INTO `pool_gameobject` (`guid`, `pool_entry`, `chance`, `description`) VALUES 
(83929, 605, 0, 'Silverleaf'),
(83930, 605, 0, 'Silverleaf'),
(83931, 605, 0, 'Silverleaf'),
(83932, 605, 0, 'Silverleaf'),
(83933, 605, 0, 'Silverleaf'),
(83934, 605, 0, 'Silverleaf'),
(83935, 605, 0, 'Silverleaf'),
(83936, 605, 0, 'Silverleaf'),
(83937, 605, 0, 'Silverleaf'),
(83938, 605, 0, 'Silverleaf'),
(83939, 605, 0, 'Silverleaf'),
(83940, 605, 0, 'Silverleaf'),
(83941, 605, 0, 'Silverleaf'),
(83942, 605, 0, 'Silverleaf'),
(83943, 605, 0, 'Silverleaf'),
(83944, 605, 0, 'Silverleaf'),
(83945, 605, 0, 'Silverleaf'),
(83946, 605, 0, 'Silverleaf'),
(83947, 605, 0, 'Silverleaf'),
(83948, 605, 0, 'Silverleaf'),
(83949, 605, 0, 'Silverleaf'),
(83950, 604, 0, 'Peacebloom'),
(83951, 604, 0, 'Peacebloom'),
(83952, 604, 0, 'Peacebloom'),
(83953, 604, 0, 'Peacebloom'),
(83954, 604, 0, 'Peacebloom'),
(83955, 604, 0, 'Peacebloom'),
(83956, 604, 0, 'Peacebloom'),
(83957, 604, 0, 'Peacebloom'),
(83958, 604, 0, 'Peacebloom'),
(83959, 604, 0, 'Peacebloom'),
(83960, 604, 0, 'Peacebloom'),
(83961, 604, 0, 'Peacebloom'),
(83962, 604, 0, 'Peacebloom'),
(83963, 603, 0, 'Earthroot'),
(83964, 603, 0, 'Earthroot'),
(83965, 603, 0, 'Earthroot'),
(83966, 603, 0, 'Earthroot'),
(83967, 604, 0, 'Peacebloom'),
(83968, 604, 0, 'Peacebloom'),
(83969, 604, 0, 'Peacebloom'),
(83970, 603, 0, 'Earthroot'),
(83971, 603, 0, 'Earthroot'),
(83972, 603, 0, 'Earthroot'),
(83973, 603, 0, 'Earthroot'),
(83974, 603, 0, 'Earthroot'),
(83975, 606, 0, 'Mageroyal'),
(83976, 606, 0, 'Mageroyal'),
(83977, 606, 0, 'Mageroyal'),
(83978, 606, 0, 'Mageroyal'),
(83979, 606, 0, 'Mageroyal'),
(83980, 606, 0, 'Mageroyal'),
(83981, 606, 0, 'Mageroyal'),
(83982, 606, 0, 'Mageroyal'),
(83983, 606, 0, 'Mageroyal'),
(83984, 606, 0, 'Mageroyal'),
(83985, 606, 0, 'Mageroyal'),
(83986, 606, 0, 'Mageroyal'),
(83987, 606, 0, 'Mageroyal'),
(83988, 606, 0, 'Mageroyal'),
(83989, 606, 0, 'Mageroyal'),
(83990, 606, 0, 'Mageroyal'),
(83991, 606, 0, 'Mageroyal'),
(83992, 606, 0, 'Mageroyal'),
(83993, 606, 0, 'Mageroyal'),
(83994, 606, 0, 'Mageroyal'),
(83995, 606, 0, 'Mageroyal'),
(83996, 606, 0, 'Mageroyal'),
(83997, 606, 0, 'Mageroyal'),
(83998, 606, 0, 'Mageroyal'),
(83999, 606, 0, 'Mageroyal'),
(84000, 606, 0, 'Mageroyal'),
(84001, 606, 0, 'Mageroyal'),
(84002, 607, 0, 'Briarthorn'),
(84003, 607, 0, 'Briarthorn'),
(84004, 607, 0, 'Briarthorn'),
(84005, 607, 0, 'Briarthorn'),
(84006, 607, 0, 'Briarthorn'),
(84007, 607, 0, 'Briarthorn'),
(84008, 607, 0, 'Briarthorn'),
(84009, 607, 0, 'Briarthorn'),
(84010, 607, 0, 'Briarthorn'),
(84011, 607, 0, 'Briarthorn'),
(84012, 607, 0, 'Briarthorn'),
(84013, 607, 0, 'Briarthorn'),
(84014, 607, 0, 'Briarthorn'),
(84015, 607, 0, 'Briarthorn'),
(84016, 607, 0, 'Briarthorn'),
(84017, 607, 0, 'Briarthorn'),
(84018, 608, 0, 'Bruiseweed'),
(84019, 608, 0, 'Bruiseweed'),
(84020, 608, 0, 'Bruiseweed'),
(84021, 608, 0, 'Bruiseweed'),
(84022, 608, 0, 'Bruiseweed'),
(84023, 608, 0, 'Bruiseweed'),
(84024, 608, 0, 'Bruiseweed'),
(84025, 608, 0, 'Bruiseweed'),
(84026, 608, 0, 'Bruiseweed'),
(84027, 608, 0, 'Bruiseweed'),
(84028, 608, 0, 'Bruiseweed'),
(84029, 608, 0, 'Bruiseweed'),
(84030, 608, 0, 'Bruiseweed'),
(84031, 608, 0, 'Bruiseweed'),
(84032, 608, 0, 'Bruiseweed'),
(84033, 608, 0, 'Bruiseweed'),
(84034, 608, 0, 'Bruiseweed'),
(84035, 608, 0, 'Bruiseweed'),
(84036, 608, 0, 'Bruiseweed'),
(84037, 608, 0, 'Bruiseweed'),
(84038, 608, 0, 'Bruiseweed'),
(84039, 608, 0, 'Bruiseweed'),
(84040, 608, 0, 'Bruiseweed'),
(84041, 608, 0, 'Bruiseweed'),
(84042, 608, 0, 'Bruiseweed'),
(84043, 608, 0, 'Bruiseweed'),
(84044, 608, 0, 'Bruiseweed'),
(84045, 608, 0, 'Bruiseweed'),
(84046, 608, 0, 'Bruiseweed'),
(84047, 608, 0, 'Bruiseweed'),
(84048, 608, 0, 'Bruiseweed'),
(84049, 608, 0, 'Bruiseweed'),
(84050, 608, 0, 'Bruiseweed'),
(84051, 608, 0, 'Bruiseweed'),
(84052, 608, 0, 'Bruiseweed'),
(84053, 608, 0, 'Bruiseweed'),
(84054, 608, 0, 'Bruiseweed'),
(84055, 608, 0, 'Bruiseweed'),
(84056, 608, 0, 'Bruiseweed'),
(84057, 608, 0, 'Bruiseweed'),
(84058, 608, 0, 'Bruiseweed'),
(84059, 605, 0, 'Silverleaf'),
(84060, 607, 0, 'Briarthorn'),
(84061, 607, 0, 'Briarthorn'),
(84062, 607, 0, 'Briarthorn'),
(84063, 607, 0, 'Briarthorn'),
(84064, 607, 0, 'Briarthorn'),
(84065, 607, 0, 'Briarthorn'),
(84066, 607, 0, 'Briarthorn'),
(84067, 607, 0, 'Briarthorn'),
(84068, 608, 0, 'Bruiseweed'),
(84069, 608, 0, 'Bruiseweed'),
(84070, 608, 0, 'Bruiseweed'),
(84071, 608, 0, 'Bruiseweed'),
(84072, 608, 0, 'Bruiseweed'),
(84073, 603, 0, 'Earthroot'),
(84074, 606, 0, 'Mageroyal'),
(84075, 606, 0, 'Mageroyal'),
(84076, 606, 0, 'Mageroyal'),
(84077, 606, 0, 'Mageroyal'),
(84078, 604, 0, 'Peacebloom'),
(84079, 605, 0, 'Silverleaf'),
(84080, 605, 0, 'Silverleaf'),
(84081, 605, 0, 'Silverleaf'),
(84082, 603, 0, 'Earthroot'),
(84083, 604, 0, 'Peacebloom'),
(84084, 605, 0, 'Silverleaf'),
(84085, 604, 0, 'Peacebloom'),
(84086, 604, 0, 'Peacebloom'),
(84087, 605, 0, 'Silverleaf'),
(84088, 605, 0, 'Silverleaf'),
(84089, 605, 0, 'Silverleaf'),
(84090, 607, 0, 'Briarthorn'),
(84091, 606, 0, 'Mageroyal'),
(84092, 607, 0, 'Briarthorn'),
(84093, 603, 0, 'Earthroot'),
(84094, 604, 0, 'Peacebloom'),
(84095, 608, 0, 'Bruiseweed'),
(84096, 604, 0, 'Peacebloom'),
(84097, 607, 0, 'Briarthorn'),
(84098, 607, 0, 'Briarthorn'),
(84099, 604, 0, 'Peacebloom'),
(84100, 606, 0, 'Mageroyal'),
(84101, 604, 0, 'Peacebloom'),
(84102, 608, 0, 'Bruiseweed'),
(84103, 605, 0, 'Silverleaf'),
(84104, 608, 0, 'Bruiseweed'),
(84105, 605, 0, 'Silverleaf'),
(84106, 603, 0, 'Earthroot'),
(84107, 605, 0, 'Silverleaf'),
(84108, 604, 0, 'Peacebloom'),
(84109, 605, 0, 'Silverleaf'),
(84110, 604, 0, 'Peacebloom'),
(84111, 605, 0, 'Silverleaf'),
(84112, 605, 0, 'Silverleaf'),
(84113, 606, 0, 'Mageroyal'),
(84114, 605, 0, 'Silverleaf'),
(84115, 605, 0, 'Silverleaf'),
(84116, 604, 0, 'Peacebloom'),
(84117, 605, 0, 'Silverleaf'),
(84118, 607, 0, 'Briarthorn'),
(84119, 605, 0, 'Silverleaf'),
(84120, 606, 0, 'Mageroyal'),
(84121, 606, 0, 'Mageroyal'),
(84122, 603, 0, 'Earthroot'),
(84123, 607, 0, 'Briarthorn'),
(84124, 607, 0, 'Briarthorn'),
(84125, 603, 0, 'Earthroot'),
(84126, 606, 0, 'Mageroyal'),
(84127, 606, 0, 'Mageroyal'),
(84128, 606, 0, 'Mageroyal'),
(84129, 606, 0, 'Mageroyal'),
(84130, 604, 0, 'Peacebloom'),
(84131, 606, 0, 'Mageroyal'),
(84132, 606, 0, 'Mageroyal'),
(84133, 606, 0, 'Mageroyal'),
(84134, 606, 0, 'Mageroyal'),
(84135, 608, 0, 'Bruiseweed'),
(84136, 604, 0, 'Peacebloom'),
(84137, 605, 0, 'Silverleaf'),
(84138, 605, 0, 'Silverleaf'),
(84139, 605, 0, 'Silverleaf'),
(84140, 606, 0, 'Mageroyal'),
(84141, 605, 0, 'Silverleaf'),
(84142, 605, 0, 'Silverleaf'),
(84143, 605, 0, 'Silverleaf'),
(84144, 606, 0, 'Mageroyal'),
(84145, 605, 0, 'Silverleaf'),
(84146, 607, 0, 'Briarthorn'),
(84147, 606, 0, 'Mageroyal'),
(84148, 604, 0, 'Peacebloom'),
(84149, 608, 0, 'Bruiseweed'),
(84150, 607, 0, 'Briarthorn'),
(84151, 607, 0, 'Briarthorn'),
(84152, 606, 0, 'Mageroyal'),
(84153, 606, 0, 'Mageroyal'),
(84154, 608, 0, 'Bruiseweed'),
(84155, 605, 0, 'Silverleaf'),
(84156, 604, 0, 'Peacebloom'),
(84157, 606, 0, 'Mageroyal'),
(84158, 607, 0, 'Briarthorn'),
(84159, 604, 0, 'Peacebloom'),
(84160, 604, 0, 'Peacebloom'),
(84161, 605, 0, 'Silverleaf'),
(84162, 604, 0, 'Peacebloom'),
(84163, 605, 0, 'Silverleaf'),
(84164, 606, 0, 'Mageroyal'),
(84165, 603, 0, 'Earthroot'),
(84166, 603, 0, 'Earthroot'),
(84167, 607, 0, 'Briarthorn'),
(84168, 607, 0, 'Briarthorn'),
(84169, 603, 0, 'Earthroot'),
(84170, 607, 0, 'Briarthorn'),
(84171, 607, 0, 'Briarthorn'),
(84172, 607, 0, 'Briarthorn'),
(84173, 607, 0, 'Briarthorn'),
(84174, 607, 0, 'Briarthorn'),
(84175, 607, 0, 'Briarthorn'),
(84176, 607, 0, 'Briarthorn'),
(84177, 605, 0, 'Silverleaf');

DELETE FROM `gameobject` WHERE `zoneId`=130 AND `guid` BETWEEN 83929 AND 84177;
INSERT INTO `gameobject` (`guid`, `id`, `map`, `zoneId`, `position_x`, `position_y`, `position_z`, `orientation`, `rotation0`, `rotation1`, `rotation2`, `rotation3`, `spawntimesecs`, `animprogress`, `state`) VALUES
(83929, 1617, 0, 130, 1139.96, 1260.25, 41.234, -2, 0, 0, -0.766044, 0.642788, 900, 100, 1),
(83930, 1617, 0, 130, 1256.75, 1151.34, 50.9408, 0.226892, 0, 0, 0.113203, 0.993572, 900, 100, 1),
(83931, 1617, 0, 130, 1360.65, 1053.08, 53.7951, 0.401425, 0, 0, 0.199368, 0.979925, 900, 100, 1),
(83932, 1617, 0, 130, 1147.77, 1535.59, 34.6036, 2.04204, 0, 0, 0.85264, 0.522499, 900, 100, 1),
(83933, 1617, 0, 130, 1397.55, 1006.83, 53.7419, 1.0821, 0, 0, 0.515037, 0.857168, 900, 255, 1),
(83934, 1617, 0, 130, 1118.51, 1147.29, 45.1796, 5.00909, 0, 0, -0.594823, 0.803857, 900, 100, 1),
(83935, 1617, 0, 130, 992.227, 1595.33, 30.3211, 3.71755, 0, 0, -0.958819, 0.284016, 900, 255, 1),
(83936, 1617, 0, 130, 1175.17, 1799.59, 18.5994, 5.91667, 0, 0, -0.182235, 0.983255, 900, 100, 1),
(83937, 1617, 0, 130, 1419, 1039.6, 53.4083, 0.191985, 0, 0, 0.0958452, 0.995396, 900, 100, 1),
(83938, 1617, 0, 130, 1422.82, 963.759, 53.1783, 4.04917, 0, 0, -0.898793, 0.438373, 900, 100, 1),
(83939, 1617, 0, 130, 896.103, 1337.66, 45.1423, 1.93731, 0, 0, 0.824125, 0.566408, 900, 255, 1),
(83940, 1617, 0, 130, 1109.29, 1928.59, 15.1003, 4.85202, 0, 0, -0.656058, 0.75471, 900, 100, 1),
(83941, 1617, 0, 130, 982.022, 1783.81, 12.95, 1.902, 0, 0, 0.814116, 0.580703, 900, 100, 1),
(83942, 1617, 0, 130, -619.528, 819.823, 106.308, 0.733038, 0, 0, 0.358368, 0.93358, 900, 100, 1),
(83943, 1617, 0, 130, 1037.78, 1133.19, 44.5143, 5.8294, 0, 0, -0.224951, 0.97437, 900, 100, 1),
(83944, 1617, 0, 130, 1210.77, 1571.01, 30.713, 1.431, 0, 0, 0.656059, 0.75471, 900, 100, 1),
(83945, 1617, 0, 130, 1032.04, 1212.5, 48.3156, 2.86234, 0, 0, 0.990268, 0.139175, 900, 100, 1),
(83946, 1617, 0, 130, 1107.05, 1313.31, 37.6295, 5.72468, 0, 0, -0.275637, 0.961262, 900, 100, 1),
(83947, 1617, 0, 130, 1504.67, 735.364, 44.352, 0.506, 0, 0, 0.25038, 0.968148, 900, 100, 1),
(83948, 1617, 0, 130, 1431.94, 826.901, 51.8469, 2.47837, 0, 0, 0.945518, 0.325568, 900, 100, 1),
(83949, 1617, 0, 130, 1418.93, 877.221, 48.7309, 6.12611, 0, 0, -0.0784588, 0.996917, 900, 100, 1),
(83950, 1618, 0, 130, 1233.81, 933.051, 36.8226, 4.86947, 0, 0, -0.649447, 0.760406, 900, 255, 1),
(83951, 1618, 0, 130, 1262.32, 1024.38, 43.5392, 2.54818, 0, 0, 0.956305, 0.292372, 900, 255, 1),
(83952, 1618, 0, 130, 1298.74, 1153.24, 52.504, 0.401425, 0, 0, 0.199367, 0.979925, 900, 255, 1),
(83953, 1618, 0, 130, 1348.36, 1005.2, 52.2037, 2.61799, 0, 0, 0.965925, 0.258821, 900, 255, 1),
(83954, 1618, 0, 130, -246.822, 1142.97, 61.4903, 0.837758, 0, 0, 0.406736, 0.913545, 900, 255, 1),
(83955, 1618, 0, 130, -367, 1366.5, 34.406, 2.513, 0, 0, 0.951056, 0.309017, 900, 100, 1),
(83956, 1618, 0, 130, -560, 873.41, 88.748, -1, 0, 0, -0.636078, 0.771625, 900, 100, 1),
(83957, 1618, 0, 130, 102.122, 1200, 65.299, 1.18682, 0, 0, 0.559193, 0.829038, 900, 100, 1),
(83958, 1618, 0, 130, 933.179, 1847.44, 5.781, -3, 0, 0, -0.970296, 0.241922, 900, 100, 1),
(83959, 1618, 0, 130, -547.066, 1622.77, 7.69354, 0.994837, 0, 0, 0.477159, 0.878817, 900, 100, 1),
(83960, 1618, 0, 130, 1210.13, 986.398, 37.494, 1.16937, 0, 0, 0.551936, 0.833886, 900, 100, 1),
(83961, 1618, 0, 130, 1103.88, 1458.85, 34.7833, 2.05949, 0, 0, 0.857167, 0.515038, 900, 100, 1),
(83962, 1618, 0, 130, -159.638, 950.241, 64.9428, 6.0912, 0, 0, -0.0958452, 0.995396, 900, 100, 1),
(83963, 1619, 0, 130, 357.362, 713.061, 45.0774, 0.785397, 0, 0, 0.382683, 0.92388, 900, 255, 1),
(83964, 1619, 0, 130, 889.81, 1172.7, 49.8807, 3.61284, 0, 0, -0.972369, 0.233448, 900, 255, 1),
(83965, 1619, 0, 130, 275.478, 1292.72, 79.5945, 4.71239, 0, 0, -0.707107, 0.707107, 900, 255, 1),
(83966, 1619, 0, 130, 827.243, 1324.17, 54.6776, 0.820303, 0, 0, 0.398748, 0.91706, 900, 255, 1),
(83967, 1618, 0, 130, 1100.14, 1267.14, 41.1007, 6.10865, 0, 0, -0.0871553, 0.996195, 900, 100, 1),
(83968, 1618, 0, 130, 1147.76, 1069.45, 32.9938, 3.03684, 0, 0, 0.998629, 0.0523532, 900, 100, 1),
(83969, 1618, 0, 130, 323.113, 658.814, 40.6597, 4.10153, 0, 0, -0.887011, 0.461749, 900, 100, 1),
(83970, 1619, 0, 130, 98.4341, 786.782, 73.8086, 0.90757, 0, 0, 0.438371, 0.898794, 900, 100, 1),
(83971, 1619, 0, 130, 827.721, 1257.76, 55.3613, 5.95157, 0, 0, -0.165047, 0.986286, 900, 100, 1),
(83972, 1619, 0, 130, -593.015, 748.071, 116.325, 2.67035, 0, 0, 0.972369, 0.233448, 900, 100, 1),
(83973, 1619, 0, 130, 908.785, 1462.15, 35.2878, 3.85718, 0, 0, -0.936671, 0.35021, 900, 100, 1),
(83974, 1619, 0, 130, 378.769, 1152.34, 92.5748, 4.45059, 0, 0, -0.793353, 0.608762, 900, 100, 1),
(83975, 1620, 0, 130, 958.84, 1069.46, 36.558, 6.21337, 0, 0, -0.0348988, 0.999391, 900, 255, 1),
(83976, 1620, 0, 130, 718.524, 1453.72, 61.1236, 2.84488, 0, 0, 0.989016, 0.147811, 900, 100, 1),
(83977, 1620, 0, 130, 676.372, 1213.96, 65.2791, 4.67748, 0, 0, -0.719339, 0.694659, 900, 255, 1),
(83978, 1620, 0, 130, 1212.28, 1081.24, 38.5364, 5.95157, 0, 0, -0.165047, 0.986286, 900, 255, 1),
(83979, 1620, 0, 130, 1017.85, 1068.03, 39.512, 3.49067, 0, 0, -0.984807, 0.173652, 900, 100, 1),
(83980, 1620, 0, 130, 944.517, 1541.33, 33.5463, 3.97935, 0, 0, -0.913545, 0.406738, 900, 100, 1),
(83981, 1620, 0, 130, 1336.83, 743.906, 34.2843, 2.54818, 0, 0, 0.956305, 0.292372, 900, 255, 1),
(83982, 1620, 0, 130, 843.962, 1089.3, 46.8802, 1.309, 0, 0, 0.608761, 0.793354, 900, 100, 1),
(83983, 1620, 0, 130, 809.661, 1477.3, 33.4895, 2.75761, 0, 0, 0.981627, 0.190812, 900, 255, 1),
(83984, 1620, 0, 130, 111.72, 1173.59, 65.476, -3, 0, 0, -0.999848, 0.017453, 900, 100, 1),
(83985, 1620, 0, 130, 805.578, 1547.65, 43.077, 4.57276, 0, 0, -0.754709, 0.656059, 900, 255, 1),
(83986, 1620, 0, 130, 1338.74, 800.474, 34.4119, 1.6057, 0, 0, 0.719339, 0.694659, 900, 100, 1),
(83987, 1620, 0, 130, 708.846, 1229.78, 62.9129, 4.34587, 0, 0, -0.824126, 0.566406, 900, 255, 1),
(83988, 1620, 0, 130, 868.94, 1162.26, 35.5119, 4.13643, 0, 0, -0.878817, 0.47716, 900, 255, 1),
(83989, 1620, 0, 130, 849.742, 1241.85, 33.9615, 1.29154, 0, 0, 0.601814, 0.798636, 900, 100, 1),
(83990, 1620, 0, 130, -293.199, 1221.4, 47.9139, 3.78737, 0, 0, -0.948323, 0.317306, 900, 255, 1),
(83991, 1620, 0, 130, 1316.55, 680.78, 35.2747, 4.50295, 0, 0, -0.777145, 0.629321, 900, 100, 1),
(83992, 1620, 0, 130, 886.554, 1540.91, 26.2854, 2.3911, 0, 0, 0.930417, 0.366502, 900, 255, 1),
(83993, 1620, 0, 130, 1123.37, 1095.89, 40.1016, 3.90954, 0, 0, -0.927183, 0.374608, 900, 255, 1),
(83994, 1620, 0, 130, 1418.59, 578.4, 35.8319, 3.05433, 0, 0, 0.999048, 0.0436193, 900, 100, 1),
(83995, 1620, 0, 130, 1284.96, 910.183, 39.4659, 0.279252, 0, 0, 0.139173, 0.990268, 900, 255, 1),
(83996, 1620, 0, 130, 1183.83, 382.143, 33.6484, 5.35816, 0, 0, -0.446198, 0.894935, 900, 100, 1),
(83997, 1620, 0, 130, 1151.6, 1371.06, 36.6387, 2.51327, 0, 0, 0.951056, 0.309017, 900, 100, 1),
(83998, 1620, 0, 130, 1087.7, 1095.32, 39.4568, 1.88495, 0, 0, 0.809016, 0.587786, 900, 100, 1),
(83999, 1620, 0, 130, -576, 1550.64, 10.115, -2, 0, 0, -0.760406, 0.649448, 900, 100, 1),
(84000, 1620, 0, 130, 631.639, 1193.88, 71.4564, 2.67035, 0, 0, 0.972369, 0.233448, 900, 100, 1),
(84001, 1620, 0, 130, 1199.77, 940.93, 34.9147, 3.08918, 0, 0, 0.999657, 0.0262016, 900, 100, 1),
(84002, 1621, 0, 130, 726.712, 1387.03, 72.8429, 2.11185, 0, 0, 0.870356, 0.492424, 900, 100, 1),
(84003, 1621, 0, 130, 79.434, 1247.94, 65.573, -2, 0, 0, -0.819152, 0.573577, 900, 100, 1),
(84004, 1621, 0, 130, 650.147, 1382.63, 82.9212, 0.0174525, 0, 0, 0.00872612, 0.999962, 900, 100, 1),
(84005, 1621, 0, 130, 290.546, 1581.56, 128.653, 1.117, 0, 0, 0.529919, 0.848048, 900, 100, 1),
(84006, 1621, 0, 130, 691.563, 1286.89, 74.3206, 4.04917, 0, 0, -0.898793, 0.438373, 900, 255, 1),
(84007, 1621, 0, 130, 502.74, 1208.63, 87.6672, 1.51844, 0, 0, 0.688354, 0.725375, 900, 100, 1),
(84008, 1621, 0, 130, 729.797, 1482.48, 62.22, 0.174532, 0, 0, 0.0871553, 0.996195, 900, 255, 1),
(84009, 1621, 0, 130, 429.245, 1182.35, 87.968, 0.296705, 0, 0, 0.147809, 0.989016, 900, 100, 1),
(84010, 1621, 0, 130, -504, 1519.03, 16.766, 0, 0, 0, -0.078459, 0.996917, 900, 100, 1),
(84011, 1621, 0, 130, -322.612, 1153.8, 70.5041, 2.77507, 0, 0, 0.983254, 0.182238, 900, 255, 1),
(84012, 1621, 0, 130, -495.378, 1155, 63.7513, 4.5204, 0, 0, -0.771625, 0.636078, 900, 255, 1),
(84013, 1621, 0, 130, -493.935, 1189.47, 61.2801, 2.61799, 0, 0, 0.965925, 0.258821, 900, 255, 1),
(84014, 1621, 0, 130, -517.273, 1045.46, 91.7687, 5.20108, 0, 0, -0.515038, 0.857168, 900, 255, 1),
(84015, 1621, 0, 130, -550.962, 798.357, 88.7893, 3.90954, 0, 0, -0.927183, 0.374608, 900, 100, 1),
(84016, 1621, 0, 130, -237, 1351.55, 37.523, 1.937, 0, 0, 0.824126, 0.566406, 900, 100, 1),
(84017, 1621, 0, 130, -406.846, 1350.45, 37.2905, 3.64774, 0, 0, -0.968147, 0.250381, 900, 100, 1),
(84018, 1622, 0, 130, -49, 842.693, 65.582, 1.758, 0, 0, 0, 0, 1800, 100, 1),
(84019, 1622, 0, 130, -19, 889.977, 66.465, 1.397, 0, 0, 0, 0, 1800, 100, 1),
(84020, 1622, 0, 130, -72, 882.187, 67.223, 2.752, 0, 0, 0, 0, 1800, 100, 1),
(84021, 1622, 0, 130, -33, 915.648, 69.343, 1.428, 0, 0, 0, 0, 1800, 100, 1),
(84022, 1622, 0, 130, -195.068, 955.452, 65.7338, 3.76991, 0, 0, -0.951056, 0.309017, 1800, 255, 1),
(84023, 1622, 0, 130, 42.331, 753.254, 63.6768, 3.573, 0, 0, 0, 0, 1800, 100, 1),
(84024, 1622, 0, 130, -146, 912.312, 65.876, 0.012, 0, 0, 0, 0, 1800, 100, 1),
(84025, 1622, 0, 130, -208, 943.526, 66.24, 0.593, 0, 0, 0, 0, 1800, 100, 1),
(84026, 1622, 0, 130, -200, 904.983, 65.555, 0.502, 0, 0, 0, 0, 1800, 100, 1),
(84027, 1622, 0, 130, -200, 912.213, 71.472, 0.502, 0, 0, 0, 0, 1800, 100, 1),
(84028, 1622, 0, 130, -164, 909.807, 65.574, 3.463, 0, 0, 0, 0, 1800, 100, 1),
(84029, 1622, 0, 130, -45, 850.166, 66.727, 1.758, 0, 0, 0, 0, 1800, 100, 1),
(84030, 1622, 0, 130, 7.357, 751.322, 63.675, 3.196, 0, 0, 0, 0, 1800, 100, 1),
(84031, 1622, 0, 130, 156.419, 1509.1, 114.688, 3.107, 0, 0, 0.999848, 0.017453, 1800, 100, 1),
(84032, 1622, 0, 130, -702, 630.579, 100.129, 1.64, 0, 0, 0, 0, 1800, 100, 1),
(84033, 1622, 0, 130, -238.815, 1524.45, 76.3908, 5.67232, 0, 0, -0.300705, 0.953717, 1800, 100, 1),
(84034, 1622, 0, 130, -81, 837.238, 60.714, 0.71, 0, 0, 0, 0, 1800, 100, 1),
(84035, 1622, 0, 130, -37, 766.354, 64.49, 0.863, 0, 0, 0, 0, 1800, 100, 1),
(84036, 1622, 0, 130, -242, 1474.07, 53.693, 3.037, 0, 0, 0.99863, 0.052336, 1800, 100, 1),
(84037, 1622, 0, 130, -78, 831.945, 60.863, 0.71, 0, 0, 0, 0, 1800, 100, 1),
(84038, 1622, 0, 130, -78, 847.193, 62.229, 5.509, 0, 0, 0, 0, 1800, 100, 1),
(84039, 1622, 0, 130, -237, 1508.14, 75.385, 2.78, 0, 0, 0, 0, 1800, 100, 1),
(84040, 1622, 0, 130, -242, 1504.87, 78.099, 3.825, 0, 0, 0, 0, 1800, 100, 1),
(84041, 1622, 0, 130, -267, 1450.69, 51.413, 2.368, 0, 0, 0, 0, 1800, 100, 1),
(84042, 1622, 0, 130, -269, 1475.09, 44.506, 0.047, 0, 0, 0, 0, 1800, 100, 1),
(84043, 1622, 0, 130, -221, 1489.41, 72.222, 3.514, 0, 0, 0, 0, 1800, 100, 1),
(84044, 1622, 0, 130, 108.5, 1477.91, 120.092, 3.188, 0, 0, 0, 0, 1800, 100, 1),
(84045, 1622, 0, 130, 60.776, 1423.28, 85.986, 6.051, 0, 0, 0, 0, 1800, 100, 1),
(84046, 1622, 0, 130, 112.468, 743.652, 59.654, 0.266, 0, 0, 0, 0, 1800, 100, 1),
(84047, 1622, 0, 130, -213, 933.211, 68.423, 0.593, 0, 0, 0, 0, 1800, 100, 1),
(84048, 1622, 0, 130, 103.012, 769.51, 70.674, 1.24, 0, 0, 0, 0, 1800, 100, 1),
(84049, 1622, 0, 130, 70.458, 722.206, 63.32, 4.739, 0, 0, 0, 0, 1800, 100, 1),
(84050, 1622, 0, 130, 72.386, 767.868, 63.664, 3.47, 0, 0, 0, 0, 1800, 100, 1),
(84051, 1622, 0, 130, -45, 770.698, 63.105, 0.863, 0, 0, 0, 0, 1800, 100, 1),
(84052, 1622, 0, 130, 241.667, 1506.43, 138.851, 2.768, 0, 0, 0, 0, 1800, 100, 1),
(84053, 1622, 0, 130, 385.478, 1446.54, 134.776, 5.918, 0, 0, 0, 0, 1800, 100, 1),
(84054, 1622, 0, 130, 135.188, 1506.19, 114.417, 3.66, 0, 0, 0, 0, 1800, 100, 1),
(84055, 1622, 0, 130, 359.451, 1396.92, 132.017, 0.802851, 0, 0, 0.390731, 0.920505, 1800, 100, 1),
(84056, 1622, 0, 130, 83.588, 1350.77, 72.272, 6.149, 0, 0, 0, 0, 1800, 100, 1),
(84057, 1622, 0, 130, -261, 1527.01, 77.154, 0.341, 0, 0, 0, 0, 1800, 100, 1),
(84058, 1622, 0, 130, -69, 890.401, 65.448, 2.752, 0, 0, 0, 0, 1800, 100, 1),
(84059, 1617, 0, 130, 1129.89, 1426.89, 37.3946, 3.57793, 0, 0, -0.976295, 0.216442, 900, 255, 1),
(84060, 1621, 0, 130, 752.246, 1176.41, 54.1389, 5.20108, 0, 0, -0.515038, 0.857168, 300, 100, 1),
(84061, 1621, 0, 130, 363.656, 1202.77, 76.7807, 3.194, 0, 0, -0.999657, 0.0262016, 300, 100, 1),
(84062, 1621, 0, 130, 189.594, 1220.34, 68.9187, 0.087266, 0, 0, 0.0436192, 0.999048, 300, 100, 1),
(84063, 1621, 0, 130, -395.193, 1127.8, 84.6086, 1.50098, 0, 0, 0.681998, 0.731354, 300, 100, 1),
(84064, 1621, 0, 130, 295.11, 1275.38, 77.5284, 1.46608, 0, 0, 0.66913, 0.743145, 300, 100, 1),
(84065, 1621, 0, 130, 476.653, 1156.71, 94.5741, 3.83973, 0, 0, -0.939692, 0.34202, 300, 100, 1),
(84066, 1621, 0, 130, -639.503, 1494.97, 9.6857, 3.54302, 0, 0, -0.979924, 0.19937, 300, 100, 1),
(84067, 1621, 0, 130, 67.2836, 1266.24, 65.0148, 0.349065, 0, 0, 0.173648, 0.984808, 300, 100, 1),
(84068, 1622, 0, 130, 114.162, 1327.6, 103.393, 2.51327, 0, 0, 0.951056, 0.309017, 300, 100, 1),
(84069, 1622, 0, 130, -212.187, 961.788, 72.1722, 4.10153, 0, 0, -0.887011, 0.461749, 300, 100, 1),
(84070, 1622, 0, 130, -82.8668, 872.231, 65.2026, 1.72787, 0, 0, 0.760406, 0.649449, 300, 100, 1),
(84071, 1622, 0, 130, 227.415, 1478.35, 142.382, 2.72271, 0, 0, 0.978148, 0.207912, 300, 100, 1),
(84072, 1622, 0, 130, 68.9466, 762.575, 63.6638, 4.25861, 0, 0, -0.848047, 0.529921, 300, 100, 1),
(84073, 1619, 0, 130, -25.7078, 836.054, 78.0244, 4.71239, 0, 0, -0.707107, 0.707107, 300, 100, 1),
(84074, 1620, 0, 130, 828.751, 1186.54, 48.3242, 5.88176, 0, 0, -0.199368, 0.979925, 300, 100, 1),
(84075, 1620, 0, 130, 833.252, 1214.64, 48.6721, 2.61799, 0, 0, 0.965925, 0.258821, 300, 100, 1),
(84076, 1620, 0, 130, -519.838, 1466.36, 19.123, 3.82227, 0, 0, -0.942641, 0.333808, 300, 100, 1),
(84077, 1620, 0, 130, -240.384, 1216.4, 50.4127, 5.02655, 0, 0, -0.587785, 0.809017, 300, 100, 1),
(84078, 1618, 0, 130, -100.278, 999.729, 67.1666, 5.00909, 0, 0, -0.594823, 0.803857, 300, 100, 1),
(84079, 1617, 0, 130, 1432.96, 544.227, 48.2039, 1.74533, 0, 0, 0.766044, 0.642788, 900, 100, 1),
(84080, 1617, 0, 130, 913.527, 179.44, 38.1404, -0.715585, 0, 0, 0.350207, -0.936672, 900, 100, 1),
(84081, 1617, 0, 130, 678.855, 368.35, 38.5739, 1.8675, 0, 0, 0.803857, 0.594823, 900, 100, 1),
(84082, 1619, 0, 130, 174.527, 736.229, 52.6158, 1.93731, 0, 0, 0.824126, 0.566406, 900, 100, 1),
(84083, 1618, 0, 130, 155.442, 683.028, 50.2955, -0.453786, 0, 0, 0.224951, -0.97437, 900, 100, 1),
(84084, 1617, 0, 130, 1430.56, 653.667, 51.9433, 0.05236, 0, 0, 0.026177, 0.999657, 900, 100, 1),
(84085, 1618, 0, 130, 1392.21, 932.562, 48.8297, -1.29154, 0, 0, 0.601815, -0.798635, 900, 100, 1),
(84086, 1618, 0, 130, 1307.91, 1086.52, 51.4278, -3.07178, 0, 0, 0.999391, -0.034899, 900, 100, 1),
(84087, 1617, 0, 130, 1178.73, 1272.24, 35.4085, 0.191986, 0, 0, 0.095846, 0.995396, 900, 100, 1),
(84088, 1617, 0, 130, 1074.42, 1304.77, 37.8319, 0.331613, 0, 0, 0.165048, 0.986286, 900, 100, 1),
(84089, 1617, 0, 130, 895.545, 1396.65, 38.7257, 0.20944, 0, 0, 0.104528, 0.994522, 900, 100, 1),
(84090, 1621, 0, 130, 791.815, 1391.85, 59.5212, -2.05949, 0, 0, 0.857167, -0.515038, 900, 100, 1),
(84091, 1620, 0, 130, 851.27, 1405.59, 41.4164, 3.10669, 0, 0, 0.999848, 0.017452, 900, 100, 1),
(84092, 1621, 0, 130, 563.505, 1313.28, 87.6793, -1.309, 0, 0, 0.608761, -0.793353, 900, 100, 1),
(84093, 1619, 0, 130, 310.73, 1181.5, 86.8165, 1.8326, 0, 0, 0.793353, 0.608761, 900, 100, 1),
(84094, 1618, 0, 130, -76.2625, 1275.56, 57.8445, -1.90241, 0, 0, 0.814116, -0.580703, 900, 100, 1),
(84095, 1622, 0, 130, 57.6614, 1380.17, 83.7885, -2.58309, 0, 0, 0.961262, -0.275637, 1800, 100, 1),
(84096, 1618, 0, 130, -101.836, 1131.98, 63.7291, 1.43117, 0, 0, 0.656059, 0.75471, 900, 100, 1),
(84097, 1621, 0, 130, -141.737, 1240.82, 51.6545, 2.40855, 0, 0, 0.93358, 0.358368, 900, 100, 1),
(84098, 1621, 0, 130, -182.456, 1115.56, 56.6134, 3.12414, 0, 0, 0.999962, 0.008727, 900, 100, 1),
(84099, 1618, 0, 130, -414.508, 1265.74, 41.815, -0.733038, 0, 0, 0.358368, -0.93358, 900, 100, 1),
(84100, 1620, 0, 130, -397.639, 1223.54, 47.8256, 1.39626, 0, 0, 0.642788, 0.766044, 900, 100, 1),
(84101, 1618, 0, 130, -470.102, 1245.04, 47.267, -2.75762, 0, 0, 0.981627, -0.190809, 900, 100, 1),
(84102, 1622, 0, 130, -185.161, 932.904, 65.5428, -0.017453, 0, 0, 0.008727, -0.999962, 1800, 100, 1),
(84103, 1617, 0, 130, 1438.32, 1086.28, 57.7825, -2.18166, 0, 0, 0.887011, -0.461749, 900, 100, 1),
(84104, 1622, 0, 130, -55.1535, 762.506, 63.0612, -1.16937, 0, 0, 0.551937, -0.833886, 1800, 100, 1),
(84105, 1617, 0, 130, 1025, 1748.5, 15.8375, 1.25664, 0, 0, 0.587785, 0.809017, 900, 100, 1),
(84106, 1619, 0, 130, 405.488, 1342.4, 86.071, 2.96706, 0, 0, 0.996195, 0.087156, 900, 100, 1),
(84107, 1617, 0, 130, 795.117, 1585.94, 33.8348, 3.14159, 0, 0, 1, 0, 900, 100, 1),
(84108, 1618, 0, 130, 965.486, 1468.27, 40.5539, -2.77507, 0, 0, 0.983255, -0.182235, 900, 100, 1),
(84109, 1617, 0, 130, 1059.91, 1465.48, 38.0486, 2.04204, 0, 0, 0.85264, 0.522499, 900, 100, 1),
(84110, 1618, 0, 130, 877.827, 1818.34, 8.32242, -0.191986, 0, 0, 0.095846, -0.995396, 900, 100, 1),
(84111, 1617, 0, 130, 1149.85, 1595.4, 33.0277, 0.610865, 0, 0, 0.300706, 0.953717, 900, 100, 1),
(84112, 1617, 0, 130, 1123.03, 1642.73, 29.839, -1.81514, 0, 0, 0.788011, -0.615661, 900, 100, 1),
(84113, 1620, 0, 130, 1188.6, 1685.35, 17.7473, 2.42601, 0, 0, 0.936672, 0.350207, 900, 100, 1),
(84114, 1617, 0, 130, 1054.94, 1424.03, 40.147, -2.94961, 0, 0, 0.995396, -0.095846, 900, 100, 1),
(84115, 1617, 0, 130, 964.176, 1734.82, 13.604, 3.14159, 0, 0, 1, 0, 900, 100, 1),
(84116, 1618, 0, 130, 833.437, 1787.82, 11.3078, 0.314159, 0, 0, 0.156434, 0.987688, 900, 100, 1),
(84117, 1617, 0, 130, 793.355, 1688.58, 27.3342, -2.51327, 0, 0, 0.951057, -0.309017, 900, 100, 1),
(84118, 1621, 0, 130, 198.553, 1564.28, 128.405, -1.37881, 0, 0, 0.636078, -0.771625, 900, 100, 1),
(84119, 1617, 0, 130, 1079.32, 1818.09, 21.8281, -0.418879, 0, 0, 0.207912, -0.978148, 900, 100, 1),
(84120, 1620, 0, 130, 695.347, 1008.52, 39.9455, -1.50098, 0, 0, 0.681998, -0.731354, 900, 100, 1),
(84121, 1620, 0, 130, 783.099, 1111.93, 46.2027, -2.1293, 0, 0, 0.87462, -0.48481, 900, 100, 1),
(84122, 1619, 0, 130, -711.061, 1210.57, 89.5052, -2.26893, 0, 0, 0.906308, -0.422618, 900, 100, 1),
(84123, 1621, 0, 130, -32.0891, 1265.96, 61.1706, 5.61996, 0, 0, -0.325567, 0.945519, 300, 100, 1),
(84124, 1621, 0, 130, 556.695, 1337.89, 86.6567, 3.35105, 0, 0, -0.994521, 0.104536, 300, 100, 1),
(84125, 1619, 0, 130, 67.4183, 640.243, 78.5119, 5.25344, 0, 0, -0.492423, 0.870356, 300, 100, 1),
(84126, 1620, 0, 130, 835.827, 1389.05, 40.3876, 5.00909, 0, 0, -0.594823, 0.803857, 300, 100, 1),
(84127, 1620, 0, 130, 618.615, 589.892, 34.8883, 1.91986, 0, 0, 0.819152, 0.573577, 300, 100, 1),
(84128, 1620, 0, 130, 905.735, 1404.78, 35.6612, 1.6057, 0, 0, 0.719339, 0.694659, 300, 100, 1),
(84129, 1620, 0, 130, -457.327, 1176.1, 59.4468, 5.67232, 0, 0, -0.300705, 0.953717, 300, 100, 1),
(84130, 1618, 0, 130, -427.72, 1118.08, 84.9261, 5.55015, 0, 0, -0.358368, 0.93358, 300, 100, 1),
(84131, 1620, 0, 130, 684.037, 1134.15, 55.1769, -0.925024, 0, 0, 0.446198, -0.894934, 900, 100, 1),
(84132, 1620, 0, 130, 668.948, 1072.93, 55.419, -2.75762, 0, 0, 0.981627, -0.190809, 900, 100, 1),
(84133, 1620, 0, 130, 626.599, 1114.28, 63.7859, 2.14675, 0, 0, 0.878817, 0.47716, 300, 100, 1),
(84134, 1620, 0, 130, 664.761, 1137.47, 57.2768, 3.00195, 0, 0, 0.997563, 0.0697661, 300, 100, 1),
(84135, 1622, 0, 130, 118.86, 1451.5, 114.548, 2.70526, 0, 0, 0.976296, 0.21644, 1800, 100, 1),
(84136, 1618, 0, 130, 1066.55, 1680.21, 29.898, -0.279253, 0, 0, 0.139173, -0.990268, 900, 100, 1),
(84137, 1617, 0, 130, 840.311, 1677.48, 23.4966, -0.226893, 0, 0, 0.113203, -0.993572, 900, 100, 1),
(84138, 1617, 0, 130, 900.661, 1569.17, 33.5175, -0.191986, 0, 0, 0.095846, -0.995396, 900, 100, 1),
(84139, 1617, 0, 130, 1205.44, 1783.67, 16.5314, 0.645772, 0, 0, 0.317305, 0.948324, 900, 100, 1),
(84140, 1620, 0, 130, 1219.14, 1954.37, 10.6725, 2.98451, 0, 0, 0.996917, 0.078459, 900, 100, 1),
(84141, 1617, 0, 130, 1126.4, 1410.8, 37.209, -2.37365, 0, 0, 0.927184, -0.374607, 900, 100, 1),
(84142, 1617, 0, 130, 1140.49, 1446.77, 35.3898, -0.034907, 0, 0, 0.017452, -0.999848, 900, 100, 1),
(84143, 1617, 0, 130, 544.687, 1121.12, 89.5982, 0, 0, 0, 0, 1, 900, 100, 1),
(84144, 1620, 0, 130, 991.112, 1078.78, 38.4924, -1.72788, 0, 0, 0.760406, -0.649448, 900, 100, 1),
(84145, 1617, 0, 130, 949.814, 1149.56, 41.3023, 1.41372, 0, 0, 0.649448, 0.760406, 900, 100, 1),
(84146, 1621, 0, 130, -573.7, 1325.55, 48.5212, -0.488692, 0, 0, 0.241922, -0.970296, 900, 100, 1),
(84147, 1620, 0, 130, -616.288, 1354.73, 36.3461, 2.58309, 0, 0, 0.961262, 0.275637, 900, 100, 1),
(84148, 1618, 0, 130, -417.206, 819.836, 96.3303, 2.47837, 0, 0, 0.945519, 0.325568, 900, 100, 1),
(84149, 1622, 0, 130, -73.9623, 939.846, 69.3082, 2.28638, 0, 0, 0.909961, 0.414693, 1800, 100, 1),
(84150, 1621, 0, 130, 222.798, 1622.17, 138.217, 2.3911, 0, 0, 0.930418, 0.366501, 900, 100, 1),
(84151, 1621, 0, 130, -458.826, 1416.93, 33.0005, -2.14675, 0, 0, 0.878817, -0.477159, 900, 100, 1),
(84152, 1620, 0, 130, -311.059, 1654.67, 14.3302, -1.69297, 0, 0, 0.748956, -0.66262, 900, 100, 1),
(84153, 1620, 0, 130, -538.041, 1282.96, 56.2798, 0.925024, 0, 0, 0.446198, 0.894935, 300, 100, 1),
(84154, 1622, 0, 130, -320.719, 1459.67, 30.8319, -2.70526, 0, 0, 0.976296, -0.21644, 1800, 100, 1),
(84155, 1617, 0, 130, 1332.69, 1258.29, 53.0574, -1.32645, 0, 0, 0.615661, -0.788011, 900, 100, 1),
(84156, 1618, 0, 130, 1046.95, 1074.42, 38.2561, 1.98968, 0, 0, 0.838671, 0.544639, 900, 100, 1),
(84157, 1620, 0, 130, 865.811, 1470.07, 33.9663, -1.41372, 0, 0, 0.649448, -0.760406, 900, 100, 1),
(84158, 1621, 0, 130, 168.096, 1079.72, 89.5135, 1.32645, 0, 0, 0.615662, 0.788011, 900, 100, 1),
(84159, 1618, 0, 130, -666.635, 1533.53, 7.65304, 1.53589, 0, 0, 0.694658, 0.71934, 900, 100, 1),
(84160, 1618, 0, 130, 19.8344, 1294.69, 62.4714, 3.00197, 0, 0, 0.997564, 0.069757, 900, 100, 1),
(84161, 1617, 0, 130, 1344.55, 841.425, 48.9081, 2.63545, 0, 0, 0.968148, 0.25038, 900, 100, 1),
(84162, 1618, 0, 130, 1292.74, 861.808, 35.725, 1.72788, 0, 0, 0.760406, 0.649448, 900, 100, 1),
(84163, 1617, 0, 130, 1204.6, 1263.11, 42.5633, -0.436333, 0, 0, 0.21644, -0.976296, 900, 100, 1),
(84164, 1620, 0, 130, 1189, 1038.54, 36.0202, 2.07694, 0, 0, 0.861629, 0.507538, 900, 100, 1),
(84165, 1619, 0, 130, 817.288, 1517.61, 41.1745, -1.15192, 0, 0, 0.544639, -0.838671, 900, 100, 1),
(84166, 1619, 0, 130, 757.613, 1514.36, 53.8668, -2.87979, 0, 0, 0.991445, -0.130526, 900, 100, 1),
(84167, 1621, 0, 130, 9.14334, 1086.47, 68.8772, 3.68265, 0, 0, -0.96363, 0.267241, 900, 100, 1),
(84168, 1621, 0, 130, -38.9839, 1064.54, 63.8401, 3.52557, 0, 0, -0.981627, 0.190812, 300, 100, 1),
(84169, 1619, 0, 130, 463.334, 1359.06, 94.2735, 2.3911, 0, 0, 0.930418, 0.366501, 900, 100, 1),
(84170, 1621, 0, 130, -79.9488, 1113.74, 67.3336, 1.79769, 0, 0, 0.782608, 0.622515, 300, 100, 1),
(84171, 1621, 0, 130, -205.826, 1116.79, 56.9068, 1.50098, 0, 0, 0.681998, 0.731354, 900, 100, 1),
(84172, 1621, 0, 130, -496.818, 675.509, 88.2723, -0.139626, 0, 0, 0.069756, -0.997564, 900, 100, 1),
(84173, 1621, 0, 130, -473.732, 911.782, 93.7703, -1.46608, 0, 0, 0.669131, -0.743145, 900, 100, 1),
(84174, 1621, 0, 130, -542.837, 904.022, 89.8296, 4.20625, 0, 0, -0.861629, 0.507539, 300, 100, 1),
(84175, 1621, 0, 130, -473.183, 865.694, 96.5802, 2.07694, 0, 0, 0.861629, 0.507539, 300, 100, 1),
(84176, 1621, 0, 130, -446.982, 847.415, 96.9973, 0.314158, 0, 0, 0.156434, 0.987688, 300, 100, 1),
(84177, 1617, 0, 130, 1507.44, 743.901, 45.1805, 0.506145, 0, 0, 0.25038, 0.968148, 900, 100, 1);

-- The Hinterlands
DELETE FROM `pool_gameobject` WHERE `pool_entry` IN (965);
DELETE FROM `pool_template` WHERE `entry` IN (965);
DELETE FROM `gameobject` WHERE `guid` IN (4205,4237,7363,7394,7414,7470,7494,7506,7509,7531,7538,7556,7563,7577,7578,7579,7580,7644,7660,7671,7682,7712,7718,7747,7748,7749,7769,7770,7787,7799,7800,7801,7823,7824,7926,7935,7979,7980,7983,7987,8010,8011,8052,8067,8068,8069,8070,8072,8073,8074,8080,8119,8127,8134,8135,8136,8138,8139,8628,8669,8672,8676,8677,8700,8701,8702,8710,8712,8739,8809,8842,8862,8868,8886,8889,8906,8940,8947,8967,8968,8973,8975,8976,8977,8978,9005,9039,9052,9053,9054,9055,9081,9100,9101,9103,9155,9159,9160,9185,9192,9205,9210,15821,15833,15839,15845,15858,15864,15867,15870,15882,15905,15911,15913,15919,15926,15939,16026,16027,16029,16034,16043,16044,16045,16046,16049,16053,16055,16057,16060,16061,16064,16065,16066,16079,16081,16087,16089,16093,16096,16105,16109,16116,16117,16121,16123,16124,16125,16137,16138,16139,16143,16144,16158,16174,16176,16180,16184,16190,16193,16195,16196,16197,16198,16199,16202,16206,16213,16214,16215,16219,16232,16235,16238,16240,16241,16242,16243,16256,16269,16276,16279,16415,16416,16417,16418,16419,16420,16421,16422,16423,16424,16425,16426,16429,16430,16431,16433,16434,16435,16437,16438,16442,16443,16445,16447,16448,18980,18990,19003,19008,19021,19022,19026,19037,19045,19071,19077,19093,19103,19104,19124,19125,19133,19144,19158,19210,19218,19257,33857,33858,34926,34947,34963,34971,34973,34976,34988,34991,34998,35001,35002,35003,46205,46244,46253,46254,46264,46276,46283,46284,46290,46296,46297,46298,46299,46301,46302,46305,46311,46323,46324,46328,46353,46364,46365,46366,46395,46396,46398,46418,46421,46422,46434,46440,46441,46449,63149,63560,64888,64896,64897,64898,64899,65309,86056,86071,86094,86095,86098,86106,86108,86109,86138,86139,86140,86383,86392,86394,86820,86837,86840,86841,86964,86985,87167,87168,87169,87347,87348,87443,87444,87445,87446,87447,87448,87449,87450,87451,87452,87453,87454,87455,87460,87485,87486,87551,87557,87574,87575,87576,87577);

-- Vmangos pools: (1247,1248,1249,1250,1251,1252,1253,1254);
DELETE FROM `pool_template` WHERE `entry` BETWEEN 609 AND 616;
INSERT INTO `pool_template` (`entry`, `max_limit`, `description`) VALUES
(609, 8, 'Ghost Mushroom in Hinterlands'),
(610, 9, 'Khadgars Whisker in Hinterlands'),
(611, 16, 'Goldthron in Hinterlands'),
(612, 15, 'Sungrass in Hinterlands'),
(613, 5, 'Liferoot in Hinterlands'),
(614, 9, 'Fadeleaf in Hinterlands'),
(615, 8, 'Golden Sansam in Hinterlands'),
(616, 9, 'Purple Lotus in Hinterlands');


DELETE FROM `pool_gameobject` WHERE `guid` BETWEEN 84178 AND 84505;
INSERT INTO `pool_gameobject` (`guid`, `pool_entry`, `chance`, `description`) VALUES 
(84178, 611, 0, 'Goldthorn'),
(84179, 610, 0, 'Khadgar\'s Whisker'),
(84180, 613, 0, 'Liferoot'),
(84181, 613, 0, 'Liferoot'),
(84182, 613, 0, 'Liferoot'),
(84183, 613, 0, 'Liferoot'),
(84184, 613, 0, 'Liferoot'),
(84185, 613, 0, 'Liferoot'),
(84186, 613, 0, 'Liferoot'),
(84187, 613, 0, 'Liferoot'),
(84188, 613, 0, 'Liferoot'),
(84189, 613, 0, 'Liferoot'),
(84190, 613, 0, 'Liferoot'),
(84191, 614, 0, 'Fadeleaf'),
(84192, 614, 0, 'Fadeleaf'),
(84193, 614, 0, 'Fadeleaf'),
(84194, 614, 0, 'Fadeleaf'),
(84195, 614, 0, 'Fadeleaf'),
(84196, 614, 0, 'Fadeleaf'),
(84197, 614, 0, 'Fadeleaf'),
(84198, 614, 0, 'Fadeleaf'),
(84199, 614, 0, 'Fadeleaf'),
(84200, 614, 0, 'Fadeleaf'),
(84201, 614, 0, 'Fadeleaf'),
(84202, 614, 0, 'Fadeleaf'),
(84203, 614, 0, 'Fadeleaf'),
(84204, 614, 0, 'Fadeleaf'),
(84205, 614, 0, 'Fadeleaf'),
(84206, 614, 0, 'Fadeleaf'),
(84207, 614, 0, 'Fadeleaf'),
(84208, 614, 0, 'Fadeleaf'),
(84209, 614, 0, 'Fadeleaf'),
(84210, 614, 0, 'Fadeleaf'),
(84211, 610, 0, 'Khadgar\'s Whisker'),
(84212, 610, 0, 'Khadgar\'s Whisker'),
(84213, 610, 0, 'Khadgar\'s Whisker'),
(84214, 610, 0, 'Khadgar\'s Whisker'),
(84215, 610, 0, 'Khadgar\'s Whisker'),
(84216, 610, 0, 'Khadgar\'s Whisker'),
(84217, 610, 0, 'Khadgar\'s Whisker'),
(84218, 610, 0, 'Khadgar\'s Whisker'),
(84219, 610, 0, 'Khadgar\'s Whisker'),
(84220, 610, 0, 'Khadgar\'s Whisker'),
(84221, 610, 0, 'Khadgar\'s Whisker'),
(84222, 610, 0, 'Khadgar\'s Whisker'),
(84223, 610, 0, 'Khadgar\'s Whisker'),
(84224, 610, 0, 'Khadgar\'s Whisker'),
(84225, 610, 0, 'Khadgar\'s Whisker'),
(84226, 610, 0, 'Khadgar\'s Whisker'),
(84227, 610, 0, 'Khadgar\'s Whisker'),
(84228, 610, 0, 'Khadgar\'s Whisker'),
(84229, 610, 0, 'Khadgar\'s Whisker'),
(84230, 610, 0, 'Khadgar\'s Whisker'),
(84231, 610, 0, 'Khadgar\'s Whisker'),
(84232, 610, 0, 'Khadgar\'s Whisker'),
(84233, 610, 0, 'Khadgar\'s Whisker'),
(84234, 611, 0, 'Goldthorn'),
(84235, 611, 0, 'Goldthorn'),
(84236, 611, 0, 'Goldthorn'),
(84237, 611, 0, 'Goldthorn'),
(84238, 611, 0, 'Goldthorn'),
(84239, 611, 0, 'Goldthorn'),
(84240, 611, 0, 'Goldthorn'),
(84241, 611, 0, 'Goldthorn'),
(84242, 611, 0, 'Goldthorn'),
(84243, 611, 0, 'Goldthorn'),
(84244, 611, 0, 'Goldthorn'),
(84245, 611, 0, 'Goldthorn'),
(84246, 611, 0, 'Goldthorn'),
(84247, 611, 0, 'Goldthorn'),
(84248, 611, 0, 'Goldthorn'),
(84249, 611, 0, 'Goldthorn'),
(84250, 611, 0, 'Goldthorn'),
(84251, 611, 0, 'Goldthorn'),
(84252, 611, 0, 'Goldthorn'),
(84253, 611, 0, 'Goldthorn'),
(84254, 611, 0, 'Goldthorn'),
(84255, 611, 0, 'Goldthorn'),
(84256, 611, 0, 'Goldthorn'),
(84257, 611, 0, 'Goldthorn'),
(84258, 611, 0, 'Goldthorn'),
(84259, 611, 0, 'Goldthorn'),
(84260, 611, 0, 'Goldthorn'),
(84261, 611, 0, 'Goldthorn'),
(84262, 611, 0, 'Goldthorn'),
(84263, 611, 0, 'Goldthorn'),
(84264, 611, 0, 'Goldthorn'),
(84265, 611, 0, 'Goldthorn'),
(84266, 611, 0, 'Goldthorn'),
(84267, 611, 0, 'Goldthorn'),
(84268, 611, 0, 'Goldthorn'),
(84269, 611, 0, 'Goldthorn'),
(84270, 612, 0, 'Sungrass'),
(84271, 612, 0, 'Sungrass'),
(84272, 612, 0, 'Sungrass'),
(84273, 612, 0, 'Sungrass'),
(84274, 616, 0, 'Purple Lotus'),
(84275, 616, 0, 'Purple Lotus'),
(84276, 616, 0, 'Purple Lotus'),
(84277, 616, 0, 'Purple Lotus'),
(84278, 616, 0, 'Purple Lotus'),
(84279, 616, 0, 'Purple Lotus'),
(84280, 616, 0, 'Purple Lotus'),
(84281, 616, 0, 'Purple Lotus'),
(84282, 616, 0, 'Purple Lotus'),
(84283, 616, 0, 'Purple Lotus'),
(84284, 616, 0, 'Purple Lotus'),
(84285, 616, 0, 'Purple Lotus'),
(84286, 616, 0, 'Purple Lotus'),
(84287, 616, 0, 'Purple Lotus'),
(84288, 616, 0, 'Purple Lotus'),
(84289, 616, 0, 'Purple Lotus'),
(84290, 616, 0, 'Purple Lotus'),
(84291, 616, 0, 'Purple Lotus'),
(84292, 612, 0, 'Sungrass'),
(84293, 612, 0, 'Sungrass'),
(84294, 612, 0, 'Sungrass'),
(84295, 612, 0, 'Sungrass'),
(84296, 612, 0, 'Sungrass'),
(84297, 612, 0, 'Sungrass'),
(84298, 612, 0, 'Sungrass'),
(84299, 612, 0, 'Sungrass'),
(84300, 612, 0, 'Sungrass'),
(84301, 612, 0, 'Sungrass'),
(84302, 612, 0, 'Sungrass'),
(84303, 612, 0, 'Sungrass'),
(84304, 612, 0, 'Sungrass'),
(84305, 612, 0, 'Sungrass'),
(84306, 612, 0, 'Sungrass'),
(84307, 612, 0, 'Sungrass'),
(84308, 612, 0, 'Sungrass'),
(84309, 612, 0, 'Sungrass'),
(84310, 612, 0, 'Sungrass'),
(84311, 612, 0, 'Sungrass'),
(84312, 612, 0, 'Sungrass'),
(84313, 612, 0, 'Sungrass'),
(84314, 612, 0, 'Sungrass'),
(84315, 612, 0, 'Sungrass'),
(84316, 612, 0, 'Sungrass'),
(84317, 612, 0, 'Sungrass'),
(84318, 612, 0, 'Sungrass'),
(84319, 612, 0, 'Sungrass'),
(84320, 612, 0, 'Sungrass'),
(84321, 612, 0, 'Sungrass'),
(84322, 612, 0, 'Sungrass'),
(84323, 612, 0, 'Sungrass'),
(84324, 612, 0, 'Sungrass'),
(84325, 612, 0, 'Sungrass'),
(84326, 612, 0, 'Sungrass'),
(84327, 612, 0, 'Sungrass'),
(84328, 612, 0, 'Sungrass'),
(84329, 612, 0, 'Sungrass'),
(84330, 612, 0, 'Sungrass'),
(84331, 612, 0, 'Sungrass'),
(84332, 612, 0, 'Sungrass'),
(84333, 612, 0, 'Sungrass'),
(84334, 612, 0, 'Sungrass'),
(84335, 612, 0, 'Sungrass'),
(84336, 612, 0, 'Sungrass'),
(84337, 612, 0, 'Sungrass'),
(84338, 612, 0, 'Sungrass'),
(84339, 612, 0, 'Sungrass'),
(84340, 612, 0, 'Sungrass'),
(84341, 612, 0, 'Sungrass'),
(84342, 612, 0, 'Sungrass'),
(84343, 612, 0, 'Sungrass'),
(84344, 612, 0, 'Sungrass'),
(84345, 612, 0, 'Sungrass'),
(84346, 612, 0, 'Sungrass'),
(84347, 612, 0, 'Sungrass'),
(84348, 612, 0, 'Sungrass'),
(84349, 609, 0, 'Ghost Mushroom'),
(84350, 609, 0, 'Ghost Mushroom'),
(84351, 609, 0, 'Ghost Mushroom'),
(84352, 609, 0, 'Ghost Mushroom'),
(84353, 609, 0, 'Ghost Mushroom'),
(84354, 609, 0, 'Ghost Mushroom'),
(84355, 609, 0, 'Ghost Mushroom'),
(84356, 609, 0, 'Ghost Mushroom'),
(84357, 609, 0, 'Ghost Mushroom'),
(84358, 609, 0, 'Ghost Mushroom'),
(84359, 609, 0, 'Ghost Mushroom'),
(84360, 609, 0, 'Ghost Mushroom'),
(84361, 609, 0, 'Ghost Mushroom'),
(84362, 609, 0, 'Ghost Mushroom'),
(84363, 609, 0, 'Ghost Mushroom'),
(84364, 609, 0, 'Ghost Mushroom'),
(84365, 609, 0, 'Ghost Mushroom'),
(84366, 609, 0, 'Ghost Mushroom'),
(84367, 609, 0, 'Ghost Mushroom'),
(84368, 609, 0, 'Ghost Mushroom'),
(84369, 609, 0, 'Ghost Mushroom'),
(84370, 609, 0, 'Ghost Mushroom'),
(84371, 609, 0, 'Ghost Mushroom'),
(84372, 609, 0, 'Ghost Mushroom'),
(84373, 614, 0, 'Fadeleaf'),
(84374, 614, 0, 'Fadeleaf'),
(84375, 614, 0, 'Fadeleaf'),
(84376, 614, 0, 'Fadeleaf'),
(84377, 614, 0, 'Fadeleaf'),
(84378, 611, 0, 'Goldthorn'),
(84379, 611, 0, 'Goldthorn'),
(84380, 611, 0, 'Goldthorn'),
(84381, 611, 0, 'Goldthorn'),
(84382, 611, 0, 'Goldthorn'),
(84383, 611, 0, 'Goldthorn'),
(84384, 611, 0, 'Goldthorn'),
(84385, 610, 0, 'Khadgars Whisker'),
(84386, 615, 0, 'Golden Sansam'),
(84387, 615, 0, 'Golden Sansam'),
(84388, 615, 0, 'Golden Sansam'),
(84389, 615, 0, 'Golden Sansam'),
(84390, 615, 0, 'Golden Sansam'),
(84391, 615, 0, 'Golden Sansam'),
(84392, 615, 0, 'Golden Sansam'),
(84393, 615, 0, 'Golden Sansam'),
(84394, 615, 0, 'Golden Sansam'),
(84395, 615, 0, 'Golden Sansam'),
(84396, 615, 0, 'Golden Sansam'),
(84397, 615, 0, 'Golden Sansam'),
(84398, 615, 0, 'Golden Sansam'),
(84399, 615, 0, 'Golden Sansam'),
(84400, 615, 0, 'Golden Sansam'),
(84401, 615, 0, 'Golden Sansam'),
(84402, 615, 0, 'Golden Sansam'),
(84403, 615, 0, 'Golden Sansam'),
(84404, 615, 0, 'Golden Sansam'),
(84405, 615, 0, 'Golden Sansam'),
(84406, 615, 0, 'Golden Sansam'),
(84407, 615, 0, 'Golden Sansam'),
(84408, 615, 0, 'Golden Sansam'),
(84409, 615, 0, 'Golden Sansam'),
(84410, 615, 0, 'Golden Sansam'),
(84411, 615, 0, 'Golden Sansam'),
(84412, 615, 0, 'Golden Sansam'),
(84413, 615, 0, 'Golden Sansam'),
(84414, 616, 0, 'Purple Lotus'),
(84415, 616, 0, 'Purple Lotus'),
(84416, 616, 0, 'Purple Lotus'),
(84417, 612, 0, 'Sungrass'),
(84418, 612, 0, 'Sungrass'),
(84419, 612, 0, 'Sungrass'),
(84420, 612, 0, 'Sungrass'),
(84421, 612, 0, 'Sungrass'),
(84422, 612, 0, 'Sungrass'),
(84423, 612, 0, 'Sungrass'),
(84424, 612, 0, 'Sungrass'),
(84425, 612, 0, 'Sungrass'),
(84426, 612, 0, 'Sungrass'),
(84427, 612, 0, 'Sungrass'),
(84428, 612, 0, 'Sungrass'),
(84429, 613, 0, 'Liferoot'),
(84430, 613, 0, 'Liferoot'),
(84431, 613, 0, 'Liferoot'),
(84432, 614, 0, 'Fadeleaf'),
(84433, 616, 0, 'Purple Lotus'),
(84434, 609, 0, 'Ghost Mushroom'),
(84435, 612, 0, 'Sungrass'),
(84436, 616, 0, 'Purple Lotus'),
(84437, 612, 0, 'Sungrass'),
(84438, 611, 0, 'Goldthorn'),
(84439, 614, 0, 'Fadeleaf'),
(84440, 610, 0, 'Khadgar\'s Whisker'),
(84441, 611, 0, 'Goldthorn'),
(84442, 611, 0, 'Goldthorn'),
(84443, 616, 0, 'Purple Lotus'),
(84444, 616, 0, 'Purple Lotus'),
(84445, 616, 0, 'Purple Lotus'),
(84446, 616, 0, 'Purple Lotus'),
(84447, 616, 0, 'Purple Lotus'),
(84448, 616, 0, 'Purple Lotus'),
(84449, 616, 0, 'Purple Lotus'),
(84450, 616, 0, 'Purple Lotus'),
(84451, 616, 0, 'Purple Lotus'),
(84452, 616, 0, 'Purple Lotus'),
(84453, 616, 0, 'Purple Lotus'),
(84454, 616, 0, 'Purple Lotus'),
(84455, 616, 0, 'Purple Lotus'),
(84456, 616, 0, 'Purple Lotus'),
(84457, 616, 0, 'Purple Lotus'),
(84458, 616, 0, 'Purple Lotus'),
(84459, 616, 0, 'Purple Lotus'),
(84460, 613, 0, 'Liferoot'),
(84461, 613, 0, 'Liferoot'),
(84462, 610, 0, 'Khadgar\'s Whisker'),
(84463, 616, 0, 'Purple Lotus'),
(84464, 609, 0, 'Ghost Mushroom'),
(84465, 610, 0, 'Khadgar\'s Whisker'),
(84466, 611, 0, 'Goldthorn'),
(84467, 615, 0, 'Golden Sansam'),
(84468, 616, 0, 'Purple Lotus'),
(84469, 616, 0, 'Purple Lotus'),
(84470, 616, 0, 'Purple Lotus'),
(84471, 616, 0, 'Purple Lotus'),
(84472, 616, 0, 'Purple Lotus'),
(84473, 615, 0, 'Golden Sansam'),
(84474, 616, 0, 'Purple Lotus'),
(84475, 615, 0, 'Golden Sansam'),
(84476, 613, 0, 'Liferoot'),
(84477, 612, 0, 'Sungrass'),
(84478, 612, 0, 'Sungrass'),
(84479, 609, 0, 'Ghost Mushroom'),
(84480, 609, 0, 'Ghost Mushroom'),
(84481, 609, 0, 'Ghost Mushroom'),
(84482, 613, 0, 'Liferoot'),
(84483, 611, 0, 'Goldthorn'),
(84484, 611, 0, 'Goldthorn'),
(84485, 614, 0, 'Fadeleaf'),
(84486, 611, 0, 'Goldthorn'),
(84487, 616, 0, 'Purple Lotus'),
(84488, 612, 0, 'Sungrass'),
(84489, 611, 0, 'Goldthorn'),
(84490, 612, 0, 'Sungrass'),
(84491, 612, 0, 'Sungrass'),
(84492, 612, 0, 'Sungrass'),
(84493, 612, 0, 'Sungrass'),
(84494, 612, 0, 'Sungrass'),
(84495, 612, 0, 'Sungrass'),
(84496, 612, 0, 'Sungrass'),
(84497, 616, 0, 'Purple Lotus'),
(84498, 616, 0, 'Purple Lotus'),
(84499, 616, 0, 'Purple Lotus'),
(84500, 616, 0, 'Purple Lotus'),
(84501, 612, 0, 'Sungrass'),
(84502, 612, 0, 'Sungrass'),
(84503, 612, 0, 'Sungrass'),
(84504, 612, 0, 'Sungrass'),
(84505, 612, 0, 'Sungrass');

DELETE FROM `gameobject` WHERE `zoneId`=47 AND `guid` BETWEEN 84178 AND 84505;
INSERT INTO `gameobject` (`guid`, `id`, `map`, `zoneId`, `position_x`, `position_y`, `position_z`, `orientation`, `rotation0`, `rotation1`, `rotation2`, `rotation3`, `spawntimesecs`, `animprogress`, `state`) VALUES
(84178, 2046, 0, 47, -155.668, -4041.4, 122.494, 1.58825, 0, 0, 0.71325, 0.70091, 1800, 255, 1),
(84179, 2043, 0, 47, 281.061, -4074.91, 125.109, 4.17134, 0, 0, -0.870356, 0.492424, 1800, 255, 1),
(84180, 2041, 0, 47, 230.846, -4357, 117.433, 3.909, 0, 0, 0, 0, 1800, 100, 1),
(84181, 2041, 0, 47, 396.544, -1424.91, 38.9625, 2.51327, 0, 0, 0.951056, 0.309017, 1800, 100, 1),
(84182, 2041, 0, 47, 447.687, -4007.4, 103.455, 2.40855, 0, 0, 0.93358, 0.358368, 1800, 100, 1),
(84183, 2041, 0, 47, -128, -3161, 122.771, 4.429, 0, 0, 0, 0, 1800, 100, 1),
(84184, 2041, 0, 47, 534.668, -1541.55, 40.6436, 1.93731, 0, 0, 0.824125, 0.566408, 1800, 100, 1),
(84185, 2041, 0, 47, 528.783, -3377, 108.489, 0.613, 0, 0, 0, 0, 1800, 100, 1),
(84186, 2041, 0, 47, -92.8787, -4014.63, 121.424, 1.8675, 0, 0, 0.803857, 0.594823, 1800, 100, 1),
(84187, 2041, 0, 47, 402.98, -4135, 120.679, 4.82, 0, 0, 0, 0, 1800, 100, 1),
(84188, 2041, 0, 47, 297.799, -1378.66, 38.981, 5.09636, 0, 0, -0.559193, 0.829038, 1800, 100, 1),
(84189, 2041, 0, 47, 488.68, -3797, 116.661, 1.021, 0, 0, 0, 0, 1800, 100, 1),
(84190, 2041, 0, 47, 25.792, -3817, 152.529, 1.887, 0, 0, 0, 0, 1800, 100, 1),
(84191, 2042, 0, 47, -176, -2785, 118.703, -1, 0, 0, -0.422618, 0.906308, 1800, 100, 1),
(84192, 2042, 0, 47, 157.177, -3742, 129.957, 6.179, 0, 0, 0, 0, 1800, 100, 1),
(84193, 2042, 0, 47, 219.635, -4046, 120.286, 4.368, 0, 0, 0, 0, 1800, 100, 1),
(84194, 2042, 0, 47, 114.522, -3752, 123.777, 0.513, 0, 0, 0, 0, 1800, 100, 1),
(84195, 2042, 0, 47, -10, -3601, 119.717, 1.092, 0, 0, 0, 0, 1800, 100, 1),
(84196, 2042, 0, 47, -176, -2624, 120.135, 2.1, 0, 0, 0, 0, 1800, 100, 1),
(84197, 2042, 0, 47, 277.244, -3835, 144.552, 0.873, 0, 0, 0.422618, 0.906308, 1800, 100, 1),
(84198, 2042, 0, 47, 69.976, -4296, 120.116, 4.529, 0, 0, 0, 0, 1800, 100, 1),
(84199, 2042, 0, 47, 113.368, -3118, 132.365, 4.911, 0, 0, 0, 0, 1800, 100, 1),
(84200, 2042, 0, 47, 513.082, -1443, 51.264, 2.937, 0, 0, 0, 0, 1800, 100, 1),
(84201, 2042, 0, 47, -171, -2805, 119.65, 5.545, 0, 0, 0, 0, 1800, 100, 1),
(84202, 2042, 0, 47, 56.002, -2578, 114.297, 4.753, 0, 0, 0, 0, 1800, 100, 1),
(84203, 2042, 0, 47, 73.186, -2631, 110.118, 5.114, 0, 0, 0, 0, 1800, 100, 1),
(84204, 2042, 0, 47, 6.952, -3321, 121.873, 6.072, 0, 0, 0, 0, 1800, 100, 1),
(84205, 2042, 0, 47, 65.96, -3316, 119.069, 0.078, 0, 0, 0, 0, 1800, 100, 1),
(84206, 2042, 0, 47, -123, -2799, 120.203, 0.277, 0, 0, 0, 0, 1800, 100, 1),
(84207, 2042, 0, 47, 98.245, -2855, 113.333, 1.203, 0, 0, 0, 0, 1800, 100, 1),
(84208, 2042, 0, 47, 102.357, -2916, 114.497, 4.728, 0, 0, 0, 0, 1800, 100, 1),
(84209, 2042, 0, 47, 141.32, -2871, 115.82, 4.789, 0, 0, 0, 0, 1800, 100, 1),
(84210, 2042, 0, 47, 140.767, -2863, 115.19, 4.553, 0, 0, 0, 0, 1800, 100, 1),
(84211, 2043, 0, 47, 8.958, -3988, 130.5, 2.164, 0, 0, 0, 0, 1800, 100, 1),
(84212, 2043, 0, 47, 439.019, -3889, 124.672, 1.955, 0, 0, 0.829038, 0.559193, 1800, 100, 1),
(84213, 2043, 0, 47, 314.158, -3245, 114.001, 0.012, 0, 0, 0, 0, 1800, 100, 1),
(84214, 2043, 0, 47, 310.345, -3255, 114.14, 0.436, 0, 0, 0, 0, 1800, 100, 1),
(84215, 2043, 0, 47, 157.03, -4007, 123.895, 4.834, 0, 0, 0, 0, 1800, 100, 1),
(84216, 2043, 0, 47, 287.296, -3228.73, 116.157, 4.15388, 0, 0, -0.874619, 0.48481, 1800, 100, 1),
(84217, 2043, 0, 47, 161.248, -4014, 123.262, 3, 0, 0, 0, 0, 1800, 100, 1),
(84218, 2043, 0, 47, 156.958, -4024.11, 123.38, 4.66003, 0, 0, -0.725374, 0.688355, 1800, 100, 1),
(84219, 2043, 0, 47, 11.1803, -3976.08, 132.625, 1.72787, 0, 0, 0.760406, 0.649449, 1800, 100, 1),
(84220, 2043, 0, 47, 466.038, -1378, 65.889, 4.196, 0, 0, 0, 0, 1800, 100, 1),
(84221, 2043, 0, 47, 161.436, -4461, 122.734, 0.778, 0, 0, 0, 0, 1800, 100, 1),
(84222, 2043, 0, 47, 162.176, -4440, 124.593, 2.851, 0, 0, 0, 0, 1800, 100, 1),
(84223, 2043, 0, 47, 208.518, -4474, 119.679, 5.871, 0, 0, 0, 0, 1800, 100, 1),
(84224, 2043, 0, 47, 159.788, -4429, 126.317, 4.587, 0, 0, 0, 0, 1800, 100, 1),
(84225, 2043, 0, 47, 149.701, -4436, 127.976, 3.648, 0, 0, 0, 0, 1800, 100, 1),
(84226, 2043, 0, 47, 135.794, -4484, 130.16, 4.756, 0, 0, 0, 0, 1800, 100, 1),
(84227, 2043, 0, 47, 258.403, -4037, 123.753, 1.712, 0, 0, 0, 0, 1800, 100, 1),
(84228, 2043, 0, 47, 442.862, -3899, 125.605, 6.146, 0, 0, 0, 0, 1800, 100, 1),
(84229, 2043, 0, 47, 294.548, -3226, 115.171, 2.69, 0, 0, -0.87462, 0.48481, 1800, 100, 1),
(84230, 2043, 0, 47, 496.789, -3608, 121.537, 5.51, 0, 0, 0, 0, 1800, 100, 1),
(84231, 2043, 0, 47, 511.57, -3600, 118.52, 3.904, 0, 0, 0, 0, 1800, 100, 1),
(84232, 2043, 0, 47, 302.747, -3241, 114.454, 0.939, 0, 0, 0, 0, 1800, 100, 1),
(84233, 2043, 0, 47, 287.643, -3275, 114.784, 2.031, 0, 0, 0, 0, 1800, 100, 1),
(84234, 2046, 0, 47, 102.542, -4132, 171.722, 1.857, 0, 0, 0, 0, 1800, 100, 1),
(84235, 2046, 0, 47, 450.577, -3342, 119.667, 4.339, 0, 0, 0, 0, 1800, 100, 1),
(84236, 2046, 0, 47, -148, -2880, 118.171, 0.698, 0, 0, 0, 0, 1800, 100, 1),
(84237, 2046, 0, 47, -23, -2720, 151.024, 0.2, 0, 0, 0, 0, 1800, 100, 1),
(84238, 2046, 0, 47, 91.635, -3507, 108.364, 0.869, 0, 0, 0, 0, 1800, 100, 1),
(84239, 2046, 0, 47, 51.118, -3679, 157.285, 2.129, 0, 0, 0, 0, 1800, 100, 1),
(84240, 2046, 0, 47, -81.7064, -3537.64, 120.173, 5.75959, 0, 0, -0.258819, 0.965926, 1800, 100, 1),
(84241, 2046, 0, 47, -474, -2903, 122.21, 4.011, 0, 0, 0, 0, 1800, 100, 1),
(84242, 2046, 0, 47, -179, -3310, 124.829, 3.463, 0, 0, 0, 0, 1800, 100, 1),
(84243, 2046, 0, 47, -320, -2638, 119.884, 2.583, 0, 0, 0, 0, 1800, 100, 1),
(84244, 2046, 0, 47, 125.592, -4367, 120.242, 3.941, 0, 0, 0, 0, 1800, 100, 1),
(84245, 2046, 0, 47, -323, -2793, 85.297, 0.524, 0, 0, 0.258819, 0.965926, 1800, 100, 1),
(84246, 2046, 0, 47, -70, -4537, 12.172, 1.628, 0, 0, 0, 0, 1800, 100, 1),
(84247, 2046, 0, 47, 119.948, -4145, 159.664, 1.011, 0, 0, 0, 0, 1800, 100, 1),
(84248, 2046, 0, 47, -5, -2933, 118.19, 4.361, 0, 0, 0, 0, 1800, 100, 1),
(84249, 2046, 0, 47, -270, -3125, 124.775, 0.888, 0, 0, 0, 0, 1800, 100, 1),
(84250, 2046, 0, 47, -330, -3327, 137.547, 3.433, 0, 0, 0, 0, 1800, 100, 1),
(84251, 2046, 0, 47, 231.034, -3431, 130.966, 6.237, 0, 0, 0, 0, 1800, 100, 1),
(84252, 2046, 0, 47, 129.425, -4091.16, 151.222, 6.14356, 0, 0, -0.0697555, 0.997564, 1800, 100, 1),
(84253, 2046, 0, 47, 128.662, -3919, 135.097, 0.609, 0, 0, 0, 0, 1800, 100, 1),
(84254, 2046, 0, 47, 349.219, -4016.42, 122.159, 0.872664, 0, 0, 0.422618, 0.906308, 1800, 100, 1),
(84255, 2046, 0, 47, 409.643, -4067, 111.544, 3.307, 0, 0, 0, 0, 1800, 100, 1),
(84256, 2046, 0, 47, -53, -4555, 18.526, 1.4, 0, 0, 0, 0, 1800, 100, 1),
(84257, 2046, 0, 47, 31.431, -3693, 145.793, 4.059, 0, 0, 0, 0, 1800, 100, 1),
(84258, 2046, 0, 47, 116.801, -4375, 120.12, 0.681, 0, 0, 0, 0, 1800, 100, 1),
(84259, 2046, 0, 47, 13.125, -4481, 157.052, 5.387, 0, 0, 0, 0, 1800, 100, 1),
(84260, 2046, 0, 47, 99.412, -4609, 121.887, 3.474, 0, 0, 0, 0, 1800, 100, 1),
(84261, 2046, 0, 47, -355, -3021, 108.035, 5.525, 0, 0, 0, 0, 1800, 100, 1),
(84262, 2046, 0, 47, -447, -2901, 89.716, 2.541, 0, 0, 0, 0, 1800, 100, 1),
(84263, 2046, 0, 47, 103.274, -4163, 133.934, 1.416, 0, 0, 0, 0, 1800, 100, 1),
(84264, 2046, 0, 47, 451.32, -3769.05, 128.455, 2.906, 0, 0, 0, 0, 1800, 100, 1),
(84265, 2046, 0, 47, -143, -4182, 119.682, 4.925, 0, 0, 0, 0, 1800, 100, 1),
(84266, 2046, 0, 47, -304, -2629, 117.759, 2.967, 0, 0, 0.996195, 0.087156, 1800, 100, 1),
(84267, 2046, 0, 47, 460.472, -3767.75, 124.724, 3.412, 0, 0, 0, 0, 1800, 100, 1),
(84268, 2046, 0, 47, -194, -3315, 126.391, 3.528, 0, 0, 0, 0, 1800, 100, 1),
(84269, 2046, 0, 47, 42.2495, -3664.66, 131.693, 6.00393, 0, 0, -0.139173, 0.990268, 1800, 100, 1),
(84270, 142142, 0, 47, -13.5662, -4215.74, 121.354, 0.785397, 0, 0, 0.382683, 0.92388, 2700, 255, 1),
(84271, 142142, 0, 47, 312.959, -3978.31, 125.032, 1.51844, 0, 0, 0.688354, 0.725375, 2700, 255, 1),
(84272, 142142, 0, 47, 191.367, -4060.45, 119.505, 4.27606, 0, 0, -0.843391, 0.5373, 2700, 255, 1),
(84273, 142142, 0, 47, -223.719, -3525.59, 144.542, 1.39626, 0, 0, 0.642787, 0.766045, 2700, 255, 1),
(84274, 142140, 0, 47, 330.611, -3794.22, 164.849, 0.750491, 0, 0, 0.366501, 0.930418, 2700, 255, 1),
(84275, 142140, 0, 47, -170.906, -3785.24, 238.499, 0.837758, 0, 0, 0.406736, 0.913545, 2700, 255, 1),
(84276, 142140, 0, 47, -195.593, -4092.25, 152.112, 0.610863, 0, 0, 0.300705, 0.953717, 2700, 255, 1),
(84277, 142140, 0, 47, -251, -2807, 115.931, -1, 0, 0, -0.430511, 0.902585, 2700, 100, 1),
(84278, 142140, 0, 47, -21.1782, -2837.13, 126.25, 1.93731, 0, 0, 0.824125, 0.566408, 2700, 100, 1),
(84279, 142140, 0, 47, -330.517, -3413.43, 158.924, 4.7473, 0, 0, -0.694658, 0.71934, 2700, 100, 1),
(84280, 142140, 0, 47, -243, -4033, 174.295, -2, 0, 0, -0.75471, 0.656059, 2700, 100, 1),
(84281, 142140, 0, 47, -436, -2842, 86.541, -1, 0, 0, 0, 0, 2700, 100, 1),
(84282, 142140, 0, 47, -53.6596, -2497.63, 122.501, 1.20428, 0, 0, 0.566406, 0.824126, 2700, 100, 1),
(84283, 142140, 0, 47, -195, -3122, 136.315, 3.458, 0, 0, 0, 0, 2700, 100, 1),
(84284, 142140, 0, 47, -194, -4135, 117.424, 0.611, 0, 0, 0.300706, 0.953717, 2700, 100, 1),
(84285, 142140, 0, 47, -301, -3455, 192.092, -2, 0, 0, 0, 0, 2700, 100, 1),
(84286, 142140, 0, 47, 368.128, -3794, 171.09, 3.373, 0, 0, 0.902585, 0.430511, 2700, 100, 1),
(84287, 142140, 0, 47, -26, -2795, 121.973, 1.145, 0, 0, 0, 0, 2700, 100, 1),
(84288, 142140, 0, 47, -212.253, -3122.93, 130.193, 2.33874, 0, 0, 0.920505, 0.390732, 2700, 100, 1),
(84289, 142140, 0, 47, -150, -3479, 128.626, 4.302, 0, 0, 0, 0, 2700, 100, 1),
(84290, 142140, 0, 47, -24, -2817, 123.81, 4.121, 0, 0, 0, 0, 2700, 100, 1),
(84291, 142140, 0, 47, -314, -3975, 195.199, 2.321, 0, 0, 0.91706, 0.398749, 2700, 100, 1),
(84292, 142142, 0, 47, 25.397, -2522, 121.077, 1.121, 0, 0, 0, 0, 2700, 100, 1),
(84293, 142142, 0, 47, 294.772, -3118, 120.821, 5.406, 0, 0, 0, 0, 2700, 100, 1),
(84294, 142142, 0, 47, -161, -2781, 120.919, -2, 0, 0, -0.948324, 0.317305, 2700, 100, 1),
(84295, 142142, 0, 47, 358.39, -3557, 118.681, 5.338, 0, 0, 0, 0, 2700, 100, 1),
(84296, 142142, 0, 47, -194, -2706, 118.657, 5.397, 0, 0, 0, 0, 2700, 100, 1),
(84297, 142142, 0, 47, -210, -2652, 118.326, 5.02, 0, 0, 0, 0, 2700, 100, 1),
(84298, 142142, 0, 47, -214, -2670, 117.644, 4.918, 0, 0, 0, 0, 2700, 100, 1),
(84299, 142142, 0, 47, 263.459, -3183, 119.402, 4.513, 0, 0, 0, 0, 2700, 100, 1),
(84300, 142142, 0, 47, 66.809, -3028.1, 133.7, 0.279252, 0, 0, 0.139173, 0.990268, 2700, 100, 1),
(84301, 142142, 0, 47, 307.202, -3120, 119.976, 5.335, 0, 0, 0, 0, 2700, 100, 1),
(84302, 142142, 0, 47, 304.191, -3131, 120.934, 6.184, 0, 0, 0, 0, 2700, 100, 1),
(84303, 142142, 0, 47, 40.202, -3351, 117.319, 2.495, 0, 0, 0, 0, 2700, 100, 1),
(84304, 142142, 0, 47, -27, -3313, 117.016, 2.683, 0, 0, 0, 0, 2700, 100, 1),
(84305, 142142, 0, 47, 261.965, -3161, 120.731, 4.464, 0, 0, 0, 0, 2700, 100, 1),
(84306, 142142, 0, 47, 308.356, -3137, 120.744, 1.23, 0, 0, 0, 0, 2700, 100, 1),
(84307, 142142, 0, 47, 83.099, -2673, 110.861, -2, 0, 0, -0.71934, 0.694658, 2700, 100, 1),
(84308, 142142, 0, 47, 396.289, -3677, 127.264, 2.204, 0, 0, 0, 0, 2700, 100, 1),
(84309, 142142, 0, 47, -67, -2560, 120.562, 3.721, 0, 0, 0, 0, 2700, 100, 1),
(84310, 142142, 0, 47, 379.63, -3629, 125.261, 5.33, 0, 0, 0, 0, 2700, 100, 1),
(84311, 142142, 0, 47, -144, -3285, 117.598, 1.134, 0, 0, 0.5373, 0.843391, 2700, 100, 1),
(84312, 142142, 0, 47, 329.091, -3737, 138.326, 3.94, 0, 0, 0, 0, 2700, 100, 1),
(84313, 142142, 0, 47, 410.458, -3654.1, 122.935, 1.01229, 0, 0, 0.484809, 0.87462, 2700, 100, 1),
(84314, 142142, 0, 47, 117.788, -2423.14, 123.836, 1.67551, 0, 0, 0.743144, 0.669131, 2700, 100, 1),
(84315, 142142, 0, 47, 209.117, -3841.06, 138.017, 4.45059, 0, 0, -0.793353, 0.608762, 2700, 100, 1),
(84316, 142142, 0, 47, 56.101, -3308, 117.256, 5.809, 0, 0, 0, 0, 2700, 100, 1),
(84317, 142142, 0, 47, 387.734, -3669, 128.922, 4.796, 0, 0, 0, 0, 2700, 100, 1),
(84318, 142142, 0, 47, 134.614, -2987, 122.234, 1.046, 0, 0, 0, 0, 2700, 100, 1),
(84319, 142142, 0, 47, 112.829, -3031, 130.779, 6.276, 0, 0, 0, 0, 2700, 100, 1),
(84320, 142142, 0, 47, 49.701, -3034, 132.807, 5.813, 0, 0, 0, 0, 2700, 100, 1),
(84321, 142142, 0, 47, 229.101, -4265, 120.596, -1, 0, 0, -0.551937, 0.833886, 2700, 100, 1),
(84322, 142142, 0, 47, 214.263, -3954.11, 126.244, 6.02139, 0, 0, -0.130526, 0.991445, 2700, 100, 1),
(84323, 142142, 0, 47, 59.1708, -3926.92, 143.609, 6.0912, 0, 0, -0.0958452, 0.995396, 2700, 100, 1),
(84324, 142142, 0, 47, 282.888, -2987, 114.301, 5.893, 0, 0, 0, 0, 2700, 100, 1),
(84325, 142142, 0, 47, 317.827, -3191, 120.811, 5.43, 0, 0, 0, 0, 2700, 100, 1),
(84326, 142142, 0, 47, 262.899, -2981, 111.672, 5.681, 0, 0, 0, 0, 2700, 100, 1),
(84327, 142142, 0, 47, 72.855, -2242, 104.856, 2.755, 0, 0, 0, 0, 2700, 100, 1),
(84328, 142142, 0, 47, 142.004, -2297, 103.167, 4.027, 0, 0, 0, 0, 2700, 100, 1),
(84329, 142142, 0, 47, 147.557, -2271, 102.695, 1.545, 0, 0, 0, 0, 2700, 100, 1),
(84330, 142142, 0, 47, 102.91, -2476, 124.375, 4.451, 0, 0, 0, 0, 2700, 100, 1),
(84331, 142142, 0, 47, 108.334, -2457, 122.738, 5.111, 0, 0, 0, 0, 2700, 100, 1),
(84332, 142142, 0, 47, 11.223, -2427, 126.019, 3.823, 0, 0, 0, 0, 2700, 100, 1),
(84333, 142142, 0, 47, -169, -3030, 120.893, 0.122, 0, 0, 0.061049, 0.998135, 2700, 100, 1),
(84334, 142142, 0, 47, -11, -3544, 119.275, -2, 0, 0, -0.866025, 0.5, 2700, 100, 1),
(84335, 142142, 0, 47, 150.503, -3022.87, 128.218, 1.53589, 0, 0, 0.694658, 0.71934, 2700, 100, 1),
(84336, 142142, 0, 47, -5, -2410, 127.373, 2.55, 0, 0, 0, 0, 2700, 100, 1),
(84337, 142142, 0, 47, 304.136, -3183, 119.461, 2.284, 0, 0, 0, 0, 2700, 100, 1),
(84338, 142142, 0, 47, 264.221, -2898, 108.222, -2, 0, 0, -0.843391, 0.5373, 2700, 100, 1),
(84339, 142142, 0, 47, -213.704, -2716.72, 118.101, 3.26377, 0, 0, -0.998135, 0.0610518, 2700, 100, 1),
(84340, 142142, 0, 47, -45, -2981, 120.714, 5.224, 0, 0, 0, 0, 2700, 100, 1),
(84341, 142142, 0, 47, 65.471, -3431, 120.703, 5.079, 0, 0, 0, 0, 2700, 100, 1),
(84342, 142142, 0, 47, 48.401, -3369, 119.957, 4.38, 0, 0, 0, 0, 2700, 100, 1),
(84343, 142142, 0, 47, 43.168, -3455, 117.021, 5.628, 0, 0, 0, 0, 2700, 100, 1),
(84344, 142142, 0, 47, 62.517, -3363, 116.931, 2.055, 0, 0, 0, 0, 2700, 100, 1),
(84345, 142142, 0, 47, -243, -2649, 122.877, 1.414, 0, 0, 0.649448, 0.760406, 2700, 100, 1),
(84346, 142142, 0, 47, -250.096, -3246.21, 123.919, 1.67551, 0, 0, 0.743144, 0.669131, 2700, 100, 1),
(84347, 142142, 0, 47, 26.8899, -2417.52, 126.043, 3.17653, 0, 0, -0.999847, 0.0174693, 2700, 100, 1),
(84348, 142142, 0, 47, 95.6914, -2746.62, 113.091, 0.226892, 0, 0, 0.113203, 0.993572, 2700, 100, 1),
(84349, 142144, 0, 47, 446.073, -3668, 122.923, 1.439, 0, 0, 0, 0, 300, 100, 1),
(84350, 142144, 0, 47, 352.95, -3719, 136.142, 3.976, 0, 0, 0, 0, 300, 100, 1),
(84351, 142144, 0, 47, 363.864, -3784, 170.489, 1.683, 0, 0, 0, 0, 300, 100, 1),
(84352, 142144, 0, 47, 378.378, -3752, 157.999, 4.298, 0, 0, 0, 0, 300, 100, 1),
(84353, 142144, 0, 47, 333.906, -3821, 166.834, 3.461, 0, 0, 0, 0, 300, 100, 1),
(84354, 142144, 0, 47, 382.809, -3681, 129.152, 5.692, 0, 0, 0, 0, 300, 100, 1),
(84355, 142144, 0, 47, 405.913, -3727, 133.588, 4.298, 0, 0, 0, 0, 300, 100, 1),
(84356, 142144, 0, 47, 357.476, -3779, 168.611, 0.811, 0, 0, 0, 0, 300, 100, 1),
(84357, 142144, 0, 47, 379.631, -3801, 168.678, 6.183, 0, 0, 0, 0, 300, 100, 1),
(84358, 142144, 0, 47, 317.398, -3810, 164.089, 6.163, 0, 0, 0, 0, 300, 100, 1),
(84359, 142144, 0, 47, 331.884, -3687, 129.329, 0.296, 0, 0, 0, 0, 300, 100, 1),
(84360, 142144, 0, 47, 391.048, -3733, 137.876, 3.897, 0, 0, 0, 0, 300, 100, 1),
(84361, 142144, 0, 47, 386.07, -3675, 129.194, 0.312, 0, 0, 0, 0, 300, 100, 1),
(84362, 142144, 0, 47, 362.079, -3724, 105.938, -3, 0, 0, -0.998135, 0.061049, 300, 100, 1),
(84363, 142144, 0, 47, 341.155, -3888, 137.894, 5.566, 0, 0, 0, 0, 300, 100, 1),
(84364, 142144, 0, 47, 373.483, -3757, 161.937, 4.361, 0, 0, 0, 0, 300, 100, 1),
(84365, 142144, 0, 47, 372.238, -3805, 111.964, 2.164, 0, 0, 0.882947, 0.469472, 300, 100, 1),
(84366, 142144, 0, 47, 380.22, -3814, 165.884, 5.307, 0, 0, 0, 0, 300, 100, 1),
(84367, 142144, 0, 47, 370.801, -3747, 153.074, 4.483, 0, 0, 0, 0, 300, 100, 1),
(84368, 142144, 0, 47, 372.982, -3784, 169.839, 0.933, 0, 0, 0, 0, 300, 100, 1),
(84369, 142144, 0, 47, 418.9, -3709, 128.792, 6.191, 0, 0, 0, 0, 300, 100, 1),
(84370, 142144, 0, 47, 353.601, -3685, 128.618, 2.393, 0, 0, 0, 0, 300, 100, 1),
(84371, 142144, 0, 47, 438.617, -3677, 121.545, 0.976, 0, 0, 0, 0, 300, 100, 1),
(84372, 142144, 0, 47, 331.184, -3873, 141.091, 4.805, 0, 0, 0, 0, 300, 100, 1),
(84373, 2042, 0, 47, 103.044, -2881.95, 113.757, 3.61284, 0, 0, -0.972369, 0.233448, 300, 100, 1),
(84374, 2042, 0, 47, 73.3306, -2575.64, 110.622, 3.10665, 0, 0, 0.999847, 0.0174693, 300, 100, 1),
(84375, 2042, 0, 47, 29.2546, -3312.49, 116.929, 0.715585, 0, 0, 0.350207, 0.936672, 300, 100, 1),
(84376, 2042, 0, 47, 130.193, -3739.45, 125.82, 5.75959, 0, 0, -0.258819, 0.965926, 300, 100, 1),
(84377, 2042, 0, 47, 121.778, -3088.08, 129.892, 2.70526, 0, 0, 0.976295, 0.216442, 300, 100, 1),
(84378, 2046, 0, 47, 213.36, -3447.47, 152.571, 3.61284, 0, 0, -0.972369, 0.233448, 300, 100, 1),
(84379, 2046, 0, 47, 461.521, -3311.35, 123.003, 3.00195, 0, 0, 0.997563, 0.0697661, 300, 100, 1),
(84380, 2046, 0, 47, 120.831, -4352.99, 121.36, 2.35619, 0, 0, 0.92388, 0.382683, 300, 100, 1),
(84381, 2046, 0, 47, -230.018, -4438.47, 20.1907, 2.86234, 0, 0, 0.990268, 0.139175, 300, 100, 1),
(84382, 2046, 0, 47, -9.83615, -4469.2, 155.765, 0.244346, 0, 0, 0.121869, 0.992546, 300, 100, 1),
(84383, 2046, 0, 47, -412.539, -2738.74, 110.711, 1.81514, 0, 0, 0.788011, 0.615662, 300, 100, 1),
(84384, 2046, 0, 47, -338.307, -3010.14, 99.9366, 0.628317, 0, 0, 0.309016, 0.951057, 300, 100, 1),
(84385, 2043, 0, 47, 472.906, -3579.43, 119.614, 5.58505, 0, 0, -0.34202, 0.939693, 300, 100, 1),
(84386, 176583, 0, 47, -83, -3066, 120.321, 0.285, 0, 0, 0, 0, 2700, 100, 1),
(84387, 176583, 0, 47, 195.11, -4180, 118.894, 3.111, 0, 0, 0, 0, 2700, 100, 1),
(84388, 176583, 0, 47, -282.718, -3336.04, 140.87, 4.18879, 0, 0, -0.866025, 0.500001, 2700, 100, 1),
(84389, 176583, 0, 47, -86, -4259, 120.472, 6.262, 0, 0, 0, 0, 2700, 100, 1),
(84390, 176583, 0, 47, 426.333, -3560, 120.662, 0.095, 0, 0, 0, 0, 2700, 100, 1),
(84391, 176583, 0, 47, 421.743, -3507, 116.872, 4.887, 0, 0, 0, 0, 2700, 100, 1),
(84392, 176583, 0, 47, -96, -3044, 121.886, 0.192, 0, 0, 0.095846, 0.995396, 2700, 100, 1),
(84393, 176583, 0, 47, 330.367, -4035, 118.206, 1.476, 0, 0, 0, 0, 2700, 100, 1),
(84394, 176583, 0, 47, 605.156, -4074.16, 113.456, 1.6057, 0, 0, 0.719339, 0.694659, 300, 100, 1),
(84395, 176583, 0, 47, 970.431, -4124.26, 112.937, 2.53072, 0, 0, 0.953716, 0.300708, 300, 100, 1),
(84396, 176583, 0, 47, 220.415, -4325, 117.681, 4.698, 0, 0, 0, 0, 2700, 100, 1),
(84397, 176583, 0, 47, -75.4167, -4253.4, 120.531, 6.17847, 0, 0, -0.0523357, 0.99863, 300, 100, 1),
(84398, 176583, 0, 47, 336.581, -4032.55, 118.385, 4.71239, 0, 0, -0.707107, 0.707107, 300, 100, 1),
(84399, 176583, 0, 47, 789.577, -4213.53, 112.392, 2.02458, 0, 0, 0.848047, 0.529921, 300, 100, 1),
(84400, 176583, 0, 47, 434.739, -3537.61, 120.946, 1.78023, 0, 0, 0.777145, 0.629321, 300, 100, 1),
(84401, 176583, 0, 47, 236.718, -4181, 116.933, 5.545, 0, 0, 0, 0, 2700, 100, 1),
(84402, 176583, 0, 47, 43.811, -3636, 122.917, 2.185, 0, 0, 0, 0, 2700, 100, 1),
(84403, 176583, 0, 47, 51.3171, -3625.82, 122.411, 5.34071, 0, 0, -0.45399, 0.891007, 300, 100, 1),
(84404, 176583, 0, 47, -52, -4256, 118.06, 3.206, 0, 0, 0, 0, 2700, 100, 1),
(84405, 176583, 0, 47, 62.075, -4481, 141.744, 2.404, 0, 0, 0, 0, 2700, 100, 1),
(84406, 176583, 0, 47, -270, -2899, 87.105, 0.007, 0, 0, 0, 0, 2700, 100, 1),
(84407, 176583, 0, 47, 16.321, -4510, 148.086, 2.692, 0, 0, 0, 0, 2700, 100, 1),
(84408, 176583, 0, 47, -268, -2640, 120.27, -2, 0, 0, -0.93358, 0.358368, 2700, 100, 1),
(84409, 176583, 0, 47, 321.652, -3055, 120.098, 2.558, 0, 0, 0, 0, 2700, 100, 1),
(84410, 176583, 0, 47, 367.597, -3300.82, 115.674, 4.2237, 0, 0, -0.857167, 0.515038, 2700, 100, 1),
(84411, 176583, 0, 47, -41, -2531, 119.655, 1.253, 0, 0, 0, 0, 2700, 100, 1),
(84412, 176583, 0, 47, -149, -3434, 131.151, 2.803, 0, 0, 0, 0, 2700, 100, 1),
(84413, 176583, 0, 47, 54.067, -4530, 145.408, 4.504, 0, 0, 0, 0, 2700, 100, 1),
(84414, 142140, 0, 47, -33.9568, -2777.36, 122.507, 5.48033, 0, 0, -0.390731, 0.920505, 300, 100, 1),
(84415, 142140, 0, 47, -418.711, -2793.62, 80.5266, 5.13127, 0, 0, -0.544639, 0.838671, 300, 100, 1),
(84416, 142140, 0, 47, -414.097, -2969.14, 95.1376, 0.0174525, 0, 0, 0.00872612, 0.999962, 300, 100, 1),
(84417, 142142, 0, 47, -146.055, -3483.01, 127.314, 5.68977, 0, 0, -0.292372, 0.956305, 300, 100, 1),
(84418, 142142, 0, 47, 126.82, -3811.6, 125.848, 1.98967, 0, 0, 0.83867, 0.54464, 300, 100, 1),
(84419, 142142, 0, 47, 48.7941, -2583.62, 113.303, 0.261798, 0, 0, 0.130526, 0.991445, 300, 100, 1),
(84420, 142142, 0, 47, 254.182, -3485.79, 161.809, 4.5204, 0, 0, -0.771625, 0.636078, 300, 100, 1),
(84421, 142142, 0, 47, -110.992, -2903.27, 122.513, 3.7001, 0, 0, -0.961261, 0.27564, 300, 100, 1),
(84422, 142142, 0, 47, 157.583, -3357.76, 116.646, 5.16618, 0, 0, -0.529919, 0.848048, 300, 100, 1),
(84423, 142142, 0, 47, -42.7587, -2993.42, 122.968, 0.523598, 0, 0, 0.258819, 0.965926, 300, 100, 1),
(84424, 142142, 0, 47, -119.008, -4209.6, 121.428, 0.523598, 0, 0, 0.258819, 0.965926, 300, 100, 1),
(84425, 142142, 0, 47, 185.703, -3148.8, 121.978, 0.0174525, 0, 0, 0.00872612, 0.999962, 300, 100, 1),
(84426, 142142, 0, 47, 75.4878, -3281.09, 117.157, 4.59022, 0, 0, -0.748956, 0.66262, 300, 100, 1),
(84427, 142142, 0, 47, 158.747, -4206.66, 118.182, 0.715585, 0, 0, 0.350207, 0.936672, 300, 100, 1),
(84428, 142142, 0, 47, 81.3494, -4316.38, 121.672, 1.69297, 0, 0, 0.748956, 0.66262, 300, 100, 1),
(84429, 2041, 0, 47, 17.8396, -3752.17, 146.476, 1.39626, 0, 0, 0.642787, 0.766045, 300, 100, 1),
(84430, 2041, 0, 47, 508.709, -3392.8, 103.179, 3.47321, 0, 0, -0.986285, 0.16505, 300, 100, 1),
(84431, 2041, 0, 47, 249.01, -4457.45, 102.536, 0.244346, 0, 0, 0.121869, 0.992546, 300, 100, 1),
(84432, 2042, 0, 47, 533.329, -1443.44, 50.8982, -0.558505, 0, 0, 0.275637, -0.961262, 1800, 100, 1),
(84433, 142140, 0, 47, 390.568, -3796.91, 167.297, 2.25148, 0, 0, 0.902585, 0.430511, 2700, 100, 1),
(84434, 142144, 0, 47, 444.66, -3789.41, 120.988, -0.541052, 0, 0, 0.267238, -0.96363, 300, 100, 1),
(84435, 142142, 0, 47, 157.212, -2274.17, 101.711, 0.802851, 0, 0, 0.390731, 0.920505, 2700, 100, 1),
(84436, 142140, 0, 47, -9.96951, -2448.67, 125.089, 2.40855, 0, 0, 0.93358, 0.358368, 2700, 100, 1),
(84437, 142142, 0, 47, -112.888, -2607.53, 117.483, -1.64061, 0, 0, 0.731354, -0.681998, 2700, 100, 1),
(84438, 2046, 0, 47, -307.895, -3338.89, 139.851, 2.18166, 0, 0, 0.887011, 0.461749, 1800, 100, 1),
(84439, 2042, 0, 47, -24.6152, -3595.42, 118.51, 1.02974, 0, 0, 0.492424, 0.870356, 1800, 100, 1),
(84440, 2043, 0, 47, 62.6606, -3606.76, 124.487, 0.366519, 0, 0, 0.182236, 0.983255, 1800, 100, 1),
(84441, 2046, 0, 47, 123.901, -3946.82, 134.454, -0.331612, 0, 0, 0.165048, -0.986286, 1800, 100, 1),
(84442, 2046, 0, 47, -129.817, -4158.42, 122.053, 2.1293, 0, 0, 0.87462, 0.48481, 1800, 100, 1),
(84443, 142140, 0, 47, -273.218, -4094.25, 152.123, 0.558505, 0, 0, 0.275637, 0.961262, 2700, 100, 1),
(84444, 142140, 0, 47, -323.621, -4058.63, 174.355, -1.16937, 0, 0, 0.551937, -0.833886, 2700, 100, 1),
(84445, 142140, 0, 47, -246.823, -4114.37, 119.559, 1.65806, 0, 0, 0.737277, 0.67559, 2700, 100, 1),
(84446, 142140, 0, 47, -416.098, -3969.53, 215.906, -1.51844, 0, 0, 0.688354, -0.725374, 2700, 100, 1),
(84447, 142140, 0, 47, -403.029, -3761.48, 238.899, -0.942478, 0, 0, 0.453991, -0.891006, 2700, 100, 1),
(84448, 142140, 0, 47, -371.908, -4127, 173.995, 1.79769, 0, 0, 0.782608, 0.622515, 300, 100, 1),
(84449, 142140, 0, 47, -447.216, -4033.18, 197.291, 1.23918, 0, 0, 0.580703, 0.814116, 300, 100, 1),
(84450, 142140, 0, 47, -504.943, -4198.09, 215.861, 4.53786, 0, 0, -0.766044, 0.642789, 300, 100, 1),
(84451, 142140, 0, 47, -575.298, -4170.64, 238.351, 5.49779, 0, 0, -0.382683, 0.92388, 300, 100, 1),
(84452, 142140, 0, 47, -533.245, -3825.94, 238.163, 6.17847, 0, 0, -0.0523357, 0.99863, 300, 100, 1),
(84453, 142140, 0, 47, -281.208, -4107.5, 138.673, 4.24115, 0, 0, -0.85264, 0.522499, 300, 100, 1),
(84454, 142140, 0, 47, -539.072, -4192.2, 215.934, 3.22886, 0, 0, -0.999048, 0.0436193, 300, 100, 1),
(84455, 142140, 0, 47, -589.769, -3878.78, 238.958, 5.49779, 0, 0, -0.382683, 0.92388, 300, 100, 1),
(84456, 142140, 0, 47, -352.482, -4108.68, 152.557, 3.31614, 0, 0, -0.996194, 0.087165, 300, 100, 1),
(84457, 142140, 0, 47, -422.78, -4200.25, 174.764, 0.279252, 0, 0, 0.139173, 0.990268, 300, 100, 1),
(84458, 142140, 0, 47, -449.898, -3900.91, 216.003, 2.00713, 0, 0, 0.843391, 0.5373, 300, 100, 1),
(84459, 142140, 0, 47, -685.337, -3991.11, 238.496, 6.00393, 0, 0, -0.139173, 0.990268, 300, 100, 1),
(84460, 2041, 0, 47, 433.022, -1500.31, 39.2961, -0.610865, 0, 0, 0.300706, -0.953717, 1800, 100, 1),
(84461, 2041, 0, 47, 500.881, -1566.5, 39.456, -0.645772, 0, 0, 0.317305, -0.948324, 1800, 100, 1),
(84462, 2043, 0, 47, 286.887, -4306.71, 118.855, 2.09439, 0, 0, 0.866025, 0.5, 1800, 100, 1),
(84463, 142140, 0, 47, -265.61, -3521.13, 160.874, -2.60054, 0, 0, 0.96363, -0.267238, 2700, 100, 1),
(84464, 142144, 0, 47, -281.516, -3721.69, 239.785, -2.40855, 0, 0, 0.93358, -0.358368, 300, 100, 1),
(84465, 2043, 0, 47, 447.914, -3893.58, 124.796, 1.95477, 0, 0, 0.829038, 0.559193, 1800, 100, 1),
(84466, 2046, 0, 47, 103.8, -4171.09, 126.829, 0.279253, 0, 0, 0.139173, 0.990268, 1800, 100, 1),
(84467, 176583, 0, 47, 54.9439, -4500.57, 145.834, -0.034907, 0, 0, 0.017452, -0.999848, 2700, 100, 1),
(84468, 142140, 0, 47, -240.483, -4018.18, 174.303, -1.71042, 0, 0, 0.75471, -0.656059, 2700, 100, 1),
(84469, 142140, 0, 47, -206.332, -3960.19, 196.913, -2.42601, 0, 0, 0.936672, -0.350207, 2700, 100, 1),
(84470, 142140, 0, 47, -385.865, -3823.76, 238.612, -1.41372, 0, 0, 0.649448, -0.760406, 2700, 100, 1),
(84471, 142140, 0, 47, -252.906, -4189.7, 121.522, -1.64061, 0, 0, 0.731354, -0.681998, 2700, 100, 1),
(84472, 142140, 0, 47, -251.535, -2768.62, 114.138, -0.890118, 0, 0, 0.430511, -0.902585, 2700, 100, 1),
(84473, 176583, 0, 47, -136.655, -3453.34, 129.769, -1.6057, 0, 0, 0.71934, -0.694658, 2700, 100, 1),
(84474, 142140, 0, 47, 72.0628, -3488.07, 107.691, -2.33874, 0, 0, 0.920505, -0.390731, 2700, 100, 1),
(84475, 176583, 0, 47, -256.678, -2890.58, 92.1892, 1.8326, 0, 0, 0.793353, 0.608761, 2700, 100, 1),
(84476, 2041, 0, 47, 346.838, -2737.67, 116.216, -2.42601, 0, 0, 0.936672, -0.350207, 1800, 100, 1),
(84477, 142142, 0, 47, 286.254, -2994.07, 114.463, 4.71239, 0, 0, 0.707107, -0.707107, 2700, 100, 1),
(84478, 142142, 0, 47, 376.906, -3558.85, 118.439, -2.26893, 0, 0, 0.906308, -0.422618, 2700, 100, 1),
(84479, 142144, 0, 47, 389.591, -3854.77, 96.4221, 0.575959, 0, 0, 0.284015, 0.95882, 300, 100, 1),
(84480, 142144, 0, 47, 363.105, -3803.18, 111.28, 2.16421, 0, 0, 0.882948, 0.469472, 300, 100, 1),
(84481, 142144, 0, 47, 325.818, -3708.8, 107.088, 1.23918, 0, 0, 0.580703, 0.814116, 300, 100, 1),
(84482, 2041, 0, 47, 534.453, -3604.43, 102.202, 2.72271, 0, 0, 0.978148, 0.207912, 1800, 100, 1),
(84483, 2046, 0, 47, -299.212, -2770.7, 100.27, 0.523599, 0, 0, 0.258819, 0.965926, 1800, 100, 1),
(84484, 2046, 0, 47, -35.6698, -2694.52, 172.04, -2.96706, 0, 0, 0.996195, -0.087156, 1800, 100, 1),
(84485, 2042, 0, 47, -155.541, -2623.64, 120.462, -1.95477, 0, 0, 0.829038, -0.559193, 1800, 100, 1),
(84486, 2046, 0, 47, 98.4678, -4596.08, 118.84, 4.71239, 0, 0, 0.707107, -0.707107, 1800, 100, 1),
(84487, 142140, 0, 47, -316.936, -4234.65, 138.125, 0.628317, 0, 0, 0.309016, 0.951057, 300, 100, 1),
(84488, 142142, 0, 47, 59.7218, -3386.04, 117.453, 3.01942, 0, 0, 0.998135, 0.061049, 2700, 100, 1),
(84489, 2046, 0, 47, -184.718, -3334.12, 126.395, -0.383972, 0, 0, 0.190809, -0.981627, 1800, 100, 1),
(84490, 142142, 0, 47, -17.3964, -4119.51, 117.86, -0.733038, 0, 0, 0.358368, -0.93358, 2700, 100, 1),
(84491, 142142, 0, 47, -9.04666, -3332.54, 119.422, 1.8326, 0, 0, 0.793353, 0.608761, 2700, 100, 1),
(84492, 142142, 0, 47, 254.163, -3647.02, 130.938, 0.506145, 0, 0, 0.25038, 0.968148, 2700, 100, 1),
(84493, 142142, 0, 47, 154.721, -4485.13, 126.177, -1.37881, 0, 0, 0.636078, -0.771625, 2700, 100, 1),
(84494, 142142, 0, 47, 291.528, -3741.59, 138.065, -1.71042, 0, 0, 0.75471, -0.656059, 2700, 100, 1),
(84495, 142142, 0, 47, 255.481, -4115.63, 119.415, 2.3911, 0, 0, 0.930418, 0.366501, 2700, 100, 1),
(84496, 142142, 0, 47, -83.7886, -4318.95, 127.546, 1.37881, 0, 0, 0.636078, 0.771625, 2700, 100, 1),
(84497, 142140, 0, 47, -329.511, -4207.55, 152.009, 1.53589, 0, 0, 0.694658, 0.71934, 300, 100, 1),
(84498, 142140, 0, 47, -262.42, -3912.02, 215.861, 2.46091, 0, 0, 0.942641, 0.333808, 300, 100, 1),
(84499, 142140, 0, 47, 389.724, -3402.35, 122.954, 4.32842, 0, 0, -0.829037, 0.559194, 300, 100, 1),
(84500, 142140, 0, 47, -173.964, -3896.27, 215.861, 0.139624, 0, 0, 0.0697556, 0.997564, 300, 100, 1),
(84501, 142142, 0, 47, -192.009, -4346.85, 120.757, 4.53786, 0, 0, -0.766044, 0.642789, 300, 100, 1),
(84502, 142142, 0, 47, 84.1852, -4108.34, 158.736, 0.453785, 0, 0, 0.224951, 0.97437, 300, 100, 1),
(84503, 142142, 0, 47, 134.793, -3656.45, 133.251, 3.4034, 0, 0, -0.991445, 0.130528, 300, 100, 1),
(84504, 142142, 0, 47, 179.138, -4381.11, 118.616, 4.57276, 0, 0, -0.754709, 0.656059, 300, 100, 1),
(84505, 142142, 0, 47, -13.3295, -4387.78, 142.955, 5.23599, 0, 0, -0.5, 0.866025, 300, 100, 1);

-- Arathi Highlands
DELETE FROM `pool_gameobject` WHERE `pool_entry` IN (959);
DELETE FROM `pool_template` WHERE `entry` IN (959);
DELETE FROM `gameobject` WHERE `guid` IN (2966,2969,2970,3062,3074,3091,3127,3149,3150,3151,3219,3280,3470,3555,3629,3661,3699,3799,3859,3873,3892,3897,3899,3901,3905,3918,3920,3928,3929,3930,3933,3940,3947,3948,3956,3959,3966,3972,3973,3975,3976,3978,3980,3981,3986,3992,3997,3999,4001,4002,4010,4011,4012,4013,4015,4016,4017,4020,4022,4023,4026,4031,4038,4040,4051,4056,4057,4058,4062,4068,4069,4072,4074,4075,4076,4081,4083,4087,4090,4091,4094,4098,4099,4105,4106,4109,4113,4114,4119,4121,4122,4123,4124,4129,4132,4133,4141,4144,4146,4147,4148,4154,4157,4158,4159,4161,4162,4163,4168,4172,4175,4176,4177,4180,4184,4188,4191,4192,4195,4203,4208,4213,4214,4215,4230,4231,4236,4240,4244,4245,4247,4262,4263,4271,4287,4296,4322,4337,4366,4385,4403,4408,4449,4459,4464,4467,4469,4472,6966,6967,7330,7334,7338,7339,7340,7341,7342,7343,7344,7345,7356,7364,7368,7369,7370,7374,7375,7380,7383,7384,7390,7392,7429,7430,7431,7448,7449,7450,7460,7467,7495,7505,7513,7516,7518,7526,7533,7534,7535,7541,7542,7543,7557,7559,7582,7587,7589,7601,7610,7611,7612,7613,7617,7618,7619,7620,7627,7628,7629,7630,7632,7648,7653,7654,7655,7661,7662,7667,7669,7674,7715,7717,7719,7730,7741,7752,7753,7755,7756,7777,7785,7790,7791,7792,7793,7794,7818,7829,7846,7850,7857,7858,7864,7865,7866,7867,7868,7869,7888,7893,7894,7895,7896,7903,7942,7943,7947,7953,7954,7955,7956,7957,8002,8003,8004,8005,8006,8018,8029,8034,8036,8037,8038,8053,8054,8057,8059,8076,8077,8078,8083,8090,8091,8105,8106,8117,8118,8125,8143,8144,8145,8146,8147,8148,8149,8166,8179,8180,8610,8611,8612,8615,8640,8652,8659,8665,8666,8667,8668,8675,8682,8683,8687,8688,8693,8697,8698,8699,8711,8719,8740,8742,8743,8744,8754,8777,8779,8780,8781,8782,8783,8784,8785,8786,8787,8788,8789,8790,8803,8806,8818,8820,8830,8833,8840,8847,8848,8849,8850,8863,8870,8897,8907,8908,8909,8912,8934,8954,8955,8960,8961,8962,8981,8982,9028,9029,9030,9047,9058,9060,9092,9093,9094,9095,9106,9107,9108,9109,9110,9111,9112,9123,9129,9133,9145,9149,9150,9151,9152,9163,9164,9169,9177,9178,9179,9181,9182,9201,9202,9203,9209,9215,9216,16751,16753,16758,16764,16783,16790,16792,16793,16796,16797,16798,16799,16813,16897,16898,16900,16905,16907,16911,16912,16913,16916,16918,16922,16923,16925,16934,16935,16937,16939,16940,16941,16942,21227,32174,33380,33381,33388,33850,34912,35554,35556,35557,35559,35561,35565,35572,35574,35575,35576,46303,46454,46461,46462,64038,64091,64092,64093,65060,65071,65074,65076,65077,65079,65080,65081,65082,65084,65087,65088,65089,65090,65091,65094,65100,65104,65105,65106,65108,65111,65120,65312,65318,65320,65321,65322,65325,65326,65327,65328,65330,65331,65332,65333,65334,65368,65370,65372,65373,65374,86309,86319,86335,86341,86343,86854,86961,86974,86976,86977,86983,87245,87266,87337,87346,87353,87368,87372);

-- Vmangos pools: (1052,1180,1181,1182,1183,1184,1185);
DELETE FROM `pool_template` WHERE `entry` BETWEEN 617 AND 623;
INSERT INTO `pool_template` (`entry`, `max_limit`, `description`) VALUES
(617, 1, 'Bruiseweed in Arathi Highlands'),
(618, 8, 'Kingsblood in Arathi Highlands'),
(619, 20, 'Goldthorn in Arathi Highlands'),
(620, 15, 'Khadgar\'s Whisker in Arathi Highlands'),
(621, 15, 'Fadeleaf in Arathi Highlands'),
(622, 10, 'Liferoot in Arathi Highlands'),
(623, 21, 'Wild Steelbloom in Arathi Highlands');

DELETE FROM `pool_gameobject` WHERE `guid` BETWEEN 84506 AND 84967;
INSERT INTO `pool_gameobject` (`guid`, `pool_entry`, `chance`, `description`) VALUES 
(84506, 617, 0, 'Bruiseweed'),
(84507, 617, 0, 'Bruiseweed'),
(84508, 617, 0, 'Bruiseweed'),
(84509, 617, 0, 'Bruiseweed'),
(84510, 623, 0, 'Wild Steelbloom'),
(84511, 623, 0, 'Wild Steelbloom'),
(84512, 623, 0, 'Wild Steelbloom'),
(84513, 623, 0, 'Wild Steelbloom'),
(84514, 623, 0, 'Wild Steelbloom'),
(84515, 623, 0, 'Wild Steelbloom'),
(84516, 623, 0, 'Wild Steelbloom'),
(84517, 623, 0, 'Wild Steelbloom'),
(84518, 623, 0, 'Wild Steelbloom'),
(84519, 623, 0, 'Wild Steelbloom'),
(84520, 623, 0, 'Wild Steelbloom'),
(84521, 623, 0, 'Wild Steelbloom'),
(84522, 623, 0, 'Wild Steelbloom'),
(84523, 623, 0, 'Wild Steelbloom'),
(84524, 623, 0, 'Wild Steelbloom'),
(84525, 623, 0, 'Wild Steelbloom'),
(84526, 623, 0, 'Wild Steelbloom'),
(84527, 623, 0, 'Wild Steelbloom'),
(84528, 623, 0, 'Wild Steelbloom'),
(84529, 623, 0, 'Wild Steelbloom'),
(84530, 623, 0, 'Wild Steelbloom'),
(84531, 623, 0, 'Wild Steelbloom'),
(84532, 623, 0, 'Wild Steelbloom'),
(84533, 623, 0, 'Wild Steelbloom'),
(84534, 623, 0, 'Wild Steelbloom'),
(84535, 623, 0, 'Wild Steelbloom'),
(84536, 623, 0, 'Wild Steelbloom'),
(84537, 623, 0, 'Wild Steelbloom'),
(84538, 623, 0, 'Wild Steelbloom'),
(84539, 623, 0, 'Wild Steelbloom'),
(84540, 623, 0, 'Wild Steelbloom'),
(84541, 623, 0, 'Wild Steelbloom'),
(84542, 623, 0, 'Wild Steelbloom'),
(84543, 623, 0, 'Wild Steelbloom'),
(84544, 623, 0, 'Wild Steelbloom'),
(84545, 623, 0, 'Wild Steelbloom'),
(84546, 618, 0, 'Kingsblood'),
(84547, 623, 0, 'Wild Steelbloom'),
(84548, 623, 0, 'Wild Steelbloom'),
(84549, 623, 0, 'Wild Steelbloom'),
(84550, 618, 0, 'Kingsblood'),
(84551, 623, 0, 'Wild Steelbloom'),
(84552, 623, 0, 'Wild Steelbloom'),
(84553, 623, 0, 'Wild Steelbloom'),
(84554, 623, 0, 'Wild Steelbloom'),
(84555, 623, 0, 'Wild Steelbloom'),
(84556, 623, 0, 'Wild Steelbloom'),
(84557, 623, 0, 'Wild Steelbloom'),
(84558, 623, 0, 'Wild Steelbloom'),
(84559, 623, 0, 'Wild Steelbloom'),
(84560, 623, 0, 'Wild Steelbloom'),
(84561, 623, 0, 'Wild Steelbloom'),
(84562, 623, 0, 'Wild Steelbloom'),
(84563, 623, 0, 'Wild Steelbloom'),
(84564, 623, 0, 'Wild Steelbloom'),
(84565, 623, 0, 'Wild Steelbloom'),
(84566, 623, 0, 'Wild Steelbloom'),
(84567, 623, 0, 'Wild Steelbloom'),
(84568, 623, 0, 'Wild Steelbloom'),
(84569, 623, 0, 'Wild Steelbloom'),
(84570, 623, 0, 'Wild Steelbloom'),
(84571, 623, 0, 'Wild Steelbloom'),
(84572, 623, 0, 'Wild Steelbloom'),
(84573, 623, 0, 'Wild Steelbloom'),
(84574, 623, 0, 'Wild Steelbloom'),
(84575, 623, 0, 'Wild Steelbloom'),
(84576, 623, 0, 'Wild Steelbloom'),
(84577, 623, 0, 'Wild Steelbloom'),
(84578, 623, 0, 'Wild Steelbloom'),
(84579, 623, 0, 'Wild Steelbloom'),
(84580, 623, 0, 'Wild Steelbloom'),
(84581, 623, 0, 'Wild Steelbloom'),
(84582, 623, 0, 'Wild Steelbloom'),
(84583, 623, 0, 'Wild Steelbloom'),
(84584, 623, 0, 'Wild Steelbloom'),
(84585, 623, 0, 'Wild Steelbloom'),
(84586, 623, 0, 'Wild Steelbloom'),
(84587, 623, 0, 'Wild Steelbloom'),
(84588, 623, 0, 'Wild Steelbloom'),
(84589, 623, 0, 'Wild Steelbloom'),
(84590, 623, 0, 'Wild Steelbloom'),
(84591, 623, 0, 'Wild Steelbloom'),
(84592, 623, 0, 'Wild Steelbloom'),
(84593, 623, 0, 'Wild Steelbloom'),
(84594, 623, 0, 'Wild Steelbloom'),
(84595, 623, 0, 'Wild Steelbloom'),
(84596, 623, 0, 'Wild Steelbloom'),
(84597, 623, 0, 'Wild Steelbloom'),
(84598, 623, 0, 'Wild Steelbloom'),
(84599, 623, 0, 'Wild Steelbloom'),
(84600, 623, 0, 'Wild Steelbloom'),
(84601, 623, 0, 'Wild Steelbloom'),
(84602, 623, 0, 'Wild Steelbloom'),
(84603, 623, 0, 'Wild Steelbloom'),
(84604, 623, 0, 'Wild Steelbloom'),
(84605, 623, 0, 'Wild Steelbloom'),
(84606, 623, 0, 'Wild Steelbloom'),
(84607, 623, 0, 'Wild Steelbloom'),
(84608, 623, 0, 'Wild Steelbloom'),
(84609, 623, 0, 'Wild Steelbloom'),
(84610, 623, 0, 'Wild Steelbloom'),
(84611, 623, 0, 'Wild Steelbloom'),
(84612, 623, 0, 'Wild Steelbloom'),
(84613, 623, 0, 'Wild Steelbloom'),
(84614, 623, 0, 'Wild Steelbloom'),
(84615, 623, 0, 'Wild Steelbloom'),
(84616, 623, 0, 'Wild Steelbloom'),
(84617, 623, 0, 'Wild Steelbloom'),
(84618, 623, 0, 'Wild Steelbloom'),
(84619, 623, 0, 'Wild Steelbloom'),
(84620, 623, 0, 'Wild Steelbloom'),
(84621, 618, 0, 'Kingsblood'),
(84622, 618, 0, 'Kingsblood'),
(84623, 618, 0, 'Kingsblood'),
(84624, 618, 0, 'Kingsblood'),
(84625, 618, 0, 'Kingsblood'),
(84626, 618, 0, 'Kingsblood'),
(84627, 622, 0, 'Liferoot'),
(84628, 619, 0, 'Goldthorn'),
(84629, 619, 0, 'Goldthorn'),
(84630, 620, 0, 'Khadgar\'s Whisker'),
(84631, 620, 0, 'Khadgar\'s Whisker'),
(84632, 620, 0, 'Khadgar\'s Whisker'),
(84633, 622, 0, 'Liferoot'),
(84634, 622, 0, 'Liferoot'),
(84635, 622, 0, 'Liferoot'),
(84636, 622, 0, 'Liferoot'),
(84637, 622, 0, 'Liferoot'),
(84638, 622, 0, 'Liferoot'),
(84639, 622, 0, 'Liferoot'),
(84640, 622, 0, 'Liferoot'),
(84641, 622, 0, 'Liferoot'),
(84642, 622, 0, 'Liferoot'),
(84643, 622, 0, 'Liferoot'),
(84644, 622, 0, 'Liferoot'),
(84645, 622, 0, 'Liferoot'),
(84646, 622, 0, 'Liferoot'),
(84647, 622, 0, 'Liferoot'),
(84648, 622, 0, 'Liferoot'),
(84649, 622, 0, 'Liferoot'),
(84650, 622, 0, 'Liferoot'),
(84651, 622, 0, 'Liferoot'),
(84652, 622, 0, 'Liferoot'),
(84653, 622, 0, 'Liferoot'),
(84654, 622, 0, 'Liferoot'),
(84655, 622, 0, 'Liferoot'),
(84656, 622, 0, 'Liferoot'),
(84657, 622, 0, 'Liferoot'),
(84658, 622, 0, 'Liferoot'),
(84659, 622, 0, 'Liferoot'),
(84660, 622, 0, 'Liferoot'),
(84661, 622, 0, 'Liferoot'),
(84662, 622, 0, 'Liferoot'),
(84663, 622, 0, 'Liferoot'),
(84664, 622, 0, 'Liferoot'),
(84665, 622, 0, 'Liferoot'),
(84666, 622, 0, 'Liferoot'),
(84667, 622, 0, 'Liferoot'),
(84668, 622, 0, 'Liferoot'),
(84669, 622, 0, 'Liferoot'),
(84670, 622, 0, 'Liferoot'),
(84671, 622, 0, 'Liferoot'),
(84672, 622, 0, 'Liferoot'),
(84673, 622, 0, 'Liferoot'),
(84674, 621, 0, 'Fadeleaf'),
(84675, 621, 0, 'Fadeleaf'),
(84676, 621, 0, 'Fadeleaf'),
(84677, 621, 0, 'Fadeleaf'),
(84678, 621, 0, 'Fadeleaf'),
(84679, 621, 0, 'Fadeleaf'),
(84680, 621, 0, 'Fadeleaf'),
(84681, 621, 0, 'Fadeleaf'),
(84682, 621, 0, 'Fadeleaf'),
(84683, 621, 0, 'Fadeleaf'),
(84684, 621, 0, 'Fadeleaf'),
(84685, 621, 0, 'Fadeleaf'),
(84686, 621, 0, 'Fadeleaf'),
(84687, 621, 0, 'Fadeleaf'),
(84688, 621, 0, 'Fadeleaf'),
(84689, 621, 0, 'Fadeleaf'),
(84690, 621, 0, 'Fadeleaf'),
(84691, 621, 0, 'Fadeleaf'),
(84692, 621, 0, 'Fadeleaf'),
(84693, 621, 0, 'Fadeleaf'),
(84694, 621, 0, 'Fadeleaf'),
(84695, 621, 0, 'Fadeleaf'),
(84696, 621, 0, 'Fadeleaf'),
(84697, 621, 0, 'Fadeleaf'),
(84698, 621, 0, 'Fadeleaf'),
(84699, 621, 0, 'Fadeleaf'),
(84700, 621, 0, 'Fadeleaf'),
(84701, 621, 0, 'Fadeleaf'),
(84702, 621, 0, 'Fadeleaf'),
(84703, 621, 0, 'Fadeleaf'),
(84704, 621, 0, 'Fadeleaf'),
(84705, 621, 0, 'Fadeleaf'),
(84706, 621, 0, 'Fadeleaf'),
(84707, 621, 0, 'Fadeleaf'),
(84708, 621, 0, 'Fadeleaf'),
(84709, 621, 0, 'Fadeleaf'),
(84710, 621, 0, 'Fadeleaf'),
(84711, 621, 0, 'Fadeleaf'),
(84712, 621, 0, 'Fadeleaf'),
(84713, 620, 0, 'Khadgar\'s Whisker'),
(84714, 620, 0, 'Khadgar\'s Whisker'),
(84715, 620, 0, 'Khadgar\'s Whisker'),
(84716, 620, 0, 'Khadgar\'s Whisker'),
(84717, 620, 0, 'Khadgar\'s Whisker'),
(84718, 620, 0, 'Khadgar\'s Whisker'),
(84719, 620, 0, 'Khadgar\'s Whisker'),
(84720, 620, 0, 'Khadgar\'s Whisker'),
(84721, 620, 0, 'Khadgar\'s Whisker'),
(84722, 620, 0, 'Khadgar\'s Whisker'),
(84723, 620, 0, 'Khadgar\'s Whisker'),
(84724, 620, 0, 'Khadgar\'s Whisker'),
(84725, 620, 0, 'Khadgar\'s Whisker'),
(84726, 620, 0, 'Khadgar\'s Whisker'),
(84727, 620, 0, 'Khadgar\'s Whisker'),
(84728, 620, 0, 'Khadgar\'s Whisker'),
(84729, 620, 0, 'Khadgar\'s Whisker'),
(84730, 620, 0, 'Khadgar\'s Whisker'),
(84731, 620, 0, 'Khadgar\'s Whisker'),
(84732, 620, 0, 'Khadgar\'s Whisker'),
(84733, 620, 0, 'Khadgar\'s Whisker'),
(84734, 620, 0, 'Khadgar\'s Whisker'),
(84735, 620, 0, 'Khadgar\'s Whisker'),
(84736, 620, 0, 'Khadgar\'s Whisker'),
(84737, 620, 0, 'Khadgar\'s Whisker'),
(84738, 620, 0, 'Khadgar\'s Whisker'),
(84739, 620, 0, 'Khadgar\'s Whisker'),
(84740, 620, 0, 'Khadgar\'s Whisker'),
(84741, 620, 0, 'Khadgar\'s Whisker'),
(84742, 620, 0, 'Khadgar\'s Whisker'),
(84743, 620, 0, 'Khadgar\'s Whisker'),
(84744, 620, 0, 'Khadgar\'s Whisker'),
(84745, 620, 0, 'Khadgar\'s Whisker'),
(84746, 620, 0, 'Khadgar\'s Whisker'),
(84747, 620, 0, 'Khadgar\'s Whisker'),
(84748, 620, 0, 'Khadgar\'s Whisker'),
(84749, 620, 0, 'Khadgar\'s Whisker'),
(84750, 620, 0, 'Khadgar\'s Whisker'),
(84751, 620, 0, 'Khadgar\'s Whisker'),
(84752, 620, 0, 'Khadgar\'s Whisker'),
(84753, 620, 0, 'Khadgar\'s Whisker'),
(84754, 620, 0, 'Khadgar\'s Whisker'),
(84755, 620, 0, 'Khadgar\'s Whisker'),
(84756, 620, 0, 'Khadgar\'s Whisker'),
(84757, 620, 0, 'Khadgar\'s Whisker'),
(84758, 620, 0, 'Khadgar\'s Whisker'),
(84759, 620, 0, 'Khadgar\'s Whisker'),
(84760, 620, 0, 'Khadgar\'s Whisker'),
(84761, 620, 0, 'Khadgar\'s Whisker'),
(84762, 620, 0, 'Khadgar\'s Whisker'),
(84763, 620, 0, 'Khadgar\'s Whisker'),
(84764, 620, 0, 'Khadgar\'s Whisker'),
(84765, 620, 0, 'Khadgar\'s Whisker'),
(84766, 620, 0, 'Khadgar\'s Whisker'),
(84767, 620, 0, 'Khadgar\'s Whisker'),
(84768, 620, 0, 'Khadgar\'s Whisker'),
(84769, 620, 0, 'Khadgar\'s Whisker'),
(84770, 620, 0, 'Khadgar\'s Whisker'),
(84771, 620, 0, 'Khadgar\'s Whisker'),
(84772, 619, 0, 'Goldthorn'),
(84773, 619, 0, 'Goldthorn'),
(84774, 619, 0, 'Goldthorn'),
(84775, 619, 0, 'Goldthorn'),
(84776, 619, 0, 'Goldthorn'),
(84777, 619, 0, 'Goldthorn'),
(84778, 619, 0, 'Goldthorn'),
(84779, 619, 0, 'Goldthorn'),
(84780, 619, 0, 'Goldthorn'),
(84781, 619, 0, 'Goldthorn'),
(84782, 619, 0, 'Goldthorn'),
(84783, 619, 0, 'Goldthorn'),
(84784, 619, 0, 'Goldthorn'),
(84785, 619, 0, 'Goldthorn'),
(84786, 619, 0, 'Goldthorn'),
(84787, 619, 0, 'Goldthorn'),
(84788, 619, 0, 'Goldthorn'),
(84789, 619, 0, 'Goldthorn'),
(84790, 619, 0, 'Goldthorn'),
(84791, 619, 0, 'Goldthorn'),
(84792, 619, 0, 'Goldthorn'),
(84793, 619, 0, 'Goldthorn'),
(84794, 619, 0, 'Goldthorn'),
(84795, 619, 0, 'Goldthorn'),
(84796, 619, 0, 'Goldthorn'),
(84797, 619, 0, 'Goldthorn'),
(84798, 619, 0, 'Goldthorn'),
(84799, 619, 0, 'Goldthorn'),
(84800, 619, 0, 'Goldthorn'),
(84801, 619, 0, 'Goldthorn'),
(84802, 619, 0, 'Goldthorn'),
(84803, 619, 0, 'Goldthorn'),
(84804, 619, 0, 'Goldthorn'),
(84805, 619, 0, 'Goldthorn'),
(84806, 619, 0, 'Goldthorn'),
(84807, 619, 0, 'Goldthorn'),
(84808, 619, 0, 'Goldthorn'),
(84809, 619, 0, 'Goldthorn'),
(84810, 619, 0, 'Goldthorn'),
(84811, 619, 0, 'Goldthorn'),
(84812, 619, 0, 'Goldthorn'),
(84813, 619, 0, 'Goldthorn'),
(84814, 619, 0, 'Goldthorn'),
(84815, 619, 0, 'Goldthorn'),
(84816, 619, 0, 'Goldthorn'),
(84817, 619, 0, 'Goldthorn'),
(84818, 619, 0, 'Goldthorn'),
(84819, 619, 0, 'Goldthorn'),
(84820, 619, 0, 'Goldthorn'),
(84821, 619, 0, 'Goldthorn'),
(84822, 619, 0, 'Goldthorn'),
(84823, 619, 0, 'Goldthorn'),
(84824, 619, 0, 'Goldthorn'),
(84825, 619, 0, 'Goldthorn'),
(84826, 619, 0, 'Goldthorn'),
(84827, 619, 0, 'Goldthorn'),
(84828, 619, 0, 'Goldthorn'),
(84829, 619, 0, 'Goldthorn'),
(84830, 619, 0, 'Goldthorn'),
(84831, 619, 0, 'Goldthorn'),
(84832, 619, 0, 'Goldthorn'),
(84833, 619, 0, 'Goldthorn'),
(84834, 619, 0, 'Goldthorn'),
(84835, 619, 0, 'Goldthorn'),
(84836, 619, 0, 'Goldthorn'),
(84837, 619, 0, 'Goldthorn'),
(84838, 619, 0, 'Goldthorn'),
(84839, 619, 0, 'Goldthorn'),
(84840, 619, 0, 'Goldthorn'),
(84841, 619, 0, 'Goldthorn'),
(84842, 619, 0, 'Goldthorn'),
(84843, 619, 0, 'Goldthorn'),
(84844, 619, 0, 'Goldthorn'),
(84845, 619, 0, 'Goldthorn'),
(84846, 619, 0, 'Goldthorn'),
(84847, 619, 0, 'Goldthorn'),
(84848, 619, 0, 'Goldthorn'),
(84849, 619, 0, 'Goldthorn'),
(84850, 619, 0, 'Goldthorn'),
(84851, 619, 0, 'Goldthorn'),
(84852, 619, 0, 'Goldthorn'),
(84853, 619, 0, 'Goldthorn'),
(84854, 619, 0, 'Goldthorn'),
(84855, 619, 0, 'Goldthorn'),
(84856, 619, 0, 'Goldthorn'),
(84857, 619, 0, 'Goldthorn'),
(84858, 619, 0, 'Goldthorn'),
(84859, 619, 0, 'Goldthorn'),
(84860, 617, 0, 'Bruiseweed'),
(84861, 617, 0, 'Bruiseweed'),
(84862, 617, 0, 'Bruiseweed'),
(84863, 617, 0, 'Bruiseweed'),
(84864, 617, 0, 'Bruiseweed'),
(84865, 619, 0, 'Goldthorn'),
(84866, 619, 0, 'Goldthorn'),
(84867, 618, 0, 'Kingsblood'),
(84868, 623, 0, 'Wild Steelbloom'),
(84869, 623, 0, 'Wild Steelbloom'),
(84870, 623, 0, 'Wild Steelbloom'),
(84871, 620, 0, 'Khadgar\'s Whisker'),
(84872, 623, 0, 'Wild Steelbloom'),
(84873, 620, 0, 'Khadgar\'s Whisker'),
(84874, 620, 0, 'Khadgar\'s Whisker'),
(84875, 623, 0, 'Wild Steelbloom'),
(84876, 618, 0, 'Kingsblood'),
(84877, 622, 0, 'Liferoot'),
(84878, 621, 0, 'Fadeleaf'),
(84879, 621, 0, 'Fadeleaf'),
(84880, 623, 0, 'Wild Steelbloom'),
(84881, 619, 0, 'Goldthorn'),
(84882, 618, 0, 'Kingsblood'),
(84883, 620, 0, 'Khadgar\'s Whisker'),
(84884, 620, 0, 'Khadgar\'s Whisker'),
(84885, 618, 0, 'Kingsblood'),
(84886, 622, 0, 'Liferoot'),
(84887, 622, 0, 'Liferoot'),
(84888, 620, 0, 'Khadgar\'s Whisker'),
(84889, 619, 0, 'Goldthorn'),
(84890, 623, 0, 'Wild Steelbloom'),
(84891, 619, 0, 'Goldthorn'),
(84892, 622, 0, 'Liferoot'),
(84893, 623, 0, 'Wild Steelbloom'),
(84894, 618, 0, 'Kingsblood'),
(84895, 621, 0, 'Fadeleaf'),
(84896, 618, 0, 'Kingsblood'),
(84897, 620, 0, 'Khadgar\'s Whisker'),
(84898, 619, 0, 'Goldthorn'),
(84899, 621, 0, 'Fadeleaf'),
(84900, 620, 0, 'Khadgar\'s Whisker'),
(84901, 619, 0, 'Goldthorn'),
(84902, 619, 0, 'Goldthorn'),
(84903, 619, 0, 'Goldthorn'),
(84904, 619, 0, 'Goldthorn'),
(84905, 619, 0, 'Goldthorn'),
(84906, 619, 0, 'Goldthorn'),
(84907, 619, 0, 'Goldthorn'),
(84908, 619, 0, 'Goldthorn'),
(84909, 619, 0, 'Goldthorn'),
(84910, 619, 0, 'Goldthorn'),
(84911, 619, 0, 'Goldthorn'),
(84912, 619, 0, 'Goldthorn'),
(84913, 619, 0, 'Goldthorn'),
(84914, 619, 0, 'Goldthorn'),
(84915, 619, 0, 'Goldthorn'),
(84916, 619, 0, 'Goldthorn'),
(84917, 620, 0, 'Khadgars Whisker'),
(84918, 620, 0, 'Khadgars Whisker'),
(84919, 620, 0, 'Khadgars Whisker'),
(84920, 620, 0, 'Khadgars Whisker'),
(84921, 620, 0, 'Khadgars Whisker'),
(84922, 620, 0, 'Khadgars Whisker'),
(84923, 618, 0, 'Kingsblood'),
(84924, 618, 0, 'Kingsblood'),
(84925, 618, 0, 'Kingsblood'),
(84926, 618, 0, 'Kingsblood'),
(84927, 620, 0, 'Khadgar\'s Whisker'),
(84928, 618, 0, 'Kingsblood'),
(84929, 623, 0, 'Wild Steelbloom'),
(84930, 623, 0, 'Wild Steelbloom'),
(84931, 623, 0, 'Wild Steelbloom'),
(84932, 623, 0, 'Wild Steelbloom'),
(84933, 623, 0, 'Wild Steelbloom'),
(84934, 623, 0, 'Wild Steelbloom'),
(84935, 623, 0, 'Wild Steelbloom'),
(84936, 623, 0, 'Wild Steelbloom'),
(84937, 623, 0, 'Wild Steelbloom'),
(84938, 622, 0, 'Liferoot'),
(84939, 622, 0, 'Liferoot'),
(84940, 623, 0, 'Wild Steelbloom'),
(84941, 621, 0, 'Fadeleaf'),
(84942, 618, 0, 'Kingsblood'),
(84943, 621, 0, 'Fadeleaf'),
(84944, 621, 0, 'Fadeleaf'),
(84945, 618, 0, 'Kingsblood'),
(84946, 623, 0, 'Wild Steelbloom'),
(84947, 619, 0, 'Goldthorn'),
(84948, 623, 0, 'Wild Steelbloom'),
(84949, 618, 0, 'Kingsblood'),
(84950, 618, 0, 'Kingsblood'),
(84951, 618, 0, 'Kingsblood'),
(84952, 621, 0, 'Fadeleaf'),
(84953, 618, 0, 'Kingsblood'),
(84954, 622, 0, 'Liferoot'),
(84955, 619, 0, 'Goldthorn'),
(84956, 618, 0, 'Kingsblood'),
(84957, 620, 0, 'Khadgar\'s Whisker'),
(84958, 621, 0, 'Fadeleaf'),
(84959, 618, 0, 'Kingsblood'),
(84960, 618, 0, 'Kingsblood'),
(84961, 618, 0, 'Kingsblood'),
(84962, 618, 0, 'Kingsblood'),
(84963, 618, 0, 'Kingsblood'),
(84964, 618, 0, 'Kingsblood'),
(84965, 623, 0, 'Wild Steelbloom'),
(84966, 619, 0, 'Goldthorn'),
(84967, 623, 0, 'Wild Steelbloom');

DELETE FROM `gameobject` WHERE `zoneId`=45 AND `guid` BETWEEN 84506 AND 84967;
INSERT INTO `gameobject` (`guid`, `id`, `map`, `zoneId`, `position_x`, `position_y`, `position_z`, `orientation`, `rotation0`, `rotation1`, `rotation2`, `rotation3`, `spawntimesecs`, `animprogress`, `state`) VALUES
(84506, 1622, 0, 45, -1075.52, -2794.77, 42.197, 3.6652, 0, 0, -0.965925, 0.258821, 1800, 255, 1),
(84507, 1622, 0, 45, -863.799, -2067.71, 34.5095, 4.90438, 0, 0, -0.636078, 0.771625, 1800, 255, 1),
(84508, 1622, 0, 45, -1096.9, -2921.88, 42.197, 4.71239, 0, 0, -0.707107, 0.707107, 1800, 255, 1),
(84509, 1622, 0, 45, -869.361, -2011.93, 34.3577, 1.78023, 0, 0, 0.777145, 0.629321, 1800, 255, 1),
(84510, 1623, 0, 45, -676.339, -2124.9, 58.6958, 1.0472, 0, 0, 0.5, 0.866025, 1800, 255, 1),
(84511, 1623, 0, 45, -1897, -1690, 65.486, 3.588, 0, 0, 0, 0, 1800, 100, 1),
(84512, 1623, 0, 45, -969, -3802, 150.964, 5.035, 0, 0, 0, 0, 1800, 100, 1),
(84513, 1623, 0, 45, -934, -2518, 61.794, 0.088, 0, 0, 0, 0, 1800, 100, 1),
(84514, 1623, 0, 45, -923, -2652, 105.409, 0.317, 0, 0, 0, 0, 1800, 100, 1),
(84515, 1623, 0, 45, -758, -2308, 69.588, 5.272, 0, 0, 0, 0, 1800, 100, 1),
(84516, 1623, 0, 45, -924, -3745, 97.833, 1.533, 0, 0, 0, 0, 1800, 100, 1),
(84517, 1623, 0, 45, -944, -3694, 91.835, 0.12, 0, 0, 0, 0, 1800, 100, 1),
(84518, 1623, 0, 45, -1679, -1464, 46, 2.547, 0, 0, 0, 0, 1800, 100, 1),
(84519, 1623, 0, 45, -1772, -1461, 68.123, 0.51, 0, 0, 0, 0, 1800, 100, 1),
(84520, 1623, 0, 45, -1935, -3386, 79.194, 3.499, 0, 0, 0, 0, 1800, 100, 1),
(84521, 1623, 0, 45, -746, -3154, 96.008, 0.486, 0, 0, 0, 0, 1800, 100, 1),
(84522, 1623, 0, 45, -1205, -1908, 83.851, 4.962, 0, 0, 0, 0, 1800, 100, 1),
(84523, 1623, 0, 45, -827, -2391, 67.733, 6.226, 0, 0, 0, 0, 1800, 100, 1),
(84524, 1623, 0, 45, -678, -2171, 61.484, 2.38, 0, 0, 0, 0, 1800, 100, 1),
(84525, 1623, 0, 45, -693, -2217, 64.073, 0.134, 0, 0, 0, 0, 1800, 100, 1),
(84526, 1623, 0, 45, -1002, -3787, 123.518, 5.213, 0, 0, 0, 0, 1800, 100, 1),
(84527, 1623, 0, 45, -745, -3240, 102.027, 4.435, 0, 0, 0, 0, 1800, 100, 1),
(84528, 1623, 0, 45, -1818, -1966, 72.091, 3.86, 0, 0, 0, 0, 1800, 100, 1),
(84529, 1623, 0, 45, -748, -3250, 103.951, 6.018, 0, 0, 0, 0, 1800, 100, 1),
(84530, 1623, 0, 45, -1887, -2926, 106.173, 1.149, 0, 0, 0, 0, 1800, 100, 1),
(84531, 1623, 0, 45, -1832, -2976, 66.557, 4.064, 0, 0, 0, 0, 1800, 100, 1),
(84532, 1623, 0, 45, -884, -2861, 101.809, 1.888, 0, 0, 0, 0, 1800, 100, 1),
(84533, 1623, 0, 45, -817, -3108, 88.966, 0.287, 0, 0, 0, 0, 1800, 100, 1),
(84534, 1623, 0, 45, -890, -2956, 88.279, 5.59, 0, 0, 0, 0, 1800, 100, 1),
(84535, 1623, 0, 45, -758, -2257, 58.943, 1.56, 0, 0, 0, 0, 1800, 100, 1),
(84536, 1623, 0, 45, -1116, -3736, 93.616, 2.224, 0, 0, 0, 0, 1800, 100, 1),
(84537, 1623, 0, 45, -1168, -3715, 92.665, 1.785, 0, 0, 0, 0, 1800, 100, 1),
(84538, 1623, 0, 45, -687, -2216, 64.674, 0.134, 0, 0, 0, 0, 1800, 100, 1),
(84539, 1623, 0, 45, -930, -2603, 76.039, 5.057, 0, 0, 0, 0, 1800, 100, 1),
(84540, 1623, 0, 45, -604, -2079, 72.203, 4.902, 0, 0, 0, 0, 1800, 100, 1),
(84541, 1623, 0, 45, -1919, -2916, 107.87, 0.699, 0, 0, 0, 0, 1800, 100, 1),
(84542, 1623, 0, 45, -911, -2827, 64.907, 2.998, 0, 0, 0, 0, 1800, 100, 1),
(84543, 1623, 0, 45, -895, -3033, 87.932, 2.751, 0, 0, 0, 0, 1800, 100, 1),
(84544, 1623, 0, 45, -1936, -2894, 101.708, 4.399, 0, 0, 0, 0, 1800, 100, 1),
(84545, 1623, 0, 45, -1202, -2035, 74.878, 5.405, 0, 0, 0, 0, 1800, 100, 1),
(84546, 1624, 0, 45, -1250.13, -3383.25, 37.3728, 2.84488, 0, 0, 0.989016, 0.147811, 1800, 255, 1),
(84547, 1623, 0, 45, -984, -3733, 95.969, 4.698, 0, 0, 0, 0, 1800, 100, 1),
(84548, 1623, 0, 45, -977, -3708, 99.831, 3.132, 0, 0, 0, 0, 1800, 100, 1),
(84549, 1623, 0, 45, -865, -3006, 101.271, 5.53, 0, 0, 0, 0, 1800, 100, 1),
(84550, 1624, 0, 45, -1816.56, -2881.86, 61.0276, 1.91986, 0, 0, 0.819152, 0.573577, 1800, 255, 1),
(84551, 1623, 0, 45, -767, -3300, 88.9014, 5.644, 0, 0, 0, 0, 1800, 100, 1),
(84552, 1623, 0, 45, -928, -3034, 76.321, 3.984, 0, 0, 0, 0, 1800, 100, 1),
(84553, 1623, 0, 45, -1202, -3637, 58.189, 5.233, 0, 0, 0, 0, 1800, 100, 1),
(84554, 1623, 0, 45, -652, -2240, 70.37, 5.503, 0, 0, 0, 0, 1800, 100, 1),
(84555, 1623, 0, 45, -1090, -3821, 129.333, 4.269, 0, 0, 0, 0, 1800, 100, 1),
(84556, 1623, 0, 45, -1970, -3360, 118.881, 3.011, 0, 0, 0, 0, 1800, 100, 1),
(84557, 1623, 0, 45, -732, -2266, 78.328, 3.91, 0, 0, 0, 0, 1800, 100, 1),
(84558, 1623, 0, 45, -1127, -3675, 85.77, 2.044, 0, 0, 0, 0, 1800, 100, 1),
(84559, 1623, 0, 45, -972, -3013, 78.248, 5.378, 0, 0, 0, 0, 1800, 100, 1),
(84560, 1623, 0, 45, -666, -2097, 57.366, 4.75, 0, 0, 0, 0, 1800, 100, 1),
(84561, 1623, 0, 45, -677, -2151, 64.639, 0.406, 0, 0, 0, 0, 1800, 100, 1),
(84562, 1623, 0, 45, -1937, -2966, 102.545, 4.891, 0, 0, 0, 0, 1800, 100, 1),
(84563, 1623, 0, 45, -2033, -2771, 93.665, 2.485, 0, 0, 0, 0, 1800, 100, 1),
(84564, 1623, 0, 45, -1159, -2173, 55.78, 0.508, 0, 0, 0, 0, 1800, 100, 1),
(84565, 1623, 0, 45, -1203, -2031, 71.017, 4.392, 0, 0, 0, 0, 1800, 100, 1),
(84566, 1623, 0, 45, -804, -2412, 72.633, 5.553, 0, 0, 0, 0, 1800, 100, 1),
(84567, 1623, 0, 45, -1944, -1613, 41.048, 1.528, 0, 0, 0, 0, 1800, 100, 1),
(84568, 1623, 0, 45, -879, -2538, 77.086, 4.724, 0, 0, 0, 0, 1800, 100, 1),
(84569, 1623, 0, 45, -1696, -1442, 27.103, 1.686, 0, 0, 0, 0, 1800, 100, 1),
(84570, 1623, 0, 45, -738, -2290, 72.719, 0.473, 0, 0, 0, 0, 1800, 100, 1),
(84571, 1623, 0, 45, -863.463, -2444.09, 64.1538, 4.13643, 0, 0, -0.878817, 0.47716, 1800, 100, 1),
(84572, 1623, 0, 45, -648, -2244, 71.427, 5.538, 0, 0, 0, 0, 1800, 100, 1),
(84573, 1623, 0, 45, -1851, -1504, 51.738, 4.944, 0, 0, 0, 0, 1800, 100, 1),
(84574, 1623, 0, 45, -757, -3193, 92.269, 1.325, 0, 0, 0, 0, 1800, 100, 1),
(84575, 1623, 0, 45, -1819.02, -2204.36, 61.0504, 4.03171, 0, 0, -0.902585, 0.430512, 1800, 100, 1),
(84576, 1623, 0, 45, -977, -3798, 143.59, 5.191, 0, 0, 0, 0, 1800, 100, 1),
(84577, 1623, 0, 45, -1290, -1955, 61.051, 2.483, 0, 0, 0, 0, 1800, 100, 1),
(84578, 1623, 0, 45, -684, -2176, 61.744, 1.051, 0, 0, 0, 0, 1800, 100, 1),
(84579, 1623, 0, 45, -1920, -3159, 79.914, 6.242, 0, 0, 0, 0, 1800, 100, 1),
(84580, 1623, 0, 45, -1823, -2960, 60.578, 3.095, 0, 0, 0, 0, 1800, 100, 1),
(84581, 1623, 0, 45, -913, -3627, 88.332, 6.234, 0, 0, 0, 0, 1800, 100, 1),
(84582, 1623, 0, 45, -1242, -2130, 81.242, 3.32, 0, 0, 0, 0, 1800, 100, 1),
(84583, 1623, 0, 45, -1252, -1848, 105.351, 0.696, 0, 0, 0, 0, 1800, 100, 1),
(84584, 1623, 0, 45, -1026, -3804, 150.191, 2.477, 0, 0, 0, 0, 1800, 100, 1),
(84585, 1623, 0, 45, -1526, -3505, 63.478, 2.389, 0, 0, 0, 0, 1800, 100, 1),
(84586, 1623, 0, 45, -1056.01, -3760.48, 107.311, 3.194, 0, 0, -0.999657, 0.0262016, 1800, 100, 1),
(84587, 1623, 0, 45, -2014, -2727, 87.177, 6.231, 0, 0, 0, 0, 1800, 100, 1),
(84588, 1623, 0, 45, -1861, -1493, 47.467, 2.58, 0, 0, 0, 0, 1800, 100, 1),
(84589, 1623, 0, 45, -1927, -3261, 78.108, 3.305, 0, 0, 0, 0, 1800, 100, 1),
(84590, 1623, 0, 45, -848, -2419, 63.877, 5.708, 0, 0, 0, 0, 1800, 100, 1),
(84591, 1623, 0, 45, -1077, -3659, 69.426, 5.935, 0, 0, 0, 0, 1800, 100, 1),
(84592, 1623, 0, 45, -1813, -1816, 71.577, 4.216, 0, 0, 0, 0, 1800, 100, 1),
(84593, 1623, 0, 45, -1953, -1629, 47.682, 5.21, 0, 0, 0, 0, 1800, 100, 1),
(84594, 1623, 0, 45, -917, -3023, 81.849, 2.279, 0, 0, 0, 0, 1800, 100, 1),
(84595, 1623, 0, 45, -1780, -2101, 80.516, 2.843, 0, 0, 0, 0, 1800, 100, 1),
(84596, 1623, 0, 45, -881, -2464, 63.12, 5.366, 0, 0, 0, 0, 1800, 100, 1),
(84597, 1623, 0, 45, -754, -3408, 86.954, 1.012, 0, 0, 0, 0, 1800, 100, 1),
(84598, 1623, 0, 45, -962, -2606, 61.959, 5.871, 0, 0, 0, 0, 1800, 100, 1),
(84599, 1623, 0, 45, -896, -2726, 65.421, 2.722, 0, 0, 0, 0, 1800, 100, 1),
(84600, 1623, 0, 45, -919, -3731, 100.628, 5.847, 0, 0, 0, 0, 1800, 100, 1),
(84601, 1623, 0, 45, -647, -2144, 87.086, 4.483, 0, 0, 0, 0, 1800, 100, 1),
(84602, 1623, 0, 45, -1173, -2032, 69.866, 4.635, 0, 0, 0, 0, 1800, 100, 1),
(84603, 1623, 0, 45, -879, -2546, 87.174, 1.668, 0, 0, 0, 0, 1800, 100, 1),
(84604, 1623, 0, 45, -962, -2741, 62.132, 1.172, 0, 0, 0, 0, 1800, 100, 1),
(84605, 1623, 0, 45, -909, -2752, 61.114, 1.192, 0, 0, 0, 0, 1800, 100, 1),
(84606, 1623, 0, 45, -879, -2926, 90.285, 0.428, 0, 0, 0, 0, 1800, 100, 1),
(84607, 1623, 0, 45, -1951, -1651, 49.029, 1.175, 0, 0, 0, 0, 1800, 100, 1),
(84608, 1623, 0, 45, -910, -3021, 84.662, 0.163, 0, 0, 0, 0, 1800, 100, 1),
(84609, 1623, 0, 45, -682, -2153, 62.119, 4.855, 0, 0, 0, 0, 1800, 100, 1),
(84610, 1623, 0, 45, -579, -2033, 72.183, 4.984, 0, 0, 0, 0, 1800, 100, 1),
(84611, 1623, 0, 45, -1150, -2100, 65.388, 2.324, 0, 0, 0, 0, 1800, 100, 1),
(84612, 1623, 0, 45, -1152, -2142, 69.621, 1.445, 0, 0, 0, 0, 1800, 100, 1),
(84613, 1623, 0, 45, -816, -2518, 123.443, 2.864, 0, 0, 0, 0, 1800, 100, 1),
(84614, 1623, 0, 45, -1984.48, -2369.75, 87.083, 3.61284, 0, 0, -0.972369, 0.233448, 1800, 100, 1),
(84615, 1623, 0, 45, -888, -3033, 89.407, 2.943, 0, 0, 0, 0, 1800, 100, 1),
(84616, 1623, 0, 45, -828, -3156, 88.345, 0.63, 0, 0, 0, 0, 1800, 100, 1),
(84617, 1623, 0, 45, -1941, -1649, 49.601, 4.812, 0, 0, 0, 0, 1800, 100, 1),
(84618, 1623, 0, 45, -1263, -1934, 78.201, 2.077, 0, 0, 0, 0, 1800, 100, 1),
(84619, 1623, 0, 45, -756, -3371, 87.82, 4.797, 0, 0, 0, 0, 1800, 100, 1),
(84620, 1623, 0, 45, -701, -2188, 82.638, 5.313, 0, 0, 0, 0, 1800, 100, 1),
(84621, 1624, 0, 45, -1120, -2289, 50.132, -2, 0, 0, 0, 0, 1800, 100, 1),
(84622, 1624, 0, 45, -1090.85, -2608.37, 48.9337, 0.331611, 0, 0, 0.165047, 0.986286, 1800, 100, 1),
(84623, 1624, 0, 45, -1275.89, -2752.05, 51.2921, 3.64774, 0, 0, -0.968147, 0.250381, 1800, 100, 1),
(84624, 1624, 0, 45, -1754, -3077, 27.634, -2, 0, 0, 0, 0, 1800, 100, 1),
(84625, 1624, 0, 45, -1453.69, -2851.24, 40.1021, 5.23599, 0, 0, -0.5, 0.866025, 1800, 100, 1),
(84626, 1624, 0, 45, -713.182, -1530.38, 56.3959, 0.890117, 0, 0, 0.430511, 0.902586, 1800, 100, 1),
(84627, 2041, 0, 45, -1853.69, -2548.98, 54.381, 4.76475, 0, 0, -0.688354, 0.725375, 1800, 255, 1),
(84628, 2046, 0, 45, -1619.07, -2115.25, 36.831, 2.19912, 0, 0, 0.891007, 0.453991, 1800, 100, 1),
(84629, 2046, 0, 45, -1847.43, -2637.66, 59.014, 5.0091, 0, 0, -0.594823, 0.803857, 1800, 255, 1),
(84630, 2043, 0, 45, -1111.34, -3313.98, 50.7871, 1.88495, 0, 0, 0.809016, 0.587786, 1800, 255, 1),
(84631, 2043, 0, 45, -873.379, -2402.82, 57.2111, 3.64774, 0, 0, -0.968147, 0.250381, 1800, 255, 1),
(84632, 2043, 0, 45, -1803.52, -3141.65, 41.2629, 3.45576, 0, 0, -0.987688, 0.156436, 1800, 255, 1),
(84633, 2041, 0, 45, -1629, -3303, 25.056, 5.828, 0, 0, 0, 0, 1800, 100, 1),
(84634, 2041, 0, 45, -1693, -3264, 22.7856, 1.991, 0, 0, 0, 0, 1800, 100, 1),
(84635, 2041, 0, 45, -1404, -1932, 44.715, 3.121, 0, 0, 0, 0, 1800, 100, 1),
(84636, 2041, 0, 45, -1424, -1925, 45.551, 2.813, 0, 0, 0, 0, 1800, 100, 1),
(84637, 2041, 0, 45, -1443, -1925, 47.379, 4.794, 0, 0, 0, 0, 1800, 100, 1),
(84638, 2041, 0, 45, -1449, -1908, 44.558, 2.622, 0, 0, 0, 0, 1800, 100, 1),
(84639, 2041, 0, 45, -1305, -1764, 57.544, 3.36, 0, 0, 0, 0, 1800, 100, 1),
(84640, 2041, 0, 45, -1426, -1950, 45.673, 1.039, 0, 0, 0, 0, 1800, 100, 1),
(84641, 2041, 0, 45, -1310, -1782, 47.556, 4.355, 0, 0, 0, 0, 1800, 100, 1),
(84642, 2041, 0, 45, -1335.85, -1732.77, 55.816, 3.31614, 0, 0, -0.996194, 0.087165, 1800, 100, 1),
(84643, 2041, 0, 45, -1327, -1748, 59.581, 5.111, 0, 0, 0, 0, 1800, 100, 1),
(84644, 2041, 0, 45, -1747, -3365, 31.405, 6.115, 0, 0, 0, 0, 1800, 100, 1),
(84645, 2041, 0, 45, -1805, -2460, 56.884, 1.639, 0, 0, 0, 0, 1800, 100, 1),
(84646, 2041, 0, 45, -1804, -2476, 51.74, 2.652, 0, 0, 0, 0, 1800, 100, 1),
(84647, 2041, 0, 45, -1814, -2538, 50.776, 1.16, 0, 0, 0, 0, 1800, 100, 1),
(84648, 2041, 0, 45, -1676, -3260, 25.3921, 0.972, 0, 0, 0, 0, 1800, 100, 1),
(84649, 2041, 0, 45, -1641, -3295, 23.4222, 4.738, 0, 0, 0, 0, 1800, 100, 1),
(84650, 2041, 0, 45, -2085.59, -2513.78, 73.9728, 4.31097, 0, 0, -0.833885, 0.551938, 1800, 100, 1),
(84651, 2041, 0, 45, -2098, -2490, 70.986, 2.98, 0, 0, 0, 0, 1800, 100, 1),
(84652, 2041, 0, 45, -2015.39, -2512.9, 72.7827, 4.7473, 0, 0, -0.694658, 0.71934, 1800, 100, 1),
(84653, 2041, 0, 45, -1814, -3350, 20.696, 5.443, 0, 0, 0, 0, 1800, 100, 1),
(84654, 2041, 0, 45, -1994, -2508, 72.849, 1.275, 0, 0, 0, 0, 1800, 100, 1),
(84655, 2041, 0, 45, -1791, -2502, 51.2472, 1.034, 0, 0, 0, 0, 1800, 100, 1),
(84656, 2041, 0, 45, -1613, -3293, 27.3656, 3.923, 0, 0, 0, 0, 1800, 100, 1),
(84657, 2041, 0, 45, -1604, -3322, 27.7783, 1.463, 0, 0, 0, 0, 1800, 100, 1),
(84658, 2041, 0, 45, -1623, -3314, 24.4019, 6.04, 0, 0, 0, 0, 1800, 100, 1),
(84659, 2041, 0, 45, -1687, -3254, 25.3766, 1.952, 0, 0, 0, 0, 1800, 100, 1),
(84660, 2041, 0, 45, -1707, -3242, 26.1675, 2.627, 0, 0, 0, 0, 1800, 100, 1),
(84661, 2041, 0, 45, -1822, -3348, 21.2338, 4.567, 0, 0, 0, 0, 1800, 100, 1),
(84662, 2041, 0, 45, -1733, -3351, 28.8752, 6.237, 0, 0, 0, 0, 1800, 100, 1),
(84663, 2041, 0, 45, -1413, -1697, 46.278, 3.872, 0, 0, 0, 0, 1800, 100, 1),
(84664, 2041, 0, 45, -1767, -3368, 37.4152, 5.179, 0, 0, 0, 0, 1800, 100, 1),
(84665, 2041, 0, 45, -1378, -1710, 48.952, 3.935, 0, 0, 0, 0, 1800, 100, 1),
(84666, 2041, 0, 45, -1950.31, -2507.08, 72.3042, 1.22173, 0, 0, 0.573576, 0.819152, 1800, 100, 1),
(84667, 2041, 0, 45, -1353, -1714, 51.297, 5.176, 0, 0, 0, 0, 1800, 100, 1),
(84668, 2041, 0, 45, -1807, -3268, 27.0003, 5.845, 0, 0, 0, 0, 1800, 100, 1),
(84669, 2041, 0, 45, -1795, -3271, 27.0826, 3.892, 0, 0, 0, 0, 1800, 100, 1),
(84670, 2041, 0, 45, -1782, -3258, 25.9448, 3.711, 0, 0, 0, 0, 1800, 100, 1),
(84671, 2041, 0, 45, -1774, -3350, 27.397, 0.353, 0, 0, 0, 0, 1800, 100, 1),
(84672, 2041, 0, 45, -1623, -3332, 23.942, 5.148, 0, 0, 0, 0, 1800, 100, 1),
(84673, 2041, 0, 45, -1630, -3288, 25.8188, 3.22, 0, 0, 0, 0, 1800, 100, 1),
(84674, 2042, 0, 45, -925, -3378, 66.979, 4.8, 0, 0, 0, 0, 1800, 100, 1),
(84675, 2042, 0, 45, -962.771, -3266.38, 66.1804, 5.70723, 0, 0, -0.284015, 0.95882, 1800, 100, 1),
(84676, 2042, 0, 45, -1519, -2818, 38.873, 3.087, 0, 0, 0, 0, 1800, 100, 1),
(84677, 2042, 0, 45, -960, -1643, 42.598, 6.205, 0, 0, 0, 0, 1800, 100, 1),
(84678, 2042, 0, 45, -1736, -2172, 46.4183, 1.478, 0, 0, 0, 0, 1800, 100, 1),
(84679, 2042, 0, 45, -1734, -2150, 48.0233, 4.388, 0, 0, 0, 0, 1800, 100, 1),
(84680, 2042, 0, 45, -1735.1, -2164.65, 47.8397, 2.3911, 0, 0, 0.930417, 0.366502, 1800, 100, 1),
(84681, 2042, 0, 45, -1712, -2742, 46.609, 3.512, 0, 0, 0, 0, 1800, 100, 1),
(84682, 2042, 0, 45, -1723, -2873, 39.625, 4.592, 0, 0, 0, 0, 1800, 100, 1),
(84683, 2042, 0, 45, -1741, -2888, 41.658, 4.935, 0, 0, 0, 0, 1800, 100, 1),
(84684, 2042, 0, 45, -1754, -2892, 41.166, 4.935, 0, 0, 0, 0, 1800, 100, 1),
(84685, 2042, 0, 45, -1012, -1667, 35.413, 3.055, 0, 0, 0, 0, 1800, 100, 1),
(84686, 2042, 0, 45, -1010, -1657, 35.051, 4.279, 0, 0, 0, 0, 1800, 100, 1),
(84687, 2042, 0, 45, -681, -2080, 52.244, 4.796, 0, 0, 0, 0, 1800, 100, 1),
(84688, 2042, 0, 45, -686, -2043, 54.477, 4.796, 0, 0, 0, 0, 1800, 100, 1),
(84689, 2042, 0, 45, -992, -1894, 61.384, 3.204, 0, 0, 0, 0, 1800, 100, 1),
(84690, 2042, 0, 45, -1133.5, -1909.23, 78.3627, 1.69297, 0, 0, 0.748956, 0.66262, 1800, 100, 1),
(84691, 2042, 0, 45, -1717, -2984, 37.36, 4.802, 0, 0, 0, 0, 1800, 100, 1),
(84692, 2042, 0, 45, -1691, -2967, 39.177, 2.149, 0, 0, 0, 0, 1800, 100, 1),
(84693, 2042, 0, 45, -1658, -3035, 25.55, 4.383, 0, 0, 0, 0, 1800, 100, 1),
(84694, 2042, 0, 45, -1123, -1932, 74.6378, 5.865, 0, 0, 0, 0, 1800, 100, 1),
(84695, 2042, 0, 45, -1119.42, -1937.8, 72.9268, 5.865, 0, 0, 0, 0, 1800, 100, 1),
(84696, 2042, 0, 45, -689, -1936, 56.824, 3.234, 0, 0, 0, 0, 1800, 100, 1),
(84697, 2042, 0, 45, -1288.56, -2720.4, 49.7565, 0.226892, 0, 0, 0.113203, 0.993572, 1800, 100, 1),
(84698, 2042, 0, 45, -1774, -2991, 46.0127, 5.115, 0, 0, 0, 0, 1800, 100, 1),
(84699, 2042, 0, 45, -652, -1923, 60.754, 0.09, 0, 0, 0, 0, 1800, 100, 1),
(84700, 2042, 0, 45, -1731, -2295, 38.465, 5.053, 0, 0, 0, 0, 1800, 100, 1),
(84701, 2042, 0, 45, -948, -1892, 67.113, 0.923, 0, 0, 0, 0, 1800, 100, 1),
(84702, 2042, 0, 45, -1723, -2118, 45.069, 4.388, 0, 0, 0, 0, 1800, 100, 1),
(84703, 2042, 0, 45, -953, -3240, 67.035, 0.005, 0, 0, 0, 0, 1800, 100, 1),
(84704, 2042, 0, 45, -1155, -3272, 41.631, 0.484, 0, 0, 0, 0, 1800, 100, 1),
(84705, 2042, 0, 45, -768, -2189, 45.393, 6.209, 0, 0, 0, 0, 1800, 100, 1),
(84706, 2042, 0, 45, -1839, -2302, 48.372, 0.076, 0, 0, 0, 0, 1800, 100, 1),
(84707, 2042, 0, 45, -1604, -2227, 32.246, 3.865, 0, 0, 0, 0, 1800, 100, 1),
(84708, 2042, 0, 45, -1101, -3048, 45.586, 6.193, 0, 0, 0, 0, 1800, 100, 1),
(84709, 2042, 0, 45, -1044.91, -3256.63, 39.844, 3.10665, 0, 0, 0.999847, 0.0174693, 1800, 100, 1),
(84710, 2042, 0, 45, -1088, -3258, 38.111, 1.452, 0, 0, 0, 0, 1800, 100, 1),
(84711, 2042, 0, 45, -1148, -3241, 32.951, 6.038, 0, 0, 0, 0, 1800, 100, 1),
(84712, 2042, 0, 45, -1543, -2816, 36.609, 3.087, 0, 0, 0, 0, 1800, 100, 1),
(84713, 2043, 0, 45, -1641, -3411, 33.428, 4.75, 0, 0, 0, 0, 1800, 100, 1),
(84714, 2043, 0, 45, -1641, -3275, 25.055, -2, 0, 0, 0, 0, 1800, 100, 1),
(84715, 2043, 0, 45, -902, -2897, 81.591, 6.112, 0, 0, 0, 0, 1800, 100, 1),
(84716, 2043, 0, 45, -883, -2931, 84.7229, 0.544, 0, 0, 0, 0, 1800, 100, 1),
(84717, 2043, 0, 45, -1852.57, -3180.92, 51.6127, 1.81514, 0, 0, 0.788011, 0.615662, 1800, 100, 1),
(84718, 2043, 0, 45, -1777, -2871, 43.556, 1.86, 0, 0, 0, 0, 1800, 100, 1),
(84719, 2043, 0, 45, -1775, -3142, 32.014, 1.789, 0, 0, 0, 0, 1800, 100, 1),
(84720, 2043, 0, 45, -1996, -2773, 85.951, 3.329, 0, 0, 0, 0, 1800, 100, 1),
(84721, 2043, 0, 45, -1764, -2879, 41.827, 4.892, 0, 0, 0, 0, 1800, 100, 1),
(84722, 2043, 0, 45, -1966, -2824, 82.248, 3.545, 0, 0, 0, 0, 1800, 100, 1),
(84723, 2043, 0, 45, -1064.96, -3020.41, 55.4701, 3.4383, 0, 0, -0.989016, 0.147811, 1800, 100, 1),
(84724, 2043, 0, 45, -1700, -3436, 48.153, 2.492, 0, 0, 0, 0, 1800, 100, 1),
(84725, 2043, 0, 45, -1705, -3479, 53.262, 5.421, 0, 0, 0, 0, 1800, 100, 1),
(84726, 2043, 0, 45, -1627, -3459, 55.338, 4.86, 0, 0, 0, 0, 1800, 100, 1),
(84727, 2043, 0, 45, -1701, -3458, 51.736, 3.281, 0, 0, 0, 0, 1800, 100, 1),
(84728, 2043, 0, 45, -943.772, -2879.49, 66.9773, 4.83456, 0, 0, -0.66262, 0.748956, 1800, 100, 1),
(84729, 2043, 0, 45, -1025, -3049, 44.615, 4.918, 0, 0, 0, 0, 1800, 100, 1),
(84730, 2043, 0, 45, -1014, -3050, 47.594, 5.091, 0, 0, 0, 0, 1800, 100, 1),
(84731, 2043, 0, 45, -848, -2985, 105.989, 6.163, 0, 0, 0, 0, 1800, 100, 1),
(84732, 2043, 0, 45, -1333, -3135, 33.514, 0.563, 0, 0, 0, 0, 1800, 100, 1),
(84733, 2043, 0, 45, -1317, -3146, 36.053, 6.053, 0, 0, 0, 0, 1800, 100, 1),
(84734, 2043, 0, 45, -1465, -3392, 50.816, 5.46, 0, 0, 0, 0, 1800, 100, 1),
(84735, 2043, 0, 45, -1635, -3391, 29.475, 4.753, 0, 0, 0, 0, 1800, 100, 1),
(84736, 2043, 0, 45, -986, -2695, 74.014, 0.245, 0, 0, 0, 0, 1800, 100, 1),
(84737, 2043, 0, 45, -1274, -1463, 70.476, 2.572, 0, 0, 0, 0, 1800, 100, 1),
(84738, 2043, 0, 45, -1262, -1445, 67.506, 1.445, 0, 0, 0, 0, 1800, 100, 1),
(84739, 2043, 0, 45, -1193, -1431, 60.52, 0.856, 0, 0, 0, 0, 1800, 100, 1),
(84740, 2043, 0, 45, -1199, -1409, 65.168, 0.303, 0, 0, 0, 0, 1800, 100, 1),
(84741, 2043, 0, 45, -1181, -1407, 62.976, 0.381, 0, 0, 0, 0, 1800, 100, 1),
(84742, 2043, 0, 45, -1006, -2712, 62.592, 5.06, 0, 0, 0, 0, 1800, 100, 1),
(84743, 2043, 0, 45, -957, -3055, 50.424, 1.278, 0, 0, 0, 0, 1800, 100, 1),
(84744, 2043, 0, 45, -1325, -2854, 54.081, 1.885, 0, 0, 0, 0, 1800, 100, 1),
(84745, 2043, 0, 45, -1267, -1617, 48.76, 0.358, 0, 0, 0, 0, 1800, 100, 1),
(84746, 2043, 0, 45, -852, -2447, 71.292, 5.997, 0, 0, 0, 0, 1800, 100, 1),
(84747, 2043, 0, 45, -1605, -2389, 101.586, 5.846, 0, 0, 0, 0, 1800, 100, 1),
(84748, 2043, 0, 45, -980, -2732, 62.736, 1.875, 0, 0, 0, 0, 1800, 100, 1),
(84749, 2043, 0, 45, -999, -2725, 59.018, 0.842, 0, 0, 0, 0, 1800, 100, 1),
(84750, 2043, 0, 45, -1789, -3402, 45.886, 2.122, 0, 0, 0, 0, 1800, 100, 1),
(84751, 2043, 0, 45, -900, -2785, 63.868, 0.076, 0, 0, 0, 0, 1800, 100, 1),
(84752, 2043, 0, 45, -1609, -2343, 81.758, 4.295, 0, 0, 0, 0, 1800, 100, 1),
(84753, 2043, 0, 45, -1224, -2209, 54.773, 1.335, 0, 0, 0, 0, 1800, 100, 1),
(84754, 2043, 0, 45, -1817, -3217, 33.067, 0.999, 0, 0, 0, 0, 1800, 100, 1),
(84755, 2043, 0, 45, -957, -2727, 68.117, 0.976, 0, 0, 0, 0, 1800, 100, 1),
(84756, 2043, 0, 45, -999, -2751, 51.016, 3.316, 0, 0, 0, 0, 1800, 100, 1),
(84757, 2043, 0, 45, -1600.69, -2382.19, 100.831, 2.25147, 0, 0, 0.902585, 0.430512, 1800, 100, 1),
(84758, 2043, 0, 45, -1600, -2323, 76.066, 0.301, 0, 0, 0, 0, 1800, 100, 1),
(84759, 2043, 0, 45, -903, -2860, 81.865, 3.088, 0, 0, 0, 0, 1800, 100, 1),
(84760, 2043, 0, 45, -903, -2847, 68.342, 5.751, 0, 0, 0, 0, 1800, 100, 1),
(84761, 2043, 0, 45, -909, -2733, 62.806, 0.202, 0, 0, 0, 0, 1800, 100, 1),
(84762, 2043, 0, 45, -1853, -3101, 53, 3.27, 0, 0, 0, 0, 1800, 100, 1),
(84763, 2043, 0, 45, -1860, -3246, 45.557, 3.819, 0, 0, 0, 0, 1800, 100, 1),
(84764, 2043, 0, 45, -1900, -3346, 61.29, 2.719, 0, 0, 0, 0, 1800, 100, 1),
(84765, 2043, 0, 45, -1901, -3157, 69.105, 3.195, 0, 0, 0, 0, 1800, 100, 1),
(84766, 2043, 0, 45, -1869, -3192, 52.316, 1.503, 0, 0, 0, 0, 1800, 100, 1),
(84767, 2043, 0, 45, -1884, -3114, 59.294, 1.126, 0, 0, 0, 0, 1800, 100, 1),
(84768, 2043, 0, 45, -914, -3069, 49.622, 0.241, 0, 0, 0, 0, 1800, 100, 1),
(84769, 2043, 0, 45, -1683, -3519, 61.89, 4.899, 0, 0, 0, 0, 1800, 100, 1),
(84770, 2043, 0, 45, -1124, -3186, 44.858, 1.423, 0, 0, 0, 0, 1800, 100, 1),
(84771, 2043, 0, 45, -1130, -3215, 38.095, 0.905, 0, 0, 0, 0, 1800, 100, 1),
(84772, 2046, 0, 45, -1043, -3731, 107.499, 1.898, 0, 0, 0, 0, 1800, 100, 1),
(84773, 2046, 0, 45, -1306, -3516, 52.999, 3.029, 0, 0, 0, 0, 1800, 100, 1),
(84774, 2046, 0, 45, -1191, -2336, 61.528, 1.292, 0, 0, 0, 0, 1800, 100, 1),
(84775, 2046, 0, 45, -1879, -2789, 66.1631, 3.294, 0, 0, 0, 0, 1800, 100, 1),
(84776, 2046, 0, 45, -676, -2004, 55.802, 4.537, 0, 0, 0, 0, 1800, 100, 1),
(84777, 2046, 0, 45, -614, -1837, 56.713, 1.702, 0, 0, 0, 0, 1800, 100, 1),
(84778, 2046, 0, 45, -1004, -1831, 57.294, 5.49, 0, 0, 0, 0, 1800, 100, 1),
(84779, 2046, 0, 45, -940, -1910, 65.25, 3.575, 0, 0, 0, 0, 1800, 100, 1),
(84780, 2046, 0, 45, -813, -3492, 93.708, 0.329, 0, 0, 0, 0, 1800, 100, 1),
(84781, 2046, 0, 45, -950.858, -2239.76, 54.3306, 5.88176, 0, 0, -0.199368, 0.979925, 1800, 100, 1),
(84782, 2046, 0, 45, -586, -1855, 55.515, 5.157, 0, 0, 0, 0, 1800, 100, 1),
(84783, 2046, 0, 45, -1698, -2830, 39.475, 6.082, 0, 0, 0, 0, 1800, 100, 1),
(84784, 2046, 0, 45, -1688, -2832, 40.145, 6.082, 0, 0, 0, 0, 1800, 100, 1),
(84785, 2046, 0, 45, -820, -3494, 89.1866, 2.67, 0, 0, 0, 0, 1800, 100, 1),
(84786, 2046, 0, 45, -1194.23, -1973.19, 70.4671, 2.35619, 0, 0, 0.92388, 0.382683, 1800, 100, 1),
(84787, 2046, 0, 45, -1044, -2724, 43.454, 0.22, 0, 0, 0, 0, 1800, 100, 1),
(84788, 2046, 0, 45, -786, -3576, 82.606, 4.165, 0, 0, 0, 0, 1800, 100, 1),
(84789, 2046, 0, 45, -831, -3573, 74.908, 3.1, 0, 0, 0, 0, 1800, 100, 1),
(84790, 2046, 0, 45, -786, -3570, 82.126, 0.113, 0, 0, 0, 0, 1800, 100, 1),
(84791, 2046, 0, 45, -911.921, -1891.85, 71.4452, 5.34071, 0, 0, -0.45399, 0.891007, 1800, 100, 1),
(84792, 2046, 0, 45, -1344.72, -2790.36, 55.4686, 4.17134, 0, 0, -0.870356, 0.492424, 1800, 100, 1),
(84793, 2046, 0, 45, -882, -2368, 66.884, 3.986, 0, 0, 0, 0, 1800, 100, 1),
(84794, 2046, 0, 45, -1033.84, -2618.83, 57.3154, 1.27409, 0, 0, 0.594822, 0.803857, 1800, 100, 1),
(84795, 2046, 0, 45, -1040, -2692, 46.722, 0.192, 0, 0, 0, 0, 1800, 100, 1),
(84796, 2046, 0, 45, -824, -3589, 75.304, 4.618, 0, 0, 0, 0, 1800, 100, 1),
(84797, 2046, 0, 45, -1481, -1558, 37.958, 0.347, 0, 0, 0, 0, 1800, 100, 1),
(84798, 2046, 0, 45, -1073, -1636, 40.188, 0.844, 0, 0, 0, 0, 1800, 100, 1),
(84799, 2046, 0, 45, -825, -1710, 57.075, 2.013, 0, 0, 0, 0, 1800, 100, 1),
(84800, 2046, 0, 45, -1181.47, -3084.28, 44.6811, 6.17847, 0, 0, -0.0523357, 0.99863, 1800, 100, 1),
(84801, 2046, 0, 45, -1038, -1801, 59.705, 4.652, 0, 0, 0, 0, 1800, 100, 1),
(84802, 2046, 0, 45, -1863, -2787, 62.479, 3.115, 0, 0, 0, 0, 1800, 100, 1),
(84803, 2046, 0, 45, -1008.22, -1751.14, 46.6344, 5.8294, 0, 0, -0.224951, 0.97437, 1800, 100, 1),
(84804, 2046, 0, 45, -1938, -2390, 77.025, 0.681, 0, 0, 0, 0, 1800, 100, 1),
(84805, 2046, 0, 45, -1524, -1589, 36.464, 3.682, 0, 0, 0, 0, 1800, 100, 1),
(84806, 2046, 0, 45, -1694, -2387, 37.954, 3.734, 0, 0, 0, 0, 1800, 100, 1),
(84807, 2046, 0, 45, -1033, -1634, 40.08, 3.013, 0, 0, 0, 0, 1800, 100, 1),
(84808, 2046, 0, 45, -944, -1593, 52.404, 3.449, 0, 0, 0, 0, 1800, 100, 1),
(84809, 2046, 0, 45, -1074, -1763, 56.378, 4.325, 0, 0, 0, 0, 1800, 100, 1),
(84810, 2046, 0, 45, -1008.8, -2537.52, 59.8594, 1.22173, 0, 0, 0.573576, 0.819152, 1800, 100, 1),
(84811, 2046, 0, 45, -1637, -1508, 42.909, 0.505, 0, 0, 0, 0, 1800, 100, 1),
(84812, 2046, 0, 45, -1625, -1495, 44.88, 4.146, 0, 0, 0, 0, 1800, 100, 1),
(84813, 2046, 0, 45, -1144, -2420, 52.961, -3, 0, 0, 0, 0, 1800, 100, 1),
(84814, 2046, 0, 45, -791, -3239, 89.256, 5.621, 0, 0, 0, 0, 1800, 100, 1),
(84815, 2046, 0, 45, -792, -3232, 82.628, 6.262, 0, 0, 0, 0, 1800, 100, 1),
(84816, 2046, 0, 45, -792, -3199, 81.809, 6.21, 0, 0, 0, 0, 1800, 100, 1),
(84817, 2046, 0, 45, -1264.6, -2940.26, 43.759, 6.02139, 0, 0, -0.130526, 0.991445, 1800, 100, 1),
(84818, 2046, 0, 45, -979, -3717, 93.421, 1.388, 0, 0, 0, 0, 1800, 100, 1),
(84819, 2046, 0, 45, -983, -3685, 88.331, 6.126, 0, 0, 0, 0, 1800, 100, 1),
(84820, 2046, 0, 45, -1013, -2694, 53.014, 6.251, 0, 0, 0, 0, 1800, 100, 1),
(84821, 2046, 0, 45, -1012, -2722, 57.443, 0.045, 0, 0, 0, 0, 1800, 100, 1),
(84822, 2046, 0, 45, -1015, -2718, 57.538, 1.879, 0, 0, 0, 0, 1800, 100, 1),
(84823, 2046, 0, 45, -1853, -1536, 66.783, 2.62, 0, 0, 0, 0, 1800, 100, 1),
(84824, 2046, 0, 45, -1886, -2890, 71.286, 5.218, 0, 0, 0, 0, 1800, 100, 1),
(84825, 2046, 0, 45, -1273, -2957, 36.342, 3.689, 0, 0, 0, 0, 1800, 100, 1),
(84826, 2046, 0, 45, -1692.98, -2382.04, 37.5889, 5.74214, 0, 0, -0.267238, 0.963631, 1800, 100, 1),
(84827, 2046, 0, 45, -753.136, -2057.97, 39.9314, 3.71755, 0, 0, -0.958819, 0.284016, 1800, 100, 1),
(84828, 2046, 0, 45, -1003, -2694, 57.818, 6.251, 0, 0, 0, 0, 1800, 100, 1),
(84829, 2046, 0, 45, -818, -3528, 83.238, 0.526, 0, 0, 0, 0, 1800, 100, 1),
(84830, 2046, 0, 45, -812, -3518, 85.997, 0.504, 0, 0, 0, 0, 1800, 100, 1),
(84831, 2046, 0, 45, -890, -3025, 97.015, 5.808, 0, 0, 0, 0, 1800, 100, 1),
(84832, 2046, 0, 45, -794, -3387, 79.208, 5.322, 0, 0, 0, 0, 1800, 100, 1),
(84833, 2046, 0, 45, -1267, -1507, 54.788, 1.292, 0, 0, 0, 0, 1800, 100, 1),
(84834, 2046, 0, 45, -1298, -1536, 50.95, 4.616, 0, 0, 0, 0, 1800, 100, 1),
(84835, 2046, 0, 45, -1706, -2378, 30.395, 4.472, 0, 0, 0, 0, 1800, 100, 1),
(84836, 2046, 0, 45, -1654, -2405, 74.029, 0.613, 0, 0, 0, 0, 1800, 100, 1),
(84837, 2046, 0, 45, -1694, -2412, 69.222, 3.785, 0, 0, 0, 0, 1800, 100, 1),
(84838, 2046, 0, 45, -1609, -2104, 30.968, 2.891, 0, 0, 0, 0, 1800, 100, 1),
(84839, 2046, 0, 45, -1565, -2091, 30.09, 3.677, 0, 0, 0, 0, 1800, 100, 1),
(84840, 2046, 0, 45, -1877, -2659, 59.366, 1.848, 0, 0, 0, 0, 1800, 100, 1),
(84841, 2046, 0, 45, -1166, -2249, 55.31, 3.142, 0, 0, 0, 0, 1800, 100, 1),
(84842, 2046, 0, 45, -1064, -1607, 43.456, 0.672, 0, 0, 0, 0, 1800, 100, 1),
(84843, 2046, 0, 45, -1507, -1567, 35.805, 0.493, 0, 0, 0, 0, 1800, 100, 1),
(84844, 2046, 0, 45, -1622, -1500, 44.127, 4.146, 0, 0, 0, 0, 1800, 100, 1),
(84845, 2046, 0, 45, -1773, -1403, 45.98, 5.122, 0, 0, 0, 0, 1800, 100, 1),
(84846, 2046, 0, 45, -1791, -1414, 47.219, 3.086, 0, 0, 0, 0, 1800, 100, 1),
(84847, 2046, 0, 45, -1307, -3525, 52.6089, 3.029, 0, 0, 0, 0, 1800, 100, 1),
(84848, 2046, 0, 45, -1329, -3519, 56.3565, 2.974, 0, 0, 0, 0, 1800, 100, 1),
(84849, 2046, 0, 45, -1013, -2534, 56.786, 3.357, 0, 0, 0, 0, 1800, 100, 1),
(84850, 2046, 0, 45, -617, -1817, 70.72, 4.736, 0, 0, 0, 0, 1800, 100, 1),
(84851, 2046, 0, 45, -1962, -2681, 79.357, 3.307, 0, 0, 0, 0, 1800, 100, 1),
(84852, 2046, 0, 45, -2069, -2686, 88.856, 0.328, 0, 0, 0, 0, 1800, 100, 1),
(84853, 2046, 0, 45, -598, -1824, 59.656, 1.702, 0, 0, 0, 0, 1800, 100, 1),
(84854, 2046, 0, 45, -602, -1821, 61.19, 3.518, 0, 0, 0, 0, 1800, 100, 1),
(84855, 2046, 0, 45, -827, -3532, 74.081, 0.526, 0, 0, 0, 0, 1800, 100, 1),
(84856, 2046, 0, 45, -819, -3511, 87.311, 0.504, 0, 0, 0, 0, 1800, 100, 1),
(84857, 2046, 0, 45, -823, -3483, 91.958, 1.116, 0, 0, 0, 0, 1800, 100, 1),
(84858, 2046, 0, 45, -1069.87, -1611.4, 46.1645, 3.35105, 0, 0, -0.994521, 0.104536, 1800, 100, 1),
(84859, 2046, 0, 45, -605, -1853, 55.061, 3.125, 0, 0, 0, 0, 1800, 100, 1),
(84860, 1622, 0, 45, -776.789, -1982.12, 34.4857, 1.22173, 0, 0, 0.573576, 0.819152, 300, 100, 1),
(84861, 1622, 0, 45, -1759.68, -1525.38, 60.9828, 2.05949, 0, 0, 0.857167, 0.515038, 300, 100, 1),
(84862, 1622, 0, 45, -1566.26, -1655.15, 68.1308, 5.93412, 0, 0, -0.173648, 0.984808, 300, 100, 1),
(84863, 1622, 0, 45, -1723.8, -1832.74, 81.1296, 3.94445, 0, 0, -0.920505, 0.390732, 300, 100, 1),
(84864, 1622, 0, 45, -1664.37, -1769.13, 81.2792, 3.07177, 0, 0, 0.999391, 0.0349061, 300, 100, 1),
(84865, 2046, 0, 45, -591.491, -1840.91, 57.5376, -2.61799, 0, 0, 0.965926, -0.258819, 1800, 100, 1),
(84866, 2046, 0, 45, -1519.52, -1558.75, 48.0533, -0.994838, 0, 0, 0.477159, -0.878817, 1800, 100, 1),
(84867, 1624, 0, 45, -1351.68, -1546.78, 46.9995, 2.51327, 0, 0, 0.951057, 0.309017, 1800, 100, 1),
(84868, 1623, 0, 45, -1828.69, -1807.54, 58.9707, 0.10472, 0, 0, 0.052336, 0.99863, 1800, 100, 1),
(84869, 1623, 0, 45, -623.604, -2238, 71.4582, -1.91986, 0, 0, 0.819152, -0.573576, 1800, 100, 1),
(84870, 1623, 0, 45, -759.119, -3284.12, 84.5637, 2.28638, 0, 0, 0.909961, 0.414693, 1800, 100, 1),
(84871, 2043, 0, 45, -1771.3, -2885.12, 42.1223, 2.05949, 0, 0, 0.857167, 0.515038, 1800, 100, 1),
(84872, 1623, 0, 45, -2050.49, -2709.37, 86.1875, 1.39626, 0, 0, 0.642788, 0.766044, 1800, 100, 1),
(84873, 2043, 0, 45, -942.014, -2842.26, 64.9513, 1.53589, 0, 0, 0.694658, 0.71934, 1800, 100, 1),
(84874, 2043, 0, 45, -869.581, -3139.85, 76.249, -1.20428, 0, 0, 0.566406, -0.824126, 1800, 100, 1),
(84875, 1623, 0, 45, -881.09, -2529.14, 70.8584, -0.191986, 0, 0, 0.095846, -0.995396, 1800, 100, 1),
(84876, 1624, 0, 45, -949.591, -2384.23, 46.5482, 1.51844, 0, 0, 0.688355, 0.725374, 1800, 100, 1),
(84877, 2041, 0, 45, -1779.89, -2486.7, 55.347, -2.25148, 0, 0, 0.902585, -0.430511, 1800, 100, 1),
(84878, 2042, 0, 45, -657.878, -1925.95, 60.6006, -0.087267, 0, 0, 0.04362, -0.999048, 1800, 100, 1),
(84879, 2042, 0, 45, -914.123, -3341.35, 75.6305, 2.35619, 0, 0, 0.92388, 0.382683, 300, 100, 1),
(84880, 1623, 0, 45, -687.647, -2225.17, 66.1894, -1.53589, 0, 0, 0.694658, -0.71934, 1800, 100, 1),
(84881, 2046, 0, 45, -878.963, -2348.63, 59.4464, 0.750492, 0, 0, 0.366501, 0.930418, 1800, 100, 1),
(84882, 1624, 0, 45, -1026.27, -2298.38, 43.4967, -1.25664, 0, 0, 0.587785, -0.809017, 1800, 100, 1),
(84883, 2043, 0, 45, -1912.36, -3340.44, 61.6601, -1.72788, 0, 0, 0.760406, -0.649448, 1800, 100, 1),
(84884, 2043, 0, 45, -1837.5, -3274.79, 38.2603, -0.523599, 0, 0, 0.258819, -0.965926, 1800, 100, 1),
(84885, 1624, 0, 45, -1347.5, -3081.15, 36.6623, -2.40855, 0, 0, 0.93358, -0.358368, 1800, 100, 1),
(84886, 2041, 0, 45, -1675.52, -3284.62, 22.5542, 0.820305, 0, 0, 0.398749, 0.91706, 1800, 100, 1),
(84887, 2041, 0, 45, -1781.46, -3360.29, 32.6288, 0.855211, 0, 0, 0.414693, 0.909961, 1800, 100, 1),
(84888, 2043, 0, 45, -1211.48, -2189.9, 57.4285, -2.23402, 0, 0, 0.898794, -0.438371, 1800, 100, 1),
(84889, 2046, 0, 45, -2065.22, -2674.7, 86.9053, 2.23402, 0, 0, 0.898794, 0.438371, 1800, 100, 1),
(84890, 1623, 0, 45, -1155.61, -2124.14, 65.7596, -0.2618, 0, 0, 0.130526, -0.991445, 1800, 100, 1),
(84891, 2046, 0, 45, -952.627, -1819.1, 59.0047, 0.366519, 0, 0, 0.182236, 0.983255, 1800, 100, 1),
(84892, 2041, 0, 45, -1449.73, -1713.25, 53.5984, 1.72788, 0, 0, 0.760406, 0.649448, 1800, 100, 1),
(84893, 1623, 0, 45, -1935.64, -3158.9, 84.3655, 1.58825, 0, 0, 0.71325, 0.700909, 1800, 100, 1),
(84894, 1624, 0, 45, -949.071, -3219.16, 68.0548, 2.23402, 0, 0, 0.898794, 0.438371, 1800, 100, 1),
(84895, 2042, 0, 45, -1627.39, -2028.06, 31.5625, 1.44862, 0, 0, 0.66262, 0.748956, 1800, 100, 1),
(84896, 1624, 0, 45, -1252.62, -2880.29, 43.9085, 1.02974, 0, 0, 0.492424, 0.870356, 1800, 100, 1),
(84897, 2043, 0, 45, -1699.07, -3122.09, 33.9823, 0.506145, 0, 0, 0.25038, 0.968148, 1800, 100, 1),
(84898, 2046, 0, 45, -791.741, -3356.27, 86.3275, -1.39626, 0, 0, 0.642788, -0.766044, 1800, 100, 1),
(84899, 2042, 0, 45, -1709.05, -2766.96, 50.4259, 1.88496, 0, 0, 0.809017, 0.587785, 1800, 100, 1),
(84900, 2043, 0, 45, -1235.56, -2184.15, 60.848, 0.977384, 0, 0, 0.469472, 0.882948, 1800, 100, 1),
(84901, 2046, 0, 45, -1299.32, -2316.38, 61.1865, 5.77704, 0, 0, -0.25038, 0.968148, 300, 100, 1),
(84902, 2046, 0, 45, -1195.1, -3645.17, 61.0922, 3.64774, 0, 0, -0.968147, 0.250381, 300, 100, 1),
(84903, 2046, 0, 45, -891.027, -3056.27, 90.9899, 3.47321, 0, 0, -0.986285, 0.16505, 300, 100, 1),
(84904, 2046, 0, 45, -843.388, -1725.92, 58.0707, 2.54818, 0, 0, 0.956305, 0.292372, 300, 100, 1),
(84905, 2046, 0, 45, -678.993, -2016.39, 59.6948, 1.3439, 0, 0, 0.622514, 0.782609, 300, 100, 1),
(84906, 2046, 0, 45, -804.534, -3596.95, 78.1736, 5.28835, 0, 0, -0.477159, 0.878817, 300, 100, 1),
(84907, 2046, 0, 45, -1968.88, -2554.31, 75.2514, 0.802851, 0, 0, 0.390731, 0.920505, 300, 100, 1),
(84908, 2046, 0, 45, -1274.86, -1488.95, 62.0622, 0.680677, 0, 0, 0.333806, 0.942642, 300, 100, 1),
(84909, 2046, 0, 45, -1645.62, -1495.3, 49.6567, 0.453785, 0, 0, 0.224951, 0.97437, 300, 100, 1),
(84910, 2046, 0, 45, -1854.84, -1542.01, 64.4842, 2.80998, 0, 0, 0.986285, 0.16505, 300, 100, 1),
(84911, 2046, 0, 45, -975.522, -3707.89, 99.7785, 3.31614, 0, 0, -0.996194, 0.087165, 300, 100, 1),
(84912, 2046, 0, 45, -1853.14, -2781.02, 62.6143, 6.14356, 0, 0, -0.0697556, 0.997564, 300, 100, 1),
(84913, 2046, 0, 45, -2069.82, -2537.25, 80.8448, 4.01426, 0, 0, -0.906307, 0.422619, 300, 100, 1),
(84914, 2046, 0, 45, -793.96, -3207.02, 87.3358, 3.57793, 0, 0, -0.976295, 0.216442, 300, 100, 1),
(84915, 2046, 0, 45, -1789.37, -2527.05, 59.8264, 1.29154, 0, 0, 0.601814, 0.798636, 300, 100, 1),
(84916, 2046, 0, 45, -806.16, -3584.53, 81.9184, 2.67035, 0, 0, 0.972369, 0.233448, 300, 100, 1),
(84917, 2043, 0, 45, -1025.81, -2997.91, 54.5303, 5.89921, 0, 0, -0.190808, 0.981627, 300, 100, 1),
(84918, 2043, 0, 45, -998.321, -2613.74, 59.0053, 2.65289, 0, 0, 0.970295, 0.241925, 300, 100, 1),
(84919, 2043, 0, 45, -833.354, -3573.68, 75.1468, 2.16421, 0, 0, 0.882947, 0.469473, 300, 100, 1),
(84920, 2043, 0, 45, -1938.69, -2777.88, 76.5744, 4.88692, 0, 0, -0.642787, 0.766045, 300, 100, 1),
(84921, 2043, 0, 45, -1005.75, -2761.2, 49.9008, 2.74016, 0, 0, 0.979924, 0.19937, 300, 100, 1),
(84922, 2043, 0, 45, -1337.62, -3171.37, 36.8362, 0.575957, 0, 0, 0.284015, 0.95882, 300, 100, 1),
(84923, 1624, 0, 45, -1686.45, -2779.43, 46.748, 2.72271, 0, 0, 0.978148, 0.207912, 300, 100, 1),
(84924, 1624, 0, 45, -1726.49, -2720.18, 41.8945, 3.4034, 0, 0, -0.991445, 0.130528, 300, 100, 1),
(84925, 1624, 0, 45, -984.745, -3346.48, 56.8505, 5.75959, 0, 0, -0.258819, 0.965926, 300, 100, 1),
(84926, 1624, 0, 45, -1215.86, -2982.48, 46.8069, 2.70526, 0, 0, 0.976295, 0.216442, 300, 100, 1),
(84927, 2043, 0, 45, -1186.68, -1422.74, 61.8339, 2.00713, 0, 0, 0.843391, 0.5373, 1800, 100, 1),
(84928, 1624, 0, 45, -702.307, -1232.7, 60.9518, -2.86234, 0, 0, 0.990268, -0.139173, 1800, 100, 1),
(84929, 1623, 0, 45, -2015.63, -2763.03, 88.1638, 5.42797, 0, 0, -0.414693, 0.909961, 300, 100, 1),
(84930, 1623, 0, 45, -1252.72, -1853.49, 104.184, 0.785397, 0, 0, 0.382683, 0.92388, 300, 100, 1),
(84931, 1623, 0, 45, -1953.65, -1621.69, 50.6998, 3.14159, 0, 0, -1, 0, 300, 100, 1),
(84932, 1623, 0, 45, -923.274, -3734.02, 97.1244, 2.65289, 0, 0, 0.970295, 0.241925, 300, 100, 1),
(84933, 1623, 0, 45, -755.853, -2290.78, 62.4308, 0, 0, 0, 0, 1, 300, 100, 1),
(84934, 1623, 0, 45, -1178.42, -2048.25, 80.5063, 5.044, 0, 0, -0.580703, 0.814116, 300, 100, 1),
(84935, 1623, 0, 45, -766.667, -2339.4, 73.999, 5.93412, 0, 0, -0.173648, 0.984808, 300, 100, 1),
(84936, 1623, 0, 45, -949.621, -2621.07, 67.446, 2.84488, 0, 0, 0.989016, 0.147811, 300, 100, 1),
(84937, 1623, 0, 45, -1780.45, -2093.27, 82.2684, 5.75959, 0, 0, -0.258819, 0.965926, 300, 100, 1),
(84938, 2041, 0, 45, -1400.24, -1704.12, 48.3906, 1.78023, 0, 0, 0.777145, 0.629321, 300, 100, 1),
(84939, 2041, 0, 45, -1455.35, -1925.88, 50.5102, 6.14356, 0, 0, -0.0697556, 0.997564, 300, 100, 1),
(84940, 1623, 0, 45, -1846.42, -1501.6, 52.674, 0.349066, 0, 0, 0.173648, 0.984808, 1800, 100, 1),
(84941, 2042, 0, 45, -950.238, -1885.39, 67.2441, -1.8675, 0, 0, 0.803857, -0.594823, 1800, 100, 1),
(84942, 1624, 0, 45, -1077.16, -2522.21, 54.5256, -2.49582, 0, 0, 0.948324, -0.317305, 1800, 100, 1),
(84943, 2042, 0, 45, -1110.98, -3047.87, 43.4221, 2.70526, 0, 0, 0.976296, 0.21644, 1800, 100, 1),
(84944, 2042, 0, 45, -1525.59, -2820.52, 38.0459, 1.78024, 0, 0, 0.777146, 0.62932, 1800, 100, 1),
(84945, 1624, 0, 45, -1355.84, -3012.1, 41.9774, 2.21657, 0, 0, 0.894934, 0.446198, 1800, 100, 1),
(84946, 1623, 0, 45, -803.796, -1209.23, 69.7456, 2.47837, 0, 0, 0.945519, 0.325568, 1800, 100, 1),
(84947, 2046, 0, 45, -1779.05, -1391.67, 45.4381, -1.93731, 0, 0, 0.824126, -0.566406, 1800, 100, 1),
(84948, 1623, 0, 45, -1783.34, -1445.12, 78.2442, 2.35619, 0, 0, 0.92388, 0.382683, 1800, 100, 1),
(84949, 1624, 0, 45, -880.024, -1218.82, 51.3718, 1.32645, 0, 0, 0.615662, 0.788011, 1800, 100, 1),
(84950, 1624, 0, 45, -1240.48, -1672.71, 57.7778, 2.86234, 0, 0, 0.990268, 0.139173, 1800, 100, 1),
(84951, 1624, 0, 45, -1286.38, -2007.3, 62.2712, 0.017453, 0, 0, 0.008727, 0.999962, 1800, 100, 1),
(84952, 2042, 0, 45, -1445.92, -2131.08, 18.7754, 0.820305, 0, 0, 0.398749, 0.91706, 1800, 100, 1),
(84953, 1624, 0, 45, -1347.04, -2376.29, 63.4075, -0.523599, 0, 0, 0.258819, -0.965926, 1800, 100, 1),
(84954, 2041, 0, 45, -1823.54, -2461.07, 52.6159, -1.18682, 0, 0, 0.559193, -0.829037, 1800, 100, 1),
(84955, 2046, 0, 45, -1681.95, -2841.92, 45.2879, -0.837758, 0, 0, 0.406737, -0.913545, 1800, 100, 1),
(84956, 1624, 0, 45, -1349.13, -3284.67, 45.117, 1.85005, 0, 0, 0.798636, 0.601815, 1800, 100, 1),
(84957, 2043, 0, 45, -1554.54, -3431.37, 51.0258, 1.01229, 0, 0, 0.48481, 0.87462, 1800, 100, 1),
(84958, 2042, 0, 45, -1153.02, -3243.16, 32.381, -0.488692, 0, 0, 0.241922, -0.970296, 1800, 100, 1),
(84959, 1624, 0, 45, -1078.73, -3248.5, 36.6129, 1.36136, 0, 0, 0.62932, 0.777146, 1800, 100, 1),
(84960, 1624, 0, 45, -1052.49, -1983.44, 67.8225, 3.78737, 0, 0, -0.948323, 0.317306, 300, 100, 1),
(84961, 1624, 0, 45, -1193.48, -3173.99, 42.3659, 0.401425, 0, 0, 0.199368, 0.979925, 300, 100, 1),
(84962, 1624, 0, 45, -1163.82, -1529.36, 56.8556, 4.4855, 0, 0, -0.782608, 0.622515, 300, 100, 1),
(84963, 1624, 0, 45, -1053.47, -1787.58, 59.3678, 0.750491, 0, 0, 0.366501, 0.930418, 300, 100, 1),
(84964, 1624, 0, 45, -1081.28, -3111.25, 48.0621, 5.06146, 0, 0, -0.573576, 0.819152, 300, 100, 1),
(84965, 1623, 0, 45, -1678.06, -1441.07, 47.4573, -0.383972, 0, 0, 0.190809, -0.981627, 1800, 100, 1),
(84966, 2046, 0, 45, -1031.36, -3711.92, 94.4584, -2.30383, 0, 0, 0.913545, -0.406737, 1800, 100, 1),
(84967, 1623, 0, 45, -1071.02, -3843.59, 136.313, 2.18166, 0, 0, 0.887011, 0.461749, 1800, 100, 1);

-- Wetlands
DELETE FROM `pool_gameobject` WHERE `pool_entry` IN (994);
DELETE FROM `pool_template` WHERE `entry` IN (994);
DELETE FROM `gameobject` WHERE `guid` IN (2149,2367,2623,2748,2821,2872,2896,2912,2913,2914,2922,2923,2956,2960,2994,2995,2996,2998,3021,3022,3064,3070,3071,3072,3073,3089,3092,3093,3109,3122,3144,3161,3165,3220,3231,3242,3246,3247,3277,3278,3279,3311,3323,3324,3325,3327,3333,3397,3398,3401,3402,3408,3463,3481,3483,3484,3485,3487,3489,3490,3502,3503,3516,3518,3525,3531,3563,3581,3582,3625,3639,3658,3660,3674,3689,3710,3740,3756,3764,3766,3832,3839,3847,3876,3880,3896,3906,3907,3908,3916,3917,3932,3942,3969,3985,4032,4036,4037,4044,4045,4053,4073,4093,4100,4118,4125,4126,4127,4137,4138,4196,4202,4211,4218,4241,4254,4264,4267,4268,4270,4272,4277,4341,4353,4357,4365,4375,4399,4419,4434,4453,4456,4457,4460,4471,4475,4478,4482,4483,4490,4501,7373,7377,7378,7385,7386,7413,7417,7418,7419,7427,7442,7443,7444,7445,7447,7454,7475,7480,7482,7483,7484,7485,7488,7496,7500,7517,7519,7520,7523,7532,7536,7537,7540,7544,7547,14629,14632,14644,14646,14647,14648,14658,14659,14661,14662,14666,14667,14691,14710,14711,14712,14714,14716,14717,14720,14860,14868,14869,14872,14873,14874,14876,14878,14879,14880,14882,14883,14884,14885,14886,14887,14888,14889,14891,14895,14897,14898,14908,14968,15015,15057,15060,15078,15113,15134,15156,30109,30113,30115,30124,30127,30128,30129,30130,32171,33170,33175,33176,33394,33395,33397,33507,33509,33511,33846,33848,34093,34094,34095,34097,34098,34099,34100,34101,34103,34104,34110,34112,34113,34114,34129,34135,34136,34137,34138,34139,34141,34215,34907,39968,46464,46465,63314,63362,63368,64014,64018,65008,65019,65023,65026,65027,65028,65041,65044,65046,65047,65052,65067,65068,65069,65073,65078,65086,65092,65093,65098,65116,65308,65311,65315,65316,86258,86264,86265,86291,86292,86333,87119,87222,87223,87234,87235,87243,87248,87267,87268,87269,87270,87340,87341,87342);

-- Vmangos pools: (1148,1149,1150,1151,1152,1153,1154,1155);
DELETE FROM `pool_template` WHERE `entry` BETWEEN 624 AND 631;
INSERT INTO `pool_template` (`entry`, `max_limit`, `description`) VALUES
(624, 5, 'Grave Moss in Wetlands'),
(625, 10, 'Stranglekelp in Wetlands'),
(626, 16, 'Bruiseweed in Wetlands'),
(627, 9, 'Briarthorn in Wetlands'),
(628, 12, 'Wild Steelbloom in Wetlands'),
(629, 12, 'Liferoot in Wetlands'),
(630, 5, 'Mageroyal in Wetlands'),
(631, 8, 'Kingsblood in Wetlands');

DELETE FROM `pool_gameobject` WHERE `guid` BETWEEN 87979 AND 88387;
INSERT INTO `pool_gameobject` (`guid`, `pool_entry`, `chance`, `description`) VALUES 
(87979, 630, 0, 'Mageroyal'),
(87980, 630, 0, 'Mageroyal'),
(87981, 630, 0, 'Mageroyal'),
(87982, 630, 0, 'Mageroyal'),
(87983, 630, 0, 'Mageroyal'),
(87984, 630, 0, 'Mageroyal'),
(87985, 630, 0, 'Mageroyal'),
(87986, 630, 0, 'Mageroyal'),
(87987, 630, 0, 'Mageroyal'),
(87988, 630, 0, 'Mageroyal'),
(87989, 627, 0, 'Briarthorn'),
(87990, 627, 0, 'Briarthorn'),
(87991, 627, 0, 'Briarthorn'),
(87992, 627, 0, 'Briarthorn'),
(87993, 627, 0, 'Briarthorn'),
(87994, 627, 0, 'Briarthorn'),
(87995, 627, 0, 'Briarthorn'),
(87996, 626, 0, 'Bruiseweed'),
(87997, 626, 0, 'Bruiseweed'),
(87998, 626, 0, 'Bruiseweed'),
(87999, 626, 0, 'Bruiseweed'),
(88000, 626, 0, 'Bruiseweed'),
(88001, 626, 0, 'Bruiseweed'),
(88002, 626, 0, 'Bruiseweed'),
(88003, 626, 0, 'Bruiseweed'),
(88004, 626, 0, 'Bruiseweed'),
(88005, 626, 0, 'Bruiseweed'),
(88006, 626, 0, 'Bruiseweed'),
(88007, 626, 0, 'Bruiseweed'),
(88008, 626, 0, 'Bruiseweed'),
(88009, 626, 0, 'Bruiseweed'),
(88010, 626, 0, 'Bruiseweed'),
(88011, 626, 0, 'Bruiseweed'),
(88012, 626, 0, 'Bruiseweed'),
(88013, 626, 0, 'Bruiseweed'),
(88014, 626, 0, 'Bruiseweed'),
(88015, 626, 0, 'Bruiseweed'),
(88016, 626, 0, 'Bruiseweed'),
(88017, 626, 0, 'Bruiseweed'),
(88018, 626, 0, 'Bruiseweed'),
(88019, 626, 0, 'Bruiseweed'),
(88020, 626, 0, 'Bruiseweed'),
(88021, 626, 0, 'Bruiseweed'),
(88022, 626, 0, 'Bruiseweed'),
(88023, 626, 0, 'Bruiseweed'),
(88024, 626, 0, 'Bruiseweed'),
(88025, 626, 0, 'Bruiseweed'),
(88026, 626, 0, 'Bruiseweed'),
(88027, 626, 0, 'Bruiseweed'),
(88028, 626, 0, 'Bruiseweed'),
(88029, 626, 0, 'Bruiseweed'),
(88030, 626, 0, 'Bruiseweed'),
(88031, 626, 0, 'Bruiseweed'),
(88032, 626, 0, 'Bruiseweed'),
(88033, 626, 0, 'Bruiseweed'),
(88034, 626, 0, 'Bruiseweed'),
(88035, 626, 0, 'Bruiseweed'),
(88036, 626, 0, 'Bruiseweed'),
(88037, 626, 0, 'Bruiseweed'),
(88038, 626, 0, 'Bruiseweed'),
(88039, 626, 0, 'Bruiseweed'),
(88040, 626, 0, 'Bruiseweed'),
(88041, 626, 0, 'Bruiseweed'),
(88042, 626, 0, 'Bruiseweed'),
(88043, 626, 0, 'Bruiseweed'),
(88044, 626, 0, 'Bruiseweed'),
(88045, 626, 0, 'Bruiseweed'),
(88046, 626, 0, 'Bruiseweed'),
(88047, 626, 0, 'Bruiseweed'),
(88048, 626, 0, 'Bruiseweed'),
(88049, 626, 0, 'Bruiseweed'),
(88050, 626, 0, 'Bruiseweed'),
(88051, 626, 0, 'Bruiseweed'),
(88052, 626, 0, 'Bruiseweed'),
(88053, 626, 0, 'Bruiseweed'),
(88054, 626, 0, 'Bruiseweed'),
(88055, 626, 0, 'Bruiseweed'),
(88056, 626, 0, 'Bruiseweed'),
(88057, 626, 0, 'Bruiseweed'),
(88058, 626, 0, 'Bruiseweed'),
(88059, 628, 0, 'Wild Steelbloom'),
(88060, 626, 0, 'Bruiseweed'),
(88061, 626, 0, 'Bruiseweed'),
(88062, 626, 0, 'Bruiseweed'),
(88063, 626, 0, 'Bruiseweed'),
(88064, 628, 0, 'Wild Steelbloom'),
(88065, 626, 0, 'Bruiseweed'),
(88066, 626, 0, 'Bruiseweed'),
(88067, 626, 0, 'Bruiseweed'),
(88068, 626, 0, 'Bruiseweed'),
(88069, 626, 0, 'Bruiseweed'),
(88070, 626, 0, 'Bruiseweed'),
(88071, 626, 0, 'Bruiseweed'),
(88072, 626, 0, 'Bruiseweed'),
(88073, 626, 0, 'Bruiseweed'),
(88074, 628, 0, 'Wild Steelbloom'),
(88075, 628, 0, 'Wild Steelbloom'),
(88076, 628, 0, 'Wild Steelbloom'),
(88077, 628, 0, 'Wild Steelbloom'),
(88078, 628, 0, 'Wild Steelbloom'),
(88079, 628, 0, 'Wild Steelbloom'),
(88080, 628, 0, 'Wild Steelbloom'),
(88081, 628, 0, 'Wild Steelbloom'),
(88082, 631, 0, 'Kingsblood'),
(88083, 628, 0, 'Wild Steelbloom'),
(88084, 628, 0, 'Wild Steelbloom'),
(88085, 631, 0, 'Kingsblood'),
(88086, 631, 0, 'Kingsblood'),
(88087, 628, 0, 'Wild Steelbloom'),
(88088, 628, 0, 'Wild Steelbloom'),
(88089, 628, 0, 'Wild Steelbloom'),
(88090, 628, 0, 'Wild Steelbloom'),
(88091, 628, 0, 'Wild Steelbloom'),
(88092, 628, 0, 'Wild Steelbloom'),
(88093, 628, 0, 'Wild Steelbloom'),
(88094, 628, 0, 'Wild Steelbloom'),
(88095, 628, 0, 'Wild Steelbloom'),
(88096, 628, 0, 'Wild Steelbloom'),
(88097, 628, 0, 'Wild Steelbloom'),
(88098, 628, 0, 'Wild Steelbloom'),
(88099, 628, 0, 'Wild Steelbloom'),
(88100, 628, 0, 'Wild Steelbloom'),
(88101, 628, 0, 'Wild Steelbloom'),
(88102, 628, 0, 'Wild Steelbloom'),
(88103, 628, 0, 'Wild Steelbloom'),
(88104, 628, 0, 'Wild Steelbloom'),
(88105, 628, 0, 'Wild Steelbloom'),
(88106, 628, 0, 'Wild Steelbloom'),
(88107, 628, 0, 'Wild Steelbloom'),
(88108, 628, 0, 'Wild Steelbloom'),
(88109, 628, 0, 'Wild Steelbloom'),
(88110, 631, 0, 'Kingsblood'),
(88111, 631, 0, 'Kingsblood'),
(88112, 631, 0, 'Kingsblood'),
(88113, 631, 0, 'Kingsblood'),
(88114, 631, 0, 'Kingsblood'),
(88115, 631, 0, 'Kingsblood'),
(88116, 631, 0, 'Kingsblood'),
(88117, 631, 0, 'Kingsblood'),
(88118, 624, 0, 'Grave Moss'),
(88119, 624, 0, 'Grave Moss'),
(88120, 624, 0, 'Grave Moss'),
(88121, 624, 0, 'Grave Moss'),
(88122, 624, 0, 'Grave Moss'),
(88123, 624, 0, 'Grave Moss'),
(88124, 624, 0, 'Grave Moss'),
(88125, 624, 0, 'Grave Moss'),
(88126, 624, 0, 'Grave Moss'),
(88127, 624, 0, 'Grave Moss'),
(88128, 629, 0, 'Liferoot'),
(88129, 629, 0, 'Liferoot'),
(88130, 629, 0, 'Liferoot'),
(88131, 629, 0, 'Liferoot'),
(88132, 629, 0, 'Liferoot'),
(88133, 629, 0, 'Liferoot'),
(88134, 629, 0, 'Liferoot'),
(88135, 629, 0, 'Liferoot'),
(88136, 629, 0, 'Liferoot'),
(88137, 629, 0, 'Liferoot'),
(88138, 629, 0, 'Liferoot'),
(88139, 629, 0, 'Liferoot'),
(88140, 629, 0, 'Liferoot'),
(88141, 629, 0, 'Liferoot'),
(88142, 629, 0, 'Liferoot'),
(88143, 629, 0, 'Liferoot'),
(88144, 629, 0, 'Liferoot'),
(88145, 629, 0, 'Liferoot'),
(88146, 629, 0, 'Liferoot'),
(88147, 629, 0, 'Liferoot'),
(88148, 629, 0, 'Liferoot'),
(88149, 629, 0, 'Liferoot'),
(88150, 629, 0, 'Liferoot'),
(88151, 629, 0, 'Liferoot'),
(88152, 629, 0, 'Liferoot'),
(88153, 629, 0, 'Liferoot'),
(88154, 629, 0, 'Liferoot'),
(88155, 629, 0, 'Liferoot'),
(88156, 629, 0, 'Liferoot'),
(88157, 629, 0, 'Liferoot'),
(88158, 629, 0, 'Liferoot'),
(88159, 625, 0, 'Stranglekelp'),
(88160, 629, 0, 'Liferoot'),
(88161, 629, 0, 'Liferoot'),
(88162, 629, 0, 'Liferoot'),
(88163, 629, 0, 'Liferoot'),
(88164, 629, 0, 'Liferoot'),
(88165, 625, 0, 'Stranglekelp'),
(88166, 625, 0, 'Stranglekelp'),
(88167, 625, 0, 'Stranglekelp'),
(88168, 625, 0, 'Stranglekelp'),
(88169, 625, 0, 'Stranglekelp'),
(88170, 625, 0, 'Stranglekelp'),
(88171, 625, 0, 'Stranglekelp'),
(88172, 625, 0, 'Stranglekelp'),
(88173, 625, 0, 'Stranglekelp'),
(88174, 625, 0, 'Stranglekelp'),
(88175, 625, 0, 'Stranglekelp'),
(88176, 625, 0, 'Stranglekelp'),
(88177, 625, 0, 'Stranglekelp'),
(88178, 625, 0, 'Stranglekelp'),
(88179, 625, 0, 'Stranglekelp'),
(88180, 625, 0, 'Stranglekelp'),
(88181, 625, 0, 'Stranglekelp'),
(88182, 625, 0, 'Stranglekelp'),
(88183, 625, 0, 'Stranglekelp'),
(88184, 625, 0, 'Stranglekelp'),
(88185, 629, 0, 'Liferoot'),
(88186, 629, 0, 'Liferoot'),
(88187, 625, 0, 'Stranglekelp'),
(88188, 628, 0, 'Wild Steelbloom'),
(88189, 626, 0, 'Bruiseweed'),
(88190, 626, 0, 'Bruiseweed'),
(88191, 625, 0, 'Stranglekelp'),
(88192, 628, 0, 'Wild Steelbloom'),
(88193, 626, 0, 'Bruiseweed'),
(88194, 631, 0, 'Kingsblood'),
(88195, 625, 0, 'Stranglekelp'),
(88196, 625, 0, 'Stranglekelp'),
(88197, 628, 0, 'Wild Steelbloom'),
(88198, 630, 0, 'Mageroyal'),
(88199, 628, 0, 'Wild Steelbloom'),
(88200, 624, 0, 'Grave Moss'),
(88201, 628, 0, 'Wild Steelbloom'),
(88202, 627, 0, 'Briarthorn'),
(88203, 626, 0, 'Bruiseweed'),
(88204, 626, 0, 'Bruiseweed'),
(88205, 626, 0, 'Bruiseweed'),
(88206, 627, 0, 'Briarthorn'),
(88207, 626, 0, 'Bruiseweed'),
(88208, 628, 0, 'Wild Steelbloom'),
(88209, 628, 0, 'Wild Steelbloom'),
(88210, 631, 0, 'Kingsblood'),
(88211, 629, 0, 'Liferoot'),
(88212, 626, 0, 'Bruiseweed'),
(88213, 630, 0, 'Mageroyal'),
(88214, 626, 0, 'Bruiseweed'),
(88215, 626, 0, 'Bruiseweed'),
(88216, 626, 0, 'Bruiseweed'),
(88217, 630, 0, 'Mageroyal'),
(88218, 625, 0, 'Stranglekelp'),
(88219, 625, 0, 'Stranglekelp'),
(88220, 625, 0, 'Stranglekelp'),
(88221, 630, 0, 'Mageroyal'),
(88222, 627, 0, 'Briarthorn'),
(88223, 629, 0, 'Liferoot'),
(88224, 631, 0, 'Kingsblood'),
(88225, 629, 0, 'Liferoot'),
(88226, 629, 0, 'Liferoot'),
(88227, 628, 0, 'Wild Steelbloom'),
(88228, 627, 0, 'Briarthorn'),
(88229, 630, 0, 'Mageroyal'),
(88230, 630, 0, 'Mageroyal'),
(88231, 631, 0, 'Kingsblood'),
(88232, 627, 0, 'Briarthorn'),
(88233, 627, 0, 'Briarthorn'),
(88234, 630, 0, 'Mageroyal'),
(88235, 629, 0, 'Liferoot'),
(88236, 631, 0, 'Kingsblood'),
(88237, 627, 0, 'Briarthorn'),
(88238, 627, 0, 'Briarthorn'),
(88239, 631, 0, 'Kingsblood'),
(88240, 629, 0, 'Liferoot'),
(88241, 629, 0, 'Liferoot'),
(88242, 627, 0, 'Briarthorn'),
(88243, 625, 0, 'Stranglekelp'),
(88244, 625, 0, 'Stranglekelp'),
(88245, 631, 0, 'Kingsblood'),
(88246, 627, 0, 'Briarthorn'),
(88247, 627, 0, 'Briarthorn'),
(88248, 627, 0, 'Briarthorn'),
(88249, 627, 0, 'Briarthorn'),
(88250, 626, 0, 'Bruiseweed'),
(88251, 625, 0, 'Stranglekelp'),
(88252, 631, 0, 'Kingsblood'),
(88253, 624, 0, 'Grave Moss'),
(88254, 626, 0, 'Bruiseweed'),
(88255, 626, 0, 'Bruiseweed'),
(88256, 629, 0, 'Liferoot'),
(88257, 631, 0, 'Kingsblood'),
(88258, 629, 0, 'Liferoot'),
(88259, 625, 0, 'Stranglekelp'),
(88260, 627, 0, 'Briarthorn'),
(88261, 625, 0, 'Stranglekelp'),
(88262, 630, 0, 'Mageroyal'),
(88263, 627, 0, 'Briarthorn'),
(88264, 624, 0, 'Grave Moss'),
(88265, 631, 0, 'Kingsblood'),
(88266, 631, 0, 'Kingsblood'),
(88267, 631, 0, 'Kingsblood'),
(88268, 631, 0, 'Kingsblood'),
(88269, 631, 0, 'Kingsblood'),
(88270, 631, 0, 'Kingsblood'),
(88271, 630, 0, 'Mageroyal'),
(88272, 630, 0, 'Mageroyal'),
(88273, 630, 0, 'Mageroyal'),
(88274, 625, 0, 'Stranglekelp'),
(88275, 625, 0, 'Stranglekelp'),
(88276, 625, 0, 'Stranglekelp'),
(88277, 625, 0, 'Stranglekelp'),
(88278, 625, 0, 'Stranglekelp'),
(88279, 625, 0, 'Stranglekelp'),
(88280, 625, 0, 'Stranglekelp'),
(88281, 625, 0, 'Stranglekelp'),
(88282, 625, 0, 'Stranglekelp'),
(88283, 625, 0, 'Stranglekelp'),
(88284, 625, 0, 'Stranglekelp'),
(88285, 625, 0, 'Stranglekelp'),
(88286, 625, 0, 'Stranglekelp'),
(88287, 625, 0, 'Stranglekelp'),
(88288, 625, 0, 'Stranglekelp'),
(88289, 625, 0, 'Stranglekelp'),
(88290, 625, 0, 'Stranglekelp'),
(88291, 625, 0, 'Stranglekelp'),
(88292, 625, 0, 'Stranglekelp'),
(88293, 625, 0, 'Stranglekelp'),
(88294, 625, 0, 'Stranglekelp'),
(88295, 625, 0, 'Stranglekelp'),
(88296, 625, 0, 'Stranglekelp'),
(88297, 625, 0, 'Stranglekelp'),
(88298, 628, 0, 'Wild Steelbloom'),
(88299, 628, 0, 'Wild Steelbloom'),
(88300, 628, 0, 'Wild Steelbloom'),
(88301, 628, 0, 'Wild Steelbloom'),
(88302, 629, 0, 'Liferoot'),
(88303, 629, 0, 'Liferoot'),
(88304, 629, 0, 'Liferoot'),
(88305, 629, 0, 'Liferoot'),
(88306, 627, 0, 'Briarthorn'),
(88307, 627, 0, 'Briarthorn'),
(88308, 628, 0, 'Wild Steelbloom'),
(88309, 628, 0, 'Wild Steelbloom'),
(88310, 627, 0, 'Briarthorn'),
(88311, 630, 0, 'Mageroyal'),
(88312, 626, 0, 'Bruiseweed'),
(88313, 627, 0, 'Briarthorn'),
(88314, 626, 0, 'Bruiseweed'),
(88315, 627, 0, 'Briarthorn'),
(88316, 627, 0, 'Briarthorn'),
(88317, 627, 0, 'Briarthorn'),
(88318, 625, 0, 'Stranglekelp'),
(88319, 626, 0, 'Bruiseweed'),
(88320, 625, 0, 'Stranglekelp'),
(88321, 625, 0, 'Stranglekelp'),
(88322, 625, 0, 'Stranglekelp'),
(88323, 626, 0, 'Bruiseweed'),
(88324, 625, 0, 'Stranglekelp'),
(88325, 625, 0, 'Stranglekelp'),
(88326, 625, 0, 'Stranglekelp'),
(88327, 625, 0, 'Stranglekelp'),
(88328, 625, 0, 'Stranglekelp'),
(88329, 625, 0, 'Stranglekelp'),
(88330, 627, 0, 'Briarthorn'),
(88331, 625, 0, 'Stranglekelp'),
(88332, 625, 0, 'Stranglekelp'),
(88333, 629, 0, 'Liferoot'),
(88334, 630, 0, 'Mageroyal'),
(88335, 627, 0, 'Briarthorn'),
(88336, 627, 0, 'Briarthorn'),
(88337, 626, 0, 'Bruiseweed'),
(88338, 627, 0, 'Briarthorn'),
(88339, 630, 0, 'Mageroyal'),
(88340, 627, 0, 'Briarthorn'),
(88341, 626, 0, 'Bruiseweed'),
(88342, 628, 0, 'Wild Steelbloom'),
(88343, 626, 0, 'Bruiseweed'),
(88344, 631, 0, 'Kingsblood'),
(88345, 630, 0, 'Mageroyal'),
(88346, 631, 0, 'Kingsblood'),
(88347, 629, 0, 'Liferoot'),
(88348, 629, 0, 'Liferoot'),
(88349, 629, 0, 'Liferoot'),
(88350, 626, 0, 'Bruiseweed'),
(88351, 627, 0, 'Briarthorn'),
(88352, 631, 0, 'Kingsblood'),
(88353, 626, 0, 'Bruiseweed'),
(88354, 629, 0, 'Liferoot'),
(88355, 625, 0, 'Stranglekelp'),
(88356, 625, 0, 'Stranglekelp'),
(88357, 624, 0, 'Grave Moss'),
(88358, 627, 0, 'Briarthorn'),
(88359, 631, 0, 'Kingsblood'),
(88360, 627, 0, 'Briarthorn'),
(88361, 630, 0, 'Mageroyal'),
(88362, 630, 0, 'Mageroyal'),
(88363, 629, 0, 'Liferoot'),
(88364, 629, 0, 'Liferoot'),
(88365, 629, 0, 'Liferoot'),
(88366, 629, 0, 'Liferoot'),
(88367, 631, 0, 'Kingsblood'),
(88368, 630, 0, 'Mageroyal'),
(88369, 631, 0, 'Kingsblood'),
(88370, 631, 0, 'Kingsblood'),
(88371, 631, 0, 'Kingsblood'),
(88372, 630, 0, 'Mageroyal'),
(88373, 627, 0, 'Briarthorn'),
(88374, 627, 0, 'Briarthorn'),
(88375, 631, 0, 'Kingsblood'),
(88376, 631, 0, 'Kingsblood'),
(88377, 631, 0, 'Kingsblood'),
(88378, 630, 0, 'Mageroyal'),
(88379, 626, 0, 'Bruiseweed'),
(88380, 631, 0, 'Kingsblood'),
(88381, 625, 0, 'Stranglekelp'),
(88382, 629, 0, 'Liferoot'),
(88383, 629, 0, 'Liferoot'),
(88384, 631, 0, 'Kingsblood'),
(88385, 631, 0, 'Kingsblood'),
(88386, 627, 0, 'Briarthorn'),
(88387, 627, 0, 'Briarthorn');

DELETE FROM `gameobject` WHERE `zoneId`=11 AND `guid` BETWEEN 87979 AND 88387;
INSERT INTO `gameobject` (`guid`, `id`, `map`, `zoneId`, `position_x`, `position_y`, `position_z`, `orientation`, `rotation0`, `rotation1`, `rotation2`, `rotation3`, `spawntimesecs`, `animprogress`, `state`) VALUES
(87979, 1620, 0, 11, -3615.94, -2842.3, 14.4793, 2.33874, 0, 0, 0.920505, 0.390732, 900, 100, 1),
(87980, 1620, 0, 11, -3982.32, -2953.52, 12.4004, 0.174532, 0, 0, 0.0871553, 0.996195, 900, 100, 1),
(87981, 1620, 0, 11, -4232.42, -2674.76, 41.5726, 3.17653, 0, 0, -0.999847, 0.0174693, 900, 255, 1),
(87982, 1620, 0, 11, -3065.17, -2583.33, 11.2463, 3.31614, 0, 0, -0.996194, 0.087165, 900, 255, 1),
(87983, 1620, 0, 11, -3847.47, -2681.57, 31.1855, 5.39307, 0, 0, -0.430511, 0.902586, 900, 255, 1),
(87984, 1620, 0, 11, -3918.23, -2716.54, 26.4427, 5.20108, 0, 0, -0.515038, 0.857168, 900, 255, 1),
(87985, 1620, 0, 11, -3139.51, -2545.52, 9.23924, 2.30383, 0, 0, 0.913545, 0.406738, 900, 255, 1),
(87986, 1620, 0, 11, -3348.16, -3278.91, 23.1451, 2.28638, 0, 0, 0.909961, 0.414694, 900, 255, 1),
(87987, 1620, 0, 11, -2962.5, -2679.83, 13.754, 4.29351, 0, 0, -0.83867, 0.54464, 900, 255, 1),
(87988, 1620, 0, 11, -3317.16, -2676.49, 14.5291, 6.02139, 0, 0, -0.130526, 0.991445, 900, 255, 1),
(87989, 1621, 0, 11, -3183.31, -1111.6, 9.17652, 5.91667, 0, 0, -0.182235, 0.983255, 900, 100, 1),
(87990, 1621, 0, 11, -3008, -1158, 9.714, -3, 0, 0, -0.984808, 0.173648, 900, 100, 1),
(87991, 1621, 0, 11, -2841, -2588.22, 50.771, 2.23402, 0, 0, 0.898793, 0.438373, 900, 100, 1),
(87992, 1621, 0, 11, -2892.18, -2564.71, 33.8779, 1.18682, 0, 0, 0.559193, 0.829038, 900, 100, 1),
(87993, 1621, 0, 11, -3925.27, -2591.35, 43.6762, 4.15388, 0, 0, -0.874619, 0.48481, 900, 255, 1),
(87994, 1621, 0, 11, -3141.5, -2912.14, 21.8747, 4.15388, 0, 0, -0.874619, 0.48481, 900, 255, 1),
(87995, 1621, 0, 11, -3326.56, -3155.95, 24.4531, 5.93412, 0, 0, -0.173648, 0.984808, 900, 255, 1),
(87996, 1622, 0, 11, -2464, -1783, 16.3, 0.015, 0, 0, 0, 0, 1800, 100, 1),
(87997, 1622, 0, 11, -2870, -1531, 9.69, 1.134, 0, 0, 0, 0, 1800, 100, 1),
(87998, 1622, 0, 11, -2947, -1722, 11.898, 1.016, 0, 0, 0, 0, 1800, 100, 1),
(87999, 1622, 0, 11, -2989, -2947, 31.6051, 0.344, 0, 0, 0, 0, 1800, 100, 1),
(88000, 1622, 0, 11, -2789, -2233, 50.758, 1.13, 0, 0, 0, 0, 1800, 100, 1),
(88001, 1622, 0, 11, -2968, -2618, 16.856, 6.16, 0, 0, 0, 0, 1800, 100, 1),
(88002, 1622, 0, 11, -4246.6, -2604.91, 84.7081, 2.51327, 0, 0, 0.951056, 0.309017, 1800, 100, 1),
(88003, 1622, 0, 11, -2587, -2330, 86.103, 5.783, 0, 0, 0, 0, 1800, 100, 1),
(88004, 1622, 0, 11, -2602, -2402, 79.233, 5.878, 0, 0, 0, 0, 1800, 100, 1),
(88005, 1622, 0, 11, -2571, -2360, 85.89, 0.093, 0, 0, 0, 0, 1800, 100, 1),
(88006, 1622, 0, 11, -2650, -2387, 92.424, 2.909, 0, 0, 0, 0, 1800, 100, 1),
(88007, 1622, 0, 11, -3793, -3142, 17.211, 4.947, 0, 0, 0, 0, 1800, 100, 1),
(88008, 1622, 0, 11, -3681, -2677, 32.503, 0.937, 0, 0, 0, 0, 1800, 100, 1),
(88009, 1622, 0, 11, -4212.26, -2354.89, 204.552, 4.32842, 0, 0, -0.829037, 0.559194, 1800, 255, 1),
(88010, 1622, 0, 11, -3574.38, -2477.01, 72.7115, 1.76278, 0, 0, 0.771625, 0.636078, 1800, 255, 1),
(88011, 1622, 0, 11, -3327, -3261, 30.098, 0.898, 0, 0, 0, 0, 1800, 100, 1),
(88012, 1622, 0, 11, -3348, -1570, 10.495, 0.363, 0, 0, 0, 0, 1800, 100, 1),
(88013, 1622, 0, 11, -3347, -1640, 8.011, 5.582, 0, 0, 0, 0, 1800, 100, 1),
(88014, 1622, 0, 11, -3276, -1714, 9.04, 2.526, 0, 0, 0, 0, 1800, 100, 1),
(88015, 1622, 0, 11, -3428, -1535, 19.343, 2.42, 0, 0, 0, 0, 1800, 100, 1),
(88016, 1622, 0, 11, -2794, -2764, 53.684, 6.086, 0, 0, 0, 0, 1800, 100, 1),
(88017, 1622, 0, 11, -3007, -3017, 39.846, 4.782, 0, 0, 0, 0, 1800, 100, 1),
(88018, 1622, 0, 11, -3000, -3042, 52.089, 4.515, 0, 0, 0, 0, 1800, 100, 1),
(88019, 1622, 0, 11, -3872, -2420, 26.106, 6.176, 0, 0, 0, 0, 1800, 100, 1),
(88020, 1622, 0, 11, -2849, -2000, 23.047, 6.184, 0, 0, 0, 0, 1800, 100, 1),
(88021, 1622, 0, 11, -2859.65, -1473.97, 10.1537, 3.4383, 0, 0, -0.989016, 0.147811, 1800, 100, 1),
(88022, 1622, 0, 11, -3902, -3138, 13.168, 4.821, 0, 0, 0, 0, 1800, 100, 1),
(88023, 1622, 0, 11, -2848, -2194, 30.237, 5.481, 0, 0, 0, 0, 1800, 100, 1),
(88024, 1622, 0, 11, -3655, -1409, 18.376, 4.023, 0, 0, 0, 0, 1800, 100, 1),
(88025, 1622, 0, 11, -2583, -1799, 12.014, 0.333, 0, 0, 0, 0, 1800, 100, 1),
(88026, 1622, 0, 11, -3517, -1753, 25.275, 1.366, 0, 0, 0, 0, 1800, 100, 1),
(88027, 1622, 0, 11, -3571, -1867, 29.949, 3.188, 0, 0, 0, 0, 1800, 100, 1),
(88028, 1622, 0, 11, -3562, -1819, 26.293, 2.815, 0, 0, 0, 0, 1800, 100, 1),
(88029, 1622, 0, 11, -2853, -2192, 29.451, 5.481, 0, 0, 0, 0, 1800, 100, 1),
(88030, 1622, 0, 11, -2866, -2237, 29.444, 5.367, 0, 0, 0, 0, 1800, 100, 1),
(88031, 1622, 0, 11, -3867, -3144, 19.397, 6.113, 0, 0, 0, 0, 1800, 100, 1),
(88032, 1622, 0, 11, -3755, -3166, 28.8821, 4.593, 0, 0, 0, 0, 1800, 100, 1),
(88033, 1622, 0, 11, -3978, -889, 8.013, 5.399, 0, 0, 0, 0, 1800, 100, 1),
(88034, 1622, 0, 11, -3145, -3276, 65.713, 0.977, 0, 0, 0, 0, 1800, 100, 1),
(88035, 1622, 0, 11, -3116, -3222, 65.79, 1.04, 0, 0, 0, 0, 1800, 100, 1),
(88036, 1622, 0, 11, -2938, -2680, 15.181, 1.338, 0, 0, 0, 0, 1800, 100, 1),
(88037, 1622, 0, 11, -2722, -2103, 48.82, 0.278, 0, 0, 0, 0, 1800, 100, 1),
(88038, 1622, 0, 11, -2774, -2169, 38.487, 5.94, 0, 0, 0, 0, 1800, 100, 1),
(88039, 1622, 0, 11, -3746, -933, 6.376, -1, 0, 0, -0.406737, 0.913545, 1800, 100, 1),
(88040, 1622, 0, 11, -3375, -1643, 13.615, 3.359, 0, 0, 0, 0, 1800, 100, 1),
(88041, 1622, 0, 11, -3380, -1883, 34.244, 1.656, 0, 0, 0, 0, 1800, 100, 1),
(88042, 1622, 0, 11, -2561, -1787, 12.918, 6.18, 0, 0, 0, 0, 1800, 100, 1),
(88043, 1622, 0, 11, -3986, -3136, 13.075, 5.014, 0, 0, 0, 0, 1800, 100, 1),
(88044, 1622, 0, 11, -2576, -2352, 86.601, 0.093, 0, 0, 0, 0, 1800, 100, 1),
(88045, 1622, 0, 11, -2628, -2373, 91.786, 0.223, 0, 0, 0, 0, 1800, 100, 1),
(88046, 1622, 0, 11, -3558, -2447, 54.2979, 3.038, 0, 0, 0, 0, 1800, 100, 1),
(88047, 1622, 0, 11, -4331.15, -2649.06, 96.4845, 3.31614, 0, 0, -0.996194, 0.087165, 1800, 100, 1),
(88048, 1622, 0, 11, -4334, -2858, 50.933, 3.199, 0, 0, 0, 0, 1800, 100, 1),
(88049, 1622, 0, 11, -4149, -2848, 18.906, 3.616, 0, 0, 0, 0, 1800, 100, 1),
(88050, 1622, 0, 11, -3853, -2393, 26.568, 1.318, 0, 0, 0, 0, 1800, 100, 1),
(88051, 1622, 0, 11, -3879, -2390, 26.334, 2.277, 0, 0, 0, 0, 1800, 100, 1),
(88052, 1622, 0, 11, -3966, -933, 24.511, 5.179, 0, 0, 0, 0, 1800, 100, 1),
(88053, 1622, 0, 11, -4005.84, -3157.24, 25.2231, 2.60054, 0, 0, 0.96363, 0.267241, 1800, 100, 1),
(88054, 1622, 0, 11, -3944, -937, 26.586, 5.194, 0, 0, 0, 0, 1800, 100, 1),
(88055, 1622, 0, 11, -2585.17, -2386.27, 80.2662, 5.32326, 0, 0, -0.461748, 0.887011, 1800, 100, 1),
(88056, 1622, 0, 11, -2750, -1846, 11.264, 3.038, 0, 0, 0, 0, 1800, 100, 1),
(88057, 1622, 0, 11, -3872.19, -2602.69, 52.5481, 2.14675, 0, 0, 0.878817, 0.47716, 1800, 100, 1),
(88058, 1622, 0, 11, -4292, -2978, 14.814, 3.4, 0, 0, 0, 0, 1800, 100, 1),
(88059, 1623, 0, 11, -3571.57, -2417.75, 75.7175, 1.25664, 0, 0, 0.587785, 0.809017, 1800, 255, 1),
(88060, 1622, 0, 11, -2853, -1470, 10.44, 3.626, 0, 0, 0, 0, 1800, 100, 1),
(88061, 1622, 0, 11, -3729, -913, 9.95, 5, 0, 0, 0, 0, 1800, 100, 1),
(88062, 1622, 0, 11, -3954, -936, 29.708, 5.159, 0, 0, 0, 0, 1800, 100, 1),
(88063, 1622, 0, 11, -3826, -1309, 29.601, 2.511, 0, 0, 0, 0, 1800, 100, 1),
(88064, 1623, 0, 11, -3517.36, -3438.22, 72.0767, 3.82227, 0, 0, -0.942641, 0.333808, 1800, 255, 1),
(88065, 1622, 0, 11, -3965, -901, 7.376, 5.52, 0, 0, 0, 0, 1800, 100, 1),
(88066, 1622, 0, 11, -2606, -2371, 80.476, 0, 0, 0, 0.190809, -0.981627, 1800, 100, 1),
(88067, 1622, 0, 11, -2783, -1840, 11.257, 5.858, 0, 0, 0, 0, 1800, 100, 1),
(88068, 1622, 0, 11, -3786, -1352, 29.796, 3.708, 0, 0, 0, 0, 1800, 100, 1),
(88069, 1622, 0, 11, -2650, -2379, 90.689, 2.909, 0, 0, 0, 0, 1800, 100, 1),
(88070, 1622, 0, 11, -3724, -929, 7.031, 5, 0, 0, 0, 0, 1800, 100, 1),
(88071, 1622, 0, 11, -3037, -2963, 33.0661, 1.679, 0, 0, 0, 0, 1800, 100, 1),
(88072, 1622, 0, 11, -3378, -2334, 59.583, 4.075, 0, 0, 0, 0, 1800, 100, 1),
(88073, 1622, 0, 11, -4181, -3090, 8.24563, 4.055, 0, 0, 0, 0, 1800, 100, 1),
(88074, 1623, 0, 11, -3598, -1910, 100.26, 5.13, 0, 0, 0, 0, 1800, 100, 1),
(88075, 1623, 0, 11, -3074, -3262, 99.637, 2.67, 0, 0, 0, 0, 1800, 100, 1),
(88076, 1623, 0, 11, -3084, -3144, 100.434, 6.224, 0, 0, 0, 0, 1800, 100, 1),
(88077, 1623, 0, 11, -3090, -3148, 99.588, 0.432, 0, 0, 0, 0, 1800, 100, 1),
(88078, 1623, 0, 11, -3496, -2266, 81.16, 5.997, 0, 0, 0, 0, 1800, 100, 1),
(88079, 1623, 0, 11, -2928, -3116, 96.421, 5.601, 0, 0, 0, 0, 1800, 100, 1),
(88080, 1623, 0, 11, -2578, -2277, 109.362, 1.768, 0, 0, 0, 0, 1800, 100, 1),
(88081, 1623, 0, 11, -3568, -1776, 76.735, 4.224, 0, 0, 0, 0, 1800, 100, 1),
(88082, 1624, 0, 11, -3936.86, -2670.8, 36.8535, 6.02139, 0, 0, -0.130526, 0.991445, 1800, 255, 1),
(88083, 1623, 0, 11, -2651, -2323, 103.558, 4.941, 0, 0, 0, 0, 1800, 100, 1),
(88084, 1623, 0, 11, -3617, -2458, 88.917, 3.402, 0, 0, 0, 0, 1800, 100, 1),
(88085, 1624, 0, 11, -3484.03, -2444.53, 47.452, 1.02974, 0, 0, 0.492423, 0.870356, 1800, 255, 1),
(88086, 1624, 0, 11, -3367.87, -3122.86, 25.0722, 4.76475, 0, 0, -0.688354, 0.725375, 1800, 255, 1),
(88087, 1623, 0, 11, -4191, -2350, 214.996, 3.433, 0, 0, 0, 0, 1800, 100, 1),
(88088, 1623, 0, 11, -2644, -1923, 64.576, 5.692, 0, 0, 0, 0, 1800, 100, 1),
(88089, 1623, 0, 11, -2714, -2797, 76.92, 1.527, 0, 0, 0, 0, 1800, 100, 1),
(88090, 1623, 0, 11, -2707, -2191, 76.668, 6.01, 0, 0, 0, 0, 1800, 100, 1),
(88091, 1623, 0, 11, -2671, -2425, 96.974, 2.557, 0, 0, 0, 0, 1800, 100, 1),
(88092, 1623, 0, 11, -3511, -2022, 167.15, 5.48, 0, 0, 0, 0, 1800, 100, 1),
(88093, 1623, 0, 11, -3458, -2558, 59.746, 4.713, 0, 0, 0, 0, 1800, 100, 1),
(88094, 1623, 0, 11, -3490, -1652, 62.908, 0.643, 0, 0, 0, 0, 1800, 100, 1),
(88095, 1623, 0, 11, -3392, -3466, 71.846, 5.085, 0, 0, 0, 0, 1800, 100, 1),
(88096, 1623, 0, 11, -3390, -3471, 72.477, 4.983, 0, 0, 0, 0, 1800, 100, 1),
(88097, 1623, 0, 11, -3084, -3266, 104.98, 2.67, 0, 0, 0, 0, 1800, 100, 1),
(88098, 1623, 0, 11, -3438, -2075, 112.214, 3.92, 0, 0, 0, 0, 1800, 100, 1),
(88099, 1623, 0, 11, -3274, -2231, 59.014, 1.754, 0, 0, 0, 0, 1800, 100, 1),
(88100, 1623, 0, 11, -3591.59, -2435.67, 87.8097, 4.11898, 0, 0, -0.882947, 0.469473, 1800, 100, 1),
(88101, 1623, 0, 11, -3378, -1746, 65.747, -3, 0, 0, -0.984808, 0.173648, 1800, 100, 1),
(88102, 1623, 0, 11, -2608, -1919, 68.502, 2.164, 0, 0, 0, 0, 1800, 100, 1),
(88103, 1623, 0, 11, -3611.91, -2615.64, 74.1496, 2.58308, 0, 0, 0.961261, 0.27564, 1800, 100, 1),
(88104, 1623, 0, 11, -2770, -2957, 75.088, 4.359, 0, 0, 0, 0, 1800, 100, 1),
(88105, 1623, 0, 11, -2776, -2945, 65.696, 4.33, 0, 0, 0, 0, 1800, 100, 1),
(88106, 1623, 0, 11, -3493, -3607, 75.854, 2.407, 0, 0, 0, 0, 1800, 100, 1),
(88107, 1623, 0, 11, -2644, -2327, 102.904, 6.062, 0, 0, 0, 0, 1800, 100, 1),
(88108, 1623, 0, 11, -2644, -2318, 103.196, 1.121, 0, 0, 0, 0, 1800, 100, 1),
(88109, 1623, 0, 11, -2713, -2201, 81.78, 4.769, 0, 0, 0, 0, 1800, 100, 1),
(88110, 1624, 0, 11, -2947.88, -2521.12, 28.3675, 2.09439, 0, 0, 0.866025, 0.500001, 1800, 100, 1),
(88111, 1624, 0, 11, -3155, -1146, 9.609, -1, 0, 0, -0.258819, 0.965926, 1800, 100, 1),
(88112, 1624, 0, 11, -3146, -1691, 9.801, 2.705, 0, 0, 0.976296, 0.21644, 1800, 100, 1),
(88113, 1624, 0, 11, -3985.61, -2900.04, 12.3601, 5.21854, 0, 0, -0.507538, 0.861629, 1800, 100, 1),
(88114, 1624, 0, 11, -3053, -1154, 9.176, 3.037, 0, 0, 0.99863, 0.052336, 1800, 100, 1),
(88115, 1624, 0, 11, -3054.71, -2842.83, 25.5066, 3.78737, 0, 0, -0.948323, 0.317306, 1800, 100, 1),
(88116, 1624, 0, 11, -3113, -2782, 23.162, 3.089, 0, 0, 0.999657, 0.026177, 1800, 100, 1),
(88117, 1624, 0, 11, -3645, -3078, 20.671, -2, 0, 0, -0.788011, 0.615661, 1800, 100, 1),
(88118, 1628, 0, 11, -2889, -2192, 25.437, 1.582, 0, 0, 0, 0, 1800, 100, 1),
(88119, 1628, 0, 11, -2874, -2189, 24.356, 1.309, 0, 0, 0, 0, 1800, 100, 1),
(88120, 1628, 0, 11, -2844, -2231, 30.748, 4.45, 0, 0, 0, 0, 1800, 100, 1),
(88121, 1628, 0, 11, -2852, -2202, 30.733, 4.043, 0, 0, 0, 0, 1800, 100, 1),
(88122, 1628, 0, 11, -2884, -2157, 25.291, 3.24, 0, 0, 0, 0, 1800, 100, 1),
(88123, 1628, 0, 11, -2853, -2194, 7.414, 1.623, 0, 0, 0.725374, 0.688355, 1800, 100, 1),
(88124, 1628, 0, 11, -2891, -2236, 24.956, 3.316, 0, 0, 0, 0, 1800, 100, 1),
(88125, 1628, 0, 11, -2862, -2173, 23.591, 6.013, 0, 0, 0, 0, 1800, 100, 1),
(88126, 1628, 0, 11, -2829, -2237, 16.315, 4.887, 0, 0, 0, 0, 1800, 100, 1),
(88127, 1628, 0, 11, -2826, -2202, 30.78, 1.465, 0, 0, 0, 0, 1800, 100, 1),
(88128, 2041, 0, 11, -3009.18, -2612.51, 7.93079, 0.104719, 0, 0, 0.0523357, 0.99863, 1800, 255, 1),
(88129, 2041, 0, 11, -3144.12, -2672.27, 7.48634, 1.41372, 0, 0, 0.649447, 0.760406, 1800, 255, 1),
(88130, 2041, 0, 11, -3024, -2232, 9.713, 3.224, 0, 0, 0, 0, 1800, 100, 1),
(88131, 2041, 0, 11, -3397, -2670, 8.433, 2.898, 0, 0, 0, 0, 1800, 100, 1),
(88132, 2041, 0, 11, -4068.79, -3029.04, 8.58876, 2.14675, 0, 0, 0.878817, 0.47716, 1800, 100, 1),
(88133, 2041, 0, 11, -3913, -2975, 10.116, 4.819, 0, 0, 0, 0, 1800, 100, 1),
(88134, 2041, 0, 11, -3817, -2949, 12.329, 0.283, 0, 0, 0, 0, 1800, 100, 1),
(88135, 2041, 0, 11, -3154, -2522, 9.363, 5.926, 0, 0, 0, 0, 1800, 100, 1),
(88136, 2041, 0, 11, -3077.74, -1994.21, 7.12134, 4.79966, 0, 0, -0.67559, 0.737278, 1800, 100, 1),
(88137, 2041, 0, 11, -3112, -2023, 7.922, 1.566, 0, 0, 0, 0, 1800, 100, 1),
(88138, 2041, 0, 11, -3496, -2733, 10.024, 1.481, 0, 0, 0, 0, 1800, 100, 1),
(88139, 2041, 0, 11, -3392, -2617, 10.2749, 1.583, 0, 0, 0, 0, 1800, 100, 1),
(88140, 2041, 0, 11, -3387, -2727, 14.2244, 0.813, 0, 0, 0, 0, 1800, 100, 1),
(88141, 2041, 0, 11, -3197, -2569, 11.4578, 0.562, 0, 0, 0, 0, 1800, 100, 1),
(88142, 2041, 0, 11, -3109, -2437, 13.188, 1.649, 0, 0, 0, 0, 1800, 100, 1),
(88143, 2041, 0, 11, -3336, -2614, 10.0961, 5.168, 0, 0, 0, 0, 1800, 100, 1),
(88144, 2041, 0, 11, -3027, -2356, 7.269, -3, 0, 0, -0.956305, 0.292372, 1800, 100, 1),
(88145, 2041, 0, 11, -3054.84, -2058.81, 6.85599, 1.51844, 0, 0, 0.688354, 0.725374, 1800, 100, 1),
(88146, 2041, 0, 11, -3085, -2253, 9.154, 3.895, 0, 0, 0, 0, 1800, 100, 1),
(88147, 2041, 0, 11, -2975, -2048, 8.877, 1.708, 0, 0, 0, 0, 1800, 100, 1),
(88148, 2041, 0, 11, -2947, -2274, 11.92, 6.149, 0, 0, 0, 0, 1800, 100, 1),
(88149, 2041, 0, 11, -2977, -2263, 8.197, 1.319, 0, 0, 0, 0, 1800, 100, 1),
(88150, 2041, 0, 11, -3024, -2328, 7.867, 0.808, 0, 0, 0, 0, 1800, 100, 1),
(88151, 2041, 0, 11, -2985, -2306, 9.425, 0.424, 0, 0, 0, 0, 1800, 100, 1),
(88152, 2041, 0, 11, -3421.35, -2679.81, 7.33954, 4.59022, 0, 0, -0.748956, 0.66262, 1800, 100, 1),
(88153, 2041, 0, 11, -3066, -2442, 13.2602, 0.106, 0, 0, 0, 0, 1800, 100, 1),
(88154, 2041, 0, 11, -3200, -2495, 10.2414, 1.131, 0, 0, 0, 0, 1800, 100, 1),
(88155, 2041, 0, 11, -3007, -1028, 7.88, 2.95, 0, 0, 0.995396, 0.095846, 1800, 100, 1),
(88156, 2041, 0, 11, -3362, -2682, 11.381, 0.931, 0, 0, 0, 0, 1800, 100, 1),
(88157, 2041, 0, 11, -4173.95, -3015.97, 7.73034, 4.62512, 0, 0, -0.737277, 0.675591, 1800, 100, 1),
(88158, 2041, 0, 11, -3533, -2821, 10.51, 0.032, 0, 0, 0, 0, 1800, 100, 1),
(88159, 2045, 0, 11, -3612.66, -620.549, -13.8344, 0.471238, 0, 0, 0.233445, 0.97237, 900, 255, 1),
(88160, 2041, 0, 11, -3274, -2600, 9.34232, 0.11, 0, 0, 0, 0, 1800, 100, 1),
(88161, 2041, 0, 11, -2899, -1107, 7.51, 2.932, 0, 0, 0.994522, 0.104529, 1800, 100, 1),
(88162, 2041, 0, 11, -3025, -2148, 9.09128, 0.054, 0, 0, 0, 0, 1800, 100, 1),
(88163, 2041, 0, 11, -2947, -2101, 9.47183, 0.329, 0, 0, 0, 0, 1800, 100, 1),
(88164, 2041, 0, 11, -3026, -2048, 9.644, 2.854, 0, 0, 0, 0, 1800, 100, 1),
(88165, 2045, 0, 11, -2879.56, -1005.58, -13.1264, 0.558504, 0, 0, 0.275637, 0.961262, 900, 100, 1),
(88166, 2045, 0, 11, -3084.31, -886.973, -12.8226, 0.436332, 0, 0, 0.216439, 0.976296, 900, 100, 1),
(88167, 2045, 0, 11, -3037.93, -916.914, -12.4024, 5.01634, 0, 0, 0, 0, 900, 100, 1),
(88168, 2045, 0, 11, -2912.25, -999.585, -10.5843, 3.49266, 0, 0, 0, 0, 900, 100, 1),
(88169, 2045, 0, 11, -2922.64, -984.453, -12.3432, 1.13726, 0, 0, 0, 0, 900, 100, 1),
(88170, 2045, 0, 11, -2684.59, -1236.97, -12.058, 0.889074, 0, 0, 0, 0, 900, 100, 1),
(88171, 2045, 0, 11, -2580.94, -1582.16, -9.74381, 0.899287, 0, 0, 0, 0, 900, 100, 1),
(88172, 2045, 0, 11, -2516.76, -1687.61, -6.52556, 0.751633, 0, 0, 0, 0, 900, 100, 1),
(88173, 2045, 0, 11, -3142.77, -892.162, -12.188, 1.38309, 0, 0, 0, 0, 900, 100, 1),
(88174, 2045, 0, 11, -3196.57, -893.766, -11.5348, 1.28414, 0, 0, 0, 0, 900, 100, 1),
(88175, 2045, 0, 11, -3281.22, -891.152, -11.5119, 1.78286, 0, 0, 0, 0, 900, 100, 1),
(88176, 2045, 0, 11, -3365.24, -894.441, -10.7693, 3.51781, 0, 0, 0, 0, 900, 100, 1),
(88177, 2045, 0, 11, -3362.67, -959.299, -9.87401, 4.293, 0, 0, 0, 0, 900, 100, 1),
(88178, 2045, 0, 11, -3646.79, -658.191, -12.9027, 1.63678, 0, 0, 0, 0, 900, 100, 1),
(88179, 2045, 0, 11, -3729.16, -664.615, -12.1949, 2.1952, 0, 0, 0, 0, 900, 100, 1),
(88180, 2045, 0, 11, -3718.54, -606.296, -10.9116, 4.09587, 0, 0, 0, 0, 900, 100, 1),
(88181, 2045, 0, 11, -3896.34, -654.288, -12.1582, 5.64074, 0, 0, 0, 0, 900, 100, 1),
(88182, 2045, 0, 11, -3861.77, -715.225, -11.6047, 4.66763, 0, 0, 0, 0, 900, 100, 1),
(88183, 2045, 0, 11, -3865.11, -924.076, -14.7573, 4.10843, 0, 0, 0, 0, 900, 100, 1),
(88184, 2045, 0, 11, -3914.16, -828.988, -17.0246, 3.49346, 0, 0, 0, 0, 900, 100, 1),
(88185, 2041, 0, 11, -3197.96, -2636.1, 7.63684, 2.26892, 0, 0, 0.906307, 0.422619, 1800, 255, 1),
(88186, 2041, 0, 11, -3013.65, -2502.55, 8.11191, 3.87463, 0, 0, -0.93358, 0.358368, 1800, 255, 1),
(88187, 2045, 0, 11, -2625.47, -1382.11, -13.013, 1.16937, 0, 0, 0.551937, 0.833886, 900, 100, 1),
(88188, 1623, 0, 11, -3132.72, -3446.8, 96.0585, 0.733038, 0, 0, 0.358368, 0.93358, 1800, 100, 1),
(88189, 1622, 0, 11, -2457.81, -1801.09, 22.3228, -1.95477, 0, 0, 0.829038, -0.559193, 1800, 100, 1),
(88190, 1622, 0, 11, -3340.22, -3339.41, 72.8968, 2.80998, 0, 0, 0.986286, 0.165048, 1800, 100, 1),
(88191, 2045, 0, 11, -2499.31, -1646.44, -18.1167, -2.46091, 0, 0, 0.942641, -0.333807, 900, 100, 1),
(88192, 1623, 0, 11, -3068.83, -3253.29, 96.1506, 2.67035, 0, 0, 0.97237, 0.233445, 1800, 100, 1),
(88193, 1622, 0, 11, -4181.87, -2398.26, 203.792, -0.575959, 0, 0, 0.284015, -0.95882, 1800, 100, 1),
(88194, 1624, 0, 11, -3223.84, -3318.02, 65.2047, -2.1293, 0, 0, 0.87462, -0.48481, 1800, 100, 1),
(88195, 2045, 0, 11, -2476.97, -1599.02, -28.1826, 1.01229, 0, 0, 0.48481, 0.87462, 900, 100, 1),
(88196, 2045, 0, 11, -2588.7, -1428.89, -13.5747, 2.16421, 0, 0, 0.882948, 0.469472, 900, 100, 1),
(88197, 1623, 0, 11, -2615.1, -1922.73, 64.7283, -1.02974, 0, 0, 0.492424, -0.870356, 1800, 100, 1),
(88198, 1620, 0, 11, -2842.04, -2909.95, 32.5237, 1.23918, 0, 0, 0.580703, 0.814116, 900, 100, 1),
(88199, 1623, 0, 11, -3259.82, -3580.93, 95.729, 2.19912, 0, 0, 0.891007, 0.453991, 1800, 100, 1),
(88200, 1628, 0, 11, -2817.75, -2199.98, 6.92762, 1.36136, 0, 0, 0.62932, 0.777146, 1800, 100, 1),
(88201, 1623, 0, 11, -4211.01, -2335.32, 218.296, -2.77507, 0, 0, 0.983255, -0.182235, 1800, 100, 1),
(88202, 1621, 0, 11, -2810.53, -2833.07, 40.2654, -2.30383, 0, 0, 0.913545, -0.406737, 900, 100, 1),
(88203, 1622, 0, 11, -3831.92, -1310.2, 34.3048, 5.20108, 0, 0, -0.515038, 0.857168, 300, 100, 1),
(88204, 1622, 0, 11, -2740.24, -2134.26, 58.2439, -2.23402, 0, 0, 0.898794, -0.438371, 1800, 100, 1),
(88205, 1622, 0, 11, -3886.87, -1078.15, 24.5511, 2.09439, 0, 0, 0.866025, 0.500001, 300, 100, 1),
(88206, 1621, 0, 11, -3411.19, -2446.53, 52.3617, -0.314159, 0, 0, 0.156434, -0.987688, 900, 100, 1),
(88207, 1622, 0, 11, -4165.95, -2839.81, 42.5641, 2.07694, 0, 0, 0.861629, 0.507538, 1800, 100, 1),
(88208, 1623, 0, 11, -3430.34, -1680.18, 60.484, -1.32645, 0, 0, 0.615661, -0.788011, 1800, 100, 1),
(88209, 1623, 0, 11, -3404.46, -2482.33, 64.9267, -1.16937, 0, 0, 0.551937, -0.833886, 1800, 100, 1),
(88210, 1624, 0, 11, -3589.64, -3169.51, 23.2409, 0.087266, 0, 0, 0.043619, 0.999048, 1800, 100, 1),
(88211, 2041, 0, 11, -3081.23, -1696.38, 7.49874, 0.191986, 0, 0, 0.095846, 0.995396, 1800, 100, 1),
(88212, 1622, 0, 11, -3910.23, -3153.13, 29.1544, -2.14675, 0, 0, 0.878817, -0.477159, 1800, 100, 1),
(88213, 1620, 0, 11, -3916.91, -3123.76, 11.6013, -0.750491, 0, 0, 0.366501, -0.930418, 900, 100, 1),
(88214, 1622, 0, 11, -2641.7, -2342.63, 80.7016, 1.48353, 0, 0, 0.67559, 0.737277, 1800, 100, 1),
(88215, 1622, 0, 11, -3920.28, -1053.16, 28.3773, 2.70526, 0, 0, 0.976295, 0.216442, 300, 100, 1),
(88216, 1622, 0, 11, -3369.54, -2349.1, 64.4333, 6.0912, 0, 0, -0.0958452, 0.995396, 300, 100, 1),
(88217, 1620, 0, 11, -2887.84, -2607.84, 34.5861, 0.994838, 0, 0, 0.477159, 0.878817, 900, 100, 1),
(88218, 2045, 0, 11, -2787.07, -1084.6, -10.2416, 0.383972, 0, 0, 0.190809, 0.981627, 900, 100, 1),
(88219, 2045, 0, 11, -2716.76, -1004.08, -13.574, 0.244346, 0, 0, 0.121869, 0.992546, 900, 100, 1),
(88220, 2045, 0, 11, -3251.27, -810.866, -12.7597, -2.67035, 0, 0, 0.97237, -0.233445, 900, 100, 1),
(88221, 1620, 0, 11, -3073.53, -1413.23, 13.3846, 2.56563, 0, 0, 0.95882, 0.284015, 900, 100, 1),
(88222, 1621, 0, 11, -2819.47, -1382.97, 9.34242, 2.79253, 0, 0, 0.984808, 0.173648, 900, 100, 1),
(88223, 2041, 0, 11, -3109.12, -1046.52, 7.37424, -0.20944, 0, 0, 0.104528, -0.994522, 1800, 100, 1),
(88224, 1624, 0, 11, -2845.36, -2312.93, 39.5666, 0.925024, 0, 0, 0.446198, 0.894934, 1800, 100, 1),
(88225, 2041, 0, 11, -2669.78, -1718.53, 7.45277, 1.25664, 0, 0, 0.587785, 0.809017, 1800, 100, 1),
(88226, 2041, 0, 11, -2755.23, -1701.21, 7.25174, -2.9147, 0, 0, 0.993572, -0.113203, 1800, 100, 1),
(88227, 1623, 0, 11, -3508.58, -2015.3, 162.324, 2.56563, 0, 0, 0.95882, 0.284015, 1800, 100, 1),
(88228, 1621, 0, 11, -4299.13, -2916.84, 17.2092, -0.2618, 0, 0, 0.130526, -0.991445, 900, 100, 1),
(88229, 1620, 0, 11, -3973.08, -2979.68, 11.5823, 2.67035, 0, 0, 0.97237, 0.233445, 900, 100, 1),
(88230, 1620, 0, 11, -2575.95, -1723.57, 10.2074, 1.74533, 0, 0, 0.766044, 0.642788, 900, 100, 1),
(88231, 1624, 0, 11, -3059.9, -2906.27, 24.5318, -2.70526, 0, 0, 0.976296, -0.21644, 1800, 100, 1),
(88232, 1621, 0, 11, -3563.25, -3230.54, 24.8546, -0.191986, 0, 0, 0.095846, -0.995396, 900, 100, 1),
(88233, 1621, 0, 11, -3035.26, -2247.11, 9.08587, -2.53073, 0, 0, 0.953717, -0.300706, 900, 100, 1),
(88234, 1620, 0, 11, -3987.91, -2676.05, 33.9957, 1.48353, 0, 0, 0.67559, 0.737277, 900, 100, 1),
(88235, 2041, 0, 11, -2962.04, -2021.97, 7.17121, -1.0821, 0, 0, 0.515038, -0.857167, 1800, 100, 1),
(88236, 1624, 0, 11, -3874.19, -3066.98, 11.6484, 0.05236, 0, 0, 0.026177, 0.999657, 1800, 100, 1),
(88237, 1621, 0, 11, -2938.52, -2764.86, 22.7037, -1.09956, 0, 0, 0.522499, -0.85264, 900, 100, 1),
(88238, 1621, 0, 11, -3459.29, -3094.94, 21.5846, -2.11185, 0, 0, 0.870356, -0.492423, 900, 100, 1),
(88239, 1624, 0, 11, -3560.03, -3009.28, 11.2311, -0.942478, 0, 0, 0.453991, -0.891006, 1800, 100, 1),
(88240, 2041, 0, 11, -3623.08, -2946.4, 9.36331, -1.51844, 0, 0, 0.688354, -0.725374, 1800, 100, 1),
(88241, 2041, 0, 11, -3525.09, -2887.93, 7.20394, 1.91986, 0, 0, 0.819152, 0.573576, 1800, 100, 1),
(88242, 1621, 0, 11, -3700.66, -1328.36, 14.9534, -2.58309, 0, 0, 0.961262, -0.275637, 900, 100, 1),
(88243, 2045, 0, 11, -3682.4, -1183.56, -16.7963, -2.75762, 0, 0, 0.981627, -0.190809, 900, 100, 1),
(88244, 2045, 0, 11, -3395.73, -894.167, -12.7264, 2.09439, 0, 0, 0.866025, 0.5, 900, 100, 1),
(88245, 1624, 0, 11, -3023, -1846.98, 9.24139, -0.471239, 0, 0, 0.233445, -0.97237, 1800, 100, 1),
(88246, 1621, 0, 11, -2833.1, -1328.37, 8.95405, 5.86431, 0, 0, -0.207911, 0.978148, 300, 100, 1),
(88247, 1621, 0, 11, -3482.48, -2876.22, 9.41632, 6.03884, 0, 0, -0.121869, 0.992546, 300, 100, 1),
(88248, 1621, 0, 11, -3091.94, -2270.36, 9.32856, 1.8675, 0, 0, 0.803857, 0.594823, 300, 100, 1),
(88249, 1621, 0, 11, -3108, -2187.96, 9.23061, 4.04917, 0, 0, -0.898793, 0.438373, 300, 100, 1),
(88250, 1622, 0, 11, -2955.6, -2622.49, 24.2999, 0.383971, 0, 0, 0.190808, 0.981627, 300, 100, 1),
(88251, 2045, 0, 11, -2858.3, -954.056, -12.9198, 0.558505, 0, 0, 0.275637, 0.961262, 900, 100, 1),
(88252, 1624, 0, 11, -3068.15, -1011.72, 9.14604, 0.226893, 0, 0, 0.113203, 0.993572, 1800, 100, 1),
(88253, 1628, 0, 11, -2874.79, -2210.21, 23.7267, -1.79769, 0, 0, 0.782608, -0.622515, 1800, 100, 1),
(88254, 1622, 0, 11, -3376.8, -1552.47, 15.5004, -2.54818, 0, 0, 0.956305, -0.292372, 1800, 100, 1),
(88255, 1622, 0, 11, -3459.34, -1773.54, 16.2407, 1.72788, 0, 0, 0.760406, 0.649448, 1800, 100, 1),
(88256, 2041, 0, 11, -3731.34, -2897.29, 7.22989, 2.37365, 0, 0, 0.927184, 0.374607, 1800, 100, 1),
(88257, 1624, 0, 11, -2749.3, -1817.57, 9.69851, -1.74533, 0, 0, 0.766044, -0.642788, 1800, 100, 1),
(88258, 2041, 0, 11, -3126.9, -2231.18, 7.62603, 0.471239, 0, 0, 0.233445, 0.97237, 1800, 100, 1),
(88259, 2045, 0, 11, -3941.92, -842.802, -17.5498, 2.61799, 0, 0, 0.965926, 0.258819, 900, 100, 1),
(88260, 1621, 0, 11, -2931.52, -2068.53, 9.02546, -0.366519, 0, 0, 0.182236, -0.983255, 900, 100, 1),
(88261, 2045, 0, 11, -3685.6, -641.567, -10.7142, 1.69297, 0, 0, 0.748956, 0.66262, 900, 100, 1),
(88262, 1620, 0, 11, -3572.57, -1839.99, 26.6164, 0, 0, 0, 0, 1, 900, 100, 1),
(88263, 1621, 0, 11, -3087.76, -2009.68, 9.41214, 5.25344, 0, 0, -0.492423, 0.870356, 300, 100, 1),
(88264, 1628, 0, 11, -2851.66, -2234.82, 16.3133, 5.86431, 0, 0, -0.207911, 0.978148, 300, 100, 1),
(88265, 1624, 0, 11, -3175.66, -952.048, 9.59336, 0.383971, 0, 0, 0.190808, 0.981627, 300, 100, 1),
(88266, 1624, 0, 11, -3066.41, -2901.28, 24.6022, 4.32842, 0, 0, -0.829037, 0.559194, 300, 100, 1),
(88267, 1624, 0, 11, -3488.41, -1359.98, 11.2726, 0.628317, 0, 0, 0.309016, 0.951057, 300, 100, 1),
(88268, 1624, 0, 11, -3484.24, -2721.16, 10.8223, 0.698131, 0, 0, 0.34202, 0.939693, 300, 100, 1),
(88269, 1624, 0, 11, -3692.01, -3027.69, 14.4341, 0.663223, 0, 0, 0.325567, 0.945519, 300, 100, 1),
(88270, 1624, 0, 11, -3673.22, -2901.01, 12.9926, 5.93412, 0, 0, -0.173648, 0.984808, 300, 100, 1),
(88271, 1620, 0, 11, -3465.23, -2913.83, 12.7782, 1.98967, 0, 0, 0.83867, 0.54464, 300, 100, 1),
(88272, 1620, 0, 11, -2713.41, -1618.32, 10.448, 3.22886, 0, 0, -0.999048, 0.0436193, 300, 100, 1),
(88273, 1620, 0, 11, -3551.67, -2947.16, 11.5434, 0.226892, 0, 0, 0.113203, 0.993572, 300, 100, 1),
(88274, 2045, 0, 11, -3756.01, -1219.82, -30.9406, 6.14356, 0, 0, -0.0697556, 0.997564, 300, 100, 1),
(88275, 2045, 0, 11, -3006.93, -887.282, -11.8492, 2.53072, 0, 0, 0.953716, 0.300708, 300, 100, 1),
(88276, 2045, 0, 11, -3572.37, -1056.1, -14.5718, 3.10665, 0, 0, 0.999847, 0.0174693, 300, 100, 1),
(88277, 2045, 0, 11, -3946.65, -878.974, -13.3966, 2.44346, 0, 0, 0.939692, 0.34202, 300, 100, 1),
(88278, 2045, 0, 11, -3346.15, -641.562, -14.7581, 5.8294, 0, 0, -0.224951, 0.97437, 300, 100, 1),
(88279, 2045, 0, 11, -3526.34, -678.785, -12.1328, 0.174532, 0, 0, 0.0871553, 0.996195, 300, 100, 1),
(88280, 2045, 0, 11, -2523.04, -1413.89, -34.7353, 4.7822, 0, 0, -0.681998, 0.731354, 300, 100, 1),
(88281, 2045, 0, 11, -3514.47, -597.227, -17.3902, 0.610863, 0, 0, 0.300705, 0.953717, 300, 100, 1),
(88282, 2045, 0, 11, -3812.61, -585.994, -12.5451, 4.64258, 0, 0, -0.731354, 0.681998, 300, 100, 1),
(88283, 2045, 0, 11, -3877.74, -960.628, -14.7171, 5.16618, 0, 0, -0.529919, 0.848048, 300, 100, 1),
(88284, 2045, 0, 11, -3859.09, -992.411, -16.97, 6.17847, 0, 0, -0.0523357, 0.99863, 300, 100, 1),
(88285, 2045, 0, 11, -2740.34, -1026.76, -13.8492, 3.08918, 0, 0, 0.999657, 0.0262016, 300, 100, 1),
(88286, 2045, 0, 11, -2641.34, -1442.62, -12.4426, 0.244346, 0, 0, 0.121869, 0.992546, 300, 100, 1),
(88287, 2045, 0, 11, -2824.33, -910.341, -12.6657, 1.81514, 0, 0, 0.788011, 0.615662, 300, 100, 1),
(88288, 2045, 0, 11, -3499.15, -515.982, -24.5927, 6.10865, 0, 0, -0.0871553, 0.996195, 300, 100, 1),
(88289, 2045, 0, 11, -2539.89, -1574.41, -15.3704, 5.18363, 0, 0, -0.522498, 0.85264, 300, 100, 1),
(88290, 2045, 0, 11, -3746.37, -1147.42, -32.052, 6.17847, 0, 0, -0.0523357, 0.99863, 300, 100, 1),
(88291, 2045, 0, 11, -3683.3, -1085.2, -45.1089, 4.50295, 0, 0, -0.777145, 0.629321, 300, 100, 1),
(88292, 2045, 0, 11, -3441.99, -784.958, -9.7096, 5.68977, 0, 0, -0.292372, 0.956305, 300, 100, 1),
(88293, 2045, 0, 11, -3192.15, -886.947, -12.2207, 2.54818, 0, 0, 0.956305, 0.292372, 300, 100, 1),
(88294, 2045, 0, 11, -3317.57, -688.273, -11.7266, 5.86431, 0, 0, -0.207911, 0.978148, 300, 100, 1),
(88295, 2045, 0, 11, -2716.56, -1138.35, -6.98731, 5.5676, 0, 0, -0.350207, 0.936672, 300, 100, 1),
(88296, 2045, 0, 11, -2745.02, -1074.81, -10.3433, 5.88176, 0, 0, -0.199368, 0.979925, 300, 100, 1),
(88297, 2045, 0, 11, -3657.56, -540.877, -17.6931, 6.19592, 0, 0, -0.0436192, 0.999048, 300, 100, 1),
(88298, 1623, 0, 11, -2655.84, -2395.78, 98.9103, 3.49067, 0, 0, -0.984807, 0.173652, 300, 100, 1),
(88299, 1623, 0, 11, -3679.29, -3214.33, 58.8998, 6.21337, 0, 0, -0.0348988, 0.999391, 300, 100, 1),
(88300, 1623, 0, 11, -3411.73, -1955.3, 112.661, 5.86431, 0, 0, -0.207911, 0.978148, 300, 100, 1),
(88301, 1623, 0, 11, -2659.93, -2048.6, 76.8451, 5.20108, 0, 0, -0.515038, 0.857168, 300, 100, 1),
(88302, 2041, 0, 11, -3102.63, -1299.36, 7.84485, 3.6652, 0, 0, -0.965925, 0.258821, 300, 100, 1),
(88303, 2041, 0, 11, -3147.48, -1439.87, 7.53627, 2.67035, 0, 0, 0.972369, 0.233448, 300, 100, 1),
(88304, 2041, 0, 11, -3094.27, -2504.67, 8.32382, 4.46804, 0, 0, -0.788011, 0.615662, 300, 100, 1),
(88305, 2041, 0, 11, -3046.49, -2245.78, 7.35686, 3.87463, 0, 0, -0.93358, 0.358368, 300, 100, 1),
(88306, 1621, 0, 11, -3402.69, -3235.18, 23.3301, 4.10153, 0, 0, -0.887011, 0.461749, 900, 255, 1),
(88307, 1621, 0, 11, -4108.67, -3082.92, 10.0557, -1.39626, 0, 0, 0.642788, -0.766044, 900, 100, 1),
(88308, 1623, 0, 11, -3669.14, -2560.55, 74.454, -2.89725, 0, 0, 0.992546, -0.121869, 1800, 100, 1),
(88309, 1623, 0, 11, -3466.01, -2563.88, 61.5072, 2.96706, 0, 0, 0.996195, 0.087156, 1800, 100, 1),
(88310, 1621, 0, 11, -3433.37, -2286.1, 51.9849, 2.58309, 0, 0, 0.961262, 0.275637, 900, 100, 1),
(88311, 1620, 0, 11, -3363.26, -1794.07, 26.0834, -1.93731, 0, 0, 0.824126, -0.566406, 900, 100, 1),
(88312, 1622, 0, 11, -3375.99, -1849.47, 18.9603, -2.40855, 0, 0, 0.93358, -0.358368, 1800, 100, 1),
(88313, 1621, 0, 11, -3602.54, -1371.32, 12.2624, 1.48353, 0, 0, 0.67559, 0.737277, 900, 100, 1),
(88314, 1622, 0, 11, -3685.53, -1391.78, 30.311, 0.558505, 0, 0, 0.275637, 0.961262, 1800, 100, 1),
(88315, 1621, 0, 11, -3494.52, -1487.17, 9.14602, 1.32645, 0, 0, 0.615661, 0.788011, 300, 100, 1),
(88316, 1621, 0, 11, -3311.3, -2263.17, 51.8986, 4.99164, 0, 0, -0.601814, 0.798636, 300, 100, 1),
(88317, 1621, 0, 11, -4154.25, -2961.75, 12.0112, 4.17134, 0, 0, -0.870356, 0.492424, 300, 100, 1),
(88318, 2045, 0, 11, -3820.83, -690.69, -11.6346, 2.84489, 0, 0, 0.989016, 0.147809, 900, 100, 1),
(88319, 1622, 0, 11, -4009.57, -856.26, 28.7322, 1.09956, 0, 0, 0.522499, 0.85264, 1800, 100, 1),
(88320, 2045, 0, 11, -3922.7, -750.731, -16.4427, -2.74017, 0, 0, 0.979925, -0.199368, 900, 100, 1),
(88321, 2045, 0, 11, -3975.57, -814.71, -15.7574, -0.139626, 0, 0, 0.069756, -0.997564, 900, 100, 1),
(88322, 2045, 0, 11, -4068.29, -772.081, -15.1726, 3.49067, 0, 0, -0.984807, 0.173652, 300, 100, 1),
(88323, 1622, 0, 11, -2875.19, -1521.41, 9.38473, -0.890118, 0, 0, 0.430511, -0.902585, 1800, 100, 1),
(88324, 2045, 0, 11, -2586.9, -1507.23, -14.0206, 0.314159, 0, 0, 0.156434, 0.987688, 900, 100, 1),
(88325, 2045, 0, 11, -2628.22, -1494.79, -10.4608, 3.4034, 0, 0, -0.991445, 0.130528, 300, 100, 1),
(88326, 2045, 0, 11, -4040.65, -783.567, -13.2906, 0.122173, 0, 0, 0.0610485, 0.998135, 300, 100, 1),
(88327, 2045, 0, 11, -3940.99, -592.529, -10.591, -2.77507, 0, 0, 0.983255, -0.182235, 900, 100, 1),
(88328, 2045, 0, 11, -4089.89, -634.874, -12.8446, 6.0912, 0, 0, -0.0958452, 0.995396, 300, 100, 1),
(88329, 2045, 0, 11, -3796.78, -1050.54, -32.052, -1.13446, 0, 0, 0.5373, -0.843391, 900, 100, 1),
(88330, 1621, 0, 11, -3024.27, -2522.86, 9.51586, -2.84489, 0, 0, 0.989016, -0.147809, 900, 100, 1),
(88331, 2045, 0, 11, -3623, -1010.74, -32.052, 2.91469, 0, 0, 0.993571, 0.113208, 300, 100, 1),
(88332, 2045, 0, 11, -3800.95, -1161.6, -20.5933, 5.49779, 0, 0, -0.382683, 0.92388, 300, 100, 1),
(88333, 2041, 0, 11, -3900.1, -3014.22, 7.17964, 2.11185, 0, 0, 0.870356, 0.492424, 1800, 100, 1),
(88334, 1620, 0, 11, -4125.3, -3181.28, 13.1021, 0.017453, 0, 0, 0.008727, 0.999962, 900, 100, 1),
(88335, 1621, 0, 11, -3158.41, -2715.49, 10.3879, 1.09956, 0, 0, 0.522499, 0.85264, 900, 100, 1),
(88336, 1621, 0, 11, -3783.77, -2933.34, 11.6395, 1.0821, 0, 0, 0.515038, 0.857167, 900, 100, 1),
(88337, 1622, 0, 11, -4189.18, -3100.81, 26.2298, -0.349066, 0, 0, 0.173648, -0.984808, 1800, 100, 1),
(88338, 1621, 0, 11, -3067.73, -2692.13, 16.6828, 5.49779, 0, 0, -0.382683, 0.92388, 300, 100, 1),
(88339, 1620, 0, 11, -3263.8, -1156.58, 9.49935, 2.51327, 0, 0, 0.951057, 0.309017, 900, 100, 1),
(88340, 1621, 0, 11, -3380.85, -2549.54, 19.3933, -2.77507, 0, 0, 0.983255, -0.182235, 900, 100, 1),
(88341, 1622, 0, 11, -3986.58, -2605.34, 63.3832, -2.68781, 0, 0, 0.97437, -0.224951, 1800, 100, 1),
(88342, 1623, 0, 11, -3486.11, -1629.04, 54.0082, -0.366519, 0, 0, 0.182236, -0.983255, 1800, 100, 1),
(88343, 1622, 0, 11, -3456.5, -1510.45, 28.996, -2.56563, 0, 0, 0.95882, -0.284015, 1800, 100, 1),
(88344, 1624, 0, 11, -2874.88, -1185.42, 10.8165, 3.01942, 0, 0, 0.998135, 0.061049, 1800, 100, 1),
(88345, 1620, 0, 11, -2915.78, -1339.99, 9.14903, 0.15708, 0, 0, 0.078459, 0.996917, 900, 100, 1),
(88346, 1624, 0, 11, -2899.61, -1292.45, 9.66346, 1.88496, 0, 0, 0.809017, 0.587785, 1800, 100, 1),
(88347, 2041, 0, 11, -2731.62, -1562.32, 7.14171, -0.645772, 0, 0, 0.317305, -0.948324, 1800, 100, 1),
(88348, 2041, 0, 11, -2913.08, -1589.84, 7.25743, -1.25664, 0, 0, 0.587785, -0.809017, 1800, 100, 1),
(88349, 2041, 0, 11, -2784, -1662.3, 7.3956, -1.50098, 0, 0, 0.681998, -0.731354, 1800, 100, 1),
(88350, 1622, 0, 11, -2588.95, -1822.21, 28.4186, -0.575959, 0, 0, 0.284015, -0.95882, 1800, 100, 1),
(88351, 1621, 0, 11, -2691.68, -1849.43, 10.1395, -2.79253, 0, 0, 0.984808, -0.173648, 900, 100, 1),
(88352, 1624, 0, 11, -2924.11, -1349.44, 9.14602, 4.32842, 0, 0, -0.829037, 0.559194, 300, 100, 1),
(88353, 1622, 0, 11, -2713.54, -2050.41, 37.8379, -2.53073, 0, 0, 0.953717, -0.300706, 1800, 100, 1),
(88354, 2041, 0, 11, -2799.74, -1180.95, 8.3378, -2.94961, 0, 0, 0.995396, -0.095846, 1800, 100, 1),
(88355, 2045, 0, 11, -2631.51, -1035.74, -46.6925, 1.13446, 0, 0, 0.5373, 0.843391, 900, 100, 1),
(88356, 2045, 0, 11, -2627.82, -1190.51, -14.4644, -0.226893, 0, 0, 0.113203, -0.993572, 900, 100, 1),
(88357, 1628, 0, 11, -2808.46, -2242.54, 16.3167, 2.07694, 0, 0, 0.861629, 0.507538, 1800, 100, 1),
(88358, 1621, 0, 11, -2909.45, -2307.05, 14.6199, 2.47837, 0, 0, 0.945519, 0.325568, 900, 100, 1),
(88359, 1624, 0, 11, -2985.44, -2727.56, 12.5439, 0, 0, 0, 0, 1, 1800, 100, 1),
(88360, 1621, 0, 11, -3121.62, -2614.2, 9.623, -2.46091, 0, 0, 0.942641, -0.333807, 900, 100, 1),
(88361, 1620, 0, 11, -2807.56, -1419.77, 11.2288, 1.48353, 0, 0, 0.67559, 0.737278, 300, 100, 1),
(88362, 1620, 0, 11, -2827.41, -1577.76, 9.48537, 2.14675, 0, 0, 0.878817, 0.47716, 300, 100, 1),
(88363, 2041, 0, 11, -2923.68, -1244.04, 7.05653, 2.80998, 0, 0, 0.986285, 0.16505, 300, 100, 1),
(88364, 2041, 0, 11, -2848.54, -1301.96, 7.27921, 4.53786, 0, 0, -0.766044, 0.642789, 300, 100, 1),
(88365, 2041, 0, 11, -2739.23, -1328.33, 7.56998, 6.19592, 0, 0, -0.0436192, 0.999048, 300, 100, 1),
(88366, 2041, 0, 11, -2750.8, -1461.47, 7.20136, 0.715585, 0, 0, 0.350207, 0.936672, 300, 100, 1),
(88367, 1624, 0, 11, -3345.73, -2173.77, 42.9332, 1.46608, 0, 0, 0.669131, 0.743145, 1800, 100, 1),
(88368, 1620, 0, 11, -3475.37, -1883.48, 26.8199, -1.93731, 0, 0, 0.824126, -0.566406, 900, 100, 1),
(88369, 1624, 0, 11, -3229.36, -2942.28, 20.6132, -0.558505, 0, 0, 0.275637, -0.961262, 1800, 100, 1),
(88370, 1624, 0, 11, -3282.03, -3014.68, 23.2151, 2.72271, 0, 0, 0.978148, 0.207912, 1800, 100, 1),
(88371, 1624, 0, 11, -3335.34, -3094.7, 25.0433, 2.51327, 0, 0, 0.951057, 0.309017, 1800, 100, 1),
(88372, 1620, 0, 11, -3279.81, -3125.94, 22.2169, 1.02974, 0, 0, 0.492424, 0.870356, 900, 100, 1),
(88373, 1621, 0, 11, -3157.49, -3169.83, 64.8122, 2.70526, 0, 0, 0.976296, 0.21644, 900, 100, 1),
(88374, 1621, 0, 11, -3172.37, -3059.96, 22.3382, 2.65289, 0, 0, 0.970295, 0.241925, 300, 100, 1),
(88375, 1624, 0, 11, -3368.22, -2250.94, 51.8282, 4.53786, 0, 0, -0.766044, 0.642789, 300, 100, 1),
(88376, 1624, 0, 11, -3097.8, -2239.42, 9.85018, 6.00393, 0, 0, -0.139173, 0.990268, 300, 100, 1),
(88377, 1624, 0, 11, -3357.61, -2803.33, 17.5986, 2.67035, 0, 0, 0.972369, 0.233448, 300, 100, 1),
(88378, 1620, 0, 11, -3146.9, -3052.36, 23.1651, 4.53786, 0, 0, -0.766044, 0.642789, 300, 100, 1),
(88379, 1622, 0, 11, -3953.9, -930.859, 28.0154, -2.33874, 0, 0, 0.920505, -0.390731, 1800, 100, 1),
(88380, 1624, 0, 11, -2941.42, -1409.68, 10.1165, -0.523599, 0, 0, 0.258819, -0.965926, 1800, 100, 1),
(88381, 2045, 0, 11, -2655.07, -1339.36, -12.6774, -1.48353, 0, 0, 0.67559, -0.737277, 900, 100, 1),
(88382, 2041, 0, 11, -3389.46, -2702.66, 8.36749, 5.44543, 0, 0, -0.406736, 0.913546, 1800, 0, 1),
(88383, 2041, 0, 11, -2925.42, -2048.49, 7.02952, -3.12414, 0, 0, 0.999962, -0.008727, 1800, 100, 1),
(88384, 1624, 0, 11, -2820.1, -2086.7, 30.4687, -0.925024, 0, 0, 0.446198, -0.894934, 1800, 100, 1),
(88385, 1624, 0, 11, -2783.93, -1984.39, 26.1942, 5.20108, 0, 0, -0.515038, 0.857168, 300, 100, 1),
(88386, 1621, 0, 11, -3334.19, -2619.98, 10.2918, 1.6057, 0, 0, 0.719339, 0.694659, 900, 255, 1),
(88387, 1621, 0, 11, -3526.27, -2432.7, 56.1001, 3.38594, 0, 0, -0.992546, 0.12187, 900, 255, 1);

-- Loch Modan
DELETE FROM `pool_gameobject` WHERE `pool_entry` IN (952);
DELETE FROM `pool_template` WHERE `entry` IN (952);
DELETE FROM `gameobject` WHERE `guid` IN (537,538,539,546,578,579,597,607,608,651,652,653,654,655,656,657,703,709,710,712,770,771,810,857,858,881,882,884,885,886,887,888,889,890,891,893,902,903,972,1000,1052,1053,1054,1055,1063,1064,1065,1066,1093,1095,1151,1158,1159,1161,1181,1183,1184,1185,1219,1227,1238,1401,1406,1491,1494,1597,1659,1753,1824,1838,1904,2101,2169,2237,2239,2301,2309,2422,2656,2665,2693,2742,2929,2987,2988,3017,3018,3079,3113,3114,3158,3160,3162,3174,3175,3222,3267,3268,3319,3322,3338,3339,3411,3416,3456,3459,3499,3517,3526,3601,3604,3605,3712,3713,3725,3726,3727,3728,3729,3730,3733,3752,3753,3754,3758,3759,3805,3806,3807,3808,3809,3835,3870,3871,3872,3886,12757,12760,12761,12762,12766,12784,12785,12787,12789,12791,12815,12816,12819,12824,12837,12842,12848,12856,12859,12917,12929,13002,13014,13078,13109,13110,13111,13112,13113,13127,13134,13135,13228,13229,13234,13240,13245,13377,29976,29979,29980,29981,29990,30013,30014,30015,30016,30021,30043,30044,30045,30046,30047,30052,30058,30065,30070,30076,30097,33183,33189,33404,63256,63278,64943,65009,65010,65011,65012,65029,65031,65056,65059,85436,85439,87191,87218,87219,87220,87233,87246);

-- Vmangos pools: (1160,1161,1162,1163,1164,1165);
DELETE FROM `pool_template` WHERE `entry` BETWEEN 632 AND 637;
INSERT INTO `pool_template` (`entry`, `max_limit`, `description`) VALUES
(632, 9, 'Earthroot in Loch Modan'),
(633, 19, 'Peacebloom in Loch Modan'),
(634, 20, 'Silverleaf in Loch Modan'),
(635, 6, 'Mageroyal in Loch Modan'),
(636, 12, 'Bruiseweed in Loch Modan'),
(637, 5, 'Briarthorn in Loch Modan');

DELETE FROM `pool_gameobject` WHERE `guid` BETWEEN 84968 AND 85204;
INSERT INTO `pool_gameobject` (`guid`, `pool_entry`, `chance`, `description`) VALUES 
(84968, 634, 0, 'Silverleaf'),
(84969, 634, 0, 'Silverleaf'),
(84970, 634, 0, 'Silverleaf'),
(84971, 634, 0, 'Silverleaf'),
(84972, 634, 0, 'Silverleaf'),
(84973, 634, 0, 'Silverleaf'),
(84974, 634, 0, 'Silverleaf'),
(84975, 634, 0, 'Silverleaf'),
(84976, 634, 0, 'Silverleaf'),
(84977, 634, 0, 'Silverleaf'),
(84978, 634, 0, 'Silverleaf'),
(84979, 634, 0, 'Silverleaf'),
(84980, 634, 0, 'Silverleaf'),
(84981, 634, 0, 'Silverleaf'),
(84982, 634, 0, 'Silverleaf'),
(84983, 634, 0, 'Silverleaf'),
(84984, 634, 0, 'Silverleaf'),
(84985, 634, 0, 'Silverleaf'),
(84986, 634, 0, 'Silverleaf'),
(84987, 634, 0, 'Silverleaf'),
(84988, 634, 0, 'Silverleaf'),
(84989, 634, 0, 'Silverleaf'),
(84990, 634, 0, 'Silverleaf'),
(84991, 634, 0, 'Silverleaf'),
(84992, 634, 0, 'Silverleaf'),
(84993, 634, 0, 'Silverleaf'),
(84994, 634, 0, 'Silverleaf'),
(84995, 634, 0, 'Silverleaf'),
(84996, 634, 0, 'Silverleaf'),
(84997, 634, 0, 'Silverleaf'),
(84998, 634, 0, 'Silverleaf'),
(84999, 634, 0, 'Silverleaf'),
(85000, 634, 0, 'Silverleaf'),
(85001, 634, 0, 'Silverleaf'),
(85002, 634, 0, 'Silverleaf'),
(85003, 634, 0, 'Silverleaf'),
(85004, 634, 0, 'Silverleaf'),
(85005, 634, 0, 'Silverleaf'),
(85006, 634, 0, 'Silverleaf'),
(85007, 634, 0, 'Silverleaf'),
(85008, 634, 0, 'Silverleaf'),
(85009, 634, 0, 'Silverleaf'),
(85010, 634, 0, 'Silverleaf'),
(85011, 634, 0, 'Silverleaf'),
(85012, 634, 0, 'Silverleaf'),
(85013, 634, 0, 'Silverleaf'),
(85014, 634, 0, 'Silverleaf'),
(85015, 634, 0, 'Silverleaf'),
(85016, 634, 0, 'Silverleaf'),
(85017, 634, 0, 'Silverleaf'),
(85018, 634, 0, 'Silverleaf'),
(85019, 634, 0, 'Silverleaf'),
(85020, 634, 0, 'Silverleaf'),
(85021, 634, 0, 'Silverleaf'),
(85022, 634, 0, 'Silverleaf'),
(85023, 634, 0, 'Silverleaf'),
(85024, 634, 0, 'Silverleaf'),
(85025, 634, 0, 'Silverleaf'),
(85026, 633, 0, 'Peacebloom'),
(85027, 633, 0, 'Peacebloom'),
(85028, 633, 0, 'Peacebloom'),
(85029, 633, 0, 'Peacebloom'),
(85030, 632, 0, 'Earthroot'),
(85031, 632, 0, 'Earthroot'),
(85032, 632, 0, 'Earthroot'),
(85033, 635, 0, 'Mageroyal'),
(85034, 635, 0, 'Mageroyal'),
(85035, 635, 0, 'Mageroyal'),
(85036, 635, 0, 'Mageroyal'),
(85037, 635, 0, 'Mageroyal'),
(85038, 635, 0, 'Mageroyal'),
(85039, 635, 0, 'Mageroyal'),
(85040, 635, 0, 'Mageroyal'),
(85041, 635, 0, 'Mageroyal'),
(85042, 635, 0, 'Mageroyal'),
(85043, 635, 0, 'Mageroyal'),
(85044, 635, 0, 'Mageroyal'),
(85045, 637, 0, 'Briarthorn'),
(85046, 637, 0, 'Briarthorn'),
(85047, 637, 0, 'Briarthorn'),
(85048, 637, 0, 'Briarthorn'),
(85049, 637, 0, 'Briarthorn'),
(85050, 637, 0, 'Briarthorn'),
(85051, 636, 0, 'Bruiseweed'),
(85052, 636, 0, 'Bruiseweed'),
(85053, 636, 0, 'Bruiseweed'),
(85054, 636, 0, 'Bruiseweed'),
(85055, 636, 0, 'Bruiseweed'),
(85056, 636, 0, 'Bruiseweed'),
(85057, 636, 0, 'Bruiseweed'),
(85058, 636, 0, 'Bruiseweed'),
(85059, 636, 0, 'Bruiseweed'),
(85060, 636, 0, 'Bruiseweed'),
(85061, 636, 0, 'Bruiseweed'),
(85062, 636, 0, 'Bruiseweed'),
(85063, 636, 0, 'Bruiseweed'),
(85064, 636, 0, 'Bruiseweed'),
(85065, 636, 0, 'Bruiseweed'),
(85066, 636, 0, 'Bruiseweed'),
(85067, 636, 0, 'Bruiseweed'),
(85068, 636, 0, 'Bruiseweed'),
(85069, 636, 0, 'Bruiseweed'),
(85070, 636, 0, 'Bruiseweed'),
(85071, 636, 0, 'Bruiseweed'),
(85072, 636, 0, 'Bruiseweed'),
(85073, 636, 0, 'Bruiseweed'),
(85074, 636, 0, 'Bruiseweed'),
(85075, 636, 0, 'Bruiseweed'),
(85076, 636, 0, 'Bruiseweed'),
(85077, 636, 0, 'Bruiseweed'),
(85078, 636, 0, 'Bruiseweed'),
(85079, 636, 0, 'Bruiseweed'),
(85080, 636, 0, 'Bruiseweed'),
(85081, 636, 0, 'Bruiseweed'),
(85082, 636, 0, 'Bruiseweed'),
(85083, 636, 0, 'Bruiseweed'),
(85084, 636, 0, 'Bruiseweed'),
(85085, 636, 0, 'Bruiseweed'),
(85086, 636, 0, 'Bruiseweed'),
(85087, 636, 0, 'Bruiseweed'),
(85088, 636, 0, 'Bruiseweed'),
(85089, 636, 0, 'Bruiseweed'),
(85090, 636, 0, 'Bruiseweed'),
(85091, 636, 0, 'Bruiseweed'),
(85092, 636, 0, 'Bruiseweed'),
(85093, 636, 0, 'Bruiseweed'),
(85094, 636, 0, 'Bruiseweed'),
(85095, 636, 0, 'Bruiseweed'),
(85096, 636, 0, 'Bruiseweed'),
(85097, 636, 0, 'Bruiseweed'),
(85098, 636, 0, 'Bruiseweed'),
(85099, 634, 0, 'Silverleaf'),
(85100, 637, 0, 'Briarthorn'),
(85101, 632, 0, 'Earthroot'),
(85102, 632, 0, 'Earthroot'),
(85103, 636, 0, 'Bruiseweed'),
(85104, 636, 0, 'Bruiseweed'),
(85105, 635, 0, 'Mageroyal'),
(85106, 636, 0, 'Bruiseweed'),
(85107, 635, 0, 'Mageroyal'),
(85108, 636, 0, 'Bruiseweed'),
(85109, 637, 0, 'Briarthorn'),
(85110, 636, 0, 'Bruiseweed'),
(85111, 637, 0, 'Briarthorn'),
(85112, 634, 0, 'Silverleaf'),
(85113, 634, 0, 'Silverleaf'),
(85114, 635, 0, 'Mageroyal'),
(85115, 632, 0, 'Earthroot'),
(85116, 633, 0, 'Peacebloom'),
(85117, 632, 0, 'Earthroot'),
(85118, 634, 0, 'Silverleaf'),
(85119, 634, 0, 'Silverleaf'),
(85120, 633, 0, 'Peacebloom'),
(85121, 633, 0, 'Peacebloom'),
(85122, 637, 0, 'Briarthorn'),
(85123, 634, 0, 'Silverleaf'),
(85124, 634, 0, 'Silverleaf'),
(85125, 633, 0, 'Peacebloom'),
(85126, 635, 0, 'Mageroyal'),
(85127, 633, 0, 'Peacebloom'),
(85128, 633, 0, 'Peacebloom'),
(85129, 635, 0, 'Mageroyal'),
(85130, 637, 0, 'Briarthorn'),
(85131, 637, 0, 'Briarthorn'),
(85132, 634, 0, 'Silverleaf'),
(85133, 634, 0, 'Silverleaf'),
(85134, 634, 0, 'Silverleaf'),
(85135, 634, 0, 'Silverleaf'),
(85136, 634, 0, 'Silverleaf'),
(85137, 633, 0, 'Peacebloom'),
(85138, 633, 0, 'Peacebloom'),
(85139, 635, 0, 'Mageroyal'),
(85140, 635, 0, 'Mageroyal'),
(85141, 637, 0, 'Briarthorn'),
(85142, 637, 0, 'Briarthorn'),
(85143, 637, 0, 'Briarthorn'),
(85144, 637, 0, 'Briarthorn'),
(85145, 637, 0, 'Briarthorn'),
(85146, 637, 0, 'Briarthorn'),
(85147, 637, 0, 'Briarthorn'),
(85148, 637, 0, 'Briarthorn'),
(85149, 637, 0, 'Briarthorn'),
(85150, 636, 0, 'Bruiseweed'),
(85151, 636, 0, 'Bruiseweed'),
(85152, 636, 0, 'Bruiseweed'),
(85153, 636, 0, 'Bruiseweed'),
(85154, 632, 0, 'Earthroot'),
(85155, 635, 0, 'Mageroyal'),
(85156, 635, 0, 'Mageroyal'),
(85157, 635, 0, 'Mageroyal'),
(85158, 635, 0, 'Mageroyal'),
(85159, 635, 0, 'Mageroyal'),
(85160, 633, 0, 'Peacebloom'),
(85161, 633, 0, 'Peacebloom'),
(85162, 633, 0, 'Peacebloom'),
(85163, 634, 0, 'Silverleaf'),
(85164, 634, 0, 'Silverleaf'),
(85165, 634, 0, 'Silverleaf'),
(85166, 634, 0, 'Silverleaf'),
(85167, 634, 0, 'Silverleaf'),
(85168, 635, 0, 'Mageroyal'),
(85169, 635, 0, 'Mageroyal'),
(85170, 636, 0, 'Bruiseweed'),
(85171, 637, 0, 'Briarthorn'),
(85172, 637, 0, 'Briarthorn'),
(85173, 637, 0, 'Briarthorn'),
(85174, 635, 0, 'Mageroyal'),
(85175, 635, 0, 'Mageroyal'),
(85176, 633, 0, 'Peacebloom'),
(85177, 633, 0, 'Peacebloom'),
(85178, 637, 0, 'Briarthorn'),
(85179, 636, 0, 'Bruiseweed'),
(85180, 633, 0, 'Peacebloom'),
(85181, 635, 0, 'Mageroyal'),
(85182, 635, 0, 'Mageroyal'),
(85183, 634, 0, 'Silverleaf'),
(85184, 634, 0, 'Silverleaf'),
(85185, 634, 0, 'Silverleaf'),
(85186, 633, 0, 'Peacebloom'),
(85187, 634, 0, 'Silverleaf'),
(85188, 635, 0, 'Mageroyal'),
(85189, 635, 0, 'Mageroyal'),
(85190, 635, 0, 'Mageroyal'),
(85191, 637, 0, 'Briarthorn'),
(85192, 637, 0, 'Briarthorn'),
(85193, 634, 0, 'Silverleaf'),
(85194, 634, 0, 'Silverleaf'),
(85195, 634, 0, 'Silverleaf'),
(85196, 632, 0, 'Earthroot'),
(85197, 637, 0, 'Briarthorn'),
(85198, 632, 0, 'Earthroot'),
(85199, 635, 0, 'Mageroyal'),
(85200, 635, 0, 'Mageroyal'),
(85201, 635, 0, 'Mageroyal'),
(85202, 634, 0, 'Silverleaf'),
(85203, 633, 0, 'Peacebloom'),
(85204, 633, 0, 'Peacebloom');

DELETE FROM `gameobject` WHERE `zoneId`=38 AND `guid` BETWEEN 84968 AND 85204;
INSERT INTO `gameobject` (`guid`, `id`, `map`, `zoneId`, `position_x`, `position_y`, `position_z`, `orientation`, `rotation0`, `rotation1`, `rotation2`, `rotation3`, `spawntimesecs`, `animprogress`, `state`) VALUES
(84968, 1617, 0, 38, -5145, -3430, 297.715, 0.823, 0, 0, 0, 0, 900, 100, 1),
(84969, 1617, 0, 38, -5019, -3489, 299.133, 5.959, 0, 0, 0, 0, 900, 100, 1),
(84970, 1617, 0, 38, -5012, -3495, 301.964, 0.237, 0, 0, 0, 0, 900, 100, 1),
(84971, 1617, 0, 38, -4995, -3604, 298.548, 2.978, 0, 0, 0, 0, 900, 100, 1),
(84972, 1617, 0, 38, -4967, -3611, 299.149, 3.367, 0, 0, 0, 0, 900, 100, 1),
(84973, 1617, 0, 38, -4956, -3601, 297.204, 2.841, 0, 0, 0, 0, 900, 100, 1),
(84974, 1617, 0, 38, -4749.33, -3077.36, 313.461, 5.96903, 0, 0, -0.156434, 0.987688, 900, 255, 1),
(84975, 1617, 0, 38, -5131, -3404, 301.496, 1.957, 0, 0, 0, 0, 900, 100, 1),
(84976, 1617, 0, 38, -4884.1, -3106.54, 322.733, 2.1293, 0, 0, 0.874619, 0.48481, 900, 255, 1),
(84977, 1617, 0, 38, -5863, -3313, 294.324, 0.465, 0, 0, 0, 0, 900, 100, 1),
(84978, 1617, 0, 38, -5950, -3277, 281.47, 1.557, 0, 0, 0, 0, 900, 100, 1),
(84979, 1617, 0, 38, -5908, -3325, 290.878, 4.015, 0, 0, 0, 0, 900, 100, 1),
(84980, 1617, 0, 38, -5895, -3267, 292.339, 1.31, 0, 0, 0, 0, 900, 100, 1),
(84981, 1617, 0, 38, -5977, -3282, 275.877, 1.922, 0, 0, 0, 0, 900, 100, 1),
(84982, 1617, 0, 38, -5961, -3309, 277.01, 5.468, 0, 0, 0, 0, 900, 100, 1),
(84983, 1617, 0, 38, -5280.93, -2846.44, 345.207, 5.09636, 0, 0, -0.559193, 0.829038, 900, 100, 1),
(84984, 1617, 0, 38, -5295.13, -2777.47, 353.044, 1.27409, 0, 0, 0.594822, 0.803857, 900, 100, 1),
(84985, 1617, 0, 38, -4888, -3474, 300.524, 1.565, 0, 0, 0, 0, 900, 100, 1),
(84986, 1617, 0, 38, -4913, -3495, 299.134, 0.626, 0, 0, 0, 0, 900, 100, 1),
(84987, 1617, 0, 38, -5570, -3181, 329.772, 4.043, 0, 0, 0, 0, 900, 100, 1),
(84988, 1617, 0, 38, -4936, -3510, 299.385, 4.911, 0, 0, 0, 0, 900, 100, 1),
(84989, 1617, 0, 38, -4932, -3492, 303.838, 5.056, 0, 0, 0, 0, 900, 100, 1),
(84990, 1617, 0, 38, -5184, -3477, 303.748, 3.407, 0, 0, 0, 0, 900, 100, 1),
(84991, 1617, 0, 38, -5633, -3172, 322.573, 3.018, 0, 0, 0, 0, 900, 100, 1),
(84992, 1617, 0, 38, -5007, -3475, 304.351, 4.746, 0, 0, 0, 0, 900, 100, 1),
(84993, 1617, 0, 38, -4929, -3442, 307.984, 2.598, 0, 0, 0, 0, 900, 100, 1),
(84994, 1617, 0, 38, -5020, -3501, 298.823, 0.728, 0, 0, 0, 0, 900, 100, 1),
(84995, 1617, 0, 38, -5013, -3511, 299.288, 0.791, 0, 0, 0, 0, 900, 100, 1),
(84996, 1617, 0, 38, -5010, -3527, 297.932, 1.019, 0, 0, 0, 0, 900, 100, 1),
(84997, 1617, 0, 38, -5145, -3549, 303.671, 0.12, 0, 0, 0, 0, 900, 100, 1),
(84998, 1617, 0, 38, -5111, -3545, 299.713, 0.905, 0, 0, 0, 0, 900, 100, 1),
(84999, 1617, 0, 38, -4997, -3519, 300.775, 1.211, 0, 0, 0, 0, 900, 100, 1),
(85000, 1617, 0, 38, -5001, -3532, 297.916, 1.867, 0, 0, 0, 0, 900, 100, 1),
(85001, 1617, 0, 38, -4985, -3530, 297.697, 1.954, 0, 0, 0, 0, 900, 100, 1),
(85002, 1617, 0, 38, -4996, -3640, 304.514, 4.714, 0, 0, 0, 0, 900, 100, 1),
(85003, 1617, 0, 38, -5769, -3101, 321.022, 0.186, 0, 0, 0, 0, 900, 100, 1),
(85004, 1617, 0, 38, -5765, -3146, 325.02, 5.409, 0, 0, 0, 0, 900, 100, 1),
(85005, 1617, 0, 38, -5170, -3547, 300.803, 4.243, 0, 0, 0, 0, 900, 100, 1),
(85006, 1617, 0, 38, -5018, -3516, 297.614, 0.579, 0, 0, 0, 0, 900, 100, 1),
(85007, 1617, 0, 38, -5152, -3473, 304.914, 0.504, 0, 0, 0, 0, 900, 100, 1),
(85008, 1617, 0, 38, -5143, -3501, 303.413, 1.522, 0, 0, 0, 0, 900, 100, 1),
(85009, 1617, 0, 38, -5190, -3499, 301.198, 5.955, 0, 0, 0, 0, 900, 100, 1),
(85010, 1617, 0, 38, -5100, -3500, 301.367, 0.096, 0, 0, 0, 0, 900, 100, 1),
(85011, 1617, 0, 38, -5147, -3414, 301.479, 2.649, 0, 0, 0, 0, 900, 100, 1),
(85012, 1617, 0, 38, -5116, -3428, 301.306, 1.624, 0, 0, 0, 0, 900, 100, 1),
(85013, 1617, 0, 38, -5116, -3502, 297.73, 5.284, 0, 0, 0, 0, 900, 100, 1),
(85014, 1617, 0, 38, -5089, -3536, 300.541, 3.049, 0, 0, 0, 0, 900, 100, 1),
(85015, 1617, 0, 38, -4694.24, -2836.63, 324.716, 6.14356, 0, 0, -0.0697556, 0.997564, 900, 100, 1),
(85016, 1617, 0, 38, -4974, -3507, 304.135, 3.528, 0, 0, 0, 0, 900, 100, 1),
(85017, 1617, 0, 38, -4964, -3514, 303.509, 1.879, 0, 0, 0, 0, 900, 100, 1),
(85018, 1617, 0, 38, -4933, -3474, 310.712, 1.443, 0, 0, 0, 0, 900, 100, 1),
(85019, 1617, 0, 38, -4837.14, -2743.59, 326.137, 4.20625, 0, 0, -0.861628, 0.507539, 900, 255, 1),
(85020, 1617, 0, 38, -5443.69, -2982.44, 356.83, 5.86431, 0, 0, -0.207912, 0.978148, 900, 255, 1),
(85021, 1617, 0, 38, -5948, -2906, 368.162, 2.861, 0, 0, 0, 0, 900, 100, 1),
(85022, 1617, 0, 38, -5887, -3019, 336.995, 2.747, 0, 0, 0, 0, 900, 100, 1),
(85023, 1617, 0, 38, -5882, -3096, 333.706, 4.07, 0, 0, 0, 0, 900, 100, 1),
(85024, 1617, 0, 38, -5227.5, -2940.68, 341.919, 3.35105, 0, 0, -0.994521, 0.104536, 900, 100, 1),
(85025, 1617, 0, 38, -5846.57, -3094.73, 326.49, 0.139624, 0, 0, 0.0697556, 0.997564, 900, 100, 1),
(85026, 1618, 0, 38, -5895.03, -3603.39, 351.017, 5.02655, 0, 0, -0.587785, 0.809017, 900, 100, 1),
(85027, 1618, 0, 38, -4916.38, -3085, 315.933, 1.83259, 0, 0, 0.793353, 0.608762, 900, 100, 1),
(85028, 1618, 0, 38, -5589, -3680, 308.991, 2.251, 0, 0, 0.902585, 0.430511, 900, 100, 1),
(85029, 1618, 0, 38, -5335.43, -2800.35, 350.679, 2.93214, 0, 0, 0.994521, 0.104536, 900, 100, 1),
(85030, 1619, 0, 38, -5598.14, -2744.07, 375.994, 3.76991, 0, 0, -0.951056, 0.309017, 900, 100, 1),
(85031, 1619, 0, 38, -5521.8, -3031.14, 361.204, 0.942477, 0, 0, 0.45399, 0.891007, 900, 255, 1),
(85032, 1619, 0, 38, -5573, -2896, 381.446, 2.042, 0, 0, 0.85264, 0.522499, 900, 100, 1),
(85033, 1620, 0, 38, -4799.45, -3015.7, 305.452, 4.57276, 0, 0, -0.754709, 0.656059, 900, 255, 1),
(85034, 1620, 0, 38, -5042.01, -3358.18, 298.811, 5.48033, 0, 0, -0.390731, 0.920505, 900, 255, 1),
(85035, 1620, 0, 38, -5856.29, -3448.97, 318.345, 3.71755, 0, 0, -0.958819, 0.284016, 900, 255, 1),
(85036, 1620, 0, 38, -5011.31, -3508.53, 299.731, 0.95993, 0, 0, 0.461748, 0.887011, 900, 255, 1),
(85037, 1620, 0, 38, -5407.17, -2842.9, 349.277, 5.77704, 0, 0, -0.25038, 0.968148, 900, 255, 1),
(85038, 1620, 0, 38, -4992.66, -3306.73, 299.76, 5.65487, 0, 0, -0.309016, 0.951057, 900, 255, 1),
(85039, 1620, 0, 38, -5266.11, -3118.4, 300.486, 0.698131, 0, 0, 0.34202, 0.939693, 900, 100, 1),
(85040, 1620, 0, 38, -5097.52, -3121.19, 307.458, 2.23402, 0, 0, 0.898793, 0.438373, 900, 100, 1),
(85041, 1620, 0, 38, -5325.98, -3041.61, 327.224, 1.39626, 0, 0, 0.642787, 0.766045, 900, 100, 1),
(85042, 1620, 0, 38, -5357, -2736, 360.731, 0, 0, 0, -0.173648, 0.984808, 900, 100, 1),
(85043, 1620, 0, 38, -4896.99, -3304.25, 304.202, 1.51844, 0, 0, 0.688354, 0.725374, 900, 100, 1),
(85044, 1620, 0, 38, -5064.71, -3133.72, 299.455, 6.02139, 0, 0, -0.130526, 0.991445, 900, 100, 1),
(85045, 1621, 0, 38, -5259.97, -3520.82, 300.448, 6.07375, 0, 0, -0.104528, 0.994522, 900, 255, 1),
(85046, 1621, 0, 38, -5177.44, -3443.42, 304.83, 3.22886, 0, 0, -0.999048, 0.0436193, 900, 255, 1),
(85047, 1621, 0, 38, -5147.11, -3496.26, 304.571, 2.35619, 0, 0, 0.92388, 0.382683, 900, 255, 1),
(85048, 1621, 0, 38, -5835, -3871, 351.977, 0.471, 0, 0, 0.233445, 0.97237, 900, 100, 1),
(85049, 1621, 0, 38, -4874.16, -3374.26, 308.717, 1.3439, 0, 0, 0.622514, 0.782609, 900, 255, 1),
(85050, 1621, 0, 38, -4979, -4024, 299.403, -3, 0, 0, -0.99863, 0.052336, 900, 100, 1),
(85051, 1622, 0, 38, -5473, -3905, 342.582, 3.535, 0, 0, 0, 0, 1800, 100, 1),
(85052, 1622, 0, 38, -5057, -3901, 326.661, 4.861, 0, 0, 0, 0, 1800, 100, 1),
(85053, 1622, 0, 38, -5034, -3919, 314.959, 4.535, 0, 0, 0, 0, 1800, 100, 1),
(85054, 1622, 0, 38, -4907, -3974, 298.028, 1.567, 0, 0, 0, 0, 1800, 100, 1),
(85055, 1622, 0, 38, -4897, -3937, 298.983, 6.098, 0, 0, 0, 0, 1800, 100, 1),
(85056, 1622, 0, 38, -4975, -3767, 321.29, 6.169, 0, 0, 0, 0, 1800, 100, 1),
(85057, 1622, 0, 38, -4978, -3909, 304.521, 6.161, 0, 0, 0, 0, 1800, 100, 1),
(85058, 1622, 0, 38, -5643, -4245, 389.792, 3.825, 0, 0, 0, 0, 1800, 100, 1),
(85059, 1622, 0, 38, -4898, -3807, 306.383, 1.578, 0, 0, 0, 0, 1800, 100, 1),
(85060, 1622, 0, 38, -4904, -3800, 310.987, 1.912, 0, 0, 0, 0, 1800, 100, 1),
(85061, 1622, 0, 38, -4967, -3779, 323.319, 0.133, 0, 0, 0, 0, 1800, 100, 1),
(85062, 1622, 0, 38, -5051, -3887, 317.515, 4.791, 0, 0, 0, 0, 1800, 100, 1),
(85063, 1622, 0, 38, -5016, -3983, 303.837, 0.864, 0, 0, 0, 0, 1800, 100, 1),
(85064, 1622, 0, 38, -5131, -4138, 326.534, 6.009, 0, 0, 0, 0, 1800, 100, 1),
(85065, 1622, 0, 38, -5131, -3950, 322.621, 5.82, 0, 0, 0, 0, 1800, 100, 1),
(85066, 1622, 0, 38, -5133, -3912, 324.421, 6.024, 0, 0, 0, 0, 1800, 100, 1),
(85067, 1622, 0, 38, -5209, -4134, 330.111, 6.036, 0, 0, 0, 0, 1800, 100, 1),
(85068, 1622, 0, 38, -5081, -3870, 323.188, 0.586, 0, 0, 0, 0, 1800, 100, 1),
(85069, 1622, 0, 38, -5318, -3896, 343.824, 1.442, 0, 0, 0, 0, 1800, 100, 1),
(85070, 1622, 0, 38, -5302, -4170, 335.619, 4.827, 0, 0, 0, 0, 1800, 100, 1),
(85071, 1622, 0, 38, -5035, -3999, 306.466, 2.321, 0, 0, 0, 0, 1800, 100, 1),
(85072, 1622, 0, 38, -5150, -3969, 328.339, 5.671, 0, 0, 0, 0, 1800, 100, 1),
(85073, 1622, 0, 38, -4899, -4012, 303.256, 5.435, 0, 0, 0, 0, 1800, 100, 1),
(85074, 1622, 0, 38, -5168, -3917, 332.307, 1.811, 0, 0, 0, 0, 1800, 100, 1),
(85075, 1622, 0, 38, -5353, -3870, 335.143, 5.761, 0, 0, 0, 0, 1800, 100, 1),
(85076, 1622, 0, 38, -5364, -3914, 347.462, 0.668, 0, 0, 0, 0, 1800, 100, 1),
(85077, 1622, 0, 38, -4831, -3874, 303.709, 1.457, 0, 0, 0, 0, 1800, 100, 1),
(85078, 1622, 0, 38, -4941, -3751, 319.239, 4.528, 0, 0, 0, 0, 1800, 100, 1),
(85079, 1622, 0, 38, -4862, -3942, 305.206, 6.236, 0, 0, 0, 0, 1800, 100, 1),
(85080, 1622, 0, 38, -4864, -3923, 304.209, 1.661, 0, 0, 0, 0, 1800, 100, 1),
(85081, 1622, 0, 38, -5660, -4297, 406.502, 0.699, 0, 0, 0, 0, 1800, 100, 1),
(85082, 1622, 0, 38, -4969, -3881, 309.845, 1.119, 0, 0, 0, 0, 1800, 100, 1),
(85083, 1622, 0, 38, -5035, -3895, 313.427, 5.447, 0, 0, 0, 0, 1800, 100, 1),
(85084, 1622, 0, 38, -5548, -4015, 378.849, 1.567, 0, 0, 0, 0, 1800, 100, 1),
(85085, 1622, 0, 38, -5700, -4232, 388.675, 3.503, 0, 0, 0, 0, 1800, 100, 1),
(85086, 1622, 0, 38, -5465, -4107, 369.884, 6.095, 0, 0, 0, 0, 1800, 100, 1),
(85087, 1622, 0, 38, -5896.7, -4190.73, 404.729, 1.95477, 0, 0, 0.829038, 0.559193, 1800, 100, 1),
(85088, 1622, 0, 38, -5510, -4136, 376.081, 0.499, 0, 0, 0, 0, 1800, 100, 1),
(85089, 1622, 0, 38, -5323, -4021, 335.251, 2.624, 0, 0, 0, 0, 1800, 100, 1),
(85090, 1622, 0, 38, -5283, -3961, 336.16, 3.185, 0, 0, 0, 0, 1800, 100, 1),
(85091, 1622, 0, 38, -5320, -3929, 342.895, 3.7, 0, 0, 0, 0, 1800, 100, 1),
(85092, 1622, 0, 38, -5388, -3934, 348.761, 0.48, 0, 0, 0, 0, 1800, 100, 1),
(85093, 1622, 0, 38, -5375, -4015, 346.404, 0.711, 0, 0, 0, 0, 1800, 100, 1),
(85094, 1622, 0, 38, -5636, -4280, 406.693, 3.37, 0, 0, 0, 0, 1800, 100, 1),
(85095, 1622, 0, 38, -4994, -4069, 303.401, 5.333, 0, 0, 0, 0, 1800, 100, 1),
(85096, 1622, 0, 38, -5253, -4154, 339.979, 5.039, 0, 0, 0, 0, 1800, 100, 1),
(85097, 1622, 0, 38, -5182, -4125, 329.43, 5.573, 0, 0, 0, 0, 1800, 100, 1),
(85098, 1622, 0, 38, -5397, -3997, 347.087, 1.465, 0, 0, 0, 0, 1800, 100, 1),
(85099, 1617, 0, 38, -5108.3, -2945.94, 334.151, 5.77704, 0, 0, -0.25038, 0.968148, 900, 255, 1),
(85100, 1621, 0, 38, -5700.1, -4125.57, 387.346, -2.47837, 0, 0, 0.945519, -0.325568, 900, 100, 1),
(85101, 1619, 0, 38, -5715.38, -3083, 331.166, 3.10669, 0, 0, 0.999848, 0.017452, 900, 100, 1),
(85102, 1619, 0, 38, -5610.79, -3103.19, 367.001, -0.942478, 0, 0, 0.453991, -0.891006, 900, 100, 1),
(85103, 1622, 0, 38, -5299.55, -3966.82, 340.474, -1.90241, 0, 0, 0.814116, -0.580703, 1800, 100, 1),
(85104, 1622, 0, 38, -5023.25, -3982.92, 304.49, 2.54818, 0, 0, 0.956305, 0.292372, 1800, 100, 1),
(85105, 1620, 0, 38, -5602.32, -3811.95, 318.149, 0.977384, 0, 0, 0.469472, 0.882948, 900, 100, 1),
(85106, 1622, 0, 38, -5674.61, -4244.56, 394.191, -2.18166, 0, 0, 0.887011, -0.461749, 1800, 100, 1),
(85107, 1620, 0, 38, -4831.44, -3637.69, 300.802, -1.81514, 0, 0, 0.788011, -0.615661, 900, 100, 1),
(85108, 1622, 0, 38, -4825.2, -3967.19, 335.894, 2.32129, 0, 0, 0.91706, 0.398749, 1800, 100, 1),
(85109, 1621, 0, 38, -5278.94, -4121.98, 333.808, 1.3439, 0, 0, 0.622515, 0.782608, 900, 100, 1),
(85110, 1622, 0, 38, -5078.84, -3904.73, 338.264, 2.63545, 0, 0, 0.968148, 0.25038, 1800, 100, 1),
(85111, 1621, 0, 38, -5715.8, -3593.29, 315.573, 2.93215, 0, 0, 0.994522, 0.104528, 900, 100, 1),
(85112, 1617, 0, 38, -5881.22, -2822.22, 375.666, -1.16937, 0, 0, 0.551937, -0.833886, 900, 100, 1),
(85113, 1617, 0, 38, -5963.09, -2837.92, 381.288, 2.60054, 0, 0, 0.96363, 0.267238, 900, 100, 1),
(85114, 1620, 0, 38, -5502.61, -3469.22, 298.138, -2.86234, 0, 0, 0.990268, -0.139173, 900, 100, 1),
(85115, 1619, 0, 38, -5379.89, -2686.1, 376.639, 0.872665, 0, 0, 0.422618, 0.906308, 900, 100, 1),
(85116, 1618, 0, 38, -5905.55, -2566.78, 311.055, -2.33874, 0, 0, 0.920505, -0.390731, 900, 100, 1),
(85117, 1619, 0, 38, -5196.76, -2675.53, 353.386, -1.39626, 0, 0, 0.642788, -0.766044, 900, 100, 1),
(85118, 1617, 0, 38, -5552.93, -2725.95, 364.925, -2.3911, 0, 0, 0.930418, -0.366501, 900, 100, 1),
(85119, 1617, 0, 38, -5229.47, -2761.29, 340.098, 1.97222, 0, 0, 0.833886, 0.551937, 900, 100, 1),
(85120, 1618, 0, 38, -5866.74, -2914.91, 365.444, 1.65806, 0, 0, 0.737277, 0.67559, 900, 100, 1),
(85121, 1618, 0, 38, -5422.79, -3097.09, 352.976, 1.95477, 0, 0, 0.829038, 0.559193, 900, 100, 1),
(85122, 1621, 0, 38, -4766.45, -3552.82, 305.517, -2.77507, 0, 0, 0.983255, -0.182235, 900, 100, 1),
(85123, 1617, 0, 38, -5003.28, -2685.51, 325.382, 1.93731, 0, 0, 0.824126, 0.566406, 900, 100, 1),
(85124, 1617, 0, 38, -4924.98, -2681.7, 326.299, 0.925024, 0, 0, 0.446198, 0.894934, 900, 100, 1),
(85125, 1618, 0, 38, -5045.62, -2734.31, 341.608, -2.68781, 0, 0, 0.97437, -0.224951, 900, 100, 1),
(85126, 1620, 0, 38, -5888.27, -3958.87, 357.833, -0.314159, 0, 0, 0.156434, -0.987688, 900, 100, 1),
(85127, 1618, 0, 38, -5265.83, -3867.44, 332.13, -2.1293, 0, 0, 0.87462, -0.48481, 900, 100, 1),
(85128, 1618, 0, 38, -5399.68, -3866.64, 333.201, -0.506145, 0, 0, 0.25038, -0.968148, 900, 100, 1),
(85129, 1620, 0, 38, -5333.77, -4131.29, 335.081, 0.767945, 0, 0, 0.374607, 0.927184, 900, 100, 1),
(85130, 1621, 0, 38, -5338.93, -4044.69, 333.936, 3.03687, 0, 0, 0.99863, 0.052336, 900, 100, 1),
(85131, 1621, 0, 38, -5224.15, -3702.81, 309.254, -1.8326, 0, 0, 0.793353, -0.608761, 900, 100, 1),
(85132, 1617, 0, 38, -5125.4, -3068.8, 323.4, 1.69297, 0, 0, 0.748956, 0.66262, 900, 100, 1),
(85133, 1617, 0, 38, -4732.31, -2992.33, 316.601, -0.314159, 0, 0, 0.156434, -0.987688, 900, 100, 1),
(85134, 1617, 0, 38, -5042.68, -2767.99, 325.933, 0.767945, 0, 0, 0.374607, 0.927184, 900, 100, 1),
(85135, 1617, 0, 38, -5140.33, -2874.04, 331.892, -0.122173, 0, 0, 0.061049, -0.998135, 900, 100, 1),
(85136, 1617, 0, 38, -4792.08, -2593.88, 349.276, 2.53073, 0, 0, 0.953717, 0.300706, 900, 100, 1),
(85137, 1618, 0, 38, -4758.27, -2668.77, 331.509, -0.785398, 0, 0, 0.382683, -0.92388, 900, 100, 1),
(85138, 1618, 0, 38, -5082.65, -2985.96, 332.623, 1.3439, 0, 0, 0.622515, 0.782608, 900, 100, 1),
(85139, 1620, 0, 38, -5177.92, -3108.69, 308.081, -2.98451, 0, 0, 0.996917, -0.078459, 900, 100, 1),
(85140, 1620, 0, 38, -5462.62, -2837.71, 351.442, -2.09439, 0, 0, 0.866025, -0.5, 900, 100, 1),
(85141, 1621, 0, 38, -4966.77, -3511.53, 303.927, 3.28124, 0, 0, -0.997563, 0.0697661, 300, 100, 1),
(85142, 1621, 0, 38, -5798.29, -3770.72, 328.856, 0.872664, 0, 0, 0.422618, 0.906308, 300, 100, 1),
(85143, 1621, 0, 38, -5465.13, -3792.92, 316.026, 5.44543, 0, 0, -0.406736, 0.913546, 300, 100, 1),
(85144, 1621, 0, 38, -5155.06, -3708.79, 311.856, 1.16937, 0, 0, 0.551936, 0.833886, 300, 100, 1),
(85145, 1621, 0, 38, -5429.04, -3918.93, 341.433, 3.47321, 0, 0, -0.986285, 0.16505, 300, 100, 1),
(85146, 1621, 0, 38, -5714.1, -4068.01, 367.053, 0.226892, 0, 0, 0.113203, 0.993572, 300, 100, 1),
(85147, 1621, 0, 38, -5080.49, -3663.3, 308.979, 2.16421, 0, 0, 0.882947, 0.469473, 300, 100, 1),
(85148, 1621, 0, 38, -5541.32, -3704.88, 308.421, 5.11382, 0, 0, -0.551936, 0.833886, 300, 100, 1),
(85149, 1621, 0, 38, -5464.19, -3965.31, 347.369, 2.07694, 0, 0, 0.861629, 0.507539, 300, 100, 1),
(85150, 1622, 0, 38, -4989.58, -3872.57, 317.634, 1.91986, 0, 0, 0.819152, 0.573577, 300, 100, 1),
(85151, 1622, 0, 38, -5476.34, -3939.22, 354.36, 2.33874, 0, 0, 0.920505, 0.390732, 300, 100, 1),
(85152, 1622, 0, 38, -4774.1, -3937.35, 347.532, 0.767944, 0, 0, 0.374606, 0.927184, 300, 100, 1),
(85153, 1622, 0, 38, -5316.59, -3923.52, 340.157, 2.02458, 0, 0, 0.848047, 0.529921, 300, 100, 1),
(85154, 1619, 0, 38, -5469.14, -2707.13, 373.47, 5.41052, 0, 0, -0.422618, 0.906308, 300, 100, 1),
(85155, 1620, 0, 38, -5133.2, -3120.28, 305.114, 3.05433, 0, 0, 0.999048, 0.0436193, 300, 100, 1),
(85156, 1620, 0, 38, -5005.27, -3419.37, 303.401, 3.07177, 0, 0, 0.999391, 0.0349061, 300, 100, 1),
(85157, 1620, 0, 38, -5548.28, -4147.27, 376.306, 5.28835, 0, 0, -0.477159, 0.878817, 300, 100, 1),
(85158, 1620, 0, 38, -4949.69, -3498.08, 304.366, 6.03884, 0, 0, -0.121869, 0.992546, 300, 100, 1),
(85159, 1620, 0, 38, -5520.58, -3816.57, 324.065, 0.523598, 0, 0, 0.258819, 0.965926, 300, 100, 1),
(85160, 1618, 0, 38, -5165.76, -2766.13, 335.84, 0.418879, 0, 0, 0.207911, 0.978148, 300, 100, 1),
(85161, 1618, 0, 38, -5342.74, -3775.8, 310.231, 1.53589, 0, 0, 0.694658, 0.71934, 300, 100, 1),
(85162, 1618, 0, 38, -5499.95, -3748.77, 318.8, 1.97222, 0, 0, 0.833885, 0.551938, 300, 100, 1),
(85163, 1617, 0, 38, -4999.76, -2823.31, 323.514, 0.122173, 0, 0, 0.0610485, 0.998135, 300, 100, 1),
(85164, 1617, 0, 38, -5882.55, -2513.38, 307.529, 5.55015, 0, 0, -0.358368, 0.93358, 300, 100, 1),
(85165, 1617, 0, 38, -4916.39, -2793.79, 327.134, 6.16101, 0, 0, -0.0610485, 0.998135, 300, 100, 1),
(85166, 1617, 0, 38, -5156.2, -2807.7, 333.533, 3.63029, 0, 0, -0.970295, 0.241925, 300, 100, 1),
(85167, 1617, 0, 38, -5091.97, -2699.25, 340.265, 1.0472, 0, 0, 0.5, 0.866025, 300, 100, 1),
(85168, 1620, 0, 38, -5530.05, -3734.07, 318.923, 0.383972, 0, 0, 0.190809, 0.981627, 900, 100, 1),
(85169, 1620, 0, 38, -5430.76, -3878.28, 332.083, 6.16101, 0, 0, -0.0610485, 0.998135, 300, 100, 1),
(85170, 1622, 0, 38, -5385.37, -3911.91, 335.182, -1.50098, 0, 0, 0.681998, -0.731354, 1800, 100, 1),
(85171, 1621, 0, 38, -5253.37, -4036.28, 327.86, 0.069813, 0, 0, 0.034899, 0.999391, 900, 100, 1),
(85172, 1621, 0, 38, -5196.54, -3952.01, 332.173, -0.715585, 0, 0, 0.350207, -0.936672, 900, 100, 1),
(85173, 1621, 0, 38, -5183.13, -3836.33, 329.868, 4.10153, 0, 0, -0.887011, 0.461749, 300, 100, 1),
(85174, 1620, 0, 38, -5316.76, -3758.36, 310.217, 2.60054, 0, 0, 0.96363, 0.267241, 300, 100, 1),
(85175, 1620, 0, 38, -5601.12, -3600.26, 304.148, 3.35105, 0, 0, -0.994521, 0.104536, 300, 100, 1),
(85176, 1618, 0, 38, -5498.98, -3167.97, 346.123, -2.9147, 0, 0, 0.993572, -0.113203, 900, 100, 1),
(85177, 1618, 0, 38, -5640.9, -3202.46, 326.807, 3.59538, 0, 0, -0.97437, 0.224951, 300, 100, 1),
(85178, 1621, 0, 38, -4921.13, -3886.59, 303.857, 1.06465, 0, 0, 0.507538, 0.861629, 900, 100, 1),
(85179, 1622, 0, 38, -4915.41, -3785.78, 322.432, 1.01229, 0, 0, 0.48481, 0.87462, 1800, 100, 1),
(85180, 1618, 0, 38, -5000.06, -3667.08, 308.377, 0.994838, 0, 0, 0.477159, 0.878817, 900, 100, 1),
(85181, 1620, 0, 38, -4945.09, -3620.74, 299.462, 1.41372, 0, 0, 0.649448, 0.760406, 900, 100, 1),
(85182, 1620, 0, 38, -4751.33, -3146.34, 301.222, 0.122173, 0, 0, 0.061049, 0.998135, 900, 100, 1),
(85183, 1617, 0, 38, -4966.44, -3070.72, 320.412, -2.82743, 0, 0, 0.987688, -0.156434, 900, 100, 1),
(85184, 1617, 0, 38, -5046.05, -3013.4, 325.29, 1.23918, 0, 0, 0.580703, 0.814116, 900, 100, 1),
(85185, 1617, 0, 38, -4813.95, -2823.96, 326.671, 1.88496, 0, 0, 0.809017, 0.587785, 900, 100, 1),
(85186, 1618, 0, 38, -4751.03, -2784.29, 323.863, 1.32645, 0, 0, 0.615662, 0.788011, 900, 100, 1),
(85187, 1617, 0, 38, -5069.66, -2869.19, 330.151, 2.47837, 0, 0, 0.945519, 0.325568, 900, 100, 1),
(85188, 1620, 0, 38, -5471.05, -3511.75, 298.675, -2.53073, 0, 0, 0.953717, -0.300706, 900, 100, 1),
(85189, 1620, 0, 38, -5103.99, -3516.45, 298.615, -0.855212, 0, 0, 0.414693, -0.909961, 900, 100, 1),
(85190, 1620, 0, 38, -5820.7, -3810.71, 338.18, -0.10472, 0, 0, 0.052336, -0.99863, 900, 100, 1),
(85191, 1621, 0, 38, -5804.67, -4096.27, 383.188, 3.01942, 0, 0, 0.998135, 0.061049, 900, 100, 1),
(85192, 1621, 0, 38, -5807.98, -4171.35, 388.076, -3.05433, 0, 0, 0.999048, -0.043619, 900, 100, 1),
(85193, 1617, 0, 38, -5511.64, -2911.08, 359.775, -0.575959, 0, 0, 0.284015, -0.95882, 900, 100, 1),
(85194, 1617, 0, 38, -5754.79, -2887.25, 369.144, -0.05236, 0, 0, 0.026177, -0.999657, 900, 100, 1),
(85195, 1617, 0, 38, -5792.56, -2963.43, 374.455, -0.977384, 0, 0, 0.469472, -0.882948, 900, 100, 1),
(85196, 1619, 0, 38, -5921.04, -2998, 379.722, 0.261799, 0, 0, 0.130526, 0.991445, 900, 100, 1),
(85197, 1621, 0, 38, -4894.84, -3964.74, 297.991, 1.64061, 0, 0, 0.731353, 0.681999, 300, 100, 1),
(85198, 1619, 0, 38, -5995.92, -2776.57, 410.39, 2.51327, 0, 0, 0.951056, 0.309017, 300, 100, 1),
(85199, 1620, 0, 38, -5164.25, -3518.23, 297.873, 5.68977, 0, 0, -0.292372, 0.956305, 300, 100, 1),
(85200, 1620, 0, 38, -5234.17, -3462.64, 298.184, 1.5708, 0, 0, 0.707107, 0.707107, 300, 100, 1),
(85201, 1620, 0, 38, -5072.19, -3795.14, 310.585, 2.40855, 0, 0, 0.93358, 0.358368, 300, 100, 1),
(85202, 1617, 0, 38, -5158.43, -3009.92, 335.032, 0.314159, 0, 0, 0.156434, 0.987688, 900, 100, 1),
(85203, 1618, 0, 38, -5779.97, -3348.33, 304.483, 1.8326, 0, 0, 0.793353, 0.608761, 900, 100, 1),
(85204, 1618, 0, 38, -5782.84, -3418.18, 304.949, 0.907571, 0, 0, 0.438371, 0.898794, 900, 100, 1);

-- Searing Gorge
DELETE FROM `pool_gameobject` WHERE `pool_entry` IN (947);
DELETE FROM `pool_template` WHERE `entry` IN (947);
DELETE FROM `gameobject` WHERE `guid` IN (6964,7020,7021,7051,7225,9907,9916,9918,9980,10013,10025,10079,10176,12215,12217,12218,12219,12230,12239,12240,12243,12248,12265,12277,12298,12305,12310,12311,12315,12318,12319,12331,12333,13230,13232,13233,13238,13239,26705,31322,31339,32456,32707,32822,33413,39970,39971,61451,64861,86044,86045,86046,87162,87441);

-- Vmangos pools: (1291);
DELETE FROM `pool_template` WHERE `entry`=638;
INSERT INTO `pool_template` (`entry`, `max_limit`, `description`) VALUES
(638, 10, 'Firebloom in Searing Gorge');

DELETE FROM `pool_gameobject` WHERE `guid` BETWEEN 8396 AND 8461;
INSERT INTO `pool_gameobject` (`guid`, `pool_entry`, `chance`, `description`) VALUES 
(8396, 638, 0, 'Firebloom'),
(8397, 638, 0, 'Firebloom'),
(8398, 638, 0, 'Firebloom'),
(8399, 638, 0, 'Firebloom'),
(8400, 638, 0, 'Firebloom'),
(8401, 638, 0, 'Firebloom'),
(8402, 638, 0, 'Firebloom'),
(8403, 638, 0, 'Firebloom'),
(8404, 638, 0, 'Firebloom'),
(8405, 638, 0, 'Firebloom'),
(8406, 638, 0, 'Firebloom'),
(8407, 638, 0, 'Firebloom'),
(8408, 638, 0, 'Firebloom'),
(8409, 638, 0, 'Firebloom'),
(8410, 638, 0, 'Firebloom'),
(8411, 638, 0, 'Firebloom'),
(8412, 638, 0, 'Firebloom'),
(8413, 638, 0, 'Firebloom'),
(8414, 638, 0, 'Firebloom'),
(8415, 638, 0, 'Firebloom'),
(8416, 638, 0, 'Firebloom'),
(8417, 638, 0, 'Firebloom'),
(8418, 638, 0, 'Firebloom'),
(8419, 638, 0, 'Firebloom'),
(8420, 638, 0, 'Firebloom'),
(8421, 638, 0, 'Firebloom'),
(8422, 638, 0, 'Firebloom'),
(8423, 638, 0, 'Firebloom'),
(8424, 638, 0, 'Firebloom'),
(8425, 638, 0, 'Firebloom'),
(8426, 638, 0, 'Firebloom'),
(8427, 638, 0, 'Firebloom'),
(8428, 638, 0, 'Firebloom'),
(8429, 638, 0, 'Firebloom'),
(8430, 638, 0, 'Firebloom'),
(8431, 638, 0, 'Firebloom'),
(8432, 638, 0, 'Firebloom'),
(8433, 638, 0, 'Firebloom'),
(8434, 638, 0, 'Firebloom'),
(8435, 638, 0, 'Firebloom'),
(8436, 638, 0, 'Firebloom'),
(8437, 638, 0, 'Firebloom'),
(8438, 638, 0, 'Firebloom'),
(8439, 638, 0, 'Firebloom'),
(8440, 638, 0, 'Firebloom'),
(8441, 638, 0, 'Firebloom'),
(8442, 638, 0, 'Firebloom'),
(8443, 638, 0, 'Firebloom'),
(8444, 638, 0, 'Firebloom'),
(8445, 638, 0, 'Firebloom'),
(8446, 638, 0, 'Firebloom'),
(8447, 638, 0, 'Firebloom'),
(8448, 638, 0, 'Firebloom'),
(8449, 638, 0, 'Firebloom'),
(8450, 638, 0, 'Firebloom'),
(8451, 638, 0, 'Firebloom'),
(8452, 638, 0, 'Firebloom'),
(8453, 638, 0, 'Firebloom'),
(8454, 638, 0, 'Firebloom'),
(8455, 638, 0, 'Firebloom'),
(8456, 638, 0, 'Firebloom'),
(8457, 638, 0, 'Firebloom'),
(8458, 638, 0, 'Firebloom'),
(8459, 638, 0, 'Firebloom'),
(8460, 638, 0, 'Firebloom'),
(8461, 638, 0, 'Firebloom');

DELETE FROM `gameobject` WHERE `zoneId`=51 AND `guid` BETWEEN 8396 AND 8461;
INSERT INTO `gameobject` (`guid`, `id`, `map`, `zoneId`, `position_x`, `position_y`, `position_z`, `orientation`, `rotation0`, `rotation1`, `rotation2`, `rotation3`, `spawntimesecs`, `animprogress`, `state`) VALUES
(8396, 2866, 0, 51, -7157.07, -878.366, 308.115, -2.11185, 0, 0, 0.870356, -0.492423, 2700, 100, 1),
(8397, 2866, 0, 51, -6595.47, -1951.65, 246.016, 2.02458, 0, 0, 0.848048, 0.529919, 2700, 100, 1),
(8398, 2866, 0, 51, -6822.62, -1354.39, 169.359, 1.43117, 0, 0, 0.656059, 0.75471, 2700, 100, 1),
(8399, 2866, 0, 51, -7023.98, -1244.21, 241.016, 1.76278, 0, 0, 0.771625, 0.636078, 2700, 100, 1),
(8400, 2866, 0, 51, -7025.79, -1431.58, 243.451, -1.46608, 0, 0, 0.669131, -0.743145, 2700, 100, 1),
(8401, 2866, 0, 51, -6872.54, -1692.59, 247.038, 4.43314, 0, 0, -0.798635, 0.601815, 2700, 255, 1),
(8402, 2866, 0, 51, -7319.13, -934.882, 244.218, 3.194, 0, 0, -0.999657, 0.0262017, 2700, 255, 1),
(8403, 2866, 0, 51, -6270.63, -1969.46, 278.328, 0.139626, 0, 0, 0.069756, 0.997564, 2700, 100, 1),
(8404, 2866, 0, 51, -6782.32, -1227.55, 246.531, -1.3439, 0, 0, 0.622515, -0.782608, 2700, 100, 1),
(8405, 2866, 0, 51, -6539.22, -819.293, 306.806, -2.87979, 0, 0, 0.991445, -0.130526, 2700, 100, 1),
(8406, 2866, 0, 51, -6453.93, -925.881, 335.747, 2.46091, 0, 0, 0.942641, 0.333807, 2700, 100, 1),
(8407, 2866, 0, 51, -6861, -1197, 240.787, 0.14, 0, 0, 0.069756, 0.997564, 2700, 100, 1),
(8408, 2866, 0, 51, -6778, -1234, 246.762, -1, 0, 0, -0.622514, 0.782608, 2700, 100, 1),
(8409, 2866, 0, 51, -6946.54, -1624.95, 243.231, 3.78737, 0, 0, -0.948323, 0.317306, 2700, 100, 1),
(8410, 2866, 0, 51, -7162, -879, 306.121, -2, 0, 0, -0.870356, 0.492423, 2700, 100, 1),
(8411, 2866, 0, 51, -7006.21, -1482.54, 240.573, 4.97419, 0, 0, -0.608761, 0.793354, 2700, 100, 1),
(8412, 2866, 0, 51, -6843.69, -1887.06, 267.471, 3.00195, 0, 0, 0.997563, 0.0697661, 2700, 100, 1),
(8413, 2866, 0, 51, -6730.7, -1038.35, 240.145, 0.925024, 0, 0, 0.446198, 0.894935, 2700, 100, 1),
(8414, 2866, 0, 51, -7262, -864, 281.305, 0.087, 0, 0, 0.043619, 0.999048, 2700, 100, 1),
(8415, 2866, 0, 51, -7205, -1277, 248.812, -1, 0, 0, -0.430511, 0.902585, 2700, 100, 1),
(8416, 2866, 0, 51, -6790.12, -1645.66, 191.864, 1.43117, 0, 0, 0.656058, 0.75471, 2700, 100, 1),
(8417, 2866, 0, 51, -7117, -976.476, 253.64, 3.14159, 0, 0, -1, 0, 2700, 100, 1),
(8418, 2866, 0, 51, -6885.27, -1576.84, 245.108, 0.750491, 0, 0, 0.366501, 0.930418, 2700, 100, 1),
(8419, 2866, 0, 51, -7010.74, -970.94, 255.945, 4.93928, 0, 0, -0.622514, 0.782609, 2700, 100, 1),
(8420, 2866, 0, 51, -6907.64, -893.32, 245.551, 0.59341, 0, 0, 0.292371, 0.956305, 2700, 100, 1),
(8421, 2866, 0, 51, -7023, -982, 248.799, -1, 0, 0, -0.622514, 0.782608, 2700, 100, 1),
(8422, 2866, 0, 51, -6712.59, -840.098, 244.144, 0.820303, 0, 0, 0.398748, 0.91706, 2700, 100, 1),
(8423, 2866, 0, 51, -6817, -1358, 169.362, 1.431, 0, 0, 0.656059, 0.75471, 2700, 100, 1),
(8424, 2866, 0, 51, -6591, -1580, 272.252, -2, 0, 0, -0.824126, 0.566406, 2700, 100, 1),
(8425, 2866, 0, 51, -6532, -826, 307.85, -3, 0, 0, -0.991445, 0.130526, 2700, 100, 1),
(8426, 2866, 0, 51, -6598.16, -1173.59, 272.773, 4.10153, 0, 0, -0.887011, 0.461749, 2700, 100, 1),
(8427, 2866, 0, 51, -6538.63, -1680.26, 295.718, 2.75761, 0, 0, 0.981627, 0.190812, 2700, 100, 1),
(8428, 2866, 0, 51, -6745.17, -1379.43, 240.013, 4.72984, 0, 0, -0.700909, 0.713251, 300, 100, 1),
(8429, 2866, 0, 51, -6991.08, -1151.45, 241.569, 0.383971, 0, 0, 0.190808, 0.981627, 300, 100, 1),
(8430, 2866, 0, 51, -6807.83, -1768.91, 261.281, 2.09439, 0, 0, 0.866025, 0.500001, 300, 100, 1),
(8431, 2866, 0, 51, -6937.42, -1396.06, 169.355, 6.02139, 0, 0, -0.130526, 0.991445, 300, 100, 1),
(8432, 2866, 0, 51, -7275.81, -866.391, 294.072, 0.087266, 0, 0, 0.0436192, 0.999048, 300, 100, 1),
(8433, 2866, 0, 51, -7095.3, -1517.7, 242.911, 3.29869, 0, 0, -0.996917, 0.0784664, 300, 100, 1),
(8434, 2866, 0, 51, -7202.09, -1006.23, 244.447, 3.15906, 0, 0, -0.999962, 0.00873464, 300, 100, 1),
(8435, 2866, 0, 51, -7184.66, -1400.82, 241.753, 4.62512, 0, 0, -0.737277, 0.675591, 300, 100, 1),
(8436, 2866, 0, 51, -6495.32, -2012.69, 259.487, 6.23083, 0, 0, -0.0261765, 0.999657, 300, 100, 1),
(8437, 2866, 0, 51, -6865.87, -1192.69, 240.331, 0.139624, 0, 0, 0.0697556, 0.997564, 300, 100, 1),
(8438, 2866, 0, 51, -6814.45, -1554.32, 193.158, 6.02139, 0, 0, -0.130526, 0.991445, 300, 100, 1),
(8439, 2866, 0, 51, -6701.04, -1699.27, 214.545, 1.79769, 0, 0, 0.782608, 0.622515, 300, 100, 1),
(8440, 2866, 0, 51, -7245.29, -1302.97, 273.505, 5.39307, 0, 0, -0.430511, 0.902586, 300, 100, 1),
(8441, 2866, 0, 51, -6846.84, -1140.55, 240.004, 3.47321, 0, 0, -0.986285, 0.16505, 300, 100, 1),
(8442, 2866, 0, 51, -6886.74, -1017.65, 244.263, 0.122173, 0, 0, 0.061049, 0.998135, 2700, 100, 1),
(8443, 2866, 0, 51, -6821.65, -946.133, 240.209, -0.174533, 0, 0, 0.087156, -0.996195, 2700, 100, 1),
(8444, 2866, 0, 51, -6597.88, -894.268, 246.205, 2.68781, 0, 0, 0.97437, 0.224951, 2700, 100, 1),
(8445, 2866, 0, 51, -6587.79, -991.392, 245.393, 3.6652, 0, 0, -0.965925, 0.258821, 300, 100, 1),
(8446, 2866, 0, 51, -7221.24, -1565.34, 254.58, 3.00195, 0, 0, 0.997563, 0.0697661, 2700, 100, 1),
(8447, 2866, 0, 51, -7323.66, -1669.21, 286.824, 2.16421, 0, 0, 0.882947, 0.469473, 300, 100, 1),
(8448, 2866, 0, 51, -7316.47, -1566.92, 316.095, 1.25664, 0, 0, 0.587785, 0.809017, 300, 100, 1),
(8449, 2866, 0, 51, -7230.77, -1154.26, 258.973, -2.53073, 0, 0, 0.953717, -0.300706, 2700, 100, 1),
(8450, 2866, 0, 51, -7182.48, -1527.93, 241.124, 4.66003, 0, 0, -0.725374, 0.688355, 300, 100, 1),
(8451, 2866, 0, 51, -7165.78, -1647.65, 241.613, 4.53786, 0, 0, -0.766044, 0.642789, 300, 100, 1),
(8452, 2866, 0, 51, -6718.4, -944.373, 253.159, 1.32645, 0, 0, 0.615662, 0.788011, 2700, 100, 1),
(8453, 2866, 0, 51, -7208.97, -778.02, 327.742, 1.97222, 0, 0, 0.833886, 0.551937, 2700, 100, 1),
(8454, 2866, 0, 51, -7060.04, -1626.33, 251.445, 2.19912, 0, 0, 0.891007, 0.453991, 2700, 100, 1),
(8455, 2866, 0, 51, -7086.12, -1705.49, 241.405, 3.07177, 0, 0, 0.999391, 0.0349061, 300, 100, 1),
(8456, 2866, 0, 51, -7032.25, -1742.44, 246.392, 5.32326, 0, 0, -0.461748, 0.887011, 300, 100, 1),
(8457, 2866, 0, 51, -7176.88, -1728.41, 244.447, 2.51327, 0, 0, 0.951056, 0.309017, 300, 100, 1),
(8458, 2866, 0, 51, -7035.01, -1361.4, 243.32, -0.977384, 0, 0, 0.469472, -0.882948, 2700, 100, 1),
(8459, 2866, 0, 51, -6788.77, -1450.17, 171.192, 5.044, 0, 0, -0.580703, 0.814116, 2700, 0, 1),
(8460, 2866, 0, 51, -7081.08, -1059.23, 240.712, 1.32645, 0, 0, 0.615661, 0.788011, 2700, 0, 1),
(8461, 2866, 0, 51, -7091.08, -1143.13, 270.494, 3.35105, 0, 0, -0.994521, 0.104536, 300, 100, 1);

-- Badlands
DELETE FROM `pool_gameobject` WHERE `pool_entry` IN (998);
DELETE FROM `pool_template` WHERE `entry` IN (998);
DELETE FROM `gameobject` WHERE `guid` IN (3904,3913,3946,3964,3965,3991,4021,4029,4059,4061,4067,4096,4108,4112,4181,4183,4219,4276,4297,4321,4331,4336,4344,4352,4363,4378,4381,4386,4395,4421,4427,7553,7558,7565,7566,7583,7590,7602,7609,7626,7631,7638,7641,7649,7666,7693,7694,7700,7711,7739,7745,7746,7765,7771,7783,7821,7839,7844,7848,7849,7886,7891,7918,7927,7974,8000,8001,8007,8016,8031,8050,8082,8093,8113,8115,8129,8140,8141,8647,8653,8657,8658,8758,8767,8804,8807,8814,8823,8824,8825,8828,8829,8831,8859,8860,8864,8865,8866,8887,8888,8983,8985,9023,9076,9083,9125,9127,9130,9137,9170,9180,9188,9189,11421,11431,11438,11443,11444,11445,11446,11447,11449,11450,11451,11452,11463,11465,11466,11467,11468,11469,11477,11484,11487,11489,12223,12229,12253,12256,12257,12272,12275,12276,12283,12295,12306,12308,12328,12335,15792,15827,15849,15869,15891,15916,33406,33409,39959,39967,63373,63388,63389,65085,87271);

-- Vmangos pools: (1084,1281,1282,1283,1284,1285,1286);
DELETE FROM `pool_template` WHERE `entry` BETWEEN 639 AND 645;
INSERT INTO `pool_template` (`entry`, `max_limit`, `description`) VALUES
(639, 1, 'Wild Steelbloom in Badlands'),
(640, 7, 'Firebloom in Badlands'),
(641, 8, 'Khadgars Whisker in Badlands'),
(642, 13, 'Goldthorn in Badlands'),
(643, 7, 'Kingsblood in Badlands'),
(644, 9, 'Fadeleaf in Badlands'),
(645, 2, 'Purple Lotus in Badlands');

DELETE FROM `pool_gameobject` WHERE `guid` BETWEEN 82765 AND 82910;
INSERT INTO `pool_gameobject` (`guid`, `pool_entry`, `chance`, `description`) VALUES 
(82765, 639, 0, 'Wild Steelbloom'),
(82766, 639, 0, 'Wild Steelbloom'),
(82767, 639, 0, 'Wild Steelbloom'),
(82768, 643, 0, 'Kingsblood'),
(82769, 643, 0, 'Kingsblood'),
(82770, 643, 0, 'Kingsblood'),
(82771, 643, 0, 'Kingsblood'),
(82772, 643, 0, 'Kingsblood'),
(82773, 643, 0, 'Kingsblood'),
(82774, 643, 0, 'Kingsblood'),
(82775, 643, 0, 'Kingsblood'),
(82776, 643, 0, 'Kingsblood'),
(82777, 643, 0, 'Kingsblood'),
(82778, 643, 0, 'Kingsblood'),
(82779, 643, 0, 'Kingsblood'),
(82780, 643, 0, 'Kingsblood'),
(82781, 643, 0, 'Kingsblood'),
(82782, 644, 0, 'Fadeleaf'),
(82783, 644, 0, 'Fadeleaf'),
(82784, 644, 0, 'Fadeleaf'),
(82785, 644, 0, 'Fadeleaf'),
(82786, 644, 0, 'Fadeleaf'),
(82787, 644, 0, 'Fadeleaf'),
(82788, 644, 0, 'Fadeleaf'),
(82789, 644, 0, 'Fadeleaf'),
(82790, 644, 0, 'Fadeleaf'),
(82791, 644, 0, 'Fadeleaf'),
(82792, 644, 0, 'Fadeleaf'),
(82793, 644, 0, 'Fadeleaf'),
(82794, 644, 0, 'Fadeleaf'),
(82795, 644, 0, 'Fadeleaf'),
(82796, 644, 0, 'Fadeleaf'),
(82797, 644, 0, 'Fadeleaf'),
(82798, 644, 0, 'Fadeleaf'),
(82799, 644, 0, 'Fadeleaf'),
(82800, 644, 0, 'Fadeleaf'),
(82801, 641, 0, 'Khadgar\'s Whisker'),
(82802, 641, 0, 'Khadgar\'s Whisker'),
(82803, 641, 0, 'Khadgar\'s Whisker'),
(82804, 641, 0, 'Khadgar\'s Whisker'),
(82805, 641, 0, 'Khadgar\'s Whisker'),
(82806, 641, 0, 'Khadgar\'s Whisker'),
(82807, 641, 0, 'Khadgar\'s Whisker'),
(82808, 641, 0, 'Khadgar\'s Whisker'),
(82809, 641, 0, 'Khadgar\'s Whisker'),
(82810, 641, 0, 'Khadgar\'s Whisker'),
(82811, 641, 0, 'Khadgar\'s Whisker'),
(82812, 641, 0, 'Khadgar\'s Whisker'),
(82813, 641, 0, 'Khadgar\'s Whisker'),
(82814, 641, 0, 'Khadgar\'s Whisker'),
(82815, 641, 0, 'Khadgar\'s Whisker'),
(82816, 641, 0, 'Khadgar\'s Whisker'),
(82817, 641, 0, 'Khadgar\'s Whisker'),
(82818, 641, 0, 'Khadgar\'s Whisker'),
(82819, 641, 0, 'Khadgar\'s Whisker'),
(82820, 641, 0, 'Khadgar\'s Whisker'),
(82821, 642, 0, 'Goldthorn'),
(82822, 642, 0, 'Goldthorn'),
(82823, 642, 0, 'Goldthorn'),
(82824, 642, 0, 'Goldthorn'),
(82825, 642, 0, 'Goldthorn'),
(82826, 642, 0, 'Goldthorn'),
(82827, 642, 0, 'Goldthorn'),
(82828, 642, 0, 'Goldthorn'),
(82829, 642, 0, 'Goldthorn'),
(82830, 642, 0, 'Goldthorn'),
(82831, 642, 0, 'Goldthorn'),
(82832, 642, 0, 'Goldthorn'),
(82833, 642, 0, 'Goldthorn'),
(82834, 642, 0, 'Goldthorn'),
(82835, 642, 0, 'Goldthorn'),
(82836, 642, 0, 'Goldthorn'),
(82837, 642, 0, 'Goldthorn'),
(82838, 642, 0, 'Goldthorn'),
(82839, 642, 0, 'Goldthorn'),
(82840, 642, 0, 'Goldthorn'),
(82841, 642, 0, 'Goldthorn'),
(82842, 642, 0, 'Goldthorn'),
(82843, 642, 0, 'Goldthorn'),
(82844, 642, 0, 'Goldthorn'),
(82845, 642, 0, 'Goldthorn'),
(82846, 642, 0, 'Goldthorn'),
(82847, 642, 0, 'Goldthorn'),
(82848, 642, 0, 'Goldthorn'),
(82849, 642, 0, 'Goldthorn'),
(82850, 642, 0, 'Goldthorn'),
(82851, 643, 0, 'Kingsblood'),
(82852, 640, 0, 'Firebloom'),
(82853, 641, 0, 'Khadgar\'s Whisker'),
(82854, 642, 0, 'Goldthorn'),
(82855, 640, 0, 'Firebloom'),
(82856, 641, 0, 'Khadgar\'s Whisker'),
(82857, 642, 0, 'Goldthorn'),
(82858, 641, 0, 'Khadgar\'s Whisker'),
(82859, 644, 0, 'Fadeleaf'),
(82860, 644, 0, 'Fadeleaf'),
(82861, 642, 0, 'Goldthorn'),
(82862, 643, 0, 'Kingsblood'),
(82863, 645, 0, 'Purple Lotus'),
(82864, 643, 0, 'Kingsblood'),
(82865, 643, 0, 'Kingsblood'),
(82866, 642, 0, 'Goldthorn'),
(82867, 644, 0, 'Fadeleaf'),
(82868, 640, 0, 'Firebloom'),
(82869, 643, 0, 'Kingsblood'),
(82870, 641, 0, 'Khadgar\'s Whisker'),
(82871, 640, 0, 'Firebloom'),
(82872, 640, 0, 'Firebloom'),
(82873, 640, 0, 'Firebloom'),
(82874, 640, 0, 'Firebloom'),
(82875, 640, 0, 'Firebloom'),
(82876, 640, 0, 'Firebloom'),
(82877, 640, 0, 'Firebloom'),
(82878, 640, 0, 'Firebloom'),
(82879, 640, 0, 'Firebloom'),
(82880, 640, 0, 'Firebloom'),
(82881, 640, 0, 'Firebloom'),
(82882, 640, 0, 'Firebloom'),
(82883, 640, 0, 'Firebloom'),
(82884, 640, 0, 'Firebloom'),
(82885, 640, 0, 'Firebloom'),
(82886, 645, 0, 'Purple Lotus'),
(82887, 645, 0, 'Purple Lotus'),
(82888, 645, 0, 'Purple Lotus'),
(82889, 645, 0, 'Purple Lotus'),
(82890, 645, 0, 'Purple Lotus'),
(82891, 640, 0, 'Firebloom'),
(82892, 642, 0, 'Goldthorn'),
(82893, 642, 0, 'Goldthorn'),
(82894, 641, 0, 'Khadgars Whisker'),
(82895, 641, 0, 'Khadgars Whisker'),
(82896, 643, 0, 'Kingsblood'),
(82897, 643, 0, 'Kingsblood'),
(82898, 643, 0, 'Kingsblood'),
(82899, 643, 0, 'Kingsblood'),
(82900, 639, 0, 'Wild Steelbloom'),
(82901, 639, 0, 'Wild Steelbloom'),
(82902, 639, 0, 'Wild Steelbloom'),
(82903, 639, 0, 'Wild Steelbloom'),
(82904, 639, 0, 'Wild Steelbloom'),
(82905, 639, 0, 'Wild Steelbloom'),
(82906, 640, 0, 'Firebloom'),
(82907, 642, 0, 'Goldthorn'),
(82908, 643, 0, 'Kingsblood'),
(82909, 640, 0, 'Firebloom'),
(82910, 643, 0, 'Kingsblood');

DELETE FROM `gameobject` WHERE `zoneId`=3 AND `guid` BETWEEN 82765 AND 82910;
INSERT INTO `gameobject` (`guid`, `id`, `map`, `zoneId`, `position_x`, `position_y`, `position_z`, `orientation`, `rotation0`, `rotation1`, `rotation2`, `rotation3`, `spawntimesecs`, `animprogress`, `state`) VALUES
(82765, 1623, 0, 3, -6568.56, -2539.25, 297.132, 3.49067, 0, 0, -0.984807, 0.173652, 1800, 255, 1),
(82766, 1623, 0, 3, -6550.07, -3412.83, 283.882, 2.35619, 0, 0, 0.92388, 0.382683, 1800, 255, 1),
(82767, 1623, 0, 3, -6602.11, -2640.38, 268.07, 3.42085, 0, 0, -0.990268, 0.139175, 1800, 255, 1),
(82768, 1624, 0, 3, -6813.04, -2683.8, 241.826, 4.08407, 0, 0, -0.891007, 0.453991, 1800, 255, 1),
(82769, 1624, 0, 3, -6718.24, -3248.64, 240.744, 1.41372, 0, 0, 0.649447, 0.760406, 1800, 255, 1),
(82770, 1624, 0, 3, -7086.86, -2413.03, 243.603, 0.139624, 0, 0, 0.0697556, 0.997564, 1800, 100, 1),
(82771, 1624, 0, 3, -6447, -3315.48, 241.667, 2.91469, 0, 0, 0.993571, 0.113208, 1800, 100, 1),
(82772, 1624, 0, 3, -6616.12, -3272.91, 241.628, 0.541051, 0, 0, 0.267238, 0.963631, 1800, 100, 1),
(82773, 1624, 0, 3, -6886, -3549, 242.392, -2, 0, 0, -0.861629, 0.507538, 1800, 100, 1),
(82774, 1624, 0, 3, -7050.53, -2849.27, 242.1, 3.90954, 0, 0, -0.927183, 0.374608, 1800, 100, 1),
(82775, 1624, 0, 3, -7211, -2445, 247.345, 0, 0, 0, -0.026177, 0.999657, 1800, 100, 1),
(82776, 1624, 0, 3, -6085.17, -3316.07, 256.427, 3.57793, 0, 0, -0.976295, 0.216442, 1800, 100, 1),
(82777, 1624, 0, 3, -6713.75, -2715.18, 241.668, 4.43314, 0, 0, -0.798635, 0.601815, 1800, 100, 1),
(82778, 1624, 0, 3, -6950.24, -2351.53, 240.744, 0.855211, 0, 0, 0.414693, 0.909961, 1800, 100, 1),
(82779, 1624, 0, 3, -6788.19, -3120.44, 240.652, 1.90241, 0, 0, 0.814116, 0.580703, 1800, 100, 1),
(82780, 1624, 0, 3, -6783.38, -4044.25, 266.662, 0.523598, 0, 0, 0.258819, 0.965926, 1800, 100, 1),
(82781, 1624, 0, 3, -6815.46, -2875.63, 242.118, 2.33874, 0, 0, 0.920505, 0.390732, 1800, 100, 1),
(82782, 2042, 0, 3, -6731.13, -2966.87, 242.798, 3.99681, 0, 0, -0.909961, 0.414694, 1800, 100, 1),
(82783, 2042, 0, 3, -6490, -3644, 244.534, 1.307, 0, 0, 0, 0, 1800, 100, 1),
(82784, 2042, 0, 3, -7059.57, -3684.33, 244.418, 1.41372, 0, 0, 0.649447, 0.760406, 1800, 100, 1),
(82785, 2042, 0, 3, -7052, -3688, 244.131, 2.379, 0, 0, 0, 0, 1800, 100, 1),
(82786, 2042, 0, 3, -6692, -3348, 240.944, 4.417, 0, 0, 0, 0, 1800, 100, 1),
(82787, 2042, 0, 3, -6881.77, -3426.21, 243.933, 1.79769, 0, 0, 0.782608, 0.622515, 1800, 100, 1),
(82788, 2042, 0, 3, -6502, -3620, 259.996, -1, 0, 0, -0.275637, 0.961262, 1800, 100, 1),
(82789, 2042, 0, 3, -6528.05, -2963.68, 268.539, 4.88692, 0, 0, -0.642787, 0.766045, 1800, 100, 1),
(82790, 2042, 0, 3, -6632, -3681, 265.833, 2.822, 0, 0, 0, 0, 1800, 100, 1),
(82791, 2042, 0, 3, -6660, -3372, 257.289, 5.895, 0, 0, 0, 0, 1800, 100, 1),
(82792, 2042, 0, 3, -6980.8, -3664.64, 244.664, 1.8675, 0, 0, 0.803857, 0.594823, 1800, 100, 1),
(82793, 2042, 0, 3, -6637, -3680, 265.833, 2.822, 0, 0, 0, 0, 1800, 100, 1),
(82794, 2042, 0, 3, -6618.82, -3690.58, 265.84, 1.50098, 0, 0, 0.681998, 0.731354, 1800, 100, 1),
(82795, 2042, 0, 3, -6722.4, -3084.46, 282.649, 1.3439, 0, 0, 0.622514, 0.782609, 1800, 100, 1),
(82796, 2042, 0, 3, -6736, -3075, 263.58, 5.062, 0, 0, 0, 0, 1800, 100, 1),
(82797, 2042, 0, 3, -6517, -3609, 262.683, 3.1, 0, 0, 0, 0, 1800, 100, 1),
(82798, 2042, 0, 3, -6493, -3605, 273.152, 1.866, 0, 0, 0, 0, 1800, 100, 1),
(82799, 2042, 0, 3, -6968, -3486, 241.667, 4.867, 0, 0, 0, 0, 1800, 100, 1),
(82800, 2042, 0, 3, -6683.26, -3350.68, 242.174, 5.49779, 0, 0, -0.382683, 0.92388, 1800, 100, 1),
(82801, 2043, 0, 3, -7033.63, -2311, 252.41, 5.68977, 0, 0, -0.292372, 0.956305, 1800, 100, 1),
(82802, 2043, 0, 3, -6811, -2510, 244.441, 5.771, 0, 0, 0, 0, 1800, 100, 1),
(82803, 2043, 0, 3, -6766, -2616, 247.391, 6.128, 0, 0, 0, 0, 1800, 100, 1),
(82804, 2043, 0, 3, -6791, -3503, 243.601, -2, 0, 0, -0.939693, 0.34202, 1800, 100, 1),
(82805, 2043, 0, 3, -7178, -2205, 315.173, 3.312, 0, 0, 0, 0, 1800, 100, 1),
(82806, 2043, 0, 3, -6877.51, -2974.67, 241.777, 2.46091, 0, 0, 0.942641, 0.333808, 1800, 100, 1),
(82807, 2043, 0, 3, -6761, -2872, 242.26, 0.21, 0, 0, 0, 0, 1800, 100, 1),
(82808, 2043, 0, 3, -6738, -2883, 241.686, 6.21, 0, 0, 0, 0, 1800, 100, 1),
(82809, 2043, 0, 3, -6902.13, -2357.62, 240.485, 0.366518, 0, 0, 0.182235, 0.983255, 1800, 100, 1),
(82810, 2043, 0, 3, -6881.08, -2492.59, 246.156, 3.94445, 0, 0, -0.920505, 0.390732, 1800, 100, 1),
(82811, 2043, 0, 3, -6760, -2761, 242.502, 3.744, 0, 0, 0, 0, 1800, 100, 1),
(82812, 2043, 0, 3, -7158, -2263, 272.685, 3.03, 0, 0, 0.438371, 0.898794, 1800, 100, 1),
(82813, 2043, 0, 3, -6867, -2315, 246.008, 1.145, 0, 0, 0, 0, 1800, 100, 1),
(82814, 2043, 0, 3, -6803.79, -2829.65, 242.446, 0.925024, 0, 0, 0.446198, 0.894935, 1800, 100, 1),
(82815, 2043, 0, 3, -7082, -3368, 243.958, 2.252, 0, 0, 0, 0, 1800, 100, 1),
(82816, 2043, 0, 3, -7024, -2931, 241.678, 1.451, 0, 0, 0, 0, 1800, 100, 1),
(82817, 2043, 0, 3, -6757.96, -2769.66, 242.919, 2.30383, 0, 0, 0.913545, 0.406738, 1800, 100, 1),
(82818, 2043, 0, 3, -6862.68, -2684.03, 244.368, 4.83456, 0, 0, -0.66262, 0.748956, 1800, 100, 1),
(82819, 2043, 0, 3, -6652, -3417, 263.313, 0.485, 0, 0, 0, 0, 1800, 100, 1),
(82820, 2043, 0, 3, -6958, -3596, 241.667, 6.242, 0, 0, 0, 0, 1800, 100, 1),
(82821, 2046, 0, 3, -6627.56, -2827.04, 255.113, 3.194, 0, 0, -0.999657, 0.0262016, 1800, 100, 1),
(82822, 2046, 0, 3, -6607, -2537, 273.988, 3.165, 0, 0, 0, 0, 1800, 100, 1),
(82823, 2046, 0, 3, -6627, -2805, 257.292, 5.784, 0, 0, 0, 0, 1800, 100, 1),
(82824, 2046, 0, 3, -7204, -2273, 263.505, 0.512, 0, 0, 0, 0, 1800, 100, 1),
(82825, 2046, 0, 3, -6854, -3303, 268.484, 2.012, 0, 0, 0, 0, 1800, 100, 1),
(82826, 2046, 0, 3, -6822, -3136, 254.471, 4.715, 0, 0, 0, 0, 1800, 100, 1),
(82827, 2046, 0, 3, -7199.49, -2282.15, 256.879, 1.39626, 0, 0, 0.642787, 0.766045, 1800, 100, 1),
(82828, 2046, 0, 3, -7286, -2332, 270.346, 0, 0, 0, -0.008726, 0.999962, 1800, 100, 1),
(82829, 2046, 0, 3, -7253, -2394, 261.18, 1.96, 0, 0, 0, 0, 1800, 100, 1),
(82830, 2046, 0, 3, -7138, -2440, 245.513, 5.664, 0, 0, 0, 0, 1800, 100, 1),
(82831, 2046, 0, 3, -6633, -2609, 259.684, 2.952, 0, 0, 0, 0, 1800, 100, 1),
(82832, 2046, 0, 3, -6632, -2631, 261.941, 0.209, 0, 0, 0, 0, 1800, 100, 1),
(82833, 2046, 0, 3, -6927, -3107, 258.601, 6.05, 0, 0, 0, 0, 1800, 100, 1),
(82834, 2046, 0, 3, -7024, -3173, 262.487, 2.268, 0, 0, 0, 0, 1800, 100, 1),
(82835, 2046, 0, 3, -7020, -3166, 256.38, 2.628, 0, 0, 0, 0, 1800, 100, 1),
(82836, 2046, 0, 3, -7147, -2464, 252.563, 5.859, 0, 0, 0, 0, 1800, 100, 1),
(82837, 2046, 0, 3, -7151, -2434, 240.736, 4.246, 0, 0, 0, 0, 1800, 100, 1),
(82838, 2046, 0, 3, -7150, -2471, 256.003, 4.689, 0, 0, 0, 0, 1800, 100, 1),
(82839, 2046, 0, 3, -7041.4, -3283.15, 246.536, 4.4855, 0, 0, -0.782608, 0.622515, 1800, 100, 1),
(82840, 2046, 0, 3, -6649, -2645, 248.715, 0.635, 0, 0, 0, 0, 1800, 100, 1),
(82841, 2046, 0, 3, -6448, -3421, 229.71, 2.146, 0, 0, 0, 0, 1800, 100, 1),
(82842, 2046, 0, 3, -6447.5, -3366.45, 244.277, 4.08407, 0, 0, -0.891007, 0.453991, 1800, 100, 1),
(82843, 2046, 0, 3, -7243, -2386, 253.088, 0, 0, 0, -0.165047, 0.986286, 1800, 100, 1),
(82844, 2046, 0, 3, -6818, -3128, 249.138, 0.002, 0, 0, 0, 0, 1800, 100, 1),
(82845, 2046, 0, 3, -6641.55, -2623.45, 256.692, 4.13643, 0, 0, -0.878817, 0.47716, 1800, 100, 1),
(82846, 2046, 0, 3, -7139, -2427, 240.537, 3.629, 0, 0, 0, 0, 1800, 100, 1),
(82847, 2046, 0, 3, -7185, -2271, 266.009, 4.574, 0, 0, 0, 0, 1800, 100, 1),
(82848, 2046, 0, 3, -7181, -2286, 258.262, 5.876, 0, 0, 0, 0, 1800, 100, 1),
(82849, 2046, 0, 3, -6732.99, -3184.11, 249.668, 5.98648, 0, 0, -0.147809, 0.989016, 1800, 100, 1),
(82850, 2046, 0, 3, -6826.8, -3148.87, 261.128, 0.0349062, 0, 0, 0.0174522, 0.999848, 1800, 100, 1),
(82851, 1624, 0, 3, -6486.63, -4085.44, 263.889, 2.68781, 0, 0, 0.97437, 0.224951, 1800, 100, 1),
(82852, 2866, 0, 3, -7244.48, -2173.67, 294.868, 1.93731, 0, 0, 0.824126, 0.566406, 2700, 100, 1),
(82853, 2043, 0, 3, -7165.28, -2266.1, 272.069, 0.907571, 0, 0, 0.438371, 0.898794, 1800, 100, 1),
(82854, 2046, 0, 3, -7023.45, -3151.83, 260.034, -1.67552, 0, 0, 0.743145, -0.669131, 1800, 100, 1),
(82855, 2866, 0, 3, -7050.65, -3020.64, 241.244, 2.86234, 0, 0, 0.990268, 0.139173, 2700, 100, 1),
(82856, 2043, 0, 3, -6958.33, -3585.02, 241.667, 2.94961, 0, 0, 0.995396, 0.095846, 1800, 100, 1),
(82857, 2046, 0, 3, -7136.1, -2450.06, 252.14, 0.244346, 0, 0, 0.121869, 0.992546, 1800, 100, 1),
(82858, 2043, 0, 3, -6803.64, -2467.96, 255.746, -3.05433, 0, 0, 0.999048, -0.043619, 1800, 100, 1),
(82859, 2042, 0, 3, -6801.24, -3611.78, 244.945, -0.20944, 0, 0, 0.104528, -0.994522, 1800, 100, 1),
(82860, 2042, 0, 3, -6947.86, -3479.87, 242.477, 0.418879, 0, 0, 0.207912, 0.978148, 1800, 100, 1),
(82861, 2046, 0, 3, -6562.81, -3381.49, 277.232, 2.02458, 0, 0, 0.848048, 0.529919, 1800, 100, 1),
(82862, 1624, 0, 3, -7049.94, -3044.68, 241.517, -0.680679, 0, 0, 0.333807, -0.942641, 1800, 100, 1),
(82863, 142140, 0, 3, -6068.04, -3239.81, 259.059, -1.95477, 0, 0, 0.829038, -0.559193, 2700, 100, 1),
(82864, 1624, 0, 3, -6214.34, -3414.1, 239.039, -1.02974, 0, 0, 0.492424, -0.870356, 1800, 100, 1),
(82865, 1624, 0, 3, -6651.19, -2919.27, 241.667, -1.32645, 0, 0, 0.615661, -0.788011, 1800, 100, 1),
(82866, 2046, 0, 3, -6796.37, -2649.54, 244.431, -1.36136, 0, 0, 0.629321, -0.777146, 1800, 100, 1),
(82867, 2042, 0, 3, -6789.37, -3282.57, 243.792, -1.50098, 0, 0, 0.681998, -0.731354, 1800, 100, 1),
(82868, 2866, 0, 3, -6716.53, -2585.74, 241.754, -0.942478, 0, 0, 0.453991, -0.891006, 2700, 100, 1),
(82869, 1624, 0, 3, -6816.62, -3016.05, 241.667, -1.90241, 0, 0, 0.814116, -0.580703, 1800, 100, 1),
(82870, 2043, 0, 3, -7018.49, -2917.35, 241.667, -2.67035, 0, 0, 0.97237, -0.233445, 1800, 100, 1),
(82871, 2866, 0, 3, -6624, -3344, 251.097, 4.964, 0, 0, 0, 0, 2700, 100, 1),
(82872, 2866, 0, 3, -6713.47, -3580.06, 242.403, 1.91986, 0, 0, 0.819152, 0.573577, 2700, 100, 1),
(82873, 2866, 0, 3, -6848.68, -4146.1, 266.608, 2.86234, 0, 0, 0.990268, 0.139175, 2700, 100, 1),
(82874, 2866, 0, 3, -6946.8, -2451.77, 240.744, 5.21854, 0, 0, -0.507538, 0.861629, 2700, 100, 1),
(82875, 2866, 0, 3, -7082.95, -2750.59, 243.051, 4.60767, 0, 0, -0.743144, 0.669131, 2700, 100, 1),
(82876, 2866, 0, 3, -6784, -3415, 241.667, -3, 0, 0, -0.97237, 0.233445, 2700, 100, 1),
(82877, 2866, 0, 3, -7113.97, -3217.87, 241.667, 4.29351, 0, 0, -0.83867, 0.54464, 2700, 100, 1),
(82878, 2866, 0, 3, -6659, -2623, 247.929, 0.597, 0, 0, 0, 0, 2700, 100, 1),
(82879, 2866, 0, 3, -6596, -2637, 270.553, 4.999, 0, 0, 0, 0, 2700, 100, 1),
(82880, 2866, 0, 3, -6795, -3290, 242.967, 1.265, 0, 0, 0, 0, 2700, 100, 1),
(82881, 2866, 0, 3, -6849.17, -2749.58, 242.047, 4.06662, 0, 0, -0.894934, 0.446199, 2700, 100, 1),
(82882, 2866, 0, 3, -6551.81, -3283.03, 241.864, 2.11185, 0, 0, 0.870356, 0.492424, 2700, 100, 1),
(82883, 2866, 0, 3, -6819, -2836, 241.667, 2.216, 0, 0, 0, 0, 2700, 100, 1),
(82884, 2866, 0, 3, -6485.51, -3653.27, 244.496, 5.81195, 0, 0, -0.233445, 0.97237, 2700, 100, 1),
(82885, 2866, 0, 3, -6617, -3298, 245.128, 0.022, 0, 0, 0, 0, 2700, 100, 1),
(82886, 142140, 0, 3, -6103, -3212, 257.063, 4.446, 0, 0, 0, 0, 2700, 100, 1),
(82887, 142140, 0, 3, -6600.91, -2596.01, 267.721, 3.56047, 0, 0, -0.978148, 0.207912, 2700, 100, 1),
(82888, 142140, 0, 3, -6527.28, -3183.1, 259.257, 5.46288, 0, 0, -0.398748, 0.91706, 2700, 100, 1),
(82889, 142140, 0, 3, -6583, -3132, 345.184, 2.731, 0, 0, 0, 0, 2700, 100, 1),
(82890, 142140, 0, 3, -6451.54, -3418.86, 229.71, 2.00713, 0, 0, 0.843391, 0.5373, 2700, 100, 1),
(82891, 2866, 0, 3, -7291.14, -3161.81, 303.624, 3.12412, 0, 0, 0.999962, 0.00873464, 300, 100, 1),
(82892, 2046, 0, 3, -6921.44, -3104.99, 258.261, 1.27409, 0, 0, 0.594822, 0.803857, 300, 100, 1),
(82893, 2046, 0, 3, -6858.53, -3330.96, 245.336, 2.51327, 0, 0, 0.951056, 0.309017, 300, 100, 1),
(82894, 2043, 0, 3, -7038.73, -3109.59, 241.785, 0.0174525, 0, 0, 0.00872612, 0.999962, 300, 100, 1),
(82895, 2043, 0, 3, -6773.71, -2528.45, 243.776, 3.927, 0, 0, -0.923879, 0.382686, 300, 100, 1),
(82896, 1624, 0, 3, -6985.95, -2514.76, 243.313, 1.29154, 0, 0, 0.601814, 0.798636, 300, 100, 1),
(82897, 1624, 0, 3, -6949.4, -2819.11, 242.209, 5.98648, 0, 0, -0.147809, 0.989016, 300, 100, 1),
(82898, 1624, 0, 3, -6948.58, -2952.54, 241.874, 3.31614, 0, 0, -0.996194, 0.087165, 300, 100, 1),
(82899, 1624, 0, 3, -6719.54, -4116.39, 263.889, 3.01941, 0, 0, 0.998135, 0.0610518, 300, 100, 1),
(82900, 1623, 0, 3, -6519.87, -2397.08, 294.743, 2.9496, 0, 0, 0.995396, 0.0958512, 300, 100, 1),
(82901, 1623, 0, 3, -6456.49, -2473.7, 324.2, 2.00713, 0, 0, 0.843391, 0.5373, 300, 100, 1),
(82902, 1623, 0, 3, -7256.36, -3192.52, 293.308, 1.18682, 0, 0, 0.559193, 0.829038, 300, 100, 1),
(82903, 1623, 0, 3, -7264.99, -2188.65, 293.052, 2.65289, 0, 0, 0.970295, 0.241925, 300, 100, 1),
(82904, 1623, 0, 3, -7257.29, -3423.82, 294.898, 3.78737, 0, 0, -0.948323, 0.317306, 300, 100, 1),
(82905, 1623, 0, 3, -6628, -3368.33, 267.505, 3.24635, 0, 0, -0.998629, 0.0523532, 300, 100, 1),
(82906, 2866, 0, 3, -6683.87, -2915.99, 240.744, -0.645772, 0, 0, 0.317305, -0.948324, 2700, 100, 1),
(82907, 2046, 0, 3, -6612.58, -2531.59, 277.704, 0.15708, 0, 0, 0.078459, 0.996917, 1800, 100, 1),
(82908, 1624, 0, 3, -7046, -3581.79, 241.981, 2.54818, 0, 0, 0.956305, 0.292372, 1800, 0, 1),
(82909, 2866, 0, 3, -7316.03, -3449.29, 314.218, 0, 0, 0, 0, 0, 2700, 0, 1),
(82910, 1624, 0, 3, -7047.88, -3445.9, 244.803, 5.58505, 0, 0, -0.34202, 0.939693, 300, 100, 1);

-- Burning Steppes
DELETE FROM `pool_gameobject` WHERE `pool_entry` IN (50003);
DELETE FROM `pool_template` WHERE `entry` IN (50003);
DELETE FROM `gameobject` WHERE `guid` IN (4525,4527,4600,6810,6823,6829,6830,6832,6857,6873,16028,16042,16052,16054,16058,16059,16068,16069,16082,16106,16131,16155,16192,16225,16226,16227,18944,18954,18955,18958,18961,18962,18963,18970,18979,19018,19020,19024,19025,19034,19039,19042,19049,19051,19096,19109,19114,19150,19180,19194,19217,19226,19259,19285,19286,19296,19299,19315,19316,19321,19324,19339,19340,19346,19361,19362,19366,19367,19387,19388,19395,19407,19408,19426,19430,19433,19470,19475,19484,19493,19494,19510,19516,19520,19554,19566,19577,19596,19597,19624,19625,19634,19640,19641,19642,19643,19652,19653,19666,19668,19688,19714,19723,19737,19742,19757,19760,19774,19779,19803,19806,19814,19818,19819,19820,19821,19832,19865,29584,29585,33419,35301,39952,39954,39955,39957,39958,63632,65277,86416,87177,87305);

-- Vmangos pools: (1300,1301,1302,1303);
DELETE FROM `pool_template` WHERE `entry` BETWEEN 646 AND 649;
INSERT INTO `pool_template` (`entry`, `max_limit`, `description`) VALUES
(646, 10, 'Golden Sansam in Burning Steppes'),
(647, 19, 'Dream Foil in Burning Steppes'),
(648, 9, 'Mountain Silversage in Burning Steppes'),
(649, 6, 'Sungrass in Burning Steppes');

DELETE FROM `pool_gameobject` WHERE `guid` BETWEEN 19661 AND 19790;
INSERT INTO `pool_gameobject` (`guid`, `pool_entry`, `chance`, `description`) VALUES 
(19661, 647, 0, 'Dreamfoil'),
(19662, 646, 0, 'Golden Sansam'),
(19663, 647, 0, 'Dreamfoil'),
(19664, 646, 0, 'Golden Sansam'),
(19665, 649, 0, 'Sungrass'),
(19666, 649, 0, 'Sungrass'),
(19667, 649, 0, 'Sungrass'),
(19668, 649, 0, 'Sungrass'),
(19669, 649, 0, 'Sungrass'),
(19670, 649, 0, 'Sungrass'),
(19671, 649, 0, 'Sungrass'),
(19672, 649, 0, 'Sungrass'),
(19673, 649, 0, 'Sungrass'),
(19674, 649, 0, 'Sungrass'),
(19675, 649, 0, 'Sungrass'),
(19676, 649, 0, 'Sungrass'),
(19677, 649, 0, 'Sungrass'),
(19678, 649, 0, 'Sungrass'),
(19679, 649, 0, 'Sungrass'),
(19680, 648, 0, 'Mountain Silversage'),
(19681, 646, 0, 'Golden Sansam'),
(19682, 646, 0, 'Golden Sansam'),
(19683, 646, 0, 'Golden Sansam'),
(19684, 646, 0, 'Golden Sansam'),
(19685, 646, 0, 'Golden Sansam'),
(19686, 646, 0, 'Golden Sansam'),
(19687, 646, 0, 'Golden Sansam'),
(19688, 646, 0, 'Golden Sansam'),
(19689, 646, 0, 'Golden Sansam'),
(19690, 646, 0, 'Golden Sansam'),
(19691, 646, 0, 'Golden Sansam'),
(19692, 646, 0, 'Golden Sansam'),
(19693, 646, 0, 'Golden Sansam'),
(19694, 646, 0, 'Golden Sansam'),
(19695, 646, 0, 'Golden Sansam'),
(19696, 646, 0, 'Golden Sansam'),
(19697, 646, 0, 'Golden Sansam'),
(19698, 646, 0, 'Golden Sansam'),
(19699, 646, 0, 'Golden Sansam'),
(19700, 646, 0, 'Golden Sansam'),
(19701, 646, 0, 'Golden Sansam'),
(19702, 646, 0, 'Golden Sansam'),
(19703, 646, 0, 'Golden Sansam'),
(19704, 646, 0, 'Golden Sansam'),
(19705, 646, 0, 'Golden Sansam'),
(19706, 647, 0, 'Dreamfoil'),
(19707, 647, 0, 'Dreamfoil'),
(19708, 647, 0, 'Dreamfoil'),
(19709, 647, 0, 'Dreamfoil'),
(19710, 647, 0, 'Dreamfoil'),
(19711, 647, 0, 'Dreamfoil'),
(19712, 647, 0, 'Dreamfoil'),
(19713, 647, 0, 'Dreamfoil'),
(19714, 647, 0, 'Dreamfoil'),
(19715, 647, 0, 'Dreamfoil'),
(19716, 647, 0, 'Dreamfoil'),
(19717, 647, 0, 'Dreamfoil'),
(19718, 647, 0, 'Dreamfoil'),
(19719, 647, 0, 'Dreamfoil'),
(19720, 647, 0, 'Dreamfoil'),
(19721, 647, 0, 'Dreamfoil'),
(19722, 647, 0, 'Dreamfoil'),
(19723, 646, 0, 'Golden Sansam'),
(19724, 647, 0, 'Dreamfoil'),
(19725, 647, 0, 'Dreamfoil'),
(19726, 647, 0, 'Dreamfoil'),
(19727, 647, 0, 'Dreamfoil'),
(19728, 647, 0, 'Dreamfoil'),
(19729, 647, 0, 'Dreamfoil'),
(19730, 647, 0, 'Dreamfoil'),
(19731, 647, 0, 'Dreamfoil'),
(19732, 647, 0, 'Dreamfoil'),
(19733, 647, 0, 'Dreamfoil'),
(19734, 647, 0, 'Dreamfoil'),
(19735, 647, 0, 'Dreamfoil'),
(19736, 647, 0, 'Dreamfoil'),
(19737, 647, 0, 'Dreamfoil'),
(19738, 647, 0, 'Dreamfoil'),
(19739, 647, 0, 'Dreamfoil'),
(19740, 647, 0, 'Dreamfoil'),
(19741, 647, 0, 'Dreamfoil'),
(19742, 647, 0, 'Dreamfoil'),
(19743, 647, 0, 'Dreamfoil'),
(19744, 648, 0, 'Mountain Silversage'),
(19745, 648, 0, 'Mountain Silversage'),
(19746, 648, 0, 'Mountain Silversage'),
(19747, 648, 0, 'Mountain Silversage'),
(19748, 648, 0, 'Mountain Silversage'),
(19749, 648, 0, 'Mountain Silversage'),
(19750, 648, 0, 'Mountain Silversage'),
(19751, 648, 0, 'Mountain Silversage'),
(19752, 648, 0, 'Mountain Silversage'),
(19753, 648, 0, 'Mountain Silversage'),
(19754, 648, 0, 'Mountain Silversage'),
(19755, 648, 0, 'Mountain Silversage'),
(19756, 648, 0, 'Mountain Silversage'),
(19757, 648, 0, 'Mountain Silversage'),
(19758, 648, 0, 'Mountain Silversage'),
(19759, 648, 0, 'Mountain Silversage'),
(19760, 648, 0, 'Mountain Silversage'),
(19761, 648, 0, 'Mountain Silversage'),
(19762, 648, 0, 'Mountain Silversage'),
(19763, 648, 0, 'Mountain Silversage'),
(19764, 648, 0, 'Mountain Silversage'),
(19765, 648, 0, 'Mountain Silversage'),
(19766, 648, 0, 'Mountain Silversage'),
(19767, 648, 0, 'Mountain Silversage'),
(19768, 648, 0, 'Mountain Silversage'),
(19769, 648, 0, 'Mountain Silversage'),
(19770, 648, 0, 'Mountain Silversage'),
(19771, 648, 0, 'Mountain Silversage'),
(19772, 649, 0, 'Sungrass'),
(19773, 649, 0, 'Sungrass'),
(19774, 649, 0, 'Sungrass'),
(19775, 649, 0, 'Sungrass'),
(19776, 648, 0, 'Mountain Silversage'),
(19777, 647, 0, 'Dreamfoil'),
(19778, 647, 0, 'Dreamfoil'),
(19779, 647, 0, 'Dreamfoil'),
(19780, 649, 0, 'Sungrass'),
(19781, 648, 0, 'Mountain Silversage'),
(19782, 646, 0, 'Golden Sansam'),
(19783, 646, 0, 'Golden Sansam'),
(19784, 647, 0, 'Dreamfoil'),
(19785, 647, 0, 'Dreamfoil'),
(19786, 647, 0, 'Dreamfoil'),
(19787, 648, 0, 'Mountain Silversage'),
(19788, 648, 0, 'Mountain Silversage'),
(19789, 649, 0, 'Sungrass'),
(19790, 649, 0, 'Sungrass');

DELETE FROM `gameobject` WHERE `zoneId`=46 AND `guid` BETWEEN 19661 AND 19790;
INSERT INTO `gameobject` (`guid`, `id`, `map`, `zoneId`, `position_x`, `position_y`, `position_z`, `orientation`, `rotation0`, `rotation1`, `rotation2`, `rotation3`, `spawntimesecs`, `animprogress`, `state`) VALUES
(19661, 176584, 0, 46, -8386.96, -963.427, 193.742, -0.05236, 0, 0, 0.026177, -0.999657, 2700, 100, 1),
(19662, 176583, 0, 46, -8077.45, -1779.97, 132.858, 1.74533, 0, 0, 0.766044, 0.642788, 2700, 100, 1),
(19663, 176584, 0, 46, -7779.71, -1580.11, 133.395, 2.25148, 0, 0, 0.902585, 0.430511, 2700, 100, 1),
(19664, 176583, 0, 46, -8073.23, -1659.24, 133.228, -2.6529, 0, 0, 0.970296, -0.241922, 2700, 100, 1),
(19665, 142142, 0, 46, -7729, -2423, 149.006, 6.014, 0, 0, 0, 0, 2700, 100, 1),
(19666, 142142, 0, 46, -7903, -2870, 136.52, 1.368, 0, 0, 0, 0, 2700, 100, 1),
(19667, 142142, 0, 46, -7877.66, -2894.94, 133.865, 1.44862, 0, 0, 0.66262, 0.748956, 2700, 100, 1),
(19668, 142142, 0, 46, -8195, -2212, 131.926, 5.932, 0, 0, 0, 0, 2700, 100, 1),
(19669, 142142, 0, 46, -7693, -2906, 133.346, 2.134, 0, 0, 0, 0, 2700, 100, 1),
(19670, 142142, 0, 46, -7684, -2902, 133.33, 0.599, 0, 0, 0, 0, 2700, 100, 1),
(19671, 142142, 0, 46, -7678, -2977, 132.315, 4.447, 0, 0, 0, 0, 2700, 100, 1),
(19672, 142142, 0, 46, -7889, -2443, 134.611, 3.96, 0, 0, 0, 0, 2700, 100, 1),
(19673, 142142, 0, 46, -7905.47, -2443.7, 133.659, 5.77704, 0, 0, -0.25038, 0.968148, 2700, 100, 1),
(19674, 142142, 0, 46, -8150, -2748, 137.517, 4.946, 0, 0, 0, 0, 2700, 100, 1),
(19675, 142142, 0, 46, -7712, -1993, 133.439, 1.416, 0, 0, 0, 0, 2700, 100, 1),
(19676, 142142, 0, 46, -8087, -2502, 138.376, 4.197, 0, 0, 0, 0, 2700, 100, 1),
(19677, 142142, 0, 46, -7718, -2253, 139.798, 2.287, 0, 0, 0, 0, 2700, 100, 1),
(19678, 142142, 0, 46, -7707, -2227, 136.892, 1.184, 0, 0, 0, 0, 2700, 100, 1),
(19679, 142142, 0, 46, -8046.81, -2482.85, 132.768, 5.37562, 0, 0, -0.438371, 0.898794, 2700, 100, 1),
(19680, 176586, 0, 46, -7972.84, -2678.18, 195.698, 5.75959, 0, 0, -0.258819, 0.965926, 2700, 255, 1),
(19681, 176583, 0, 46, -8099.08, -2979.05, 134.856, 3.194, 0, 0, -0.999657, 0.0262016, 2700, 100, 1),
(19682, 176583, 0, 46, -7821, -2840, 133.446, 5.874, 0, 0, 0, 0, 2700, 100, 1),
(19683, 176583, 0, 46, -8157, -1589, 133.521, 0.324, 0, 0, 0, 0, 2700, 100, 1),
(19684, 176583, 0, 46, -8083, -1783, 133.442, 1.745, 0, 0, 0.766044, 0.642788, 2700, 100, 1),
(19685, 176583, 0, 46, -7959, -939, 131.685, 4.745, 0, 0, 0, 0, 2700, 100, 1),
(19686, 176583, 0, 46, -7974, -906, 130.399, 2.592, 0, 0, 0, 0, 2700, 100, 1),
(19687, 176583, 0, 46, -7959, -1314, 133.966, 6.066, 0, 0, 0, 0, 2700, 100, 1),
(19688, 176583, 0, 46, -7939, -938, 133.558, 1.152, 0, 0, 0, 0, 2700, 100, 1),
(19689, 176583, 0, 46, -8248, -2503, 143.056, 0.508, 0, 0, 0, 0, 2700, 100, 1),
(19690, 176583, 0, 46, -7761, -1492, 133.439, 0.19, 0, 0, 0, 0, 2700, 100, 1),
(19691, 176583, 0, 46, -8174.2, -1720.08, 140.313, 1.29154, 0, 0, 0.601814, 0.798636, 2700, 100, 1),
(19692, 176583, 0, 46, -7755.03, -1475.44, 134.3, 2.54818, 0, 0, 0.956305, 0.292372, 300, 100, 1),
(19693, 176583, 0, 46, -8114, -1914, 136.163, 0, 0, 0, -0.008726, 0.999962, 2700, 100, 1),
(19694, 176583, 0, 46, -8173, -1595, 133.889, 0.324, 0, 0, 0, 0, 2700, 100, 1),
(19695, 176583, 0, 46, -7970.27, -1313.12, 133.305, 2.25147, 0, 0, 0.902585, 0.430512, 2700, 100, 1),
(19696, 176583, 0, 46, -8086, -1660, 132.152, 4.654, 0, 0, 0, 0, 2700, 100, 1),
(19697, 176583, 0, 46, -7945.05, -908.27, 131.253, 0.994837, 0, 0, 0.477159, 0.878817, 2700, 100, 1),
(19698, 176583, 0, 46, -7764.15, -2843.23, 133.439, 2.1293, 0, 0, 0.874619, 0.48481, 2700, 100, 1),
(19699, 176583, 0, 46, -7930, -2654, 219.365, 2.443, 0, 0, 1, 0, 2700, 100, 1),
(19700, 176583, 0, 46, -8101.28, -1424.45, 131.193, 1.48353, 0, 0, 0.67559, 0.737278, 2700, 100, 1),
(19701, 176583, 0, 46, -7569, -2770, 134.97, 1.596, 0, 0, 0, 0, 2700, 100, 1),
(19702, 176583, 0, 46, -7563.25, -2762.65, 135.48, 1.36136, 0, 0, 0.62932, 0.777146, 300, 100, 1),
(19703, 176583, 0, 46, -7942, -1145, 172.715, 0.121, 0, 0, 0, 0, 2700, 100, 1),
(19704, 176583, 0, 46, -8283, -2514, 138.565, 5.081, 0, 0, 0, 0, 2700, 100, 1),
(19705, 176583, 0, 46, -8202, -1603, 142.555, 3.322, 0, 0, 0, 0, 2700, 100, 1),
(19706, 176584, 0, 46, -7836, -1934, 136.108, 0.151, 0, 0, 0, 0, 2700, 100, 1),
(19707, 176584, 0, 46, -7841, -1934, 138.155, 0.162, 0, 0, 0, 0, 2700, 100, 1),
(19708, 176584, 0, 46, -8110, -1610, 133.383, -1, 0, 0, -0.551937, 0.833886, 2700, 100, 1),
(19709, 176584, 0, 46, -7887.27, -1978.09, 134.917, 3.78737, 0, 0, -0.948323, 0.317306, 300, 100, 1),
(19710, 176584, 0, 46, -8181, -2863, 133.596, 4.626, 0, 0, 0, 0, 2700, 100, 1),
(19711, 176584, 0, 46, -8280, -1082, 143.297, 2.914, 0, 0, 0, 0, 2700, 100, 1),
(19712, 176584, 0, 46, -8280, -1087, 143.294, 3.193, 0, 0, 0, 0, 2700, 100, 1),
(19713, 176584, 0, 46, -7711, -2247, 139.748, 2.312, 0, 0, 0, 0, 2700, 100, 1),
(19714, 176584, 0, 46, -7894, -2807, 145.036, 1.115, 0, 0, 0, 0, 2700, 100, 1),
(19715, 176584, 0, 46, -7940.46, -2839.89, 133.573, 5.3058, 0, 0, -0.469471, 0.882948, 300, 100, 1),
(19716, 176584, 0, 46, -7976, -1279, 133.073, 2.325, 0, 0, 0, 0, 2700, 100, 1),
(19717, 176584, 0, 46, -7668, -2478, 140.443, 1.542, 0, 0, 0, 0, 2700, 100, 1),
(19718, 176584, 0, 46, -7976, -812, 129.015, 6.264, 0, 0, 0, 0, 2700, 100, 1),
(19719, 176584, 0, 46, -8064, -1536, 139.569, 0.523, 0, 0, 0, 0, 2700, 100, 1),
(19720, 176584, 0, 46, -7969, -1287, 133.398, 2.341, 0, 0, 0, 0, 2700, 100, 1),
(19721, 176584, 0, 46, -7889, -2809, 145.466, 1.163, 0, 0, 0, 0, 2700, 100, 1),
(19722, 176584, 0, 46, -8031, -2120, 123.224, 2.212, 0, 0, 0, 0, 2700, 100, 1),
(19723, 176583, 0, 46, -7924.49, -2656.46, 220.236, 2.44346, 0, 0, 0.939692, 0.34202, 300, 100, 1),
(19724, 176584, 0, 46, -8225, -1739, 147.478, 1.77, 0, 0, 0, 0, 2700, 100, 1),
(19725, 176584, 0, 46, -7534, -1946, 183.358, 0.559, 0, 0, 0.275637, 0.961262, 2700, 100, 1),
(19726, 176584, 0, 46, -7969, -814, 130.392, 6.004, 0, 0, 0, 0, 2700, 100, 1),
(19727, 176584, 0, 46, -7600, -1882, 159.951, 0.092, 0, 0, 0, 0, 2700, 100, 1),
(19728, 176584, 0, 46, -8455, -938, 223.978, 2.6, 0, 0, 0, 0, 2700, 100, 1),
(19729, 176584, 0, 46, -8156.59, -1824.11, 133.54, 3.97935, 0, 0, -0.913545, 0.406738, 2700, 100, 1),
(19730, 176584, 0, 46, -8171, -926, 134.383, 1.987, 0, 0, 0, 0, 2700, 100, 1),
(19731, 176584, 0, 46, -7682, -2931, 131.449, 0.389, 0, 0, 0, 0, 2700, 100, 1),
(19732, 176584, 0, 46, -7849, -1580, 139.92, 2.28, 0, 0, 0, 0, 2700, 100, 1),
(19733, 176584, 0, 46, -7983, -2324, 128.081, 4.945, 0, 0, 0, 0, 2700, 100, 1),
(19734, 176584, 0, 46, -7986.98, -2422.14, 128.268, 3.17653, 0, 0, -0.999847, 0.0174693, 300, 100, 1),
(19735, 176584, 0, 46, -8269, -1853, 145.839, 4.544, 0, 0, 0, 0, 2700, 100, 1),
(19736, 176584, 0, 46, -8149, -2880, 135.624, -2, 0, 0, -0.809017, 0.587785, 2700, 100, 1),
(19737, 176584, 0, 46, -7852, -1659, 140.048, 5.967, 0, 0, 0, 0, 2700, 100, 1),
(19738, 176584, 0, 46, -7853, -1680, 140.297, 0.147, 0, 0, 0, 0, 2700, 100, 1),
(19739, 176584, 0, 46, -8132, -752, 133.894, 2.775, 0, 0, 0.983255, 0.182235, 2700, 100, 1),
(19740, 176584, 0, 46, -7951, -2222, 125.624, 1.363, 0, 0, 0, 0, 2700, 100, 1),
(19741, 176584, 0, 46, -7956, -2221, 125.919, 1.359, 0, 0, 0, 0, 2700, 100, 1),
(19742, 176584, 0, 46, -7954, -2212, 125.254, 1.34, 0, 0, 0, 0, 2700, 100, 1),
(19743, 176584, 0, 46, -7677, -2939, 131.584, 0.245, 0, 0, 0, 0, 2700, 100, 1),
(19744, 176586, 0, 46, -7802, -1576, 132.796, 2.475, 0, 0, 0, 0, 2700, 100, 1),
(19745, 176586, 0, 46, -7503.81, -750.34, 214.666, 6.19592, 0, 0, -0.0436192, 0.999048, 2700, 100, 1),
(19746, 176586, 0, 46, -7789, -2577, 170.551, 4.168, 0, 0, 0, 0, 2700, 100, 1),
(19747, 176586, 0, 46, -7591, -1382, 146.608, 5.895, 0, 0, 0, 0, 2700, 100, 1),
(19748, 176586, 0, 46, -7758, -2813, 139.289, 1.87, 0, 0, 0, 0, 2700, 100, 1),
(19749, 176586, 0, 46, -7819, -2650, 223.965, -3, 0, 0, -0.951056, 0.309017, 2700, 100, 1),
(19750, 176586, 0, 46, -7590, -1387, 159.027, 5.895, 0, 0, 0, 0, 2700, 100, 1),
(19751, 176586, 0, 46, -7735.01, -2792.08, 164.4, 2.70526, 0, 0, 0.976295, 0.216442, 2700, 100, 1),
(19752, 176586, 0, 46, -8066, -2619, 136.693, 2.151, 0, 0, 0, 0, 2700, 100, 1),
(19753, 176586, 0, 46, -8210, -2863, 138.252, 2.624, 0, 0, 0, 0, 2700, 100, 1),
(19754, 176586, 0, 46, -8367, -2463, 140.298, 2.34, 0, 0, 0, 0, 2700, 100, 1),
(19755, 176586, 0, 46, -8054, -2635, 140.953, 6.273, 0, 0, 0, 0, 2700, 100, 1),
(19756, 176586, 0, 46, -7862, -1385, 152.782, 6.15, 0, 0, 0, 0, 2700, 100, 1),
(19757, 176586, 0, 46, -8334.38, -2438.24, 203.358, 4.45059, 0, 0, -0.793353, 0.608762, 2700, 100, 1),
(19758, 176586, 0, 46, -7779.91, -2580.89, 167.733, 4.168, 0, 0, 0, 0, 2700, 100, 1),
(19759, 176586, 0, 46, -7859, -1392, 149.998, 6.15, 0, 0, 0, 0, 2700, 100, 1),
(19760, 176586, 0, 46, -8286, -1679, 160.578, 1.705, 0, 0, 0, 0, 2700, 100, 1),
(19761, 176586, 0, 46, -8357, -1902, 182.513, 3.596, 0, 0, 0, 0, 2700, 100, 1),
(19762, 176586, 0, 46, -8157, -2176, 150.521, 0.709, 0, 0, 0, 0, 2700, 100, 1),
(19763, 176586, 0, 46, -7561, -1745, 213.999, 3.352, 0, 0, 0, 0, 2700, 100, 1),
(19764, 176586, 0, 46, -8148, -699, 136.814, 2.427, 0, 0, 0, 0, 2700, 100, 1),
(19765, 176586, 0, 46, -7638.9, -1553.96, 166.204, 2.80998, 0, 0, 0.986285, 0.16505, 300, 100, 1),
(19766, 176586, 0, 46, -7815.3, -2636, 217.573, 3.76991, 0, 0, -0.951056, 0.309017, 300, 100, 1),
(19767, 176586, 0, 46, -8133.24, -917.333, 159.804, 0.349065, 0, 0, 0.173648, 0.984808, 300, 100, 1),
(19768, 176586, 0, 46, -8287.38, -1688.54, 159.236, 2.46091, 0, 0, 0.942641, 0.333808, 300, 100, 1),
(19769, 176586, 0, 46, -7622.81, -3033.84, 162.621, 0.174532, 0, 0, 0.0871553, 0.996195, 300, 100, 1),
(19770, 176586, 0, 46, -7896.6, -2558.81, 219.946, 3.14159, 0, 0, -1, 0, 300, 100, 1),
(19771, 176586, 0, 46, -7778.96, -2550.54, 170.852, 2.87979, 0, 0, 0.991445, 0.130528, 300, 100, 1),
(19772, 142142, 0, 46, -8206.89, -2190.3, 131.917, 6.05629, 0, 0, -0.113203, 0.993572, 300, 100, 1),
(19773, 142142, 0, 46, -8156.5, -2804.22, 135.611, 4.29351, 0, 0, -0.83867, 0.54464, 300, 100, 1),
(19774, 142142, 0, 46, -7620.03, -2774.08, 134.697, 0.523598, 0, 0, 0.258819, 0.965926, 300, 100, 1),
(19775, 142142, 0, 46, -7750.7, -2421.27, 140.446, 3.54302, 0, 0, -0.979924, 0.19937, 300, 100, 1),
(19776, 176586, 0, 46, -8176.24, -695.394, 162.667, -2.23402, 0, 0, 0.898794, -0.438371, 2700, 100, 1),
(19777, 176584, 0, 46, -8012.43, -794.508, 129.571, -0.715585, 0, 0, 0.350207, -0.936672, 2700, 100, 1),
(19778, 176584, 0, 46, -8136.51, -2085.32, 131.607, 2.25148, 0, 0, 0.902585, 0.430511, 2700, 100, 1),
(19779, 176584, 0, 46, -8108.57, -1242.01, 133.102, -2.67035, 0, 0, 0.97237, -0.233445, 2700, 100, 1),
(19780, 142142, 0, 46, -8159.32, -2678.52, 133.344, 1.53589, 0, 0, 0.694658, 0.71934, 2700, 100, 1),
(19781, 176586, 0, 46, -8107.99, -2224.98, 176.563, -1.76278, 0, 0, 0.771625, -0.636078, 2700, 100, 1),
(19782, 176583, 0, 46, -8258.96, -2511.08, 140.37, 2.33874, 0, 0, 0.920505, 0.390731, 2700, 100, 1),
(19783, 176583, 0, 46, -8426.56, -2807.36, 194.798, 0, 0, 0, 0, 0, 2700, 0, 1),
(19784, 176584, 0, 46, -8296.72, -1910.3, 142.82, 0, 0, 0, 0, 0, 2700, 0, 1),
(19785, 176584, 0, 46, -7929.01, -2260.38, 127.713, 3.6652, 0, 0, -0.965925, 0.258821, 2700, 0, 1),
(19786, 176584, 0, 46, -7785.81, -1741.95, 133.241, 0, 0, 0, 0, 0, 2700, 0, 1),
(19787, 176586, 0, 46, -8277.23, -2797.4, 168.285, 0, 0, 0, 0, 0, 2700, 0, 1),
(19788, 176586, 0, 46, -8178.27, -3033.76, 162.67, 0, 0, 0, 0, 0, 2700, 0, 1),
(19789, 142142, 0, 46, -7708.73, -2013.39, 133.439, 5.41052, 0, 0, -0.422618, 0.906308, 2700, 0, 1),
(19790, 142142, 0, 46, -8040.43, -2923.46, 133.134, 4.67748, 0, 0, -0.719339, 0.694659, 2700, 0, 1);

-- Redridge Mountains
DELETE FROM `pool_gameobject` WHERE `pool_entry` IN (950);
DELETE FROM `pool_template` WHERE `entry` IN (950);
DELETE FROM `gameobject` WHERE `guid` IN (1384,1456,1497,1537,1820,1828,1831,1832,1836,1871,1949,1970,1971,2046,2048,2058,2059,2083,2114,2157,2189,2221,2243,2269,2279,2288,2303,2306,2323,2335,2376,2402,2457,2532,2563,2583,2596,2598,2645,2697,2734,2739,2752,2753,2765,2769,2785,2818,2819,2820,2846,2847,2894,2904,2940,2946,2984,2993,2999,3007,3008,3029,3051,3055,3059,3060,3065,3096,3097,3115,3116,3117,3182,3216,3225,3244,3269,3281,3282,3283,3284,3285,3286,3287,3288,3334,3341,3345,3349,3353,3354,3355,3356,3357,3358,3359,3360,3374,3379,3380,3381,3382,3414,3434,3473,3474,3475,3541,3542,3543,3544,3557,3592,3594,3633,3646,3654,3680,3681,3687,3691,3698,3711,3715,3742,3743,3748,3751,3757,3760,3788,3796,3797,3804,3817,3818,3819,3820,3840,3848,3867,7333,7346,7359,7395,7493,7528,18595,18600,18673,18675,18678,18918,20311,20312,20315,20357,20358,20384,20432,20455,20478,20480,20481,20482,20502,20503,31112,31114,31125,31126,31135,31310,33148,33149,33150,39999,63297,63365,64990,65013,65016,65017,65020,65030,65032,65043,65058,85444,85445,85447,85448,85449,85451,85454,85455,85457,85460,85461,85462,85466,86263,87042);

-- Vmangos pools: (1124,1125,1126,1127,1306);
DELETE FROM `pool_template` WHERE `entry` BETWEEN 650 AND 654;
INSERT INTO `pool_template` (`entry`, `max_limit`, `description`) VALUES
(650, 12, 'Earthroot in Redridge'),
(651, 8, 'Peacebloom in Redridge'),
(652, 16, 'Bruiseweed in Redridge'),
(653, 9, 'Briarthorn in Redridge'),
(654, 8, 'Mageroyal in Redridge');

DELETE FROM `pool_gameobject` WHERE `guid` BETWEEN 88388 AND 88600;
INSERT INTO `pool_gameobject` (`guid`, `pool_entry`, `chance`, `description`) VALUES 
(88388, 651, 0, 'Peacebloom'),
(88389, 651, 0, 'Peacebloom'),
(88390, 651, 0, 'Peacebloom'),
(88391, 651, 0, 'Peacebloom'),
(88392, 651, 0, 'Peacebloom'),
(88393, 651, 0, 'Peacebloom'),
(88394, 650, 0, 'Earthroot'),
(88395, 651, 0, 'Peacebloom'),
(88396, 651, 0, 'Peacebloom'),
(88397, 650, 0, 'Earthroot'),
(88398, 650, 0, 'Earthroot'),
(88399, 650, 0, 'Earthroot'),
(88400, 650, 0, 'Earthroot'),
(88401, 650, 0, 'Earthroot'),
(88402, 650, 0, 'Earthroot'),
(88403, 650, 0, 'Earthroot'),
(88404, 650, 0, 'Earthroot'),
(88405, 650, 0, 'Earthroot'),
(88406, 650, 0, 'Earthroot'),
(88407, 650, 0, 'Earthroot'),
(88408, 650, 0, 'Earthroot'),
(88409, 654, 0, 'Mageroyal'),
(88410, 654, 0, 'Mageroyal'),
(88411, 654, 0, 'Mageroyal'),
(88412, 654, 0, 'Mageroyal'),
(88413, 654, 0, 'Mageroyal'),
(88414, 654, 0, 'Mageroyal'),
(88415, 654, 0, 'Mageroyal'),
(88416, 654, 0, 'Mageroyal'),
(88417, 654, 0, 'Mageroyal'),
(88418, 654, 0, 'Mageroyal'),
(88419, 654, 0, 'Mageroyal'),
(88420, 654, 0, 'Mageroyal'),
(88421, 654, 0, 'Mageroyal'),
(88422, 654, 0, 'Mageroyal'),
(88423, 653, 0, 'Briarthorn'),
(88424, 653, 0, 'Briarthorn'),
(88425, 653, 0, 'Briarthorn'),
(88426, 653, 0, 'Briarthorn'),
(88427, 653, 0, 'Briarthorn'),
(88428, 653, 0, 'Briarthorn'),
(88429, 653, 0, 'Briarthorn'),
(88430, 653, 0, 'Briarthorn'),
(88431, 653, 0, 'Briarthorn'),
(88432, 653, 0, 'Briarthorn'),
(88433, 653, 0, 'Briarthorn'),
(88434, 653, 0, 'Briarthorn'),
(88435, 653, 0, 'Briarthorn'),
(88436, 653, 0, 'Briarthorn'),
(88437, 653, 0, 'Briarthorn'),
(88438, 653, 0, 'Briarthorn'),
(88439, 653, 0, 'Briarthorn'),
(88440, 653, 0, 'Briarthorn'),
(88441, 653, 0, 'Briarthorn'),
(88442, 653, 0, 'Briarthorn'),
(88443, 653, 0, 'Briarthorn'),
(88444, 652, 0, 'Bruiseweed'),
(88445, 652, 0, 'Bruiseweed'),
(88446, 652, 0, 'Bruiseweed'),
(88447, 652, 0, 'Bruiseweed'),
(88448, 652, 0, 'Bruiseweed'),
(88449, 652, 0, 'Bruiseweed'),
(88450, 652, 0, 'Bruiseweed'),
(88451, 652, 0, 'Bruiseweed'),
(88452, 652, 0, 'Bruiseweed'),
(88453, 652, 0, 'Bruiseweed'),
(88454, 652, 0, 'Bruiseweed'),
(88455, 652, 0, 'Bruiseweed'),
(88456, 652, 0, 'Bruiseweed'),
(88457, 652, 0, 'Bruiseweed'),
(88458, 652, 0, 'Bruiseweed'),
(88459, 652, 0, 'Bruiseweed'),
(88460, 652, 0, 'Bruiseweed'),
(88461, 652, 0, 'Bruiseweed'),
(88462, 652, 0, 'Bruiseweed'),
(88463, 652, 0, 'Bruiseweed'),
(88464, 652, 0, 'Bruiseweed'),
(88465, 652, 0, 'Bruiseweed'),
(88466, 652, 0, 'Bruiseweed'),
(88467, 652, 0, 'Bruiseweed'),
(88468, 652, 0, 'Bruiseweed'),
(88469, 652, 0, 'Bruiseweed'),
(88470, 652, 0, 'Bruiseweed'),
(88471, 652, 0, 'Bruiseweed'),
(88472, 652, 0, 'Bruiseweed'),
(88473, 652, 0, 'Bruiseweed'),
(88474, 652, 0, 'Bruiseweed'),
(88475, 652, 0, 'Bruiseweed'),
(88476, 652, 0, 'Bruiseweed'),
(88477, 652, 0, 'Bruiseweed'),
(88478, 652, 0, 'Bruiseweed'),
(88479, 652, 0, 'Bruiseweed'),
(88480, 652, 0, 'Bruiseweed'),
(88481, 652, 0, 'Bruiseweed'),
(88482, 652, 0, 'Bruiseweed'),
(88483, 652, 0, 'Bruiseweed'),
(88484, 652, 0, 'Bruiseweed'),
(88485, 652, 0, 'Bruiseweed'),
(88486, 652, 0, 'Bruiseweed'),
(88487, 652, 0, 'Bruiseweed'),
(88488, 652, 0, 'Bruiseweed'),
(88489, 652, 0, 'Bruiseweed'),
(88490, 652, 0, 'Bruiseweed'),
(88491, 652, 0, 'Bruiseweed'),
(88492, 652, 0, 'Bruiseweed'),
(88493, 652, 0, 'Bruiseweed'),
(88494, 652, 0, 'Bruiseweed'),
(88495, 652, 0, 'Bruiseweed'),
(88496, 652, 0, 'Bruiseweed'),
(88497, 652, 0, 'Bruiseweed'),
(88498, 652, 0, 'Bruiseweed'),
(88499, 652, 0, 'Bruiseweed'),
(88500, 652, 0, 'Bruiseweed'),
(88501, 652, 0, 'Bruiseweed'),
(88502, 652, 0, 'Bruiseweed'),
(88503, 652, 0, 'Bruiseweed'),
(88504, 652, 0, 'Bruiseweed'),
(88505, 652, 0, 'Bruiseweed'),
(88506, 652, 0, 'Bruiseweed'),
(88507, 652, 0, 'Bruiseweed'),
(88508, 652, 0, 'Bruiseweed'),
(88509, 652, 0, 'Bruiseweed'),
(88510, 652, 0, 'Bruiseweed'),
(88511, 652, 0, 'Bruiseweed'),
(88512, 652, 0, 'Bruiseweed'),
(88513, 652, 0, 'Bruiseweed'),
(88514, 652, 0, 'Bruiseweed'),
(88515, 652, 0, 'Bruiseweed'),
(88516, 652, 0, 'Bruiseweed'),
(88517, 652, 0, 'Bruiseweed'),
(88518, 652, 0, 'Bruiseweed'),
(88519, 652, 0, 'Bruiseweed'),
(88520, 652, 0, 'Bruiseweed'),
(88521, 652, 0, 'Bruiseweed'),
(88522, 652, 0, 'Bruiseweed'),
(88523, 652, 0, 'Bruiseweed'),
(88524, 652, 0, 'Bruiseweed'),
(88525, 652, 0, 'Bruiseweed'),
(88526, 652, 0, 'Bruiseweed'),
(88527, 652, 0, 'Bruiseweed'),
(88528, 652, 0, 'Bruiseweed'),
(88529, 652, 0, 'Bruiseweed'),
(88530, 652, 0, 'Bruiseweed'),
(88531, 653, 0, 'Briarthorn'),
(88532, 653, 0, 'Briarthorn'),
(88533, 653, 0, 'Briarthorn'),
(88534, 653, 0, 'Briarthorn'),
(88535, 653, 0, 'Briarthorn'),
(88536, 653, 0, 'Briarthorn'),
(88537, 653, 0, 'Briarthorn'),
(88538, 652, 0, 'Bruiseweed'),
(88539, 652, 0, 'Bruiseweed'),
(88540, 652, 0, 'Bruiseweed'),
(88541, 652, 0, 'Bruiseweed'),
(88542, 652, 0, 'Bruiseweed'),
(88543, 652, 0, 'Bruiseweed'),
(88544, 652, 0, 'Bruiseweed'),
(88545, 652, 0, 'Bruiseweed'),
(88546, 650, 0, 'Earthroot'),
(88547, 650, 0, 'Earthroot'),
(88548, 650, 0, 'Earthroot'),
(88549, 650, 0, 'Earthroot'),
(88550, 650, 0, 'Earthroot'),
(88551, 654, 0, 'Mageroyal'),
(88552, 654, 0, 'Mageroyal'),
(88553, 650, 0, 'Earthroot'),
(88554, 654, 0, 'Mageroyal'),
(88555, 653, 0, 'Briarthorn'),
(88556, 652, 0, 'Bruiseweed'),
(88557, 652, 0, 'Bruiseweed'),
(88558, 653, 0, 'Briarthorn'),
(88559, 653, 0, 'Briarthorn'),
(88560, 653, 0, 'Briarthorn'),
(88561, 654, 0, 'Mageroyal'),
(88562, 650, 0, 'Earthroot'),
(88563, 650, 0, 'Earthroot'),
(88564, 654, 0, 'Mageroyal'),
(88565, 652, 0, 'Bruiseweed'),
(88566, 650, 0, 'Earthroot'),
(88567, 650, 0, 'Earthroot'),
(88568, 650, 0, 'Earthroot'),
(88569, 654, 0, 'Mageroyal'),
(88570, 652, 0, 'Bruiseweed'),
(88571, 650, 0, 'Earthroot'),
(88572, 652, 0, 'Bruiseweed'),
(88573, 654, 0, 'Mageroyal'),
(88574, 653, 0, 'Briarthorn'),
(88575, 654, 0, 'Mageroyal'),
(88576, 652, 0, 'Bruiseweed'),
(88577, 652, 0, 'Bruiseweed'),
(88578, 653, 0, 'Briarthorn'),
(88579, 654, 0, 'Mageroyal'),
(88580, 650, 0, 'Earthroot'),
(88581, 650, 0, 'Earthroot'),
(88582, 650, 0, 'Earthroot'),
(88583, 650, 0, 'Earthroot'),
(88584, 653, 0, 'Briarthorn'),
(88585, 653, 0, 'Briarthorn'),
(88586, 650, 0, 'Earthroot'),
(88587, 650, 0, 'Earthroot'),
(88588, 654, 0, 'Mageroyal'),
(88589, 654, 0, 'Mageroyal'),
(88590, 653, 0, 'Briarthorn'),
(88591, 650, 0, 'Earthroot'),
(88592, 650, 0, 'Earthroot'),
(88593, 650, 0, 'Earthroot'),
(88594, 653, 0, 'Briarthorn'),
(88595, 653, 0, 'Briarthorn'),
(88596, 654, 0, 'Mageroyal'),
(88597, 654, 0, 'Mageroyal'),
(88598, 652, 0, 'Bruiseweed'),
(88599, 654, 0, 'Mageroyal'),
(88600, 652, 0, 'Bruiseweed');

DELETE FROM `gameobject` WHERE `zoneId`=44 AND `guid` BETWEEN 88388 AND 88600;
INSERT INTO `gameobject` (`guid`, `id`, `map`, `zoneId`, `position_x`, `position_y`, `position_z`, `orientation`, `rotation0`, `rotation1`, `rotation2`, `rotation3`, `spawntimesecs`, `animprogress`, `state`) VALUES
(88388, 1618, 0, 44, -9746, -1772, 52.665, 2.44, 0, 0, 0.939101, 0.343642, 900, 100, 1),
(88389, 1618, 0, 44, -9141, -2938, 95.438, 4.873, 0, 0, 0.648256, -0.761423, 900, 100, 1),
(88390, 1618, 0, 44, -9816, -1788, 24.076, 1.902, 0, 0, 0.813999, 0.580866, 900, 100, 1),
(88391, 1618, 0, 44, -9165, -3037, 96.546, 6.205, 0, 0, 0.039201, -0.999231, 900, 100, 1),
(88392, 1618, 0, 44, -9497, -2327, 70.047, 3.748, 0, 0, 0.954323, -0.298776, 900, 100, 1),
(88393, 1618, 0, 44, -9142, -2509, 118.872, 2.047, 0, 0, 0.853878, 0.520474, 900, 100, 1),
(88394, 1619, 0, 44, -9655.55, -2019.22, 56.6992, 3.61284, 0, 0, -0.972369, 0.233448, 900, 255, 1),
(88395, 1618, 0, 44, -9221, -3106, 107.763, 1.063, 0, 0, 0.50673, 0.862105, 900, 100, 1),
(88396, 1618, 0, 44, -9599, -1903, 61.005, 6, 0, 0, 0.14104, -0.990004, 900, 100, 1),
(88397, 1619, 0, 44, -9614.35, -2156.73, 73.633, 3.73501, 0, 0, -0.956305, 0.292372, 900, 100, 1),
(88398, 1619, 0, 44, -9279.21, -3073.36, 105.601, 0.523599, 0, 0, 0.258819, 0.965926, 900, 100, 1),
(88399, 1619, 0, 44, -9346.42, -1887.48, 72.7737, 5.74214, 0, 0, -0.267238, 0.963631, 900, 100, 1),
(88400, 1619, 0, 44, -9473.79, -3441.89, 122.867, 1.78023, 0, 0, 0.777145, 0.629321, 900, 100, 1),
(88401, 1619, 0, 44, -9097.28, -3184.7, 109.689, 3.9619, 0, 0, -0.91706, 0.39875, 900, 100, 1),
(88402, 1619, 0, 44, -9285, -2815, 88.836, -2, 0, 0, -0.766044, 0.642788, 900, 100, 1),
(88403, 1619, 0, 44, -9190, -3239, 103.19, -2, 0, 0, -0.700909, 0.71325, 900, 100, 1),
(88404, 1619, 0, 44, -9719.08, -2447.51, 72.4093, -2.58309, 0, 0, 0.961262, -0.275637, 900, 100, 1),
(88405, 1619, 0, 44, -9052.03, -2675.98, 133.599, -2.35619, 0, 0, 0.92388, -0.382683, 900, 100, 1),
(88406, 1619, 0, 44, -9611, -2717, 58.263, -2, 0, 0, -0.803857, 0.594823, 900, 100, 1),
(88407, 1619, 0, 44, -9431, -1905, 93.338, -1, 0, 0, -0.5373, 0.843391, 900, 100, 1),
(88408, 1619, 0, 44, -9335, -3070, 136.228, 1.972, 0, 0, 0.833886, 0.551937, 900, 100, 1),
(88409, 1620, 0, 44, -9159.08, -2782.82, 89.2079, 1.22173, 0, 0, 0.573576, 0.819152, 900, 100, 1),
(88410, 1620, 0, 44, -9686.32, -2579.04, 60.0086, 5.75959, 0, 0, -0.258819, 0.965926, 900, 100, 1),
(88411, 1620, 0, 44, -9287, -3200, 105.225, 1.361, 0, 0, 0.62932, 0.777146, 900, 100, 1),
(88412, 1620, 0, 44, -9495.91, -2337.42, 69.3455, 0.977383, 0, 0, 0.469471, 0.882948, 900, 100, 1),
(88413, 1620, 0, 44, -9092, -2081, 128.651, 4.448, 0, 0, 0.794228, -0.607619, 900, 100, 1),
(88414, 1620, 0, 44, -9670.18, -1768.52, 55.2736, 4.7822, 0, 0, -0.681998, 0.731354, 900, 100, 1),
(88415, 1620, 0, 44, -9186, -3014, 93.761, 0.367, 0, 0, 0.182235, 0.983255, 900, 100, 1),
(88416, 1620, 0, 44, -9046.15, -2524.54, 127.692, -0.593412, 0, 0, 0.292372, -0.956305, 900, 100, 1),
(88417, 1620, 0, 44, -9666.2, -2385.5, 60.3805, 4.13643, 0, 0, -0.878817, 0.47716, 900, 100, 1),
(88418, 1620, 0, 44, -9282.55, -2730.74, 84.4196, 2.74016, 0, 0, 0.979924, 0.19937, 900, 100, 1),
(88419, 1620, 0, 44, -9452, -3337, 6.391, 3.142, 0, 0, 1, 0, 900, 100, 1),
(88420, 1620, 0, 44, -9189, -2403, 102.946, 2.282, 0, 0, 0.909143, 0.416484, 900, 100, 1),
(88421, 1620, 0, 44, -9329.94, -1899.88, 68.762, 1.29154, 0, 0, 0.601814, 0.798636, 900, 100, 1),
(88422, 1620, 0, 44, -9408, -2087, 62.838, 5.143, 0, 0, 0.539666, -0.841879, 900, 100, 1),
(88423, 1621, 0, 44, -9273, -2757, 88.804, -2, 0, 0, -0.833886, 0.551937, 900, 100, 1),
(88424, 1621, 0, 44, -9345, -3113, 86.264, -3, 0, 0, -0.96363, 0.267238, 900, 100, 1),
(88425, 1621, 0, 44, -9163, -3106, 100.399, 0.775, 0, 0, 0.37787, 0.925859, 900, 100, 1),
(88426, 1621, 0, 44, -9460, -1899, 82.446, 1.993, 0, 0, 0, 0, 900, 100, 1),
(88427, 1621, 0, 44, -8985, -2196, 133.123, 1.079, 0, 0, 0, 0, 900, 100, 1),
(88428, 1621, 0, 44, -9100.39, -2601.52, 117.783, 2.30383, 0, 0, 0.913545, 0.406738, 900, 255, 1),
(88429, 1621, 0, 44, -9567.76, -2131.51, 74.0443, 0.890117, 0, 0, 0.43051, 0.902586, 900, 255, 1),
(88430, 1621, 0, 44, -9457.76, -1995.27, 96.1887, 0.855211, 0, 0, 0.414693, 0.909961, 900, 100, 1),
(88431, 1621, 0, 44, -9563, -1868, 69.52, 3.124, 0, 0, 0.999962, 0.008727, 900, 100, 1),
(88432, 1621, 0, 44, -9235.94, -2926.83, 113.123, 2.63545, 0, 0, 0.968148, 0.25038, 900, 100, 1),
(88433, 1621, 0, 44, -9481.71, -2875.11, 81.5749, 1.46608, 0, 0, 0.669131, 0.743145, 900, 100, 1),
(88434, 1621, 0, 44, -9384.84, -2966.28, 81.6427, 1.3439, 0, 0, 0.622514, 0.782609, 900, 100, 1),
(88435, 1621, 0, 44, -9284, -1881, 84.873, -1, 0, 0, 0, 0, 900, 100, 1),
(88436, 1621, 0, 44, -9693, -2425, 58.904, -2, 0, 0, -0.942641, 0.333807, 900, 100, 1),
(88437, 1621, 0, 44, -9224.64, -3368.39, 101.14, 0.802851, 0, 0, 0.390731, 0.920505, 900, 100, 1),
(88438, 1621, 0, 44, -9659, -1993, 56.414, 5.091, 0, 0, 0, 0, 900, 100, 1),
(88439, 1621, 0, 44, -9636, -2014, 64.766, 4.431, 0, 0, 0, 0, 900, 100, 1),
(88440, 1621, 0, 44, -9661, -1777, 56.347, 0.375, 0, 0, 0, 0, 900, 100, 1),
(88441, 1621, 0, 44, -9493, -2094, 100.054, 4.215, 0, 0, 0, 0, 900, 100, 1),
(88442, 1621, 0, 44, -9625.95, -2543.16, 59.2279, 1.67551, 0, 0, 0.743144, 0.669131, 900, 100, 1),
(88443, 1621, 0, 44, -9742.59, -1776.33, 52.2593, 1.64061, 0, 0, 0.731354, 0.681998, 900, 100, 1),
(88444, 1622, 0, 44, -9237, -3249, 102.119, 2.059, 0, 0, 0.857167, 0.515038, 1800, 100, 1),
(88445, 1622, 0, 44, -9693, -3043, 56.304, 5.094, 0, 0, 0, 0, 1800, 100, 1),
(88446, 1622, 0, 44, -9161, -2342, 96.031, 1.566, 0, 0, 0.705474, 0.708735, 1800, 100, 1),
(88447, 1622, 0, 44, -9707, -3102, 59.533, 0.538, 0, 0, 0, 0, 1800, 100, 1),
(88448, 1622, 0, 44, -9284, -2908, 128.708, 3.019, 0, 0, 0.998135, 0.061049, 1800, 100, 1),
(88449, 1622, 0, 44, -9584, -2958, 66.632, 0.114, 0, 0, 0, 0, 1800, 100, 1),
(88450, 1622, 0, 44, -9582.61, -2939.32, 68.4579, 2.74016, 0, 0, 0.979924, 0.19937, 1800, 100, 1),
(88451, 1622, 0, 44, -9188, -3201, 100.95, 0.13, 0, 0, 0, 0, 1800, 100, 1),
(88452, 1622, 0, 44, -9313, -3160, 110.303, 4.815, 0, 0, 0.669758, -0.742579, 1800, 100, 1),
(88453, 1622, 0, 44, -9658, -3176, 51.576, 5.062, 0, 0, 0, 0, 1800, 100, 1),
(88454, 1622, 0, 44, -8660, -2321, 158.156, 1.289, 0, 0, 0, 0, 1800, 100, 1),
(88455, 1622, 0, 44, -8663, -2307, 158.027, 0.453, 0, 0, 0, 0, 1800, 100, 1),
(88456, 1622, 0, 44, -9139, -3171, 108.136, 1.724, 0, 0, 0, 0, 1800, 100, 1),
(88457, 1622, 0, 44, -9130, -3215, 103.491, 1.057, 0, 0, 0, 0, 1800, 100, 1),
(88458, 1622, 0, 44, -9149, -2371, 98.97, 0.009, 0, 0, 0, 0, 1800, 100, 1),
(88459, 1622, 0, 44, -9171, -2435, 108.701, 5.664, 0, 0, 0, 0, 1800, 100, 1),
(88460, 1622, 0, 44, -9121, -2418, 116.386, 0.358, 0, 0, 0, 0, 1800, 100, 1),
(88461, 1622, 0, 44, -9109.17, -2640.52, 120.736, 0.0523589, 0, 0, 0.0261765, 0.999657, 1800, 100, 1),
(88462, 1622, 0, 44, -9394.88, -3335.6, 88.1509, 4.24115, 0, 0, -0.85264, 0.522499, 1800, 100, 1),
(88463, 1622, 0, 44, -9322, -3008, 129.339, 2.25, 0, 0, 0, 0, 1800, 100, 1),
(88464, 1622, 0, 44, -9603.1, -2377.98, 61.0354, 3.90954, 0, 0, -0.927183, 0.374608, 1800, 100, 1),
(88465, 1622, 0, 44, -9576, -2136, 72.826, 0.857, 0, 0, 0.415623, 0.909537, 1800, 100, 1),
(88466, 1622, 0, 44, -9575, -2834, 75.697, 1.253, 0, 0, 0, 0, 1800, 100, 1),
(88467, 1622, 0, 44, -9601, -3119, 56.101, 0.095, 0, 0, 0, 0, 1800, 100, 1),
(88468, 1622, 0, 44, -9633, -3232, 49.022, 1.367, 0, 0, 0, 0, 1800, 100, 1),
(88469, 1622, 0, 44, -9784, -3110, 61.378, 1.559, 0, 0, 0, 0, 1800, 100, 1),
(88470, 1622, 0, 44, -9603, -3191, 59.496, 0.778, 0, 0, 0, 0, 1800, 100, 1),
(88471, 1622, 0, 44, -9793, -3148, 68.895, 0.852, 0, 0, 0, 0, 1800, 100, 1),
(88472, 1622, 0, 44, -9607, -2825, 76.96, 0.248, 0, 0, 0, 0, 1800, 100, 1),
(88473, 1622, 0, 44, -9612, -2873, 66.532, 6.044, 0, 0, 0, 0, 1800, 100, 1),
(88474, 1622, 0, 44, -9721, -2395, 70.454, 4.216, 0, 0, 0, 0, 1800, 100, 1),
(88475, 1622, 0, 44, -8665, -2328, 156.202, 1.289, 0, 0, 0, 0, 1800, 100, 1),
(88476, 1622, 0, 44, -9514, -3375, 93.683, 0, 0, 0, -0.008726, 0.999962, 1800, 100, 1),
(88477, 1622, 0, 44, -8763, -2421, 163.959, 5.703, 0, 0, 0, 0, 1800, 100, 1),
(88478, 1622, 0, 44, -9631, -2821, 63.916, 3.389, 0, 0, 0, 0, 1800, 100, 1),
(88479, 1622, 0, 44, -9689, -2843, 51.705, 6.012, 0, 0, 0, 0, 1800, 100, 1),
(88480, 1622, 0, 44, -9608, -2782, 63.92, 5.785, 0, 0, 0, 0, 1800, 100, 1),
(88481, 1622, 0, 44, -9667, -3137, 50.798, 0.106, 0, 0, 0, 0, 1800, 100, 1),
(88482, 1622, 0, 44, -9664, -2903, 50.345, 0.311, 0, 0, 0, 0, 1800, 100, 1),
(88483, 1622, 0, 44, -9749, -2996, 81.434, 4.599, 0, 0, 0, 0, 1800, 100, 1),
(88484, 1622, 0, 44, -9776, -2949, 86.495, 4.045, 0, 0, 0, 0, 1800, 100, 1),
(88485, 1622, 0, 44, -9724, -2908, 57.968, 2.447, 0, 0, 0, 0, 1800, 100, 1),
(88486, 1622, 0, 44, -9376, -3181, 86.132, 1.312, 0, 0, 0, 0, 1800, 100, 1),
(88487, 1622, 0, 44, -9301, -3349, 104.284, 5.486, 0, 0, 0, 0, 1800, 100, 1),
(88488, 1622, 0, 44, -9310, -3313, 102.09, 0.204, 0, 0, 0, 0, 1800, 100, 1),
(88489, 1622, 0, 44, -9219, -3201, 106.189, 0.837, 0, 0, 0, 0, 1800, 100, 1),
(88490, 1622, 0, 44, -9244, -3405, 105.978, -3, 0, 0, -0.986286, 0.165048, 1800, 100, 1),
(88491, 1622, 0, 44, -9568, -2833, 78.487, 2.796, 0, 0, 0, 0, 1800, 100, 1),
(88492, 1622, 0, 44, -9548, -2840, 83.233, 3.024, 0, 0, 0, 0, 1800, 100, 1),
(88493, 1622, 0, 44, -9667, -2143, 62.446, 0.05, 0, 0, 0, 0, 1800, 100, 1),
(88494, 1622, 0, 44, -9657, -2112, 60.337, 1.263, 0, 0, 0, 0, 1800, 100, 1),
(88495, 1622, 0, 44, -9512, -2041, 85.323, 0.631, 0, 0, 0, 0, 1800, 100, 1),
(88496, 1622, 0, 44, -9201, -1978, 111.523, 2.884, 0, 0, 0.991722, 0.128401, 1800, 100, 1),
(88497, 1622, 0, 44, -9603, -2335, 62.808, 1.302, 0, 0, 0, 0, 1800, 100, 1),
(88498, 1622, 0, 44, -9557, -2327, 64.333, 0.026, 0, 0, 0, 0, 1800, 100, 1),
(88499, 1622, 0, 44, -9542, -2375, 77.244, 4.511, 0, 0, 0, 0, 1800, 100, 1),
(88500, 1622, 0, 44, -9107, -3300, 102.786, 2.019, 0, 0, 0, 0, 1800, 100, 1),
(88501, 1622, 0, 44, -9496, -2840, 71.418, 2.451, 0, 0, 0, 0, 1800, 100, 1),
(88502, 1622, 0, 44, -9314, -2924, 128.558, 4.544, 0, 0, 0, 0, 1800, 100, 1),
(88503, 1622, 0, 44, -9217.82, -2686.49, 88.8065, 1.88495, 0, 0, 0.809016, 0.587786, 1800, 100, 1),
(88504, 1622, 0, 44, -9620, -3113, 54.32, 5.933, 0, 0, 0, 0, 1800, 100, 1),
(88505, 1622, 0, 44, -9051, -3291, 103.52, 6.252, 0, 0, 0, 0, 1800, 100, 1),
(88506, 1622, 0, 44, -8796, -2602, 138.762, 3.072, 0, 0, 0, 0, 1800, 100, 1),
(88507, 1622, 0, 44, -8833, -2584, 135.719, 4.792, 0, 0, 0, 0, 1800, 100, 1),
(88508, 1622, 0, 44, -9463, -3349, 6.598, 5.045, 0, 0, 0.580167, -0.814497, 1800, 100, 1),
(88509, 1622, 0, 44, -9566, -2525, 70.908, 4.68, 0, 0, 0, 0, 1800, 100, 1),
(88510, 1622, 0, 44, -9070, -2028, 134.3, 0.544, 0, 0, 0.268462, 0.96329, 1800, 100, 1),
(88511, 1622, 0, 44, -9361, -3027, 136.687, 3.872, 0, 0, 0, 0, 1800, 100, 1),
(88512, 1622, 0, 44, -9499, -3056, 110.71, 0.436, 0, 0, 0.216439, 0.976296, 1800, 100, 1),
(88513, 1622, 0, 44, -8948, -2639, 132.696, 5.483, 0, 0, 0, 0, 1800, 100, 1),
(88514, 1622, 0, 44, -8834, -2467, 133.014, 1.203, 0, 0, 0, 0, 1800, 100, 1),
(88515, 1622, 0, 44, -9368, -2996, 137.831, 0.454, 0, 0, 0.224951, 0.97437, 1800, 100, 1),
(88516, 1622, 0, 44, -9466, -2847, 72.363, 1.858, 0, 0, 0, 0, 1800, 100, 1),
(88517, 1622, 0, 44, -9600.72, -2536.57, 61.3528, -0.610865, 0, 0, 0.300706, -0.953717, 1800, 100, 1),
(88518, 1622, 0, 44, -8858, -2494, 132.828, 1.474, 0, 0, 0, 0, 1800, 100, 1),
(88519, 1622, 0, 44, -9608.53, -2269.69, 85.5731, 4.04917, 0, 0, -0.898793, 0.438373, 1800, 100, 1),
(88520, 1622, 0, 44, -9087, -2636, 120.426, 0.016, 0, 0, 0, 0, 1800, 100, 1),
(88521, 1622, 0, 44, -8910.15, -2643.76, 136.301, 5.67232, 0, 0, -0.300705, 0.953717, 1800, 100, 1),
(88522, 1622, 0, 44, -9305, -3309, 105.772, 0.204, 0, 0, 0, 0, 1800, 100, 1),
(88523, 1622, 0, 44, -9503.31, -2082.8, 100.905, 1.25664, 0, 0, 0.587785, 0.809017, 1800, 100, 1),
(88524, 1622, 0, 44, -8682, -2298, 157.002, 2.122, 0, 0, 0, 0, 1800, 100, 1),
(88525, 1622, 0, 44, -8671, -2307, 155.918, 0.453, 0, 0, 0, 0, 1800, 100, 1),
(88526, 1622, 0, 44, -8799, -2436, 153.403, 1.752, 0, 0, 0, 0, 1800, 100, 1),
(88527, 1622, 0, 44, -8779, -2391, 156.439, 1.564, 0, 0, 0, 0, 1800, 100, 1),
(88528, 1622, 0, 44, -9425, -3079, 136.693, 2.967, 0, 0, 0.996195, 0.087156, 1800, 100, 1),
(88529, 1622, 0, 44, -9375, -3147, 85.328, 1.512, 0, 0, 0, 0, 1800, 100, 1),
(88530, 1622, 0, 44, -9481, -2031, 97.061, 5.426, 0, 0, 0, 0, 1800, 100, 1),
(88531, 1621, 0, 44, -9904.38, -1880.45, 37.9255, 3.80482, 0, 0, -0.945518, 0.325568, 300, 100, 1),
(88532, 1621, 0, 44, -9608.79, -2429.04, 59.8932, 5.65487, 0, 0, -0.309016, 0.951057, 300, 100, 1),
(88533, 1621, 0, 44, -9415.24, -2111.12, 67.0888, 5.86431, 0, 0, -0.207911, 0.978148, 300, 100, 1),
(88534, 1621, 0, 44, -9333.84, -3308.43, 89.7115, 0.401425, 0, 0, 0.199368, 0.979925, 300, 100, 1),
(88535, 1621, 0, 44, -9658.02, -2111.7, 60.2108, 0.925024, 0, 0, 0.446198, 0.894935, 300, 100, 1),
(88536, 1621, 0, 44, -9759.97, -2152.08, 58.6628, 3.26377, 0, 0, -0.998135, 0.0610518, 300, 100, 1),
(88537, 1621, 0, 44, -9156.48, -3188.13, 106.772, 3.45576, 0, 0, -0.987688, 0.156436, 300, 100, 1),
(88538, 1622, 0, 44, -9462.51, -3026.77, 136.647, 1.02974, 0, 0, 0.492423, 0.870356, 300, 100, 1),
(88539, 1622, 0, 44, -9098.85, -3333.52, 100.367, 1.44862, 0, 0, 0.66262, 0.748956, 300, 100, 1),
(88540, 1622, 0, 44, -9677.12, -2839.97, 51.9216, 4.03171, 0, 0, -0.902585, 0.430512, 300, 100, 1),
(88541, 1622, 0, 44, -9620.35, -2869.21, 61.6724, 6.0912, 0, 0, -0.0958452, 0.995396, 300, 100, 1),
(88542, 1622, 0, 44, -9602.98, -3096.85, 57.9598, 3.26377, 0, 0, -0.998135, 0.0610518, 300, 100, 1),
(88543, 1622, 0, 44, -9628.97, -3168.42, 49.4796, 4.62512, 0, 0, -0.737277, 0.675591, 300, 100, 1),
(88544, 1622, 0, 44, -9288.58, -3325.65, 112.675, 0.383971, 0, 0, 0.190808, 0.981627, 300, 100, 1),
(88545, 1622, 0, 44, -8703.74, -2310.06, 161.109, 6.24828, 0, 0, -0.0174522, 0.999848, 300, 100, 1),
(88546, 1619, 0, 44, -8993.99, -2544.28, 142.519, 4.45059, 0, 0, -0.793353, 0.608762, 300, 100, 1),
(88547, 1619, 0, 44, -9339.2, -3063.91, 136.63, 1.97222, 0, 0, 0.833885, 0.551938, 300, 100, 1),
(88548, 1619, 0, 44, -9311.69, -3428.08, 104.76, 1.46608, 0, 0, 0.66913, 0.743145, 300, 100, 1),
(88549, 1619, 0, 44, -9125.74, -3186.11, 113.986, 2.3911, 0, 0, 0.930417, 0.366502, 300, 100, 1),
(88550, 1619, 0, 44, -9803.82, -2286.89, 63.6404, 0.890117, 0, 0, 0.430511, 0.902586, 300, 100, 1),
(88551, 1620, 0, 44, -9512.06, -1926.95, 76.6898, 4.64258, 0, 0, -0.731354, 0.681998, 300, 100, 1),
(88552, 1620, 0, 44, -9128.02, -2076.13, 124.798, 0.331611, 0, 0, 0.165047, 0.986286, 300, 100, 1),
(88553, 1619, 0, 44, -9102.7, -3351.46, 100.404, 0.750492, 0, 0, 0.366501, 0.930418, 900, 100, 1),
(88554, 1620, 0, 44, -9507.72, -3240.42, 49.2609, 0.436332, 0, 0, 0.21644, 0.976296, 900, 100, 1),
(88555, 1621, 0, 44, -9620.59, -3204.73, 49.7053, 2.80998, 0, 0, 0.986286, 0.165048, 900, 100, 1),
(88556, 1622, 0, 44, -9387.1, -3208.06, 96.7698, -2.75762, 0, 0, 0.981627, -0.190809, 1800, 100, 1),
(88557, 1622, 0, 44, -9637.93, -3259.19, 48.6696, -2.58309, 0, 0, 0.961262, -0.275637, 1800, 100, 1),
(88558, 1621, 0, 44, -9635.92, -3055.3, 56.31, 4.27606, 0, 0, -0.843391, 0.5373, 300, 100, 1),
(88559, 1621, 0, 44, -9496.37, -3203.11, 62.4749, 2.11185, 0, 0, 0.870356, 0.492424, 300, 100, 1),
(88560, 1621, 0, 44, -9656.25, -3478.21, 121.956, 3.73501, 0, 0, -0.956305, 0.292372, 300, 100, 1),
(88561, 1620, 0, 44, -9642.1, -3141.26, 48.5806, 1.88495, 0, 0, 0.809016, 0.587786, 300, 100, 1),
(88562, 1619, 0, 44, -9552.2, -3282.14, 48.4698, 1.58825, 0, 0, 0.71325, 0.700909, 900, 100, 1),
(88563, 1619, 0, 44, -9736.36, -3215.23, 58.7968, 3.59538, 0, 0, -0.97437, 0.224951, 300, 100, 1),
(88564, 1620, 0, 44, -8889.5, -2158.8, 132.444, 0.506145, 0, 0, 0.25038, 0.968148, 900, 100, 1),
(88565, 1622, 0, 44, -9678.53, -3173.73, 61.6091, 0.750492, 0, 0, 0.366501, 0.930418, 1800, 100, 1),
(88566, 1619, 0, 44, -9727.67, -2890.66, 56.9846, -3.03687, 0, 0, 0.99863, -0.052336, 900, 100, 1),
(88567, 1619, 0, 44, -9643.69, -2959.21, 59.7454, 2.26893, 0, 0, 0.906307, 0.422619, 300, 100, 1),
(88568, 1619, 0, 44, -9784.99, -2981.42, 94.4874, 4.4855, 0, 0, -0.782608, 0.622515, 300, 100, 1),
(88569, 1620, 0, 44, -8976.07, -2171.74, 132.628, 0.0698117, 0, 0, 0.0348988, 0.999391, 300, 100, 1),
(88570, 1622, 0, 44, -9472.23, -3215, 69.1513, 1.37881, 0, 0, 0.636078, 0.771625, 1800, 100, 1),
(88571, 1619, 0, 44, -9751.1, -2623.07, 84.558, -2.93215, 0, 0, 0.994522, -0.104529, 900, 100, 1),
(88572, 1622, 0, 44, -9764.38, -2981.51, 80.0459, -2.33874, 0, 0, 0.920505, -0.390731, 1800, 100, 1),
(88573, 1620, 0, 44, -9683.75, -2774.97, 52.3916, 0.314159, 0, 0, 0.156434, 0.987688, 900, 100, 1),
(88574, 1621, 0, 44, -9072.37, -2054.56, 131.181, -2.09439, 0, 0, 0.866025, -0.5, 900, 100, 1),
(88575, 1620, 0, 44, -8931.43, -2308.25, 132.534, -1.36136, 0, 0, 0.629321, -0.777146, 900, 100, 1),
(88576, 1622, 0, 44, -9374.39, -2992.28, 139.1, 0.453786, 0, 0, 0.224951, 0.97437, 1800, 100, 1),
(88577, 1622, 0, 44, -8825.49, -2462.65, 133.923, -0.488692, 0, 0, 0.241922, -0.970296, 1800, 100, 1),
(88578, 1621, 0, 44, -9647.41, -2340.83, 70.4579, 3.05433, 0, 0, 0.999048, 0.043619, 900, 100, 1),
(88579, 1620, 0, 44, -8744.09, -2456.23, 138.914, 1.79769, 0, 0, 0.782608, 0.622515, 300, 100, 1),
(88580, 1619, 0, 44, -8714.04, -2328.38, 156.262, 1.22173, 0, 0, 0.573576, 0.819152, 900, 100, 1),
(88581, 1619, 0, 44, -9428.68, -3121.35, 78.3536, 2.30383, 0, 0, 0.913545, 0.406737, 900, 100, 1),
(88582, 1619, 0, 44, -8746.71, -2382.45, 158.531, 4.71239, 0, 0, -0.707107, 0.707107, 300, 100, 1),
(88583, 1619, 0, 44, -9503.87, -2112.98, 101.672, -1.0821, 0, 0, 0.515038, -0.857167, 900, 100, 1),
(88584, 1621, 0, 44, -9479.87, -1875.75, 84.1223, 1.98968, 0, 0, 0.838671, 0.544639, 900, 100, 1),
(88585, 1621, 0, 44, -9380.46, -1944.81, 61.4576, 0.506145, 0, 0, 0.25038, 0.968148, 900, 100, 1),
(88586, 1619, 0, 44, -9048.02, -1983.92, 148.601, 0.087266, 0, 0, 0.043619, 0.999048, 900, 100, 1),
(88587, 1619, 0, 44, -9042.54, -2104.46, 130.643, -2.75762, 0, 0, 0.981627, -0.190809, 900, 100, 1),
(88588, 1620, 0, 44, -9090.56, -2716.7, 93.1088, 0.925024, 0, 0, 0.446198, 0.894934, 900, 100, 1),
(88589, 1620, 0, 44, -9417.62, -2113.58, 67.2459, -2.40855, 0, 0, 0.93358, -0.358368, 900, 100, 1),
(88590, 1621, 0, 44, -9372.92, -2026.42, 57.8357, 0.279252, 0, 0, 0.139173, 0.990268, 300, 100, 1),
(88591, 1619, 0, 44, -8878.36, -2197.7, 143.024, 3.4383, 0, 0, -0.989016, 0.147811, 300, 100, 1),
(88592, 1619, 0, 44, -8779.48, -2617.22, 139.61, -0.750491, 0, 0, 0.366501, -0.930418, 900, 100, 1),
(88593, 1619, 0, 44, -8784.66, -2475.44, 136.705, 6.17847, 0, 0, -0.0523357, 0.99863, 300, 100, 1),
(88594, 1621, 0, 44, -9522.33, -2332.94, 66.4444, 0.139626, 0, 0, 0.069756, 0.997564, 900, 100, 1),
(88595, 1621, 0, 44, -9673.71, -1971.44, 56.4296, -0.645772, 0, 0, 0.317305, -0.948324, 900, 100, 1),
(88596, 1620, 0, 44, -9785.31, -1849.98, 42.9601, -1.16937, 0, 0, 0.551937, -0.833886, 900, 100, 1),
(88597, 1620, 0, 44, -9688.03, -2101.71, 58.5017, 4.01426, 0, 0, -0.906307, 0.422619, 300, 100, 1),
(88598, 1622, 0, 44, -8824.19, -2601.29, 142.033, -2.49582, 0, 0, 0.948324, -0.317305, 1800, 100, 1),
(88599, 1620, 0, 44, -9127.58, -2515.9, 117.427, -2.07694, 0, 0, 0.861629, -0.507538, 900, 100, 1),
(88600, 1622, 0, 44, -9172.12, -2444.5, 114.871, 0, 0, 0, 0, 0, 1800, 0, 1);

-- Westfall
DELETE FROM `pool_gameobject` WHERE `pool_entry` IN (951);
DELETE FROM `pool_template` WHERE `entry` IN (951);
DELETE FROM `gameobject` WHERE `guid` IN (456,469,472,582,588,648,663,711,971,1143,1189,1196,1260,1356,1377,1400,1460,1534,1629,1669,1700,1747,1750,1763,1786,1800,1806,1922,1923,1927,1966,1985,1993,1994,2011,2035,2036,2037,2043,2044,2054,2065,2086,2093,2105,2113,2127,2150,2236,2248,2250,2284,2319,2320,2324,2354,2360,2370,2371,2372,2379,2380,2428,2451,2456,2460,2468,2473,2477,2497,2505,2511,2530,2531,2533,2543,2561,2581,2585,2593,2597,2613,2622,2642,2660,2670,2673,2674,2679,2692,2696,2709,2720,2755,2768,2771,2786,2797,2800,2809,2828,2875,2882,2889,2895,2910,2911,2917,2918,2925,2937,3000,3026,3044,3145,3153,3154,3166,3168,3169,3184,3187,3202,3213,3214,3215,3240,3248,3253,3265,3266,3306,3326,3331,3344,3377,3392,3419,3421,3422,3423,3424,3426,3439,3482,3493,3506,3510,3584,3593,3598,3624,3626,3636,3645,3663,3664,3706,3721,3722,3723,3765,3767,3774,3776,3791,3794,3795,3821,3834,3838,3843,3849,3858,3863,3883,29573,30557,30577,30578,30602,30603,30609,30611,30622,30623,30633,30637,30639,30640,30641,30644,30766,30924,30926,30976,30979,31000,31001,31007,31023,31027,31037,31046,31048,31054,31055,31062,31063,31076,31080,31084,31094,31099,31932,31933,31934,31936,31938,31943,31945,31951,34034,34823,34826,34840,34844,34855,40000,40001,40002,42688,42691,42720,42721,42741,42753,42754,42755,42756,42757,42758,42759,42760,42762,42763,42765,42779,42780,42782,42783,42784,42785,42786,63238,63242,63243,63248,63267,63284,63292,63293,63294,63305,63321,63322,63323,63324,63325,63328,63347,63348,86160,86172,86245,87221,87231,87232,87242,87244,87461,87464,87467,87470);

-- Vmangos pools: (1105,1106,1107,1108,1109,1110);
DELETE FROM `pool_template` WHERE `entry` BETWEEN 655 AND 660;
INSERT INTO `pool_template` (`entry`, `max_limit`, `description`) VALUES
(655, 12, 'Earthroot in Westfall'),
(656, 19, 'Silverleaf in Westfall'),
(657, 15, 'Peacebloom in Westfall'),
(658, 15, 'Mageroyal in Westfall'),
(659, 12, 'Briarthorn in Westfall'),
(660, 13, 'Bruiseweed in Westfall');

DELETE FROM `pool_gameobject` WHERE `guid` BETWEEN 88601 AND 88841;
INSERT INTO `pool_gameobject` (`guid`, `pool_entry`, `chance`, `description`) VALUES 
(88601, 656, 0, 'Silverleaf'),
(88602, 656, 0, 'Silverleaf'),
(88603, 656, 0, 'Silverleaf'),
(88604, 656, 0, 'Silverleaf'),
(88605, 656, 0, 'Silverleaf'),
(88606, 656, 0, 'Silverleaf'),
(88607, 656, 0, 'Silverleaf'),
(88608, 656, 0, 'Silverleaf'),
(88609, 656, 0, 'Silverleaf'),
(88610, 656, 0, 'Silverleaf'),
(88611, 656, 0, 'Silverleaf'),
(88612, 656, 0, 'Silverleaf'),
(88613, 656, 0, 'Silverleaf'),
(88614, 657, 0, 'Peacebloom'),
(88615, 657, 0, 'Peacebloom'),
(88616, 657, 0, 'Peacebloom'),
(88617, 657, 0, 'Peacebloom'),
(88618, 657, 0, 'Peacebloom'),
(88619, 657, 0, 'Peacebloom'),
(88620, 655, 0, 'Earthroot'),
(88621, 655, 0, 'Earthroot'),
(88622, 655, 0, 'Earthroot'),
(88623, 655, 0, 'Earthroot'),
(88624, 655, 0, 'Earthroot'),
(88625, 655, 0, 'Earthroot'),
(88626, 655, 0, 'Earthroot'),
(88627, 655, 0, 'Earthroot'),
(88628, 655, 0, 'Earthroot'),
(88629, 655, 0, 'Earthroot'),
(88630, 655, 0, 'Earthroot'),
(88631, 655, 0, 'Earthroot'),
(88632, 655, 0, 'Earthroot'),
(88633, 655, 0, 'Earthroot'),
(88634, 655, 0, 'Earthroot'),
(88635, 655, 0, 'Earthroot'),
(88636, 655, 0, 'Earthroot'),
(88637, 655, 0, 'Earthroot'),
(88638, 655, 0, 'Earthroot'),
(88639, 655, 0, 'Earthroot'),
(88640, 658, 0, 'Mageroyal'),
(88641, 658, 0, 'Mageroyal'),
(88642, 658, 0, 'Mageroyal'),
(88643, 658, 0, 'Mageroyal'),
(88644, 658, 0, 'Mageroyal'),
(88645, 658, 0, 'Mageroyal'),
(88646, 658, 0, 'Mageroyal'),
(88647, 658, 0, 'Mageroyal'),
(88648, 658, 0, 'Mageroyal'),
(88649, 658, 0, 'Mageroyal'),
(88650, 658, 0, 'Mageroyal'),
(88651, 658, 0, 'Mageroyal'),
(88652, 658, 0, 'Mageroyal'),
(88653, 658, 0, 'Mageroyal'),
(88654, 658, 0, 'Mageroyal'),
(88655, 658, 0, 'Mageroyal'),
(88656, 658, 0, 'Mageroyal'),
(88657, 658, 0, 'Mageroyal'),
(88658, 658, 0, 'Mageroyal'),
(88659, 658, 0, 'Mageroyal'),
(88660, 658, 0, 'Mageroyal'),
(88661, 658, 0, 'Mageroyal'),
(88662, 658, 0, 'Mageroyal'),
(88663, 658, 0, 'Mageroyal'),
(88664, 658, 0, 'Mageroyal'),
(88665, 658, 0, 'Mageroyal'),
(88666, 658, 0, 'Mageroyal'),
(88667, 658, 0, 'Mageroyal'),
(88668, 658, 0, 'Mageroyal'),
(88669, 658, 0, 'Mageroyal'),
(88670, 659, 0, 'Briarthorn'),
(88671, 659, 0, 'Briarthorn'),
(88672, 659, 0, 'Briarthorn'),
(88673, 659, 0, 'Briarthorn'),
(88674, 659, 0, 'Briarthorn'),
(88675, 659, 0, 'Briarthorn'),
(88676, 659, 0, 'Briarthorn'),
(88677, 659, 0, 'Briarthorn'),
(88678, 659, 0, 'Briarthorn'),
(88679, 659, 0, 'Briarthorn'),
(88680, 659, 0, 'Briarthorn'),
(88681, 659, 0, 'Briarthorn'),
(88682, 659, 0, 'Briarthorn'),
(88683, 659, 0, 'Briarthorn'),
(88684, 659, 0, 'Briarthorn'),
(88685, 659, 0, 'Briarthorn'),
(88686, 659, 0, 'Briarthorn'),
(88687, 659, 0, 'Briarthorn'),
(88688, 659, 0, 'Briarthorn'),
(88689, 659, 0, 'Briarthorn'),
(88690, 659, 0, 'Briarthorn'),
(88691, 659, 0, 'Briarthorn'),
(88692, 659, 0, 'Briarthorn'),
(88693, 660, 0, 'Bruiseweed'),
(88694, 660, 0, 'Bruiseweed'),
(88695, 660, 0, 'Bruiseweed'),
(88696, 660, 0, 'Bruiseweed'),
(88697, 660, 0, 'Bruiseweed'),
(88698, 660, 0, 'Bruiseweed'),
(88699, 660, 0, 'Bruiseweed'),
(88700, 660, 0, 'Bruiseweed'),
(88701, 660, 0, 'Bruiseweed'),
(88702, 660, 0, 'Bruiseweed'),
(88703, 660, 0, 'Bruiseweed'),
(88704, 660, 0, 'Bruiseweed'),
(88705, 660, 0, 'Bruiseweed'),
(88706, 660, 0, 'Bruiseweed'),
(88707, 660, 0, 'Bruiseweed'),
(88708, 660, 0, 'Bruiseweed'),
(88709, 660, 0, 'Bruiseweed'),
(88710, 660, 0, 'Bruiseweed'),
(88711, 660, 0, 'Bruiseweed'),
(88712, 660, 0, 'Bruiseweed'),
(88713, 660, 0, 'Bruiseweed'),
(88714, 660, 0, 'Bruiseweed'),
(88715, 660, 0, 'Bruiseweed'),
(88716, 660, 0, 'Bruiseweed'),
(88717, 660, 0, 'Bruiseweed'),
(88718, 660, 0, 'Bruiseweed'),
(88719, 660, 0, 'Bruiseweed'),
(88720, 660, 0, 'Bruiseweed'),
(88721, 660, 0, 'Bruiseweed'),
(88722, 660, 0, 'Bruiseweed'),
(88723, 660, 0, 'Bruiseweed'),
(88724, 660, 0, 'Bruiseweed'),
(88725, 660, 0, 'Bruiseweed'),
(88726, 660, 0, 'Bruiseweed'),
(88727, 660, 0, 'Bruiseweed'),
(88728, 660, 0, 'Bruiseweed'),
(88729, 660, 0, 'Bruiseweed'),
(88730, 660, 0, 'Bruiseweed'),
(88731, 660, 0, 'Bruiseweed'),
(88732, 660, 0, 'Bruiseweed'),
(88733, 660, 0, 'Bruiseweed'),
(88734, 660, 0, 'Bruiseweed'),
(88735, 660, 0, 'Bruiseweed'),
(88736, 660, 0, 'Bruiseweed'),
(88737, 660, 0, 'Bruiseweed'),
(88738, 660, 0, 'Bruiseweed'),
(88739, 660, 0, 'Bruiseweed'),
(88740, 660, 0, 'Bruiseweed'),
(88741, 660, 0, 'Bruiseweed'),
(88742, 660, 0, 'Bruiseweed'),
(88743, 660, 0, 'Bruiseweed'),
(88744, 660, 0, 'Bruiseweed'),
(88745, 660, 0, 'Bruiseweed'),
(88746, 660, 0, 'Bruiseweed'),
(88747, 660, 0, 'Bruiseweed'),
(88748, 660, 0, 'Bruiseweed'),
(88749, 660, 0, 'Bruiseweed'),
(88750, 660, 0, 'Bruiseweed'),
(88751, 659, 0, 'Briarthorn'),
(88752, 659, 0, 'Briarthorn'),
(88753, 659, 0, 'Briarthorn'),
(88754, 659, 0, 'Briarthorn'),
(88755, 659, 0, 'Briarthorn'),
(88756, 660, 0, 'Bruiseweed'),
(88757, 660, 0, 'Bruiseweed'),
(88758, 655, 0, 'Earthroot'),
(88759, 655, 0, 'Earthroot'),
(88760, 658, 0, 'Mageroyal'),
(88761, 657, 0, 'Peacebloom'),
(88762, 656, 0, 'Silverleaf'),
(88763, 659, 0, 'Briarthorn'),
(88764, 660, 0, 'Bruiseweed'),
(88765, 656, 0, 'Silverleaf'),
(88766, 657, 0, 'Peacebloom'),
(88767, 658, 0, 'Mageroyal'),
(88768, 658, 0, 'Mageroyal'),
(88769, 655, 0, 'Earthroot'),
(88770, 656, 0, 'Silverleaf'),
(88771, 658, 0, 'Mageroyal'),
(88772, 658, 0, 'Mageroyal'),
(88773, 658, 0, 'Mageroyal'),
(88774, 660, 0, 'Bruiseweed'),
(88775, 657, 0, 'Peacebloom'),
(88776, 659, 0, 'Briarthorn'),
(88777, 658, 0, 'Mageroyal'),
(88778, 657, 0, 'Peacebloom'),
(88779, 659, 0, 'Briarthorn'),
(88780, 659, 0, 'Briarthorn'),
(88781, 656, 0, 'Silverleaf'),
(88782, 660, 0, 'Bruiseweed'),
(88783, 656, 0, 'Silverleaf'),
(88784, 658, 0, 'Mageroyal'),
(88785, 660, 0, 'Bruiseweed'),
(88786, 657, 0, 'Peacebloom'),
(88787, 655, 0, 'Earthroot'),
(88788, 659, 0, 'Briarthorn'),
(88789, 660, 0, 'Bruiseweed'),
(88790, 658, 0, 'Mageroyal'),
(88791, 657, 0, 'Peacebloom'),
(88792, 659, 0, 'Briarthorn'),
(88793, 655, 0, 'Earthroot'),
(88794, 655, 0, 'Earthroot'),
(88795, 655, 0, 'Earthroot'),
(88796, 658, 0, 'Mageroyal'),
(88797, 656, 0, 'Silverleaf'),
(88798, 659, 0, 'Briarthorn'),
(88799, 660, 0, 'Bruiseweed'),
(88800, 659, 0, 'Briarthorn'),
(88801, 656, 0, 'Silverleaf'),
(88802, 659, 0, 'Briarthorn'),
(88803, 660, 0, 'Bruiseweed'),
(88804, 659, 0, 'Briarthorn'),
(88805, 656, 0, 'Silverleaf'),
(88806, 656, 0, 'Silverleaf'),
(88807, 656, 0, 'Silverleaf'),
(88808, 657, 0, 'Peacebloom'),
(88809, 657, 0, 'Peacebloom'),
(88810, 657, 0, 'Peacebloom'),
(88811, 658, 0, 'Mageroyal'),
(88812, 659, 0, 'Briarthorn'),
(88813, 658, 0, 'Mageroyal'),
(88814, 660, 0, 'Bruiseweed'),
(88815, 656, 0, 'Silverleaf'),
(88816, 658, 0, 'Mageroyal'),
(88817, 656, 0, 'Silverleaf'),
(88818, 656, 0, 'Silverleaf'),
(88819, 656, 0, 'Silverleaf'),
(88820, 656, 0, 'Silverleaf'),
(88821, 659, 0, 'Briarthorn'),
(88822, 659, 0, 'Briarthorn'),
(88823, 659, 0, 'Briarthorn'),
(88824, 659, 0, 'Briarthorn'),
(88825, 657, 0, 'Peacebloom'),
(88826, 660, 0, 'Bruiseweed'),
(88827, 660, 0, 'Bruiseweed'),
(88828, 658, 0, 'Mageroyal'),
(88829, 656, 0, 'Silverleaf'),
(88830, 660, 0, 'Bruiseweed'),
(88831, 660, 0, 'Bruiseweed'),
(88832, 658, 0, 'Mageroyal'),
(88833, 660, 0, 'Bruiseweed'),
(88834, 658, 0, 'Mageroyal'),
(88835, 657, 0, 'Peacebloom'),
(88836, 658, 0, 'Mageroyal'),
(88837, 658, 0, 'Mageroyal'),
(88838, 657, 0, 'Peacebloom'),
(88839, 655, 0, 'Earthroot'),
(88840, 658, 0, 'Mageroyal'),
(88841, 657, 0, 'Peacebloom');

DELETE FROM `gameobject` WHERE `zoneId`=40 AND `guid` BETWEEN 88601 AND 88841;
INSERT INTO `gameobject` (`guid`, `id`, `map`, `zoneId`, `position_x`, `position_y`, `position_z`, `orientation`, `rotation0`, `rotation1`, `rotation2`, `rotation3`, `spawntimesecs`, `animprogress`, `state`) VALUES
(88601, 1617, 0, 40, -9715, 1432.23, 45.368, -3, 0, 0, -0.998135, 0.061049, 900, 100, 1),
(88602, 1617, 0, 40, -10516, 1896.24, 38.193, -2, 0, 0, -0.803857, 0.594823, 900, 100, 1),
(88603, 1617, 0, 40, -10332.2, 1244.15, 39.5897, -1.36136, 0, 0, 0.629321, -0.777146, 900, 100, 1),
(88604, 1617, 0, 40, -9884.5, 1532.05, 47.128, 0.890118, 0, 0, 0.430511, 0.902585, 900, 100, 1),
(88605, 1617, 0, 40, -9869.6, 879.703, 32.099, 2.42601, 0, 0, 0.936672, 0.350207, 900, 100, 1),
(88606, 1617, 0, 40, -10278.2, 1513.24, 41.5956, 3.12414, 0, 0, 0.999962, 0.008727, 900, 100, 1),
(88607, 1617, 0, 40, -9597.17, 971.579, 42.0809, 2.23402, 0, 0, 0.898793, 0.438373, 900, 100, 1),
(88608, 1617, 0, 40, -9815, 1293.21, 40.4487, 0.925, 0, 0, 0.446198, 0.894934, 900, 100, 1),
(88609, 1617, 0, 40, -10128.5, 1001.42, 37.3444, 0.279252, 0, 0, 0.139173, 0.990268, 900, 255, 1),
(88610, 1617, 0, 40, -11041, 1046.19, 36.777, -0.593412, 0, 0, 0.292372, -0.956305, 900, 100, 1),
(88611, 1617, 0, 40, -10156, 1638.51, 40.112, -1, 0, 0, -0.258819, 0.965926, 900, 100, 1),
(88612, 1617, 0, 40, -9736.33, 1204.73, 41.1599, 0.925024, 0, 0, 0.446198, 0.894934, 900, 100, 1),
(88613, 1617, 0, 40, -10000, 1411.01, 40.685, 1.27, 0, 0, 0.593327, 0.804961, 900, 100, 1),
(88614, 1618, 0, 40, -9798, 1221.15, 40.8427, 0.785, 0, 0, 0.382683, 0.92388, 900, 100, 1),
(88615, 1618, 0, 40, -9889.21, 1136.34, 34.2764, 2.67035, 0, 0, 0.972369, 0.233448, 900, 100, 1),
(88616, 1618, 0, 40, -10038, 1397.21, 42.605, -1, 0, 0, -0.594823, 0.803857, 900, 100, 1),
(88617, 1618, 0, 40, -11102, 1730.21, 40.9614, -2.33874, 0, 0, 0.920505, -0.390731, 900, 100, 1),
(88618, 1618, 0, 40, -10814.2, 1072.8, 37.0536, 5.09636, 0, 0, -0.559193, 0.829038, 900, 100, 1),
(88619, 1618, 0, 40, -10363.9, 930.534, 36.7459, 3.05433, 0, 0, 0.999048, 0.043619, 900, 100, 1),
(88620, 1619, 0, 40, -10188, 1545.83, 44.996, 4.964, 0, 0, 0.612835, -0.790211, 900, 100, 1),
(88621, 1619, 0, 40, -10035, 1424.36, 41.557, 0.317, 0, 0, 0.158052, 0.987431, 900, 100, 1),
(88622, 1619, 0, 40, -10418.8, 2031.94, 32.492, -2.23402, 0, 0, 0.898794, -0.438371, 900, 100, 1),
(88623, 1619, 0, 40, -10284, 1691.15, 38.089, 1.44, 0, 0, 0.659355, 0.751831, 900, 100, 1),
(88624, 1619, 0, 40, -10300, 1648.74, 41.808, 1.635, 0, 0, 0.729602, 0.683872, 900, 100, 1),
(88625, 1619, 0, 40, -10191, 1558.5, 45.443, 5.157, 0, 0, 0.533761, -0.845635, 900, 100, 1),
(88626, 1619, 0, 40, -10308, 1618.52, 44.566, 2.129, 0, 0, 0.874663, 0.484731, 900, 100, 1),
(88627, 1619, 0, 40, -10199, 1580.42, 47.025, 5.4, 0, 0, 0.427478, -0.904026, 900, 100, 1),
(88628, 1619, 0, 40, -10281, 1656.58, 42.147, 5.096, 0, 0, 0.559408, -0.828892, 900, 100, 1),
(88629, 1619, 0, 40, -9692.28, 1155.58, 18.8213, 1.74533, 0, 0, 0.766044, 0.642789, 900, 100, 1),
(88630, 1619, 0, 40, -10198, 1459.29, 40.595, 3.578, 0, 0, 0.976234, -0.21672, 900, 100, 1),
(88631, 1619, 0, 40, -10132, 1393.17, 39.556, 3.581, 0, 0, 0.975998, -0.217778, 900, 100, 1),
(88632, 1619, 0, 40, -10218, 1602.85, 47.649, 5.4, 0, 0, 0.427478, -0.904026, 900, 100, 1),
(88633, 1619, 0, 40, -10300, 1637.92, 44.069, 0.728, 0, 0, 0.356189, 0.934414, 900, 100, 1),
(88634, 1619, 0, 40, -10168, 1540.05, 43.443, 5.803, 0, 0, 0.237567, -0.971371, 900, 100, 1),
(88635, 1619, 0, 40, -9644.26, 989.022, 32.6981, 2.46091, 0, 0, 0.942641, 0.333807, 900, 100, 1),
(88636, 1619, 0, 40, -10246, 1950.49, 36.892, 5.642, 0, 0, 0, 0, 900, 100, 1),
(88637, 1619, 0, 40, -10308, 1949.05, 34.555, 2.745, 0, 0, 0.980407, 0.196985, 900, 100, 1),
(88638, 1619, 0, 40, -10164, 1553.73, 44.273, 2.357, 0, 0, 0.924044, 0.382286, 900, 100, 1),
(88639, 1619, 0, 40, -10074, 1402.95, 43.167, 4.832, 0, 0, 0.663665, -0.74803, 900, 100, 1),
(88640, 1620, 0, 40, -9699, 1276.85, 10.238, -1, 0, 0, -0.430511, 0.902585, 900, 100, 1),
(88641, 1620, 0, 40, -10818, 1641, 39.935, -3, 0, 0, -0.999657, 0.026177, 900, 100, 1),
(88642, 1620, 0, 40, -10017, 1736.14, 33.743, 0.262, 0, 0, 0.130526, 0.991445, 900, 100, 1),
(88643, 1620, 0, 40, -10184, 1916.1, 37.072, 3.952, 0, 0, 0, 0, 900, 100, 1),
(88644, 1620, 0, 40, -10151, 1742.41, 31.797, 6.146, 0, 0, 0, 0, 900, 100, 1),
(88645, 1620, 0, 40, -10144, 1751.9, 31.901, 3.775, 0, 0, 0, 0, 900, 100, 1),
(88646, 1620, 0, 40, -10092, 1511.54, 43.331, 2.478, 0, 0, 0.945525, 0.325551, 900, 100, 1),
(88647, 1620, 0, 40, -10155, 1723.76, 32.737, 4.225, 0, 0, 0, 0, 900, 100, 1),
(88648, 1620, 0, 40, -10162, 1646.61, 39.931, 3.256, 0, 0, 0.998378, -0.056935, 900, 100, 1),
(88649, 1620, 0, 40, -10504.3, 853.873, 38.4224, 2.35619, 0, 0, 0.92388, 0.382683, 900, 100, 1),
(88650, 1620, 0, 40, -10570, 2065.27, 10.322, -2, 0, 0, -0.91706, 0.398749, 900, 100, 1),
(88651, 1620, 0, 40, -10169, 1723.78, 32.275, 2.298, 0, 0, 0, 0, 900, 100, 1),
(88652, 1620, 0, 40, -10256, 1673.74, 36.052, 2.278, 0, 0, 0.908285, 0.418352, 900, 100, 1),
(88653, 1620, 0, 40, -10171, 1612, 43.9633, 1.113, 0, 0, 0.528226, 0.849104, 900, 100, 1),
(88654, 1620, 0, 40, -10174, 1632.34, 42.6312, 0.973, 0, 0, 0.467634, 0.883922, 900, 100, 1),
(88655, 1620, 0, 40, -9992, 950.588, 34.2341, 3.747, 0, 0, 0.954586, -0.297935, 900, 100, 1),
(88656, 1620, 0, 40, -10144, 1642.86, 37.93, 0.372, 0, 0, 0.184746, 0.982786, 900, 100, 1),
(88657, 1620, 0, 40, -10112.6, 941.912, 33.8729, 2.67035, 0, 0, 0.972369, 0.233448, 900, 100, 1),
(88658, 1620, 0, 40, -9995, 871.422, 45.056, 0.963, 0, 0, 0.463239, 0.886233, 900, 100, 1),
(88659, 1620, 0, 40, -10129, 1655.87, 38.86, 1.305, 0, 0, 0.607037, 0.794674, 900, 100, 1),
(88660, 1620, 0, 40, -10700.6, 1365.06, 36.4424, 0.523599, 0, 0, 0.258819, 0.965926, 900, 100, 1),
(88661, 1620, 0, 40, -10148, 1659.5, 38.73, 3.844, 0, 0, 0.938999, -0.34392, 900, 100, 1),
(88662, 1620, 0, 40, -10134, 1255.29, 34.452, 5.469, 0, 0, 0.395863, -0.91831, 900, 100, 1),
(88663, 1620, 0, 40, -10134, 1049.23, 36.556, 2.436, 0, 0, 0.938387, 0.345586, 900, 100, 1),
(88664, 1620, 0, 40, -10901, 1167.48, 35.862, 2.688, 0, 0, 0.97437, 0.224951, 900, 100, 1),
(88665, 1620, 0, 40, -10206, 1703.15, 33.316, 3.748, 0, 0, 0.954392, -0.298557, 900, 100, 1),
(88666, 1620, 0, 40, -9982, 1008.57, 32.079, 5.44, 0, 0, 0.409218, -0.912436, 900, 100, 1),
(88667, 1620, 0, 40, -10132, 1744.81, 31.916, 2.509, 0, 0, 0, 0, 900, 100, 1),
(88668, 1620, 0, 40, -10128, 1733.65, 32.975, 1.121, 0, 0, 0.531557, 0.847023, 900, 100, 1),
(88669, 1620, 0, 40, -10368, 1069.46, 36.614, 0.07, 0, 0, 0.034899, 0.999391, 900, 100, 1),
(88670, 1621, 0, 40, -9874, 1417.02, 58.861, 1.726, 0, 0, 0, 0, 900, 100, 1),
(88671, 1621, 0, 40, -10909, 979.189, 37.7574, -3, 0, 0, -0.961262, 0.275638, 900, 100, 1),
(88672, 1621, 0, 40, -10231, 1724.14, 36.823, 5.814, 0, 0, 0.232583, -0.972576, 900, 100, 1),
(88673, 1621, 0, 40, -10273.4, 841.916, 42.2785, 5.11382, 0, 0, -0.551936, 0.833886, 900, 100, 1),
(88674, 1621, 0, 40, -10243, 1752.89, 36.056, 0.567, 0, 0, 0.279628, 0.960108, 900, 100, 1),
(88675, 1621, 0, 40, -11137.1, 1057.05, 37.2187, 0.977384, 0, 0, 0.469472, 0.882948, 900, 100, 1),
(88676, 1621, 0, 40, -10896, 1822.01, 67.726, -3, 0, 0, -0.999848, 0.017453, 900, 100, 1),
(88677, 1621, 0, 40, -10294, 1779.35, 37.641, 0.27, 0, 0, 0, 0, 900, 100, 1),
(88678, 1621, 0, 40, -10253, 1766.26, 35.817, 4.153, 0, 0, 0.874874, -0.484351, 900, 100, 1),
(88679, 1621, 0, 40, -10215, 1740.74, 34.795, 1.411, 0, 0, 0.648379, 0.761318, 900, 100, 1),
(88680, 1621, 0, 40, -9880, 1418.05, 59.977, 1.726, 0, 0, 0, 0, 900, 100, 1),
(88681, 1621, 0, 40, -10973, 1404.34, 43.9937, -1.78024, 0, 0, 0.777146, -0.62932, 900, 100, 1),
(88682, 1621, 0, 40, -10307, 1784.86, 36.678, 4.918, 0, 0, 0, 0, 900, 100, 1),
(88683, 1621, 0, 40, -11176, 1712.59, 40.36, 1.344, 0, 0, 0.622515, 0.782608, 900, 100, 1),
(88684, 1621, 0, 40, -10070, 1681.55, 34.58, 1.428, 0, 0, 0, 0, 900, 100, 1),
(88685, 1621, 0, 40, -10302, 1758.72, 35.381, 3.049, 0, 0, 0.998923, 0.046388, 900, 100, 1),
(88686, 1621, 0, 40, -10135, 1652.07, 38.333, 0, 0, 0, -0.078459, 0.996917, 900, 100, 1),
(88687, 1621, 0, 40, -10254.1, 1136.24, 37.0174, 4.43314, 0, 0, -0.798635, 0.601815, 900, 100, 1),
(88688, 1621, 0, 40, -10310, 1773.86, 35.682, 2.083, 0, 0, 0.863059, 0.505104, 900, 100, 1),
(88689, 1621, 0, 40, -10193, 1711.76, 34.161, 3.525, 0, 0, 0, 0, 900, 100, 1),
(88690, 1621, 0, 40, -10605.6, 1229.34, 33.087, 0.436332, 0, 0, 0.216439, 0.976296, 900, 255, 1),
(88691, 1621, 0, 40, -10247, 1737.16, 37.735, 0.004, 0, 0, 0.00215, 0.999998, 900, 100, 1),
(88692, 1621, 0, 40, -10988, 1633.94, 46.562, -2, 0, 0, -0.833886, 0.551937, 900, 100, 1),
(88693, 1622, 0, 40, -9795, 1013.02, 30.414, 2.009, 0, 0, 0, 0, 1800, 100, 1),
(88694, 1622, 0, 40, -10516, 1570.3, 46.938, 1.671, 0, 0, 0, 0, 1800, 100, 1),
(88695, 1622, 0, 40, -10104, 1067.56, 37.355, 2.501, 0, 0, 0.949151, 0.314823, 1800, 100, 1),
(88696, 1622, 0, 40, -10270, 1371.04, 40.994, 2.327, 0, 0, 0, 0, 1800, 100, 1),
(88697, 1622, 0, 40, -9912, 971.176, 35.217, 3.918, 0, 0, 0.925612, -0.378473, 1800, 100, 1),
(88698, 1622, 0, 40, -10400, 1000.13, 31.803, 1.554, 0, 0, 0, 0, 1800, 100, 1),
(88699, 1622, 0, 40, -9932.17, 903.963, 46.0921, 3.7001, 0, 0, -0.961261, 0.27564, 1800, 100, 1),
(88700, 1622, 0, 40, -9794, 899.709, 27.276, 0.154, 0, 0, 0.076729, 0.997052, 1800, 100, 1),
(88701, 1622, 0, 40, -10656, 1766.8, 37.12, 1.899, 0, 0, 0, 0, 1800, 100, 1),
(88702, 1622, 0, 40, -10629, 1766.8, 35.904, 1.922, 0, 0, 0, 0, 1800, 100, 1),
(88703, 1622, 0, 40, -10786, 952.801, 38.888, 1.656, 0, 0, 0, 0, 1800, 100, 1),
(88704, 1622, 0, 40, -10761, 903.464, 35.294, 4.739, 0, 0, 0, 0, 1800, 100, 1),
(88705, 1622, 0, 40, -11082.8, 1543.46, 44.3462, 4.97, 0, 0, 0, 0, 1800, 100, 1),
(88706, 1622, 0, 40, -10132, 1087.82, 36.284, 2.943, 0, 0, 0, 0, 1800, 100, 1),
(88707, 1622, 0, 40, -10407.1, 950.457, 38.3258, 5.14872, 0, 0, -0.537299, 0.843392, 1800, 100, 1),
(88708, 1622, 0, 40, -10950, 1559.4, 46.977, 0.474, 0, 0, 0, 0, 1800, 100, 1),
(88709, 1622, 0, 40, -10661, 1147.29, 33.688, 3.863, 0, 0, 0, 0, 1800, 100, 1),
(88710, 1622, 0, 40, -10705, 1507.03, 47.505, 2.976, 0, 0, 0.996582, 0.082613, 1800, 100, 1),
(88711, 1622, 0, 40, -10663, 1795.29, 35.998, 5.422, 0, 0, 0, 0, 1800, 100, 1),
(88712, 1622, 0, 40, -10637, 1799.33, 32.961, 5.296, 0, 0, 0, 0, 1800, 100, 1),
(88713, 1622, 0, 40, -10271, 1364.58, 41.409, 2.327, 0, 0, 0, 0, 1800, 100, 1),
(88714, 1622, 0, 40, -9934, 887.517, 35.982, 5.291, 0, 0, 0.476104, -0.879389, 1800, 100, 1),
(88715, 1622, 0, 40, -10422, 1922, 6.679, 4.942, 0, 0, 0, 0, 1800, 100, 1),
(88716, 1622, 0, 40, -11193, 918.808, 50.505, 0.949, 0, 0, 0, 0, 1800, 100, 1),
(88717, 1622, 0, 40, -10524.1, 1007.91, 56.1392, 5.74214, 0, 0, -0.267238, 0.963631, 1800, 100, 1),
(88718, 1622, 0, 40, -9755, 954.643, 31.845, 1.007, 0, 0, 0.48263, 0.875824, 1800, 100, 1),
(88719, 1622, 0, 40, -9801, 1508.53, 42.485, 4.852, 0, 0, 0, 0, 1800, 100, 1),
(88720, 1622, 0, 40, -10049, 1506.91, 46.277, 5.806, 0, 0, 0, 0, 1800, 100, 1),
(88721, 1622, 0, 40, -9783, 1507.84, 42.32, 2.118, 0, 0, 0, 0, 1800, 100, 1),
(88722, 1622, 0, 40, -9819, 1598.62, 37.663, 5.547, 0, 0, 0, 0, 1800, 100, 1),
(88723, 1622, 0, 40, -9911, 1336.12, 44.112, 3.854, 0, 0, 0, 0, 1800, 100, 1),
(88724, 1622, 0, 40, -9834, 1284.55, 40.449, -3, 0, 0, -0.97237, 0.233445, 1800, 100, 1),
(88725, 1622, 0, 40, -10424, 996.851, 34.5249, 6.133, 0, 0, 0, 0, 1800, 100, 1),
(88726, 1622, 0, 40, -11052, 1468.05, 43.202, 0.524, 0, 0, 0.258819, 0.965926, 1800, 100, 1),
(88727, 1622, 0, 40, -9984, 1327.06, 42.898, 0.607, 0, 0, 0.298733, 0.954337, 1800, 100, 1),
(88728, 1622, 0, 40, -10733, 1647.5, 45.103, 1.844, 0, 0, 0, 0, 1800, 100, 1),
(88729, 1622, 0, 40, -10024, 1458.28, 42.059, 1.09, 0, 0, 0, 0, 1800, 100, 1),
(88730, 1622, 0, 40, -10043.7, 1089.09, 39.466, 3.73501, 0, 0, -0.956305, 0.292372, 1800, 100, 1),
(88731, 1622, 0, 40, -10625, 1034.28, 34.4239, 5.537, 0, 0, 0.36473, -0.931113, 1800, 100, 1),
(88732, 1622, 0, 40, -10516, 1599.46, 43.7435, 1.372, 0, 0, 0, 0, 1800, 100, 1),
(88733, 1622, 0, 40, -10677, 1492.31, 47.2441, 1.256, 0, 0, 0.587611, 0.809143, 1800, 100, 1),
(88734, 1622, 0, 40, -9957, 1430.42, 61.263, 2.269, 0, 0, 0.906308, 0.422618, 1800, 100, 1),
(88735, 1622, 0, 40, -9942, 1495.81, 63.798, 6.136, 0, 0, 0, 0, 1800, 100, 1),
(88736, 1622, 0, 40, -9992, 1472.13, 41.996, 0.402, 0, 0, 0, 0, 1800, 100, 1),
(88737, 1622, 0, 40, -11082, 1815.47, 37.459, 2.319, 0, 0, 0, 0, 1800, 100, 1),
(88738, 1622, 0, 40, -10944, 1556.14, 45.135, 0.474, 0, 0, 0, 0, 1800, 100, 1),
(88739, 1622, 0, 40, -10009, 1504.53, 42.663, 0.781, 0, 0, 0.380744, 0.92468, 1800, 100, 1),
(88740, 1622, 0, 40, -10012, 1060.99, 38.445, 5.272, 0, 0, 0, 0, 1800, 100, 1),
(88741, 1622, 0, 40, -9857, 880.627, 30.872, 1.514, 0, 0, 0.686699, 0.726941, 1800, 100, 1),
(88742, 1622, 0, 40, -10738, 1726.34, 42.927, 1.99, 0, 0, 0.83867, 0.544639, 1800, 100, 1),
(88743, 1622, 0, 40, -9853.16, 1047.78, 33.4548, 0.488691, 0, 0, 0.241921, 0.970296, 1800, 100, 1),
(88744, 1622, 0, 40, -10717, 1723.13, 42.518, 3.447, 0, 0, 0, 0, 1800, 100, 1),
(88745, 1622, 0, 40, -9986, 853.432, 37.714, -3, 0, 0, -0.994522, 0.104529, 1800, 100, 1),
(88746, 1622, 0, 40, -10454, 1714.34, 35.142, 5.41, 0, 0, 0.422827, -0.90621, 1800, 100, 1),
(88747, 1622, 0, 40, -9847.73, 1028.62, 33.1342, -1.67552, 0, 0, 0.743145, -0.669131, 1800, 100, 1),
(88748, 1622, 0, 40, -10424, 960.77, 38.2225, 4.739, 0, 0, 0, 0, 1800, 100, 1),
(88749, 1622, 0, 40, -9875, 973.888, 31.165, 0.787, 0, 0, 0, 0, 1800, 100, 1),
(88750, 1622, 0, 40, -10987, 858.195, 36.162, 3.038, 0, 0, 0, 0, 1800, 100, 1),
(88751, 1621, 0, 40, -9926.93, 814.123, 30.1192, 3.76991, 0, 0, -0.951056, 0.309017, 300, 100, 1),
(88752, 1621, 0, 40, -11408.4, 1939.08, 10.2287, 3.45576, 0, 0, -0.987688, 0.156436, 300, 100, 1),
(88753, 1621, 0, 40, -11382.5, 1712.27, 34.3837, 3.68265, 0, 0, -0.96363, 0.267241, 300, 100, 1),
(88754, 1621, 0, 40, -10092.6, 1601.71, 41.0102, 0.104719, 0, 0, 0.0523357, 0.99863, 300, 100, 1),
(88755, 1621, 0, 40, -10475.8, 1712.75, 36.2335, 6.03884, 0, 0, -0.121869, 0.992546, 300, 100, 1),
(88756, 1622, 0, 40, -9793.57, 1498.49, 42.9337, 4.4855, 0, 0, -0.782608, 0.622515, 300, 100, 1),
(88757, 1622, 0, 40, -10447, 1912.6, 9.39542, 1.78023, 0, 0, 0.777145, 0.629321, 300, 100, 1),
(88758, 1619, 0, 40, -10529.2, 2043.47, 36.7139, 5.48033, 0, 0, -0.390731, 0.920505, 300, 100, 1),
(88759, 1619, 0, 40, -9699.69, 1070.95, 24.5274, 3.54302, 0, 0, -0.979924, 0.19937, 300, 100, 1),
(88760, 1620, 0, 40, -9782.94, 1451.85, 44.3567, 3.78737, 0, 0, -0.948323, 0.317306, 300, 100, 1),
(88761, 1618, 0, 40, -9792.85, 1410.87, 41.2623, 1.55334, 0, 0, 0.700909, 0.713251, 300, 100, 1),
(88762, 1617, 0, 40, -11091.3, 996.767, 35.9869, 1.39626, 0, 0, 0.642787, 0.766045, 300, 100, 1),
(88763, 1621, 0, 40, -10910.6, 1550.8, 55.2261, 1.309, 0, 0, 0.608761, 0.793353, 900, 100, 1),
(88764, 1622, 0, 40, -9813.7, 865.911, 25.9242, 1.58825, 0, 0, 0.71325, 0.700909, 1800, 100, 1),
(88765, 1617, 0, 40, -9757.84, 947.896, 30.6724, 1.98968, 0, 0, 0.838671, 0.544639, 900, 100, 1),
(88766, 1618, 0, 40, -10085.1, 1779.87, 35.3454, -1.65806, 0, 0, 0.737277, -0.67559, 900, 100, 1),
(88767, 1620, 0, 40, -9920.78, 1747.56, 14.0297, -2.30383, 0, 0, 0.913545, -0.406737, 900, 100, 1),
(88768, 1620, 0, 40, -10154, 2004.12, 9.56525, 1.0821, 0, 0, 0.515038, 0.857167, 900, 100, 1),
(88769, 1619, 0, 40, -10148.5, 2027.09, 22.9411, 1.25664, 0, 0, 0.587785, 0.809017, 900, 100, 1),
(88770, 1617, 0, 40, -10165.6, 1730.2, 31.9278, 1.93731, 0, 0, 0.824126, 0.566406, 900, 100, 1),
(88771, 1620, 0, 40, -10301.8, 2022.11, 11.1882, 4.20625, 0, 0, -0.861629, 0.507539, 300, 100, 1),
(88772, 1620, 0, 40, -9802.65, 1674.11, 11.6686, 3.42085, 0, 0, -0.990268, 0.139175, 300, 100, 1),
(88773, 1620, 0, 40, -10382.2, 1148.62, 35.6488, 4.71239, 0, 0, 0.707107, -0.707107, 900, 100, 1),
(88774, 1622, 0, 40, -10758.3, 882.721, 35.5663, -2.11185, 0, 0, 0.870356, -0.492423, 1800, 100, 1),
(88775, 1618, 0, 40, -10473.3, 1431.99, 47.6578, 0.942478, 0, 0, 0.45399, 0.891007, 900, 100, 1),
(88776, 1621, 0, 40, -10485, 1508.12, 64.7425, -2.60054, 0, 0, 0.96363, -0.267238, 900, 100, 1),
(88777, 1620, 0, 40, -10333.3, 1529.97, 40.7884, -1.3439, 0, 0, 0.622515, -0.782608, 900, 100, 1),
(88778, 1618, 0, 40, -10402.8, 1629.95, 38.2378, 2.32129, 0, 0, 0.91706, 0.39875, 300, 100, 1),
(88779, 1621, 0, 40, -10870.6, 1083.95, 39.6233, 3.14159, 0, 0, 1, 0, 900, 100, 1),
(88780, 1621, 0, 40, -10982.5, 1119.15, 40.2986, 2.30383, 0, 0, 0.913545, 0.406738, 300, 100, 1),
(88781, 1617, 0, 40, -9692.39, 930.336, 33.7575, 1.97222, 0, 0, 0.833886, 0.551937, 900, 100, 1),
(88782, 1622, 0, 40, -9915.18, 930.207, 34.1456, 1.37881, 0, 0, 0.636078, 0.771625, 1800, 100, 1),
(88783, 1617, 0, 40, -9729.85, 1043.7, 35.997, 3.12414, 0, 0, 0.999962, 0.008727, 900, 100, 1),
(88784, 1620, 0, 40, -10698.9, 932.072, 36.6582, -1.09956, 0, 0, 0.522499, -0.85264, 900, 100, 1),
(88785, 1622, 0, 40, -10783.4, 912.195, 34.0927, -1.18682, 0, 0, 0.559193, -0.829037, 1800, 100, 1),
(88786, 1618, 0, 40, -10696.7, 1433.84, 41.4072, -0.191986, 0, 0, 0.095846, -0.995396, 900, 100, 1),
(88787, 1619, 0, 40, -10354.3, 1882.78, 38.931, -2.84489, 0, 0, 0.989016, -0.147809, 900, 100, 1),
(88788, 1621, 0, 40, -10397.8, 1926.35, 10.1886, -0.715585, 0, 0, 0.350207, -0.936672, 900, 100, 1),
(88789, 1622, 0, 40, -9951.39, 1449.66, 64.6033, 2.26893, 0, 0, 0.906308, 0.422618, 1800, 100, 1),
(88790, 1620, 0, 40, -9996.08, 1878.73, 12.3701, 2.56563, 0, 0, 0.95882, 0.284015, 900, 100, 1),
(88791, 1618, 0, 40, -10275.3, 1933.49, 33.0991, 0.191986, 0, 0, 0.095846, 0.995396, 900, 100, 1),
(88792, 1621, 0, 40, -10549, 1976.87, 33.9606, 2.28638, 0, 0, 0.909961, 0.414694, 300, 100, 1),
(88793, 1619, 0, 40, -10827.6, 2052.28, 27.6429, -2.18166, 0, 0, 0.887011, -0.461749, 900, 100, 1),
(88794, 1619, 0, 40, -10666.7, 1987.77, 34.5242, 3.57793, 0, 0, -0.976295, 0.216442, 300, 100, 1),
(88795, 1619, 0, 40, -11292.6, 1869.2, 37.1779, 5.93412, 0, 0, -0.173648, 0.984808, 300, 100, 1),
(88796, 1620, 0, 40, -11067.5, 1865.32, 34.6777, 2.49582, 0, 0, 0.948324, 0.317305, 900, 100, 1),
(88797, 1617, 0, 40, -10880.8, 1839.2, 73.2964, 0.890118, 0, 0, 0.430511, 0.902585, 900, 100, 1),
(88798, 1621, 0, 40, -10702.9, 1829.45, 40.1955, -2.77507, 0, 0, 0.983255, -0.182235, 900, 100, 1),
(88799, 1622, 0, 40, -10742, 1648.85, 45.6545, 2.30383, 0, 0, 0.913545, 0.406737, 1800, 100, 1),
(88800, 1621, 0, 40, -10558.9, 894.501, 34.7862, 0.314159, 0, 0, 0.156434, 0.987688, 900, 100, 1),
(88801, 1617, 0, 40, -11169.6, 895.545, 42.3367, 1.02974, 0, 0, 0.492424, 0.870356, 900, 100, 1),
(88802, 1621, 0, 40, -10152.7, 1377.54, 39.4594, -2.46091, 0, 0, 0.942641, -0.333807, 900, 100, 1),
(88803, 1622, 0, 40, -10106.3, 1051.02, 36.4797, 0.890118, 0, 0, 0.430511, 0.902585, 1800, 100, 1),
(88804, 1621, 0, 40, -10709.5, 1962.58, 35.4621, 2.11185, 0, 0, 0.870356, 0.492424, 300, 100, 1),
(88805, 1617, 0, 40, -10995.4, 1965.8, 33.421, 1.0821, 0, 0, 0.515038, 0.857168, 300, 100, 1),
(88806, 1617, 0, 40, -11215.1, 1846.08, 35.4977, 5.63741, 0, 0, -0.317305, 0.948324, 300, 100, 1),
(88807, 1617, 0, 40, -9977.84, 952.781, 32.1047, 1.64061, 0, 0, 0.731354, 0.681998, 900, 100, 1),
(88808, 1618, 0, 40, -10028.1, 1030.02, 36.5747, -2.75762, 0, 0, 0.981627, -0.190809, 900, 100, 1),
(88809, 1618, 0, 40, -10202.1, 945.401, 37.1596, 2.05949, 0, 0, 0.857167, 0.515038, 900, 100, 1),
(88810, 1618, 0, 40, -10833.5, 1232.25, 32.9296, -0.20944, 0, 0, 0.104528, -0.994522, 900, 100, 1),
(88811, 1620, 0, 40, -10932.7, 1331.54, 35.9677, 1.25664, 0, 0, 0.587785, 0.809017, 900, 100, 1),
(88812, 1621, 0, 40, -11042.4, 1486.27, 43.7401, -0.593412, 0, 0, 0.292372, -0.956305, 900, 100, 1),
(88813, 1620, 0, 40, -11079.2, 1388.65, 45.8765, 1.13446, 0, 0, 0.537299, 0.843392, 300, 100, 1),
(88814, 1622, 0, 40, -11095.7, 1524.61, 43.1948, 1.97222, 0, 0, 0.833886, 0.551937, 1800, 100, 1),
(88815, 1617, 0, 40, -10224.7, 1052.03, 37.59, -1.06465, 0, 0, 0.507538, -0.861629, 900, 100, 1),
(88816, 1620, 0, 40, -10524, 1176.9, 34.2627, 0.837758, 0, 0, 0.406737, 0.913545, 900, 100, 1),
(88817, 1617, 0, 40, -11201.2, 1329.07, 89.256, 1.88496, 0, 0, 0.809017, 0.587785, 900, 100, 1),
(88818, 1617, 0, 40, -11255.3, 1155.87, 89.0312, 4.59022, 0, 0, -0.748956, 0.66262, 300, 100, 1),
(88819, 1617, 0, 40, -11288, 1559.09, 71.4569, 2.21657, 0, 0, 0.894934, 0.446199, 300, 100, 1),
(88820, 1617, 0, 40, -10307.6, 1344.26, 40.4595, 3.29869, 0, 0, -0.996917, 0.0784664, 900, 0, 1),
(88821, 1621, 0, 40, -11073, 1547.72, 44.5846, 0.733038, 0, 0, 0.358368, 0.93358, 900, 0, 1),
(88822, 1621, 0, 40, -11017.3, 1273.56, 42.0886, 0, 0, 0, 0, 0, 900, 0, 1),
(88823, 1621, 0, 40, -11052.6, 1197.83, 44.0466, 2.86234, 0, 0, 0.990268, 0.139175, 300, 100, 1),
(88824, 1621, 0, 40, -10585.6, 1153.83, 39.8396, 1.88496, 0, 0, 0.809017, 0.587785, 900, 100, 1),
(88825, 1618, 0, 40, -10241.4, 1770.12, 36.702, 0.401426, 0, 0, 0.199368, 0.979925, 900, 100, 1),
(88826, 1622, 0, 40, -10728.3, 1725.82, 42.8853, 1.98968, 0, 0, 0.838671, 0.544639, 1800, 100, 1),
(88827, 1622, 0, 40, -10128.7, 1063.89, 36.2835, -2.58309, 0, 0, 0.961262, -0.275637, 1800, 100, 1),
(88828, 1620, 0, 40, -10346.7, 1661.32, 34.2802, -1.20428, 0, 0, 0.566406, -0.824126, 900, 100, 1),
(88829, 1617, 0, 40, -10025.3, 1585.59, 41.4551, 0.139626, 0, 0, 0.069756, 0.997564, 900, 100, 1),
(88830, 1622, 0, 40, -10954.4, 1538, 44.3892, -2.32129, 0, 0, 0.91706, -0.398749, 1800, 100, 1),
(88831, 1622, 0, 40, -9982.7, 1443.37, 43.6065, -3.03687, 0, 0, 0.99863, -0.052336, 1800, 100, 1),
(88832, 1620, 0, 40, -10385.4, 1511.15, 40.8489, -0.331612, 0, 0, 0.165048, -0.986286, 900, 100, 1),
(88833, 1622, 0, 40, -10678.4, 1114.52, 34.4814, -0.872665, 0, 0, 0.422618, -0.906308, 1800, 100, 1),
(88834, 1620, 0, 40, -11000.8, 866.014, 36.2081, -3.07178, 0, 0, 0.999391, -0.034899, 900, 100, 1),
(88835, 1618, 0, 40, -11002.8, 1153.5, 39.7658, 1.16937, 0, 0, 0.551937, 0.833886, 900, 100, 1),
(88836, 1620, 0, 40, -11019.1, 2025.29, 10.9935, 2.98451, 0, 0, 0.996917, 0.078459, 900, 100, 1),
(88837, 1620, 0, 40, -10804.1, 2060.42, 10.0065, 2.11185, 0, 0, 0.870356, 0.492424, 300, 100, 1),
(88838, 1618, 0, 40, -10990.6, 1007.12, 37.6851, 0.453785, 0, 0, 0.224951, 0.97437, 300, 100, 1),
(88839, 1619, 0, 40, -9778.02, 1586.12, 39.4332, -2.18166, 0, 0, 0.887011, -0.461749, 900, 100, 1),
(88840, 1620, 0, 40, -9609.96, 1027.01, 7.99688, -2.89725, 0, 0, 0.992546, -0.121869, 900, 100, 1),
(88841, 1618, 0, 40, -11136.2, 761.5, 36.2952, 2.00713, 0, 0, 0.843391, 0.5373, 300, 100, 1);

-- Duskwood
DELETE FROM `pool_gameobject` WHERE `pool_entry` IN (995);
DELETE FROM `pool_template` WHERE `entry` IN (995);
DELETE FROM `gameobject` WHERE `guid` IN (2126,2132,2175,2214,2265,2346,2398,2556,2570,2571,2575,2576,2577,2578,2586,2588,2589,2595,2601,2604,2606,2608,2609,2630,2635,2636,2637,2638,2639,2640,2641,2647,2658,2664,2669,2680,2681,2685,2688,2694,2698,2701,2702,2705,2710,2711,2714,2726,2740,2741,2746,2757,2777,2780,2784,2787,2790,2791,2792,2796,2799,2802,2803,2810,2812,2813,2816,2832,2833,2838,2839,2840,2841,2842,2843,2844,2845,2851,2854,2855,2866,2867,2870,2909,2915,2916,2924,2926,2927,2957,2977,2978,2980,3005,3016,3019,3061,3087,3120,3128,3152,3180,3181,3183,3239,3241,3254,3255,3256,3263,3291,3309,3313,3314,3316,3317,3336,3343,3346,3366,3367,3369,3378,3400,3436,3438,3442,3466,3467,3468,3471,3472,3488,3500,3513,3514,3537,3567,3572,3600,3620,3632,3637,3678,3724,3755,3761,3769,3775,3777,3800,3842,3878,3882,4009,4136,4178,4209,4284,4304,4309,4319,4328,4345,4376,4377,4407,4413,4424,4432,4433,4435,4436,4438,4439,4440,4446,4447,4448,4452,4454,4455,4458,4461,4462,4463,4465,4466,4470,4473,4474,4479,4480,4484,4485,4488,4491,4494,4500,4502,4504,14026,14027,14028,16754,16985,16986,16987,17144,18183,18472,18569,18570,18579,29353,30372,30376,31139,31302,31304,32099,32469,32474,32481,33151,33155,33157,33425,33429,33430,33458,33459,33468,33469,33470,33471,33476,33483,33486,33490,39975,39976,39979,39988,39995,42482,42483,63306,63308,63309,63310,63311,63313,63326,63327,63331,63332,63333,63334,63336,63346,63349,63355,63356,63357,63358,63359,63360,63361,63374,63375,63376,63377,63380,63381,63390,63391,63392,63393,63394,63404,63411,63412,63415,65007,65018,65033,65036,65037,65038,65040,65042,65051,65062,65063,65102,65103,65113,85453,86257,86271,86321,86327,86349,87043,87044,87264);

-- Vmangos pools: (1113,1114,1115,1116,1117);
DELETE FROM `pool_template` WHERE `entry` BETWEEN 661 AND 665;
INSERT INTO `pool_template` (`entry`, `max_limit`, `description`) VALUES
(661, 20, 'Briarthorn in Duskwood'),
(662, 3, 'Wild Steelbloom in Duskwood'),
(663, 14, 'Bruiseweed in Duskwood'),
(664, 5, 'Mageroyal in Duskwood'),
(665, 6, 'Kingsblood in Duskwood');

DELETE FROM `pool_gameobject` WHERE `guid` BETWEEN 85389 AND 85643;
INSERT INTO `pool_gameobject` (`guid`, `pool_entry`, `chance`, `description`) VALUES 
(85389, 664, 0, 'Mageroyal'),
(85390, 664, 0, 'Mageroyal'),
(85391, 664, 0, 'Mageroyal'),
(85392, 664, 0, 'Mageroyal'),
(85393, 664, 0, 'Mageroyal'),
(85394, 664, 0, 'Mageroyal'),
(85395, 664, 0, 'Mageroyal'),
(85396, 661, 0, 'Briarthorn'),
(85397, 661, 0, 'Briarthorn'),
(85398, 661, 0, 'Briarthorn'),
(85399, 661, 0, 'Briarthorn'),
(85400, 661, 0, 'Briarthorn'),
(85401, 661, 0, 'Briarthorn'),
(85402, 661, 0, 'Briarthorn'),
(85403, 661, 0, 'Briarthorn'),
(85404, 661, 0, 'Briarthorn'),
(85405, 661, 0, 'Briarthorn'),
(85406, 661, 0, 'Briarthorn'),
(85407, 661, 0, 'Briarthorn'),
(85408, 661, 0, 'Briarthorn'),
(85409, 661, 0, 'Briarthorn'),
(85410, 661, 0, 'Briarthorn'),
(85411, 661, 0, 'Briarthorn'),
(85412, 661, 0, 'Briarthorn'),
(85413, 661, 0, 'Briarthorn'),
(85414, 661, 0, 'Briarthorn'),
(85415, 661, 0, 'Briarthorn'),
(85416, 661, 0, 'Briarthorn'),
(85417, 661, 0, 'Briarthorn'),
(85418, 661, 0, 'Briarthorn'),
(85419, 661, 0, 'Briarthorn'),
(85420, 661, 0, 'Briarthorn'),
(85421, 661, 0, 'Briarthorn'),
(85422, 661, 0, 'Briarthorn'),
(85423, 661, 0, 'Briarthorn'),
(85424, 661, 0, 'Briarthorn'),
(85425, 661, 0, 'Briarthorn'),
(85426, 661, 0, 'Briarthorn'),
(85427, 661, 0, 'Briarthorn'),
(85428, 661, 0, 'Briarthorn'),
(85429, 661, 0, 'Briarthorn'),
(85430, 661, 0, 'Briarthorn'),
(85431, 661, 0, 'Briarthorn'),
(85432, 661, 0, 'Briarthorn'),
(85433, 661, 0, 'Briarthorn'),
(85434, 661, 0, 'Briarthorn'),
(85435, 661, 0, 'Briarthorn'),
(85436, 661, 0, 'Briarthorn'),
(85437, 661, 0, 'Briarthorn'),
(85438, 661, 0, 'Briarthorn'),
(85439, 661, 0, 'Briarthorn'),
(85440, 661, 0, 'Briarthorn'),
(85441, 661, 0, 'Briarthorn'),
(85442, 661, 0, 'Briarthorn'),
(85443, 661, 0, 'Briarthorn'),
(85444, 661, 0, 'Briarthorn'),
(85445, 661, 0, 'Briarthorn'),
(85446, 661, 0, 'Briarthorn'),
(85447, 661, 0, 'Briarthorn'),
(85448, 661, 0, 'Briarthorn'),
(85449, 661, 0, 'Briarthorn'),
(85450, 661, 0, 'Briarthorn'),
(85451, 661, 0, 'Briarthorn'),
(85452, 661, 0, 'Briarthorn'),
(85453, 661, 0, 'Briarthorn'),
(85454, 661, 0, 'Briarthorn'),
(85455, 661, 0, 'Briarthorn'),
(85456, 661, 0, 'Briarthorn'),
(85457, 661, 0, 'Briarthorn'),
(85458, 661, 0, 'Briarthorn'),
(85459, 661, 0, 'Briarthorn'),
(85460, 661, 0, 'Briarthorn'),
(85461, 661, 0, 'Briarthorn'),
(85462, 661, 0, 'Briarthorn'),
(85463, 661, 0, 'Briarthorn'),
(85464, 661, 0, 'Briarthorn'),
(85465, 661, 0, 'Briarthorn'),
(85466, 661, 0, 'Briarthorn'),
(85467, 661, 0, 'Briarthorn'),
(85468, 661, 0, 'Briarthorn'),
(85469, 661, 0, 'Briarthorn'),
(85470, 661, 0, 'Briarthorn'),
(85471, 661, 0, 'Briarthorn'),
(85472, 661, 0, 'Briarthorn'),
(85473, 661, 0, 'Briarthorn'),
(85474, 663, 0, 'Bruiseweed'),
(85475, 663, 0, 'Bruiseweed'),
(85476, 663, 0, 'Bruiseweed'),
(85477, 663, 0, 'Bruiseweed'),
(85478, 663, 0, 'Bruiseweed'),
(85479, 663, 0, 'Bruiseweed'),
(85480, 663, 0, 'Bruiseweed'),
(85481, 663, 0, 'Bruiseweed'),
(85482, 663, 0, 'Bruiseweed'),
(85483, 663, 0, 'Bruiseweed'),
(85484, 663, 0, 'Bruiseweed'),
(85485, 663, 0, 'Bruiseweed'),
(85486, 663, 0, 'Bruiseweed'),
(85487, 663, 0, 'Bruiseweed'),
(85488, 663, 0, 'Bruiseweed'),
(85489, 663, 0, 'Bruiseweed'),
(85490, 663, 0, 'Bruiseweed'),
(85491, 663, 0, 'Bruiseweed'),
(85492, 663, 0, 'Bruiseweed'),
(85493, 663, 0, 'Bruiseweed'),
(85494, 663, 0, 'Bruiseweed'),
(85495, 663, 0, 'Bruiseweed'),
(85496, 663, 0, 'Bruiseweed'),
(85497, 663, 0, 'Bruiseweed'),
(85498, 663, 0, 'Bruiseweed'),
(85499, 663, 0, 'Bruiseweed'),
(85500, 663, 0, 'Bruiseweed'),
(85501, 663, 0, 'Bruiseweed'),
(85502, 663, 0, 'Bruiseweed'),
(85503, 663, 0, 'Bruiseweed'),
(85504, 663, 0, 'Bruiseweed'),
(85505, 663, 0, 'Bruiseweed'),
(85506, 663, 0, 'Bruiseweed'),
(85507, 663, 0, 'Bruiseweed'),
(85508, 663, 0, 'Bruiseweed'),
(85509, 663, 0, 'Bruiseweed'),
(85510, 663, 0, 'Bruiseweed'),
(85511, 663, 0, 'Bruiseweed'),
(85512, 663, 0, 'Bruiseweed'),
(85513, 663, 0, 'Bruiseweed'),
(85514, 663, 0, 'Bruiseweed'),
(85515, 663, 0, 'Bruiseweed'),
(85516, 663, 0, 'Bruiseweed'),
(85517, 663, 0, 'Bruiseweed'),
(85518, 663, 0, 'Bruiseweed'),
(85519, 663, 0, 'Bruiseweed'),
(85520, 663, 0, 'Bruiseweed'),
(85521, 663, 0, 'Bruiseweed'),
(85522, 663, 0, 'Bruiseweed'),
(85523, 663, 0, 'Bruiseweed'),
(85524, 663, 0, 'Bruiseweed'),
(85525, 663, 0, 'Bruiseweed'),
(85526, 663, 0, 'Bruiseweed'),
(85527, 663, 0, 'Bruiseweed'),
(85528, 663, 0, 'Bruiseweed'),
(85529, 663, 0, 'Bruiseweed'),
(85530, 663, 0, 'Bruiseweed'),
(85531, 663, 0, 'Bruiseweed'),
(85532, 663, 0, 'Bruiseweed'),
(85533, 663, 0, 'Bruiseweed'),
(85534, 663, 0, 'Bruiseweed'),
(85535, 663, 0, 'Bruiseweed'),
(85536, 663, 0, 'Bruiseweed'),
(85537, 663, 0, 'Bruiseweed'),
(85538, 663, 0, 'Bruiseweed'),
(85539, 663, 0, 'Bruiseweed'),
(85540, 663, 0, 'Bruiseweed'),
(85541, 663, 0, 'Bruiseweed'),
(85542, 663, 0, 'Bruiseweed'),
(85543, 663, 0, 'Bruiseweed'),
(85544, 662, 0, 'Wild Steelbloom'),
(85545, 662, 0, 'Wild Steelbloom'),
(85546, 662, 0, 'Wild Steelbloom'),
(85547, 662, 0, 'Wild Steelbloom'),
(85548, 665, 0, 'Kingsblood'),
(85549, 665, 0, 'Kingsblood'),
(85550, 665, 0, 'Kingsblood'),
(85551, 665, 0, 'Kingsblood'),
(85552, 665, 0, 'Kingsblood'),
(85553, 665, 0, 'Kingsblood'),
(85554, 665, 0, 'Kingsblood'),
(85555, 665, 0, 'Kingsblood'),
(85556, 665, 0, 'Kingsblood'),
(85557, 661, 0, 'Briarthorn'),
(85558, 661, 0, 'Briarthorn'),
(85559, 661, 0, 'Briarthorn'),
(85560, 661, 0, 'Briarthorn'),
(85561, 661, 0, 'Briarthorn'),
(85562, 661, 0, 'Briarthorn'),
(85563, 661, 0, 'Briarthorn'),
(85564, 661, 0, 'Briarthorn'),
(85565, 661, 0, 'Briarthorn'),
(85566, 661, 0, 'Briarthorn'),
(85567, 661, 0, 'Briarthorn'),
(85568, 661, 0, 'Briarthorn'),
(85569, 663, 0, 'Bruiseweed'),
(85570, 663, 0, 'Bruiseweed'),
(85571, 663, 0, 'Bruiseweed'),
(85572, 663, 0, 'Bruiseweed'),
(85573, 663, 0, 'Bruiseweed'),
(85574, 663, 0, 'Bruiseweed'),
(85575, 663, 0, 'Bruiseweed'),
(85576, 662, 0, 'Wild Steelbloom'),
(85577, 663, 0, 'Bruiseweed'),
(85578, 662, 0, 'Wild Steelbloom'),
(85579, 665, 0, 'Kingsblood'),
(85580, 665, 0, 'Kingsblood'),
(85581, 665, 0, 'Kingsblood'),
(85582, 665, 0, 'Kingsblood'),
(85583, 661, 0, 'Briarthorn'),
(85584, 665, 0, 'Kingsblood'),
(85585, 665, 0, 'Kingsblood'),
(85586, 665, 0, 'Kingsblood'),
(85587, 665, 0, 'Kingsblood'),
(85588, 665, 0, 'Kingsblood'),
(85589, 664, 0, 'Mageroyal'),
(85590, 664, 0, 'Mageroyal'),
(85591, 661, 0, 'Briarthorn'),
(85592, 661, 0, 'Briarthorn'),
(85593, 664, 0, 'Mageroyal'),
(85594, 663, 0, 'Bruiseweed'),
(85595, 664, 0, 'Mageroyal'),
(85596, 664, 0, 'Mageroyal'),
(85597, 662, 0, 'Wild Steelbloom'),
(85598, 662, 0, 'Wild Steelbloom'),
(85599, 662, 0, 'Wild Steelbloom'),
(85600, 661, 0, 'Briarthorn'),
(85601, 661, 0, 'Briarthorn'),
(85602, 664, 0, 'Mageroyal'),
(85603, 665, 0, 'Kingsblood'),
(85604, 663, 0, 'Bruiseweed'),
(85605, 663, 0, 'Bruiseweed'),
(85606, 664, 0, 'Mageroyal'),
(85607, 661, 0, 'Briarthorn'),
(85608, 665, 0, 'Kingsblood'),
(85609, 663, 0, 'Bruiseweed'),
(85610, 661, 0, 'Briarthorn'),
(85611, 662, 0, 'Wild Steelbloom'),
(85612, 662, 0, 'Wild Steelbloom'),
(85613, 662, 0, 'Wild Steelbloom'),
(85614, 661, 0, 'Briarthorn'),
(85615, 661, 0, 'Briarthorn'),
(85616, 664, 0, 'Mageroyal'),
(85617, 661, 0, 'Briarthorn'),
(85618, 663, 0, 'Bruiseweed'),
(85619, 661, 0, 'Briarthorn'),
(85620, 663, 0, 'Bruiseweed'),
(85621, 665, 0, 'Kingsblood'),
(85622, 662, 0, 'Wild Steelbloom'),
(85623, 661, 0, 'Briarthorn'),
(85624, 663, 0, 'Bruiseweed'),
(85625, 663, 0, 'Bruiseweed'),
(85626, 665, 0, 'Kingsblood'),
(85627, 665, 0, 'Kingsblood'),
(85628, 664, 0, 'Mageroyal'),
(85629, 663, 0, 'Bruiseweed'),
(85630, 664, 0, 'Mageroyal'),
(85631, 664, 0, 'Mageroyal'),
(85632, 661, 0, 'Briarthorn'),
(85633, 661, 0, 'Briarthorn'),
(85634, 664, 0, 'Mageroyal'),
(85635, 665, 0, 'Kingsblood'),
(85636, 665, 0, 'Kingsblood'),
(85637, 663, 0, 'Bruiseweed'),
(85638, 662, 0, 'Wild Steelbloom'),
(85639, 665, 0, 'Kingsblood'),
(85640, 661, 0, 'Briarthorn'),
(85641, 663, 0, 'Bruiseweed'),
(85642, 661, 0, 'Briarthorn'),
(85643, 664, 0, 'Mageroyal');

DELETE FROM `gameobject` WHERE `zoneId`=10 AND `guid` BETWEEN 85389 AND 85643;
INSERT INTO `gameobject` (`guid`, `id`, `map`, `zoneId`, `position_x`, `position_y`, `position_z`, `orientation`, `rotation0`, `rotation1`, `rotation2`, `rotation3`, `spawntimesecs`, `animprogress`, `state`) VALUES
(85389, 1620, 0, 10, -11091, -922, 62.718, -3, 0, 0, -0.976296, 0.21644, 900, 100, 1),
(85390, 1620, 0, 10, -11081.7, -573.128, 31.9725, 2.1293, 0, 0, 0.874619, 0.48481, 900, 100, 1),
(85391, 1620, 0, 10, -11048, -1117, 38.597, 0.297, 0, 0, 0.147809, 0.989016, 900, 100, 1),
(85392, 1620, 0, 10, -10778.7, -774.291, 43.2322, 3.97935, 0, 0, -0.913545, 0.406738, 900, 100, 1),
(85393, 1620, 0, 10, -11148, 589.249, 35.734, 0.454, 0, 0, 0.224951, 0.97437, 900, 100, 1),
(85394, 1620, 0, 10, -11041.9, -249.351, 14.6853, -1.32645, 0, 0, 0.615661, -0.788011, 900, 100, 1),
(85395, 1620, 0, 10, -11017, -78, 15.618, 1.152, 0, 0, 0.544639, 0.838671, 900, 100, 1),
(85396, 1621, 0, 10, -11105.6, -731.904, 56.4545, 0.820303, 0, 0, 0.398748, 0.91706, 900, 255, 1),
(85397, 1621, 0, 10, -10339, -800, 50.319, 1.113, 0, 0, 0, 0, 900, 100, 1),
(85398, 1621, 0, 10, -10548.4, -1001.86, 56.3435, 5.55015, 0, 0, -0.358368, 0.93358, 900, 100, 1),
(85399, 1621, 0, 10, -10425, 49.221, 44.252, 3.671, 0, 0, 0, 0, 900, 100, 1),
(85400, 1621, 0, 10, -10941, -442, 31.575, 2.008, 0, 0, 0, 0, 900, 100, 1),
(85401, 1621, 0, 10, -11130, -719, 58.435, 5.896, 0, 0, 0, 0, 900, 100, 1),
(85402, 1621, 0, 10, -11032, -176, 15.928, 3.84, 0, 0, 0, 0, 900, 100, 1),
(85403, 1621, 0, 10, -10992, 143.052, 37.042, 3.435, 0, 0, 0, 0, 900, 100, 1),
(85404, 1621, 0, 10, -11104.1, 733.351, 36.4119, 2.9845, 0, 0, 0.996917, 0.0784664, 900, 100, 1),
(85405, 1621, 0, 10, -10278, 256.84, 36.84, 1.417, 0, 0, 0, 0, 900, 100, 1),
(85406, 1621, 0, 10, -10878, -1103.28, 44.7157, 0.331611, 0, 0, 0.165047, 0.986286, 900, 100, 1),
(85407, 1621, 0, 10, -10448.7, -1362.45, 79.5184, 2.67035, 0, 0, 0.972369, 0.233448, 900, 100, 1),
(85408, 1621, 0, 10, -10656.5, -858.591, 54.3311, 5.044, 0, 0, -0.580703, 0.814116, 900, 100, 1),
(85409, 1621, 0, 10, -10623.8, 34.726, 38.2104, 0.977383, 0, 0, 0.469471, 0.882948, 900, 100, 1),
(85410, 1621, 0, 10, -10179.5, -918.365, 36.9741, 5.89921, 0, 0, -0.190808, 0.981627, 900, 100, 1),
(85411, 1621, 0, 10, -10372.8, -1319.4, 52.773, 5.70723, 0, 0, -0.284015, 0.95882, 900, 100, 1),
(85412, 1621, 0, 10, -10970, -222, 16.237, 0.168, 0, 0, 0, 0, 900, 100, 1),
(85413, 1621, 0, 10, -11036, -436, 28.91, 6.242, 0, 0, 0, 0, 900, 100, 1),
(85414, 1621, 0, 10, -11063, -1304, 52.603, 2.562, 0, 0, 0, 0, 900, 100, 1),
(85415, 1621, 0, 10, -10285, -912, 41.512, 5.982, 0, 0, 0, 0, 900, 100, 1),
(85416, 1621, 0, 10, -10213, -704, 39.988, 1.297, 0, 0, 0, 0, 900, 100, 1),
(85417, 1621, 0, 10, -10185, -935, 37.737, 0.225, 0, 0, 0, 0, 900, 100, 1),
(85418, 1621, 0, 10, -10284, -960, 40.83, 0.881, 0, 0, 0, 0, 900, 100, 1),
(85419, 1621, 0, 10, -10273, -960, 41.214, 3.249, 0, 0, 0, 0, 900, 100, 1),
(85420, 1621, 0, 10, -11036, -1354, 54.032, 4.278, 0, 0, 0, 0, 900, 100, 1),
(85421, 1621, 0, 10, -10894, -1028.04, 75.3045, 3.10665, 0, 0, 0.999847, 0.0174693, 900, 100, 1),
(85422, 1621, 0, 10, -10527, -972, 46.283, 5.578, 0, 0, 0, 0, 900, 100, 1),
(85423, 1621, 0, 10, -10728.5, -113.812, 36.1879, 3.6652, 0, 0, -0.965925, 0.258821, 900, 100, 1),
(85424, 1621, 0, 10, -10694, -675, 44.162, 1.957, 0, 0, 0, 0, 900, 100, 1),
(85425, 1621, 0, 10, -10739, -628, 44.571, 5.39, 0, 0, 0, 0, 900, 100, 1),
(85426, 1621, 0, 10, -10754, -823, 48.835, 5.456, 0, 0, 0, 0, 900, 100, 1),
(85427, 1621, 0, 10, -10705.2, -942.698, 76.341, 4.17134, 0, 0, -0.870356, 0.492424, 900, 100, 1),
(85428, 1621, 0, 10, -10271, -725, 46.864, 2.97, 0, 0, 0, 0, 900, 100, 1),
(85429, 1621, 0, 10, -10744, -819, 51.265, 0.436, 0, 0, 0.216439, 0.976296, 900, 100, 1),
(85430, 1621, 0, 10, -10887, -1317, 51.9445, 1.113, 0, 0, 0, 0, 900, 100, 1),
(85431, 1621, 0, 10, -10890.9, -1304.39, 51.9561, 5.49779, 0, 0, -0.382683, 0.92388, 900, 100, 1),
(85432, 1621, 0, 10, -10493.8, 341.078, 33.5305, -2.23402, 0, 0, 0.898794, -0.438371, 900, 100, 1),
(85433, 1621, 0, 10, -10707, -1412, 42.293, 2.67, 0, 0, 0.97237, 0.233445, 900, 100, 1),
(85434, 1621, 0, 10, -10266, 254.781, 35.482, 2.701, 0, 0, 0, 0, 900, 100, 1),
(85435, 1621, 0, 10, -10660, 558.543, 27.788, 1.91, 0, 0, 0, 0, 900, 100, 1),
(85436, 1621, 0, 10, -10743.1, -646.991, 41.3031, 3.59538, 0, 0, -0.97437, 0.224951, 900, 100, 1),
(85437, 1621, 0, 10, -10296, -1285, 42.477, 4.58, 0, 0, 0, 0, 900, 100, 1),
(85438, 1621, 0, 10, -10397, -1299, 43.667, 4.223, 0, 0, 0, 0, 900, 100, 1),
(85439, 1621, 0, 10, -10245, 490.313, 29.773, 1.774, 0, 0, 0, 0, 900, 100, 1),
(85440, 1621, 0, 10, -10871.4, -1205, 40.8238, 0.0349062, 0, 0, 0.0174522, 0.999848, 900, 100, 1),
(85441, 1621, 0, 10, -11018.9, -436.104, 30.6316, 3.94445, 0, 0, -0.920505, 0.390732, 900, 100, 1),
(85442, 1621, 0, 10, -10418, -88, 47.095, 0.706, 0, 0, 0, 0, 900, 100, 1),
(85443, 1621, 0, 10, -10915, -46, 35.909, -2, 0, 0, -0.748956, 0.66262, 900, 100, 1),
(85444, 1621, 0, 10, -10915, 195.015, 31.678, 5.006, 0, 0, 0, 0, 900, 100, 1),
(85445, 1621, 0, 10, -10293, 27.326, 49.078, -2, 0, 0, -0.766044, 0.642788, 900, 100, 1),
(85446, 1621, 0, 10, -10944, -1371, 54.036, 6.088, 0, 0, 0, 0, 900, 100, 1),
(85447, 1621, 0, 10, -10798, -1365, 39.484, 3.65, 0, 0, 0, 0, 900, 100, 1),
(85448, 1621, 0, 10, -10354, 63.236, 48.675, 2.013, 0, 0, 0, 0, 900, 100, 1),
(85449, 1621, 0, 10, -11067, -17, 34.859, 0.384, 0, 0, 0.190809, 0.981627, 900, 100, 1),
(85450, 1621, 0, 10, -10318, 70.547, 46.639, 1.205, 0, 0, 0, 0, 900, 100, 1),
(85451, 1621, 0, 10, -10469, -907, 48.513, 0.803, 0, 0, 0, 0, 900, 100, 1),
(85452, 1621, 0, 10, -10683, 415.078, 37.735, 1.176, 0, 0, 0, 0, 900, 100, 1),
(85453, 1621, 0, 10, -11137, 155.441, 30.186, 4.633, 0, 0, 0, 0, 900, 100, 1),
(85454, 1621, 0, 10, -11144, 224.985, 34.022, 3.549, 0, 0, 0, 0, 900, 100, 1),
(85455, 1621, 0, 10, -11002, -14, 22.647, 5.12, 0, 0, 0, 0, 900, 100, 1),
(85456, 1621, 0, 10, -10362.4, 784.97, 30.9238, 4.7822, 0, 0, -0.681998, 0.731354, 900, 100, 1),
(85457, 1621, 0, 10, -11101, -755, 59.089, 0.257, 0, 0, 0, 0, 900, 100, 1),
(85458, 1621, 0, 10, -11169, -752, 62.983, 3.493, 0, 0, 0, 0, 900, 100, 1),
(85459, 1621, 0, 10, -10557, 317.914, 30.595, 3.693, 0, 0, 0, 0, 900, 100, 1),
(85460, 1621, 0, 10, -10699, 547.688, 31.742, 4.965, 0, 0, 0, 0, 900, 100, 1),
(85461, 1621, 0, 10, -10419, -76, 45.343, 0.011, 0, 0, 0, 0, 900, 100, 1),
(85462, 1621, 0, 10, -10450, -85, 46.509, 2.061, 0, 0, 0, 0, 900, 100, 1),
(85463, 1621, 0, 10, -10296, -23, 44.753, 0.376, 0, 0, 0, 0, 900, 100, 1),
(85464, 1621, 0, 10, -10269, -118, 37.31, 5.077, 0, 0, 0, 0, 900, 100, 1),
(85465, 1621, 0, 10, -10645.6, -140.796, 35.0856, -2.56563, 0, 0, 0.95882, -0.284015, 900, 100, 1),
(85466, 1621, 0, 10, -10607, -105, 38.13, 1.454, 0, 0, 0, 0, 900, 100, 1),
(85467, 1621, 0, 10, -10247, -151, 34.987, -3, 0, 0, -0.956305, 0.292372, 900, 100, 1),
(85468, 1621, 0, 10, -10782.7, -197.056, 44.2139, 1.09956, 0, 0, 0.522498, 0.85264, 900, 100, 1),
(85469, 1621, 0, 10, -10577, -877, 48.592, 5.872, 0, 0, 0, 0, 900, 100, 1),
(85470, 1621, 0, 10, -11082, 252.42, 26.099, 4.519, 0, 0, 0, 0, 900, 100, 1),
(85471, 1621, 0, 10, -10598, 498.424, 29.154, 3.142, 0, 0, 1, 0, 900, 100, 1),
(85472, 1621, 0, 10, -10359, 50.199, 49.244, 2.371, 0, 0, 0, 0, 900, 100, 1),
(85473, 1621, 0, 10, -11166, 503.716, 28.6882, 1.22173, 0, 0, 0.573576, 0.819152, 900, 100, 1),
(85474, 1622, 0, 10, -10503, 330.796, 30.437, 1.031, 0, 0, 0, 0, 1800, 100, 1),
(85475, 1622, 0, 10, -10837, -1379, 52.7493, 2.822, 0, 0, 0, 0, 1800, 100, 1),
(85476, 1622, 0, 10, -10857, -1362, 53.9192, 4.33, 0, 0, 0, 0, 1800, 100, 1),
(85477, 1622, 0, 10, -10964, -303, 28.779, 3.419, 0, 0, 0, 0, 1800, 100, 1),
(85478, 1622, 0, 10, -11076, -220, 21.895, 1.852, 0, 0, 0, 0, 1800, 100, 1),
(85479, 1622, 0, 10, -11002, -313, 39.966, 3.258, 0, 0, 0, 0, 1800, 100, 1),
(85480, 1622, 0, 10, -10310, 80.096, 42.385, 3.926, 0, 0, 0, 0, 1800, 100, 1),
(85481, 1622, 0, 10, -10496, 278.703, 32.089, 2.74, 0, 0, 0, 0, 1800, 100, 1),
(85482, 1622, 0, 10, -10354, 199.177, 34.189, -1, 0, 0, -0.461749, 0.887011, 1800, 100, 1),
(85483, 1622, 0, 10, -10930, 448.22, 45.611, -3, 0, 0, -0.953717, 0.300706, 1800, 100, 1),
(85484, 1622, 0, 10, -10980, 278.004, 28.62, 1.185, 0, 0, 0, 0, 1800, 100, 1),
(85485, 1622, 0, 10, -10783, -526, 44.457, 5.987, 0, 0, 0, 0, 1800, 100, 1),
(85486, 1622, 0, 10, -10690, -1090, 32.263, 1.97, 0, 0, 0, 0, 1800, 100, 1),
(85487, 1622, 0, 10, -11091, -947, 65.342, -1, 0, 0, -0.422618, 0.906308, 1800, 100, 1),
(85488, 1622, 0, 10, -11085, -93, 17.361, 0.835, 0, 0, 0, 0, 1800, 100, 1),
(85489, 1622, 0, 10, -10991.1, -1332.72, 51.7065, 2.983, 0, 0, 0, 0, 1800, 100, 1),
(85490, 1622, 0, 10, -11203.7, 712.282, 42.1853, 4.45059, 0, 0, -0.793353, 0.608762, 1800, 100, 1),
(85491, 1622, 0, 10, -10930, -937, 72.125, 0, 0, 0, -0.034899, 0.999391, 1800, 100, 1),
(85492, 1622, 0, 10, -10815, -512, 41.136, 2.661, 0, 0, 0, 0, 1800, 100, 1),
(85493, 1622, 0, 10, -11141, 129.167, 30.09, 3.454, 0, 0, 0, 0, 1800, 100, 1),
(85494, 1622, 0, 10, -10763, -1353, 38.222, 4.711, 0, 0, 0, 0, 1800, 100, 1),
(85495, 1622, 0, 10, -10229, -204, 42.967, 4.11, 0, 0, 0, 0, 1800, 100, 1),
(85496, 1622, 0, 10, -10350, -115, 50.479, 4.091, 0, 0, 0, 0, 1800, 100, 1),
(85497, 1622, 0, 10, -10577, -59, 36.987, 0.191, 0, 0, 0, 0, 1800, 100, 1),
(85498, 1622, 0, 10, -10252, -701, 47.269, -3, 0, 0, -0.961262, 0.275638, 1800, 100, 1),
(85499, 1622, 0, 10, -10680.6, -715.178, 50.4884, 3.61284, 0, 0, -0.972369, 0.233448, 1800, 100, 1),
(85500, 1622, 0, 10, -10966.5, -40.5213, 14.6955, 3.07178, 0, 0, 0.999391, 0.034899, 1800, 100, 1),
(85501, 1622, 0, 10, -10959, -957, 71.013, 2.944, 0, 0, 0, 0, 1800, 100, 1),
(85502, 1622, 0, 10, -10288, 70.208, 38.877, 2.897, 0, 0, 0.992546, 0.121869, 1800, 100, 1),
(85503, 1622, 0, 10, -10786, -1349, 38.157, 2.861, 0, 0, 0, 0, 1800, 100, 1),
(85504, 1622, 0, 10, -10809, -1389, 44.145, 4.252, 0, 0, 0, 0, 1800, 100, 1),
(85505, 1622, 0, 10, -10337.2, 359.451, 59.4742, -0.383972, 0, 0, 0.190809, -0.981627, 1800, 100, 1),
(85506, 1622, 0, 10, -11126, -62, 34.093, 0.279, 0, 0, 0.139173, 0.990268, 1800, 100, 1),
(85507, 1622, 0, 10, -11032, 211.834, 27.297, 5.332, 0, 0, 0, 0, 1800, 100, 1),
(85508, 1622, 0, 10, -11039, -1311, 53.387, 2.488, 0, 0, 0, 0, 1800, 100, 1),
(85509, 1622, 0, 10, -10717, -148, 32.076, 0.686, 0, 0, 0, 0, 1800, 100, 1),
(85510, 1622, 0, 10, -10722, -115, 35.037, 4.825, 0, 0, 0, 0, 1800, 100, 1),
(85511, 1622, 0, 10, -10476, -771, 59.575, -2, 0, 0, -0.71934, 0.694658, 1800, 100, 1),
(85512, 1622, 0, 10, -10838, -1316, 54.007, 3.011, 0, 0, 0, 0, 1800, 100, 1),
(85513, 1622, 0, 10, -11128, -680, 58.438, 0.313, 0, 0, 0, 0, 1800, 100, 1),
(85514, 1622, 0, 10, -11142, -645, 55.709, 0.737, 0, 0, 0, 0, 1800, 100, 1),
(85515, 1622, 0, 10, -10159.6, -222.688, 35.8946, 2.72, 0, 0, 0, 0, 1800, 100, 1),
(85516, 1622, 0, 10, -10966, -921, 69.447, 0.175, 0, 0, 0, 0, 1800, 100, 1),
(85517, 1622, 0, 10, -10986, 207.004, 27.79, 6.282, 0, 0, 0, 0, 1800, 100, 1),
(85518, 1622, 0, 10, -10962, 207.632, 28.177, 0.038, 0, 0, 0, 0, 1800, 100, 1),
(85519, 1622, 0, 10, -10681, -139, 30.698, 2.759, 0, 0, 0, 0, 1800, 100, 1),
(85520, 1622, 0, 10, -10690, -109, 36.493, 1.864, 0, 0, 0, 0, 1800, 100, 1),
(85521, 1622, 0, 10, -11001, 278.67, 27.333, 5.064, 0, 0, 0, 0, 1800, 100, 1),
(85522, 1622, 0, 10, -11010, 305.548, 29.475, 6.254, 0, 0, 0, 0, 1800, 100, 1),
(85523, 1622, 0, 10, -11003, -927, 66.281, 0.132, 0, 0, 0, 0, 1800, 100, 1),
(85524, 1622, 0, 10, -11062, -960, 64.971, 1.157, 0, 0, 0, 0, 1800, 100, 1),
(85525, 1622, 0, 10, -11125, -883, 61.532, 3.109, 0, 0, 0, 0, 1800, 100, 1),
(85526, 1622, 0, 10, -10929, -40, 22.284, 0.034, 0, 0, 0, 0, 1800, 100, 1),
(85527, 1622, 0, 10, -10573, -106, 48.055, 5.371, 0, 0, 0, 0, 1800, 100, 1),
(85528, 1622, 0, 10, -10766, -1380, 39.1929, 4.122, 0, 0, 0, 0, 1800, 100, 1),
(85529, 1622, 0, 10, -11127, 8.375, 56.282, 3.47, 0, 0, 0, 0, 1800, 100, 1),
(85530, 1622, 0, 10, -10922, -920, 71.008, 2.288, 0, 0, 0, 0, 1800, 100, 1),
(85531, 1622, 0, 10, -10613, -1523, 90.899, 0.215, 0, 0, 0, 0, 1800, 100, 1),
(85532, 1622, 0, 10, -10361, -1019, 45.57, 3.407, 0, 0, 0, 0, 1800, 100, 1),
(85533, 1622, 0, 10, -10910, -104, 25.494, 5.402, 0, 0, 0, 0, 1800, 100, 1),
(85534, 1622, 0, 10, -11018.6, -1340.22, 52.0549, 5.94, 0, 0, 0, 0, 1800, 100, 1),
(85535, 1622, 0, 10, -10367, -738, 73.546, 2.28, 0, 0, 0, 0, 1800, 100, 1),
(85536, 1622, 0, 10, -11006, 209.065, 26.792, 6.176, 0, 0, 0, 0, 1800, 100, 1),
(85537, 1622, 0, 10, -10605, -1523, 89.746, 0.215, 0, 0, 0, 0, 1800, 100, 1),
(85538, 1622, 0, 10, -10765.3, -1252.41, 31.1958, 1.0821, 0, 0, 0.515038, 0.857168, 1800, 100, 1),
(85539, 1622, 0, 10, -11165, -876, 77.369, -3, 0, 0, -0.992546, 0.121869, 1800, 100, 1),
(85540, 1622, 0, 10, -10986, 807.297, 35.8889, 4.754, 0, 0, 0, 0, 1800, 100, 1),
(85541, 1622, 0, 10, -11089, -935, 64.108, 3.718, 0, 0, 0, 0, 1800, 100, 1),
(85542, 1622, 0, 10, -10922, -949, 71.018, 1.676, 0, 0, 0, 0, 1800, 100, 1),
(85543, 1622, 0, 10, -10415, 394.975, 46.637, -2, 0, 0, -0.942641, 0.333807, 1800, 100, 1),
(85544, 1623, 0, 10, -11132, -184, 48.615, 2.129, 0, 0, 0.87462, 0.48481, 1800, 100, 1),
(85545, 1623, 0, 10, -11117, 26.536, 64.384, -3, 0, 0, -0.95882, 0.284015, 1800, 100, 1),
(85546, 1623, 0, 10, -10694, -602, 80.236, -3, 0, 0, -0.983255, 0.182235, 1800, 100, 1),
(85547, 1623, 0, 10, -10338.8, -1492.6, 99.7783, 2.30383, 0, 0, 0.913545, 0.406737, 1800, 100, 1),
(85548, 1624, 0, 10, -11011.1, -949.232, 65.1183, 4.15388, 0, 0, -0.874619, 0.48481, 1800, 100, 1),
(85549, 1624, 0, 10, -10245, 385.006, 56.0608, 2.18166, 0, 0, 0.887011, 0.461749, 1800, 100, 1),
(85550, 1624, 0, 10, -11140.6, 242.228, 37.7286, 2.53073, 0, 0, 0.953717, 0.300706, 1800, 100, 1),
(85551, 1624, 0, 10, -10582.2, 72.5619, 40.2747, 5.91667, 0, 0, -0.182235, 0.983255, 1800, 100, 1),
(85552, 1624, 0, 10, -10249, -885, 36.195, -1, 0, 0, -0.398749, 0.91706, 1800, 100, 1),
(85553, 1624, 0, 10, -10967.3, -865.113, 64.4771, 5.93412, 0, 0, -0.173648, 0.984808, 1800, 100, 1),
(85554, 1624, 0, 10, -11053.7, -822.482, 58.9241, 1.0821, 0, 0, 0.515038, 0.857168, 1800, 100, 1),
(85555, 1624, 0, 10, -10478.9, -967.13, 44.9839, 2.67035, 0, 0, 0.97237, 0.233445, 1800, 100, 1),
(85556, 1624, 0, 10, -10660.1, 151.206, 40.3802, 0.244346, 0, 0, 0.121869, 0.992546, 1800, 100, 1),
(85557, 1621, 0, 10, -10716, -7.3878, 32.6878, -0.366519, 0, 0, 0.182236, -0.983255, 900, 100, 1),
(85558, 1621, 0, 10, -10617.7, -913.665, 55.1904, 3.31614, 0, 0, -0.996194, 0.087165, 300, 100, 1),
(85559, 1621, 0, 10, -10287.7, -1316.91, 49.2902, 3.31614, 0, 0, -0.996194, 0.087165, 300, 100, 1),
(85560, 1621, 0, 10, -10724.6, 431.879, 39.0428, 0.977383, 0, 0, 0.469471, 0.882948, 300, 100, 1),
(85561, 1621, 0, 10, -11081.1, 327.136, 31.15, 1.48353, 0, 0, 0.67559, 0.737278, 300, 100, 1),
(85562, 1621, 0, 10, -10435.6, 42.7232, 44.7757, 5.2709, 0, 0, -0.484809, 0.87462, 300, 100, 1),
(85563, 1621, 0, 10, -10887.5, 196.304, 39.2335, 0.226892, 0, 0, 0.113203, 0.993572, 300, 100, 1),
(85564, 1621, 0, 10, -10953, 150.254, 40.549, 3.03684, 0, 0, 0.998629, 0.0523532, 300, 100, 1),
(85565, 1621, 0, 10, -11056.3, -138.435, 23.7818, 2.96704, 0, 0, 0.996194, 0.087165, 300, 100, 1),
(85566, 1621, 0, 10, -10213.5, 441.273, 37.4833, 1.78023, 0, 0, 0.777145, 0.629321, 300, 100, 1),
(85567, 1621, 0, 10, -10282.3, -948.749, 43.6457, 4.88692, 0, 0, -0.642787, 0.766045, 300, 100, 1),
(85568, 1621, 0, 10, -10265.8, 266.94, 39.2517, 0.785397, 0, 0, 0.382683, 0.92388, 300, 100, 1),
(85569, 1622, 0, 10, -11045.7, 206.046, 27.283, 4.86947, 0, 0, -0.649447, 0.760406, 300, 100, 1),
(85570, 1622, 0, 10, -10776.6, -1383.1, 39.0658, 6.02139, 0, 0, -0.130526, 0.991445, 300, 100, 1),
(85571, 1622, 0, 10, -10831, -564.47, 36.8656, 0.0349062, 0, 0, 0.0174522, 0.999848, 300, 100, 1),
(85572, 1622, 0, 10, -10974.2, -944.671, 70.3839, 5.96903, 0, 0, -0.156434, 0.987688, 300, 100, 1),
(85573, 1622, 0, 10, -11073.5, -233.118, 18.9209, 2.30383, 0, 0, 0.913545, 0.406738, 300, 100, 1),
(85574, 1622, 0, 10, -11001, -1369.58, 51.7539, 4.01426, 0, 0, -0.906307, 0.422619, 300, 100, 1),
(85575, 1622, 0, 10, -11163.2, -651.938, 68.1639, 0.331613, 0, 0, 0.165048, 0.986286, 1800, 100, 1),
(85576, 1623, 0, 10, -11149.8, -160.275, 63.4343, 2.1293, 0, 0, 0.87462, 0.48481, 1800, 100, 1),
(85577, 1622, 0, 10, -10262.6, -208.177, 71.9191, 2.6529, 0, 0, 0.970296, 0.241922, 1800, 100, 1),
(85578, 1623, 0, 10, -10321, -170.815, 73.4739, -0.069813, 0, 0, 0.034899, -0.999391, 1800, 100, 1),
(85579, 1624, 0, 10, -10620.3, -67.4817, 32.7607, 1.53589, 0, 0, 0.694658, 0.71934, 1800, 100, 1),
(85580, 1624, 0, 10, -10525.1, -911.581, 46.8991, 6.00393, 0, 0, -0.139173, 0.990268, 300, 100, 1),
(85581, 1624, 0, 10, -10439, -864.635, 46.4699, 4.45059, 0, 0, -0.793353, 0.608762, 300, 100, 1),
(85582, 1624, 0, 10, -11006.6, -859.188, 62.6391, 2.00713, 0, 0, 0.843391, 0.5373, 300, 100, 1),
(85583, 1621, 0, 10, -10366.2, -84.3276, 45.1319, -0.977384, 0, 0, 0.469472, -0.882948, 900, 100, 1),
(85584, 1624, 0, 10, -10598.5, -952.971, 53.2791, 4.17134, 0, 0, -0.870356, 0.492424, 300, 100, 1),
(85585, 1624, 0, 10, -10229.6, -33.3671, 32.1215, 5.95157, 0, 0, -0.165047, 0.986286, 300, 100, 1),
(85586, 1624, 0, 10, -10710.7, 442.859, 41.0738, 3.4034, 0, 0, -0.991445, 0.130528, 300, 100, 1),
(85587, 1624, 0, 10, -10628, -49.8506, 33.4616, 2.37364, 0, 0, 0.927183, 0.374608, 300, 100, 1),
(85588, 1624, 0, 10, -10292.2, -70.4041, 45.2325, 4.62512, 0, 0, -0.737277, 0.675591, 300, 100, 1),
(85589, 1620, 0, 10, -10020.2, -883.023, 29.7899, 2.51327, 0, 0, 0.951056, 0.309017, 300, 100, 1),
(85590, 1620, 0, 10, -10810.8, -627.807, 39.8429, 0.209439, 0, 0, 0.104528, 0.994522, 300, 100, 1),
(85591, 1621, 0, 10, -11019.5, -1231.85, 59.6304, -1.09956, 0, 0, 0.522499, -0.85264, 900, 100, 1),
(85592, 1621, 0, 10, -10311.2, -1427.56, 90.2498, 2.51327, 0, 0, 0.951057, 0.309017, 900, 100, 1),
(85593, 1620, 0, 10, -10988.2, 482.959, 34.0872, -0.575959, 0, 0, 0.284015, -0.95882, 900, 100, 1),
(85594, 1622, 0, 10, -10355.6, -746.931, 67.9523, 2.40855, 0, 0, 0.93358, 0.358368, 1800, 100, 1),
(85595, 1620, 0, 10, -10953.2, 255.44, 28.4609, 1.48353, 0, 0, 0.67559, 0.737278, 300, 100, 1),
(85596, 1620, 0, 10, -11040.9, -1344.31, 53.8028, 5.63741, 0, 0, -0.317305, 0.948324, 300, 100, 1),
(85597, 1623, 0, 10, -10537.2, -1533.53, 124.838, 3.49067, 0, 0, -0.984807, 0.173652, 300, 100, 1),
(85598, 1623, 0, 10, -10638.6, -1451.02, 98.9746, 4.60767, 0, 0, -0.743144, 0.669131, 300, 100, 1),
(85599, 1623, 0, 10, -10481.1, -718.845, 96.757, 2.3911, 0, 0, 0.930417, 0.366502, 300, 100, 1),
(85600, 1621, 0, 10, -10934.2, 349.027, 38.7166, -2.56563, 0, 0, 0.95882, -0.284015, 900, 100, 1),
(85601, 1621, 0, 10, -10570.1, 700.636, 32.7759, -2.26893, 0, 0, 0.906308, -0.422618, 900, 100, 1),
(85602, 1620, 0, 10, -11030.4, -501.376, 30.8799, 0.017453, 0, 0, 0.008727, 0.999962, 900, 100, 1),
(85603, 1624, 0, 10, -11048.5, -694.963, 47.5763, -0.785398, 0, 0, 0.382683, -0.92388, 1800, 100, 1),
(85604, 1622, 0, 10, -11078.8, -960.529, 65.0361, 0.471239, 0, 0, 0.233445, 0.97237, 1800, 100, 1),
(85605, 1622, 0, 10, -11028.3, 813.303, 37.0161, 0.645772, 0, 0, 0.317305, 0.948324, 1800, 100, 1),
(85606, 1620, 0, 10, -10987.7, -518.608, 33.1096, 1.53589, 0, 0, 0.694658, 0.71934, 900, 100, 1),
(85607, 1621, 0, 10, -10273.4, -752.236, 45.124, 3.08923, 0, 0, 0.999657, 0.026177, 900, 100, 1),
(85608, 1624, 0, 10, -10320.1, -915.112, 39.2073, -1.81514, 0, 0, 0.788011, -0.615661, 1800, 100, 1),
(85609, 1622, 0, 10, -10929.3, -946.819, 71.0177, -0.069813, 0, 0, 0.034899, -0.999391, 1800, 100, 1),
(85610, 1621, 0, 10, -10251.2, 170.163, 34.6015, -3.01942, 0, 0, 0.998135, -0.061048, 900, 100, 1),
(85611, 1623, 0, 10, -10756.3, -268.323, 71.2071, 2.14675, 0, 0, 0.878817, 0.477159, 1800, 100, 1),
(85612, 1623, 0, 10, -10556.8, -164.8, 75.6976, 0, 0, 0, 0, 1, 300, 100, 1),
(85613, 1623, 0, 10, -11161.1, -328.905, 69.7266, 1.41372, 0, 0, 0.649448, 0.760406, 1800, 100, 1),
(85614, 1621, 0, 10, -10253.7, -1233.5, 34.7362, -1.81514, 0, 0, 0.788011, -0.615661, 900, 100, 1),
(85615, 1621, 0, 10, -10951.9, -798.848, 63.1586, 3.14159, 0, 0, 1, 0, 900, 100, 1),
(85616, 1620, 0, 10, -11087.3, -457.458, 31.571, -0.366519, 0, 0, 0.182236, -0.983255, 900, 100, 1),
(85617, 1621, 0, 10, -10221.9, -1002.5, 33.334, -0.20944, 0, 0, 0.104528, -0.994522, 900, 100, 1),
(85618, 1622, 0, 10, -10790.5, -1381.68, 39.0026, -2.11185, 0, 0, 0.870356, -0.492423, 1800, 100, 1),
(85619, 1621, 0, 10, -10508.8, -798.706, 54.701, 1.8326, 0, 0, 0.793353, 0.608761, 900, 100, 1),
(85620, 1622, 0, 10, -10733.4, -1102.38, 27.4643, -2.1293, 0, 0, 0.87462, -0.48481, 1800, 100, 1),
(85621, 1624, 0, 10, -10795.4, -690.17, 40.9777, 0.139626, 0, 0, 0.069756, 0.997564, 1800, 100, 1),
(85622, 1623, 0, 10, -10184.1, -646.728, 72.9885, 2.98451, 0, 0, 0.996917, 0.078459, 1800, 100, 1),
(85623, 1621, 0, 10, -10210.7, -75.452, 34.5287, -1.39626, 0, 0, 0.642788, -0.766044, 900, 100, 1),
(85624, 1622, 0, 10, -10387.4, -122.059, 66.1578, 0.366519, 0, 0, 0.182236, 0.983255, 1800, 100, 1),
(85625, 1622, 0, 10, -11016.1, 262.501, 26.9719, 0.401426, 0, 0, 0.199368, 0.979925, 1800, 100, 1),
(85626, 1624, 0, 10, -11049, -495.103, 30.5978, -0.610865, 0, 0, 0.300706, -0.953717, 1800, 100, 1),
(85627, 1624, 0, 10, -10799.6, -666.59, 40.8933, 0.174532, 0, 0, 0.0871553, 0.996195, 300, 100, 1),
(85628, 1620, 0, 10, -10808.6, -1383.39, 43.1448, 1.39626, 0, 0, 0.642788, 0.766044, 900, 100, 1),
(85629, 1622, 0, 10, -10414.3, -1020.31, 49.9457, -1.48353, 0, 0, 0.67559, -0.737277, 1800, 100, 1),
(85630, 1620, 0, 10, -10024.5, -1190.48, 27.327, 4.32842, 0, 0, -0.829037, 0.559194, 300, 100, 1),
(85631, 1620, 0, 10, -10533, 585.718, 29.9915, 2.75762, 0, 0, 0.981627, 0.190809, 900, 100, 1),
(85632, 1621, 0, 10, -10737.3, 689.143, 36.6868, 1.0472, 0, 0, 0.5, 0.866025, 900, 100, 1),
(85633, 1621, 0, 10, -11071.1, 559.46, 34.0231, 2.74017, 0, 0, 0.979925, 0.199368, 900, 100, 1),
(85634, 1620, 0, 10, -10156.3, 273.428, 22.5262, 4.46804, 0, 0, -0.788011, 0.615662, 300, 100, 1),
(85635, 1624, 0, 10, -10945.9, 120.067, 37.8769, 0, 0, 0, 0, 0, 1800, 0, 1),
(85636, 1624, 0, 10, -10253.2, 478.01, 36.3302, -1.06465, 0, 0, 0.507538, -0.861629, 1800, 100, 1),
(85637, 1622, 0, 10, -10513.1, 291.466, 31.6615, 0, 0, 0, 0, 0, 1800, 0, 1),
(85638, 1623, 0, 10, -10760.5, -353.31, 95.6839, 2.84488, 0, 0, 0.989016, 0.147811, 1800, 0, 1),
(85639, 1624, 0, 10, -10943.8, 243.869, 28.5117, 1.18682, 0, 0, 0.559193, 0.829038, 300, 100, 1),
(85640, 1621, 0, 10, -10948.9, -185.265, 37.7564, -1.0821, 0, 0, 0.515038, -0.857167, 900, 100, 1),
(85641, 1622, 0, 10, -11130.1, -77.5629, 33.1727, 0.279253, 0, 0, 0.139173, 0.990268, 1800, 100, 1),
(85642, 1621, 0, 10, -10707, 819.448, 38.7905, -0.610865, 0, 0, 0.300706, -0.953717, 900, 100, 1),
(85643, 1620, 0, 10, -11154, 589.96, 36.4083, 0.453786, 0, 0, 0.224951, 0.97437, 900, 100, 1);

-- Swamp of Sorrows
DELETE FROM `pool_gameobject` WHERE `pool_entry` IN (996);
DELETE FROM `pool_template` WHERE `entry` IN (996);
DELETE FROM `gameobject` WHERE `guid` IN (4280,4281,7478,7539,7560,7562,7570,7571,7572,7573,7581,7586,7598,7624,7640,7642,7643,7645,7657,7659,7672,7673,7677,7687,7705,7706,7720,7727,7735,7737,7742,7744,7750,7751,7754,7759,7767,7772,7776,7780,7781,7782,7802,7803,7804,7813,7814,7819,7828,7830,7840,7870,7871,7872,7873,7874,7875,7878,7879,7880,7881,7882,7920,7958,7960,7988,8012,8013,8020,8025,8089,8096,8097,8098,8100,8103,8104,8116,8150,8151,8152,8153,8154,8155,8156,8158,8159,8160,8161,8181,8182,8183,8184,8185,8186,8187,8188,8189,8608,8614,8632,8650,8651,8656,8670,8671,8678,8679,8686,8691,8692,8695,8717,8718,8720,8722,8723,8724,8725,8726,8727,8728,8732,8746,8759,8760,8774,8775,8791,8793,8794,8795,8796,8808,8815,8835,8836,8837,8838,8857,8869,8884,8893,8895,8896,8898,8913,8914,8915,8916,8928,8930,8931,8956,8957,8958,8959,8963,8971,8980,8986,8992,9016,9021,9022,9064,9065,9067,9068,9069,9070,9085,9086,9088,9120,9131,9132,9136,9148,9156,9168,9199,9200,9204,16287,16288,16289,16290,16291,16292,16293,16294,16295,16296,16297,16298,16299,16300,16301,16302,16305,16306,16307,16308,16309,16310,16311,16312,16313,16314,16316,16317,16319,16320,16321,16322,16324,16326,16327,16328,16330,16331,16332,16334,16335,16336,16338,16339,16341,16342,16343,16344,16345,16346,16347,16348,16349,16350,16351,16352,16353,16354,16355,16356,16357,16358,16359,16360,16361,16362,16363,16364,16365,16366,16368,16369,16370,16371,16372,16373,16374,16375,16377,16379,16380,16382,16383,16384,16385,16386,16387,16388,16389,16390,16391,16393,16394,16395,16397,16398,16399,16400,16401,16402,16403,16404,16405,16406,16407,16408,16409,16410,16411,16412,16413,16414,19419,19585,30347,30349,30607,30610,30615,30616,30618,30621,30624,30625,30626,30628,30629,30632,30634,30745,30746,30761,30765,30767,30768,30770,30808,30826,30828,30829,30830,30854,30877,30946,30982,30984,30985,30988,30989,31017,32359,32755,62599,62606,62626,62645,62646,62647,62648,62649,62757,62904,62905,62923,62926,62973,62975,62978,63051,63064,63110,63111,63395,63398,63401,64007,64008,64010,64011,64012,64028,64029,64033,64035,64039,64040,64076,64081,64082,64090,86128,86129,86130,86131,86132,86133,86134,86815,86816,86817,86851,87185,87186,87187,87188,87189,87336,87351,87370);

-- Vmangos pools: (1307,1308,1309,1310,1311,1312,1313,1317,1326);
DELETE FROM `pool_template` WHERE `entry` BETWEEN 666 AND 674;
INSERT INTO `pool_template` (`entry`, `max_limit`, `description`) VALUES
(666, 10, 'Blindweed in Swamp of Sorrows (1)'),
(667, 11, 'Goldthorn in Swamp of Sorrows (1)'),
(668, 8, 'Khadgars Whisker in Swamp of Sorrows (1)'),
(669, 8, 'Khadgars Whisker in Swamp of Sorrows (2)'),
(670, 13, 'Fadeleaf in Swamp of Sorrows (2)'),
(671, 11, 'Blindweed in Swamp of Sorrows (2) '),
(672, 15, 'Goldthorn in Swamp of Sorrows (2)'),
(673, 2, 'Liferoot in Swamp of Sorrows (1)'),
(674, 2, 'Kingsblood in Swamp of Sorrows');

DELETE FROM `pool_gameobject` WHERE `guid` BETWEEN 88842 AND 89265;
INSERT INTO `pool_gameobject` (`guid`, `pool_entry`, `chance`, `description`) VALUES 
(88842, 674, 0, 'Kingsblood'),
(88843, 674, 0, 'Kingsblood'),
(88844, 674, 0, 'Kingsblood'),
(88845, 674, 0, 'Kingsblood'),
(88846, 674, 0, 'Kingsblood'),
(88847, 674, 0, 'Kingsblood'),
(88848, 673, 0, 'Liferoot'),
(88849, 673, 0, 'Liferoot'),
(88850, 673, 0, 'Liferoot'),
(88851, 669, 0, 'Khadgar\'s Whisker'),
(88852, 669, 0, 'Khadgar\'s Whisker'),
(88853, 670, 0, 'Fadeleaf'),
(88854, 670, 0, 'Fadeleaf'),
(88855, 670, 0, 'Fadeleaf'),
(88856, 670, 0, 'Fadeleaf'),
(88857, 670, 0, 'Fadeleaf'),
(88858, 670, 0, 'Fadeleaf'),
(88859, 670, 0, 'Fadeleaf'),
(88860, 670, 0, 'Fadeleaf'),
(88861, 670, 0, 'Fadeleaf'),
(88862, 670, 0, 'Fadeleaf'),
(88863, 670, 0, 'Fadeleaf'),
(88864, 670, 0, 'Fadeleaf'),
(88865, 670, 0, 'Fadeleaf'),
(88866, 670, 0, 'Fadeleaf'),
(88867, 670, 0, 'Fadeleaf'),
(88868, 670, 0, 'Fadeleaf'),
(88869, 670, 0, 'Fadeleaf'),
(88870, 670, 0, 'Fadeleaf'),
(88871, 670, 0, 'Fadeleaf'),
(88872, 670, 0, 'Fadeleaf'),
(88873, 670, 0, 'Fadeleaf'),
(88874, 670, 0, 'Fadeleaf'),
(88875, 670, 0, 'Fadeleaf'),
(88876, 670, 0, 'Fadeleaf'),
(88877, 670, 0, 'Fadeleaf'),
(88878, 670, 0, 'Fadeleaf'),
(88879, 670, 0, 'Fadeleaf'),
(88880, 670, 0, 'Fadeleaf'),
(88881, 670, 0, 'Fadeleaf'),
(88882, 670, 0, 'Fadeleaf'),
(88883, 670, 0, 'Fadeleaf'),
(88884, 670, 0, 'Fadeleaf'),
(88885, 670, 0, 'Fadeleaf'),
(88886, 670, 0, 'Fadeleaf'),
(88887, 670, 0, 'Fadeleaf'),
(88888, 670, 0, 'Fadeleaf'),
(88889, 670, 0, 'Fadeleaf'),
(88890, 670, 0, 'Fadeleaf'),
(88891, 670, 0, 'Fadeleaf'),
(88892, 670, 0, 'Fadeleaf'),
(88893, 670, 0, 'Fadeleaf'),
(88894, 670, 0, 'Fadeleaf'),
(88895, 670, 0, 'Fadeleaf'),
(88896, 668, 0, 'Khadgar\'s Whisker'),
(88897, 668, 0, 'Khadgar\'s Whisker'),
(88898, 668, 0, 'Khadgar\'s Whisker'),
(88899, 668, 0, 'Khadgar\'s Whisker'),
(88900, 669, 0, 'Khadgar\'s Whisker'),
(88901, 668, 0, 'Khadgar\'s Whisker'),
(88902, 669, 0, 'Khadgar\'s Whisker'),
(88903, 669, 0, 'Khadgar\'s Whisker'),
(88904, 669, 0, 'Khadgar\'s Whisker'),
(88905, 669, 0, 'Khadgar\'s Whisker'),
(88906, 669, 0, 'Khadgar\'s Whisker'),
(88907, 668, 0, 'Khadgar\'s Whisker'),
(88908, 669, 0, 'Khadgar\'s Whisker'),
(88909, 668, 0, 'Khadgar\'s Whisker'),
(88910, 669, 0, 'Khadgar\'s Whisker'),
(88911, 669, 0, 'Khadgar\'s Whisker'),
(88912, 669, 0, 'Khadgar\'s Whisker'),
(88913, 669, 0, 'Khadgar\'s Whisker'),
(88914, 669, 0, 'Khadgar\'s Whisker'),
(88915, 669, 0, 'Khadgar\'s Whisker'),
(88916, 669, 0, 'Khadgar\'s Whisker'),
(88917, 669, 0, 'Khadgar\'s Whisker'),
(88918, 669, 0, 'Khadgar\'s Whisker'),
(88919, 669, 0, 'Khadgar\'s Whisker'),
(88920, 668, 0, 'Khadgar\'s Whisker'),
(88921, 668, 0, 'Khadgar\'s Whisker'),
(88922, 668, 0, 'Khadgar\'s Whisker'),
(88923, 668, 0, 'Khadgar\'s Whisker'),
(88924, 668, 0, 'Khadgar\'s Whisker'),
(88925, 668, 0, 'Khadgar\'s Whisker'),
(88926, 668, 0, 'Khadgar\'s Whisker'),
(88927, 668, 0, 'Khadgar\'s Whisker'),
(88928, 669, 0, 'Khadgar\'s Whisker'),
(88929, 669, 0, 'Khadgar\'s Whisker'),
(88930, 669, 0, 'Khadgar\'s Whisker'),
(88931, 669, 0, 'Khadgar\'s Whisker'),
(88932, 668, 0, 'Khadgar\'s Whisker'),
(88933, 668, 0, 'Khadgar\'s Whisker'),
(88934, 668, 0, 'Khadgar\'s Whisker'),
(88935, 668, 0, 'Khadgar\'s Whisker'),
(88936, 668, 0, 'Khadgar\'s Whisker'),
(88937, 669, 0, 'Khadgar\'s Whisker'),
(88938, 669, 0, 'Khadgar\'s Whisker'),
(88939, 669, 0, 'Khadgar\'s Whisker'),
(88940, 673, 0, 'Stranglekelp'),
(88941, 673, 0, 'Stranglekelp'),
(88942, 673, 0, 'Stranglekelp'),
(88943, 673, 0, 'Stranglekelp'),
(88944, 672, 0, 'Goldthorn'),
(88945, 667, 0, 'Goldthorn'),
(88946, 672, 0, 'Goldthorn'),
(88947, 672, 0, 'Goldthorn'),
(88948, 672, 0, 'Goldthorn'),
(88949, 672, 0, 'Goldthorn'),
(88950, 667, 0, 'Goldthorn'),
(88951, 667, 0, 'Goldthorn'),
(88952, 667, 0, 'Goldthorn'),
(88953, 672, 0, 'Goldthorn'),
(88954, 672, 0, 'Goldthorn'),
(88955, 667, 0, 'Goldthorn'),
(88956, 672, 0, 'Goldthorn'),
(88957, 672, 0, 'Goldthorn'),
(88958, 672, 0, 'Goldthorn'),
(88959, 672, 0, 'Goldthorn'),
(88960, 667, 0, 'Goldthorn'),
(88961, 667, 0, 'Goldthorn'),
(88962, 667, 0, 'Goldthorn'),
(88963, 667, 0, 'Goldthorn'),
(88964, 667, 0, 'Goldthorn'),
(88965, 667, 0, 'Goldthorn'),
(88966, 672, 0, 'Goldthorn'),
(88967, 672, 0, 'Goldthorn'),
(88968, 672, 0, 'Goldthorn'),
(88969, 672, 0, 'Goldthorn'),
(88970, 672, 0, 'Goldthorn'),
(88971, 672, 0, 'Goldthorn'),
(88972, 672, 0, 'Goldthorn'),
(88973, 667, 0, 'Goldthorn'),
(88974, 667, 0, 'Goldthorn'),
(88975, 667, 0, 'Goldthorn'),
(88976, 667, 0, 'Goldthorn'),
(88977, 672, 0, 'Goldthorn'),
(88978, 667, 0, 'Goldthorn'),
(88979, 672, 0, 'Goldthorn'),
(88980, 672, 0, 'Goldthorn'),
(88981, 672, 0, 'Goldthorn'),
(88982, 667, 0, 'Goldthorn'),
(88983, 672, 0, 'Goldthorn'),
(88984, 672, 0, 'Goldthorn'),
(88985, 672, 0, 'Goldthorn'),
(88986, 672, 0, 'Goldthorn'),
(88987, 672, 0, 'Goldthorn'),
(88988, 672, 0, 'Goldthorn'),
(88989, 667, 0, 'Goldthorn'),
(88990, 667, 0, 'Goldthorn'),
(88991, 667, 0, 'Goldthorn'),
(88992, 667, 0, 'Goldthorn'),
(88993, 672, 0, 'Goldthorn'),
(88994, 672, 0, 'Goldthorn'),
(88995, 672, 0, 'Goldthorn'),
(88996, 667, 0, 'Goldthorn'),
(88997, 667, 0, 'Goldthorn'),
(88998, 667, 0, 'Goldthorn'),
(88999, 667, 0, 'Goldthorn'),
(89000, 672, 0, 'Goldthorn'),
(89001, 672, 0, 'Goldthorn'),
(89002, 672, 0, 'Goldthorn'),
(89003, 672, 0, 'Goldthorn'),
(89004, 672, 0, 'Goldthorn'),
(89005, 667, 0, 'Goldthorn'),
(89006, 667, 0, 'Goldthorn'),
(89007, 672, 0, 'Goldthorn'),
(89008, 672, 0, 'Goldthorn'),
(89009, 672, 0, 'Goldthorn'),
(89010, 667, 0, 'Goldthorn'),
(89011, 672, 0, 'Goldthorn'),
(89012, 667, 0, 'Goldthorn'),
(89013, 667, 0, 'Goldthorn'),
(89014, 667, 0, 'Goldthorn'),
(89015, 672, 0, 'Goldthorn'),
(89016, 672, 0, 'Goldthorn'),
(89017, 672, 0, 'Goldthorn'),
(89018, 672, 0, 'Goldthorn'),
(89019, 672, 0, 'Goldthorn'),
(89020, 672, 0, 'Goldthorn'),
(89021, 672, 0, 'Goldthorn'),
(89022, 672, 0, 'Goldthorn'),
(89023, 672, 0, 'Goldthorn'),
(89024, 672, 0, 'Goldthorn'),
(89025, 671, 0, 'Blindweed'),
(89026, 671, 0, 'Blindweed'),
(89027, 671, 0, 'Blindweed'),
(89028, 671, 0, 'Blindweed'),
(89029, 671, 0, 'Blindweed'),
(89030, 671, 0, 'Blindweed'),
(89031, 671, 0, 'Blindweed'),
(89032, 666, 0, 'Blindweed'),
(89033, 666, 0, 'Blindweed'),
(89034, 671, 0, 'Blindweed'),
(89035, 666, 0, 'Blindweed'),
(89036, 666, 0, 'Blindweed'),
(89037, 666, 0, 'Blindweed'),
(89038, 671, 0, 'Blindweed'),
(89039, 671, 0, 'Blindweed'),
(89040, 666, 0, 'Blindweed'),
(89041, 666, 0, 'Blindweed'),
(89042, 666, 0, 'Blindweed'),
(89043, 666, 0, 'Blindweed'),
(89044, 666, 0, 'Blindweed'),
(89045, 671, 0, 'Blindweed'),
(89046, 671, 0, 'Blindweed'),
(89047, 666, 0, 'Blindweed'),
(89048, 666, 0, 'Blindweed'),
(89049, 671, 0, 'Blindweed'),
(89050, 671, 0, 'Blindweed'),
(89051, 666, 0, 'Blindweed'),
(89052, 666, 0, 'Blindweed'),
(89053, 666, 0, 'Blindweed'),
(89054, 671, 0, 'Blindweed'),
(89055, 671, 0, 'Blindweed'),
(89056, 666, 0, 'Blindweed'),
(89057, 671, 0, 'Blindweed'),
(89058, 666, 0, 'Blindweed'),
(89059, 671, 0, 'Blindweed'),
(89060, 671, 0, 'Blindweed'),
(89061, 671, 0, 'Blindweed'),
(89062, 666, 0, 'Blindweed'),
(89063, 666, 0, 'Blindweed'),
(89064, 671, 0, 'Blindweed'),
(89065, 671, 0, 'Blindweed'),
(89066, 671, 0, 'Blindweed'),
(89067, 671, 0, 'Blindweed'),
(89068, 666, 0, 'Blindweed'),
(89069, 671, 0, 'Blindweed'),
(89070, 666, 0, 'Blindweed'),
(89071, 671, 0, 'Blindweed'),
(89072, 666, 0, 'Blindweed'),
(89073, 666, 0, 'Blindweed'),
(89074, 671, 0, 'Blindweed'),
(89075, 666, 0, 'Blindweed'),
(89076, 671, 0, 'Blindweed'),
(89077, 666, 0, 'Blindweed'),
(89078, 666, 0, 'Blindweed'),
(89079, 671, 0, 'Blindweed'),
(89080, 671, 0, 'Blindweed'),
(89081, 671, 0, 'Blindweed'),
(89082, 671, 0, 'Blindweed'),
(89083, 666, 0, 'Blindweed'),
(89084, 671, 0, 'Blindweed'),
(89085, 671, 0, 'Blindweed'),
(89086, 666, 0, 'Blindweed'),
(89087, 666, 0, 'Blindweed'),
(89088, 671, 0, 'Blindweed'),
(89089, 666, 0, 'Blindweed'),
(89090, 671, 0, 'Blindweed'),
(89091, 666, 0, 'Blindweed'),
(89092, 671, 0, 'Blindweed'),
(89093, 671, 0, 'Blindweed'),
(89094, 671, 0, 'Blindweed'),
(89095, 671, 0, 'Blindweed'),
(89096, 666, 0, 'Blindweed'),
(89097, 666, 0, 'Blindweed'),
(89098, 671, 0, 'Blindweed'),
(89099, 671, 0, 'Blindweed'),
(89100, 666, 0, 'Blindweed'),
(89101, 666, 0, 'Blindweed'),
(89102, 671, 0, 'Blindweed'),
(89103, 666, 0, 'Blindweed'),
(89104, 671, 0, 'Blindweed'),
(89105, 671, 0, 'Blindweed'),
(89106, 666, 0, 'Blindweed'),
(89107, 671, 0, 'Blindweed'),
(89108, 666, 0, 'Blindweed'),
(89109, 671, 0, 'Blindweed'),
(89110, 671, 0, 'Blindweed'),
(89111, 671, 0, 'Blindweed'),
(89112, 666, 0, 'Blindweed'),
(89113, 671, 0, 'Blindweed'),
(89114, 671, 0, 'Blindweed'),
(89115, 671, 0, 'Blindweed'),
(89116, 666, 0, 'Blindweed'),
(89117, 666, 0, 'Blindweed'),
(89118, 666, 0, 'Blindweed'),
(89119, 666, 0, 'Blindweed'),
(89120, 671, 0, 'Blindweed'),
(89121, 666, 0, 'Blindweed'),
(89122, 666, 0, 'Blindweed'),
(89123, 671, 0, 'Blindweed'),
(89124, 671, 0, 'Blindweed'),
(89125, 666, 0, 'Blindweed'),
(89126, 671, 0, 'Blindweed'),
(89127, 666, 0, 'Blindweed'),
(89128, 666, 0, 'Blindweed'),
(89129, 666, 0, 'Blindweed'),
(89130, 666, 0, 'Blindweed'),
(89131, 666, 0, 'Blindweed'),
(89132, 671, 0, 'Blindweed'),
(89133, 671, 0, 'Blindweed'),
(89134, 666, 0, 'Blindweed'),
(89135, 671, 0, 'Blindweed'),
(89136, 671, 0, 'Blindweed'),
(89137, 671, 0, 'Blindweed'),
(89138, 666, 0, 'Blindweed'),
(89139, 666, 0, 'Blindweed'),
(89140, 671, 0, 'Blindweed'),
(89141, 671, 0, 'Blindweed'),
(89142, 671, 0, 'Blindweed'),
(89143, 671, 0, 'Blindweed'),
(89144, 671, 0, 'Blindweed'),
(89145, 671, 0, 'Blindweed'),
(89146, 671, 0, 'Blindweed'),
(89147, 671, 0, 'Blindweed'),
(89148, 671, 0, 'Blindweed'),
(89149, 671, 0, 'Blindweed'),
(89150, 671, 0, 'Blindweed'),
(89151, 671, 0, 'Blindweed'),
(89152, 671, 0, 'Blindweed'),
(89153, 671, 0, 'Blindweed'),
(89154, 666, 0, 'Blindweed'),
(89155, 671, 0, 'Blindweed'),
(89156, 671, 0, 'Blindweed'),
(89157, 666, 0, 'Blindweed'),
(89158, 666, 0, 'Blindweed'),
(89159, 666, 0, 'Blindweed'),
(89160, 671, 0, 'Blindweed'),
(89161, 671, 0, 'Blindweed'),
(89162, 671, 0, 'Blindweed'),
(89163, 671, 0, 'Blindweed'),
(89164, 671, 0, 'Blindweed'),
(89165, 666, 0, 'Blindweed'),
(89166, 666, 0, 'Blindweed'),
(89167, 666, 0, 'Blindweed'),
(89168, 666, 0, 'Blindweed'),
(89169, 666, 0, 'Blindweed'),
(89170, 671, 0, 'Blindweed'),
(89171, 666, 0, 'Blindweed'),
(89172, 671, 0, 'Blindweed'),
(89173, 671, 0, 'Blindweed'),
(89174, 666, 0, 'Blindweed'),
(89175, 666, 0, 'Blindweed'),
(89176, 671, 0, 'Blindweed'),
(89177, 671, 0, 'Blindweed'),
(89178, 672, 0, 'Goldthorn'),
(89179, 667, 0, 'Goldthorn'),
(89180, 672, 0, 'Goldthorn'),
(89181, 672, 0, 'Goldthorn'),
(89182, 672, 0, 'Goldthorn'),
(89183, 672, 0, 'Goldthorn'),
(89184, 672, 0, 'Goldthorn'),
(89185, 669, 0, 'Khadgars Whisker'),
(89186, 669, 0, 'Khadgars Whisker'),
(89187, 668, 0, 'Khadgars Whisker'),
(89188, 669, 0, 'Khadgars Whisker'),
(89189, 668, 0, 'Khadgars Whisker'),
(89190, 669, 0, 'Khadgars Whisker'),
(89191, 668, 0, 'Khadgars Whisker'),
(89192, 668, 0, 'Khadgars Whisker'),
(89193, 668, 0, 'Khadgars Whisker'),
(89194, 669, 0, 'Khadgars Whisker'),
(89195, 674, 0, 'Kingsblood'),
(89196, 674, 0, 'Kingsblood'),
(89197, 674, 0, 'Kingsblood'),
(89198, 673, 0, 'Stranglekelp'),
(89199, 673, 0, 'Stranglekelp'),
(89200, 673, 0, 'Stranglekelp'),
(89201, 673, 0, 'Stranglekelp'),
(89202, 673, 0, 'Stranglekelp'),
(89203, 673, 0, 'Stranglekelp'),
(89204, 673, 0, 'Liferoot'),
(89205, 673, 0, 'Liferoot'),
(89206, 673, 0, 'Liferoot'),
(89207, 673, 0, 'Liferoot'),
(89208, 673, 0, 'Liferoot'),
(89209, 673, 0, 'Liferoot'),
(89210, 673, 0, 'Liferoot'),
(89211, 673, 0, 'Liferoot'),
(89212, 673, 0, 'Liferoot'),
(89213, 673, 0, 'Liferoot'),
(89214, 673, 0, 'Liferoot'),
(89215, 673, 0, 'Liferoot'),
(89216, 673, 0, 'Liferoot'),
(89217, 673, 0, 'Liferoot'),
(89218, 673, 0, 'Liferoot'),
(89219, 673, 0, 'Liferoot'),
(89220, 673, 0, 'Liferoot'),
(89221, 673, 0, 'Liferoot'),
(89222, 673, 0, 'Liferoot'),
(89223, 673, 0, 'Liferoot'),
(89224, 673, 0, 'Liferoot'),
(89225, 673, 0, 'Liferoot'),
(89226, 670, 0, 'Fadeleaf'),
(89227, 674, 0, 'Kingsblood'),
(89228, 668, 0, 'Khadgar\'s Whisker'),
(89229, 674, 0, 'Kingsblood'),
(89230, 671, 0, 'Blindweed'),
(89231, 671, 0, 'Blindweed'),
(89232, 666, 0, 'Blindweed'),
(89233, 671, 0, 'Blindweed'),
(89234, 671, 0, 'Blindweed'),
(89235, 669, 0, 'Khadgar\'s Whisker'),
(89236, 674, 0, 'Kingsblood'),
(89237, 667, 0, 'Goldthorn'),
(89238, 672, 0, 'Goldthorn'),
(89239, 674, 0, 'Kingsblood'),
(89240, 673, 0, 'Stranglekelp'),
(89241, 673, 0, 'Stranglekelp'),
(89242, 673, 0, 'Stranglekelp'),
(89243, 671, 0, 'Blindweed'),
(89244, 674, 0, 'Kingsblood'),
(89245, 666, 0, 'Blindweed'),
(89246, 674, 0, 'Kingsblood'),
(89247, 666, 0, 'Blindweed'),
(89248, 674, 0, 'Kingsblood'),
(89249, 673, 0, 'Stranglekelp'),
(89250, 668, 0, 'Khadgar\'s Whisker'),
(89251, 672, 0, 'Goldthorn'),
(89252, 671, 0, 'Blindweed'),
(89253, 668, 0, 'Khadgar\'s Whisker'),
(89254, 671, 0, 'Blindweed'),
(89255, 667, 0, 'Goldthorn'),
(89256, 671, 0, 'Blindweed'),
(89257, 671, 0, 'Blindweed'),
(89258, 666, 0, 'Blindweed'),
(89259, 671, 0, 'Blindweed'),
(89260, 666, 0, 'Blindweed'),
(89261, 666, 0, 'Blindweed'),
(89262, 666, 0, 'Blindweed'),
(89263, 671, 0, 'Blindweed'),
(89264, 672, 0, 'Goldthorn'),
(89265, 670, 0, 'Fadeleaf');

DELETE FROM `gameobject` WHERE `zoneId`=8 AND `guid` BETWEEN 88842 AND 89265;
INSERT INTO `gameobject` (`guid`, `id`, `map`, `zoneId`, `position_x`, `position_y`, `position_z`, `orientation`, `rotation0`, `rotation1`, `rotation2`, `rotation3`, `spawntimesecs`, `animprogress`, `state`) VALUES
(88842, 1624, 0, 8, -10348.1, -3110.08, 22.1766, 4.85202, 0, 0, -0.656058, 0.75471, 1800, 255, 1),
(88843, 1624, 0, 8, -10305.2, -4099.95, 22.0213, 0.610863, 0, 0, 0.300705, 0.953717, 1800, 255, 1),
(88844, 1624, 0, 8, -10538.6, -4057.57, 21.6968, 1.09956, 0, 0, 0.522498, 0.852641, 1800, 255, 1),
(88845, 1624, 0, 8, -10741.6, -4204.1, 21.8815, 1.48353, 0, 0, 0.67559, 0.737278, 1800, 255, 1),
(88846, 1624, 0, 8, -10226.6, -3333.69, 22.4027, 2.87979, 0, 0, 0.991445, 0.130528, 1800, 100, 1),
(88847, 1624, 0, 8, -10108, -3616, 22.876, 4.834, 0, 0, 0.662775, -0.748818, 1800, 100, 1),
(88848, 2041, 0, 8, -10607.5, -4078.94, 19.2055, 4.34587, 0, 0, -0.824126, 0.566406, 1800, 255, 1),
(88849, 2041, 0, 8, -10761.8, -4158.78, 19.8357, 0.523598, 0, 0, 0.258819, 0.965926, 1800, 255, 1),
(88850, 2041, 0, 8, -10195.8, -4084.3, 19.2791, 5.96903, 0, 0, -0.156434, 0.987688, 1800, 255, 1),
(88851, 2043, 0, 8, -10201.5, -3447.1, 22.3132, 5.79449, 0, 0, -0.241921, 0.970296, 1800, 255, 1),
(88852, 2043, 0, 8, -10523.5, -4182.17, 23.6343, 2.89724, 0, 0, 0.992546, 0.12187, 1800, 255, 1),
(88853, 2042, 0, 8, -10396, -2988.36, 22.9578, 0.06048, 0, 0, 0, 0, 1800, 100, 1),
(88854, 2042, 0, 8, -10144.1, -3320.08, 22.6965, 2.43657, 0, 0, 0, 0, 1800, 100, 1),
(88855, 2042, 0, 8, -10373.7, -2983.72, 22.4425, 0.56136, 0, 0, 0, 0, 1800, 100, 1),
(88856, 2042, 0, 8, -10366.8, -2989.79, 21.8306, 0.89436, 0, 0, 0, 0, 1800, 100, 1),
(88857, 2042, 0, 8, -10380.9, -2968.79, 22.0413, 2.66617, 0, 0, 0, 0, 1800, 100, 1),
(88858, 2042, 0, 8, -10146.3, -3307.37, 22.7541, 6.09578, 0, 0, 0, 0, 1800, 100, 1),
(88859, 2042, 0, 8, -10360.5, -3081.84, 22.9691, 2.9845, 0, 0, 0.996917, 0.0784664, 1800, 100, 1),
(88860, 2042, 0, 8, -10299.1, -3143.44, 21.5458, 5.64367, 0, 0, 0, 0, 1800, 100, 1),
(88861, 2042, 0, 8, -10289.6, -3138.64, 22.4909, 2.2439, 0, 0, 0, 0, 1800, 100, 1),
(88862, 2042, 0, 8, -10524.2, -2785.81, 22.6302, 0.66226, 0, 0, 0, 0, 1800, 100, 1),
(88863, 2042, 0, 8, -10575.1, -2717.64, 26.3707, 0.59341, 0, 0, 0.292371, 0.956305, 1800, 100, 1),
(88864, 2042, 0, 8, -10366, -2982.86, 22.4097, 5.88995, 0, 0, 0, 0, 1800, 100, 1),
(88865, 2042, 0, 8, -10254.6, -3239.82, 23.125, 6.15425, 0, 0, 0, 0, 1800, 100, 1),
(88866, 2042, 0, 8, -10154.5, -3324.92, 22.3997, 0.63734, 0, 0, 0, 0, 1800, 100, 1),
(88867, 2042, 0, 8, -10086, -2473.08, 27.9957, 5.77319, 0, 0, 0, 0, 1800, 100, 1),
(88868, 2042, 0, 8, -10090.8, -2489.23, 28.7696, 2.16421, 0, 0, 0.882947, 0.469473, 1800, 100, 1),
(88869, 2042, 0, 8, -10617.1, -2525.31, 23.2634, 3.29825, 0, 0, 0, 0, 1800, 100, 1),
(88870, 2042, 0, 8, -10541.4, -2780.55, 23.3937, 4.79763, 0, 0, 0, 0, 1800, 100, 1),
(88871, 2042, 0, 8, -10164, -3209.01, 24.4014, 3.927, 0, 0, -0.923879, 0.382686, 1800, 100, 1),
(88872, 2042, 0, 8, -10162.8, -3219.59, 22.8414, 2.45151, 0, 0, 0, 0, 1800, 100, 1),
(88873, 2042, 0, 8, -10230, -3483, 23.428, 2.703, 0, 0, 0.976005, 0.217749, 1800, 100, 1),
(88874, 2042, 0, 8, -10388.1, -2976.57, 22.862, 1.81514, 0, 0, 0.788011, 0.615662, 1800, 100, 1),
(88875, 2042, 0, 8, -10195.3, -3118.81, 21.7411, 0.104719, 0, 0, 0.0523357, 0.99863, 1800, 100, 1),
(88876, 2042, 0, 8, -10400.2, -3001.84, 19.729, 1.29037, 0, 0, 0, 0, 1800, 100, 1),
(88877, 2042, 0, 8, -10141, -3346.58, 22.2082, 5.6704, 0, 0, 0, 0, 1800, 100, 1),
(88878, 2042, 0, 8, -10443.7, -2683.13, 22.3854, 5.28927, 0, 0, 0, 0, 1800, 100, 1),
(88879, 2042, 0, 8, -10596.8, -2465.43, 22.2192, 1.56141, 0, 0, 0, 0, 1800, 100, 1),
(88880, 2042, 0, 8, -10258.4, -3230.2, 23.499, 1.0472, 0, 0, 0.5, 0.866025, 1800, 100, 1),
(88881, 2042, 0, 8, -10462.1, -2708.86, 21.7703, 5.47873, 0, 0, 0, 0, 1800, 100, 1),
(88882, 2042, 0, 8, -10439.4, -2927.06, 22.0869, 1.0472, 0, 0, 0.5, 0.866025, 1800, 100, 1),
(88883, 2042, 0, 8, -10619.7, -2541.82, 23.739, 3.08934, 0, 0, 0, 0, 1800, 100, 1),
(88884, 2042, 0, 8, -10599.5, -2488.86, 23.107, 4.91612, 0, 0, 0, 0, 1800, 100, 1),
(88885, 2042, 0, 8, -10301.8, -3133.48, 21.7872, 5.5465, 0, 0, 0, 0, 1800, 100, 1),
(88886, 2042, 0, 8, -10288.8, -3123.54, 22.4199, 3.90502, 0, 0, 0, 0, 1800, 100, 1),
(88887, 2042, 0, 8, -10610.9, -2500.03, 22.892, -1.18682, 0, 0, 0.559193, -0.829037, 1800, 100, 1),
(88888, 2042, 0, 8, -10518.9, -2573.61, 21.8643, 5.41052, 0, 0, -0.422618, 0.906308, 1800, 100, 1),
(88889, 2042, 0, 8, -10226.4, -2623.05, 27.6343, 2.84488, 0, 0, 0.989016, 0.147811, 1800, 100, 1),
(88890, 2042, 0, 8, -10241.5, -2622.03, 27.8669, 2.10295, 0, 0, 0, 0, 1800, 100, 1),
(88891, 2042, 0, 8, -10538.9, -2848.88, 23.573, 2.92118, 0, 0, 0, 0, 1800, 100, 1),
(88892, 2042, 0, 8, -10519.8, -2715.92, 27.669, 5.75959, 0, 0, -0.258819, 0.965926, 1800, 100, 1),
(88893, 2042, 0, 8, -10181, -3081, 22.446, 4.734, 0, 0, 0.699289, -0.714839, 1800, 100, 1),
(88894, 2042, 0, 8, -10301.6, -3118.24, 22.1043, 0.95622, 0, 0, 0, 0, 1800, 100, 1),
(88895, 2042, 0, 8, -10294.1, -3120.57, 21.941, 2.19912, 0, 0, 0.891007, 0.453991, 1800, 100, 1),
(88896, 2043, 0, 8, -10249, -3661, 22.273, 0.646, 0, 0, 0.317305, 0.948324, 1800, 100, 1),
(88897, 2043, 0, 8, -10815, -3873, 23.637, 1.769, 0, 0, 0, 0, 1800, 100, 1),
(88898, 2043, 0, 8, -10812, -3902, 23.792, 1.709, 0, 0, 0, 0, 1800, 100, 1),
(88899, 2043, 0, 8, -10695, -3864, 22.656, 3.757, 0, 0, 0, 0, 1800, 100, 1),
(88900, 2043, 0, 8, -10424, -3445, 23.818, 1.331, 0, 0, 0, 0, 1800, 100, 1),
(88901, 2043, 0, 8, -10442, -3526, 23.525, -1, 0, 0, -0.267238, 0.96363, 1800, 100, 1),
(88902, 2043, 0, 8, -10134, -2971, 20.937, 6.124, 0, 0, 0, 0, 1800, 100, 1),
(88903, 2043, 0, 8, -10072, -3102, 22.905, 1.733, 0, 0, 0, 0, 1800, 100, 1),
(88904, 2043, 0, 8, -10087, -3086, 22.921, 5.405, 0, 0, 0, 0, 1800, 100, 1),
(88905, 2043, 0, 8, -10130, -2989, 22.99, 5.134, 0, 0, 0, 0, 1800, 100, 1),
(88906, 2043, 0, 8, -10139.4, -2979.23, 22.9316, 1.81514, 0, 0, 0.788011, 0.615662, 1800, 100, 1),
(88907, 2043, 0, 8, -10313.7, -3520.82, 23.9705, 2.82743, 0, 0, 0.987688, 0.156434, 1800, 100, 1),
(88908, 2043, 0, 8, -10436, -3491, 23.123, 6.098, 0, 0, 0, 0, 1800, 100, 1),
(88909, 2043, 0, 8, -10309, -4122, 21.793, 4.484, 0, 0, 0, 0, 1800, 100, 1),
(88910, 2043, 0, 8, -10292, -2959, 22.3251, 4.537, 0, 0, 0, 0, 1800, 100, 1),
(88911, 2043, 0, 8, -10273, -2841, 26.508, 0.164, 0, 0, 0, 0, 1800, 100, 1),
(88912, 2043, 0, 8, -10304, -2850, 26.6975, 5.423, 0, 0, 0, 0, 1800, 100, 1),
(88913, 2043, 0, 8, -10120, -3420, 22.3612, 0.138, 0, 0, 0, 0, 1800, 100, 1),
(88914, 2043, 0, 8, -10319.2, -2683.88, 23.6573, 3.76991, 0, 0, -0.951056, 0.309017, 1800, 100, 1),
(88915, 2043, 0, 8, -10345, -2842, 23.749, 5.253, 0, 0, 0, 0, 1800, 100, 1),
(88916, 2043, 0, 8, -10329, -2663, 23.742, 4.307, 0, 0, 0, 0, 1800, 100, 1),
(88917, 2043, 0, 8, -10337, -2651, 25.607, 1.907, 0, 0, 0, 0, 1800, 100, 1),
(88918, 2043, 0, 8, -10353, -2816, 24.02, 0.09, 0, 0, 0, 0, 1800, 100, 1),
(88919, 2043, 0, 8, -10234, -3475, 22.4643, 4.743, 0, 0, 0, 0, 1800, 100, 1),
(88920, 2043, 0, 8, -9916, -3744, 22.871, 2.495, 0, 0, 0, 0, 1800, 100, 1),
(88921, 2043, 0, 8, -10824, -3982, 21.965, 2.262, 0, 0, 0, 0, 1800, 100, 1),
(88922, 2043, 0, 8, -10825, -4072, 23.694, 4.113, 0, 0, 0, 0, 1800, 100, 1),
(88923, 2043, 0, 8, -10803, -4035, 19.287, 2.855, 0, 0, 0, 0, 1800, 100, 1),
(88924, 2043, 0, 8, -10813, -4054, 23.787, 5.555, 0, 0, 0, 0, 1800, 100, 1),
(88925, 2043, 0, 8, -10747, -4160, 20.787, 1.914, 0, 0, 0, 0, 1800, 100, 1),
(88926, 2043, 0, 8, -10760, -4182, 22.418, 4.31, 0, 0, 0, 0, 1800, 100, 1),
(88927, 2043, 0, 8, -10741, -4185, 21.876, 2.147, 0, 0, 0, 0, 1800, 100, 1),
(88928, 2043, 0, 8, -10078, -3133, 24.14, 5.071, 0, 0, 0, 0, 1800, 100, 1),
(88929, 2043, 0, 8, -10057, -3344, 23.121, 5.015, 0, 0, 0, 0, 1800, 100, 1),
(88930, 2043, 0, 8, -10140, -3421, 23.597, 3.866, 0, 0, 0, 0, 1800, 100, 1),
(88931, 2043, 0, 8, -10133, -3440, 22.833, 4.578, 0, 0, 0, 0, 1800, 100, 1),
(88932, 2043, 0, 8, -10375, -4034, 23.673, 3.612, 0, 0, 0, 0, 1800, 100, 1),
(88933, 2043, 0, 8, -10372, -4016, 22.728, 3.004, 0, 0, 0, 0, 1800, 100, 1),
(88934, 2043, 0, 8, -10571, -4178, 20.233, 3.178, 0, 0, 0, 0, 1800, 100, 1),
(88935, 2043, 0, 8, -10537.3, -4171.27, 22.8462, 6.07375, 0, 0, -0.104528, 0.994522, 1800, 100, 1),
(88936, 2043, 0, 8, -10555, -4170, 22.503, 3.746, 0, 0, 0, 0, 1800, 100, 1),
(88937, 2043, 0, 8, -10225, -3433, 23.976, 2.281, 0, 0, 0, 0, 1800, 100, 1),
(88938, 2043, 0, 8, -10242, -3443, 23.374, 3.646, 0, 0, 0, 0, 1800, 100, 1),
(88939, 2043, 0, 8, -10316, -2833, 24.233, 0.212, 0, 0, 0, 0, 1800, 100, 1),
(88940, 2045, 0, 8, -9981, -4306, -1, 5.762, 0, 0, 0.257877, -0.966178, 900, 100, 1),
(88941, 2045, 0, 8, -10609, -4349, 6.587, 1.908, 0, 0, 0.815602, 0.578614, 900, 100, 1),
(88942, 2045, 0, 8, -9782, -4091, 1.399, 1.282, 0, 0, 0.59814, 0.801391, 900, 100, 1),
(88943, 2045, 0, 8, -10584, -4344, 6.153, 5.397, 0, 0, 0.428717, -0.903439, 900, 100, 1),
(88944, 2046, 0, 8, -10619.1, -2843.08, 28.7928, 2.59752, 0, 0, 0, 0, 1800, 100, 1),
(88945, 2046, 0, 8, -10913.1, -3815.13, 36.2381, 2.67044, 0, 0, 0, 0, 1800, 100, 1),
(88946, 2046, 0, 8, -10065.4, -3180.69, 21.9507, 0.11133, 0, 0, 0, 0, 1800, 100, 1),
(88947, 2046, 0, 8, -10101.6, -2908.98, 38.0422, 4.55531, 0, 0, -0.760406, 0.649449, 1800, 100, 1),
(88948, 2046, 0, 8, -10093.9, -2914.94, 44.3011, 6.26415, 0, 0, 0, 0, 1800, 100, 1),
(88949, 2046, 0, 8, -10505.6, -2515.24, 22.0412, 2.57501, 0, 0, 0, 0, 1800, 100, 1),
(88950, 2046, 0, 8, -9821.1, -3735.56, 22.3688, 0.86823, 0, 0, 0, 0, 1800, 100, 1),
(88951, 2046, 0, 8, -9815.26, -3725.54, 29.5086, 1.13212, 0, 0, 0, 0, 1800, 100, 1),
(88952, 2046, 0, 8, -10713.7, -3684.95, 39.3774, 2.96115, 0, 0, 0, 0, 1800, 100, 1),
(88953, 2046, 0, 8, -10062.3, -2778.04, 29.3493, 0.4946, 0, 0, 0, 0, 1800, 100, 1),
(88954, 2046, 0, 8, -10590.3, -2733.19, 34.7039, 5.74214, 0, 0, -0.267238, 0.963631, 1800, 100, 1),
(88955, 2046, 0, 8, -10614.5, -3506.71, 32.3897, -0.05236, 0, 0, 0.026177, -0.999657, 1800, 100, 1),
(88956, 2046, 0, 8, -10636.8, -2462.69, 36.2583, 1.56031, 0, 0, 0, 0, 1800, 100, 1),
(88957, 2046, 0, 8, -10610.6, -2603.26, 33.9116, -2.16421, 0, 0, 0.882948, -0.469472, 1800, 100, 1),
(88958, 2046, 0, 8, -10039.3, -2774.22, 53.3274, 1.38737, 0, 0, 0, 0, 1800, 100, 1),
(88959, 2046, 0, 8, -10055.4, -2452.51, 28.5522, 6.15106, 0, 0, 0, 0, 1800, 100, 1),
(88960, 2046, 0, 8, -10808.2, -3764.14, 31.7641, 1.84435, 0, 0, 0, 0, 1800, 100, 1),
(88961, 2046, 0, 8, -11006.2, -3969, 50.3396, 2.48757, 0, 0, 0, 0, 1800, 100, 1),
(88962, 2046, 0, 8, -10983.1, -3964.85, 32.4651, 3.72218, 0, 0, 0, 0, 1800, 100, 1),
(88963, 2046, 0, 8, -10990, -3968.15, 37.4884, 2.69491, 0, 0, 0, 0, 1800, 100, 1),
(88964, 2046, 0, 8, -10974.9, -3966.86, 27.4547, 3.42688, 0, 0, 0, 0, 1800, 100, 1),
(88965, 2046, 0, 8, -9977.03, -3547.91, 21.7237, 4.31574, 0, 0, 0, 0, 1800, 100, 1),
(88966, 2046, 0, 8, -10560.3, -2459.79, 28.5932, 1.76278, 0, 0, 0.771625, 0.636078, 1800, 100, 1),
(88967, 2046, 0, 8, -10057.7, -2475.68, 28.5577, 4.84576, 0, 0, 0, 0, 1800, 100, 1),
(88968, 2046, 0, 8, -10104.2, -2603.46, 42.7277, 5.56891, 0, 0, 0, 0, 1800, 100, 1),
(88969, 2046, 0, 8, -10035.7, -3458.46, 21.8711, 6.06307, 0, 0, 0, 0, 1800, 100, 1),
(88970, 2046, 0, 8, -10018.7, -3458.61, 34.6077, 5.97589, 0, 0, 0, 0, 1800, 100, 1),
(88971, 2046, 0, 8, -10213.5, -2720.23, 22.7552, 6.22429, 0, 0, 0, 0, 1800, 100, 1),
(88972, 2046, 0, 8, -10321.6, -2464.22, 45.1916, 1.33334, 0, 0, 0, 0, 1800, 100, 1),
(88973, 2046, 0, 8, -11089.4, -3882.19, 9.25315, 0.4552, 0, 0, 0, 0, 1800, 100, 1),
(88974, 2046, 0, 8, -11126.1, -3785.6, 41.1291, 1.76364, 0, 0, 0, 0, 1800, 100, 1),
(88975, 2046, 0, 8, -11108.2, -3784.37, 33.4448, 1.50525, 0, 0, 0, 0, 1800, 100, 1),
(88976, 2046, 0, 8, -10801.1, -3745.21, 24.605, 5.93869, 0, 0, 0, 0, 1800, 100, 1),
(88977, 2046, 0, 8, -10335.2, -2469.54, 44.1533, 2.65277, 0, 0, 0, 0, 1800, 100, 1),
(88978, 2046, 0, 8, -10614.3, -3500.87, 36.3423, 2.42709, 0, 0, 0, 0, 1800, 100, 1),
(88979, 2046, 0, 8, -10602.4, -2884.3, 42.2335, 3.82192, 0, 0, 0, 0, 1800, 100, 1),
(88980, 2046, 0, 8, -10585.9, -3456.72, 39.8744, 2.24174, 0, 0, 0, 0, 1800, 100, 1),
(88981, 2046, 0, 8, -10571.5, -3451.2, 34.1387, 5.14872, 0, 0, -0.537299, 0.843392, 1800, 100, 1),
(88982, 2046, 0, 8, -9754.66, -3841.29, 25.6877, 1.65254, 0, 0, 0, 0, 1800, 100, 1),
(88983, 2046, 0, 8, -10492.9, -2703.18, 40.7415, 4.86587, 0, 0, 0, 0, 1800, 100, 1),
(88984, 2046, 0, 8, -10313.5, -2539.39, 34.8506, 5.29574, 0, 0, 0, 0, 1800, 100, 1),
(88985, 2046, 0, 8, -10551.4, -2464.36, 24.3235, 3.34375, 0, 0, 0, 0, 1800, 100, 1),
(88986, 2046, 0, 8, -10252.4, -2585.08, 27.0755, 6.11257, 0, 0, 0, 0, 1800, 100, 1),
(88987, 2046, 0, 8, -10110.6, -2597.32, 35.4508, 2.54818, 0, 0, 0.956305, 0.292372, 1800, 100, 1),
(88988, 2046, 0, 8, -10246, -2579.28, 26.8436, 2.41563, 0, 0, 0, 0, 1800, 100, 1),
(88989, 2046, 0, 8, -10789.1, -3758.07, 23.5965, 4.11251, 0, 0, 0, 0, 1800, 100, 1),
(88990, 2046, 0, 8, -10804.5, -3767.15, 26.5949, 1.84435, 0, 0, 0, 0, 1800, 100, 1),
(88991, 2046, 0, 8, -10797.1, -3776.4, 23.0455, 6.15781, 0, 0, 0, 0, 1800, 100, 1),
(88992, 2046, 0, 8, -10803.5, -3772.21, 24.0224, 3.3774, 0, 0, 0, 0, 1800, 100, 1),
(88993, 2046, 0, 8, -10493, -2478.19, 34.8061, 1.67437, 0, 0, 0, 0, 1800, 100, 1),
(88994, 2046, 0, 8, -10332.7, -2490.47, 31.3206, 2.436, 0, 0, 0, 0, 1800, 100, 1),
(88995, 2046, 0, 8, -10326.6, -2489.13, 32.0368, 1.65377, 0, 0, 0, 0, 1800, 100, 1),
(88996, 2046, 0, 8, -11000.5, -3876.39, 66.5622, 2.56001, 0, 0, 0, 0, 1800, 100, 1),
(88997, 2046, 0, 8, -11081.4, -3876.93, 17.9153, 0.38609, 0, 0, 0, 0, 1800, 100, 1),
(88998, 2046, 0, 8, -10993.1, -3886.23, 57.5147, 2.28042, 0, 0, 0, 0, 1800, 100, 1),
(88999, 2046, 0, 8, -10775.7, -3741.6, 24.6898, 3.14904, 0, 0, 0, 0, 1800, 100, 1),
(89000, 2046, 0, 8, -10098, -2881.18, 36.5971, 0.70571, 0, 0, 0, 0, 1800, 100, 1),
(89001, 2046, 0, 8, -10626, -2463.65, 35.9484, 1.48207, 0, 0, 0, 0, 1800, 100, 1),
(89002, 2046, 0, 8, -10585.4, -2881.27, 29.911, 2.9046, 0, 0, 0, 0, 1800, 100, 1),
(89003, 2046, 0, 8, -10195.9, -2719.99, 23.9716, 3.35042, 0, 0, 0, 0, 1800, 100, 1),
(89004, 2046, 0, 8, -10479.7, -2497.4, 33.4731, 3.14159, 0, 0, -1, 0, 1800, 100, 1),
(89005, 2046, 0, 8, -10909.1, -3819.91, 34.7622, 2.53645, 0, 0, 0, 0, 1800, 100, 1),
(89006, 2046, 0, 8, -10894.2, -3774.56, 60.2359, 5.58261, 0, 0, 0, 0, 1800, 100, 1),
(89007, 2046, 0, 8, -10271.9, -2568.1, 50.0337, 1.31387, 0, 0, 0, 0, 1800, 100, 1),
(89008, 2046, 0, 8, -10313, -2554.71, 32.4053, 5.90519, 0, 0, 0, 0, 1800, 100, 1),
(89009, 2046, 0, 8, -10247.7, -2481.3, 42.2309, 3.30703, 0, 0, 0, 0, 1800, 100, 1),
(89010, 2046, 0, 8, -10898.2, -3765.22, 56.9546, 5.58261, 0, 0, 0, 0, 1800, 100, 1),
(89011, 2046, 0, 8, -10599, -2826.56, 26.0873, 2.79229, 0, 0, 0, 0, 1800, 100, 1),
(89012, 2046, 0, 8, -10892.4, -3761.76, 56.6483, 0.21596, 0, 0, 0, 0, 1800, 100, 1),
(89013, 2046, 0, 8, -9915.75, -3621.58, 36.1525, 1.01842, 0, 0, 0, 0, 1800, 100, 1),
(89014, 2046, 0, 8, -9925, -3618.09, 28.6714, 2.95135, 0, 0, 0, 0, 1800, 100, 1),
(89015, 2046, 0, 8, -10591.3, -2884.23, 35.5221, 3.194, 0, 0, -0.999657, 0.0262016, 1800, 100, 1),
(89016, 2046, 0, 8, -10027.5, -3339.29, 39.809, 5.48896, 0, 0, 0, 0, 1800, 100, 1),
(89017, 2046, 0, 8, -10058.2, -3044.82, 39.2701, 0.36265, 0, 0, 0, 0, 1800, 100, 1),
(89018, 2046, 0, 8, -10205.4, -2720.66, 23.2743, 1.21323, 0, 0, 0, 0, 1800, 100, 1),
(89019, 2046, 0, 8, -10619.2, -2455.63, 30.5601, 2.29464, 0, 0, 0, 0, 1800, 100, 1),
(89020, 2046, 0, 8, -10021.9, -3323.43, 31.7042, 5.79683, 0, 0, 0, 0, 1800, 100, 1),
(89021, 2046, 0, 8, -10636.3, -2480.33, 26.9201, 4.30441, 0, 0, 0, 0, 1800, 100, 1),
(89022, 2046, 0, 8, -10615.7, -2821.19, 38.9669, 3.3075, 0, 0, 0, 0, 1800, 100, 1),
(89023, 2046, 0, 8, -10633.2, -2826.76, 55.5789, 3.02712, 0, 0, 0, 0, 1800, 100, 1),
(89024, 2046, 0, 8, -10049.2, -2782.32, 45.9192, 0.8804, 0, 0, 0, 0, 1800, 100, 1),
(89025, 142143, 0, 8, -10404.5, -3001.07, 19.5577, 5.86431, 0, 0, -0.207912, 0.978148, 2700, 255, 1),
(89026, 142143, 0, 8, -10214.5, -3286.44, 19.6038, 5.65487, 0, 0, -0.309016, 0.951057, 2700, 255, 1),
(89027, 142143, 0, 8, -10712.2, -4157.51, 19.7038, 0.383971, 0, 0, 0.190808, 0.981627, 2700, 255, 1),
(89028, 142143, 0, 8, -10136.6, -3063.92, 21.7756, 0.802851, 0, 0, 0.390731, 0.920505, 2700, 255, 1),
(89029, 142143, 0, 8, -10232.5, -2951.34, 19.3253, 1.6057, 0, 0, 0.719339, 0.694659, 2700, 255, 1),
(89030, 142143, 0, 8, -10208.6, -3183.85, 18.7951, 2.70526, 0, 0, 0.976295, 0.216442, 2700, 255, 1),
(89031, 142143, 0, 8, -10384.2, -3003.25, 19.8948, 3.94445, 0, 0, -0.920505, 0.390732, 300, 100, 1),
(89032, 142143, 0, 8, -9777, -3979, 20.754, 5.242, 0, 0, 0, 0, 2700, 100, 1),
(89033, 142143, 0, 8, -10503, -4162, 22.115, 1.56, 0, 0, 0, 0, 2700, 100, 1),
(89034, 142143, 0, 8, -10327, -3166, 20.122, 1.363, 0, 0, 0.630067, 0.776541, 2700, 100, 1),
(89035, 142143, 0, 8, -10176, -4017, 19.021, 3.605, 0, 0, 0, 0, 2700, 100, 1),
(89036, 142143, 0, 8, -10256, -4048, 23.902, 2.305, 0, 0, 0, 0, 2700, 100, 1),
(89037, 142143, 0, 8, -10323.3, -4046.11, 19.3957, 3.73501, 0, 0, -0.956305, 0.292372, 2700, 100, 1),
(89038, 142143, 0, 8, -10229, -2999, 23.145, 0.468, 0, 0, 0, 0, 2700, 100, 1),
(89039, 142143, 0, 8, -10103, -3483, 19.241, 5.867, 0, 0, 0, 0, 2700, 100, 1),
(89040, 142143, 0, 8, -10891, -4026, 23.234, 6.248, 0, 0, 0, 0, 2700, 100, 1),
(89041, 142143, 0, 8, -10597, -3748, 20.104, 0.864, 0, 0, 0, 0, 2700, 100, 1),
(89042, 142143, 0, 8, -10199, -4202, 23.681, 2.347, 0, 0, 0, 0, 2700, 100, 1),
(89043, 142143, 0, 8, -10372.5, -3527.04, 19.7394, 3.31614, 0, 0, -0.996194, 0.087165, 2700, 100, 1),
(89044, 142143, 0, 8, -9891, -3877, 22.461, 4.081, 0, 0, 0, 0, 2700, 100, 1),
(89045, 142143, 0, 8, -10144, -3011, 22.145, 3.453, 0, 0, 0, 0, 2700, 100, 1),
(89046, 142143, 0, 8, -10206, -2466, 26.807, 3.132, 0, 0, 0, 0, 2700, 100, 1),
(89047, 142143, 0, 8, -10282.2, -4127.25, 20.4355, 1.01229, 0, 0, 0.484809, 0.87462, 2700, 100, 1),
(89048, 142143, 0, 8, -9865, -3833, 22.133, 3.158, 0, 0, 0, 0, 2700, 100, 1),
(89049, 142143, 0, 8, -10160, -3025, 18.906, 0.153, 0, 0, 0, 0, 2700, 100, 1),
(89050, 142143, 0, 8, -10171, -3312, 20.573, 2.967, 0, 0, 0, 0, 2700, 100, 1),
(89051, 142143, 0, 8, -9969, -4121, 18.358, 5.189, 0, 0, 0, 0, 2700, 100, 1),
(89052, 142143, 0, 8, -10503, -3629, 19.971, 1.926, 0, 0, 0, 0, 2700, 100, 1),
(89053, 142143, 0, 8, -10851, -4031, 20.931, 3.011, 0, 0, 0, 0, 2700, 100, 1),
(89054, 142143, 0, 8, -10188, -3382, 20.524, 5.867, 0, 0, 0, 0, 2700, 100, 1),
(89055, 142143, 0, 8, -10220, -2556, 28.838, 1.513, 0, 0, 0.68625, 0.727366, 2700, 100, 1),
(89056, 142143, 0, 8, -10682, -4072, 21.93, 4.071, 0, 0, 0, 0, 2700, 100, 1),
(89057, 142143, 0, 8, -10306, -3236, 21.104, -3, 0, 0, -0.983255, 0.182235, 2700, 100, 1),
(89058, 142143, 0, 8, -10522.3, -4139.03, 21.5456, 5.18363, 0, 0, -0.522498, 0.852641, 2700, 100, 1),
(89059, 142143, 0, 8, -10129, -2995, 22.754, 1.159, 0, 0, 0, 0, 2700, 100, 1),
(89060, 142143, 0, 8, -10207, -3041, 21.334, 4.847, 0, 0, 0, 0, 2700, 100, 1),
(89061, 142143, 0, 8, -10184, -3157, 23.132, 3.231, 0, 0, 0, 0, 2700, 100, 1),
(89062, 142143, 0, 8, -9841, -3926, 19.342, 2.202, 0, 0, 0, 0, 2700, 100, 1),
(89063, 142143, 0, 8, -10113, -4063, 21.503, 5.336, 0, 0, 0, 0, 2700, 100, 1),
(89064, 142143, 0, 8, -10095, -3046, 23.432, 4.989, 0, 0, 0.602983, -0.797754, 2700, 100, 1),
(89065, 142143, 0, 8, -10466, -3459, 22.799, 0.314, 0, 0, 0, 0, 2700, 100, 1),
(89066, 142143, 0, 8, -10194, -3361, 22.372, 3.53, 0, 0, 0, 0, 2700, 100, 1),
(89067, 142143, 0, 8, -10205, -2812, 18.659, 0.988, 0, 0, 0, 0, 2700, 100, 1),
(89068, 142143, 0, 8, -9923, -3750, 22.112, 1.16, 0, 0, 0, 0, 2700, 100, 1),
(89069, 142143, 0, 8, -10204, -2867, 22.802, 5.562, 0, 0, 0.352804, -0.935697, 2700, 100, 1),
(89070, 142143, 0, 8, -10432, -4027.46, 20.0639, 5.68977, 0, 0, -0.292372, 0.956305, 2700, 100, 1),
(89071, 142143, 0, 8, -10147, -3485, 24.191, 2.537, 0, 0, 0, 0, 2700, 100, 1),
(89072, 142143, 0, 8, -10045, -3987, 22.703, 1.421, 0, 0, 0, 0, 2700, 100, 1),
(89073, 142143, 0, 8, -10423.7, -4184.89, 20.2066, 1.91986, 0, 0, 0.819152, 0.573577, 2700, 100, 1),
(89074, 142143, 0, 8, -10653, -2597, 24.206, 3.393, 0, 0, 0, 0, 2700, 100, 1),
(89075, 142143, 0, 8, -10306, -4141, 21.262, 2.146, 0, 0, 0, 0, 2700, 100, 1),
(89076, 142143, 0, 8, -10205, -3324, 22.781, 1.721, 0, 0, 0.75805, 0.652197, 2700, 100, 1),
(89077, 142143, 0, 8, -10120, -3832, 21.897, 2.73, 0, 0, 0, 0, 2700, 100, 1),
(89078, 142143, 0, 8, -9897, -4018, 23.769, 4.78, 0, 0, 0, 0, 2700, 100, 1),
(89079, 142143, 0, 8, -10274, -2913, 23.003, 0.993, 0, 0, 0, 0, 2700, 100, 1),
(89080, 142143, 0, 8, -10282, -3243, 22.278, 0.515, 0, 0, 0, 0, 2700, 100, 1),
(89081, 142143, 0, 8, -10352, -3004, 19.421, 5.41, 0, 0, 0, 0, 2700, 100, 1),
(89082, 142143, 0, 8, -10236, -3244, 21.613, 5.796, 0, 0, 0, 0, 2700, 100, 1),
(89083, 142143, 0, 8, -10141, -3569, 24.654, 5.464, 0, 0, 0, 0, 2700, 100, 1),
(89084, 142143, 0, 8, -10160, -3433, 18.845, 5.282, 0, 0, 0, 0, 2700, 100, 1),
(89085, 142143, 0, 8, -10152.7, -3412.05, 20.9586, 2.82743, 0, 0, 0.987688, 0.156436, 2700, 100, 1),
(89086, 142143, 0, 8, -10157, -4059, 23.286, 5.309, 0, 0, 0, 0, 2700, 100, 1),
(89087, 142143, 0, 8, -10661, -4043, 18.839, 2.239, 0, 0, 0, 0, 2700, 100, 1),
(89088, 142143, 0, 8, -10644, -2619, 36.903, 4.979, 0, 0, 0, 0, 2700, 100, 1),
(89089, 142143, 0, 8, -10490, -4234, 18.95, 0.129, 0, 0, 0, 0, 2700, 100, 1),
(89090, 142143, 0, 8, -10373, -2946, 22.736, 1.378, 0, 0, 0, 0, 2700, 100, 1),
(89091, 142143, 0, 8, -10070, -3518, 21.822, 2.801, 0, 0, 0.985492, 0.16972, 2700, 100, 1),
(89092, 142143, 0, 8, -10323, -2987, 21.16, 0.062, 0, 0, 0, 0, 2700, 100, 1),
(89093, 142143, 0, 8, -10181, -2487, 28.728, 5.786, 0, 0, 0, 0, 2700, 100, 1),
(89094, 142143, 0, 8, -10491.7, -2594.1, 21.2712, 3.21142, 0, 0, -0.999391, 0.0349061, 2700, 100, 1),
(89095, 142143, 0, 8, -10401, -3458, 21.42, 3.056, 0, 0, 0, 0, 2700, 100, 1),
(89096, 142143, 0, 8, -10126, -4215, 18.734, 1.102, 0, 0, 0, 0, 2700, 100, 1),
(89097, 142143, 0, 8, -10429, -3624, 22.5, 0.497, 0, 0, 0, 0, 2700, 100, 1),
(89098, 142143, 0, 8, -10161, -3152, 22.538, 2.915, 0, 0, 0, 0, 2700, 100, 1),
(89099, 142143, 0, 8, -10288, -2919, 18.703, 0.405, 0, 0, 0, 0, 2700, 100, 1),
(89100, 142143, 0, 8, -10487, -3518, 19.238, 1.969, 0, 0, 0, 0, 2700, 100, 1),
(89101, 142143, 0, 8, -9933, -3800, 18.957, 1.755, 0, 0, 0, 0, 2700, 100, 1),
(89102, 142143, 0, 8, -10443, -2921, 21.542, 5.923, 0, 0, 0, 0, 2700, 100, 1),
(89103, 142143, 0, 8, -9980, -3794, 18.692, 1.964, 0, 0, 0, 0, 2700, 100, 1),
(89104, 142143, 0, 8, -10408.2, -2826.86, 20.2505, 1.69297, 0, 0, 0.748956, 0.66262, 2700, 100, 1),
(89105, 142143, 0, 8, -10209, -2686, 53.219, 5.497, 0, 0, 0, 0, 2700, 100, 1),
(89106, 142143, 0, 8, -10044, -3559, 21.354, 5.068, 0, 0, 0, 0, 2700, 100, 1),
(89107, 142143, 0, 8, -10503.5, -2528.76, 20.897, 1.36136, 0, 0, 0.62932, 0.777146, 2700, 100, 1),
(89108, 142143, 0, 8, -10057, -3682, 19.266, 0.237, 0, 0, 0, 0, 2700, 100, 1),
(89109, 142143, 0, 8, -10242.2, -3376.07, 20.5494, 1.3439, 0, 0, 0.622514, 0.782609, 2700, 100, 1),
(89110, 142143, 0, 8, -10171, -3102, 22.21, 1.922, 0, 0, 0, 0, 2700, 100, 1),
(89111, 142143, 0, 8, -10218, -2989, 22.276, 3.927, 0, 0, 0, 0, 2700, 100, 1),
(89112, 142143, 0, 8, -10400, -3589, 21.891, 4.777, 0, 0, 0, 0, 2700, 100, 1),
(89113, 142143, 0, 8, -10231, -2549, 27.043, 4.456, 0, 0, 0, 0, 2700, 100, 1),
(89114, 142143, 0, 8, -10250, -3207, 23.3, 5.038, 0, 0, 0, 0, 2700, 100, 1),
(89115, 142143, 0, 8, -10146, -2944, 20.05, 1.841, 0, 0, 0, 0, 2700, 100, 1),
(89116, 142143, 0, 8, -10084, -3751, 22.721, 3.468, 0, 0, 0, 0, 2700, 100, 1),
(89117, 142143, 0, 8, -10674, -4019, 22.575, 2.953, 0, 0, 0, 0, 2700, 100, 1),
(89118, 142143, 0, 8, -10096, -3684, 22.145, 4.898, 0, 0, 0, 0, 2700, 100, 1),
(89119, 142143, 0, 8, -10114, -4231, 21.752, 5.862, 0, 0, 0, 0, 2700, 100, 1),
(89120, 142143, 0, 8, -10635, -2542, 23.629, 4.072, 0, 0, 0.893666, -0.448733, 2700, 100, 1),
(89121, 142143, 0, 8, -10496, -4059, 22.53, 3.245, 0, 0, 0, 0, 2700, 100, 1),
(89122, 142143, 0, 8, -10233, -4172, 22.452, 5.222, 0, 0, 0, 0, 2700, 100, 1),
(89123, 142143, 0, 8, -10440, -2622, 22.406, 1.404, 0, 0, 0, 0, 2700, 100, 1),
(89124, 142143, 0, 8, -10200, -3432, 23.873, 4.888, 0, 0, 0, 0, 2700, 100, 1),
(89125, 142143, 0, 8, -10002, -4049, 21.955, 3.67, 0, 0, 0, 0, 2700, 100, 1),
(89126, 142143, 0, 8, -10200, -2895, 19.818, 5.213, 0, 0, 0, 0, 2700, 100, 1),
(89127, 142143, 0, 8, -10098, -3594, 22.331, 2.813, 0, 0, 0, 0, 2700, 100, 1),
(89128, 142143, 0, 8, -10104, -3892, 19.461, 5.242, 0, 0, 0, 0, 2700, 100, 1),
(89129, 142143, 0, 8, -10166, -4173, 22.929, 4.869, 0, 0, 0, 0, 2700, 100, 1),
(89130, 142143, 0, 8, -9842, -3884, 19.629, 5.578, 0, 0, 0, 0, 2700, 100, 1),
(89131, 142143, 0, 8, -9975, -4051, 23.988, 4.439, 0, 0, 0, 0, 2700, 100, 1),
(89132, 142143, 0, 8, -10239, -3488, 21.675, 5.528, 0, 0, 0, 0, 2700, 100, 1),
(89133, 142143, 0, 8, -10175, -3089, 23.224, 5.087, 0, 0, 0, 0, 2700, 100, 1),
(89134, 142143, 0, 8, -10665, -4184, 19.064, 0.052, 0, 0, 0, 0, 2700, 100, 1),
(89135, 142143, 0, 8, -10226, -2799, 18.958, 5.836, 0, 0, 0, 0, 2700, 100, 1),
(89136, 142143, 0, 8, -10448, -2868, 20.962, 2.041, 0, 0, 0.85239, 0.522907, 2700, 100, 1),
(89137, 142143, 0, 8, -10431, -2648, 21.855, 0.433, 0, 0, 0, 0, 2700, 100, 1),
(89138, 142143, 0, 8, -10626, -4093, 22.428, 3.837, 0, 0, 0, 0, 2700, 100, 1),
(89139, 142143, 0, 8, -10522, -4073, 23.687, 5.96, 0, 0, 0, 0, 2700, 100, 1),
(89140, 142143, 0, 8, -10222.2, -3035.99, 20.7879, 3.10665, 0, 0, 0.999847, 0.0174693, 300, 100, 1),
(89141, 142143, 0, 8, -10171, -3299.99, 19.4875, 3.68265, 0, 0, -0.96363, 0.267241, 300, 100, 1),
(89142, 142143, 0, 8, -10458.4, -2887.71, 20.1373, 4.76475, 0, 0, -0.688354, 0.725374, 300, 100, 1),
(89143, 142143, 0, 8, -10235.4, -2803.57, 20.9111, 1.76278, 0, 0, 0.771625, 0.636078, 300, 100, 1),
(89144, 142143, 0, 8, -10357, -3025.39, 20.6107, 2.77507, 0, 0, 0.983254, 0.182238, 300, 100, 1),
(89145, 142143, 0, 8, -10313.8, -3033.26, 19.5618, 0.767944, 0, 0, 0.374606, 0.927184, 300, 100, 1),
(89146, 142143, 0, 8, -10321.2, -2995.54, 20.3654, 4.79966, 0, 0, -0.67559, 0.737278, 300, 100, 1),
(89147, 142143, 0, 8, -10461.1, -2672.9, 22.8257, 4.46804, 0, 0, -0.788011, 0.615662, 300, 100, 1),
(89148, 142143, 0, 8, -10641.8, -2588.92, 22.8873, 0.279252, 0, 0, 0.139173, 0.990268, 300, 100, 1),
(89149, 142143, 0, 8, -10122.4, -3323.38, 20.8346, 0.279252, 0, 0, 0.139173, 0.990268, 300, 100, 1),
(89150, 142143, 0, 8, -10114.9, -2981.81, 19.8928, 2.54818, 0, 0, 0.956305, 0.292372, 300, 100, 1),
(89151, 142143, 0, 8, -10253, -3478.13, 20.0721, 0.139624, 0, 0, 0.0697556, 0.997564, 300, 100, 1),
(89152, 142143, 0, 8, -10441.7, -2949.74, 20.4125, 3.90954, 0, 0, -0.927183, 0.374608, 300, 100, 1),
(89153, 142143, 0, 8, -10232.6, -3237.06, 20.4871, 0.680677, 0, 0, 0.333806, 0.942642, 300, 100, 1),
(89154, 142143, 0, 8, -10657.7, -4079.63, 19.5799, 2.16421, 0, 0, 0.882947, 0.469473, 300, 100, 1),
(89155, 142143, 0, 8, -10156.6, -3020.3, 19.5942, 6.19592, 0, 0, -0.0436192, 0.999048, 300, 100, 1),
(89156, 142143, 0, 8, -10154.7, -3157.6, 20.0131, 2.80998, 0, 0, 0.986285, 0.16505, 300, 100, 1),
(89157, 142143, 0, 8, -10117.8, -3817.3, 19.4778, 1.16937, 0, 0, 0.551936, 0.833886, 300, 100, 1),
(89158, 142143, 0, 8, -9852.09, -3917.35, 19.15, 4.66003, 0, 0, -0.725374, 0.688355, 300, 100, 1),
(89159, 142143, 0, 8, -10645.7, -4035.19, 20.4782, 3.7001, 0, 0, -0.961261, 0.27564, 300, 100, 1),
(89160, 142143, 0, 8, -10480.5, -3459.36, 20.3456, 1.13446, 0, 0, 0.537299, 0.843392, 300, 100, 1),
(89161, 142143, 0, 8, -10172.4, -2481.55, 26.186, 4.29351, 0, 0, -0.83867, 0.54464, 300, 100, 1),
(89162, 142143, 0, 8, -10176.8, -3466.55, 20.1173, 0.855211, 0, 0, 0.414693, 0.909961, 300, 100, 1),
(89163, 142143, 0, 8, -10357.6, -2897.18, 19.517, 1.22173, 0, 0, 0.573576, 0.819152, 300, 100, 1),
(89164, 142143, 0, 8, -10334.2, -3147.92, 18.8815, 5.96903, 0, 0, -0.156434, 0.987688, 300, 100, 1),
(89165, 142143, 0, 8, -10161, -4045.61, 19.7449, 2.70526, 0, 0, 0.976295, 0.216442, 300, 100, 1),
(89166, 142143, 0, 8, -10744.6, -3949.81, 19.419, 5.09636, 0, 0, -0.559193, 0.829038, 300, 100, 1),
(89167, 142143, 0, 8, -10154.1, -3612.59, 20.8298, 4.60767, 0, 0, -0.743144, 0.669131, 300, 100, 1),
(89168, 142143, 0, 8, -10514.7, -4232.38, 20.9734, 2.25147, 0, 0, 0.902585, 0.430512, 300, 100, 1),
(89169, 142143, 0, 8, -10242.6, -4160.91, 19.8102, 1.15192, 0, 0, 0.544639, 0.838671, 300, 100, 1),
(89170, 142143, 0, 8, -10095.6, -3478.14, 19.7837, 5.98648, 0, 0, -0.147809, 0.989016, 300, 100, 1),
(89171, 142143, 0, 8, -9916.34, -3755.5, 19.711, 4.43314, 0, 0, -0.798635, 0.601815, 300, 100, 1),
(89172, 142143, 0, 8, -10288, -2913.33, 19.7969, 5.20108, 0, 0, -0.515038, 0.857168, 300, 100, 1),
(89173, 142143, 0, 8, -10189.2, -2615.33, 28.1262, 5.46288, 0, 0, -0.398748, 0.91706, 300, 100, 1),
(89174, 142143, 0, 8, -10124.2, -3547.14, 21.207, 3.35105, 0, 0, -0.994521, 0.104536, 300, 100, 1),
(89175, 142143, 0, 8, -10090.8, -3892.05, 20.1091, 5.63741, 0, 0, -0.317305, 0.948324, 300, 100, 1),
(89176, 142143, 0, 8, -10199.6, -3054.29, 21.0531, 2.40855, 0, 0, 0.93358, 0.358368, 300, 100, 1),
(89177, 142143, 0, 8, -10291, -3540.71, 20.7133, 5.49779, 0, 0, -0.382683, 0.92388, 300, 100, 1),
(89178, 2046, 0, 8, -10315.6, -2560.88, 32.842, 4.66003, 0, 0, -0.725374, 0.688355, 300, 100, 1),
(89179, 2046, 0, 8, -9818.33, -3718.11, 34.2834, 3.29869, 0, 0, -0.996917, 0.0784664, 300, 100, 1),
(89180, 2046, 0, 8, -10056.8, -2434.46, 32.7377, 5.51524, 0, 0, -0.374606, 0.927184, 300, 100, 1),
(89181, 2046, 0, 8, -10237.9, -2486.51, 38.0978, 1.39626, 0, 0, 0.642787, 0.766045, 300, 100, 1),
(89182, 2046, 0, 8, -10264.7, -2575.17, 40.6938, 4.45059, 0, 0, -0.793353, 0.608762, 300, 100, 1),
(89183, 2046, 0, 8, -10201.9, -2711.19, 29.335, 1.3439, 0, 0, 0.622514, 0.782609, 300, 100, 1),
(89184, 2046, 0, 8, -10325.4, -2475.95, 39.1077, 5.34071, 0, 0, -0.45399, 0.891007, 300, 100, 1),
(89185, 2043, 0, 8, -10271.1, -2857.08, 27.0663, 5.53269, 0, 0, -0.366501, 0.930418, 300, 100, 1),
(89186, 2043, 0, 8, -10338.1, -2849.28, 24.6491, 2.75761, 0, 0, 0.981627, 0.190812, 300, 100, 1),
(89187, 2043, 0, 8, -10659.2, -4227.48, 23.3317, 0.715585, 0, 0, 0.350207, 0.936672, 300, 100, 1),
(89188, 2043, 0, 8, -10107.4, -3413.07, 22.6165, 2.9845, 0, 0, 0.996917, 0.0784664, 300, 100, 1),
(89189, 2043, 0, 8, -10686, -4084.35, 22.5595, 4.38078, 0, 0, -0.814116, 0.580703, 300, 100, 1),
(89190, 2043, 0, 8, -10331, -2819.58, 24.9289, 4.62512, 0, 0, -0.737277, 0.675591, 300, 100, 1),
(89191, 2043, 0, 8, -10147.2, -4100.49, 21.9425, 2.05949, 0, 0, 0.857167, 0.515038, 300, 100, 1),
(89192, 2043, 0, 8, -10188.6, -3787.47, 22.6709, 5.39307, 0, 0, -0.430511, 0.902586, 300, 100, 1),
(89193, 2043, 0, 8, -10442.5, -3509.2, 23.4964, 5.74214, 0, 0, -0.267238, 0.963631, 300, 100, 1),
(89194, 2043, 0, 8, -10220.8, -3086.67, 22.225, 0.750491, 0, 0, 0.366501, 0.930418, 300, 100, 1),
(89195, 1624, 0, 8, -10124.8, -3588.34, 23.4905, 1.0821, 0, 0, 0.515038, 0.857168, 300, 100, 1),
(89196, 1624, 0, 8, -10076.5, -3834.19, 23.5613, 5.61996, 0, 0, -0.325567, 0.945519, 300, 100, 1),
(89197, 1624, 0, 8, -10339.8, -4218.48, 22.6371, 1.76278, 0, 0, 0.771625, 0.636078, 300, 100, 1),
(89198, 2045, 0, 8, -10586.3, -4423.44, -11.0613, 1.44862, 0, 0, 0.66262, 0.748956, 300, 100, 1),
(89199, 2045, 0, 8, -10510.6, -4471.76, -19.2922, 4.10153, 0, 0, -0.887011, 0.461749, 300, 100, 1),
(89200, 2045, 0, 8, -9867.43, -4365.9, -7.51678, 6.05629, 0, 0, -0.113203, 0.993572, 300, 100, 1),
(89201, 2045, 0, 8, -10712.4, -4542.03, -23.088, 6.19592, 0, 0, -0.0436192, 0.999048, 300, 100, 1),
(89202, 2045, 0, 8, -10164.5, -4482.67, -8.31791, 2.00713, 0, 0, 0.843391, 0.5373, 300, 100, 1),
(89203, 2045, 0, 8, -10311, -4486.28, -17.337, 3.89209, 0, 0, -0.930417, 0.366502, 300, 100, 1),
(89204, 2041, 0, 8, -10423.9, -2979.65, 18.9497, 3.38594, 0, 0, -0.992546, 0.12187, 300, 100, 1),
(89205, 2041, 0, 8, -10472.1, -2599.18, 20.7916, 3.47321, 0, 0, -0.986285, 0.16505, 300, 100, 1),
(89206, 2041, 0, 8, -10188.3, -3340.09, 19.943, 5.53269, 0, 0, -0.366501, 0.930418, 300, 100, 1),
(89207, 2041, 0, 8, -10567.4, -2542.74, 20.7944, 1.16937, 0, 0, 0.551936, 0.833886, 300, 100, 1),
(89208, 2041, 0, 8, -10338.3, -3419.24, 20.0979, 0.296705, 0, 0, 0.147809, 0.989016, 300, 100, 1),
(89209, 2041, 0, 8, -10330.6, -2957.37, 19.5952, 3.4034, 0, 0, -0.991445, 0.130528, 300, 100, 1),
(89210, 2041, 0, 8, -10285.3, -3052.72, 19.9827, 6.02139, 0, 0, -0.130526, 0.991445, 300, 100, 1),
(89211, 2041, 0, 8, -10156.2, -2534.16, 26.2465, 5.96903, 0, 0, -0.156434, 0.987688, 300, 100, 1),
(89212, 2041, 0, 8, -10170.4, -2818.89, 19.9475, 0.680677, 0, 0, 0.333806, 0.942642, 300, 100, 1),
(89213, 2041, 0, 8, -10195.5, -3511.92, 20.4763, 1.48353, 0, 0, 0.67559, 0.737278, 300, 100, 1),
(89214, 2041, 0, 8, -10078.1, -4046.58, 18.9007, 5.09636, 0, 0, -0.559193, 0.829038, 300, 100, 1),
(89215, 2041, 0, 8, -10284.3, -2789.84, 18.9399, 4.39823, 0, 0, -0.809016, 0.587786, 300, 100, 1),
(89216, 2041, 0, 8, -10201.1, -2563.92, 26.4296, 5.44543, 0, 0, -0.406736, 0.913546, 300, 100, 1),
(89217, 2041, 0, 8, -10361.3, -3570.38, 20.4923, 0.383971, 0, 0, 0.190808, 0.981627, 300, 100, 1),
(89218, 2041, 0, 8, -10190.6, -2971.65, 18.9285, 2.74016, 0, 0, 0.979924, 0.19937, 300, 100, 1),
(89219, 2041, 0, 8, -10145.9, -2478.89, 25.4996, 4.97419, 0, 0, -0.608761, 0.793354, 300, 100, 1),
(89220, 2041, 0, 8, -10557.8, -4243.63, 19.9668, 1.95477, 0, 0, 0.829038, 0.559193, 300, 100, 1),
(89221, 2041, 0, 8, -10243.5, -2922.67, 19.0033, 0.296705, 0, 0, 0.147809, 0.989016, 300, 100, 1),
(89222, 2041, 0, 8, -10265.3, -3364.09, 20.3255, 1.36136, 0, 0, 0.62932, 0.777146, 300, 100, 1),
(89223, 2041, 0, 8, -10212.2, -3159.33, 19.1041, 3.08918, 0, 0, 0.999657, 0.0262016, 300, 100, 1),
(89224, 2041, 0, 8, -10632.2, -4029.9, 19.4455, 4.11898, 0, 0, -0.882947, 0.469473, 300, 100, 1),
(89225, 2041, 0, 8, -10097, -3010.47, 19.1777, 3.99681, 0, 0, -0.909961, 0.414694, 300, 100, 1),
(89226, 2042, 0, 8, -10551.8, -2854, 24.3616, -2.23402, 0, 0, 0.898794, -0.438371, 1800, 100, 1),
(89227, 1624, 0, 8, -10234.9, -3633.81, 22.1656, -1.8675, 0, 0, 0.803857, -0.594823, 1800, 100, 1),
(89228, 2043, 0, 8, -10352.3, -4014.83, 22.4297, -0.2618, 0, 0, 0.130526, -0.991445, 1800, 100, 1),
(89229, 1624, 0, 8, -10327.3, -3494.82, 22.9893, 2.68781, 0, 0, 0.97437, 0.224951, 300, 100, 1),
(89230, 142143, 0, 8, -10595.4, -2506.96, 23.671, -1.309, 0, 0, 0.608761, -0.793353, 2700, 100, 1),
(89231, 142143, 0, 8, -10179.2, -2452.48, 27.9523, -0.366519, 0, 0, 0.182236, -0.983255, 2700, 100, 1),
(89232, 142143, 0, 8, -10077.7, -3969.91, 19.7811, 1.98968, 0, 0, 0.838671, 0.544639, 2700, 100, 1),
(89233, 142143, 0, 8, -10580.5, -2562.1, 21.5194, 2.21657, 0, 0, 0.894934, 0.446199, 300, 100, 1),
(89234, 142143, 0, 8, -10121.9, -2446.31, 29.0265, 4.34587, 0, 0, -0.824126, 0.566406, 300, 100, 1),
(89235, 2043, 0, 8, -10079, -3086.74, 23.2176, -2.47837, 0, 0, 0.945519, -0.325568, 1800, 100, 1),
(89236, 1624, 0, 8, -9962.84, -4165.99, 22.3697, -0.680679, 0, 0, 0.333807, -0.942641, 1800, 100, 1),
(89237, 2046, 0, 8, -10650, -3612.02, 40.9606, -1.27409, 0, 0, 0.594823, -0.803857, 1800, 100, 1),
(89238, 2046, 0, 8, -10056.1, -3181.05, 30.9256, 1.51844, 0, 0, 0.688355, 0.725374, 1800, 100, 1),
(89239, 1624, 0, 8, -10021.9, -3956.02, 21.9921, 0.715585, 0, 0, 0.350207, 0.936672, 300, 100, 1),
(89240, 2045, 0, 8, -10836.6, -4267.68, -8.00184, 1.06465, 0, 0, 0.507538, 0.861629, 900, 100, 1),
(89241, 2045, 0, 8, -10746.3, -4331.94, -9.1593, 1.0821, 0, 0, 0.515038, 0.857168, 300, 100, 1),
(89242, 2045, 0, 8, -10819.2, -4388.06, -35.3, 3.9619, 0, 0, -0.91706, 0.39875, 300, 100, 1),
(89243, 142143, 0, 8, -10178.7, -2923.07, 21.2528, 2.26893, 0, 0, 0.906308, 0.422618, 2700, 100, 1),
(89244, 1624, 0, 8, -10663.8, -3987.31, 23.7514, -1.46608, 0, 0, 0.669131, -0.743145, 1800, 100, 1),
(89245, 142143, 0, 8, -10178.3, -4155.69, 19.9699, 2.19912, 0, 0, 0.891007, 0.453991, 2700, 100, 1),
(89246, 1624, 0, 8, -10521.2, -4287.75, 21.7414, -2.84489, 0, 0, 0.989016, -0.147809, 1800, 100, 1),
(89247, 142143, 0, 8, -10554.2, -4098.89, 19.9402, -0.279253, 0, 0, 0.139173, -0.990268, 2700, 100, 1),
(89248, 1624, 0, 8, -10677.2, -3810.53, 23.3097, 0.750491, 0, 0, 0.366501, 0.930418, 300, 100, 1),
(89249, 2045, 0, 8, -11125.1, -4076.05, -7.1008, -0.767945, 0, 0, 0.374607, -0.927184, 900, 100, 1),
(89250, 2043, 0, 8, -10425.4, -4097.31, 24.1328, 1.39626, 0, 0, 0.642788, 0.766044, 1800, 100, 1),
(89251, 2046, 0, 8, -10628.8, -2456.41, 40.9222, 2.82743, 0, 0, 0.987688, 0.156434, 1800, 100, 1),
(89252, 142143, 0, 8, -10224.2, -2910.98, 20.6481, -3.00197, 0, 0, 0.997564, -0.069756, 2700, 100, 1),
(89253, 2043, 0, 8, -9949.42, -3705.74, 23.3083, 4.71239, 0, 0, 0.707107, -0.707107, 1800, 100, 1),
(89254, 142143, 0, 8, -10356.2, -2964.91, 20.044, 2.37365, 0, 0, 0.927184, 0.374607, 2700, 100, 1),
(89255, 2046, 0, 8, -11117, -3791.12, 34.1568, 1.85005, 0, 0, 0.798636, 0.601815, 1800, 100, 1),
(89256, 142143, 0, 8, -10180.7, -3383.07, 20.0926, -2.77507, 0, 0, 0.983255, -0.182235, 2700, 100, 1),
(89257, 142143, 0, 8, -10138.9, -3363.5, 20.8903, 0.104719, 0, 0, 0.0523357, 0.99863, 300, 100, 1),
(89258, 142143, 0, 8, -10423.1, -3523.94, 19.6052, 0.558505, 0, 0, 0.275637, 0.961262, 2700, 100, 1),
(89259, 142143, 0, 8, -10162.9, -3101.57, 19.999, 1.06465, 0, 0, 0.507538, 0.861629, 2700, 100, 1),
(89260, 142143, 0, 8, -10103.6, -3515.35, 20.2572, 0.10472, 0, 0, 0.052336, 0.99863, 2700, 100, 1),
(89261, 142143, 0, 8, -10011.7, -3683.81, 20.8291, 2.04204, 0, 0, 0.85264, 0.522499, 2700, 100, 1),
(89262, 142143, 0, 8, -10099.9, -3630.48, 19.802, 1.37881, 0, 0, 0.636078, 0.771625, 2700, 100, 1),
(89263, 142143, 0, 8, -10261.2, -3259.22, 19.6363, 1.3439, 0, 0, 0.622515, 0.782608, 2700, 100, 1),
(89264, 2046, 0, 8, -10486.1, -2718.95, 31.199, 1.8675, 0, 0, 0.803857, 0.594823, 1800, 100, 1),
(89265, 2042, 0, 8, -10444.5, -2698.47, 24.9546, 0.349066, 0, 0, 0.173648, 0.984808, 1800, 100, 1);

-- Blasted Lands
DELETE FROM `pool_gameobject` WHERE `pool_entry` IN (997);
DELETE FROM `pool_template` WHERE `entry` IN (997);
DELETE FROM `gameobject` WHERE `guid` IN (12213,12214,12220,12221,12231,12234,12238,12246,12247,12250,12251,12255,12259,12260,12266,12268,12271,12273,12274,12278,12280,12281,12282,12285,12290,12292,12296,12297,12313,12314,12316,12320,12321,12330,12336,16030,16036,16037,16048,16050,16070,16080,16086,16094,16098,16128,16129,16140,16141,16153,16170,16171,16182,16183,16189,16224,16228,16248,16249,16254,16258,16260,16261,16262,16263,16277,16280,16449,16450,16453,16454,16462,16463,16472,16476,16477,16479,16482,16497,16499,16503,16504,16521,16526,16527,29683,29684,29685,29687,32102,32103,32104,32105,32106,32294,32303,32304,32308,32309,32758,32760,35307,39996,39997,42440,61450,61452,62357,63202);

-- Vmangos pools: (1275,1276,1277);
DELETE FROM `pool_template` WHERE `entry` BETWEEN 675 AND 677;
INSERT INTO `pool_template` (`entry`, `max_limit`, `description`) VALUES
(675, 8, 'Gromsblood in Blasted Lands'),
(676, 12, 'Firebloom in Blasted Lands'),
(677, 8, 'Sungrass in Blasted Lands');

DELETE FROM `pool_gameobject` WHERE `guid` BETWEEN 16286 AND 16402;
INSERT INTO `pool_gameobject` (`guid`, `pool_entry`, `chance`, `description`) VALUES 
(16286, 676, 0, 'Firebloom'),
(16287, 676, 0, 'Firebloom'),
(16288, 676, 0, 'Firebloom'),
(16289, 676, 0, 'Firebloom'),
(16290, 676, 0, 'Firebloom'),
(16291, 676, 0, 'Firebloom'),
(16292, 676, 0, 'Firebloom'),
(16293, 676, 0, 'Firebloom'),
(16294, 676, 0, 'Firebloom'),
(16295, 676, 0, 'Firebloom'),
(16296, 676, 0, 'Firebloom'),
(16297, 676, 0, 'Firebloom'),
(16298, 676, 0, 'Firebloom'),
(16299, 676, 0, 'Firebloom'),
(16300, 676, 0, 'Firebloom'),
(16301, 676, 0, 'Firebloom'),
(16302, 676, 0, 'Firebloom'),
(16303, 676, 0, 'Firebloom'),
(16304, 676, 0, 'Firebloom'),
(16305, 676, 0, 'Firebloom'),
(16306, 676, 0, 'Firebloom'),
(16307, 676, 0, 'Firebloom'),
(16308, 676, 0, 'Firebloom'),
(16309, 676, 0, 'Firebloom'),
(16310, 676, 0, 'Firebloom'),
(16311, 676, 0, 'Firebloom'),
(16312, 676, 0, 'Firebloom'),
(16313, 676, 0, 'Firebloom'),
(16314, 676, 0, 'Firebloom'),
(16315, 676, 0, 'Firebloom'),
(16316, 676, 0, 'Firebloom'),
(16317, 676, 0, 'Firebloom'),
(16318, 676, 0, 'Firebloom'),
(16319, 677, 0, 'Sungrass'),
(16320, 677, 0, 'Sungrass'),
(16321, 677, 0, 'Sungrass'),
(16322, 677, 0, 'Sungrass'),
(16323, 677, 0, 'Sungrass'),
(16324, 677, 0, 'Sungrass'),
(16325, 677, 0, 'Sungrass'),
(16326, 677, 0, 'Sungrass'),
(16327, 677, 0, 'Sungrass'),
(16328, 677, 0, 'Sungrass'),
(16329, 677, 0, 'Sungrass'),
(16330, 677, 0, 'Sungrass'),
(16331, 677, 0, 'Sungrass'),
(16332, 677, 0, 'Sungrass'),
(16333, 677, 0, 'Sungrass'),
(16334, 677, 0, 'Sungrass'),
(16335, 677, 0, 'Sungrass'),
(16336, 677, 0, 'Sungrass'),
(16337, 677, 0, 'Sungrass'),
(16338, 677, 0, 'Sungrass'),
(16339, 677, 0, 'Sungrass'),
(16340, 677, 0, 'Sungrass'),
(16341, 677, 0, 'Sungrass'),
(16342, 677, 0, 'Sungrass'),
(16343, 677, 0, 'Sungrass'),
(16344, 677, 0, 'Sungrass'),
(16345, 677, 0, 'Sungrass'),
(16346, 677, 0, 'Sungrass'),
(16347, 677, 0, 'Sungrass'),
(16348, 677, 0, 'Sungrass'),
(16349, 677, 0, 'Sungrass'),
(16350, 675, 0, 'Gromsblood'),
(16351, 675, 0, 'Gromsblood'),
(16352, 675, 0, 'Gromsblood'),
(16353, 675, 0, 'Gromsblood'),
(16354, 675, 0, 'Gromsblood'),
(16355, 675, 0, 'Gromsblood'),
(16356, 675, 0, 'Gromsblood'),
(16357, 675, 0, 'Gromsblood'),
(16358, 675, 0, 'Gromsblood'),
(16359, 675, 0, 'Gromsblood'),
(16360, 675, 0, 'Gromsblood'),
(16361, 675, 0, 'Gromsblood'),
(16362, 675, 0, 'Gromsblood'),
(16363, 675, 0, 'Gromsblood'),
(16364, 675, 0, 'Gromsblood'),
(16365, 675, 0, 'Gromsblood'),
(16366, 675, 0, 'Gromsblood'),
(16367, 675, 0, 'Gromsblood'),
(16368, 676, 0, 'Firebloom'),
(16369, 676, 0, 'Firebloom'),
(16370, 675, 0, 'Gromsblood'),
(16371, 675, 0, 'Gromsblood'),
(16372, 675, 0, 'Gromsblood'),
(16373, 675, 0, 'Gromsblood'),
(16374, 677, 0, 'Sungrass'),
(16375, 677, 0, 'Sungrass'),
(16376, 677, 0, 'Sungrass'),
(16377, 677, 0, 'Sungrass'),
(16378, 676, 0, 'Firebloom'),
(16379, 677, 0, 'Sungrass'),
(16380, 676, 0, 'Firebloom'),
(16381, 675, 0, 'Gromsblood'),
(16382, 676, 0, 'Firebloom'),
(16383, 677, 0, 'Sungrass'),
(16384, 676, 0, 'Firebloom'),
(16385, 676, 0, 'Firebloom'),
(16386, 675, 0, 'Gromsblood'),
(16387, 677, 0, 'Sungrass'),
(16388, 676, 0, 'Firebloom'),
(16389, 675, 0, 'Gromsblood'),
(16390, 676, 0, 'Firebloom'),
(16391, 675, 0, 'Gromsblood'),
(16392, 676, 0, 'Firebloom'),
(16393, 676, 0, 'Firebloom'),
(16394, 677, 0, 'Sungrass'),
(16395, 675, 0, 'Gromsblood'),
(16396, 675, 0, 'Gromsblood'),
(16397, 676, 0, 'Firebloom'),
(16398, 675, 0, 'Gromsblood'),
(16399, 675, 0, 'Gromsblood'),
(16400, 677, 0, 'Sungrass'),
(16401, 675, 0, 'Gromsblood'),
(16402, 677, 0, 'Sungrass');

DELETE FROM `gameobject` WHERE `zoneId`=4 AND `guid` BETWEEN 16286 AND 16402;
INSERT INTO `gameobject` (`guid`, `id`, `map`, `zoneId`, `position_x`, `position_y`, `position_z`, `orientation`, `rotation0`, `rotation1`, `rotation2`, `rotation3`, `spawntimesecs`, `animprogress`, `state`) VALUES
(16286, 2866, 0, 4, -11478, -2670, 14.037, 2.884, 0, 0, 0, 0, 2700, 100, 1),
(16287, 2866, 0, 4, -11521, -2664, 18.608, 2.884, 0, 0, 0, 0, 2700, 100, 1),
(16288, 2866, 0, 4, -11673, -2723, 18.896, 3.105, 0, 0, 0, 0, 2700, 100, 1),
(16289, 2866, 0, 4, -11566, -2721, 13.198, 3.93, 0, 0, 0, 0, 2700, 100, 1),
(16290, 2866, 0, 4, -11224, -3404, 16.379, 0.225, 0, 0, 0, 0, 2700, 100, 1),
(16291, 2866, 0, 4, -11342, -2770, 8.233, 4.179, 0, 0, 0, 0, 2700, 100, 1),
(16292, 2866, 0, 4, -11456, -2922, 7.533, 3.969, 0, 0, 0, 0, 2700, 100, 1),
(16293, 2866, 0, 4, -11473, -3260, 16.885, 5.954, 0, 0, 0, 0, 2700, 100, 1),
(16294, 2866, 0, 4, -11457, -2724, 5.442, 1.396, 0, 0, 0.642787, 0.766045, 2700, 100, 1),
(16295, 2866, 0, 4, -12132, -2383, 7.652, 1.538, 0, 0, 0, 0, 2700, 100, 1),
(16296, 2866, 0, 4, -11331, -2522, 95.957, 0.929, 0, 0, 0, 0, 2700, 100, 1),
(16297, 2866, 0, 4, -11567, -2689, 30.627, 3.553, 0, 0, 0, 0, 2700, 100, 1),
(16298, 2866, 0, 4, -11391, -2889, 0.615, 4.556, 0, 0, 0, 0, 2700, 100, 1),
(16299, 2866, 0, 4, -11470, -2892, 7.732, 2.119, 0, 0, 0, 0, 2700, 100, 1),
(16300, 2866, 0, 4, -11376, -3339, 7.425, 0.436, 0, 0, 0.216439, 0.976296, 2700, 100, 1),
(16301, 2866, 0, 4, -11624, -2791, 3.843, 2.67, 0, 0, 0.97237, 0.233445, 2700, 100, 1),
(16302, 2866, 0, 4, -11423, -2898, 4.299, 3.969, 0, 0, 0, 0, 2700, 100, 1),
(16303, 2866, 0, 4, -11703, -3062, 18.627, 5.576, 0, 0, 0, 0, 2700, 100, 1),
(16304, 2866, 0, 4, -12142, -2464, 12.35, 1.225, 0, 0, 0, 0, 2700, 100, 1),
(16305, 2866, 0, 4, -11501, -3059.91, 4.17349, -1.39626, 0, 0, 0.642788, -0.766044, 2700, 100, 1),
(16306, 2866, 0, 4, -11346, -2562, 86.713, 0.345, 0, 0, 0, 0, 2700, 100, 1),
(16307, 2866, 0, 4, -11266, -2537, 97.051, 1.836, 0, 0, 0, 0, 2700, 100, 1),
(16308, 2866, 0, 4, -11644, -3201, 16.03, 5.326, 0, 0, 0, 0, 2700, 100, 1),
(16309, 2866, 0, 4, -11210, -2724, 13.985, -2, 0, 0, -0.782608, 0.622515, 2700, 100, 1),
(16310, 2866, 0, 4, -12148, -2707, 16.619, 0.873, 0, 0, 0, 0, 2700, 100, 1),
(16311, 2866, 0, 4, -11879, -2652, -1, 2.127, 0, 0, 0, 0, 2700, 100, 1),
(16312, 2866, 0, 4, -11366, -2860, 5.72, 2.164, 0, 0, 0.882947, 0.469472, 2700, 100, 1),
(16313, 2866, 0, 4, -12257, -2594, 6.846, 4.354, 0, 0, 0, 0, 2700, 100, 1),
(16314, 2866, 0, 4, -11507, -2748, 3.506, 1.745, 0, 0, 0, 0, 2700, 100, 1),
(16315, 2866, 0, 4, -10926.7, -2856.18, 11.5525, 2.75761, 0, 0, 0.981627, 0.190812, 2700, 100, 1),
(16316, 2866, 0, 4, -11371, -2829, 0.259, 4.179, 0, 0, 0, 0, 2700, 100, 1),
(16317, 2866, 0, 4, -11252, -2599, 92.226, 0.287, 0, 0, 0, 0, 2700, 100, 1),
(16318, 2866, 0, 4, -11782, -2967, 9.695, 4.471, 0, 0, 0, 0, 2700, 100, 1),
(16319, 142142, 0, 4, -11418.3, -2960.52, 1.67087, 3.90954, 0, 0, -0.927183, 0.374608, 2700, 100, 1),
(16320, 142142, 0, 4, -11799, -3081, 8.639, 3.728, 0, 0, 0, 0, 2700, 100, 1),
(16321, 142142, 0, 4, -11650, -3187, 22.85, 4.937, 0, 0, 0, 0, 2700, 100, 1),
(16322, 142142, 0, 4, -11772, -2774, 14.377, 4.467, 0, 0, 0, 0, 2700, 100, 1),
(16323, 142142, 0, 4, -11621, -3178, 11.552, -2, 0, 0, -0.870356, 0.492423, 2700, 100, 1),
(16324, 142142, 0, 4, -11118, -2792, 30.651, 4.035, 0, 0, 0, 0, 2700, 100, 1),
(16325, 142142, 0, 4, -11019, -2828, 10.197, 3.638, 0, 0, 0, 0, 2700, 100, 1),
(16326, 142142, 0, 4, -11117.9, -2746.65, 15.9751, 4.83456, 0, 0, -0.66262, 0.748956, 2700, 100, 1),
(16327, 142142, 0, 4, -11387, -2850, 0, 6.124, 0, 0, 0, 0, 2700, 100, 1),
(16328, 142142, 0, 4, -11027, -2848, 9.338, 2.366, 0, 0, 0, 0, 2700, 100, 1),
(16329, 142142, 0, 4, -11044, -2845, 10.803, 1.196, 0, 0, 0, 0, 2700, 100, 1),
(16330, 142142, 0, 4, -11680.6, -3257.28, 15.4767, 1.46608, 0, 0, 0.669131, 0.743145, 2700, 100, 1),
(16331, 142142, 0, 4, -11512, -3070, 4.406, 3.434, 0, 0, 0, 0, 2700, 100, 1),
(16332, 142142, 0, 4, -11356, -2755.73, 7.42946, 2.65289, 0, 0, 0.970295, 0.241925, 2700, 100, 1),
(16333, 142142, 0, 4, -11461.5, -2818.82, -1.48899, 3.00197, 0, 0, 0.997564, 0.069757, 2700, 100, 1),
(16334, 142142, 0, 4, -11381, -2760, 5.245, 6.167, 0, 0, 0, 0, 2700, 100, 1),
(16335, 142142, 0, 4, -11122, -2773, 20.717, 4.27, 0, 0, 0, 0, 2700, 100, 1),
(16336, 142142, 0, 4, -11053, -2830, 11.432, 0.292, 0, 0, 0, 0, 2700, 100, 1),
(16337, 142142, 0, 4, -11527, -3237, 6.82, 0.143, 0, 0, 0, 0, 2700, 100, 1),
(16338, 142142, 0, 4, -11296, -3323, 12.565, 1.517, 0, 0, 0, 0, 2700, 100, 1),
(16339, 142142, 0, 4, -11255.7, -3121.49, 2.52145, 4.04917, 0, 0, -0.898793, 0.438373, 2700, 100, 1),
(16340, 142142, 0, 4, -11771, -2744, 9.531, 0.34, 0, 0, 0, 0, 2700, 100, 1),
(16341, 142142, 0, 4, -11772, -2734, 14.187, 0.037, 0, 0, 0, 0, 2700, 100, 1),
(16342, 142142, 0, 4, -11689, -2785, 6.792, 3.019, 0, 0, 0.998135, 0.061049, 2700, 100, 1),
(16343, 142142, 0, 4, -11192, -3287, 9.859, 0.99, 0, 0, 0, 0, 2700, 100, 1),
(16344, 142142, 0, 4, -11803, -2993, 19.521, 1.238, 0, 0, 0, 0, 2700, 100, 1),
(16345, 142142, 0, 4, -11852, -3063, 4.467, 4.01, 0, 0, 0, 0, 2700, 100, 1),
(16346, 142142, 0, 4, -11693, -3295, 17.172, 4.556, 0, 0, 0, 0, 2700, 100, 1),
(16347, 142142, 0, 4, -11707, -3371, 18.131, 3.862, 0, 0, 0, 0, 2700, 100, 1),
(16348, 142142, 0, 4, -11424, -2844, 0.465, 6.281, 0, 0, 0, 0, 2700, 100, 1),
(16349, 142142, 0, 4, -11129, -2727, 12.209, 4.408, 0, 0, 0, 0, 2700, 100, 1),
(16350, 142145, 0, 4, -11403.9, -2774.71, 2.90857, -2.25148, 0, 0, 0.902585, -0.430511, 300, 100, 1),
(16351, 142145, 0, 4, -11010.6, -2749.53, 4.65064, 2.63544, 0, 0, 0.968147, 0.250381, 300, 100, 1),
(16352, 142145, 0, 4, -11515.9, -2783.26, 0.843735, 5.95157, 0, 0, -0.165047, 0.986286, 300, 100, 1),
(16353, 142145, 0, 4, -11068.4, -3137.59, 45.7823, 0.471238, 0, 0, 0.233445, 0.97237, 300, 100, 1),
(16354, 142145, 0, 4, -11496, -2852.53, 4.98412, -1.06465, 0, 0, 0.507538, -0.861629, 300, 100, 1),
(16355, 142145, 0, 4, -11451.1, -2646.92, 22.7724, 0.872664, 0, 0, 0.422618, 0.906308, 300, 100, 1),
(16356, 142145, 0, 4, -10915.8, -2889.21, 12.7667, 3.29869, 0, 0, -0.996917, 0.0784664, 300, 100, 1),
(16357, 142145, 0, 4, -11789, -3349, 7.4, 5.564, 0, 0, 0, 0, 300, 100, 1),
(16358, 142145, 0, 4, -11852, -3340, 9.134, 3.039, 0, 0, 0, 0, 300, 100, 1),
(16359, 142145, 0, 4, -11214.9, -2946.36, 9.6068, 3.75246, 0, 0, -0.953716, 0.300708, 300, 100, 1),
(16360, 142145, 0, 4, -11771, -3047, 15.054, 1.515, 0, 0, 0, 0, 300, 100, 1),
(16361, 142145, 0, 4, -11686.6, -2854.75, 3.78871, 1.83259, 0, 0, 0.793353, 0.608762, 300, 100, 1),
(16362, 142145, 0, 4, -11264.6, -2726.9, 11.6191, 4.34587, 0, 0, -0.824126, 0.566406, 300, 100, 1),
(16363, 142145, 0, 4, -11426.8, -3023.33, 1.12268, 3.15906, 0, 0, -0.999962, 0.00873464, 300, 100, 1),
(16364, 142145, 0, 4, -11695, -3092, 20.205, 0.686, 0, 0, 0, 0, 300, 100, 1),
(16365, 142145, 0, 4, -11787, -3237, -25, -3, 0, 0, -0.999048, 0.04362, 300, 100, 1),
(16366, 142145, 0, 4, -11692, -3240, 11.797, 3.082, 0, 0, 0, 0, 300, 100, 1),
(16367, 142145, 0, 4, -11751, -3302, 5.639, 4.935, 0, 0, 0, 0, 300, 100, 1),
(16368, 2866, 0, 4, -11760.6, -2946.83, 7.51192, 3.3685, 0, 0, -0.993571, 0.113208, 300, 100, 1),
(16369, 2866, 0, 4, -11054.8, -2848.66, 10.7956, 4.2237, 0, 0, -0.857167, 0.515038, 300, 100, 1),
(16370, 142145, 0, 4, -11813.1, -3189.12, -30.6491, 4.5204, 0, 0, -0.771625, 0.636078, 300, 100, 1),
(16371, 142145, 0, 4, -11688.5, -3211.32, 11.8707, 5.2709, 0, 0, -0.484809, 0.87462, 300, 100, 1),
(16372, 142145, 0, 4, -11373.2, -3043.34, -4.55977, 5.74214, 0, 0, -0.267238, 0.963631, 300, 100, 1),
(16373, 142145, 0, 4, -11872.9, -3162.18, -26.6012, 0.733038, 0, 0, 0.358368, 0.93358, 300, 100, 1),
(16374, 142142, 0, 4, -11843.8, -3027.06, 15.8717, 5.86431, 0, 0, -0.207911, 0.978148, 300, 100, 1),
(16375, 142142, 0, 4, -11014, -2816.37, 6.90334, 3.90954, 0, 0, -0.927183, 0.374608, 300, 100, 1),
(16376, 142142, 0, 4, -11344.7, -3179.8, 11.0979, 5.79449, 0, 0, -0.241921, 0.970296, 300, 100, 1),
(16377, 142142, 0, 4, -11779.5, -2980.72, 10.5436, 2.79252, 0, 0, 0.984807, 0.173652, 300, 100, 1),
(16378, 2866, 0, 4, -11439.9, -3350.83, 8.0762, -2.58309, 0, 0, 0.961262, -0.275637, 2700, 100, 1),
(16379, 142142, 0, 4, -11408.9, -3276.19, 7.33489, 2.56563, 0, 0, 0.95882, 0.284015, 2700, 100, 1),
(16380, 2866, 0, 4, -11620.2, -3251.3, 10.2471, -0.401426, 0, 0, 0.199368, -0.979925, 2700, 100, 1),
(16381, 142145, 0, 4, -11712.6, -3107.6, 12.1825, 3.04372, 0, 0, 0.998803, 0.0489147, 300, 100, 1),
(16382, 2866, 0, 4, -11248.5, -3366.84, 9.82008, 0.645772, 0, 0, 0.317305, 0.948324, 2700, 100, 1),
(16383, 142142, 0, 4, -11545.8, -3247.7, 6.83403, -3.07178, 0, 0, 0.999391, -0.034899, 2700, 100, 1),
(16384, 2866, 0, 4, -11523.3, -3197.15, 8.01532, -1.32645, 0, 0, 0.615661, -0.788011, 2700, 100, 1),
(16385, 2866, 0, 4, -11675.6, -3106.1, 20.2953, -0.541052, 0, 0, 0.267238, -0.96363, 2700, 100, 1),
(16386, 142145, 0, 4, -11732, -3298.92, 9.4208, 2.65289, 0, 0, 0.970295, 0.241925, 300, 100, 1),
(16387, 142142, 0, 4, -11209, -3315.33, 8.70227, 0, 0, 0, 0, 1, 2700, 100, 1),
(16388, 2866, 0, 4, -11650.7, -3321.59, 11.7631, -2.61799, 0, 0, 0.965926, -0.258819, 2700, 100, 1),
(16389, 142145, 0, 4, -11710.5, -3100.65, 15.1948, 0.366518, 0, 0, 0.182235, 0.983255, 300, 100, 1),
(16390, 2866, 0, 4, -11892.8, -3074.32, 27.4976, -1.72788, 0, 0, 0.760406, -0.649448, 2700, 100, 1),
(16391, 142145, 0, 4, -11312.9, -2585.17, 91.7989, -1.48353, 0, 0, 0.67559, -0.737277, 300, 100, 1),
(16392, 2866, 0, 4, -11189.6, -3178.33, 7.09012, 3.03687, 0, 0, 0.99863, 0.052336, 2700, 100, 1),
(16393, 2866, 0, 4, -11317.1, -3146.82, 5.7421, 1.93731, 0, 0, 0.824125, 0.566408, 300, 100, 1),
(16394, 142142, 0, 4, -11582.6, -3341.9, 8.51584, 6.00393, 0, 0, -0.139173, 0.990268, 300, 100, 1),
(16395, 142145, 0, 4, -11157.6, -3246.66, 8.25317, 0.872665, 0, 0, 0.422618, 0.906308, 300, 100, 1),
(16396, 142145, 0, 4, -11255, -3132.8, 2.85068, 5.39307, 0, 0, -0.430511, 0.902586, 300, 100, 1),
(16397, 2866, 0, 4, -11582.3, -3345.27, 8.5192, 1.16937, 0, 0, 0.551937, 0.833886, 2700, 100, 1),
(16398, 142145, 0, 4, -11281.9, -3380.87, 8.11461, 1.97222, 0, 0, 0.833886, 0.551937, 300, 100, 1),
(16399, 142145, 0, 4, -11365.7, -3225.41, 9.86462, 4.97419, 0, 0, -0.608761, 0.793354, 300, 100, 1),
(16400, 142142, 0, 4, -11318.4, -3361.68, 7.85883, 1.81514, 0, 0, 0.788011, 0.615662, 2700, 0, 1),
(16401, 142145, 0, 4, -11812, -3348.31, 5.77242, 0, 0, 0, 0, 0, 300, 0, 1),
(16402, 142142, 0, 4, -11753, -3063.05, 13.3587, -1.22173, 0, 0, 0.573576, -0.819152, 2700, 100, 1);

-- Stranglethorn Vale
DELETE FROM `pool_gameobject` WHERE `pool_entry` IN (988);
DELETE FROM `pool_template` WHERE `entry` IN (988);
DELETE FROM `gameobject` WHERE `guid` IN (3890,3891,3915,3949,3952,4006,4033,4084,4130,4139,4140,4173,4190,4193,4199,4217,4222,4224,4225,4253,4266,4269,4273,4274,4285,4290,4291,4301,4305,4308,4310,4312,4326,4333,4335,4351,4360,4361,4362,4364,4372,4380,4383,4384,4391,4392,4394,4396,4397,4412,4414,4415,4418,4422,4425,4430,7331,7335,7337,7349,7353,7354,7355,7361,7365,7366,7367,7372,7381,7382,7393,7399,7412,7433,7446,7455,7461,7463,7466,7472,7473,7489,7490,7497,7498,7499,7501,7503,7514,7521,7522,7525,7546,7554,7584,7588,7592,7593,7594,7595,7596,7599,7603,7604,7605,7606,7607,7650,7676,7680,7695,7710,7713,7714,7726,7729,7743,7784,7789,7807,7833,7834,7835,7836,7837,7838,7842,7845,7847,7852,7853,7854,7855,7859,7860,7861,7862,7876,7877,7883,7884,7885,7887,7889,7890,7892,7897,7898,7899,7900,7901,7904,7905,7908,7909,7910,7912,7913,7914,7915,7916,7917,7921,7922,7923,7924,7925,7928,7929,7930,7933,7934,7936,7937,7938,7939,7940,7941,7944,7945,7946,7948,7949,7950,7951,7952,7961,7962,7963,7964,7965,7966,7967,7968,7969,7970,7971,7972,7973,7975,7976,7978,7984,7985,7986,7990,7991,7992,7993,7994,7995,7996,7997,7998,7999,8008,8009,8014,8019,8021,8022,8023,8024,8027,8028,8032,8033,8035,8039,8040,8041,8042,8043,8044,8045,8046,8047,8048,8049,8056,8058,8060,8061,8065,8066,8075,8079,8081,8084,8085,8086,8087,8088,8094,8095,8099,8101,8107,8108,8109,8110,8111,8112,8121,8122,8123,8124,8126,8131,8137,8142,8157,8165,8167,8168,8169,8170,8171,8173,8175,8176,8177,8178,8609,8619,8629,8642,8648,8662,8673,8674,8681,8689,8696,8703,8704,8705,8729,8730,8731,8733,8734,8735,8736,8737,8738,8745,8748,8755,8756,8757,8761,8762,8765,8766,8768,8770,8773,8797,8799,8800,8801,8802,8810,8811,8812,8813,8834,8839,8841,8843,8845,8852,8853,8854,8861,8872,8877,8879,8880,8881,8882,8883,8890,8891,8894,8899,8900,8901,8902,8903,8904,8905,8910,8911,8917,8918,8919,8920,8921,8922,8923,8924,8933,8935,8936,8937,8938,8941,8942,8943,8944,8945,8948,8949,8950,8951,8952,8953,8965,8969,8972,8993,8994,8995,8997,8998,8999,9007,9011,9012,9013,9014,9015,9017,9018,9019,9020,9025,9026,9027,9035,9036,9040,9041,9042,9043,9044,9045,9061,9066,9071,9072,9073,9074,9075,9078,9080,9084,9089,9090,9116,9119,9121,9135,9138,9139,9140,9144,9146,9147,9154,9157,9161,9167,9184,9186,9187,9193,9198,9206,9207,9208,9214,9217,11156,11157,11158,11162,11163,11639,11640,11643,11644,11647,11648,11649,11653,11654,11658,11667,11669,11670,11671,11673,11674,11677,11678,11681,11682,11683,11685,11699,11807,11809,11810,11813,11814,11815,11816,11966,12056,12057,12058,12120,12134,12147,12151,15807,15809,15814,15844,15899,15934,15935,15937,15940,16575,29251,29253,29263,29268,29269,29527,29528,29529,29530,29531,29532,29535,29536,29537,29540,29542,29543,29544,29545,29554,30797,30807,30809,30872,30874,31141,31143,32067,32068,32069,32071,32089,32092,32093,32094,32484,32494,32503,32833,32841,32843,33428,40011,40015,40016,40022,61969,61970,61971,61972,61973,63371,63372,63378,63379,63382,63396,63400,63402,63405,64002,64003,64004,64005,64006,64022,64023,64025,64031,64032,64034,64036,64037,64074,64075,64077,64078,64079,64080,64083,64084,64085,64086,65112,65319,65371,86067,86068,86069,86300,86302,86306,86307,86308,86320,86328,86329,86330,86331,86338,86339,86807,86813,86814,86819,86825,86826,86838,86839,86850,86858,86859,86960,86971,86972,86973,86979,86980,86981,86982,87164,87258,87338,87339,87350,87352,87366,87369,87371);

-- Vmangos pools: (1169,1170,1172,1173,1174,1179,1199);
DELETE FROM `pool_template` WHERE `entry` BETWEEN 678 AND 685;
INSERT INTO `pool_template` (`entry`, `max_limit`, `description`) VALUES
(678, 13, 'Wild Steelbloom in Stranglethorn'),
(679, 17, 'Kingsblood in Stranglethorn'),
(681, 11, 'Fadeleaf in Stranglethorn'),
(682, 25, 'Khadgars Whisker in Stranglethorn'),
(683, 30, 'Goldthorn in Stranglethorn'),
(684, 15, 'Liferoot in Stranglethorn'),
(685, 5, 'Purple Lotus in Stranglethorn');

DELETE FROM `pool_gameobject` WHERE `guid` BETWEEN 89266 AND 89844;
INSERT INTO `pool_gameobject` (`guid`, `pool_entry`, `chance`, `description`) VALUES 
(89266, 678, 0, 'Wild Steelbloom'),
(89267, 678, 0, 'Wild Steelbloom'),
(89268, 678, 0, 'Wild Steelbloom'),
(89269, 678, 0, 'Wild Steelbloom'),
(89270, 678, 0, 'Wild Steelbloom'),
(89271, 679, 0, 'Kingsblood'),
(89272, 678, 0, 'Wild Steelbloom'),
(89273, 678, 0, 'Wild Steelbloom'),
(89274, 678, 0, 'Wild Steelbloom'),
(89275, 678, 0, 'Wild Steelbloom'),
(89276, 678, 0, 'Wild Steelbloom'),
(89277, 678, 0, 'Wild Steelbloom'),
(89278, 678, 0, 'Wild Steelbloom'),
(89279, 678, 0, 'Wild Steelbloom'),
(89280, 678, 0, 'Wild Steelbloom'),
(89281, 678, 0, 'Wild Steelbloom'),
(89282, 678, 0, 'Wild Steelbloom'),
(89283, 678, 0, 'Wild Steelbloom'),
(89284, 678, 0, 'Wild Steelbloom'),
(89285, 678, 0, 'Wild Steelbloom'),
(89286, 678, 0, 'Wild Steelbloom'),
(89287, 679, 0, 'Kingsblood'),
(89288, 679, 0, 'Kingsblood'),
(89289, 679, 0, 'Kingsblood'),
(89290, 679, 0, 'Kingsblood'),
(89291, 679, 0, 'Kingsblood'),
(89292, 679, 0, 'Kingsblood'),
(89293, 679, 0, 'Kingsblood'),
(89294, 679, 0, 'Kingsblood'),
(89295, 679, 0, 'Kingsblood'),
(89296, 679, 0, 'Kingsblood'),
(89297, 679, 0, 'Kingsblood'),
(89298, 679, 0, 'Kingsblood'),
(89299, 679, 0, 'Kingsblood'),
(89300, 679, 0, 'Kingsblood'),
(89301, 679, 0, 'Kingsblood'),
(89302, 679, 0, 'Kingsblood'),
(89303, 679, 0, 'Kingsblood'),
(89304, 679, 0, 'Kingsblood'),
(89305, 679, 0, 'Kingsblood'),
(89306, 679, 0, 'Kingsblood'),
(89307, 679, 0, 'Kingsblood'),
(89308, 679, 0, 'Kingsblood'),
(89309, 679, 0, 'Kingsblood'),
(89310, 679, 0, 'Kingsblood'),
(89311, 679, 0, 'Kingsblood'),
(89312, 679, 0, 'Kingsblood'),
(89313, 679, 0, 'Kingsblood'),
(89314, 679, 0, 'Kingsblood'),
(89315, 679, 0, 'Kingsblood'),
(89316, 679, 0, 'Kingsblood'),
(89317, 684, 0, 'Liferoot'),
(89318, 684, 0, 'Liferoot'),
(89319, 683, 0, 'Goldthorn'),
(89320, 683, 0, 'Goldthorn'),
(89321, 683, 0, 'Goldthorn'),
(89322, 682, 0, 'Khadgar\'s Whisker'),
(89323, 684, 0, 'Liferoot'),
(89324, 684, 0, 'Liferoot'),
(89325, 684, 0, 'Liferoot'),
(89326, 684, 0, 'Liferoot'),
(89327, 684, 0, 'Liferoot'),
(89328, 684, 0, 'Liferoot'),
(89329, 684, 0, 'Liferoot'),
(89330, 684, 0, 'Liferoot'),
(89331, 684, 0, 'Liferoot'),
(89332, 684, 0, 'Liferoot'),
(89333, 684, 0, 'Liferoot'),
(89334, 684, 0, 'Liferoot'),
(89335, 684, 0, 'Liferoot'),
(89336, 684, 0, 'Liferoot'),
(89337, 684, 0, 'Liferoot'),
(89338, 684, 0, 'Liferoot'),
(89339, 684, 0, 'Liferoot'),
(89340, 684, 0, 'Liferoot'),
(89341, 684, 0, 'Liferoot'),
(89342, 684, 0, 'Liferoot'),
(89343, 684, 0, 'Liferoot'),
(89344, 684, 0, 'Liferoot'),
(89345, 684, 0, 'Liferoot'),
(89346, 684, 0, 'Liferoot'),
(89347, 684, 0, 'Liferoot'),
(89348, 684, 0, 'Liferoot'),
(89349, 684, 0, 'Liferoot'),
(89350, 684, 0, 'Liferoot'),
(89351, 684, 0, 'Liferoot'),
(89352, 684, 0, 'Liferoot'),
(89353, 684, 0, 'Liferoot'),
(89354, 684, 0, 'Liferoot'),
(89355, 681, 0, 'Fadeleaf'),
(89356, 681, 0, 'Fadeleaf'),
(89357, 681, 0, 'Fadeleaf'),
(89358, 681, 0, 'Fadeleaf'),
(89359, 681, 0, 'Fadeleaf'),
(89360, 681, 0, 'Fadeleaf'),
(89361, 681, 0, 'Fadeleaf'),
(89362, 681, 0, 'Fadeleaf'),
(89363, 681, 0, 'Fadeleaf'),
(89364, 681, 0, 'Fadeleaf'),
(89365, 681, 0, 'Fadeleaf'),
(89366, 681, 0, 'Fadeleaf'),
(89367, 681, 0, 'Fadeleaf'),
(89368, 681, 0, 'Fadeleaf'),
(89369, 681, 0, 'Fadeleaf'),
(89370, 681, 0, 'Fadeleaf'),
(89371, 681, 0, 'Fadeleaf'),
(89372, 681, 0, 'Fadeleaf'),
(89373, 681, 0, 'Fadeleaf'),
(89374, 681, 0, 'Fadeleaf'),
(89375, 681, 0, 'Fadeleaf'),
(89376, 681, 0, 'Fadeleaf'),
(89377, 681, 0, 'Fadeleaf'),
(89378, 681, 0, 'Fadeleaf'),
(89379, 681, 0, 'Fadeleaf'),
(89380, 681, 0, 'Fadeleaf'),
(89381, 681, 0, 'Fadeleaf'),
(89382, 682, 0, 'Khadgar\'s Whisker'),
(89383, 682, 0, 'Khadgar\'s Whisker'),
(89384, 682, 0, 'Khadgar\'s Whisker'),
(89385, 682, 0, 'Khadgar\'s Whisker'),
(89386, 682, 0, 'Khadgar\'s Whisker'),
(89387, 682, 0, 'Khadgar\'s Whisker'),
(89388, 682, 0, 'Khadgar\'s Whisker'),
(89389, 682, 0, 'Khadgar\'s Whisker'),
(89390, 682, 0, 'Khadgar\'s Whisker'),
(89391, 682, 0, 'Khadgar\'s Whisker'),
(89392, 682, 0, 'Khadgar\'s Whisker'),
(89393, 682, 0, 'Khadgar\'s Whisker'),
(89394, 682, 0, 'Khadgar\'s Whisker'),
(89395, 682, 0, 'Khadgar\'s Whisker'),
(89396, 682, 0, 'Khadgar\'s Whisker'),
(89397, 682, 0, 'Khadgar\'s Whisker'),
(89398, 682, 0, 'Khadgar\'s Whisker'),
(89399, 682, 0, 'Khadgar\'s Whisker'),
(89400, 682, 0, 'Khadgar\'s Whisker'),
(89401, 682, 0, 'Khadgar\'s Whisker'),
(89402, 682, 0, 'Khadgar\'s Whisker'),
(89403, 682, 0, 'Khadgar\'s Whisker'),
(89404, 682, 0, 'Khadgar\'s Whisker'),
(89405, 682, 0, 'Khadgar\'s Whisker'),
(89406, 682, 0, 'Khadgar\'s Whisker'),
(89407, 682, 0, 'Khadgar\'s Whisker'),
(89408, 682, 0, 'Khadgar\'s Whisker'),
(89409, 682, 0, 'Khadgar\'s Whisker'),
(89410, 682, 0, 'Khadgar\'s Whisker'),
(89411, 682, 0, 'Khadgar\'s Whisker'),
(89412, 682, 0, 'Khadgar\'s Whisker'),
(89413, 682, 0, 'Khadgar\'s Whisker'),
(89414, 682, 0, 'Khadgar\'s Whisker'),
(89415, 682, 0, 'Khadgar\'s Whisker'),
(89416, 682, 0, 'Khadgar\'s Whisker'),
(89417, 682, 0, 'Khadgar\'s Whisker'),
(89418, 682, 0, 'Khadgar\'s Whisker'),
(89419, 682, 0, 'Khadgar\'s Whisker'),
(89420, 682, 0, 'Khadgar\'s Whisker'),
(89421, 682, 0, 'Khadgar\'s Whisker'),
(89422, 682, 0, 'Khadgar\'s Whisker'),
(89423, 682, 0, 'Khadgar\'s Whisker'),
(89424, 682, 0, 'Khadgar\'s Whisker'),
(89425, 682, 0, 'Khadgar\'s Whisker'),
(89426, 682, 0, 'Khadgar\'s Whisker'),
(89427, 682, 0, 'Khadgar\'s Whisker'),
(89428, 682, 0, 'Khadgar\'s Whisker'),
(89429, 682, 0, 'Khadgar\'s Whisker'),
(89430, 682, 0, 'Khadgar\'s Whisker'),
(89431, 682, 0, 'Khadgar\'s Whisker'),
(89432, 682, 0, 'Khadgar\'s Whisker'),
(89433, 682, 0, 'Khadgar\'s Whisker'),
(89434, 682, 0, 'Khadgar\'s Whisker'),
(89435, 682, 0, 'Khadgar\'s Whisker'),
(89436, 682, 0, 'Khadgar\'s Whisker'),
(89437, 682, 0, 'Khadgar\'s Whisker'),
(89438, 682, 0, 'Khadgar\'s Whisker'),
(89439, 682, 0, 'Khadgar\'s Whisker'),
(89440, 682, 0, 'Khadgar\'s Whisker'),
(89441, 682, 0, 'Khadgar\'s Whisker'),
(89442, 682, 0, 'Khadgar\'s Whisker'),
(89443, 682, 0, 'Khadgar\'s Whisker'),
(89444, 682, 0, 'Khadgar\'s Whisker'),
(89445, 682, 0, 'Khadgar\'s Whisker'),
(89446, 682, 0, 'Khadgar\'s Whisker'),
(89447, 682, 0, 'Khadgar\'s Whisker'),
(89448, 682, 0, 'Khadgar\'s Whisker'),
(89449, 682, 0, 'Khadgar\'s Whisker'),
(89450, 682, 0, 'Khadgar\'s Whisker'),
(89451, 682, 0, 'Khadgar\'s Whisker'),
(89452, 682, 0, 'Khadgar\'s Whisker'),
(89453, 682, 0, 'Khadgar\'s Whisker'),
(89454, 682, 0, 'Khadgar\'s Whisker'),
(89455, 682, 0, 'Khadgar\'s Whisker'),
(89456, 682, 0, 'Khadgar\'s Whisker'),
(89457, 682, 0, 'Khadgar\'s Whisker'),
(89458, 682, 0, 'Khadgar\'s Whisker'),
(89459, 682, 0, 'Khadgar\'s Whisker'),
(89460, 682, 0, 'Khadgar\'s Whisker'),
(89461, 682, 0, 'Khadgar\'s Whisker'),
(89462, 682, 0, 'Khadgar\'s Whisker'),
(89463, 682, 0, 'Khadgar\'s Whisker'),
(89464, 682, 0, 'Khadgar\'s Whisker'),
(89465, 682, 0, 'Khadgar\'s Whisker'),
(89466, 682, 0, 'Khadgar\'s Whisker'),
(89467, 682, 0, 'Khadgar\'s Whisker'),
(89468, 682, 0, 'Khadgar\'s Whisker'),
(89469, 682, 0, 'Khadgar\'s Whisker'),
(89470, 682, 0, 'Khadgar\'s Whisker'),
(89471, 682, 0, 'Khadgar\'s Whisker'),
(89472, 682, 0, 'Khadgar\'s Whisker'),
(89473, 682, 0, 'Khadgar\'s Whisker'),
(89474, 682, 0, 'Khadgar\'s Whisker'),
(89475, 682, 0, 'Khadgar\'s Whisker'),
(89476, 682, 0, 'Khadgar\'s Whisker'),
(89477, 682, 0, 'Khadgar\'s Whisker'),
(89478, 682, 0, 'Khadgar\'s Whisker'),
(89479, 682, 0, 'Khadgar\'s Whisker'),
(89480, 682, 0, 'Khadgar\'s Whisker'),
(89481, 682, 0, 'Khadgar\'s Whisker'),
(89482, 682, 0, 'Khadgar\'s Whisker'),
(89483, 682, 0, 'Khadgar\'s Whisker'),
(89484, 682, 0, 'Khadgar\'s Whisker'),
(89485, 682, 0, 'Khadgar\'s Whisker'),
(89486, 682, 0, 'Khadgar\'s Whisker'),
(89487, 682, 0, 'Khadgar\'s Whisker'),
(89488, 682, 0, 'Khadgar\'s Whisker'),
(89489, 682, 0, 'Khadgar\'s Whisker'),
(89490, 682, 0, 'Khadgar\'s Whisker'),
(89491, 682, 0, 'Khadgar\'s Whisker'),
(89492, 682, 0, 'Khadgar\'s Whisker'),
(89493, 682, 0, 'Khadgar\'s Whisker'),
(89494, 682, 0, 'Khadgar\'s Whisker'),
(89495, 682, 0, 'Khadgar\'s Whisker'),
(89496, 682, 0, 'Khadgar\'s Whisker'),
(89497, 682, 0, 'Khadgar\'s Whisker'),
(89498, 682, 0, 'Khadgar\'s Whisker'),
(89499, 682, 0, 'Khadgar\'s Whisker'),
(89500, 682, 0, 'Khadgar\'s Whisker'),
(89501, 682, 0, 'Khadgar\'s Whisker'),
(89502, 682, 0, 'Khadgar\'s Whisker'),
(89503, 682, 0, 'Khadgar\'s Whisker'),
(89504, 682, 0, 'Khadgar\'s Whisker'),
(89505, 682, 0, 'Khadgar\'s Whisker'),
(89506, 682, 0, 'Khadgar\'s Whisker'),
(89507, 682, 0, 'Khadgar\'s Whisker'),
(89508, 682, 0, 'Khadgar\'s Whisker'),
(89509, 682, 0, 'Khadgar\'s Whisker'),
(89510, 682, 0, 'Khadgar\'s Whisker'),
(89511, 682, 0, 'Khadgar\'s Whisker'),
(89512, 682, 0, 'Khadgar\'s Whisker'),
(89513, 682, 0, 'Khadgar\'s Whisker'),
(89514, 682, 0, 'Khadgar\'s Whisker'),
(89515, 682, 0, 'Khadgar\'s Whisker'),
(89516, 682, 0, 'Khadgar\'s Whisker'),
(89517, 682, 0, 'Khadgar\'s Whisker'),
(89518, 682, 0, 'Khadgar\'s Whisker'),
(89519, 682, 0, 'Khadgar\'s Whisker'),
(89520, 682, 0, 'Khadgar\'s Whisker'),
(89521, 682, 0, 'Khadgar\'s Whisker'),
(89522, 682, 0, 'Khadgar\'s Whisker'),
(89523, 682, 0, 'Khadgar\'s Whisker'),
(89524, 682, 0, 'Khadgar\'s Whisker'),
(89525, 682, 0, 'Khadgar\'s Whisker'),
(89526, 682, 0, 'Khadgar\'s Whisker'),
(89527, 682, 0, 'Khadgar\'s Whisker'),
(89528, 682, 0, 'Khadgar\'s Whisker'),
(89529, 682, 0, 'Khadgar\'s Whisker'),
(89530, 682, 0, 'Khadgar\'s Whisker'),
(89531, 682, 0, 'Khadgar\'s Whisker'),
(89532, 682, 0, 'Khadgar\'s Whisker'),
(89533, 682, 0, 'Khadgar\'s Whisker'),
(89534, 683, 0, 'Goldthorn'),
(89535, 683, 0, 'Goldthorn'),
(89536, 683, 0, 'Goldthorn'),
(89537, 683, 0, 'Goldthorn'),
(89538, 683, 0, 'Goldthorn'),
(89539, 683, 0, 'Goldthorn'),
(89540, 683, 0, 'Goldthorn'),
(89541, 683, 0, 'Goldthorn'),
(89542, 683, 0, 'Goldthorn'),
(89543, 683, 0, 'Goldthorn'),
(89544, 683, 0, 'Goldthorn'),
(89545, 683, 0, 'Goldthorn'),
(89546, 683, 0, 'Goldthorn'),
(89547, 683, 0, 'Goldthorn'),
(89548, 683, 0, 'Goldthorn'),
(89549, 683, 0, 'Goldthorn'),
(89550, 683, 0, 'Goldthorn'),
(89551, 683, 0, 'Goldthorn'),
(89552, 683, 0, 'Goldthorn'),
(89553, 683, 0, 'Goldthorn'),
(89554, 683, 0, 'Goldthorn'),
(89555, 683, 0, 'Goldthorn'),
(89556, 683, 0, 'Goldthorn'),
(89557, 683, 0, 'Goldthorn'),
(89558, 683, 0, 'Goldthorn'),
(89559, 683, 0, 'Goldthorn'),
(89560, 683, 0, 'Goldthorn'),
(89561, 683, 0, 'Goldthorn'),
(89562, 683, 0, 'Goldthorn'),
(89563, 683, 0, 'Goldthorn'),
(89564, 683, 0, 'Goldthorn'),
(89565, 683, 0, 'Goldthorn'),
(89566, 683, 0, 'Goldthorn'),
(89567, 683, 0, 'Goldthorn'),
(89568, 683, 0, 'Goldthorn'),
(89569, 683, 0, 'Goldthorn'),
(89570, 683, 0, 'Goldthorn'),
(89571, 683, 0, 'Goldthorn'),
(89572, 683, 0, 'Goldthorn'),
(89573, 683, 0, 'Goldthorn'),
(89574, 683, 0, 'Goldthorn'),
(89575, 683, 0, 'Goldthorn'),
(89576, 683, 0, 'Goldthorn'),
(89577, 683, 0, 'Goldthorn'),
(89578, 683, 0, 'Goldthorn'),
(89579, 683, 0, 'Goldthorn'),
(89580, 683, 0, 'Goldthorn'),
(89581, 683, 0, 'Goldthorn'),
(89582, 683, 0, 'Goldthorn'),
(89583, 683, 0, 'Goldthorn'),
(89584, 683, 0, 'Goldthorn'),
(89585, 683, 0, 'Goldthorn'),
(89586, 683, 0, 'Goldthorn'),
(89587, 683, 0, 'Goldthorn'),
(89588, 683, 0, 'Goldthorn'),
(89589, 683, 0, 'Goldthorn'),
(89590, 683, 0, 'Goldthorn'),
(89591, 683, 0, 'Goldthorn'),
(89592, 683, 0, 'Goldthorn'),
(89593, 683, 0, 'Goldthorn'),
(89594, 683, 0, 'Goldthorn'),
(89595, 683, 0, 'Goldthorn'),
(89596, 683, 0, 'Goldthorn'),
(89597, 683, 0, 'Goldthorn'),
(89598, 683, 0, 'Goldthorn'),
(89599, 683, 0, 'Goldthorn'),
(89600, 683, 0, 'Goldthorn'),
(89601, 683, 0, 'Goldthorn'),
(89602, 683, 0, 'Goldthorn'),
(89603, 683, 0, 'Goldthorn'),
(89604, 683, 0, 'Goldthorn'),
(89605, 683, 0, 'Goldthorn'),
(89606, 683, 0, 'Goldthorn'),
(89607, 683, 0, 'Goldthorn'),
(89608, 683, 0, 'Goldthorn'),
(89609, 683, 0, 'Goldthorn'),
(89610, 683, 0, 'Goldthorn'),
(89611, 683, 0, 'Goldthorn'),
(89612, 683, 0, 'Goldthorn'),
(89613, 683, 0, 'Goldthorn'),
(89614, 683, 0, 'Goldthorn'),
(89615, 683, 0, 'Goldthorn'),
(89616, 683, 0, 'Goldthorn'),
(89617, 683, 0, 'Goldthorn'),
(89618, 683, 0, 'Goldthorn'),
(89619, 683, 0, 'Goldthorn'),
(89620, 683, 0, 'Goldthorn'),
(89621, 683, 0, 'Goldthorn'),
(89622, 683, 0, 'Goldthorn'),
(89623, 683, 0, 'Goldthorn'),
(89624, 683, 0, 'Goldthorn'),
(89625, 683, 0, 'Goldthorn'),
(89626, 683, 0, 'Goldthorn'),
(89627, 683, 0, 'Goldthorn'),
(89628, 683, 0, 'Goldthorn'),
(89629, 683, 0, 'Goldthorn'),
(89630, 683, 0, 'Goldthorn'),
(89631, 683, 0, 'Goldthorn'),
(89632, 683, 0, 'Goldthorn'),
(89633, 683, 0, 'Goldthorn'),
(89634, 683, 0, 'Goldthorn'),
(89635, 683, 0, 'Goldthorn'),
(89636, 683, 0, 'Goldthorn'),
(89637, 683, 0, 'Goldthorn'),
(89638, 683, 0, 'Goldthorn'),
(89639, 683, 0, 'Goldthorn'),
(89640, 683, 0, 'Goldthorn'),
(89641, 683, 0, 'Goldthorn'),
(89642, 683, 0, 'Goldthorn'),
(89643, 683, 0, 'Goldthorn'),
(89644, 683, 0, 'Goldthorn'),
(89645, 683, 0, 'Goldthorn'),
(89646, 683, 0, 'Goldthorn'),
(89647, 683, 0, 'Goldthorn'),
(89648, 683, 0, 'Goldthorn'),
(89649, 683, 0, 'Goldthorn'),
(89650, 683, 0, 'Goldthorn'),
(89651, 683, 0, 'Goldthorn'),
(89652, 683, 0, 'Goldthorn'),
(89653, 683, 0, 'Goldthorn'),
(89654, 683, 0, 'Goldthorn'),
(89655, 683, 0, 'Goldthorn'),
(89656, 683, 0, 'Goldthorn'),
(89657, 683, 0, 'Goldthorn'),
(89658, 683, 0, 'Goldthorn'),
(89659, 683, 0, 'Goldthorn'),
(89660, 683, 0, 'Goldthorn'),
(89661, 683, 0, 'Goldthorn'),
(89662, 683, 0, 'Goldthorn'),
(89663, 683, 0, 'Goldthorn'),
(89664, 683, 0, 'Goldthorn'),
(89665, 683, 0, 'Goldthorn'),
(89666, 683, 0, 'Goldthorn'),
(89667, 683, 0, 'Goldthorn'),
(89668, 683, 0, 'Goldthorn'),
(89669, 683, 0, 'Goldthorn'),
(89670, 683, 0, 'Goldthorn'),
(89671, 683, 0, 'Goldthorn'),
(89672, 683, 0, 'Goldthorn'),
(89673, 683, 0, 'Goldthorn'),
(89674, 683, 0, 'Goldthorn'),
(89675, 683, 0, 'Goldthorn'),
(89676, 683, 0, 'Goldthorn'),
(89677, 683, 0, 'Goldthorn'),
(89678, 684, 0, 'Liferoot'),
(89679, 678, 0, 'Wild Steelbloom'),
(89680, 678, 0, 'Wild Steelbloom'),
(89681, 678, 0, 'Wild Steelbloom'),
(89682, 678, 0, 'Wild Steelbloom'),
(89683, 684, 0, 'Liferoot'),
(89684, 682, 0, 'Khadgar\'s Whisker'),
(89685, 681, 0, 'Fadeleaf'),
(89686, 684, 0, 'Liferoot'),
(89687, 679, 0, 'Kingsblood'),
(89688, 684, 0, 'Liferoot'),
(89689, 678, 0, 'Wild Steelbloom'),
(89690, 679, 0, 'Kingsblood'),
(89691, 678, 0, 'Wild Steelbloom'),
(89692, 678, 0, 'Wild Steelbloom'),
(89693, 684, 0, 'Liferoot'),
(89694, 683, 0, 'Goldthorn'),
(89695, 685, 0, 'Purple Lotus'),
(89696, 681, 0, 'Fadeleaf'),
(89697, 678, 0, 'Wild Steelbloom'),
(89698, 683, 0, 'Goldthorn'),
(89699, 682, 0, 'Khadgar\'s Whisker'),
(89700, 685, 0, 'Purple Lotus'),
(89701, 683, 0, 'Goldthorn'),
(89702, 682, 0, 'Khadgar\'s Whisker'),
(89703, 682, 0, 'Khadgar\'s Whisker'),
(89704, 683, 0, 'Goldthorn'),
(89705, 679, 0, 'Kingsblood'),
(89706, 682, 0, 'Khadgar\'s Whisker'),
(89707, 682, 0, 'Khadgar\'s Whisker'),
(89708, 678, 0, 'Wild Steelbloom'),
(89709, 679, 0, 'Kingsblood'),
(89710, 683, 0, 'Goldthorn'),
(89711, 678, 0, 'Wild Steelbloom'),
(89712, 683, 0, 'Goldthorn'),
(89713, 679, 0, 'Kingsblood'),
(89714, 682, 0, 'Khadgar\'s Whisker'),
(89715, 683, 0, 'Goldthorn'),
(89716, 679, 0, 'Kingsblood'),
(89717, 679, 0, 'Kingsblood'),
(89718, 679, 0, 'Kingsblood'),
(89719, 679, 0, 'Kingsblood'),
(89720, 679, 0, 'Kingsblood'),
(89721, 685, 0, 'Purple Lotus'),
(89722, 685, 0, 'Purple Lotus'),
(89723, 685, 0, 'Purple Lotus'),
(89724, 685, 0, 'Purple Lotus'),
(89725, 685, 0, 'Purple Lotus'),
(89726, 685, 0, 'Purple Lotus'),
(89727, 685, 0, 'Purple Lotus'),
(89728, 685, 0, 'Purple Lotus'),
(89729, 685, 0, 'Purple Lotus'),
(89730, 681, 0, 'Fadeleaf'),
(89731, 681, 0, 'Fadeleaf'),
(89732, 681, 0, 'Fadeleaf'),
(89733, 683, 0, 'Goldthorn'),
(89734, 683, 0, 'Goldthorn'),
(89735, 683, 0, 'Goldthorn'),
(89736, 683, 0, 'Goldthorn'),
(89737, 683, 0, 'Goldthorn'),
(89738, 683, 0, 'Goldthorn'),
(89739, 682, 0, 'Khadgars Whisker'),
(89740, 682, 0, 'Khadgars Whisker'),
(89741, 682, 0, 'Khadgars Whisker'),
(89742, 682, 0, 'Khadgars Whisker'),
(89743, 682, 0, 'Khadgars Whisker'),
(89744, 682, 0, 'Khadgars Whisker'),
(89745, 682, 0, 'Khadgars Whisker'),
(89746, 682, 0, 'Khadgars Whisker'),
(89747, 682, 0, 'Khadgars Whisker'),
(89748, 682, 0, 'Khadgars Whisker'),
(89749, 679, 0, 'Kingsblood'),
(89750, 679, 0, 'Kingsblood'),
(89751, 679, 0, 'Kingsblood'),
(89752, 679, 0, 'Kingsblood'),
(89753, 679, 0, 'Kingsblood'),
(89754, 679, 0, 'Kingsblood'),
(89755, 679, 0, 'Kingsblood'),
(89756, 679, 0, 'Kingsblood'),
(89757, 679, 0, 'Kingsblood'),
(89758, 679, 0, 'Kingsblood'),
(89759, 679, 0, 'Kingsblood'),
(89760, 685, 0, 'Purple Lotus'),
(89761, 685, 0, 'Purple Lotus'),
(89762, 685, 0, 'Purple Lotus'),
(89763, 685, 0, 'Purple Lotus'),
(89764, 678, 0, 'Wild Steelbloom'),
(89765, 678, 0, 'Wild Steelbloom'),
(89766, 684, 0, 'Liferoot'),
(89767, 684, 0, 'Liferoot'),
(89768, 684, 0, 'Liferoot'),
(89769, 684, 0, 'Liferoot'),
(89770, 684, 0, 'Liferoot'),
(89771, 684, 0, 'Liferoot'),
(89772, 684, 0, 'Liferoot'),
(89773, 684, 0, 'Liferoot'),
(89774, 684, 0, 'Liferoot'),
(89775, 684, 0, 'Liferoot'),
(89776, 684, 0, 'Liferoot'),
(89777, 684, 0, 'Liferoot'),
(89778, 684, 0, 'Liferoot'),
(89779, 684, 0, 'Liferoot'),
(89780, 684, 0, 'Liferoot'),
(89781, 682, 0, 'Khadgar\'s Whisker'),
(89782, 684, 0, 'Liferoot'),
(89783, 682, 0, 'Khadgar\'s Whisker'),
(89784, 683, 0, 'Goldthorn'),
(89785, 683, 0, 'Goldthorn'),
(89786, 679, 0, 'Kingsblood'),
(89787, 682, 0, 'Khadgar\'s Whisker'),
(89788, 683, 0, 'Goldthorn'),
(89789, 682, 0, 'Khadgar\'s Whisker'),
(89790, 681, 0, 'Fadeleaf'),
(89791, 681, 0, 'Fadeleaf'),
(89792, 683, 0, 'Goldthorn'),
(89793, 683, 0, 'Goldthorn'),
(89794, 683, 0, 'Goldthorn'),
(89795, 683, 0, 'Goldthorn'),
(89796, 682, 0, 'Khadgar\'s Whisker'),
(89797, 683, 0, 'Goldthorn'),
(89798, 683, 0, 'Goldthorn'),
(89799, 685, 0, 'Purple Lotus'),
(89800, 678, 0, 'Wild Steelbloom'),
(89801, 679, 0, 'Kingsblood'),
(89802, 683, 0, 'Goldthorn'),
(89803, 684, 0, 'Liferoot'),
(89804, 678, 0, 'Wild Steelbloom'),
(89805, 678, 0, 'Wild Steelbloom'),
(89806, 678, 0, 'Wild Steelbloom'),
(89807, 683, 0, 'Goldthorn'),
(89808, 679, 0, 'Kingsblood'),
(89809, 683, 0, 'Goldthorn'),
(89810, 679, 0, 'Kingsblood'),
(89811, 679, 0, 'Kingsblood'),
(89812, 683, 0, 'Goldthorn'),
(89813, 678, 0, 'Wild Steelbloom'),
(89814, 679, 0, 'Kingsblood'),
(89815, 682, 0, 'Khadgar\'s Whisker'),
(89816, 679, 0, 'Kingsblood'),
(89817, 685, 0, 'Purple Lotus'),
(89818, 683, 0, 'Goldthorn'),
(89819, 682, 0, 'Khadgar\'s Whisker'),
(89820, 678, 0, 'Wild Steelbloom'),
(89821, 679, 0, 'Kingsblood'),
(89822, 679, 0, 'Kingsblood'),
(89823, 685, 0, 'Purple Lotus'),
(89824, 684, 0, 'Liferoot'),
(89825, 683, 0, 'Goldthorn'),
(89826, 679, 0, 'Kingsblood'),
(89827, 681, 0, 'Fadeleaf'),
(89828, 684, 0, 'Liferoot'),
(89829, 682, 0, 'Khadgar\'s Whisker'),
(89830, 684, 0, 'Liferoot'),
(89831, 684, 0, 'Liferoot'),
(89832, 682, 0, 'Khadgar\'s Whisker'),
(89833, 679, 0, 'Kingsblood'),
(89834, 684, 0, 'Liferoot'),
(89835, 679, 0, 'Kingsblood'),
(89836, 684, 0, 'Liferoot'),
(89837, 684, 0, 'Liferoot'),
(89838, 684, 0, 'Liferoot'),
(89839, 684, 0, 'Liferoot'),
(89840, 678, 0, 'Wild Steelbloom'),
(89841, 679, 0, 'Kingsblood'),
(89842, 681, 0, 'Fadeleaf'),
(89843, 683, 0, 'Goldthorn'),
(89844, 681, 0, 'Fadeleaf');

DELETE FROM `gameobject` WHERE `zoneId`=33 AND `guid` BETWEEN 89266 AND 89844;
INSERT INTO `gameobject` (`guid`, `id`, `map`, `zoneId`, `position_x`, `position_y`, `position_z`, `orientation`, `rotation0`, `rotation1`, `rotation2`, `rotation3`, `spawntimesecs`, `animprogress`, `state`) VALUES
(89266, 1623, 0, 33, -11460.7, -357.005, 62.8674, 1.15192, 0, 0, 0.544639, 0.838671, 300, 100, 1),
(89267, 1623, 0, 33, -13827, 428.947, 94.321, -2, 0, 0, -0.936672, 0.350207, 300, 100, 1),
(89268, 1623, 0, 33, -12223.3, -28.597, 19.7736, 5.044, 0, 0, -0.580703, 0.814116, 300, 100, 1),
(89269, 1623, 0, 33, -13085.9, -738.748, 81.7554, 3.21142, 0, 0, -0.999391, 0.0349061, 300, 100, 1),
(89270, 1623, 0, 33, -13007, -870, 91.654, -3, 0, 0, -0.965926, 0.258819, 300, 100, 1),
(89271, 1624, 0, 33, -12451.9, -11.4759, 2.76284, 3.76991, 0, 0, -0.951056, 0.309017, 300, 255, 1),
(89272, 1623, 0, 33, -14045, 79.331, 22.969, 2.164, 0, 0, 0.882947, 0.469472, 300, 100, 1),
(89273, 1623, 0, 33, -12196, 75.068, 21.422, -2, 0, 0, -0.803857, 0.594823, 300, 100, 1),
(89274, 1623, 0, 33, -11880, 49.261, 22.217, 1.466, 0, 0, 0.669131, 0.743145, 300, 100, 1),
(89275, 1623, 0, 33, -11763, 748.916, 59.495, 0.785, 0, 0, 0.382683, 0.92388, 300, 100, 1),
(89276, 1623, 0, 33, -11468, 335.509, 56.048, 0, 0, 0, -0.156434, 0.987688, 300, 100, 1),
(89277, 1623, 0, 33, -11924.6, 505.368, 46.0839, 5.65487, 0, 0, -0.309016, 0.951057, 300, 100, 1),
(89278, 1623, 0, 33, -11784, 673.282, 76.179, -3, 0, 0, -0.987688, 0.156435, 300, 100, 1),
(89279, 1623, 0, 33, -14142, 110.586, 53.965, -2, 0, 0, -0.803857, 0.594823, 300, 100, 1),
(89280, 1623, 0, 33, -13878, 557.262, 68.034, -3, 0, 0, -0.993572, 0.113203, 300, 100, 1),
(89281, 1623, 0, 33, -11900.3, 586.551, 46.8476, 1.67552, 0, 0, 0.743145, 0.669131, 300, 100, 1),
(89282, 1623, 0, 33, -11406, -709, 86.946, 0.017, 0, 0, 0.008726, 0.999962, 300, 100, 1),
(89283, 1623, 0, 33, -13513.4, 192.587, 53.9877, 1.20428, 0, 0, 0.566406, 0.824126, 300, 100, 1),
(89284, 1623, 0, 33, -12614, -991, 102.036, 0, 0, 0, -0.017453, 0.999848, 300, 100, 1),
(89285, 1623, 0, 33, -11904, 161.446, 41.3039, -1, 0, 0, -0.284016, 0.95882, 300, 100, 1),
(89286, 1623, 0, 33, -13082, -478, 49.031, 2.251, 0, 0, 0.902585, 0.430511, 300, 100, 1),
(89287, 1624, 0, 33, -11699.6, -823.69, 35.5478, 3.17653, 0, 0, -0.999847, 0.0174693, 300, 100, 1),
(89288, 1624, 0, 33, -13909.5, 78.995, 15.0911, 0.471239, 0, 0, 0.233445, 0.97237, 300, 100, 1),
(89289, 1624, 0, 33, -12606.2, -901.575, 52.7081, 1.16937, 0, 0, 0.551937, 0.833886, 300, 100, 1),
(89290, 1624, 0, 33, -12136, -598, 14.58, 1.815, 0, 0, 0.788011, 0.615662, 300, 100, 1),
(89291, 1624, 0, 33, -11968.7, 67.8222, 13.6903, 1.93731, 0, 0, 0.824125, 0.566408, 300, 100, 1),
(89292, 1624, 0, 33, -12902, -412, 12.661, -2, 0, 0, -0.945519, 0.325568, 300, 100, 1),
(89293, 1624, 0, 33, -11686.6, -31.29, 13.9421, 3.50812, 0, 0, -0.983254, 0.182238, 300, 100, 1),
(89294, 1624, 0, 33, -11767.3, 413.076, 44.5881, 5.58505, 0, 0, -0.34202, 0.939693, 300, 100, 1),
(89295, 1624, 0, 33, -12127.5, 190.618, 14.4632, 0.471238, 0, 0, 0.233445, 0.97237, 300, 100, 1),
(89296, 1624, 0, 33, -12783.7, -650.494, 64.6025, 2.86234, 0, 0, 0.990268, 0.139173, 300, 100, 1),
(89297, 1624, 0, 33, -14251, 166.806, 8.427, -1, 0, 0, -0.258819, 0.965926, 300, 100, 1),
(89298, 1624, 0, 33, -13314.9, -383.016, 13.8586, -0.663225, 0, 0, 0.325568, -0.945519, 300, 100, 1),
(89299, 1624, 0, 33, -11619, 293.896, 41.919, -2, 0, 0, -0.731354, 0.681998, 300, 100, 1),
(89300, 1624, 0, 33, -12319.2, -471.44, 15.7438, 1.06465, 0, 0, 0.507538, 0.861629, 300, 100, 1),
(89301, 1624, 0, 33, -12539, -867, 45.078, 2.164, 0, 0, 0.882947, 0.469472, 300, 100, 1),
(89302, 1624, 0, 33, -12521, -684, 39.703, -2, 0, 0, -0.909961, 0.414694, 300, 100, 1),
(89303, 1624, 0, 33, -12370, -778, 31.163, 2.269, 0, 0, 0.906308, 0.422618, 300, 100, 1),
(89304, 1624, 0, 33, -12261.7, -753.574, 15.6883, -2.79253, 0, 0, 0.984808, -0.173648, 300, 100, 1),
(89305, 1624, 0, 33, -12757, -716, 64.364, 0.506, 0, 0, 0, 0, 300, 100, 1),
(89306, 1624, 0, 33, -12982, 420.951, 22.391, -1, 0, 0, -0.580703, 0.814115, 300, 100, 1),
(89307, 1624, 0, 33, -12267.8, -422.817, 17.3265, 4.04917, 0, 0, -0.898793, 0.438373, 300, 100, 1),
(89308, 1624, 0, 33, -12832, -397, 13.002, 0.419, 0, 0, 0.207912, 0.978148, 300, 100, 1),
(89309, 1624, 0, 33, -13027, 203.694, 21.531, -1, 0, 0, -0.66262, 0.748955, 300, 100, 1),
(89310, 1624, 0, 33, -12278.7, 42.6145, 17.8215, 1.06465, 0, 0, 0.507538, 0.861629, 300, 100, 1),
(89311, 1624, 0, 33, -12784, -835, 73.061, -1, 0, 0, 0, 0, 300, 100, 1),
(89312, 1624, 0, 33, -12575, -638, 43.897, -3, 0, 0, -0.99863, 0.052336, 300, 100, 1),
(89313, 1624, 0, 33, -12910.7, 146.39, 24.5323, 5.70723, 0, 0, -0.284015, 0.95882, 300, 100, 1),
(89314, 1624, 0, 33, -11772, -665, 36.477, 2.199, 0, 0, 0.891007, 0.453991, 300, 100, 1),
(89315, 1624, 0, 33, -12647.3, -690.193, 44.1882, 5.88176, 0, 0, -0.199368, 0.979925, 300, 100, 1),
(89316, 1624, 0, 33, -11865, 232.543, 16.3644, 4.04917, 0, 0, -0.898793, 0.438373, 300, 100, 1),
(89317, 2041, 0, 33, -12423.7, -335.87, 15.0724, 4.85202, 0, 0, -0.656058, 0.75471, 300, 255, 1),
(89318, 2041, 0, 33, -13349.2, 745.215, 4.4602, 0.90757, 0, 0, 0.438371, 0.898794, 300, 255, 1),
(89319, 2046, 0, 33, -13053.3, -293.556, 11.6449, 4.72984, 0, 0, -0.700909, 0.713251, 300, 255, 1),
(89320, 2046, 0, 33, -13360.6, -16.135, 22.3618, 5.44543, 0, 0, -0.406736, 0.913545, 300, 255, 1),
(89321, 2046, 0, 33, -11836.9, 48.4786, 15.7018, 4.88692, 0, 0, -0.642787, 0.766045, 300, 255, 1),
(89322, 2043, 0, 33, -12909.8, -309.647, 14.1951, 3.15906, 0, 0, -0.999962, 0.00873464, 300, 255, 1),
(89323, 2041, 0, 33, -13096, 476.264, 13.89, 0.384, 0, 0, 0.190809, 0.981627, 300, 100, 1),
(89324, 2041, 0, 33, -13832.5, 667.575, 11.7156, 2.58309, 0, 0, 0.961262, 0.275637, 300, 100, 1),
(89325, 2041, 0, 33, -11686.5, -336.717, 10.0955, 4.04917, 0, 0, -0.898793, 0.438373, 300, 100, 1),
(89326, 2041, 0, 33, -11466, 259.146, 15.069, 1.414, 0, 0, 0.649448, 0.760406, 300, 100, 1),
(89327, 2041, 0, 33, -14082, 324.559, 23.817, -1, 0, 0, -0.382683, 0.92388, 300, 100, 1),
(89328, 2041, 0, 33, -11594.3, -119.192, 13.4993, 5.77704, 0, 0, -0.25038, 0.968148, 300, 100, 1),
(89329, 2041, 0, 33, -12771.1, 352.823, 5.78874, -2.11185, 0, 0, 0.870356, -0.492423, 300, 100, 1),
(89330, 2041, 0, 33, -11509, 192.351, 13.227, 0.419, 0, 0, 0.207912, 0.978148, 300, 100, 1),
(89331, 2041, 0, 33, -11569, 56.28, 14.126, 1.868, 0, 0, 0.803857, 0.594823, 300, 100, 1),
(89332, 2041, 0, 33, -13456.4, 734.981, 5.53083, 3.29869, 0, 0, -0.996917, 0.0784664, 300, 100, 1),
(89333, 2041, 0, 33, -12554.4, -180.455, 13.9325, 3.00195, 0, 0, 0.997563, 0.0697661, 300, 100, 1),
(89334, 2041, 0, 33, -12709.6, 130.92, 9.78783, 2.61799, 0, 0, 0.965925, 0.258821, 300, 100, 1),
(89335, 2041, 0, 33, -12108, -303.118, 11.9555, 3.05433, 0, 0, 0.999048, 0.043619, 300, 100, 1),
(89336, 2041, 0, 33, -12155.5, -52.4808, 0.992465, -2.1293, 0, 0, 0.87462, -0.48481, 300, 100, 1),
(89337, 2041, 0, 33, -13687, 573.585, 11.244, 3.732, 0, 0, 0, 0, 300, 100, 1),
(89338, 2041, 0, 33, -12035.9, 97.2901, 1.18701, 0.872664, 0, 0, 0.422618, 0.906308, 300, 100, 1),
(89339, 2041, 0, 33, -12057, 13.883, 1.468, -1, 0, 0, -0.587785, 0.809017, 300, 100, 1),
(89340, 2041, 0, 33, -13637, 445.863, 22.831, 1.748, 0, 0, 0, 0, 300, 100, 1),
(89341, 2041, 0, 33, -12189, 3.374, 0.739, 3.339, 0, 0, 0, 0, 300, 100, 1),
(89342, 2041, 0, 33, -12105.4, -397.519, 12.3309, 2.54818, 0, 0, 0.956305, 0.292372, 300, 100, 1),
(89343, 2041, 0, 33, -14037.7, 370.259, 14.1351, 2.9147, 0, 0, 0.993572, 0.113203, 300, 100, 1),
(89344, 2041, 0, 33, -14082.9, 446.045, 11.6335, 3.59538, 0, 0, -0.97437, 0.224951, 300, 100, 1),
(89345, 2041, 0, 33, -11541, 624.308, 50.744, 0.698, 0, 0, 0.34202, 0.939693, 300, 100, 1),
(89346, 2041, 0, 33, -12117, -45, 13.32, 1.065, 0, 0, 0.507538, 0.861629, 300, 100, 1),
(89347, 2041, 0, 33, -12001.2, -349.352, 11.4441, 5.41052, 0, 0, -0.422618, 0.906308, 300, 100, 1),
(89348, 2041, 0, 33, -12294, 284.405, 4.194, 5.785, 0, 0, 0.246511, -0.96914, 300, 100, 1),
(89349, 2041, 0, 33, -12547.5, -77.8921, 14.3442, 4.86947, 0, 0, -0.649447, 0.760406, 300, 100, 1),
(89350, 2041, 0, 33, -11668.4, -330.924, 14.0935, 1.83259, 0, 0, 0.793353, 0.608762, 300, 100, 1),
(89351, 2041, 0, 33, -12613.3, -98.8945, 15.7905, 0.122173, 0, 0, 0.0610485, 0.998135, 300, 100, 1),
(89352, 2041, 0, 33, -11769.3, -329.706, 10.7201, 3.10665, 0, 0, 0.999847, 0.0174693, 300, 100, 1),
(89353, 2041, 0, 33, -12331.2, -259.94, 15.5823, 6.02139, 0, 0, -0.130526, 0.991445, 300, 100, 1),
(89354, 2041, 0, 33, -12242.7, -284.967, 17.0823, -0.506145, 0, 0, 0.25038, -0.968148, 300, 100, 1),
(89355, 2042, 0, 33, -14049, 55.148, 22.096, 1.902, 0, 0, 0.814116, 0.580703, 300, 100, 1),
(89356, 2042, 0, 33, -14057.5, 164.154, 13.0989, 6.04724, 0, 0, 0, 0, 300, 100, 1),
(89357, 2042, 0, 33, -14015.5, 82.5177, 12.0352, 2.7312, 0, 0, 0, 0, 300, 100, 1),
(89358, 2042, 0, 33, -13580.7, -119.958, 44.8891, 5.85446, 0, 0, 0, 0, 300, 100, 1),
(89359, 2042, 0, 33, -13556.7, -96.4195, 44.4323, 0.07234, 0, 0, 0, 0, 300, 100, 1),
(89360, 2042, 0, 33, -13291.4, -364.158, 12.4491, 2.68783, 0, 0, 0, 0, 300, 100, 1),
(89361, 2042, 0, 33, -13311.7, -327.215, 13.0427, 2.72691, 0, 0, 0, 0, 300, 100, 1),
(89362, 2042, 0, 33, -12049.7, -769.089, 14.9076, 2.09057, 0, 0, 0, 0, 300, 100, 1),
(89363, 2042, 0, 33, -11713.7, -432.975, 19.4633, 0.383971, 0, 0, 0.190808, 0.981627, 300, 100, 1),
(89364, 2042, 0, 33, -13622.8, -26.9446, 38.2399, 0.07881, 0, 0, 0, 0, 300, 100, 1),
(89365, 2042, 0, 33, -13643, -59.3039, 37.8411, 3.88552, 0, 0, 0, 0, 300, 100, 1),
(89366, 2042, 0, 33, -13609.3, -26.848, 38.312, 0.25395, 0, 0, 0, 0, 300, 100, 1),
(89367, 2042, 0, 33, -13626.1, -53.0208, 36.3262, 0.74795, 0, 0, 0, 0, 300, 100, 1),
(89368, 2042, 0, 33, -13590.3, -101.905, 39.4996, 9, 0, 0, 0, 0, 300, 100, 1),
(89369, 2042, 0, 33, -13389, -365, 17.317, 0.977, 0, 0, 0.469471, 0.882948, 300, 100, 1),
(89370, 2042, 0, 33, -13951, 62.401, 15.367, -3, 0, 0, -0.997564, 0.069757, 300, 100, 1),
(89371, 2042, 0, 33, -11961, -609.441, 17.6658, -1.29154, 0, 0, 0.601815, -0.798635, 300, 100, 1),
(89372, 2042, 0, 33, -12041.2, -728.706, 12.7299, 1.5708, 0, 0, 0.707107, 0.707107, 300, 100, 1),
(89373, 2042, 0, 33, -11879, 19.274, 23.677, -3, 0, 0, -0.981627, 0.190809, 300, 100, 1),
(89374, 2042, 0, 33, -12153.8, -133.861, 25.7315, 2.40855, 0, 0, 0.93358, 0.358368, 300, 100, 1),
(89375, 2042, 0, 33, -14059.3, 181.17, 14.0355, 4.44115, 0, 0, 0, 0, 300, 100, 1),
(89376, 2042, 0, 33, -11620, -426, 16.725, -3, 0, 0, -0.994522, 0.104529, 300, 100, 1),
(89377, 2042, 0, 33, -12210.5, 258.976, 2.65565, 5.2709, 0, 0, -0.484809, 0.87462, 300, 100, 1),
(89378, 2042, 0, 33, -11991.6, -73.0549, 14.1161, 3.14159, 0, 0, -1, 0, 300, 100, 1),
(89379, 2042, 0, 33, -11847.3, -219.508, 16.5659, 0.645772, 0, 0, 0.317305, 0.948324, 300, 100, 1),
(89380, 2042, 0, 33, -14013.4, 102.199, 10.8546, 5.33098, 0, 0, 0, 0, 300, 100, 1),
(89381, 2042, 0, 33, -11734.6, 533.32, 52.3443, 0.733038, 0, 0, 0.358368, 0.93358, 300, 100, 1),
(89382, 2043, 0, 33, -13010, -5, 22.879, 1.279, 0, 0, 0, 0, 300, 100, 1),
(89383, 2043, 0, 33, -13149, -247, 3.413, 3.222, 0, 0, 0, 0, 300, 100, 1),
(89384, 2043, 0, 33, -13103, -257, -3, 5.459, 0, 0, 0, 0, 300, 100, 1),
(89385, 2043, 0, 33, -13128, -250, 0, 3.649, 0, 0, 0, 0, 300, 100, 1),
(89386, 2043, 0, 33, -13039, -10, 33.87, 3.541, 0, 0, 0, 0, 300, 100, 1),
(89387, 2043, 0, 33, -13182, -240, 6.938, 3.363, 0, 0, 0, 0, 300, 100, 1),
(89388, 2043, 0, 33, -11517, -453, 41.22, 2.74, 0, 0, 0.979925, 0.199368, 300, 100, 1),
(89389, 2043, 0, 33, -11541, -697, 34.14, 5.543, 0, 0, 0, 0, 300, 100, 1),
(89390, 2043, 0, 33, -11666, 456.881, 42.787, 2.414, 0, 0, 0, 0, 300, 100, 1),
(89391, 2043, 0, 33, -12862.7, 243.25, 17.8317, 2.58308, 0, 0, 0.961261, 0.27564, 300, 100, 1),
(89392, 2043, 0, 33, -11782, 726.306, 57.914, 3.111, 0, 0, 0, 0, 300, 100, 1),
(89393, 2043, 0, 33, -12499, -734, 39.558, 2.638, 0, 0, 0, 0, 300, 100, 1),
(89394, 2043, 0, 33, -12177, 250.011, 3.477, 1.309, 0, 0, 0.608761, 0.793353, 300, 100, 1),
(89395, 2043, 0, 33, -12179, -974, 34.325, 5.317, 0, 0, 0, 0, 300, 100, 1),
(89396, 2043, 0, 33, -12325, -982, 15.076, 5.61, 0, 0, 0, 0, 300, 100, 1),
(89397, 2043, 0, 33, -12383, -966, 16.95, 4.271, 0, 0, 0, 0, 300, 100, 1),
(89398, 2043, 0, 33, -12203, -928, 35.553, 4.242, 0, 0, 0, 0, 300, 100, 1),
(89399, 2043, 0, 33, -12964.4, 167.524, 22.3694, 2.79252, 0, 0, 0.984807, 0.173652, 300, 100, 1),
(89400, 2043, 0, 33, -11670.1, -465.304, 22.9578, 4.18879, 0, 0, -0.866025, 0.500001, 300, 100, 1),
(89401, 2043, 0, 33, -12932, -442, 30.72, 4.982, 0, 0, 0, 0, 300, 100, 1),
(89402, 2043, 0, 33, -12908, -462, 35.812, 3.22, 0, 0, 0, 0, 300, 100, 1),
(89403, 2043, 0, 33, -12033.6, 267.449, 12.6497, 5.44543, 0, 0, -0.406736, 0.913546, 300, 100, 1),
(89404, 2043, 0, 33, -13059, 411.074, 23.331, -2, 0, 0, -0.814116, 0.580703, 300, 100, 1),
(89405, 2043, 0, 33, -13569, -247, 27.301, 0.215, 0, 0, 0, 0, 300, 100, 1),
(89406, 2043, 0, 33, -11828.9, -547.797, 15.4699, 0.104719, 0, 0, 0.0523357, 0.99863, 300, 100, 1),
(89407, 2043, 0, 33, -12227, 298.598, 2.171, 3.582, 0, 0, 0, 0, 300, 100, 1),
(89408, 2043, 0, 33, -11833, -182, 17.299, 5.474, 0, 0, 0, 0, 300, 100, 1),
(89409, 2043, 0, 33, -11980, -214, 17.606, 4.298, 0, 0, 0, 0, 300, 100, 1),
(89410, 2043, 0, 33, -11932, -248, 20.204, 4.728, 0, 0, 0, 0, 300, 100, 1),
(89411, 2043, 0, 33, -12989, 449.455, 20.842, 3.817, 0, 0, 0, 0, 300, 100, 1),
(89412, 2043, 0, 33, -11717, -668, 49.38, 5.166, 0, 0, 0, 0, 300, 100, 1),
(89413, 2043, 0, 33, -11896, -843, 32.706, 5.203, 0, 0, 0, 0, 300, 100, 1),
(89414, 2043, 0, 33, -12631, -630, 43.448, 3.169, 0, 0, 0, 0, 300, 100, 1),
(89415, 2043, 0, 33, -12527, -645, 39.26, 3.61, 0, 0, 0, 0, 300, 100, 1),
(89416, 2043, 0, 33, -11765, 736.443, 59.921, 1.464, 0, 0, 0, 0, 300, 100, 1),
(89417, 2043, 0, 33, -12998, 270.41, 17.426, 0.242, 0, 0, 0, 0, 300, 100, 1),
(89418, 2043, 0, 33, -13032, 390.173, 21.633, 2.768, 0, 0, 0, 0, 300, 100, 1),
(89419, 2043, 0, 33, -13107, 455.828, 19.671, 5.219, 0, 0, 0, 0, 300, 100, 1),
(89420, 2043, 0, 33, -13063, 362.32, 18.035, 3.506, 0, 0, 0, 0, 300, 100, 1),
(89421, 2043, 0, 33, -14487, -366, 4.088, 0.834, 0, 0, 0, 0, 300, 100, 1),
(89422, 2043, 0, 33, -14158, 295.329, 17.331, 2.106, 0, 0, 0, 0, 300, 100, 1),
(89423, 2043, 0, 33, -14006, 271.163, 17.376, 4.383, 0, 0, 0, 0, 300, 100, 1),
(89424, 2043, 0, 33, -13983, 425.466, 62.268, 4.517, 0, 0, 0, 0, 300, 100, 1),
(89425, 2043, 0, 33, -13997, 294.805, 17.851, 3.23, 0, 0, 0, 0, 300, 100, 1),
(89426, 2043, 0, 33, -13479, 682.953, 9.359, 1.675, 0, 0, 0, 0, 300, 100, 1),
(89427, 2043, 0, 33, -13524, 662.743, 5.937, 3.686, 0, 0, 0, 0, 300, 100, 1),
(89428, 2043, 0, 33, -13462, 699.875, 6.474, 2.788, 0, 0, 0, 0, 300, 100, 1),
(89429, 2043, 0, 33, -11584, 358.255, 45.516, 1.164, 0, 0, 0, 0, 300, 100, 1),
(89430, 2043, 0, 33, -11507, -667, 33.73, 6.074, 0, 0, 0, 0, 300, 100, 1),
(89431, 2043, 0, 33, -12428, -142, 15.216, 1.998, 0, 0, 0, 0, 300, 100, 1),
(89432, 2043, 0, 33, -11743, 47.719, 16.251, 4.38, 0, 0, 0, 0, 300, 100, 1),
(89433, 2043, 0, 33, -11750, 68.135, 30.455, 5.756, 0, 0, 0, 0, 300, 100, 1),
(89434, 2043, 0, 33, -11716, 65.876, 16.165, 1.127, 0, 0, 0, 0, 300, 100, 1),
(89435, 2043, 0, 33, -12056, -275, 18.833, 4.25, 0, 0, 0, 0, 300, 100, 1),
(89436, 2043, 0, 33, -12044, -251, 19.994, 0.634, 0, 0, 0, 0, 300, 100, 1),
(89437, 2043, 0, 33, -12431, -726, 34.349, 3.27, 0, 0, 0, 0, 300, 100, 1),
(89438, 2043, 0, 33, -11936, -182, 18.074, 0.07, 0, 0, 0.034899, 0.999391, 300, 100, 1),
(89439, 2043, 0, 33, -11827, -791, 36.078, 4.227, 0, 0, 0, 0, 300, 100, 1),
(89440, 2043, 0, 33, -12454, -715, 36.089, 3.11, 0, 0, 0, 0, 300, 100, 1),
(89441, 2043, 0, 33, -12810.7, 185.967, 17.3171, 2.40855, 0, 0, 0.93358, 0.358368, 300, 100, 1),
(89442, 2043, 0, 33, -12473, -703, 40.291, 4.549, 0, 0, 0, 0, 300, 100, 1),
(89443, 2043, 0, 33, -12751.8, 272.947, 9.70816, 0.331613, 0, 0, 0.165048, 0.986286, 300, 100, 1),
(89444, 2043, 0, 33, -11916, -813, 32.747, 4.138, 0, 0, 0, 0, 300, 100, 1),
(89445, 2043, 0, 33, -11861, -788, 31.979, 3.304, 0, 0, 0, 0, 300, 100, 1),
(89446, 2043, 0, 33, -13871.3, 661.595, 15.0183, 0.733038, 0, 0, 0.358368, 0.93358, 300, 100, 1),
(89447, 2043, 0, 33, -14184.8, 330.071, 46.021, 2.46091, 0, 0, 0.942641, 0.333808, 300, 100, 1),
(89448, 2043, 0, 33, -12838.9, 366.574, 23.6163, -1.32645, 0, 0, 0.615661, -0.788011, 300, 100, 1),
(89449, 2043, 0, 33, -13863, 692.706, 2.228, 0.066, 0, 0, 0, 0, 300, 100, 1),
(89450, 2043, 0, 33, -12613, -667, 41.928, 2.286, 0, 0, 0, 0, 300, 100, 1),
(89451, 2043, 0, 33, -11962, 268.118, 16.222, 3.593, 0, 0, 0, 0, 300, 100, 1),
(89452, 2043, 0, 33, -11774, 60.999, 22.763, 2.778, 0, 0, 0, 0, 300, 100, 1),
(89453, 2043, 0, 33, -11632, -565, 30.312, 0.588, 0, 0, 0, 0, 300, 100, 1),
(89454, 2043, 0, 33, -11609, -567, 29.715, 5.507, 0, 0, 0, 0, 300, 100, 1),
(89455, 2043, 0, 33, -11555, -571, 27.164, 3.875, 0, 0, 0, 0, 300, 100, 1),
(89456, 2043, 0, 33, -12771.2, -15.3801, 9.45094, 0.087266, 0, 0, 0.0436192, 0.999048, 300, 100, 1),
(89457, 2043, 0, 33, -12325, -975, 21.84, 5.61, 0, 0, 0, 0, 300, 100, 1),
(89458, 2043, 0, 33, -11970, -189, 16.656, 3.241, 0, 0, 0, 0, 300, 100, 1),
(89459, 2043, 0, 33, -11736.5, -268.625, 26.3078, 3.4034, 0, 0, -0.991445, 0.130528, 300, 100, 1),
(89460, 2043, 0, 33, -11666, 496.569, 43.063, 2.788, 0, 0, 0, 0, 300, 100, 1),
(89461, 2043, 0, 33, -12005, 283.945, 10.057, 2.507, 0, 0, 0, 0, 300, 100, 1),
(89462, 2043, 0, 33, -11761, 40.894, 16.21, 5.371, 0, 0, 0, 0, 300, 100, 1),
(89463, 2043, 0, 33, -11631, -160, 13.98, 4.629, 0, 0, 0, 0, 300, 100, 1),
(89464, 2043, 0, 33, -11627, -113, 17.404, 2.111, 0, 0, 0, 0, 300, 100, 1),
(89465, 2043, 0, 33, -12190, -829, 38.155, 2.286, 0, 0, 0.909961, 0.414694, 300, 100, 1),
(89466, 2043, 0, 33, -12853, -895, 55.18, 5.29, 0, 0, 0, 0, 300, 100, 1),
(89467, 2043, 0, 33, -12859, -837, 54.483, 3.569, 0, 0, 0, 0, 300, 100, 1),
(89468, 2043, 0, 33, -12842, -852, 56.548, 5.294, 0, 0, 0, 0, 300, 100, 1),
(89469, 2043, 0, 33, -11666.1, 445.798, 43.2023, 0.383972, 0, 0, 0.190809, 0.981627, 300, 100, 1),
(89470, 2043, 0, 33, -12737, -613, 44.124, 3.202, 0, 0, 0, 0, 300, 100, 1),
(89471, 2043, 0, 33, -13067, 301.395, 19.857, 5.153, 0, 0, 0, 0, 300, 100, 1),
(89472, 2043, 0, 33, -12653, -632, 44.546, 0.768, 0, 0, 0.374607, 0.927184, 300, 100, 1),
(89473, 2043, 0, 33, -11788, -225, 23.454, 6.093, 0, 0, 0, 0, 300, 100, 1),
(89474, 2043, 0, 33, -11818, 463.396, 47.554, 5.029, 0, 0, 0, 0, 300, 100, 1),
(89475, 2043, 0, 33, -13350.5, -298.82, 12.8095, 1.41372, 0, 0, 0.649448, 0.760406, 300, 100, 1),
(89476, 2043, 0, 33, -12960, -78, 15.438, 0.087, 0, 0, 0.043619, 0.999048, 300, 100, 1),
(89477, 2043, 0, 33, -12994.5, 154.965, 25.5727, 1.90241, 0, 0, 0.814116, 0.580703, 300, 100, 1),
(89478, 2043, 0, 33, -11570, 311.364, 44.936, 2.077, 0, 0, 0.861629, 0.507538, 300, 100, 1),
(89479, 2043, 0, 33, -12610, -717, 43.489, 4.463, 0, 0, 0, 0, 300, 100, 1),
(89480, 2043, 0, 33, -11605, 1011.6, 16.5357, 0.745, 0, 0, 0, 0, 300, 100, 1),
(89481, 2043, 0, 33, -13260, 495.94, 5.882, -3, 0, 0, -0.999391, 0.0349, 300, 100, 1),
(89482, 2043, 0, 33, -12560, -678, 40.588, 4.723, 0, 0, 0, 0, 300, 100, 1),
(89483, 2043, 0, 33, -12834, 351.371, 31.883, 2.653, 0, 0, 0, 0, 300, 100, 1),
(89484, 2043, 0, 33, -12852, 369.028, 31.045, 2.334, 0, 0, 0, 0, 300, 100, 1),
(89485, 2043, 0, 33, -12795, 373.495, 6.129, 2.519, 0, 0, 0, 0, 300, 100, 1),
(89486, 2043, 0, 33, -12827, 338.464, 36.545, 4.314, 0, 0, 0, 0, 300, 100, 1),
(89487, 2043, 0, 33, -12781, 351.011, 9.503, 3.424, 0, 0, 0, 0, 300, 100, 1),
(89488, 2043, 0, 33, -12760, 257.976, 6.559, 3.053, 0, 0, 0, 0, 300, 100, 1),
(89489, 2043, 0, 33, -12776, 314.152, 9.979, 1.966, 0, 0, 0, 0, 300, 100, 1),
(89490, 2043, 0, 33, -12738, 284.355, 1.468, 4.893, 0, 0, 0, 0, 300, 100, 1),
(89491, 2043, 0, 33, -12737, 252.54, 3.305, 4.618, 0, 0, 0, 0, 300, 100, 1),
(89492, 2043, 0, 33, -11607, -476, 24.577, 1.868, 0, 0, 0.803857, 0.594823, 300, 100, 1),
(89493, 2043, 0, 33, -12960, -856, 71.844, -2, 0, 0, -0.681998, 0.731354, 300, 100, 1),
(89494, 2043, 0, 33, -11680, -98, 18.271, -3, 0, 0, -0.991445, 0.130526, 300, 100, 1),
(89495, 2043, 0, 33, -12404, -228, 16.442, 4.257, 0, 0, 0, 0, 300, 100, 1),
(89496, 2043, 0, 33, -13008, -807, 71.437, 0.687, 0, 0, 0, 0, 300, 100, 1),
(89497, 2043, 0, 33, -12962, -838, 71.118, 4.752, 0, 0, 0, 0, 300, 100, 1),
(89498, 2043, 0, 33, -12001, -579, 13.384, 2.944, 0, 0, 0, 0, 300, 100, 1),
(89499, 2043, 0, 33, -11678, 192.432, 42.034, 5.088, 0, 0, 0, 0, 300, 100, 1),
(89500, 2043, 0, 33, -12380, -962, 15.617, 4.271, 0, 0, 0, 0, 300, 100, 1),
(89501, 2043, 0, 33, -11946, 297.208, 20.838, 0, 0, 0, -0.241922, 0.970296, 300, 100, 1),
(89502, 2043, 0, 33, -11605, -117, 15.379, 3.498, 0, 0, 0, 0, 300, 100, 1),
(89503, 2043, 0, 33, -11767, 157.736, 21.292, -3, 0, 0, -0.979925, 0.199368, 300, 100, 1),
(89504, 2043, 0, 33, -11582, -543, 30.74, 0.692, 0, 0, 0, 0, 300, 100, 1),
(89505, 2043, 0, 33, -12438, -742.859, 37.5079, 5.61996, 0, 0, -0.325567, 0.945519, 300, 100, 1),
(89506, 2043, 0, 33, -11750, 639.246, 50.747, 1.222, 0, 0, 0.573576, 0.819152, 300, 100, 1),
(89507, 2043, 0, 33, -11645.2, 212.943, 40.8252, -0.767945, 0, 0, 0.374607, -0.927184, 300, 100, 1),
(89508, 2043, 0, 33, -13060, -64, 26.627, 2.622, 0, 0, 0, 0, 300, 100, 1),
(89509, 2043, 0, 33, -12867, 451.96, 9.1, 3.832, 0, 0, 0, 0, 300, 100, 1),
(89510, 2043, 0, 33, -12936, 497.713, 7.935, 2.475, 0, 0, 0, 0, 300, 100, 1),
(89511, 2043, 0, 33, -12956, 432.891, 22.956, 0.379, 0, 0, 0, 0, 300, 100, 1),
(89512, 2043, 0, 33, -13001, 372.745, 21.69, 4.092, 0, 0, 0, 0, 300, 100, 1),
(89513, 2043, 0, 33, -13068, 356.75, 18.909, 3.506, 0, 0, 0, 0, 300, 100, 1),
(89514, 2043, 0, 33, -11502, -656, 32.105, -1, 0, 0, -0.350207, 0.936672, 300, 100, 1),
(89515, 2043, 0, 33, -11895.1, -238.187, 18.641, 5.91667, 0, 0, -0.182235, 0.983255, 300, 100, 1),
(89516, 2043, 0, 33, -11836, 447.294, 47.081, 0.262, 0, 0, 0, 0, 300, 100, 1),
(89517, 2043, 0, 33, -11869, -615, 15.706, 0.425, 0, 0, 0, 0, 300, 100, 1),
(89518, 2043, 0, 33, -12535.2, -34.5063, 22.1414, 0.139624, 0, 0, 0.0697556, 0.997564, 300, 100, 1),
(89519, 2043, 0, 33, -11919, -256, 18.593, 3.159, 0, 0, 0, 0, 300, 100, 1),
(89520, 2043, 0, 33, -13846, 542.407, 46.398, 3.426, 0, 0, 0, 0, 300, 100, 1),
(89521, 2043, 0, 33, -13682, 581.745, 9.482, 3.662, 0, 0, 0, 0, 300, 100, 1),
(89522, 2043, 0, 33, -12782, 109.495, 11.586, -1, 0, 0, -0.284016, 0.95882, 300, 100, 1),
(89523, 2043, 0, 33, -12361, 104.972, 5.839, 3.319, 0, 0, 0, 0, 300, 100, 1),
(89524, 2043, 0, 33, -12030, -245, 22.347, 3.609, 0, 0, 0, 0, 300, 100, 1),
(89525, 2043, 0, 33, -12287, 121.116, 5.173, 4.91, 0, 0, 0, 0, 300, 100, 1),
(89526, 2043, 0, 33, -12038, 316.81, 4.484, 2.351, 0, 0, 0, 0, 300, 100, 1),
(89527, 2043, 0, 33, -12881, -504, 50.323, 5.097, 0, 0, 0, 0, 300, 100, 1),
(89528, 2043, 0, 33, -12890, -501, 47.774, 3.41, 0, 0, 0, 0, 300, 100, 1),
(89529, 2043, 0, 33, -12076, -277, 17.907, 1.344, 0, 0, 0.622515, 0.782608, 300, 100, 1),
(89530, 2043, 0, 33, -11809.3, 444.485, 49.6407, 3.47321, 0, 0, -0.986285, 0.16505, 300, 100, 1),
(89531, 2043, 0, 33, -11820, -202, 19.966, 1.204, 0, 0, 0, 0, 300, 100, 1),
(89532, 2043, 0, 33, -11791, -276, 19.158, 3.018, 0, 0, 0, 0, 300, 100, 1),
(89533, 2043, 0, 33, -12005, -246, 21.419, 4.268, 0, 0, 0, 0, 300, 100, 1),
(89534, 2046, 0, 33, -11875, 81.134, 19.283, 5.913, 0, 0, 0, 0, 300, 100, 1),
(89535, 2046, 0, 33, -11989, -302, 35.494, 2.985, 0, 0, 0.996917, 0.078459, 300, 100, 1),
(89536, 2046, 0, 33, -13370, 33.024, 19.854, 0.032, 0, 0, 0, 0, 300, 100, 1),
(89537, 2046, 0, 33, -13053, -293, 10.694, -2, 0, 0, -0.700909, 0.71325, 300, 100, 1),
(89538, 2046, 0, 33, -12426, -816, 42.202, 3.546, 0, 0, 0, 0, 300, 100, 1),
(89539, 2046, 0, 33, -13101, -214, -3, 4.325, 0, 0, 0, 0, 300, 100, 1),
(89540, 2046, 0, 33, -13112, -174, 0, 0.669, 0, 0, 0, 0, 300, 100, 1),
(89541, 2046, 0, 33, -12975, -22.989, 23.6862, -2.75762, 0, 0, 0.981627, -0.190809, 300, 100, 1),
(89542, 2046, 0, 33, -12422, -698, 33.605, 1.414, 0, 0, 0.649448, 0.760406, 300, 100, 1),
(89543, 2046, 0, 33, -13173, -169, 5.842, 1.195, 0, 0, 0, 0, 300, 100, 1),
(89544, 2046, 0, 33, -13099, -223, -3, 3.19, 0, 0, 0, 0, 300, 100, 1),
(89545, 2046, 0, 33, -12832, -261, 11.249, 1.215, 0, 0, 0, 0, 300, 100, 1),
(89546, 2046, 0, 33, -11968, -263, 19.39, 2.407, 0, 0, 0, 0, 300, 100, 1),
(89547, 2046, 0, 33, -12706, -722, 67.732, 0.827, 0, 0, 0, 0, 300, 100, 1),
(89548, 2046, 0, 33, -12588, -834, 55.666, 3.366, 0, 0, 0, 0, 300, 100, 1),
(89549, 2046, 0, 33, -12593, -833, 55.941, 4.457, 0, 0, 0, 0, 300, 100, 1),
(89550, 2046, 0, 33, -12641, -821, 57.398, 2.651, 0, 0, 0, 0, 300, 100, 1),
(89551, 2046, 0, 33, -12641, -814, 57.78, 2.278, 0, 0, 0, 0, 300, 100, 1),
(89552, 2046, 0, 33, -12696, -818, 61.475, 2.488, 0, 0, 0, 0, 300, 100, 1),
(89553, 2046, 0, 33, -12606, -479, 33.85, 1.144, 0, 0, 0, 0, 300, 100, 1),
(89554, 2046, 0, 33, -12064, -892, 60.63, 0.471, 0, 0, 0.233445, 0.97237, 300, 100, 1),
(89555, 2046, 0, 33, -13051.7, 164.205, 40.8736, 5.21854, 0, 0, -0.507538, 0.861629, 300, 100, 1),
(89556, 2046, 0, 33, -13073, -752, 89.379, -1, 0, 0, -0.333807, 0.942641, 300, 100, 1),
(89557, 2046, 0, 33, -12497, -817, 41.792, 2.753, 0, 0, 0, 0, 300, 100, 1),
(89558, 2046, 0, 33, -12470, -812, 40.54, 2.647, 0, 0, 0, 0, 300, 100, 1),
(89559, 2046, 0, 33, -13945, 51.475, 15.594, 2.622, 0, 0, 0, 0, 300, 100, 1),
(89560, 2046, 0, 33, -13805.8, 72.4364, 37.9915, -1.67552, 0, 0, 0.743145, -0.669131, 300, 100, 1),
(89561, 2046, 0, 33, -12267, -98, 36.652, 4.452, 0, 0, 0, 0, 300, 100, 1),
(89562, 2046, 0, 33, -12657.1, -45.3199, 23.7914, 5.25344, 0, 0, -0.492423, 0.870356, 300, 100, 1),
(89563, 2046, 0, 33, -12648.8, -938.825, 65.6106, -1.67552, 0, 0, 0.743145, -0.669131, 300, 100, 1),
(89564, 2046, 0, 33, -12233, -829, 37.736, 1.204, 0, 0, 0.566406, 0.824126, 300, 100, 1),
(89565, 2046, 0, 33, -11663, -567, 33.301, 4.219, 0, 0, 0, 0, 300, 100, 1),
(89566, 2046, 0, 33, -11747, -485, 18.451, 3.087, 0, 0, 0, 0, 300, 100, 1),
(89567, 2046, 0, 33, -11667, -573, 32.1939, 5.44, 0, 0, 0, 0, 300, 100, 1),
(89568, 2046, 0, 33, -12102, 182.104, 20.303, 4.721, 0, 0, 0, 0, 300, 100, 1),
(89569, 2046, 0, 33, -12054, 328.296, 4.122, 0.24, 0, 0, 0, 0, 300, 100, 1),
(89570, 2046, 0, 33, -12051, 319.214, 4.255, 1.909, 0, 0, 0, 0, 300, 100, 1),
(89571, 2046, 0, 33, -12042, 321.132, 4.484, 2.177, 0, 0, 0, 0, 300, 100, 1),
(89572, 2046, 0, 33, -13619, 116.512, 24.947, 2.165, 0, 0, 0, 0, 300, 100, 1),
(89573, 2046, 0, 33, -13519, 100.304, 25.259, 0.873, 0, 0, 0, 0, 300, 100, 1),
(89574, 2046, 0, 33, -13165, -169, 4.746, 2.868, 0, 0, 0, 0, 300, 100, 1),
(89575, 2046, 0, 33, -12978, 111.306, 38.339, -2, 0, 0, -0.843391, 0.5373, 300, 100, 1),
(89576, 2046, 0, 33, -11510, 362.188, 55.826, -2.82743, 0, 0, 0.987688, -0.156434, 300, 100, 1),
(89577, 2046, 0, 33, -11599, -574, 28.788, 3.594, 0, 0, 0, 0, 300, 100, 1),
(89578, 2046, 0, 33, -11563, -542, 30.821, 2.711, 0, 0, 0, 0, 300, 100, 1),
(89579, 2046, 0, 33, -13942, 15.756, 20.569, 0, 0, 0, -0.147809, 0.989016, 300, 100, 1),
(89580, 2046, 0, 33, -12987.7, 316.323, 31.1341, 4.69494, 0, 0, -0.71325, 0.70091, 300, 100, 1),
(89581, 2046, 0, 33, -12477.6, -1001.09, 50.1286, -0.10472, 0, 0, 0.052336, -0.99863, 300, 100, 1),
(89582, 2046, 0, 33, -12671, -773, 62.211, 4.577, 0, 0, 0, 0, 300, 100, 1),
(89583, 2046, 0, 33, -13136, -199, -4, 3.453, 0, 0, 0, 0, 300, 100, 1),
(89584, 2046, 0, 33, -13142, -202, -3, 2.432, 0, 0, 0, 0, 300, 100, 1),
(89585, 2046, 0, 33, -12243, -270, 20.773, 5.689, 0, 0, 0, 0, 300, 100, 1),
(89586, 2046, 0, 33, -12489, -135, 14.177, -1, 0, 0, 0.333807, -0.942641, 300, 100, 1),
(89587, 2046, 0, 33, -12978, -792, 67.761, 2.409, 0, 0, 0.93358, 0.358368, 300, 100, 1),
(89588, 2046, 0, 33, -12609, -364, 15.302, 2.243, 0, 0, 0, 0, 300, 100, 1),
(89589, 2046, 0, 33, -12801.3, -242.125, 22.9495, 6.16101, 0, 0, -0.0610485, 0.998135, 300, 100, 1),
(89590, 2046, 0, 33, -11799.2, -447.954, 37.2924, -0.331612, 0, 0, 0.165048, -0.986286, 300, 100, 1),
(89591, 2046, 0, 33, -12225, -569, 30.347, 4.921, 0, 0, 0, 0, 300, 100, 1),
(89592, 2046, 0, 33, -12603, -356, 18.047, 2.067, 0, 0, 0, 0, 300, 100, 1),
(89593, 2046, 0, 33, -13439, 112.567, 22.782, 2.66, 0, 0, 0, 0, 300, 100, 1),
(89594, 2046, 0, 33, -12963, -222, -6, 1.851, 0, 0, 0, 0, 300, 100, 1),
(89595, 2046, 0, 33, -13885, 102.172, 15.0596, 2.673, 0, 0, 0, 0, 300, 100, 1),
(89596, 2046, 0, 33, -12745, -344, 14.97, 3.131, 0, 0, 0, 0, 300, 100, 1),
(89597, 2046, 0, 33, -12460, -123, 14.863, -1, 0, 0, -0.333807, 0.942641, 300, 100, 1),
(89598, 2046, 0, 33, -12695, -537, 33.678, 1.658, 0, 0, 0, 0, 300, 100, 1),
(89599, 2046, 0, 33, -12735, -594, 42.489, 1.018, 0, 0, 0, 0, 300, 100, 1),
(89600, 2046, 0, 33, -12389, -758, 32.497, 2.309, 0, 0, 0, 0, 300, 100, 1),
(89601, 2046, 0, 33, -12391, -753, 32.414, 3.04, 0, 0, 0, 0, 300, 100, 1),
(89602, 2046, 0, 33, -12687, -540, 33.043, 1.391, 0, 0, 0, 0, 300, 100, 1),
(89603, 2046, 0, 33, -12641, -515, 32.724, 0.637, 0, 0, 0, 0, 300, 100, 1),
(89604, 2046, 0, 33, -12397, -771, 33.29, 2.671, 0, 0, 0, 0, 300, 100, 1),
(89605, 2046, 0, 33, -11838, 350.642, 43.209, 1.1, 0, 0, 0.522498, 0.85264, 300, 100, 1),
(89606, 2046, 0, 33, -13881, 111.266, 14.494, 2.861, 0, 0, 0, 0, 300, 100, 1),
(89607, 2046, 0, 33, -13762, 121.807, 23.489, 4.001, 0, 0, 0, 0, 300, 100, 1),
(89608, 2046, 0, 33, -13756, 121.138, 23.304, 3.663, 0, 0, 0, 0, 300, 100, 1),
(89609, 2046, 0, 33, -13676, 101.208, 19.525, 3.915, 0, 0, 0, 0, 300, 100, 1),
(89610, 2046, 0, 33, -12673, -341, 15.791, 2.243, 0, 0, 0, 0, 300, 100, 1),
(89611, 2046, 0, 33, -12670, -349, 15.063, 2.636, 0, 0, 0, 0, 300, 100, 1),
(89612, 2046, 0, 33, -13680, 105.842, 19.821, 3.569, 0, 0, 0, 0, 300, 100, 1),
(89613, 2046, 0, 33, -12742, -351, 11.799, 1.548, 0, 0, 0, 0, 300, 100, 1),
(89614, 2046, 0, 33, -13623, 128.091, 23.625, 3.838, 0, 0, 0, 0, 300, 100, 1),
(89615, 2046, 0, 33, -13138, -192, -3, 3.669, 0, 0, 0, 0, 300, 100, 1),
(89616, 2046, 0, 33, -13106, -176, -2, 0.625, 0, 0, 0, 0, 300, 100, 1),
(89617, 2046, 0, 33, -12885, -876, 56.244, 3.564, 0, 0, 0, 0, 300, 100, 1),
(89618, 2046, 0, 33, -12852, -868, 58.813, 0.398, 0, 0, 0, 0, 300, 100, 1),
(89619, 2046, 0, 33, -12200.4, -102.249, 29.2303, 3.76991, 0, 0, -0.951056, 0.309017, 300, 100, 1),
(89620, 2046, 0, 33, -12430, -947, 42.411, 2.443, 0, 0, 0.939693, 0.34202, 300, 100, 1),
(89621, 2046, 0, 33, -12020, -155.049, 41.7223, 6.14356, 0, 0, -0.0697556, 0.997564, 300, 100, 1),
(89622, 2046, 0, 33, -11875, 88.499, 20.333, 5.909, 0, 0, 0, 0, 300, 100, 1),
(89623, 2046, 0, 33, -12731, -912, 67.733, 0, 0, 0, 0, 0, 300, 100, 1),
(89624, 2046, 0, 33, -11977, -264, 23.327, 1.995, 0, 0, 0, 0, 300, 100, 1),
(89625, 2046, 0, 33, -13232, -32, 18.552, 0.987, 0, 0, 0, 0, 300, 100, 1),
(89626, 2046, 0, 33, -13302, 62.531, 20.064, 0.995, 0, 0, 0, 0, 300, 100, 1),
(89627, 2046, 0, 33, -12742, -827, 65.845, 3.736, 0, 0, 0, 0, 300, 100, 1),
(89628, 2046, 0, 33, -12842.6, -529.612, 61.5598, 1.48353, 0, 0, 0.67559, 0.737277, 300, 100, 1),
(89629, 2046, 0, 33, -12958, -221, -4, 1.933, 0, 0, 0, 0, 300, 100, 1),
(89630, 2046, 0, 33, -12904, -287, 9.386, 4.45, 0, 0, 0, 0, 300, 100, 1),
(89631, 2046, 0, 33, -12890, -293, 10.081, 5.165, 0, 0, 0, 0, 300, 100, 1),
(89632, 2046, 0, 33, -12806, -294, 16.262, 1.788, 0, 0, 0, 0, 300, 100, 1),
(89633, 2046, 0, 33, -12765, -346, 15.065, 6.229, 0, 0, 0, 0, 300, 100, 1),
(89634, 2046, 0, 33, -12841, -357, 16.332, 2.228, 0, 0, 0, 0, 300, 100, 1),
(89635, 2046, 0, 33, -12834, -354, 16.401, 2.73, 0, 0, 0, 0, 300, 100, 1),
(89636, 2046, 0, 33, -12864, -387, 14.276, 4.509, 0, 0, 0, 0, 300, 100, 1),
(89637, 2046, 0, 33, -12965, -640, 53.289, 1.501, 0, 0, 0.681998, 0.731354, 300, 100, 1),
(89638, 2046, 0, 33, -11552, -542, 32.91, 1.552, 0, 0, 0, 0, 300, 100, 1),
(89639, 2046, 0, 33, -12542, -433, 33.765, 0.017, 0, 0, 0.008726, 0.999962, 300, 100, 1),
(89640, 2046, 0, 33, -12837, -260, 10.435, 1.336, 0, 0, 0, 0, 300, 100, 1),
(89641, 2046, 0, 33, -12865, -238, 11.421, 2.483, 0, 0, 0, 0, 300, 100, 1),
(89642, 2046, 0, 33, -12705, -323, 13.749, 2.232, 0, 0, 0, 0, 300, 100, 1),
(89643, 2046, 0, 33, -12711, -321, 14.472, 1.972, 0, 0, 0, 0, 300, 100, 1),
(89644, 2046, 0, 33, -13513, 99.763, 25.019, 2.514, 0, 0, 0, 0, 300, 100, 1),
(89645, 2046, 0, 33, -12643, -509, 32.277, 0.492, 0, 0, 0, 0, 300, 100, 1),
(89646, 2046, 0, 33, -12947, 386.115, 32.729, -3, 0, 0, -0.968148, 0.25038, 300, 100, 1),
(89647, 2046, 0, 33, -12751, -685, 64.588, 1.773, 0, 0, 0, 0, 300, 100, 1),
(89648, 2046, 0, 33, -12798, -608, 67.097, 2.052, 0, 0, 0, 0, 300, 100, 1),
(89649, 2046, 0, 33, -12749, -729, 66.957, 3.403, 0, 0, 0, 0, 300, 100, 1),
(89650, 2046, 0, 33, -12624, -274.663, 27.0946, 0.855211, 0, 0, 0.414693, 0.909961, 300, 100, 1),
(89651, 2046, 0, 33, -13459.8, 177.503, 45.573, -0.523599, 0, 0, 0.258819, -0.965926, 300, 100, 1),
(89652, 2046, 0, 33, -11690, 988.163, 5.745, 5.575, 0, 0, 0, 0, 300, 100, 1),
(89653, 2046, 0, 33, -12759, -781, 62.495, 2.685, 0, 0, 0, 0, 300, 100, 1),
(89654, 2046, 0, 33, -12764, -784, 62.972, 2.767, 0, 0, 0, 0, 300, 100, 1),
(89655, 2046, 0, 33, -11602.6, 621.821, 50.7443, 3.31614, 0, 0, -0.996194, 0.087165, 300, 100, 1),
(89656, 2046, 0, 33, -12021, 326.582, 3.439, 0, 0, 0, -0.233445, 0.97237, 300, 100, 1),
(89657, 2046, 0, 33, -13322.3, -30.7243, 21.0645, 4.36332, 0, 0, -0.819152, 0.573577, 300, 100, 1),
(89658, 2046, 0, 33, -12990, -262, -2, 4.27, 0, 0, 0, 0, 300, 100, 1),
(89659, 2046, 0, 33, -12990, -269, -3, 3.614, 0, 0, 0, 0, 300, 100, 1),
(89660, 2046, 0, 33, -13065, -169, -2, 2.887, 0, 0, 0, 0, 300, 100, 1),
(89661, 2046, 0, 33, -13069, -174, -2, 2.789, 0, 0, 0, 0, 300, 100, 1),
(89662, 2046, 0, 33, -11663, 439.414, 43.251, 3.114, 0, 0, 0, 0, 300, 100, 1),
(89663, 2046, 0, 33, -11511, 374.162, 49.494, 6.213, 0, 0, 0, 0, 300, 100, 1),
(89664, 2046, 0, 33, -13280, -411, 13.138, 0.838, 0, 0, 0.406737, 0.913545, 300, 100, 1),
(89665, 2046, 0, 33, -12711, -488, 29.8, -1, 0, 0, -0.507538, 0.861629, 300, 100, 1),
(89666, 2046, 0, 33, -12975, -293, 12.738, 2.705, 0, 0, 0.976296, 0.21644, 300, 100, 1),
(89667, 2046, 0, 33, -12429, -812, 42.1461, 3.915, 0, 0, 0, 0, 300, 100, 1),
(89668, 2046, 0, 33, -12610, -475, 34.772, 0.912, 0, 0, 0, 0, 300, 100, 1),
(89669, 2046, 0, 33, -12681, -773, 63.066, 5.614, 0, 0, 0, 0, 300, 100, 1),
(89670, 2046, 0, 33, -11872.6, 185.119, 22.6955, 2.80998, 0, 0, 0.986285, 0.16505, 300, 100, 1),
(89671, 2046, 0, 33, -12745, -840, 64.988, 2.601, 0, 0, 0, 0, 300, 100, 1),
(89672, 2046, 0, 33, -14100, 169.757, 25.341, -1, 0, 0, -0.62932, 0.777146, 300, 100, 1),
(89673, 2046, 0, 33, -12639, -404, 19.762, 4.399, 0, 0, 0, 0, 300, 100, 1),
(89674, 2046, 0, 33, -12433, -821, 43.527, 1.52, 0, 0, 0, 0, 300, 100, 1),
(89675, 2046, 0, 33, -12633, -412, 21.321, 0.794, 0, 0, 0, 0, 300, 100, 1),
(89676, 2046, 0, 33, -12504, -828, 42.1, 2.325, 0, 0, 0, 0, 300, 100, 1),
(89677, 2046, 0, 33, -13427.6, 603.917, 42.9791, 3.57793, 0, 0, -0.976295, 0.216442, 300, 100, 1),
(89678, 2041, 0, 33, -13985.5, 368.891, 29.6164, 6.03884, 0, 0, -0.121869, 0.992546, 300, 255, 1),
(89679, 1623, 0, 33, -13503.1, 499.977, 97.5067, -0.279253, 0, 0, 0.139173, -0.990268, 300, 100, 1),
(89680, 1623, 0, 33, -12627.1, -1066.73, 105.099, -2.19912, 0, 0, 0.891007, -0.45399, 300, 100, 1),
(89681, 1623, 0, 33, -11417.3, 73.6493, 45.8371, -1.32645, 0, 0, 0.615661, -0.788011, 300, 100, 1),
(89682, 1623, 0, 33, -12419.4, -1021.29, 59.8649, -0.942478, 0, 0, 0.453991, -0.891006, 300, 100, 1),
(89683, 2041, 0, 33, -12109.9, -1.04047, 2.90685, 1.53589, 0, 0, 0.694658, 0.71934, 300, 100, 1),
(89684, 2043, 0, 33, -14765.2, -405.041, 6.56563, -1.90241, 0, 0, 0.814116, -0.580703, 300, 100, 1),
(89685, 2042, 0, 33, -13306.8, -363.942, 12.7775, 1.44862, 0, 0, 0.66262, 0.748956, 300, 100, 1),
(89686, 2041, 0, 33, -14242.5, -8.0013, 12.1939, -2.58309, 0, 0, 0.961262, -0.275637, 300, 100, 1),
(89687, 1624, 0, 33, -14566.9, -383.13, 6.86567, -0.349066, 0, 0, 0.173648, -0.984808, 300, 100, 1),
(89688, 2041, 0, 33, -13549, 433.35, 76.8176, 1.65806, 0, 0, 0.737277, 0.67559, 300, 100, 1),
(89689, 1623, 0, 33, -11545.9, -934.642, 93.8509, 1.25664, 0, 0, 0.587785, 0.809017, 300, 100, 1),
(89690, 1624, 0, 33, -11692.4, -818.605, 35.9212, 1.78024, 0, 0, 0.777146, 0.62932, 300, 100, 1),
(89691, 1623, 0, 33, -13897, -53.9225, 37.2028, -2.54818, 0, 0, 0.956305, -0.292372, 300, 100, 1),
(89692, 1623, 0, 33, -11590.7, 522.34, 73.487, 1.91986, 0, 0, 0.819152, 0.573576, 300, 100, 1),
(89693, 2041, 0, 33, -11516.4, 712.065, 61.4073, -0.628319, 0, 0, 0.309017, -0.951056, 300, 100, 1),
(89694, 2046, 0, 33, -13100.4, -612.79, 88.3503, 2.09439, 0, 0, 0.866025, 0.5, 300, 100, 1),
(89695, 142140, 0, 33, -11688.4, 529.068, 50.7798, 1.01229, 0, 0, 0.48481, 0.87462, 300, 100, 1),
(89696, 2042, 0, 33, -11804.2, 493.54, 43.9985, 3.07178, 0, 0, 0.999391, 0.034899, 300, 100, 1),
(89697, 1623, 0, 33, -13911.6, 469.115, 94.4021, 2.02458, 0, 0, 0.848048, 0.529919, 300, 100, 1),
(89698, 2046, 0, 33, -13681.5, -318.118, 7.24038, 0.802851, 0, 0, 0.390731, 0.920505, 300, 100, 1),
(89699, 2043, 0, 33, -12658, -885.355, 53.9736, -0.366519, 0, 0, 0.182236, -0.983255, 300, 100, 1),
(89700, 142140, 0, 33, -12520.1, -720.779, 41.0812, -0.191986, 0, 0, 0.095846, -0.995396, 300, 100, 1),
(89701, 2046, 0, 33, -12813.8, -754.481, 77.9147, -2.49582, 0, 0, 0.948324, -0.317305, 300, 100, 1),
(89702, 2043, 0, 33, -13643.1, 268.088, 41.9304, 1.53589, 0, 0, 0.694658, 0.71934, 300, 100, 1),
(89703, 2043, 0, 33, -13446.8, 635.893, 9.43585, 2.44346, 0, 0, 0.939693, 0.34202, 300, 100, 1),
(89704, 2046, 0, 33, -12884.4, -491.262, 49.1285, 1.5708, 0, 0, 0.707107, 0.707107, 300, 100, 1),
(89705, 1624, 0, 33, -13281.7, -347.058, 13.1503, -0.715585, 0, 0, 0.350207, -0.936672, 300, 100, 1),
(89706, 2043, 0, 33, -11842.4, 705.923, 46.2934, 2.82743, 0, 0, 0.987688, 0.156434, 300, 100, 1),
(89707, 2043, 0, 33, -12764.5, -827.737, 67.7284, -0.593412, 0, 0, 0.292372, -0.956305, 300, 100, 1),
(89708, 1623, 0, 33, -11866.5, 683.015, 47.0637, 4.71239, 0, 0, 0.707107, -0.707107, 300, 100, 1),
(89709, 1624, 0, 33, -12288.7, -59.579, 31.1542, 1.93731, 0, 0, 0.824126, 0.566406, 300, 100, 1),
(89710, 2046, 0, 33, -12408.4, -822.869, 45.1533, 2.75762, 0, 0, 0.981627, 0.190809, 300, 100, 1),
(89711, 1623, 0, 33, -12295.8, -965.046, 45.7216, 0.087266, 0, 0, 0.043619, 0.999048, 300, 100, 1),
(89712, 2046, 0, 33, -12034.3, -972.064, 59.7587, -2.86234, 0, 0, 0.990268, -0.139173, 300, 100, 1),
(89713, 1624, 0, 33, -11857.8, 594.567, 44.3529, -2.00713, 0, 0, 0.843391, -0.5373, 300, 100, 1),
(89714, 2043, 0, 33, -12498.2, -898.21, 38.9075, -1.97222, 0, 0, 0.833886, -0.551937, 300, 100, 1),
(89715, 2046, 0, 33, -12748, -159.764, 34.2873, 0.680678, 0, 0, 0.333807, 0.942641, 300, 100, 1),
(89716, 1624, 0, 33, -13943.9, 110.947, 15.0784, -0.698132, 0, 0, 0.34202, -0.939693, 300, 100, 1),
(89717, 1624, 0, 33, -12839.6, 32.787, 12.9821, -0.628319, 0, 0, 0.309017, -0.951056, 300, 100, 1),
(89718, 1624, 0, 33, -12625.6, -218.491, 38.2297, -2.14675, 0, 0, 0.878817, -0.477159, 300, 100, 1),
(89719, 1624, 0, 33, -12365.9, -400.14, 15.1994, 1.64061, 0, 0, 0.731354, 0.681998, 300, 100, 1),
(89720, 1624, 0, 33, -11648, 38.4331, 19.1429, 1.76278, 0, 0, 0.771625, 0.636078, 300, 100, 1),
(89721, 142140, 0, 33, -12903, -866, 70.009, 0.925, 0, 0, 0.446198, 0.894934, 300, 100, 1),
(89722, 142140, 0, 33, -12563, -745.924, 39.8806, 5.65487, 0, 0, -0.309016, 0.951057, 300, 100, 1),
(89723, 142140, 0, 33, -13019.6, -817.41, 70.1968, -0.087267, 0, 0, 0.04362, -0.999048, 300, 100, 1),
(89724, 142140, 0, 33, -11671, 717.319, 50.567, 1.239, 0, 0, 0.580703, 0.814115, 300, 100, 1),
(89725, 142140, 0, 33, -13008, -718, 55.361, -1, 0, 0, -0.469471, 0.882948, 300, 100, 1),
(89726, 142140, 0, 33, -13873, 419.867, 93.284, 2.985, 0, 0, 0.996917, 0.078459, 300, 100, 1),
(89727, 142140, 0, 33, -11839, 87.331, 17.396, 0, 0, 0, -0.087156, 0.996195, 300, 100, 1),
(89728, 142140, 0, 33, -12440, -168, 14.897, -1, 0, 0, -0.350207, 0.936672, 300, 100, 1),
(89729, 142140, 0, 33, -12857, -623.628, 55.9314, 0.994838, 0, 0, 0.477159, 0.878817, 300, 100, 1),
(89730, 2042, 0, 33, -11924.6, -177.015, 17.2601, 2.96704, 0, 0, 0.996194, 0.087165, 300, 100, 1),
(89731, 2042, 0, 33, -11555.8, -652.515, 31.7594, 5.65487, 0, 0, -0.309016, 0.951057, 300, 100, 1),
(89732, 2042, 0, 33, -11669.9, 776.653, 50.7218, 0.95993, 0, 0, 0.461748, 0.887011, 300, 100, 1),
(89733, 2046, 0, 33, -12652.4, -763.995, 57.6516, 5.044, 0, 0, -0.580703, 0.814116, 300, 100, 1),
(89734, 2046, 0, 33, -12034.3, 138.011, 18.8933, 4.50295, 0, 0, -0.777145, 0.629321, 300, 100, 1),
(89735, 2046, 0, 33, -12773.8, -215.173, 37.9271, 0.0698117, 0, 0, 0.0348988, 0.999391, 300, 100, 1),
(89736, 2046, 0, 33, -13646.9, 350.781, 50.8679, 6.17847, 0, 0, -0.0523357, 0.99863, 300, 100, 1),
(89737, 2046, 0, 33, -12165.6, -532.823, 31.4166, 2.26893, 0, 0, 0.906307, 0.422619, 300, 100, 1),
(89738, 2046, 0, 33, -12520.5, -719.582, 40.9531, 0.820303, 0, 0, 0.398748, 0.91706, 300, 100, 1),
(89739, 2043, 0, 33, -11723.3, 212.219, 41.4537, 1.64061, 0, 0, 0.731353, 0.681999, 300, 100, 1),
(89740, 2043, 0, 33, -12681.5, -121.948, 15.3385, 4.7473, 0, 0, -0.694658, 0.71934, 300, 100, 1),
(89741, 2043, 0, 33, -12732.6, -594.734, 42.1949, 5.53269, 0, 0, -0.366501, 0.930418, 300, 100, 1),
(89742, 2043, 0, 33, -13699.8, 511.229, 38.8513, 6.21337, 0, 0, -0.0348988, 0.999391, 300, 100, 1),
(89743, 2043, 0, 33, -11793.7, 70.5265, 24.8554, 2.00713, 0, 0, 0.843391, 0.5373, 300, 100, 1),
(89744, 2043, 0, 33, -12362.9, -191.168, 22.3143, 4.7822, 0, 0, -0.681998, 0.731354, 300, 100, 1),
(89745, 2043, 0, 33, -11608.4, -581.081, 27.9593, 4.90438, 0, 0, -0.636078, 0.771625, 300, 100, 1),
(89746, 2043, 0, 33, -11548.4, 843.898, 23.3085, 2.47837, 0, 0, 0.945518, 0.325568, 300, 100, 1),
(89747, 2043, 0, 33, -12497.6, -818.028, 41.9242, 4.88692, 0, 0, -0.642787, 0.766045, 300, 100, 1),
(89748, 2043, 0, 33, -12841.2, 97.749, 19.3022, 5.46288, 0, 0, -0.398748, 0.91706, 300, 100, 1),
(89749, 1624, 0, 33, -12395.4, -141.24, 15.1016, 2.77507, 0, 0, 0.983254, 0.182238, 300, 100, 1),
(89750, 1624, 0, 33, -13428.5, 669.158, 9.00704, 4.53786, 0, 0, -0.766044, 0.642789, 300, 100, 1),
(89751, 1624, 0, 33, -12670.5, -845.013, 53.1218, 6.02139, 0, 0, -0.130526, 0.991445, 300, 100, 1),
(89752, 1624, 0, 33, -11801.7, 401.433, 44.6777, 4.15388, 0, 0, -0.874619, 0.48481, 300, 100, 1),
(89753, 1624, 0, 33, -12248.2, -674.489, 13.2555, 0.331611, 0, 0, 0.165047, 0.986286, 300, 100, 1),
(89754, 1624, 0, 33, -12786.9, -108.016, 4.81024, 4.93928, 0, 0, -0.622514, 0.782609, 300, 100, 1),
(89755, 1624, 0, 33, -11969.3, 117.251, 10.1975, 0.663223, 0, 0, 0.325567, 0.945519, 300, 100, 1),
(89756, 1624, 0, 33, -12200.6, 139.857, 18.0954, 3.01941, 0, 0, 0.998135, 0.0610518, 300, 100, 1),
(89757, 1624, 0, 33, -12147.8, -712.958, 17.1765, 0.209439, 0, 0, 0.104528, 0.994522, 300, 100, 1),
(89758, 1624, 0, 33, -11871.1, -181.152, 16.7947, 1.23918, 0, 0, 0.580703, 0.814116, 300, 100, 1),
(89759, 1624, 0, 33, -12081.5, -745.165, 12.3231, 2.54818, 0, 0, 0.956305, 0.292372, 300, 100, 1),
(89760, 142140, 0, 33, -12469, -182.317, 14.5772, 5.5676, 0, 0, -0.350207, 0.936672, 300, 100, 1),
(89761, 142140, 0, 33, -11686.2, 723.244, 50.6623, 1.23918, 0, 0, 0.580703, 0.814116, 300, 100, 1),
(89762, 142140, 0, 33, -12162.9, -0.86122, -5.06293, 3.38594, 0, 0, -0.992546, 0.12187, 300, 100, 1),
(89763, 142140, 0, 33, -12832.5, -756.565, 76.742, 5.84685, 0, 0, -0.216439, 0.976296, 300, 100, 1),
(89764, 1623, 0, 33, -13023.6, -954.967, 104.673, 4.93928, 0, 0, -0.622514, 0.782609, 300, 100, 1),
(89765, 1623, 0, 33, -11513.2, 507.041, 82.1076, 1.27409, 0, 0, 0.594822, 0.803857, 300, 100, 1),
(89766, 2041, 0, 33, -13540, 664.827, 4.37746, 3.03684, 0, 0, 0.998629, 0.0523532, 300, 100, 1),
(89767, 2041, 0, 33, -11849.6, -313.75, 12.8228, 5.34071, 0, 0, -0.45399, 0.891007, 300, 100, 1),
(89768, 2041, 0, 33, -12179.3, 61.1013, 0.958485, 0.994837, 0, 0, 0.477159, 0.878817, 300, 100, 1),
(89769, 2041, 0, 33, -12118, 112.797, 1.71559, 4.88692, 0, 0, -0.642787, 0.766045, 300, 100, 1),
(89770, 2041, 0, 33, -12154.8, 30.5872, 2.45759, 4.31097, 0, 0, -0.833885, 0.551938, 300, 100, 1),
(89771, 2041, 0, 33, -12156, -65.9369, 10.715, 3.47321, 0, 0, -0.986285, 0.16505, 300, 100, 1),
(89772, 2041, 0, 33, -14347, 142.964, 11.1941, 0.698131, 0, 0, 0.34202, 0.939693, 300, 100, 1),
(89773, 2041, 0, 33, -12270.6, -355.563, 17.0246, 2.23402, 0, 0, 0.898793, 0.438373, 300, 100, 1),
(89774, 2041, 0, 33, -13674.1, 449.951, 41.3601, 2.37364, 0, 0, 0.927183, 0.374608, 300, 100, 1),
(89775, 2041, 0, 33, -11821.7, 872.976, 6.03503, 0.349065, 0, 0, 0.173648, 0.984808, 300, 100, 1),
(89776, 2041, 0, 33, -11652.8, 1017.66, 2.37706, 2.40855, 0, 0, 0.93358, 0.358368, 300, 100, 1),
(89777, 2041, 0, 33, -12081.1, 105.16, 1.89954, 1.97222, 0, 0, 0.833885, 0.551938, 300, 100, 1),
(89778, 2041, 0, 33, -12226.4, 312.19, 2.25928, 4.41568, 0, 0, -0.803857, 0.594823, 300, 100, 1),
(89779, 2041, 0, 33, -13675, 599.029, 10.4161, 5.79449, 0, 0, -0.241921, 0.970296, 300, 100, 1),
(89780, 2041, 0, 33, -11539.7, 656.182, 60.625, 2.04204, 0, 0, 0.85264, 0.522499, 300, 100, 1),
(89781, 2043, 0, 33, -13485.6, 713.564, 4.93984, 0.488692, 0, 0, 0.241922, 0.970296, 300, 100, 1),
(89782, 2041, 0, 33, -13323, 599.927, 4.51111, -0.837758, 0, 0, 0.406737, -0.913545, 300, 100, 1),
(89783, 2043, 0, 33, -11768.8, -873.189, 28.2211, -2.18166, 0, 0, 0.887011, -0.461749, 300, 100, 1),
(89784, 2046, 0, 33, -12885.3, 393.837, 47.626, 0.541052, 0, 0, 0.267238, 0.96363, 300, 100, 1),
(89785, 2046, 0, 33, -12007.8, 306.513, 3.89546, -0.471239, 0, 0, 0.233445, -0.97237, 300, 100, 1),
(89786, 1624, 0, 33, -11653.7, 71.7935, 16.7056, 1.74533, 0, 0, 0.766044, 0.642788, 300, 100, 1),
(89787, 2043, 0, 33, -11704, 74.8653, 18.1263, 2.30383, 0, 0, 0.913545, 0.406737, 300, 100, 1),
(89788, 2046, 0, 33, -12776.1, 269.979, 16.8659, 4.10153, 0, 0, -0.887011, 0.461749, 300, 100, 1),
(89789, 2043, 0, 33, -11870.5, -780.281, 33.2686, 1.67552, 0, 0, 0.743145, 0.669131, 300, 100, 1),
(89790, 2042, 0, 33, -11950.4, -691.592, 16.011, -2.16421, 0, 0, 0.882948, -0.469472, 300, 100, 1),
(89791, 2042, 0, 33, -11807.2, -259.54, 17.5633, -1.32645, 0, 0, 0.615661, -0.788011, 300, 100, 1),
(89792, 2046, 0, 33, -12273.1, -626.843, 33.5493, 1.29154, 0, 0, 0.601815, 0.798636, 300, 100, 1),
(89793, 2046, 0, 33, -12459.7, -608.362, 27.2746, 2.30383, 0, 0, 0.913545, 0.406737, 300, 100, 1),
(89794, 2046, 0, 33, -12157.5, -313.322, 19.6208, 2.42601, 0, 0, 0.936672, 0.350207, 300, 100, 1),
(89795, 2046, 0, 33, -12696.7, -290.853, 27.3519, 0.349066, 0, 0, 0.173648, 0.984808, 300, 100, 1),
(89796, 2043, 0, 33, -12821.1, -441.142, 21.424, -0.087267, 0, 0, 0.04362, -0.999048, 300, 100, 1),
(89797, 2046, 0, 33, -12975.7, -159.466, 9.26464, 2.19912, 0, 0, 0.891007, 0.453991, 300, 100, 1),
(89798, 2046, 0, 33, -13052.1, -87.6246, 18.0662, -1.72788, 0, 0, 0.760406, -0.649448, 300, 100, 1),
(89799, 142140, 0, 33, -11811.6, 43.7655, 16.3889, -2.30383, 0, 0, 0.913545, -0.406737, 300, 100, 1),
(89800, 1623, 0, 33, -13800.1, 143.831, 36.5053, -2.33874, 0, 0, 0.920505, -0.390731, 300, 100, 1),
(89801, 1624, 0, 33, -13686.6, 221.261, 23.823, -3.10669, 0, 0, 0.999848, -0.017452, 300, 100, 1),
(89802, 2046, 0, 33, -13982.5, 337.48, 25.3151, -0.401426, 0, 0, 0.199368, -0.979925, 300, 100, 1),
(89803, 2041, 0, 33, -14040.7, 316.313, 22.5915, 1.8326, 0, 0, 0.793353, 0.608761, 300, 100, 1),
(89804, 1623, 0, 33, -13859.7, 598.398, 51.4079, 2.74017, 0, 0, 0.979925, 0.199368, 300, 100, 1),
(89805, 1623, 0, 33, -11769.4, 327.063, 41.5691, -0.069813, 0, 0, 0.034899, -0.999391, 300, 100, 1),
(89806, 1623, 0, 33, -11985.8, -1033.01, 79.2129, -0.575959, 0, 0, 0.284015, -0.95882, 300, 100, 1),
(89807, 2046, 0, 33, -12004.7, -825.052, 37.6024, 1.71042, 0, 0, 0.75471, 0.656059, 300, 100, 1),
(89808, 1624, 0, 33, -11913.6, -594.356, 17.0496, 0.20944, 0, 0, 0.104528, 0.994522, 300, 100, 1),
(89809, 2046, 0, 33, -12103.3, -795.352, 45.2794, 2.9845, 0, 0, 0.996917, 0.0784664, 300, 100, 1),
(89810, 1624, 0, 33, -11982.3, -852.595, 32.9149, 3.24635, 0, 0, -0.998629, 0.0523532, 300, 100, 1),
(89811, 1624, 0, 33, -11965.1, -775.195, 18.2167, 2.54818, 0, 0, 0.956305, 0.292372, 300, 100, 1),
(89812, 2046, 0, 33, -13369.1, 39.5527, 19.5869, 1.15192, 0, 0, 0.544639, 0.838671, 300, 100, 1),
(89813, 1623, 0, 33, -13565.8, 14.526, 67.5056, -1.69297, 0, 0, 0.748956, -0.66262, 300, 100, 1),
(89814, 1624, 0, 33, -14034.9, 206.048, 13.3856, -2.26893, 0, 0, 0.906308, -0.422618, 300, 100, 1),
(89815, 2043, 0, 33, -11781, -144.351, 6.24316, 2.04204, 0, 0, 0.85264, 0.522499, 300, 100, 1),
(89816, 1624, 0, 33, -12082, -522.503, 13.8591, -0.453786, 0, 0, 0.224951, -0.97437, 300, 100, 1),
(89817, 142140, 0, 33, -12728, -451.183, 30.4847, -0.506145, 0, 0, 0.25038, -0.968148, 300, 100, 1),
(89818, 2046, 0, 33, -13067.4, -142.569, 12.5609, 2.87979, 0, 0, 0.991445, 0.130526, 300, 100, 1),
(89819, 2043, 0, 33, -13126.2, -282.232, 15.2135, 1.18682, 0, 0, 0.559193, 0.829038, 300, 100, 1),
(89820, 1623, 0, 33, -13255, -216.357, 36.4438, 1.74533, 0, 0, 0.766044, 0.642788, 300, 100, 1),
(89821, 1624, 0, 33, -13412.4, 154.721, 21.4733, -1.27409, 0, 0, 0.594823, -0.803857, 300, 100, 1),
(89822, 1624, 0, 33, -13340, 168.89, 17.202, 0.942477, 0, 0, 0.45399, 0.891007, 300, 100, 1),
(89823, 142140, 0, 33, -13841.1, 469.385, 95.3553, 1.53589, 0, 0, 0.694658, 0.71934, 300, 100, 1),
(89824, 2041, 0, 33, -12102.2, 351.286, 3.22855, 1.25664, 0, 0, 0.587785, 0.809017, 300, 100, 1),
(89825, 2046, 0, 33, -13644.7, -228.335, 22.9016, 2.14675, 0, 0, 0.878817, 0.477159, 300, 100, 1),
(89826, 1624, 0, 33, -12076.9, 271.495, 3.80528, 2.93215, 0, 0, 0.994522, 0.104528, 300, 100, 1),
(89827, 2042, 0, 33, -11684.3, 226.792, 39.6924, 3.08923, 0, 0, 0.999657, 0.026177, 300, 100, 1),
(89828, 2041, 0, 33, -13002.7, 480.754, 14.5163, 0.907571, 0, 0, 0.438371, 0.898794, 300, 100, 1),
(89829, 2043, 0, 33, -14026, 539.187, 8.4053, 1.16937, 0, 0, 0.551937, 0.833886, 300, 100, 1),
(89830, 2041, 0, 33, -11813.6, -425.959, 14.4181, -0.698132, 0, 0, 0.34202, -0.939693, 300, 100, 1),
(89831, 2041, 0, 33, -12506.1, -291.3, 16.6848, -0.349066, 0, 0, 0.173648, -0.984808, 300, 100, 1),
(89832, 2043, 0, 33, -12975.3, 269.194, 17.7305, -0.191986, 0, 0, 0.095846, -0.995396, 300, 100, 1),
(89833, 1624, 0, 33, -13031.3, 297.264, 19.8068, 0.383972, 0, 0, 0.190809, 0.981627, 300, 100, 1),
(89834, 2041, 0, 33, -13197.5, 488.905, 3.82022, 1.3439, 0, 0, 0.622515, 0.782608, 300, 100, 1),
(89835, 1624, 0, 33, -13038.2, 338.762, 20.095, 4.41568, 0, 0, -0.803857, 0.594823, 300, 100, 1),
(89836, 2041, 0, 33, -11910, -503.023, 12.6914, 1.72787, 0, 0, 0.760406, 0.649449, 300, 100, 1),
(89837, 2041, 0, 33, -12204.9, -26.777, 1.90866, 0.994838, 0, 0, 0.477159, 0.878817, 300, 100, 1),
(89838, 2041, 0, 33, -12417.7, -260.721, 16.6156, -2.09439, 0, 0, 0.866025, -0.5, 300, 100, 1),
(89839, 2041, 0, 33, -13897.6, 679.245, 10.0309, 1.81514, 0, 0, 0.788011, 0.615662, 300, 100, 1),
(89840, 1623, 0, 33, -11558.6, 236.714, 48.2372, 1.81514, 0, 0, 0.788011, 0.615662, 300, 100, 1),
(89841, 1624, 0, 33, -12781.8, -655.897, 64.5905, 0, 0, 0, 0, 0, 300, 0, 1),
(89842, 2042, 0, 33, -12274.3, 19.2027, 21.7572, 4.46804, 0, 0, -0.788011, 0.615662, 300, 0, 1),
(89843, 2046, 0, 33, -12347.9, -561.641, 27.3437, 0, 0, 0, 0, 0, 300, 0, 1),
(89844, 2042, 0, 33, -12317.7, -116.954, 21.0686, 1.29154, 0, 0, 0.601814, 0.798636, 300, 100, 1);

-- The Barrens
DELETE FROM `pool_gameobject` WHERE `pool_entry` IN (800,801,802,803,804,805,806,807,808,809,810,811,812,813);
DELETE FROM `pool_template` WHERE `entry` IN (800,801,802,803,804,805,806,807,808,809,810,811,812,813);
DELETE FROM `gameobject` WHERE `guid` IN (462,473,482,484,488,489,507,520,532,533,542,562,585,589,593,604,605,606,620,630,632,650,659,671,681,689,696,700,705,723,729,730,731,775,782,785,795,812,824,847,852,878,879,892,904,905,906,907,908,909,910,913,918,927,928,935,945,946,947,950,983,994,998,1002,1004,1011,1013,1026,1034,1039,1040,1051,1078,1082,1085,1086,1087,1089,1100,1106,1107,1130,1131,1138,1146,1166,1168,1169,1170,1193,1218,1234,1255,1258,1346,1355,1372,1373,1375,1376,1395,1398,1404,1410,1411,1412,1413,1414,1419,1429,1434,1440,1459,1464,1470,1471,1475,1480,1481,1485,1490,1505,1506,1509,1511,1512,1513,1514,1522,1524,1528,1536,1538,1539,1544,1550,1559,1560,1563,1567,1573,1575,1584,1592,1594,1606,1622,1630,1633,1634,1642,1644,1649,1661,1662,1663,1665,1667,1668,1677,1693,1702,1704,1714,1730,1737,1742,1755,1756,1757,1759,1761,1764,1765,1767,1776,1779,1781,1782,1783,1787,1792,1793,1796,1797,1798,1802,1804,1807,1808,1809,1813,1814,1815,1816,1823,1830,1833,1837,1842,1843,1844,1845,1846,1852,1853,1854,1855,1856,1857,1859,1861,1864,1866,1868,1896,1897,1898,1899,1900,1901,1902,1903,1905,1907,1908,1911,1913,1917,1918,1919,1920,1921,1925,1926,1928,1930,1931,1932,1934,1935,1936,1942,1943,1944,1945,1946,1950,1957,1958,1959,1960,1961,1963,1965,1967,1968,1972,1975,1977,1978,1979,1980,1983,1984,1986,1987,1988,1989,1990,1991,1992,1995,1997,1998,1999,2003,2004,2005,2006,2007,2009,2016,2017,2018,2019,2020,2021,2022,2023,2028,2029,2030,2040,2041,2050,2060,2061,2062,2063,2064,2066,2067,2068,2069,2071,2072,2078,2079,2080,2082,2084,2085,2088,2089,2091,2092,2095,2098,2099,2103,2104,2106,2107,2108,2109,2122,2123,2125,2128,2130,2135,2136,2138,2139,2141,2142,2143,2144,2145,2146,2147,2151,2152,2153,2154,2156,2159,2160,2161,2162,2165,2166,2168,2170,2171,2174,2176,2177,2178,2179,2180,2181,2182,2183,2186,2188,2191,2192,2193,2194,2196,2198,2199,2200,2201,2202,2203,2204,2205,2206,2207,2209,2211,2212,2213,2219,2220,2222,2223,2225,2226,2227,2228,2229,2230,2231,2232,2233,2234,2245,2246,2247,2253,2257,2258,2259,2261,2262,2263,2264,2267,2268,2270,2271,2272,2274,2277,2280,2281,2285,2287,2289,2290,2291,2292,2293,2296,2297,2304,2308,2310,2311,2312,2313,2314,2315,2317,2318,2328,2333,2334,2337,2339,2340,2341,2343,2344,2345,2347,2348,2349,2351,2355,2358,2361,2362,2363,2364,2369,2375,2377,2378,2382,2383,2384,2385,2386,2387,2388,2389,2390,2391,2392,2393,2395,2397,2400,2401,2405,2406,2419,2423,2424,2426,2427,2429,2430,2433,2434,2436,2445,2446,2447,2450,2455,2461,2462,2463,2464,2470,2471,2472,2475,2482,2483,2486,2487,2488,2489,2492,2494,2495,2496,2501,2503,2504,2506,2507,2508,2509,2512,2513,2515,2520,2522,2523,2528,2534,2535,2536,2537,2538,2539,2542,2549,2551,2554,2559,2562,2564,2565,2567,2569,2574,2590,2591,2599,2610,2611,2615,2620,2621,2625,2634,2643,2644,2646,2648,2652,2659,2667,2668,2677,2678,2691,2695,2699,2716,2717,2719,2722,2723,2724,2725,2728,2729,2732,2737,2743,2747,2751,2754,2756,2758,2760,2762,2763,2766,2767,2770,2772,2781,2783,2789,2807,2814,2817,2822,2824,2825,2826,2835,2836,2857,2859,2865,2880,2881,2883,2884,2885,2886,2887,2893,2898,2902,2905,2906,2907,2928,2930,2950,2951,2952,2954,2955,2971,3006,3015,3028,3032,3047,3049,3056,3058,3098,3099,3100,3101,3102,3103,3104,3105,3106,3107,3134,3135,3143,3157,3201,3226,3245,3260,3261,3262,3270,3271,3272,3274,3275,3276,3303,3328,3329,3342,3350,3351,3352,3361,3368,3375,3376,3406,3409,3410,3451,3452,3453,3455,3458,3464,3465,3469,3478,3494,3495,3496,3497,3498,3505,3524,3538,3549,3558,3574,3575,3579,3591,3595,3621,3667,3692,3693,3694,3703,3708,3734,3735,3736,3739,3793,3812,3813,3827,3852,3854,3862,3898,3921,3923,3934,3937,3957,3968,3979,3984,4024,4027,4028,4065,4066,4085,4097,4103,4153,4174,4198,4207,4210,4223,4227,4252,4275,4288,4294,4295,4298,4324,4325,4327,4329,4330,4342,4347,4349,4355,4367,4373,4379,4387,4390,4401,4404,4405,4406,4442,4486,4493,4496,13365,13366,13367,13368,13369,13370,13374,13375,13378,86316,86322,86337,87281);

-- Vmangos pools: (422,425,1029,1030,1031,1032,1036,1037,1038,1083,1168);
DELETE FROM `pool_template` WHERE `entry` BETWEEN 686 AND 696;
INSERT INTO `pool_template` (`entry`, `max_limit`, `description`) VALUES
(686, 20, 'Mageroyal in Barrens'),
(687, 20, 'Silverleaf in Barrens'),
(688, 21, 'Earthroot in Barrens'),
(689, 28, 'Peacebloom in Barrens'),
(690, 25, 'Silverleafs in Barrens (2)'),
(691, 30, 'Mageroyal in Barrens (2)'),
(692, 16, 'Bruiseweed in Barrens'),
(693, 22, 'Briarthorn in Barrens'),
(694, 11, 'Kingsblood in Barrens'),
(695, 2, 'Grave Moss in Barrens'),
(696, 9, 'Wild Steelbloom in Barrens');

DELETE FROM `pool_gameobject` WHERE `guid` BETWEEN 89934 AND 91163;
INSERT INTO `pool_gameobject` (`guid`, `pool_entry`, `chance`, `description`) VALUES 
(89934, 690, 0, 'Silverleaf'),
(89935, 690, 0, 'Silverleaf'),
(89936, 690, 0, 'Silverleaf'),
(89937, 690, 0, 'Silverleaf'),
(89938, 690, 0, 'Silverleaf'),
(89939, 687, 0, 'Silverleaf'),
(89940, 687, 0, 'Silverleaf'),
(89941, 690, 0, 'Silverleaf'),
(89942, 690, 0, 'Silverleaf'),
(89943, 690, 0, 'Silverleaf'),
(89944, 690, 0, 'Silverleaf'),
(89945, 690, 0, 'Silverleaf'),
(89946, 690, 0, 'Silverleaf'),
(89947, 690, 0, 'Silverleaf'),
(89948, 690, 0, 'Silverleaf'),
(89949, 690, 0, 'Silverleaf'),
(89950, 690, 0, 'Silverleaf'),
(89951, 690, 0, 'Silverleaf'),
(89952, 690, 0, 'Silverleaf'),
(89953, 690, 0, 'Silverleaf'),
(89954, 690, 0, 'Silverleaf'),
(89955, 690, 0, 'Silverleaf'),
(89956, 690, 0, 'Silverleaf'),
(89957, 690, 0, 'Silverleaf'),
(89958, 690, 0, 'Silverleaf'),
(89959, 690, 0, 'Silverleaf'),
(89960, 690, 0, 'Silverleaf'),
(89961, 690, 0, 'Silverleaf'),
(89962, 690, 0, 'Silverleaf'),
(89963, 690, 0, 'Silverleaf'),
(89964, 690, 0, 'Silverleaf'),
(89965, 690, 0, 'Silverleaf'),
(89966, 687, 0, 'Silverleaf'),
(89967, 690, 0, 'Silverleaf'),
(89968, 690, 0, 'Silverleaf'),
(89969, 690, 0, 'Silverleaf'),
(89970, 690, 0, 'Silverleaf'),
(89971, 690, 0, 'Silverleaf'),
(89972, 690, 0, 'Silverleaf'),
(89973, 690, 0, 'Silverleaf'),
(89974, 690, 0, 'Silverleaf'),
(89975, 690, 0, 'Silverleaf'),
(89976, 690, 0, 'Silverleaf'),
(89977, 690, 0, 'Silverleaf'),
(89978, 690, 0, 'Silverleaf'),
(89979, 690, 0, 'Silverleaf'),
(89980, 690, 0, 'Silverleaf'),
(89981, 690, 0, 'Silverleaf'),
(89982, 690, 0, 'Silverleaf'),
(89983, 690, 0, 'Silverleaf'),
(89984, 690, 0, 'Silverleaf'),
(89985, 690, 0, 'Silverleaf'),
(89986, 690, 0, 'Silverleaf'),
(89987, 690, 0, 'Silverleaf'),
(89988, 690, 0, 'Silverleaf'),
(89989, 690, 0, 'Silverleaf'),
(89990, 690, 0, 'Silverleaf'),
(89991, 690, 0, 'Silverleaf'),
(89992, 690, 0, 'Silverleaf'),
(89993, 690, 0, 'Silverleaf'),
(89994, 690, 0, 'Silverleaf'),
(89995, 687, 0, 'Silverleaf'),
(89996, 690, 0, 'Silverleaf'),
(89997, 690, 0, 'Silverleaf'),
(89998, 690, 0, 'Silverleaf'),
(89999, 690, 0, 'Silverleaf'),
(90000, 690, 0, 'Silverleaf'),
(90001, 690, 0, 'Silverleaf'),
(90002, 690, 0, 'Silverleaf'),
(90003, 690, 0, 'Silverleaf'),
(90004, 690, 0, 'Silverleaf'),
(90005, 690, 0, 'Silverleaf'),
(90006, 690, 0, 'Silverleaf'),
(90007, 690, 0, 'Silverleaf'),
(90008, 690, 0, 'Silverleaf'),
(90009, 690, 0, 'Silverleaf'),
(90010, 690, 0, 'Silverleaf'),
(90011, 690, 0, 'Silverleaf'),
(90012, 690, 0, 'Silverleaf'),
(90013, 690, 0, 'Silverleaf'),
(90014, 690, 0, 'Silverleaf'),
(90015, 690, 0, 'Silverleaf'),
(90016, 690, 0, 'Silverleaf'),
(90017, 687, 0, 'Silverleaf'),
(90018, 687, 0, 'Silverleaf'),
(90019, 687, 0, 'Silverleaf'),
(90020, 690, 0, 'Silverleaf'),
(90021, 690, 0, 'Silverleaf'),
(90022, 690, 0, 'Silverleaf'),
(90023, 690, 0, 'Silverleaf'),
(90024, 690, 0, 'Silverleaf'),
(90025, 690, 0, 'Silverleaf'),
(90026, 690, 0, 'Silverleaf'),
(90027, 690, 0, 'Silverleaf'),
(90028, 690, 0, 'Silverleaf'),
(90029, 690, 0, 'Silverleaf'),
(90030, 690, 0, 'Silverleaf'),
(90031, 690, 0, 'Silverleaf'),
(90032, 690, 0, 'Silverleaf'),
(90033, 690, 0, 'Silverleaf'),
(90034, 690, 0, 'Silverleaf'),
(90035, 690, 0, 'Silverleaf'),
(90036, 690, 0, 'Silverleaf'),
(90037, 690, 0, 'Silverleaf'),
(90038, 690, 0, 'Silverleaf'),
(90039, 689, 0, 'Peacebloom'),
(90040, 689, 0, 'Peacebloom'),
(90041, 689, 0, 'Peacebloom'),
(90042, 689, 0, 'Peacebloom'),
(90043, 689, 0, 'Peacebloom'),
(90044, 689, 0, 'Peacebloom'),
(90045, 689, 0, 'Peacebloom'),
(90046, 689, 0, 'Peacebloom'),
(90047, 689, 0, 'Peacebloom'),
(90048, 689, 0, 'Peacebloom'),
(90049, 689, 0, 'Peacebloom'),
(90050, 689, 0, 'Peacebloom'),
(90051, 689, 0, 'Peacebloom'),
(90052, 689, 0, 'Peacebloom'),
(90053, 689, 0, 'Peacebloom'),
(90054, 689, 0, 'Peacebloom'),
(90055, 689, 0, 'Peacebloom'),
(90056, 689, 0, 'Peacebloom'),
(90057, 689, 0, 'Peacebloom'),
(90058, 689, 0, 'Peacebloom'),
(90059, 689, 0, 'Peacebloom'),
(90060, 689, 0, 'Peacebloom'),
(90061, 689, 0, 'Peacebloom'),
(90062, 689, 0, 'Peacebloom'),
(90063, 689, 0, 'Peacebloom'),
(90064, 689, 0, 'Peacebloom'),
(90065, 689, 0, 'Peacebloom'),
(90066, 689, 0, 'Peacebloom'),
(90067, 689, 0, 'Peacebloom'),
(90068, 689, 0, 'Peacebloom'),
(90069, 689, 0, 'Peacebloom'),
(90070, 689, 0, 'Peacebloom'),
(90071, 689, 0, 'Peacebloom'),
(90072, 689, 0, 'Peacebloom'),
(90073, 689, 0, 'Peacebloom'),
(90074, 689, 0, 'Peacebloom'),
(90075, 689, 0, 'Peacebloom'),
(90076, 689, 0, 'Peacebloom'),
(90077, 689, 0, 'Peacebloom'),
(90078, 689, 0, 'Peacebloom'),
(90079, 689, 0, 'Peacebloom'),
(90080, 689, 0, 'Peacebloom'),
(90081, 689, 0, 'Peacebloom'),
(90082, 689, 0, 'Peacebloom'),
(90083, 689, 0, 'Peacebloom'),
(90084, 689, 0, 'Peacebloom'),
(90085, 689, 0, 'Peacebloom'),
(90086, 689, 0, 'Peacebloom'),
(90087, 689, 0, 'Peacebloom'),
(90088, 689, 0, 'Peacebloom'),
(90089, 689, 0, 'Peacebloom'),
(90090, 689, 0, 'Peacebloom'),
(90091, 689, 0, 'Peacebloom'),
(90092, 689, 0, 'Peacebloom'),
(90093, 689, 0, 'Peacebloom'),
(90094, 689, 0, 'Peacebloom'),
(90095, 689, 0, 'Peacebloom'),
(90096, 689, 0, 'Peacebloom'),
(90097, 689, 0, 'Peacebloom'),
(90098, 689, 0, 'Peacebloom'),
(90099, 689, 0, 'Peacebloom'),
(90100, 689, 0, 'Peacebloom'),
(90101, 689, 0, 'Peacebloom'),
(90102, 689, 0, 'Peacebloom'),
(90103, 689, 0, 'Peacebloom'),
(90104, 689, 0, 'Peacebloom'),
(90105, 689, 0, 'Peacebloom'),
(90106, 689, 0, 'Peacebloom'),
(90107, 689, 0, 'Peacebloom'),
(90108, 689, 0, 'Peacebloom'),
(90109, 689, 0, 'Peacebloom'),
(90110, 689, 0, 'Peacebloom'),
(90111, 689, 0, 'Peacebloom'),
(90112, 689, 0, 'Peacebloom'),
(90113, 689, 0, 'Peacebloom'),
(90114, 689, 0, 'Peacebloom'),
(90115, 689, 0, 'Peacebloom'),
(90116, 689, 0, 'Peacebloom'),
(90117, 689, 0, 'Peacebloom'),
(90118, 688, 0, 'Earthroot'),
(90119, 688, 0, 'Earthroot'),
(90120, 688, 0, 'Earthroot'),
(90121, 688, 0, 'Earthroot'),
(90122, 688, 0, 'Earthroot'),
(90123, 688, 0, 'Earthroot'),
(90124, 688, 0, 'Earthroot'),
(90125, 688, 0, 'Earthroot'),
(90126, 688, 0, 'Earthroot'),
(90127, 688, 0, 'Earthroot'),
(90128, 688, 0, 'Earthroot'),
(90129, 688, 0, 'Earthroot'),
(90130, 688, 0, 'Earthroot'),
(90131, 688, 0, 'Earthroot'),
(90132, 688, 0, 'Earthroot'),
(90133, 688, 0, 'Earthroot'),
(90134, 688, 0, 'Earthroot'),
(90135, 688, 0, 'Earthroot'),
(90136, 688, 0, 'Earthroot'),
(90137, 688, 0, 'Earthroot'),
(90138, 688, 0, 'Earthroot'),
(90139, 688, 0, 'Earthroot'),
(90140, 688, 0, 'Earthroot'),
(90141, 688, 0, 'Earthroot'),
(90142, 688, 0, 'Earthroot'),
(90143, 688, 0, 'Earthroot'),
(90144, 688, 0, 'Earthroot'),
(90145, 688, 0, 'Earthroot'),
(90146, 688, 0, 'Earthroot'),
(90147, 688, 0, 'Earthroot'),
(90148, 688, 0, 'Earthroot'),
(90149, 688, 0, 'Earthroot'),
(90150, 688, 0, 'Earthroot'),
(90151, 688, 0, 'Earthroot'),
(90152, 688, 0, 'Earthroot'),
(90153, 688, 0, 'Earthroot'),
(90154, 688, 0, 'Earthroot'),
(90155, 688, 0, 'Earthroot'),
(90156, 688, 0, 'Earthroot'),
(90157, 688, 0, 'Earthroot'),
(90158, 688, 0, 'Earthroot'),
(90159, 688, 0, 'Earthroot'),
(90160, 688, 0, 'Earthroot'),
(90161, 688, 0, 'Earthroot'),
(90162, 688, 0, 'Earthroot'),
(90163, 688, 0, 'Earthroot'),
(90164, 688, 0, 'Earthroot'),
(90165, 688, 0, 'Earthroot'),
(90166, 688, 0, 'Earthroot'),
(90167, 688, 0, 'Earthroot'),
(90168, 688, 0, 'Earthroot'),
(90169, 688, 0, 'Earthroot'),
(90170, 688, 0, 'Earthroot'),
(90171, 688, 0, 'Earthroot'),
(90172, 688, 0, 'Earthroot'),
(90173, 688, 0, 'Earthroot'),
(90174, 688, 0, 'Earthroot'),
(90175, 688, 0, 'Earthroot'),
(90176, 688, 0, 'Earthroot'),
(90177, 688, 0, 'Earthroot'),
(90178, 688, 0, 'Earthroot'),
(90179, 688, 0, 'Earthroot'),
(90180, 688, 0, 'Earthroot'),
(90181, 688, 0, 'Earthroot'),
(90182, 688, 0, 'Earthroot'),
(90183, 688, 0, 'Earthroot'),
(90184, 688, 0, 'Earthroot'),
(90185, 688, 0, 'Earthroot'),
(90186, 688, 0, 'Earthroot'),
(90187, 688, 0, 'Earthroot'),
(90188, 688, 0, 'Earthroot'),
(90189, 688, 0, 'Earthroot'),
(90190, 688, 0, 'Earthroot'),
(90191, 688, 0, 'Earthroot'),
(90192, 688, 0, 'Earthroot'),
(90193, 688, 0, 'Earthroot'),
(90194, 688, 0, 'Earthroot'),
(90195, 688, 0, 'Earthroot'),
(90196, 688, 0, 'Earthroot'),
(90197, 688, 0, 'Earthroot'),
(90198, 688, 0, 'Earthroot'),
(90199, 688, 0, 'Earthroot'),
(90200, 688, 0, 'Earthroot'),
(90201, 688, 0, 'Earthroot'),
(90202, 688, 0, 'Earthroot'),
(90203, 688, 0, 'Earthroot'),
(90204, 688, 0, 'Earthroot'),
(90205, 688, 0, 'Earthroot'),
(90206, 688, 0, 'Earthroot'),
(90207, 688, 0, 'Earthroot'),
(90208, 688, 0, 'Earthroot'),
(90209, 688, 0, 'Earthroot'),
(90210, 688, 0, 'Earthroot'),
(90211, 688, 0, 'Earthroot'),
(90212, 688, 0, 'Earthroot'),
(90213, 688, 0, 'Earthroot'),
(90214, 688, 0, 'Earthroot'),
(90215, 688, 0, 'Earthroot'),
(90216, 688, 0, 'Earthroot'),
(90217, 688, 0, 'Earthroot'),
(90218, 688, 0, 'Earthroot'),
(90219, 688, 0, 'Earthroot'),
(90220, 688, 0, 'Earthroot'),
(90221, 688, 0, 'Earthroot'),
(90222, 688, 0, 'Earthroot'),
(90223, 688, 0, 'Earthroot'),
(90224, 688, 0, 'Earthroot'),
(90225, 688, 0, 'Earthroot'),
(90226, 688, 0, 'Earthroot'),
(90227, 688, 0, 'Earthroot'),
(90228, 688, 0, 'Earthroot'),
(90229, 688, 0, 'Earthroot'),
(90230, 688, 0, 'Earthroot'),
(90231, 688, 0, 'Earthroot'),
(90232, 688, 0, 'Earthroot'),
(90233, 688, 0, 'Earthroot'),
(90234, 688, 0, 'Earthroot'),
(90235, 688, 0, 'Earthroot'),
(90236, 688, 0, 'Earthroot'),
(90237, 688, 0, 'Earthroot'),
(90238, 688, 0, 'Earthroot'),
(90239, 688, 0, 'Earthroot'),
(90240, 688, 0, 'Earthroot'),
(90241, 688, 0, 'Earthroot'),
(90242, 688, 0, 'Earthroot'),
(90243, 688, 0, 'Earthroot'),
(90244, 688, 0, 'Earthroot'),
(90245, 688, 0, 'Earthroot'),
(90246, 688, 0, 'Earthroot'),
(90247, 688, 0, 'Earthroot'),
(90248, 688, 0, 'Earthroot'),
(90249, 688, 0, 'Earthroot'),
(90250, 688, 0, 'Earthroot'),
(90251, 688, 0, 'Earthroot'),
(90252, 688, 0, 'Earthroot'),
(90253, 691, 0, 'Mageroyal'),
(90254, 691, 0, 'Mageroyal'),
(90255, 691, 0, 'Mageroyal'),
(90256, 691, 0, 'Mageroyal'),
(90257, 691, 0, 'Mageroyal'),
(90258, 691, 0, 'Mageroyal'),
(90259, 691, 0, 'Mageroyal'),
(90260, 691, 0, 'Mageroyal'),
(90261, 691, 0, 'Mageroyal'),
(90262, 691, 0, 'Mageroyal'),
(90263, 691, 0, 'Mageroyal'),
(90264, 691, 0, 'Mageroyal'),
(90265, 691, 0, 'Mageroyal'),
(90266, 691, 0, 'Mageroyal'),
(90267, 691, 0, 'Mageroyal'),
(90268, 691, 0, 'Mageroyal'),
(90269, 691, 0, 'Mageroyal'),
(90270, 691, 0, 'Mageroyal'),
(90271, 691, 0, 'Mageroyal'),
(90272, 691, 0, 'Mageroyal'),
(90273, 691, 0, 'Mageroyal'),
(90274, 691, 0, 'Mageroyal'),
(90275, 691, 0, 'Mageroyal'),
(90276, 691, 0, 'Mageroyal'),
(90277, 691, 0, 'Mageroyal'),
(90278, 691, 0, 'Mageroyal'),
(90279, 691, 0, 'Mageroyal'),
(90280, 691, 0, 'Mageroyal'),
(90281, 691, 0, 'Mageroyal'),
(90282, 691, 0, 'Mageroyal'),
(90283, 691, 0, 'Mageroyal'),
(90284, 691, 0, 'Mageroyal'),
(90285, 691, 0, 'Mageroyal'),
(90286, 691, 0, 'Mageroyal'),
(90287, 691, 0, 'Mageroyal'),
(90288, 691, 0, 'Mageroyal'),
(90289, 691, 0, 'Mageroyal'),
(90290, 691, 0, 'Mageroyal'),
(90291, 691, 0, 'Mageroyal'),
(90292, 691, 0, 'Mageroyal'),
(90293, 691, 0, 'Mageroyal'),
(90294, 691, 0, 'Mageroyal'),
(90295, 691, 0, 'Mageroyal'),
(90296, 691, 0, 'Mageroyal'),
(90297, 691, 0, 'Mageroyal'),
(90298, 691, 0, 'Mageroyal'),
(90299, 691, 0, 'Mageroyal'),
(90300, 691, 0, 'Mageroyal'),
(90301, 691, 0, 'Mageroyal'),
(90302, 686, 0, 'Mageroyal'),
(90303, 691, 0, 'Mageroyal'),
(90304, 686, 0, 'Mageroyal'),
(90305, 686, 0, 'Mageroyal'),
(90306, 691, 0, 'Mageroyal'),
(90307, 691, 0, 'Mageroyal'),
(90308, 691, 0, 'Mageroyal'),
(90309, 691, 0, 'Mageroyal'),
(90310, 691, 0, 'Mageroyal'),
(90311, 691, 0, 'Mageroyal'),
(90312, 691, 0, 'Mageroyal'),
(90313, 691, 0, 'Mageroyal'),
(90314, 691, 0, 'Mageroyal'),
(90315, 691, 0, 'Mageroyal'),
(90316, 691, 0, 'Mageroyal'),
(90317, 691, 0, 'Mageroyal'),
(90318, 691, 0, 'Mageroyal'),
(90319, 691, 0, 'Mageroyal'),
(90320, 691, 0, 'Mageroyal'),
(90321, 691, 0, 'Mageroyal'),
(90322, 691, 0, 'Mageroyal'),
(90323, 691, 0, 'Mageroyal'),
(90324, 691, 0, 'Mageroyal'),
(90325, 691, 0, 'Mageroyal'),
(90326, 691, 0, 'Mageroyal'),
(90327, 691, 0, 'Mageroyal'),
(90328, 691, 0, 'Mageroyal'),
(90329, 691, 0, 'Mageroyal'),
(90330, 691, 0, 'Mageroyal'),
(90331, 691, 0, 'Mageroyal'),
(90332, 691, 0, 'Mageroyal'),
(90333, 691, 0, 'Mageroyal'),
(90334, 691, 0, 'Mageroyal'),
(90335, 691, 0, 'Mageroyal'),
(90336, 691, 0, 'Mageroyal'),
(90337, 691, 0, 'Mageroyal'),
(90338, 691, 0, 'Mageroyal'),
(90339, 691, 0, 'Mageroyal'),
(90340, 691, 0, 'Mageroyal'),
(90341, 691, 0, 'Mageroyal'),
(90342, 691, 0, 'Mageroyal'),
(90343, 691, 0, 'Mageroyal'),
(90344, 691, 0, 'Mageroyal'),
(90345, 691, 0, 'Mageroyal'),
(90346, 691, 0, 'Mageroyal'),
(90347, 691, 0, 'Mageroyal'),
(90348, 691, 0, 'Mageroyal'),
(90349, 691, 0, 'Mageroyal'),
(90350, 691, 0, 'Mageroyal'),
(90351, 691, 0, 'Mageroyal'),
(90352, 691, 0, 'Mageroyal'),
(90353, 691, 0, 'Mageroyal'),
(90354, 691, 0, 'Mageroyal'),
(90355, 691, 0, 'Mageroyal'),
(90356, 691, 0, 'Mageroyal'),
(90357, 691, 0, 'Mageroyal'),
(90358, 691, 0, 'Mageroyal'),
(90359, 691, 0, 'Mageroyal'),
(90360, 691, 0, 'Mageroyal'),
(90361, 691, 0, 'Mageroyal'),
(90362, 691, 0, 'Mageroyal'),
(90363, 691, 0, 'Mageroyal'),
(90364, 691, 0, 'Mageroyal'),
(90365, 691, 0, 'Mageroyal'),
(90366, 691, 0, 'Mageroyal'),
(90367, 691, 0, 'Mageroyal'),
(90368, 691, 0, 'Mageroyal'),
(90369, 691, 0, 'Mageroyal'),
(90370, 691, 0, 'Mageroyal'),
(90371, 691, 0, 'Mageroyal'),
(90372, 691, 0, 'Mageroyal'),
(90373, 691, 0, 'Mageroyal'),
(90374, 691, 0, 'Mageroyal'),
(90375, 691, 0, 'Mageroyal'),
(90376, 691, 0, 'Mageroyal'),
(90377, 691, 0, 'Mageroyal'),
(90378, 691, 0, 'Mageroyal'),
(90379, 691, 0, 'Mageroyal'),
(90380, 691, 0, 'Mageroyal'),
(90381, 691, 0, 'Mageroyal'),
(90382, 691, 0, 'Mageroyal'),
(90383, 691, 0, 'Mageroyal'),
(90384, 691, 0, 'Mageroyal'),
(90385, 691, 0, 'Mageroyal'),
(90386, 691, 0, 'Mageroyal'),
(90387, 691, 0, 'Mageroyal'),
(90388, 691, 0, 'Mageroyal'),
(90389, 691, 0, 'Mageroyal'),
(90390, 691, 0, 'Mageroyal'),
(90391, 691, 0, 'Mageroyal'),
(90392, 691, 0, 'Mageroyal'),
(90393, 691, 0, 'Mageroyal'),
(90394, 691, 0, 'Mageroyal'),
(90395, 691, 0, 'Mageroyal'),
(90396, 691, 0, 'Mageroyal'),
(90397, 691, 0, 'Mageroyal'),
(90398, 691, 0, 'Mageroyal'),
(90399, 691, 0, 'Mageroyal'),
(90400, 691, 0, 'Mageroyal'),
(90401, 691, 0, 'Mageroyal'),
(90402, 691, 0, 'Mageroyal'),
(90403, 691, 0, 'Mageroyal'),
(90404, 686, 0, 'Mageroyal'),
(90405, 691, 0, 'Mageroyal'),
(90406, 691, 0, 'Mageroyal'),
(90407, 691, 0, 'Mageroyal'),
(90408, 691, 0, 'Mageroyal'),
(90409, 691, 0, 'Mageroyal'),
(90410, 691, 0, 'Mageroyal'),
(90411, 691, 0, 'Mageroyal'),
(90412, 691, 0, 'Mageroyal'),
(90413, 691, 0, 'Mageroyal'),
(90414, 691, 0, 'Mageroyal'),
(90415, 691, 0, 'Mageroyal'),
(90416, 691, 0, 'Mageroyal'),
(90417, 691, 0, 'Mageroyal'),
(90418, 691, 0, 'Mageroyal'),
(90419, 691, 0, 'Mageroyal'),
(90420, 691, 0, 'Mageroyal'),
(90421, 691, 0, 'Mageroyal'),
(90422, 691, 0, 'Mageroyal'),
(90423, 691, 0, 'Mageroyal'),
(90424, 691, 0, 'Mageroyal'),
(90425, 691, 0, 'Mageroyal'),
(90426, 691, 0, 'Mageroyal'),
(90427, 691, 0, 'Mageroyal'),
(90428, 691, 0, 'Mageroyal'),
(90429, 691, 0, 'Mageroyal'),
(90430, 691, 0, 'Mageroyal'),
(90431, 691, 0, 'Mageroyal'),
(90432, 691, 0, 'Mageroyal'),
(90433, 691, 0, 'Mageroyal'),
(90434, 691, 0, 'Mageroyal'),
(90435, 691, 0, 'Mageroyal'),
(90436, 691, 0, 'Mageroyal'),
(90437, 691, 0, 'Mageroyal'),
(90438, 691, 0, 'Mageroyal'),
(90439, 691, 0, 'Mageroyal'),
(90440, 691, 0, 'Mageroyal'),
(90441, 691, 0, 'Mageroyal'),
(90442, 691, 0, 'Mageroyal'),
(90443, 691, 0, 'Mageroyal'),
(90444, 691, 0, 'Mageroyal'),
(90445, 691, 0, 'Mageroyal'),
(90446, 691, 0, 'Mageroyal'),
(90447, 691, 0, 'Mageroyal'),
(90448, 691, 0, 'Mageroyal'),
(90449, 691, 0, 'Mageroyal'),
(90450, 691, 0, 'Mageroyal'),
(90451, 691, 0, 'Mageroyal'),
(90452, 691, 0, 'Mageroyal'),
(90453, 691, 0, 'Mageroyal'),
(90454, 691, 0, 'Mageroyal'),
(90455, 691, 0, 'Mageroyal'),
(90456, 691, 0, 'Mageroyal'),
(90457, 691, 0, 'Mageroyal'),
(90458, 691, 0, 'Mageroyal'),
(90459, 691, 0, 'Mageroyal'),
(90460, 691, 0, 'Mageroyal'),
(90461, 691, 0, 'Mageroyal'),
(90462, 691, 0, 'Mageroyal'),
(90463, 691, 0, 'Mageroyal'),
(90464, 691, 0, 'Mageroyal'),
(90465, 691, 0, 'Mageroyal'),
(90466, 691, 0, 'Mageroyal'),
(90467, 691, 0, 'Mageroyal'),
(90468, 691, 0, 'Mageroyal'),
(90469, 691, 0, 'Mageroyal'),
(90470, 691, 0, 'Mageroyal'),
(90471, 691, 0, 'Mageroyal'),
(90472, 691, 0, 'Mageroyal'),
(90473, 691, 0, 'Mageroyal'),
(90474, 691, 0, 'Mageroyal'),
(90475, 691, 0, 'Mageroyal'),
(90476, 691, 0, 'Mageroyal'),
(90477, 693, 0, 'Briarthorn'),
(90478, 693, 0, 'Briarthorn'),
(90479, 693, 0, 'Briarthorn'),
(90480, 693, 0, 'Briarthorn'),
(90481, 693, 0, 'Briarthorn'),
(90482, 693, 0, 'Briarthorn'),
(90483, 693, 0, 'Briarthorn'),
(90484, 693, 0, 'Briarthorn'),
(90485, 693, 0, 'Briarthorn'),
(90486, 693, 0, 'Briarthorn'),
(90487, 693, 0, 'Briarthorn'),
(90488, 693, 0, 'Briarthorn'),
(90489, 693, 0, 'Briarthorn'),
(90490, 693, 0, 'Briarthorn'),
(90491, 693, 0, 'Briarthorn'),
(90492, 693, 0, 'Briarthorn'),
(90493, 693, 0, 'Briarthorn'),
(90494, 693, 0, 'Briarthorn'),
(90495, 693, 0, 'Briarthorn'),
(90496, 693, 0, 'Briarthorn'),
(90497, 693, 0, 'Briarthorn'),
(90498, 693, 0, 'Briarthorn'),
(90499, 693, 0, 'Briarthorn'),
(90500, 693, 0, 'Briarthorn'),
(90501, 693, 0, 'Briarthorn'),
(90502, 693, 0, 'Briarthorn'),
(90503, 693, 0, 'Briarthorn'),
(90504, 693, 0, 'Briarthorn'),
(90505, 693, 0, 'Briarthorn'),
(90506, 693, 0, 'Briarthorn'),
(90507, 693, 0, 'Briarthorn'),
(90508, 693, 0, 'Briarthorn'),
(90509, 693, 0, 'Briarthorn'),
(90510, 693, 0, 'Briarthorn'),
(90511, 693, 0, 'Briarthorn'),
(90512, 693, 0, 'Briarthorn'),
(90513, 693, 0, 'Briarthorn'),
(90514, 693, 0, 'Briarthorn'),
(90515, 693, 0, 'Briarthorn'),
(90516, 693, 0, 'Briarthorn'),
(90517, 693, 0, 'Briarthorn'),
(90518, 693, 0, 'Briarthorn'),
(90519, 693, 0, 'Briarthorn'),
(90520, 693, 0, 'Briarthorn'),
(90521, 693, 0, 'Briarthorn'),
(90522, 693, 0, 'Briarthorn'),
(90523, 693, 0, 'Briarthorn'),
(90524, 693, 0, 'Briarthorn'),
(90525, 693, 0, 'Briarthorn'),
(90526, 693, 0, 'Briarthorn'),
(90527, 693, 0, 'Briarthorn'),
(90528, 693, 0, 'Briarthorn'),
(90529, 693, 0, 'Briarthorn'),
(90530, 693, 0, 'Briarthorn'),
(90531, 693, 0, 'Briarthorn'),
(90532, 693, 0, 'Briarthorn'),
(90533, 693, 0, 'Briarthorn'),
(90534, 693, 0, 'Briarthorn'),
(90535, 693, 0, 'Briarthorn'),
(90536, 693, 0, 'Briarthorn'),
(90537, 693, 0, 'Briarthorn'),
(90538, 693, 0, 'Briarthorn'),
(90539, 693, 0, 'Briarthorn'),
(90540, 693, 0, 'Briarthorn'),
(90541, 693, 0, 'Briarthorn'),
(90542, 693, 0, 'Briarthorn'),
(90543, 693, 0, 'Briarthorn'),
(90544, 693, 0, 'Briarthorn'),
(90545, 693, 0, 'Briarthorn'),
(90546, 693, 0, 'Briarthorn'),
(90547, 693, 0, 'Briarthorn'),
(90548, 693, 0, 'Briarthorn'),
(90549, 693, 0, 'Briarthorn'),
(90550, 693, 0, 'Briarthorn'),
(90551, 693, 0, 'Briarthorn'),
(90552, 693, 0, 'Briarthorn'),
(90553, 693, 0, 'Briarthorn'),
(90554, 692, 0, 'Bruiseweed'),
(90555, 692, 0, 'Bruiseweed'),
(90556, 692, 0, 'Bruiseweed'),
(90557, 692, 0, 'Bruiseweed'),
(90558, 692, 0, 'Bruiseweed'),
(90559, 692, 0, 'Bruiseweed'),
(90560, 692, 0, 'Bruiseweed'),
(90561, 692, 0, 'Bruiseweed'),
(90562, 692, 0, 'Bruiseweed'),
(90563, 692, 0, 'Bruiseweed'),
(90564, 692, 0, 'Bruiseweed'),
(90565, 692, 0, 'Bruiseweed'),
(90566, 692, 0, 'Bruiseweed'),
(90567, 692, 0, 'Bruiseweed'),
(90568, 692, 0, 'Bruiseweed'),
(90569, 692, 0, 'Bruiseweed'),
(90570, 692, 0, 'Bruiseweed'),
(90571, 692, 0, 'Bruiseweed'),
(90572, 692, 0, 'Bruiseweed'),
(90573, 692, 0, 'Bruiseweed'),
(90574, 692, 0, 'Bruiseweed'),
(90575, 692, 0, 'Bruiseweed'),
(90576, 692, 0, 'Bruiseweed'),
(90577, 692, 0, 'Bruiseweed'),
(90578, 692, 0, 'Bruiseweed'),
(90579, 692, 0, 'Bruiseweed'),
(90580, 692, 0, 'Bruiseweed'),
(90581, 692, 0, 'Bruiseweed'),
(90582, 692, 0, 'Bruiseweed'),
(90583, 692, 0, 'Bruiseweed'),
(90584, 692, 0, 'Bruiseweed'),
(90585, 692, 0, 'Bruiseweed'),
(90586, 692, 0, 'Bruiseweed'),
(90587, 692, 0, 'Bruiseweed'),
(90588, 692, 0, 'Bruiseweed'),
(90589, 692, 0, 'Bruiseweed'),
(90590, 692, 0, 'Bruiseweed'),
(90591, 692, 0, 'Bruiseweed'),
(90592, 692, 0, 'Bruiseweed'),
(90593, 692, 0, 'Bruiseweed'),
(90594, 692, 0, 'Bruiseweed'),
(90595, 692, 0, 'Bruiseweed'),
(90596, 692, 0, 'Bruiseweed'),
(90597, 692, 0, 'Bruiseweed'),
(90598, 692, 0, 'Bruiseweed'),
(90599, 692, 0, 'Bruiseweed'),
(90600, 692, 0, 'Bruiseweed'),
(90601, 692, 0, 'Bruiseweed'),
(90602, 692, 0, 'Bruiseweed'),
(90603, 692, 0, 'Bruiseweed'),
(90604, 692, 0, 'Bruiseweed'),
(90605, 692, 0, 'Bruiseweed'),
(90606, 692, 0, 'Bruiseweed'),
(90607, 692, 0, 'Bruiseweed'),
(90608, 692, 0, 'Bruiseweed'),
(90609, 692, 0, 'Bruiseweed'),
(90610, 692, 0, 'Bruiseweed'),
(90611, 692, 0, 'Bruiseweed'),
(90612, 692, 0, 'Bruiseweed'),
(90613, 692, 0, 'Bruiseweed'),
(90614, 692, 0, 'Bruiseweed'),
(90615, 692, 0, 'Bruiseweed'),
(90616, 692, 0, 'Bruiseweed'),
(90617, 692, 0, 'Bruiseweed'),
(90618, 692, 0, 'Bruiseweed'),
(90619, 692, 0, 'Bruiseweed'),
(90620, 692, 0, 'Bruiseweed'),
(90621, 692, 0, 'Bruiseweed'),
(90622, 692, 0, 'Bruiseweed'),
(90623, 692, 0, 'Bruiseweed'),
(90624, 692, 0, 'Bruiseweed'),
(90625, 692, 0, 'Bruiseweed'),
(90626, 692, 0, 'Bruiseweed'),
(90627, 692, 0, 'Bruiseweed'),
(90628, 692, 0, 'Bruiseweed'),
(90629, 696, 0, 'Wild Steelbloom'),
(90630, 692, 0, 'Bruiseweed'),
(90631, 692, 0, 'Bruiseweed'),
(90632, 692, 0, 'Bruiseweed'),
(90633, 692, 0, 'Bruiseweed'),
(90634, 696, 0, 'Wild Steelbloom'),
(90635, 692, 0, 'Bruiseweed'),
(90636, 692, 0, 'Bruiseweed'),
(90637, 696, 0, 'Wild Steelbloom'),
(90638, 692, 0, 'Bruiseweed'),
(90639, 692, 0, 'Bruiseweed'),
(90640, 692, 0, 'Bruiseweed'),
(90641, 692, 0, 'Bruiseweed'),
(90642, 692, 0, 'Bruiseweed'),
(90643, 692, 0, 'Bruiseweed'),
(90644, 692, 0, 'Bruiseweed'),
(90645, 692, 0, 'Bruiseweed'),
(90646, 692, 0, 'Bruiseweed'),
(90647, 692, 0, 'Bruiseweed'),
(90648, 692, 0, 'Bruiseweed'),
(90649, 696, 0, 'Wild Steelbloom'),
(90650, 696, 0, 'Wild Steelbloom'),
(90651, 696, 0, 'Wild Steelbloom'),
(90652, 696, 0, 'Wild Steelbloom'),
(90653, 696, 0, 'Wild Steelbloom'),
(90654, 696, 0, 'Wild Steelbloom'),
(90655, 696, 0, 'Wild Steelbloom'),
(90656, 696, 0, 'Wild Steelbloom'),
(90657, 696, 0, 'Wild Steelbloom'),
(90658, 694, 0, 'Kingsblood'),
(90659, 694, 0, 'Kingsblood'),
(90660, 696, 0, 'Wild Steelbloom'),
(90661, 696, 0, 'Wild Steelbloom'),
(90662, 696, 0, 'Wild Steelbloom'),
(90663, 696, 0, 'Wild Steelbloom'),
(90664, 696, 0, 'Wild Steelbloom'),
(90665, 696, 0, 'Wild Steelbloom'),
(90666, 696, 0, 'Wild Steelbloom'),
(90667, 696, 0, 'Wild Steelbloom'),
(90668, 696, 0, 'Wild Steelbloom'),
(90669, 696, 0, 'Wild Steelbloom'),
(90670, 694, 0, 'Kingsblood'),
(90671, 694, 0, 'Kingsblood'),
(90672, 694, 0, 'Kingsblood'),
(90673, 694, 0, 'Kingsblood'),
(90674, 694, 0, 'Kingsblood'),
(90675, 694, 0, 'Kingsblood'),
(90676, 694, 0, 'Kingsblood'),
(90677, 694, 0, 'Kingsblood'),
(90678, 694, 0, 'Kingsblood'),
(90679, 694, 0, 'Kingsblood'),
(90680, 694, 0, 'Kingsblood'),
(90681, 694, 0, 'Kingsblood'),
(90682, 694, 0, 'Kingsblood'),
(90683, 694, 0, 'Kingsblood'),
(90684, 694, 0, 'Kingsblood'),
(90685, 694, 0, 'Kingsblood'),
(90686, 694, 0, 'Kingsblood'),
(90687, 694, 0, 'Kingsblood'),
(90688, 694, 0, 'Kingsblood'),
(90689, 695, 0, 'Grave Moss'),
(90690, 695, 0, 'Grave Moss'),
(90691, 695, 0, 'Grave Moss'),
(90692, 688, 0, 'Earthroot'),
(90693, 689, 0, 'Peacebloom'),
(90694, 688, 0, 'Earthroot'),
(90695, 689, 0, 'Peacebloom'),
(90696, 690, 0, 'Silverleaf'),
(90697, 689, 0, 'Peacebloom'),
(90698, 689, 0, 'Peacebloom'),
(90699, 688, 0, 'Earthroot'),
(90700, 689, 0, 'Peacebloom'),
(90701, 690, 0, 'Silverleaf'),
(90702, 691, 0, 'Mageroyal'),
(90703, 691, 0, 'Mageroyal'),
(90704, 691, 0, 'Mageroyal'),
(90705, 692, 0, 'Bruiseweed'),
(90706, 692, 0, 'Bruiseweed'),
(90707, 696, 0, 'Wild Steelbloom'),
(90708, 696, 0, 'Wild Steelbloom'),
(90709, 696, 0, 'Wild Steelbloom'),
(90710, 696, 0, 'Wild Steelbloom'),
(90711, 696, 0, 'Wild Steelbloom'),
(90712, 694, 0, 'Kingsblood'),
(90713, 694, 0, 'Kingsblood'),
(90714, 694, 0, 'Kingsblood'),
(90715, 694, 0, 'Kingsblood'),
(90716, 694, 0, 'Kingsblood'),
(90717, 694, 0, 'Kingsblood'),
(90718, 694, 0, 'Kingsblood'),
(90719, 695, 0, 'Grave Moss'),
(90720, 692, 0, 'Bruiseweed'),
(90721, 692, 0, 'Bruiseweed'),
(90722, 688, 0, 'Earthroot'),
(90723, 688, 0, 'Earthroot'),
(90724, 688, 0, 'Earthroot'),
(90725, 688, 0, 'Earthroot'),
(90726, 688, 0, 'Earthroot'),
(90727, 688, 0, 'Earthroot'),
(90728, 688, 0, 'Earthroot'),
(90729, 688, 0, 'Earthroot'),
(90730, 688, 0, 'Earthroot'),
(90731, 688, 0, 'Earthroot'),
(90732, 688, 0, 'Earthroot'),
(90733, 694, 0, 'Kingsblood'),
(90734, 694, 0, 'Kingsblood'),
(90735, 694, 0, 'Kingsblood'),
(90736, 694, 0, 'Kingsblood'),
(90737, 694, 0, 'Kingsblood'),
(90738, 694, 0, 'Kingsblood'),
(90739, 694, 0, 'Kingsblood'),
(90740, 694, 0, 'Kingsblood'),
(90741, 694, 0, 'Kingsblood'),
(90742, 694, 0, 'Kingsblood'),
(90743, 691, 0, 'Mageroyal'),
(90744, 686, 0, 'Mageroyal'),
(90745, 686, 0, 'Mageroyal'),
(90746, 686, 0, 'Mageroyal'),
(90747, 686, 0, 'Mageroyal'),
(90748, 686, 0, 'Mageroyal'),
(90749, 686, 0, 'Mageroyal'),
(90750, 686, 0, 'Mageroyal'),
(90751, 686, 0, 'Mageroyal'),
(90752, 686, 0, 'Mageroyal'),
(90753, 686, 0, 'Mageroyal'),
(90754, 686, 0, 'Mageroyal'),
(90755, 686, 0, 'Mageroyal'),
(90756, 686, 0, 'Mageroyal'),
(90757, 686, 0, 'Mageroyal'),
(90758, 686, 0, 'Mageroyal'),
(90759, 686, 0, 'Mageroyal'),
(90760, 686, 0, 'Mageroyal'),
(90761, 686, 0, 'Mageroyal'),
(90762, 686, 0, 'Mageroyal'),
(90763, 686, 0, 'Mageroyal'),
(90764, 686, 0, 'Mageroyal'),
(90765, 686, 0, 'Mageroyal'),
(90766, 686, 0, 'Mageroyal'),
(90767, 686, 0, 'Mageroyal'),
(90768, 686, 0, 'Mageroyal'),
(90769, 686, 0, 'Mageroyal'),
(90770, 686, 0, 'Mageroyal'),
(90771, 686, 0, 'Mageroyal'),
(90772, 686, 0, 'Mageroyal'),
(90773, 686, 0, 'Mageroyal'),
(90774, 686, 0, 'Mageroyal'),
(90775, 686, 0, 'Mageroyal'),
(90776, 686, 0, 'Mageroyal'),
(90777, 686, 0, 'Mageroyal'),
(90778, 686, 0, 'Mageroyal'),
(90779, 686, 0, 'Mageroyal'),
(90780, 686, 0, 'Mageroyal'),
(90781, 686, 0, 'Mageroyal'),
(90782, 686, 0, 'Mageroyal'),
(90783, 686, 0, 'Mageroyal'),
(90784, 686, 0, 'Mageroyal'),
(90785, 686, 0, 'Mageroyal'),
(90786, 686, 0, 'Mageroyal'),
(90787, 686, 0, 'Mageroyal'),
(90788, 686, 0, 'Mageroyal'),
(90789, 686, 0, 'Mageroyal'),
(90790, 686, 0, 'Mageroyal'),
(90791, 686, 0, 'Mageroyal'),
(90792, 686, 0, 'Mageroyal'),
(90793, 686, 0, 'Mageroyal'),
(90794, 686, 0, 'Mageroyal'),
(90795, 686, 0, 'Mageroyal'),
(90796, 686, 0, 'Mageroyal'),
(90797, 686, 0, 'Mageroyal'),
(90798, 686, 0, 'Mageroyal'),
(90799, 686, 0, 'Mageroyal'),
(90800, 686, 0, 'Mageroyal'),
(90801, 686, 0, 'Mageroyal'),
(90802, 686, 0, 'Mageroyal'),
(90803, 686, 0, 'Mageroyal'),
(90804, 686, 0, 'Mageroyal'),
(90805, 686, 0, 'Mageroyal'),
(90806, 686, 0, 'Mageroyal'),
(90807, 686, 0, 'Mageroyal'),
(90808, 686, 0, 'Mageroyal'),
(90809, 686, 0, 'Mageroyal'),
(90810, 686, 0, 'Mageroyal'),
(90811, 686, 0, 'Mageroyal'),
(90812, 686, 0, 'Mageroyal'),
(90813, 686, 0, 'Mageroyal'),
(90814, 686, 0, 'Mageroyal'),
(90815, 686, 0, 'Mageroyal'),
(90816, 686, 0, 'Mageroyal'),
(90817, 686, 0, 'Mageroyal'),
(90818, 686, 0, 'Mageroyal'),
(90819, 686, 0, 'Mageroyal'),
(90820, 686, 0, 'Mageroyal'),
(90821, 686, 0, 'Mageroyal'),
(90822, 686, 0, 'Mageroyal'),
(90823, 686, 0, 'Mageroyal'),
(90824, 686, 0, 'Mageroyal'),
(90825, 686, 0, 'Mageroyal'),
(90826, 686, 0, 'Mageroyal'),
(90827, 686, 0, 'Mageroyal'),
(90828, 686, 0, 'Mageroyal'),
(90829, 686, 0, 'Mageroyal'),
(90830, 686, 0, 'Mageroyal'),
(90831, 686, 0, 'Mageroyal'),
(90832, 686, 0, 'Mageroyal'),
(90833, 686, 0, 'Mageroyal'),
(90834, 686, 0, 'Mageroyal'),
(90835, 686, 0, 'Mageroyal'),
(90836, 686, 0, 'Mageroyal'),
(90837, 686, 0, 'Mageroyal'),
(90838, 686, 0, 'Mageroyal'),
(90839, 686, 0, 'Mageroyal'),
(90840, 686, 0, 'Mageroyal'),
(90841, 686, 0, 'Mageroyal'),
(90842, 686, 0, 'Mageroyal'),
(90843, 686, 0, 'Mageroyal'),
(90844, 686, 0, 'Mageroyal'),
(90845, 686, 0, 'Mageroyal'),
(90846, 686, 0, 'Mageroyal'),
(90847, 686, 0, 'Mageroyal'),
(90848, 686, 0, 'Mageroyal'),
(90849, 686, 0, 'Mageroyal'),
(90850, 686, 0, 'Mageroyal'),
(90851, 686, 0, 'Mageroyal'),
(90852, 686, 0, 'Mageroyal'),
(90853, 686, 0, 'Mageroyal'),
(90854, 686, 0, 'Mageroyal'),
(90855, 686, 0, 'Mageroyal'),
(90856, 686, 0, 'Mageroyal'),
(90857, 686, 0, 'Mageroyal'),
(90858, 687, 0, 'Silverleaf'),
(90859, 687, 0, 'Silverleaf'),
(90860, 687, 0, 'Silverleaf'),
(90861, 687, 0, 'Silverleaf'),
(90862, 687, 0, 'Silverleaf'),
(90863, 687, 0, 'Silverleaf'),
(90864, 687, 0, 'Silverleaf'),
(90865, 687, 0, 'Silverleaf'),
(90866, 687, 0, 'Silverleaf'),
(90867, 687, 0, 'Silverleaf'),
(90868, 687, 0, 'Silverleaf'),
(90869, 687, 0, 'Silverleaf'),
(90870, 687, 0, 'Silverleaf'),
(90871, 687, 0, 'Silverleaf'),
(90872, 687, 0, 'Silverleaf'),
(90873, 687, 0, 'Silverleaf'),
(90874, 687, 0, 'Silverleaf'),
(90875, 687, 0, 'Silverleaf'),
(90876, 687, 0, 'Silverleaf'),
(90877, 687, 0, 'Silverleaf'),
(90878, 687, 0, 'Silverleaf'),
(90879, 687, 0, 'Silverleaf'),
(90880, 687, 0, 'Silverleaf'),
(90881, 687, 0, 'Silverleaf'),
(90882, 687, 0, 'Silverleaf'),
(90883, 687, 0, 'Silverleaf'),
(90884, 687, 0, 'Silverleaf'),
(90885, 687, 0, 'Silverleaf'),
(90886, 687, 0, 'Silverleaf'),
(90887, 687, 0, 'Silverleaf'),
(90888, 687, 0, 'Silverleaf'),
(90889, 687, 0, 'Silverleaf'),
(90890, 687, 0, 'Silverleaf'),
(90891, 687, 0, 'Silverleaf'),
(90892, 687, 0, 'Silverleaf'),
(90893, 687, 0, 'Silverleaf'),
(90894, 687, 0, 'Silverleaf'),
(90895, 687, 0, 'Silverleaf'),
(90896, 687, 0, 'Silverleaf'),
(90897, 687, 0, 'Silverleaf'),
(90898, 687, 0, 'Silverleaf'),
(90899, 687, 0, 'Silverleaf'),
(90900, 687, 0, 'Silverleaf'),
(90901, 687, 0, 'Silverleaf'),
(90902, 687, 0, 'Silverleaf'),
(90903, 687, 0, 'Silverleaf'),
(90904, 687, 0, 'Silverleaf'),
(90905, 687, 0, 'Silverleaf'),
(90906, 687, 0, 'Silverleaf'),
(90907, 687, 0, 'Silverleaf'),
(90908, 687, 0, 'Silverleaf'),
(90909, 687, 0, 'Silverleaf'),
(90910, 687, 0, 'Silverleaf'),
(90911, 696, 0, 'Wild Steelbloom'),
(90912, 696, 0, 'Wild Steelbloom'),
(90913, 696, 0, 'Wild Steelbloom'),
(90914, 696, 0, 'Wild Steelbloom'),
(90915, 696, 0, 'Wild Steelbloom'),
(90916, 696, 0, 'Wild Steelbloom'),
(90917, 689, 0, 'Peacebloom'),
(90918, 688, 0, 'Earthroot'),
(90919, 689, 0, 'Peacebloom'),
(90920, 693, 0, 'Briarthorn'),
(90921, 688, 0, 'Earthroot'),
(90922, 693, 0, 'Briarthorn'),
(90923, 693, 0, 'Briarthorn'),
(90924, 693, 0, 'Briarthorn'),
(90925, 693, 0, 'Briarthorn'),
(90926, 693, 0, 'Briarthorn'),
(90927, 693, 0, 'Briarthorn'),
(90928, 693, 0, 'Briarthorn'),
(90929, 693, 0, 'Briarthorn'),
(90930, 693, 0, 'Briarthorn'),
(90931, 693, 0, 'Briarthorn'),
(90932, 693, 0, 'Briarthorn'),
(90933, 693, 0, 'Briarthorn'),
(90934, 693, 0, 'Briarthorn'),
(90935, 693, 0, 'Briarthorn'),
(90936, 693, 0, 'Briarthorn'),
(90937, 693, 0, 'Briarthorn'),
(90938, 693, 0, 'Briarthorn'),
(90939, 693, 0, 'Briarthorn'),
(90940, 693, 0, 'Briarthorn'),
(90941, 693, 0, 'Briarthorn'),
(90942, 693, 0, 'Briarthorn'),
(90943, 693, 0, 'Briarthorn'),
(90944, 693, 0, 'Briarthorn'),
(90945, 693, 0, 'Briarthorn'),
(90946, 693, 0, 'Briarthorn'),
(90947, 693, 0, 'Briarthorn'),
(90948, 693, 0, 'Briarthorn'),
(90949, 693, 0, 'Briarthorn'),
(90950, 693, 0, 'Briarthorn'),
(90951, 693, 0, 'Briarthorn'),
(90952, 693, 0, 'Briarthorn'),
(90953, 693, 0, 'Briarthorn'),
(90954, 693, 0, 'Briarthorn'),
(90955, 693, 0, 'Briarthorn'),
(90956, 693, 0, 'Briarthorn'),
(90957, 693, 0, 'Briarthorn'),
(90958, 693, 0, 'Briarthorn'),
(90959, 693, 0, 'Briarthorn'),
(90960, 693, 0, 'Briarthorn'),
(90961, 693, 0, 'Briarthorn'),
(90962, 693, 0, 'Briarthorn'),
(90963, 693, 0, 'Briarthorn'),
(90964, 693, 0, 'Briarthorn'),
(90965, 693, 0, 'Briarthorn'),
(90966, 693, 0, 'Briarthorn'),
(90967, 693, 0, 'Briarthorn'),
(90968, 693, 0, 'Briarthorn'),
(90969, 693, 0, 'Briarthorn'),
(90970, 693, 0, 'Briarthorn'),
(90971, 693, 0, 'Briarthorn'),
(90972, 693, 0, 'Briarthorn'),
(90973, 693, 0, 'Briarthorn'),
(90974, 693, 0, 'Briarthorn'),
(90975, 693, 0, 'Briarthorn'),
(90976, 693, 0, 'Briarthorn'),
(90977, 693, 0, 'Briarthorn'),
(90978, 693, 0, 'Briarthorn'),
(90979, 693, 0, 'Briarthorn'),
(90980, 693, 0, 'Briarthorn'),
(90981, 693, 0, 'Briarthorn'),
(90982, 693, 0, 'Briarthorn'),
(90983, 693, 0, 'Briarthorn'),
(90984, 693, 0, 'Briarthorn'),
(90985, 693, 0, 'Briarthorn'),
(90986, 693, 0, 'Briarthorn'),
(90987, 693, 0, 'Briarthorn'),
(90988, 693, 0, 'Briarthorn'),
(90989, 693, 0, 'Briarthorn'),
(90990, 693, 0, 'Briarthorn'),
(90991, 693, 0, 'Briarthorn'),
(90992, 693, 0, 'Briarthorn'),
(90993, 693, 0, 'Briarthorn'),
(90994, 693, 0, 'Briarthorn'),
(90995, 693, 0, 'Briarthorn'),
(90996, 693, 0, 'Briarthorn'),
(90997, 693, 0, 'Briarthorn'),
(90998, 693, 0, 'Briarthorn'),
(90999, 693, 0, 'Briarthorn'),
(91000, 693, 0, 'Briarthorn'),
(91001, 693, 0, 'Briarthorn'),
(91002, 693, 0, 'Briarthorn'),
(91003, 693, 0, 'Briarthorn'),
(91004, 693, 0, 'Briarthorn'),
(91005, 693, 0, 'Briarthorn'),
(91006, 693, 0, 'Briarthorn'),
(91007, 693, 0, 'Briarthorn'),
(91008, 693, 0, 'Briarthorn'),
(91009, 693, 0, 'Briarthorn'),
(91010, 693, 0, 'Briarthorn'),
(91011, 693, 0, 'Briarthorn'),
(91012, 693, 0, 'Briarthorn'),
(91013, 693, 0, 'Briarthorn'),
(91014, 693, 0, 'Briarthorn'),
(91015, 693, 0, 'Briarthorn'),
(91016, 693, 0, 'Briarthorn'),
(91017, 693, 0, 'Briarthorn'),
(91018, 693, 0, 'Briarthorn'),
(91019, 693, 0, 'Briarthorn'),
(91020, 693, 0, 'Briarthorn'),
(91021, 693, 0, 'Briarthorn'),
(91022, 693, 0, 'Briarthorn'),
(91023, 693, 0, 'Briarthorn'),
(91024, 693, 0, 'Briarthorn'),
(91025, 693, 0, 'Briarthorn'),
(91026, 693, 0, 'Briarthorn'),
(91027, 693, 0, 'Briarthorn'),
(91028, 688, 0, 'Earthroot'),
(91029, 688, 0, 'Earthroot'),
(91030, 688, 0, 'Earthroot'),
(91031, 688, 0, 'Earthroot'),
(91032, 688, 0, 'Earthroot'),
(91033, 688, 0, 'Earthroot'),
(91034, 688, 0, 'Earthroot'),
(91035, 688, 0, 'Earthroot'),
(91036, 688, 0, 'Earthroot'),
(91037, 688, 0, 'Earthroot'),
(91038, 688, 0, 'Earthroot'),
(91039, 688, 0, 'Earthroot'),
(91040, 688, 0, 'Earthroot'),
(91041, 688, 0, 'Earthroot'),
(91042, 688, 0, 'Earthroot'),
(91043, 688, 0, 'Earthroot'),
(91044, 688, 0, 'Earthroot'),
(91045, 688, 0, 'Earthroot'),
(91046, 688, 0, 'Earthroot'),
(91047, 688, 0, 'Earthroot'),
(91048, 688, 0, 'Earthroot'),
(91049, 688, 0, 'Earthroot'),
(91050, 688, 0, 'Earthroot'),
(91051, 688, 0, 'Earthroot'),
(91052, 688, 0, 'Earthroot'),
(91053, 688, 0, 'Earthroot'),
(91054, 688, 0, 'Earthroot'),
(91055, 688, 0, 'Earthroot'),
(91056, 688, 0, 'Earthroot'),
(91057, 688, 0, 'Earthroot'),
(91058, 688, 0, 'Earthroot'),
(91059, 689, 0, 'Peacebloom'),
(91060, 689, 0, 'Peacebloom'),
(91061, 689, 0, 'Peacebloom'),
(91062, 689, 0, 'Peacebloom'),
(91063, 689, 0, 'Peacebloom'),
(91064, 689, 0, 'Peacebloom'),
(91065, 689, 0, 'Peacebloom'),
(91066, 689, 0, 'Peacebloom'),
(91067, 689, 0, 'Peacebloom'),
(91068, 689, 0, 'Peacebloom'),
(91069, 689, 0, 'Peacebloom'),
(91070, 689, 0, 'Peacebloom'),
(91071, 689, 0, 'Peacebloom'),
(91072, 689, 0, 'Peacebloom'),
(91073, 689, 0, 'Peacebloom'),
(91074, 689, 0, 'Peacebloom'),
(91075, 689, 0, 'Peacebloom'),
(91076, 689, 0, 'Peacebloom'),
(91077, 689, 0, 'Peacebloom'),
(91078, 689, 0, 'Peacebloom'),
(91079, 689, 0, 'Peacebloom'),
(91080, 689, 0, 'Peacebloom'),
(91081, 689, 0, 'Peacebloom'),
(91082, 689, 0, 'Peacebloom'),
(91083, 689, 0, 'Peacebloom'),
(91084, 689, 0, 'Peacebloom'),
(91085, 689, 0, 'Peacebloom'),
(91086, 689, 0, 'Peacebloom'),
(91087, 689, 0, 'Peacebloom'),
(91088, 689, 0, 'Peacebloom'),
(91089, 689, 0, 'Peacebloom'),
(91090, 689, 0, 'Peacebloom'),
(91091, 689, 0, 'Peacebloom'),
(91092, 689, 0, 'Peacebloom'),
(91093, 689, 0, 'Peacebloom'),
(91094, 689, 0, 'Peacebloom'),
(91095, 689, 0, 'Peacebloom'),
(91096, 689, 0, 'Peacebloom'),
(91097, 689, 0, 'Peacebloom'),
(91098, 689, 0, 'Peacebloom'),
(91099, 689, 0, 'Peacebloom'),
(91100, 689, 0, 'Peacebloom'),
(91101, 689, 0, 'Peacebloom'),
(91102, 689, 0, 'Peacebloom'),
(91103, 689, 0, 'Peacebloom'),
(91104, 689, 0, 'Peacebloom'),
(91105, 689, 0, 'Peacebloom'),
(91106, 689, 0, 'Peacebloom'),
(91107, 689, 0, 'Peacebloom'),
(91108, 689, 0, 'Peacebloom'),
(91109, 689, 0, 'Peacebloom'),
(91110, 689, 0, 'Peacebloom'),
(91111, 689, 0, 'Peacebloom'),
(91112, 689, 0, 'Peacebloom'),
(91113, 689, 0, 'Peacebloom'),
(91114, 689, 0, 'Peacebloom'),
(91115, 689, 0, 'Peacebloom'),
(91116, 689, 0, 'Peacebloom'),
(91117, 689, 0, 'Peacebloom'),
(91118, 689, 0, 'Peacebloom'),
(91119, 689, 0, 'Peacebloom'),
(91120, 689, 0, 'Peacebloom'),
(91121, 689, 0, 'Peacebloom'),
(91122, 689, 0, 'Peacebloom'),
(91123, 692, 0, 'Bruiseweed'),
(91124, 692, 0, 'Bruiseweed'),
(91125, 692, 0, 'Bruiseweed'),
(91126, 692, 0, 'Bruiseweed'),
(91127, 692, 0, 'Bruiseweed'),
(91128, 692, 0, 'Bruiseweed'),
(91129, 692, 0, 'Bruiseweed'),
(91130, 692, 0, 'Bruiseweed'),
(91131, 692, 0, 'Bruiseweed'),
(91132, 692, 0, 'Bruiseweed'),
(91133, 692, 0, 'Bruiseweed'),
(91134, 692, 0, 'Bruiseweed'),
(91135, 692, 0, 'Bruiseweed'),
(91136, 692, 0, 'Bruiseweed'),
(91137, 692, 0, 'Bruiseweed'),
(91138, 692, 0, 'Bruiseweed'),
(91139, 692, 0, 'Bruiseweed'),
(91140, 692, 0, 'Bruiseweed'),
(91141, 692, 0, 'Bruiseweed'),
(91142, 692, 0, 'Bruiseweed'),
(91143, 692, 0, 'Bruiseweed'),
(91144, 692, 0, 'Bruiseweed'),
(91145, 692, 0, 'Bruiseweed'),
(91146, 692, 0, 'Bruiseweed'),
(91147, 692, 0, 'Bruiseweed'),
(91148, 692, 0, 'Bruiseweed'),
(91149, 692, 0, 'Bruiseweed'),
(91150, 692, 0, 'Bruiseweed'),
(91151, 692, 0, 'Bruiseweed'),
(91152, 692, 0, 'Bruiseweed'),
(91153, 692, 0, 'Bruiseweed'),
(91154, 692, 0, 'Bruiseweed'),
(91155, 692, 0, 'Bruiseweed'),
(91156, 692, 0, 'Bruiseweed'),
(91157, 692, 0, 'Bruiseweed'),
(91158, 692, 0, 'Bruiseweed'),
(91159, 692, 0, 'Bruiseweed'),
(91160, 692, 0, 'Bruiseweed'),
(91161, 692, 0, 'Bruiseweed'),
(91162, 692, 0, 'Bruiseweed'),
(91163, 692, 0, 'Bruiseweed');

DELETE FROM `gameobject` WHERE `zoneId`=17 AND `guid` BETWEEN 89934 AND 91163;
INSERT INTO `gameobject` (`guid`, `id`, `map`, `zoneId`, `position_x`, `position_y`, `position_z`, `orientation`, `rotation0`, `rotation1`, `rotation2`, `rotation3`, `spawntimesecs`, `animprogress`, `state`) VALUES
(89934, 1617, 1, 17, 426.528, -2819, 91.667, 1.292, 0, 0, 0.601815, 0.798635, 900, 100, 1),
(89935, 1617, 1, 17, 451.246, -3406, 91.676, 0.925, 0, 0, 0.446198, 0.894934, 900, 100, 1),
(89936, 1617, 1, 17, 129.402, -2921, 92.663, -1, 0, 0, -0.587785, 0.809017, 900, 100, 1),
(89937, 1617, 1, 17, -1878, -3042, 89.075, 3.79, 0, 0, 0, 0, 900, 100, 1),
(89938, 1617, 1, 17, 1285.33, -4089, 30.211, 1.692, 0, 0, 0, 0, 900, 100, 1),
(89939, 1617, 1, 17, 600.744, -1319, 91.669, 4.113, 0, 0, 0, 0, 900, 100, 1),
(89940, 1617, 1, 17, 678.51, -1315, 93.493, 5.06, 0, 0, 0, 0, 900, 100, 1),
(89941, 1617, 1, 17, 1091.89, -4071, 15.142, 2.564, 0, 0, 0, 0, 900, 100, 1),
(89942, 1617, 1, 17, 1060.03, -4001, 22.855, 1.751, 0, 0, 0, 0, 900, 100, 1),
(89943, 1617, 1, 17, 1056.19, -3958, 19.563, 6.055, 0, 0, 0, 0, 900, 100, 1),
(89944, 1617, 1, 17, -231, -2394, 91.667, -2, 0, 0, -0.700909, 0.71325, 900, 100, 1),
(89945, 1617, 1, 17, 102.657, -4082, 54.749, 1.222, 0, 0, 0.573576, 0.819152, 900, 100, 1),
(89946, 1617, 1, 17, -476, -1969, 92.285, 0, 0, 0, -0.069756, 0.997564, 900, 100, 1),
(89947, 1617, 1, 17, 379.352, -4041, 32.195, 1.394, 0, 0, 0, 0, 900, 100, 1),
(89948, 1617, 1, 17, 12.392, -2422, 93.3824, 4.086, 0, 0, 0, 0, 900, 100, 1),
(89949, 1617, 1, 17, -15, -2447, 119.412, 5.365, 0, 0, 0, 0, 900, 100, 1),
(89950, 1617, 1, 17, -849, -2739, 91.667, 0.314, 0, 0, 0.156434, 0.987688, 900, 100, 1),
(89951, 1617, 1, 17, 10.926, -2448, 102.508, 4.192, 0, 0, 0, 0, 900, 100, 1),
(89952, 1617, 1, 17, -799, -2859, 91.6667, 0.471, 0, 0, 0, 0, 900, 100, 1),
(89953, 1617, 1, 17, -554, -2706, 91.6667, 0.314, 0, 0, 0.156434, 0.987688, 900, 100, 1),
(89954, 1617, 1, 17, 739.137, -3901, 18.2389, 4.657, 0, 0, 0, 0, 900, 100, 1),
(89955, 1617, 1, 17, -1187, -3192, 91.842, -1, 0, 0, -0.594823, 0.803857, 900, 100, 1),
(89956, 1617, 1, 17, 54.377, -1883, 94.587, 4.125, 0, 0, 0, 0, 900, 100, 1),
(89957, 1617, 1, 17, 176.738, -1994, 92.355, 5.221, 0, 0, 0, 0, 900, 100, 1),
(89958, 1617, 1, 17, 166.057, -1710, 93.846, 2.26, 0, 0, 0, 0, 900, 100, 1),
(89959, 1617, 1, 17, -81, -3201, 91.742, 3.079, 0, 0, 0, 0, 900, 100, 1),
(89960, 1617, 1, 17, -965, -2050, 81.107, 3.941, 0, 0, 0.92123, -0.389019, 900, 100, 1),
(89961, 1617, 1, 17, 750.504, -2393, 91.667, 2.618, 0, 0, 0.965926, 0.258819, 900, 100, 1),
(89962, 1617, 1, 17, -902, -2070, 81.519, 4.347, 0, 0, 0, 0, 900, 100, 1),
(89963, 1617, 1, 17, 521.092, -3665, 27.5804, -3, 0, 0, -0.961262, 0.275638, 900, 100, 1),
(89964, 1617, 1, 17, -27, -2243, 91.667, 0.192, 0, 0, 0.095846, 0.995396, 900, 100, 1),
(89965, 1617, 1, 17, -86, -2895, 92.098, 3.935, 0, 0, 0, 0, 900, 100, 1),
(89966, 1617, 1, 17, 619.577, -1386, 99.08, 0.308, 0, 0, 0.153302, 0.988179, 900, 100, 1),
(89967, 1617, 1, 17, 468.837, -3003, 92.177, 0.017, 0, 0, 0.008726, 0.999962, 900, 100, 1),
(89968, 1617, 1, 17, -838, -1968, 92.062, 4.968, 0, 0, 0, 0, 900, 100, 1),
(89969, 1617, 1, 17, -1312, -3094, 93.238, -2, 0, 0, -0.843391, 0.5373, 900, 100, 1),
(89970, 1617, 1, 17, -1929, -2870, 91.855, 3.491, 0, 0, 0, 0, 900, 100, 1),
(89971, 1617, 1, 17, -1868, -2995, 93.478, 4.273, 0, 0, 0, 0, 900, 100, 1),
(89972, 1617, 1, 17, -1871, -2958, 92.585, 3.711, 0, 0, 0, 0, 900, 100, 1),
(89973, 1617, 1, 17, 246.02, -3153, 90.082, -1, 0, 0, -0.529919, 0.848048, 900, 100, 1),
(89974, 1617, 1, 17, -1571, -2899, 91.667, 0.454, 0, 0, 0.224951, 0.97437, 900, 100, 1),
(89975, 1617, 1, 17, 14.181, -2483, 94.253, 2.48, 0, 0, 0, 0, 900, 100, 1),
(89976, 1617, 1, 17, -866, -2020, 85.566, 4.834, 0, 0, 0, 0, 900, 100, 1),
(89977, 1617, 1, 17, 550.517, -3523, 92.946, 0.733, 0, 0, 0.358368, 0.93358, 900, 100, 1),
(89978, 1617, 1, 17, 385.542, -4081.23, 32.0753, 4.03171, 0, 0, -0.902585, 0.430512, 900, 100, 1),
(89979, 1617, 1, 17, -679, -2453, 91.667, 1.815, 0, 0, 0.788011, 0.615662, 900, 100, 1),
(89980, 1617, 1, 17, 1098.23, -4027, 17.6118, 5.2709, 0, 0, -0.484809, 0.87462, 900, 100, 1),
(89981, 1617, 1, 17, 510.254, -3594, 47.684, 0.334, 0, 0, 0, 0, 900, 100, 1),
(89982, 1617, 1, 17, 238.709, -2781, 91.74, -3, 0, 0, -0.97437, 0.224951, 900, 100, 1),
(89983, 1617, 1, 17, -925, -2266, 93.589, 4.025, 0, 0, 0, 0, 900, 100, 1),
(89984, 1617, 1, 17, -40, -2752, 92.347, 5.011, 0, 0, 0, 0, 900, 100, 1),
(89985, 1617, 1, 17, -428, -2486, 92.1681, 0, 0, 0, -0.087156, 0.996195, 900, 100, 1),
(89986, 1617, 1, 17, -388, -2113, 92.588, 4.281, 0, 0, 0, 0, 900, 100, 1),
(89987, 1617, 1, 17, -925, -2141, 94.768, 3.884, 0, 0, 0, 0, 900, 100, 1),
(89988, 1617, 1, 17, -928, -2109, 86.804, 1.481, 0, 0, 0, 0, 900, 100, 1),
(89989, 1617, 1, 17, -949, -2122, 85.644, 5.294, 0, 0, 0, 0, 900, 100, 1),
(89990, 1617, 1, 17, -962, -2087, 81.277, 3.57, 0, 0, 0, 0, 900, 100, 1),
(89991, 1617, 1, 17, -938, -2088, 81.478, 3.849, 0, 0, 0, 0, 900, 100, 1),
(89992, 1617, 1, 17, -949, -2219, 92.869, 3.095, 0, 0, 0, 0, 900, 100, 1),
(89993, 1617, 1, 17, -935, -2185, 93.575, 4.131, 0, 0, 0, 0, 900, 100, 1),
(89994, 1617, 1, 17, 407.447, -1550, 91.668, 4.109, 0, 0, 0, 0, 900, 100, 1),
(89995, 1617, 1, 17, 459.652, -1481, 91.866, 1.204, 0, 0, 0.566406, 0.824126, 900, 100, 1),
(89996, 1617, 1, 17, 361.168, -4016, 37.454, 1.586, 0, 0, 0, 0, 900, 100, 1),
(89997, 1617, 1, 17, -509, -2567, 97.1202, 0.083, 0, 0, 0, 0, 900, 100, 1),
(89998, 1617, 1, 17, -1112, -2155, 81.6089, -3, 0, 0, -0.995396, 0.095846, 900, 100, 1),
(89999, 1617, 1, 17, -95, -3173, 92.1766, 2.733, 0, 0, 0, 0, 900, 100, 1),
(90000, 1617, 1, 17, 17.599, -2472, 91.6787, 2.814, 0, 0, 0, 0, 900, 100, 1),
(90001, 1617, 1, 17, -14, -2479, 96.4233, 0.214, 0, 0, 0, 0, 900, 100, 1),
(90002, 1617, 1, 17, -10, -2573, 91.6666, 1.807, 0, 0, 0, 0, 900, 100, 1),
(90003, 1617, 1, 17, -320, -2246, 96.1988, 1.63, 0, 0, 0, 0, 900, 100, 1),
(90004, 1617, 1, 17, -1166, -2066, 92.192, -3, 0, 0, 0, 0, 900, 100, 1),
(90005, 1617, 1, 17, -1186, -2050, 93.379, 5.677, 0, 0, 0, 0, 900, 100, 1),
(90006, 1617, 1, 17, -903, -2083, 84.378, -2, 0, 0, -0.700909, 0.71325, 900, 100, 1),
(90007, 1617, 1, 17, -1200, -2143, 92.251, 0.035, 0, 0, 0, 0, 900, 100, 1),
(90008, 1617, 1, 17, -1003, -1941, 92.492, 0.103, 0, 0, 0, 0, 900, 100, 1),
(90009, 1617, 1, 17, -1594, -2977, 91.667, 0.55, 0, 0, 0, 0, 900, 100, 1),
(90010, 1617, 1, 17, -862.315, -1975.61, 91.8611, 3.735, 0, 0, 0, 0, 900, 100, 1),
(90011, 1617, 1, 17, -83, -3133, 91.667, 2.258, 0, 0, 0, 0, 900, 100, 1),
(90012, 1617, 1, 17, -29, -2448, 130.948, 3.181, 0, 0, 0, 0, 900, 100, 1),
(90013, 1617, 1, 17, -983, -2005, 86.313, -1, 0, 0, 0, 0, 900, 100, 1),
(90014, 1617, 1, 17, 30.644, -2447, 94.4615, 3.216, 0, 0, 0, 0, 900, 100, 1),
(90015, 1617, 1, 17, -1022, -2285, 93.593, 0.541, 0, 0, 0.267238, 0.96363, 900, 100, 1),
(90016, 1617, 1, 17, -1169, -3006, 96.56, -2, 0, 0, -0.866025, 0.5, 900, 100, 1),
(90017, 1617, 1, 17, 177.122, -1527, 91.667, 2.814, 0, 0, 0, 0, 900, 100, 1),
(90018, 1617, 1, 17, 567.816, -1303, 94.775, 2.676, 0, 0, 0, 0, 900, 100, 1),
(90019, 1617, 1, 17, 570.903, -1287, 94.319, 1.781, 0, 0, 0, 0, 900, 100, 1),
(90020, 1617, 1, 17, 382.008, -1569, 91.667, 5.127, 0, 0, 0, 0, 900, 100, 1),
(90021, 1617, 1, 17, 431.152, -1580, 96.039, 3.854, 0, 0, 0, 0, 900, 100, 1),
(90022, 1617, 1, 17, -871.021, -2016.11, 86.3636, 4.834, 0, 0, 0, 0, 900, 100, 1),
(90023, 1617, 1, 17, 330.94, -3561, 31.469, 2.211, 0, 0, 0, 0, 900, 100, 1),
(90024, 1617, 1, 17, -1157, -2284, 90.7762, -1, 0, 0, 0, 0, 900, 100, 1),
(90025, 1617, 1, 17, -1309, -2798, 93.388, -1, 0, 0, -0.636078, 0.771625, 900, 100, 1),
(90026, 1617, 1, 17, -224, -1996, 91.751, 1.85, 0, 0, 0.798635, 0.601815, 900, 100, 1),
(90027, 1617, 1, 17, -321, -2227, 96.31, 1.396, 0, 0, 0.642787, 0.766045, 900, 100, 1),
(90028, 1617, 1, 17, -986, -2160, 95.97, 5.348, 0, 0, 0.450772, -0.892639, 900, 100, 1),
(90029, 1617, 1, 17, -595, -2712, 96.083, 6.067, 0, 0, 0, 0, 900, 100, 1),
(90030, 1617, 1, 17, -44, -2584, 98.986, 0.888, 0, 0, 0, 0, 900, 100, 1),
(90031, 1617, 1, 17, -226, -2930, 91.667, 2.914, 0, 0, 0, 0, 900, 100, 1),
(90032, 1617, 1, 17, -67, -2596, 95.816, 0.526, 0, 0, 0, 0, 900, 100, 1),
(90033, 1617, 1, 17, -1032, -2625, 91.6813, 1.92, 0, 0, 0.819152, 0.573577, 900, 100, 1),
(90034, 1617, 1, 17, 1081.16, -3941, 20.1012, 5.977, 0, 0, 0, 0, 900, 100, 1),
(90035, 1617, 1, 17, -1277, -2945, 93.027, 2.985, 0, 0, 0.996917, 0.078459, 900, 100, 1),
(90036, 1617, 1, 17, -1343, -3034, 93.186, -1, 0, 0, -0.544639, 0.838671, 900, 100, 1),
(90037, 1617, 1, 17, -143, -2583, 91.667, -2, 0, 0, -0.743145, 0.669131, 900, 100, 1),
(90038, 1617, 1, 17, -897, -2041, 81.1253, 5.859, 0, 0, 0, 0, 900, 100, 1),
(90039, 1618, 1, 17, -41.5059, -3118.83, 91.6667, 4.92167, 0, 0, 0, 0, 900, 100, 1),
(90040, 1618, 1, 17, 729.119, -2256, 91.867, 5.487, 0, 0, 0.387493, -0.921873, 900, 100, 1),
(90041, 1618, 1, 17, 556.678, -1995.76, 92.3879, 2.65801, 0, 0, 0, 0, 900, 100, 1),
(90042, 1618, 1, 17, 193.468, -2882.15, 92.4584, 0.83839, 0, 0, 0, 0, 900, 100, 1),
(90043, 1618, 1, 17, -2384, -2246, 91.693, 2.164, 0, 0, 0.882947, 0.469472, 900, 100, 1),
(90044, 1618, 1, 17, -86, -3649, 27.185, -1, 0, 0, -0.469471, 0.882948, 900, 100, 1),
(90045, 1618, 1, 17, -2258, -1570, 92.182, 0.698, 0, 0, 0.34202, 0.939693, 900, 100, 1),
(90046, 1618, 1, 17, 685.948, -2095.02, 91.7908, 1.61081, 0, 0, 0, 0, 900, 100, 1),
(90047, 1618, 1, 17, 715.583, -2551, 92.8, -2, 0, 0, -0.771624, 0.636078, 900, 100, 1),
(90048, 1618, 1, 17, -194.162, -2978.44, 91.8378, 6.0746, 0, 0, 0, 0, 900, 100, 1),
(90049, 1618, 1, 17, -192.94, -2938.51, 91.6667, 5.73737, 0, 0, 0, 0, 900, 100, 1),
(90050, 1618, 1, 17, -216.735, -2924.06, 91.6667, 5.6693, 0, 0, 0, 0, 900, 100, 1),
(90051, 1618, 1, 17, -305.816, -2863.73, 91.8528, 3.9139, 0, 0, 0, 0, 900, 100, 1),
(90052, 1618, 1, 17, -282.529, -2852.3, 93.6843, 3.28559, 0, 0, 0, 0, 900, 100, 1),
(90053, 1618, 1, 17, -2129, -1909, 91.97, 2.295, 0, 0, 0.911671, 0.410921, 900, 100, 1),
(90054, 1618, 1, 17, -1614, -2140, 94.358, -2, 0, 0, -0.87462, 0.48481, 900, 100, 1),
(90055, 1618, 1, 17, -3201, -1693, 92.65, 4.67, 0, 0, 0.721843, -0.692056, 900, 100, 1),
(90056, 1618, 1, 17, -1646, -2052, 93.063, 2.042, 0, 0, 0.85264, 0.522499, 900, 100, 1),
(90057, 1618, 1, 17, 250.089, -3049, 95.9372, -2, 0, 0, -0.760406, 0.649448, 900, 100, 1),
(90058, 1618, 1, 17, -2616, -1889, 95.635, -3, 0, 0, -0.993572, 0.113203, 900, 100, 1),
(90059, 1618, 1, 17, 1081.14, -3482.74, 78.4402, 3.60706, 0, 0, 0, 0, 900, 100, 1),
(90060, 1618, 1, 17, 1097.74, -3484.35, 80.1662, 4.34796, 0, 0, 0, 0, 900, 100, 1),
(90061, 1618, 1, 17, -2455, -2047, 96.458, 3.142, 0, 0, 1, 0, 900, 100, 1),
(90062, 1618, 1, 17, -1884, -2285, 94.998, -2, 0, 0, -0.824126, 0.566406, 900, 100, 1),
(90063, 1618, 1, 17, -3382, -1916, 92.149, 3.019, 0, 0, 0.998135, 0.061049, 900, 100, 1),
(90064, 1618, 1, 17, -410, -2853, 93.469, -2, 0, 0, -0.75471, 0.656059, 900, 100, 1),
(90065, 1618, 1, 17, 692.531, -2259.45, 93.0926, 1.61081, 0, 0, 0, 0, 900, 100, 1),
(90066, 1618, 1, 17, -3614, -1942, 94.079, 0, 0, 0, -0.147809, 0.989016, 900, 100, 1),
(90067, 1618, 1, 17, -1650, -3865, 12.6511, 0, 0, 0, -0.139173, 0.990268, 900, 100, 1),
(90068, 1618, 1, 17, -48, -3251, 91.665, 0.75, 0, 0, 0.366501, 0.930417, 900, 100, 1),
(90069, 1618, 1, 17, -147, -2948, 91.919, -2, 0, 0, -0.824126, 0.566406, 900, 100, 1),
(90070, 1618, 1, 17, -947, -2619, 91.7813, -1, 0, 0, -0.507538, 0.861629, 900, 100, 1),
(90071, 1618, 1, 17, -308, -1821, 95.68, 0, 0, 0, -0.130526, 0.991445, 900, 100, 1),
(90072, 1618, 1, 17, 280.681, -2581, 93.882, 2.094, 0, 0, 0.866025, 0.5, 900, 100, 1),
(90073, 1618, 1, 17, 1131.45, -3443.82, 91.2216, 0.87386, 0, 0, 0, 0, 900, 100, 1),
(90074, 1618, 1, 17, -158, -3379, 92.306, 0.244, 0, 0, 0.121869, 0.992546, 900, 100, 1),
(90075, 1618, 1, 17, -1220, -2018, 91.667, -2, 0, 0, 0, 0, 900, 100, 1),
(90076, 1618, 1, 17, -1358, -2044, 91.852, 2.251, 0, 0, 0.902585, 0.430511, 900, 100, 1),
(90077, 1618, 1, 17, -414, -3545, 92.938, -2, 0, 0, -0.737277, 0.67559, 900, 100, 1),
(90078, 1618, 1, 17, -2522, -2315, 94.568, 2.583, 0, 0, 0.961262, 0.275638, 900, 100, 1),
(90079, 1618, 1, 17, 482.284, -4083.93, 30.2555, 2.87979, 0, 0, 0.991445, 0.130528, 900, 100, 1),
(90080, 1618, 1, 17, 679.261, -2214, 94.433, 1.658, 0, 0, 0.737277, 0.67559, 900, 100, 1),
(90081, 1618, 1, 17, -2191, -1945, 93.967, -3, 0, 0, -0.999391, 0.0349, 900, 100, 1),
(90082, 1618, 1, 17, 670.238, -2078.75, 91.835, 2.34385, 0, 0, 0, 0, 900, 100, 1),
(90083, 1618, 1, 17, -219, -2587, 94.276, -1, 0, 0, -0.608761, 0.793353, 900, 100, 1),
(90084, 1618, 1, 17, 185.601, -2779.78, 91.6667, 1.56462, 0, 0, 0, 0, 900, 100, 1),
(90085, 1618, 1, 17, 934.152, -3079.21, 91.7325, 4.62728, 0, 0, 0, 0, 900, 100, 1),
(90086, 1618, 1, 17, -3630, -1894, 91.849, 2.734, 0, 0, 0.979356, 0.202144, 900, 100, 1),
(90087, 1618, 1, 17, 796.154, -2962.45, 91.6667, 5.49907, 0, 0, 0, 0, 900, 100, 1),
(90088, 1618, 1, 17, -2336, -2068, 97.571, 4.353, 0, 0, 0.822235, -0.569149, 900, 100, 1),
(90089, 1618, 1, 17, -80, -3889, 46.884, 0, 0, 0, -0.173648, 0.984808, 900, 100, 1),
(90090, 1618, 1, 17, -2820, -1986, 94.405, 1.047, 0, 0, 0.5, 0.866025, 900, 100, 1),
(90091, 1618, 1, 17, -3509, -1917, 93.863, -2, 0, 0, -0.930417, 0.366501, 900, 100, 1),
(90092, 1618, 1, 17, -174.129, -3886.43, 41.3098, 3.99681, 0, 0, -0.909961, 0.414694, 900, 100, 1),
(90093, 1618, 1, 17, 106.372, -4009.62, 46.3773, 5.8294, 0, 0, -0.224951, 0.97437, 900, 100, 1),
(90094, 1618, 1, 17, -919, -2302, 91.667, 3.002, 0, 0, 0.997564, 0.069757, 900, 100, 1),
(90095, 1618, 1, 17, 587.152, -4016.66, 10.3527, 0.0349062, 0, 0, 0.0174522, 0.999848, 900, 100, 1),
(90096, 1618, 1, 17, 79.519, -3551, 29.475, -2, 0, 0, -0.93358, 0.358368, 900, 100, 1),
(90097, 1618, 1, 17, -2196, -2320, 93.627, 0, 0, 0, -0.173648, 0.984808, 900, 100, 1),
(90098, 1618, 1, 17, -1985, -1981, 92.78, 0, 0, 0, -0.008726, 0.999962, 900, 100, 1),
(90099, 1618, 1, 17, 1114.99, -3380, 93.9374, -1, 0, 0, -0.469471, 0.882948, 900, 100, 1),
(90100, 1618, 1, 17, -710, -3489, 91.664, 0, 0, 0, -0.199368, 0.979925, 900, 100, 1),
(90101, 1618, 1, 17, -416, -2054, 91.667, -1, 0, 0, -0.580703, 0.814115, 900, 100, 1),
(90102, 1618, 1, 17, -3549, -2351, 96.467, -3, 0, 0, -0.953717, 0.300706, 900, 100, 1),
(90103, 1618, 1, 17, -1519, -1745, 92.678, -1, 0, 0, -0.551937, 0.833886, 900, 100, 1),
(90104, 1618, 1, 17, -2484, -1778, 93.208, 0.349, 0, 0, 0, 0, 900, 100, 1),
(90105, 1618, 1, 17, 390.695, -3414, 95.051, 0.454, 0, 0, 0.224951, 0.97437, 900, 100, 1),
(90106, 1618, 1, 17, -3450, -2217, 92.08, -2, 0, 0, -0.887011, 0.461749, 900, 100, 1),
(90107, 1618, 1, 17, -212.159, -2967.09, 91.6667, 4.78654, 0, 0, 0, 0, 900, 100, 1),
(90108, 1618, 1, 17, -2618, -2338, 91.747, -2, 0, 0, 0.819152, -0.573576, 900, 100, 1),
(90109, 1618, 1, 17, -622, -3583, 91.664, 0.593, 0, 0, 0.292372, 0.956305, 900, 100, 1),
(90110, 1618, 1, 17, -183, -2815, 91.96, -3, 0, 0, -0.983255, 0.182235, 900, 100, 1),
(90111, 1618, 1, 17, 209.838, -4051.3, 44.4966, 2.26893, 0, 0, 0.906307, 0.422619, 900, 100, 1),
(90112, 1618, 1, 17, 685.138, -2281.22, 91.6717, 2.21922, 0, 0, 0, 0, 900, 100, 1),
(90113, 1618, 1, 17, 626.688, -2669.35, 95.3372, 4.2372, 0, 0, 0, 0, 900, 100, 1),
(90114, 1618, 1, 17, 664.583, -2376.75, 92.3499, 4.82102, 0, 0, 0, 0, 900, 100, 1),
(90115, 1618, 1, 17, -1621, -1809, 93.232, 4.203, 0, 0, 0.862571, -0.505936, 900, 100, 1),
(90116, 1618, 1, 17, -950, -2815, 93.486, 0.768, 0, 0, 0.374607, 0.927184, 900, 100, 1),
(90117, 1618, 1, 17, -420, -2379, 91.757, -2, 0, 0, -0.906308, 0.422618, 900, 100, 1),
(90118, 1619, 1, 17, 350.451, -1597.26, 91.6667, 1.47587, 0, 0, 0, 0, 900, 100, 1),
(90119, 1619, 1, 17, 288.729, -3507.36, 26.2807, 4.68536, 0, 0, 0, 0, 900, 100, 1),
(90120, 1619, 1, 17, -2173, -1689, 121.94, -1, 0, 0, -0.414694, 0.909961, 900, 100, 1),
(90121, 1619, 1, 17, -1683.05, -3926.45, 14.7665, 6.20873, 0, 0, 0, 0, 900, 100, 1),
(90122, 1619, 1, 17, -1753, -3692, 34.266, 1.326, 0, 0, 0, 0, 900, 100, 1),
(90123, 1619, 1, 17, -725.992, -1698.86, 91.6666, 3.08044, 0, 0, 0, 0, 900, 100, 1),
(90124, 1619, 1, 17, -730.938, -1711.28, 91.6736, 3.08044, 0, 0, 0, 0, 900, 100, 1),
(90125, 1619, 1, 17, -1219.48, -3603.84, 91.7114, 1.33218, 0, 0, 0, 0, 900, 100, 1),
(90126, 1619, 1, 17, -1568.58, -3925.92, 5.33258, 3.41157, 0, 0, 0, 0, 900, 100, 1),
(90127, 1619, 1, 17, -1399.08, -3937.55, 16.4094, 0.88737, 0, 0, 0, 0, 900, 100, 1),
(90128, 1619, 1, 17, -1427.45, -3886.49, 11.1764, 5.70761, 0, 0, 0, 0, 900, 100, 1),
(90129, 1619, 1, 17, -1380.69, -3920.57, 13.4836, 5.19515, 0, 0, 0, 0, 900, 100, 1),
(90130, 1619, 1, 17, -1399.88, -3897.8, 10.7591, 6.02058, 0, 0, 0, 0, 900, 100, 1),
(90131, 1619, 1, 17, 827.549, -3665, 37.924, -2, 0, 0, -0.798635, 0.601815, 900, 100, 1),
(90132, 1619, 1, 17, -3671, -1757, 92.468, 0.82, 0, 0, 0.398749, 0.91706, 900, 100, 1),
(90133, 1619, 1, 17, -2552, -1731, 109.768, 2.74, 0, 0, 0, 0, 900, 100, 1),
(90134, 1619, 1, 17, 660.011, -3663, 42.4832, 0.349, 0, 0, 0.173648, 0.984808, 900, 100, 1),
(90135, 1619, 1, 17, 796.822, -3694.82, 27.8678, 5.56688, 0, 0, 0, 0, 900, 100, 1),
(90136, 3726, 1, 17, -1546.28, -3958.2, 20.1385, 0.645772, 0, 0, 0.317305, 0.948324, 900, 100, 1),
(90137, 1619, 1, 17, 1002.19, -3723.77, 28.6232, 2.90916, 0, 0, 0, 0, 900, 100, 1),
(90138, 1619, 1, 17, -1435.26, -3495.68, 168.965, 5.71933, 0, 0, 0, 0, 900, 100, 1),
(90139, 1619, 1, 17, -1242.13, -3639.65, 93.7278, 5.56671, 0, 0, 0, 0, 900, 100, 1),
(90140, 1619, 1, 17, -1261.03, -3626.34, 93.4734, 0.65479, 0, 0, 0, 0, 900, 100, 1),
(90141, 1619, 1, 17, -1274.41, -3625.15, 91.9569, 0.8904, 0, 0, 0, 0, 900, 100, 1),
(90142, 1619, 1, 17, 52.02, -4089, 59.938, 2.74, 0, 0, 0.979925, 0.199368, 900, 100, 1),
(90143, 1619, 1, 17, 958.55, -4054.57, -11.1736, 3.9619, 0, 0, -0.91706, 0.39875, 900, 100, 1),
(90144, 1619, 1, 17, 7.87769, -1834.7, 95.1932, 2.60864, 0, 0, 0, 0, 900, 100, 1),
(90145, 1619, 1, 17, -22.9203, -1803.21, 93.6704, 1.55545, 0, 0, 0, 0, 900, 100, 1),
(90146, 1619, 1, 17, -1417.26, -3445.1, 213.337, 4.50592, 0, 0, 0, 0, 900, 100, 1),
(90147, 1619, 1, 17, -1427.79, -3445.93, 214.587, 4.45291, 0, 0, 0, 0, 900, 100, 1),
(90148, 1619, 1, 17, -1208.22, -3644.08, 94.0896, 5.73399, 0, 0, 0, 0, 900, 100, 1),
(90149, 1619, 1, 17, 515.16, -3927.33, 22.4875, 1.55334, 0, 0, 0.700909, 0.713251, 900, 100, 1),
(90150, 1619, 1, 17, -1722, -3900, 16.644, 0.105, 0, 0, 0, 0, 900, 100, 1),
(90151, 1619, 1, 17, 40.709, -1750, 111.657, -2, 0, 0, -0.93358, 0.358368, 900, 100, 1),
(90152, 1619, 1, 17, -1643.27, -3895.83, 10.3253, 5.0943, 0, 0, 0, 0, 900, 100, 1),
(90153, 1619, 1, 17, -1175.35, -3544.48, 91.7055, 4.29441, 0, 0, 0, 0, 900, 100, 1),
(90154, 1619, 1, 17, -1673.7, -3853.93, 12.7435, 5.0943, 0, 0, 0, 0, 900, 100, 1),
(90155, 1619, 1, 17, -1725.68, -3886.94, 25.6459, 5.55198, 0, 0, 0, 0, 900, 100, 1),
(90156, 1619, 1, 17, -1722.56, -3866.18, 15.694, 2.98676, 0, 0, 0, 0, 900, 100, 1),
(90157, 1619, 1, 17, 398.168, -1545.98, 92.2844, 4.19531, 0, 0, 0, 0, 900, 100, 1),
(90158, 1619, 1, 17, -1368, -3949, 42.982, 2.077, 0, 0, 0.861629, 0.507538, 900, 100, 1),
(90159, 1619, 1, 17, 141.065, -2473, 141.088, -3, 0, 0, -0.951056, 0.309017, 900, 100, 1),
(90160, 1619, 1, 17, 484.319, -3651.03, 28.5224, 5.32961, 0, 0, 0, 0, 900, 100, 1),
(90161, 1619, 1, 17, -1383.55, -3892.37, 12.6679, 2.95612, 0, 0, 0, 0, 900, 100, 1),
(90162, 1619, 1, 17, 289.874, -3493.67, 28.058, 1.57037, 0, 0, 0, 0, 900, 100, 1),
(90163, 1619, 1, 17, 318.421, -3508.9, 34.9301, 5.91133, 0, 0, 0, 0, 900, 100, 1),
(90164, 1619, 1, 17, -1327.19, -3889.31, 10.8991, 4.69141, 0, 0, 0, 0, 900, 100, 1),
(90165, 1619, 1, 17, -1344.71, -3929.48, 9.64366, 4.62662, 0, 0, 0, 0, 900, 100, 1),
(90166, 1619, 1, 17, -1446.15, -3439.39, 214.927, 4.45291, 0, 0, 0, 0, 900, 100, 1),
(90167, 1619, 1, 17, -1423.85, -3431.07, 213.844, 4.45291, 0, 0, 0, 0, 900, 100, 1),
(90168, 1619, 1, 17, -1463.35, -3462.91, 211.502, 5.13972, 0, 0, 0, 0, 900, 100, 1),
(90169, 1619, 1, 17, 207.244, -1911, 101.985, -2, 0, 0, -0.870356, 0.492423, 900, 100, 1),
(90170, 1619, 1, 17, -1423.73, -3476, 184.312, 5.17506, 0, 0, 0, 0, 900, 100, 1),
(90171, 1619, 1, 17, -1433.55, -3478.41, 183.324, 0.37859, 0, 0, 0, 0, 900, 100, 1),
(90172, 1619, 1, 17, 415.252, -3577.96, 46.9924, 6.26696, 0, 0, 0, 0, 900, 100, 1),
(90173, 1619, 1, 17, 425.062, -3608.51, 30.7172, 4.76375, 0, 0, 0, 0, 900, 100, 1),
(90174, 1619, 1, 17, 308.453, -3439, 55.904, 0, 0, 0, -0.121869, 0.992546, 900, 100, 1),
(90175, 1619, 1, 17, -184, -3577, 47.151, 0.541, 0, 0, 0.267238, 0.96363, 900, 100, 1),
(90176, 1619, 1, 17, -100.264, -1442.03, 92.4913, 3.43189, 0, 0, 0, 0, 900, 100, 1),
(90177, 1619, 1, 17, 19.3568, -1394.79, 91.7593, 6.08653, 0, 0, 0, 0, 900, 100, 1),
(90178, 1619, 1, 17, 37.6753, -1392.71, 91.671, 3.54773, 0, 0, 0, 0, 900, 100, 1),
(90179, 1619, 1, 17, 35.4458, -1360.73, 96.7353, 1.37414, 0, 0, 0, 0, 900, 100, 1),
(90180, 1619, 1, 17, 56.5188, -1379.6, 95.4593, 4.79456, 0, 0, 0, 0, 900, 100, 1),
(90181, 1619, 1, 17, -1629.5, -3951.16, 2.77112, 3.20286, 0, 0, 0, 0, 900, 100, 1),
(90182, 1619, 1, 17, -285, -3614, 52.3285, -1, 0, 0, -0.544639, 0.838671, 900, 100, 1),
(90183, 1619, 1, 17, -1315.17, -3873.08, 12.0428, 4.66785, 0, 0, 0, 0, 900, 100, 1),
(90184, 1619, 1, 17, -976, -1710, 91.667, 5.041, 0, 0, 0.581818, -0.813319, 900, 100, 1),
(90185, 1619, 1, 17, -1174, -1718, 91.667, 1.204, 0, 0, 0.56619, 0.824275, 900, 100, 1),
(90186, 1619, 1, 17, 376.442, -3539.04, 51.4826, 2.8103, 0, 0, 0, 0, 900, 100, 1),
(90187, 1619, 1, 17, 494.916, -3640.41, 30.0557, 0.38037, 0, 0, 0, 0, 900, 100, 1),
(90188, 1619, 1, 17, 474.708, -3571.27, 50.2011, 1.08129, 0, 0, 0, 0, 900, 100, 1),
(90189, 1619, 1, 17, 484.13, -3560.87, 59.8944, 0.22641, 0, 0, 0, 0, 900, 100, 1),
(90190, 1619, 1, 17, 358.799, -3546.54, 42.6931, 1.16101, 0, 0, 0, 0, 900, 100, 1),
(90191, 1619, 1, 17, 396.798, -3537.55, 46.8905, 1.62045, 0, 0, 0, 0, 900, 100, 1),
(90192, 1619, 1, 17, 492.968, -3613.3, 34.2479, 1.11704, 0, 0, 0, 0, 900, 100, 1),
(90193, 1619, 1, 17, 455.792, -3600.63, 30.7088, 1.17554, 0, 0, 0, 0, 900, 100, 1),
(90194, 1619, 1, 17, 121.937, -1515.88, 91.6666, 6.1215, 0, 0, 0, 0, 900, 100, 1),
(90195, 1619, 1, 17, -1685.39, -3801.68, 15.4953, 2.40668, 0, 0, 0, 0, 900, 100, 1),
(90196, 1619, 1, 17, -1614.6, -3931.84, 2.18538, 4.37111, 0, 0, 0, 0, 900, 100, 1),
(90197, 1619, 1, 17, -1646.75, -3818.47, 12.8315, 2.70887, 0, 0, 0, 0, 900, 100, 1),
(90198, 1619, 1, 17, -1637.84, -3905.07, 9.65404, 4.55253, 0, 0, 0, 0, 900, 100, 1),
(90199, 1619, 1, 17, -1219.15, -3624.98, 92.2073, 1.14251, 0, 0, 0, 0, 900, 100, 1),
(90200, 1619, 1, 17, 387.849, -3574.8, 33.315, 6.26696, 0, 0, 0, 0, 900, 100, 1),
(90201, 1619, 1, 17, 293.274, -3416.52, 50.2281, 6.22919, 0, 0, 0, 0, 900, 100, 1),
(90202, 1619, 1, 17, 224.178, -3360.35, 43.9515, 0.90063, 0, 0, 0, 0, 900, 100, 1),
(90203, 1619, 1, 17, 944.078, -3692.6, 28.1354, 5.78128, 0, 0, 0, 0, 900, 100, 1),
(90204, 1619, 1, 17, -1577.82, -3794.23, 38.3932, 1.31561, 0, 0, 0, 0, 900, 100, 1),
(90205, 1619, 1, 17, 298.833, -3529.65, 29.0414, 0.12607, 0, 0, 0, 0, 900, 100, 1),
(90206, 1619, 1, 17, 165.041, -3583.98, 27.1847, 3.59211, 0, 0, 0, 0, 900, 100, 1),
(90207, 1619, 1, 17, 806.968, -3641.49, 47.2513, 5.45496, 0, 0, 0, 0, 900, 100, 1),
(90208, 1619, 1, 17, 603.873, -3674.71, 32.4548, 0.31685, 0, 0, 0, 0, 900, 100, 1),
(90209, 1619, 1, 17, -1245.1, -3624.09, 96.252, 0.65479, 0, 0, 0, 0, 900, 100, 1),
(90210, 1619, 1, 17, -1715.58, -3776.43, 12.9298, 2.07642, 0, 0, 0, 0, 900, 100, 1),
(90211, 1619, 1, 17, 142.78, -1469.45, 99.4759, 0.63353, 0, 0, 0, 0, 900, 100, 1),
(90212, 1619, 1, 17, 132.971, -1507.16, 91.6667, 5.23793, 0, 0, 0, 0, 900, 100, 1),
(90213, 1619, 1, 17, -237.271, -1491.23, 92.4699, 2.98211, 0, 0, 0, 0, 900, 100, 1),
(90214, 1619, 1, 17, 863.141, -3733.19, 25.4863, 2.84947, 0, 0, 0, 0, 900, 100, 1),
(90215, 1619, 1, 17, -1208.89, -3624.08, 92.4931, 1.25561, 0, 0, 0, 0, 900, 100, 1),
(90216, 1619, 1, 17, -1190.02, -3548.75, 93.9122, 4.29441, 0, 0, 0, 0, 900, 100, 1),
(90217, 1619, 1, 17, -1869, -1880, 94.039, 3.6, 0, 0, 0.973852, -0.227181, 900, 100, 1),
(90218, 1619, 1, 17, -154, -1115, 52.941, 0.078, 0, 0, 0.039141, 0.999234, 900, 100, 1),
(90219, 1619, 1, 17, 983.279, -3766.04, 25.7151, 3.03639, 0, 0, 0, 0, 900, 100, 1),
(90220, 1619, 1, 17, 892.472, -3748.02, 20.8139, 2.84947, 0, 0, 0, 0, 900, 100, 1),
(90221, 1619, 1, 17, 820.086, -3736.71, 28.056, 2.66098, 0, 0, 0, 0, 900, 100, 1),
(90222, 1619, 1, 17, 900.105, -3653.78, 33.6281, 0.12837, 0, 0, 0, 0, 900, 100, 1),
(90223, 1619, 1, 17, 1004.92, -3687.08, 28.8442, 0.91726, 0, 0, 0, 0, 900, 100, 1),
(90224, 1619, 1, 17, 710.401, -3731.46, 26.1054, 3.0521, 0, 0, 0, 0, 900, 100, 1),
(90225, 1619, 1, 17, -1609.38, -3837.27, 14.882, 6.20873, 0, 0, 0, 0, 900, 100, 1),
(90226, 1619, 1, 17, -1662.23, -3897.41, 9.94972, 5.0943, 0, 0, 0, 0, 900, 100, 1),
(90227, 1619, 1, 17, -1594.35, -3817.95, 16.9215, 1.7248, 0, 0, 0, 0, 900, 100, 1),
(90228, 1619, 1, 17, -895.665, -1738.93, 95.3818, 3.27012, 0, 0, 0, 0, 900, 100, 1),
(90229, 1619, 1, 17, -694.573, -1748.63, 94.0147, 3.87684, 0, 0, 0, 0, 900, 100, 1),
(90230, 1619, 1, 17, -706.733, -1732.8, 93.9648, 2.9108, 0, 0, 0, 0, 900, 100, 1),
(90231, 1619, 1, 17, -1542.83, -3865.89, 18.9457, 4.32385, 0, 0, 0, 0, 900, 100, 1),
(90232, 1619, 1, 17, -1529.08, -3846.69, 20.2494, 4.32385, 0, 0, 0, 0, 900, 100, 1),
(90233, 1619, 1, 17, -1356.27, -3816.06, 19.2395, 1.93373, 0, 0, 0, 0, 900, 100, 1),
(90234, 1619, 1, 17, -1399.81, -3832.14, 19.4303, 2.19447, 0, 0, 0, 0, 900, 100, 1),
(90235, 1619, 1, 17, -1437.51, -3871.9, 13.974, 2.91702, 0, 0, 0, 0, 900, 100, 1),
(90236, 1619, 1, 17, 258.061, -3403.68, 35.9101, 5.27888, 0, 0, 0, 0, 900, 100, 1),
(90237, 1619, 1, 17, 216.951, -3348.46, 47.3144, 0.92419, 0, 0, 0, 0, 900, 100, 1),
(90238, 1619, 1, 17, -1504.63, -3871.1, 17.5683, 3.15263, 0, 0, 0, 0, 900, 100, 1),
(90239, 1619, 1, 17, 342.994, -1634.89, 95.9865, 2.19255, 0, 0, 0, 0, 900, 100, 1),
(90240, 1619, 1, 17, 367.422, -1604.87, 95.9229, 4.87272, 0, 0, 0, 0, 900, 100, 1),
(90241, 1619, 1, 17, 310.333, -1600.73, 91.6667, 6.02136, 0, 0, 0, 0, 900, 100, 1),
(90242, 1619, 1, 17, 327.411, -1612.76, 91.6667, 2.06296, 0, 0, 0, 0, 900, 100, 1),
(90243, 1619, 1, 17, 126.215, -1437.27, 97.2594, 0.10339, 0, 0, 0, 0, 900, 100, 1),
(90244, 1619, 1, 17, -15.0225, -1832.08, 94.4119, 2.60864, 0, 0, 0, 0, 900, 100, 1),
(90245, 1619, 1, 17, 69.756, -1469.28, 91.6667, 5.34237, 0, 0, 0, 0, 900, 100, 1),
(90246, 1619, 1, 17, 70.126, -1499.68, 91.6667, 3.00974, 0, 0, 0, 0, 900, 100, 1),
(90247, 1619, 1, 17, -37.777, -1711.58, 95.4795, 2.11034, 0, 0, 0, 0, 900, 100, 1),
(90248, 1619, 1, 17, 427.071, -3552.07, 55.0004, 0.07798, 0, 0, 0, 0, 900, 100, 1),
(90249, 1619, 1, 17, 963.009, -3659, 52.7535, -2, 0, 0, -0.688354, 0.725375, 900, 100, 1),
(90250, 1619, 1, 17, 379.005, -3564.87, 35.1417, 0.11925, 0, 0, 0, 0, 900, 100, 1),
(90251, 1619, 1, 17, 322.472, -3552.07, 31.8592, 1.30438, 0, 0, 0, 0, 900, 100, 1),
(90252, 1619, 1, 17, -1815, -1972, 104.404, -2, 0, 0, -0.748956, 0.66262, 900, 100, 1),
(90253, 1620, 1, 17, 44.791, -1622, 91.667, 2.272, 0, 0, 0, 0, 900, 100, 1),
(90254, 1620, 1, 17, -3381, -2215, 94.822, 0, 0, 0, 0.121869, -0.992546, 900, 100, 1),
(90255, 1620, 1, 17, -638.831, -2382.15, 25.5687, 3.99681, 0, 0, -0.909961, 0.414694, 900, 100, 1),
(90256, 1620, 1, 17, -1367, -3002, 93.634, 1.809, 0, 0, 0, 0, 900, 100, 1),
(90257, 1620, 1, 17, -1153, -2355, 92.6353, 0.489, 0, 0, 0, 0, 900, 100, 1),
(90258, 1620, 1, 17, -2006, -2653, 92.73, 2.3, 0, 0, 0, 0, 900, 100, 1),
(90259, 1620, 1, 17, -1823, -2687, 94.971, 2.045, 0, 0, 0, 0, 900, 100, 1),
(90260, 1620, 1, 17, -2051, -2569, 91.667, 2.528, 0, 0, 0, 0, 900, 100, 1),
(90261, 1620, 1, 17, -1106, -3033, 94.559, 2.461, 0, 0, 0, 0, 900, 100, 1),
(90262, 1620, 1, 17, -2016, -2487, 94.06, 1.885, 0, 0, 0.809017, 0.587785, 900, 100, 1),
(90263, 1620, 1, 17, -1700, -2615, 93.2001, 4.499, 0, 0, 0, 0, 900, 100, 1),
(90264, 1620, 1, 17, -1756, -2587, 91.6667, 1.484, 0, 0, 0.67559, 0.737277, 900, 100, 1),
(90265, 1620, 1, 17, 544.443, -2343, 96.57, 0.766, 0, 0, 0, 0, 900, 100, 1),
(90266, 1620, 1, 17, -3285, -1723, 91.667, 3.035, 0, 0, 0.998578, 0.053308, 900, 100, 1),
(90267, 1620, 1, 17, -23, -2077, 94.589, -3, 0, 0, -0.999962, 0.008727, 900, 100, 1),
(90268, 1620, 1, 17, -3283, -2120, 91.8171, 1.588, 0, 0, 0.713251, 0.700909, 900, 100, 1),
(90269, 1620, 1, 17, -1991, -3441, 54.181, -2, 0, 0, -0.930417, 0.366501, 900, 100, 1),
(90270, 1620, 1, 17, -218, -2380, 93.0146, 5.519, 0, 0, 0, 0, 900, 100, 1),
(90271, 1620, 1, 17, -1546, -2986, 90.9808, 4.542, 0, 0, 0, 0, 900, 100, 1),
(90272, 1620, 1, 17, -2451, -1711, 94.572, -2, 0, 0, -0.898794, 0.438371, 900, 100, 1),
(90273, 1620, 1, 17, -2214, -2617, 93.124, 2.88, 0, 0, 0.991445, 0.130526, 900, 100, 1),
(90274, 1620, 1, 17, -1110, -1894, 93.4591, 5.339, 0, 0, 0, 0, 900, 100, 1),
(90275, 1620, 1, 17, -1151, -1903, 93.3566, 1.648, 0, 0, 0, 0, 900, 100, 1),
(90276, 1620, 1, 17, -1070, -2003, 81.1525, 2.269, 0, 0, 0, 0, 900, 100, 1),
(90277, 1620, 1, 17, 182.826, -1863, 94.9909, 4.746, 0, 0, 0, 0, 900, 100, 1),
(90278, 1620, 1, 17, -1657, -2784, 95.787, -2, 0, 0, -0.829038, 0.559193, 900, 100, 1),
(90279, 1620, 1, 17, -1766, -2801, 82.5756, 5.237, 0, 0, 0, 0, 900, 100, 1),
(90280, 1620, 1, 17, -1739, -2646, 91.9359, 3.989, 0, 0, 0, 0, 900, 100, 1),
(90281, 1620, 1, 17, -1705, -2659, 82.6135, 4.762, 0, 0, 0.689193, -0.724577, 900, 100, 1),
(90282, 1620, 1, 17, -2184, -1852, 93.29, 0.75, 0, 0, 0.366501, 0.930417, 900, 100, 1),
(90283, 1620, 1, 17, -3561, -1808, 91.667, 0.23, 0, 0, 0, 0, 900, 100, 1),
(90284, 1620, 1, 17, -3015, -1997, 92.271, 1.754, 0, 0, 0, 0, 900, 100, 1),
(90285, 1620, 1, 17, -4477.19, -1851.05, 86.1083, 0.283, 0, 0, 0, 0, 900, 100, 1),
(90286, 1620, 1, 17, -4172, -2040, 92.0142, 2.759, 0, 0, 0, 0, 900, 100, 1),
(90287, 1620, 1, 17, -857, -2308, 92.515, 1.972, 0, 0, 0.833886, 0.551937, 900, 100, 1),
(90288, 1620, 1, 17, -3530, -1826, 95.9302, 0.686, 0, 0, 0, 0, 900, 100, 1),
(90289, 1620, 1, 17, -1128, -1763, 92.257, 1.683, 0, 0, 0, 0, 900, 100, 1),
(90290, 1620, 1, 17, -3961, -1747, 93.375, 2.635, 0, 0, 0.968148, 0.25038, 900, 100, 1),
(90291, 1620, 1, 17, 172.452, -1874, 96.237, 1.507, 0, 0, 0, 0, 900, 100, 1),
(90292, 1620, 1, 17, 177.153, -1713, 93.526, 5.799, 0, 0, 0, 0, 900, 100, 1),
(90293, 1620, 1, 17, -2558, -1842, 91.96, 2.131, 0, 0, 0, 0, 900, 100, 1),
(90294, 1620, 1, 17, -1331, -2999, 91.2743, 2.143, 0, 0, 0, 0, 900, 100, 1),
(90295, 1620, 1, 17, -1326, -2974, 92.7366, 0.564, 0, 0, 0, 0, 900, 100, 1),
(90296, 1620, 1, 17, -4039, -1832, 95.462, -2, 0, 0, -0.909961, 0.414694, 900, 100, 1),
(90297, 1620, 1, 17, 317.679, -1884, 91.667, -3, 0, 0, -0.99863, 0.052336, 900, 100, 1),
(90298, 1620, 1, 17, -3915, -2182, 91.667, 0, 0, 0, -0.078459, 0.996917, 900, 100, 1),
(90299, 1620, 1, 17, 943.49, -3186, 91.8754, -2, 0, 0, 0.688354, -0.725374, 900, 100, 1),
(90300, 1620, 1, 17, 645.773, -1581, 91.712, 1.806, 0, 0, 0, 0, 900, 100, 1),
(90301, 1620, 1, 17, 657.116, -1614, 96.848, 1.233, 0, 0, 0, 0, 900, 100, 1),
(90302, 1620, 1, 17, 583.598, -1284, 93.679, 3.443, 0, 0, 0, 0, 900, 100, 1),
(90303, 1620, 1, 17, 642.825, -1574, 91.899, 5.12, 0, 0, 0, 0, 900, 100, 1),
(90304, 1620, 1, 17, 584.591, -1246, 91.667, 1.295, 0, 0, 0, 0, 900, 100, 1),
(90305, 1620, 1, 17, 571.612, -1277, 93.222, 3.125, 0, 0, 0, 0, 900, 100, 1),
(90306, 1620, 1, 17, 522.564, -1697, 100.518, 3.597, 0, 0, 0, 0, 900, 100, 1),
(90307, 1620, 1, 17, 504.397, -1738, 94.768, 0.793, 0, 0, 0, 0, 900, 100, 1),
(90308, 1620, 1, 17, -987, -1815, 94.0823, 0.419, 0, 0, 0.207912, 0.978148, 900, 100, 1),
(90309, 1620, 1, 17, -1750, -2046, 93.532, -2, 0, 0, -0.777146, 0.62932, 900, 100, 1),
(90310, 1620, 1, 17, -1497, -2822, 94.1468, 3.934, 0, 0, 0, 0, 900, 100, 1),
(90311, 1620, 1, 17, -860.943, -2079.79, 87.9066, 6.27, 0, 0, 0, 0, 900, 100, 1),
(90312, 1620, 1, 17, -1115, -3056, 93.07, 2.127, 0, 0, 0, 0, 900, 100, 1),
(90313, 1620, 1, 17, -881, -3284, 93.983, 5.442, 0, 0, 0, 0, 900, 100, 1),
(90314, 1620, 1, 17, -1826, -2740, 91.674, 1.954, 0, 0, 0, 0, 900, 100, 1),
(90315, 1620, 1, 17, -2561, -1806, 92.57, 1.848, 0, 0, 0, 0, 900, 100, 1),
(90316, 1620, 1, 17, -1122, -2049, 83.5876, 0.898, 0, 0, 0, 0, 900, 100, 1),
(90317, 1620, 1, 17, -1100, -1728, 92.5077, 1.208, 0, 0, 0, 0, 900, 100, 1),
(90318, 1620, 1, 17, -1060, -1757, 101.343, 0.545, 0, 0, 0, 0, 900, 100, 1),
(90319, 1620, 1, 17, -1092, -1713, 95.0775, 1.511, 0, 0, 0, 0, 900, 100, 1),
(90320, 1620, 1, 17, 868.015, -3622, 57.7188, 1.995, 0, 0, 0, 0, 900, 100, 1),
(90321, 1620, 1, 17, 882.924, -3620, 55.7887, 0.688, 0, 0, 0, 0, 900, 100, 1),
(90322, 1620, 1, 17, 115.232, -1878, 95.2378, 4.939, 0, 0, 0, 0, 900, 100, 1),
(90323, 1620, 1, 17, 151.353, -1844, 92.9388, 2.218, 0, 0, 0, 0, 900, 100, 1),
(90324, 1620, 1, 17, -1728, -2701, 82.576, 4.79, 0, 0, 0, 0, 900, 100, 1),
(90325, 1620, 1, 17, -3468, -2323, 92.949, 4.966, 0, 0, 0, 0, 900, 100, 1),
(90326, 1620, 1, 17, -3100, -1873, 94.26, 4.766, 0, 0, 0, 0, 900, 100, 1),
(90327, 1620, 1, 17, -3117, -1790, 94.536, 2.001, 0, 0, 0, 0, 900, 100, 1),
(90328, 1620, 1, 17, 513.073, -1732, 94.1578, 4.146, 0, 0, 0, 0, 900, 100, 1),
(90329, 1620, 1, 17, -2209, -2413, 92.847, 5.469, 0, 0, 0, 0, 900, 100, 1),
(90330, 1620, 1, 17, -2216, -2423, 91.822, 2.253, 0, 0, 0, 0, 900, 100, 1),
(90331, 1620, 1, 17, -1139, -2238, 82.4507, 2.626, 0, 0, 0, 0, 900, 100, 1),
(90332, 1620, 1, 17, -847, -2877, 91.814, -2, 0, 0, 0, 0, 900, 100, 1),
(90333, 1620, 1, 17, -2049, -2716, 91.933, 0.75, 0, 0, 0.366501, 0.930417, 900, 100, 1),
(90334, 1620, 1, 17, -71, -2356, 106.722, 4.553, 0, 0, 0, 0, 900, 100, 1),
(90335, 1620, 1, 17, -619, -1819, 92.297, 3.054, 0, 0, 0.999048, 0.04362, 900, 100, 1),
(90336, 1620, 1, 17, -2665, -2103, 95.638, 5.084, 0, 0, 0, 0, 900, 100, 1),
(90337, 1620, 1, 17, -1132, -2062, 85.111, 5.312, 0, 0, 0, 0, 900, 100, 1),
(90338, 1620, 1, 17, 842.595, -3028, 119.749, 4.599, 0, 0, 0, 0, 900, 100, 1),
(90339, 1620, 1, 17, 833.748, -3056, 131.692, 4.206, 0, 0, 0, 0, 900, 100, 1),
(90340, 1620, 1, 17, 819.748, -3068, 132.684, 3.857, 0, 0, 0, 0, 900, 100, 1),
(90341, 1620, 1, 17, 921.572, -3668, 31.275, 0, 0, 0, -0.095846, 0.995396, 900, 100, 1),
(90342, 1620, 1, 17, 884.946, -3749, 19.9039, 6.138, 0, 0, 0, 0, 900, 100, 1),
(90343, 1620, 1, 17, -1835, -1689, 91.667, 2.723, 0, 0, 0.978148, 0.207912, 900, 100, 1),
(90344, 1620, 1, 17, -2776, -2098, 93.992, 0.376, 0, 0, 0, 0, 900, 100, 1),
(90345, 1620, 1, 17, -2849, -1961, 91.88, 1.397, 0, 0, 0, 0, 900, 100, 1),
(90346, 1620, 1, 17, 790.984, -3738, 23.5381, 6.256, 0, 0, 0, 0, 900, 100, 1),
(90347, 1620, 1, 17, -2929, -1960, 91.667, -3, 0, 0, -0.994522, 0.104529, 900, 100, 1),
(90348, 1620, 1, 17, -1978, -2621, 91.892, 0.772, 0, 0, 0, 0, 900, 100, 1),
(90349, 1620, 1, 17, -3685, -1581, 98.91, 6.085, 0, 0, 0, 0, 900, 100, 1),
(90350, 1620, 1, 17, 742.326, -2276, 91.971, 4.464, 0, 0, 0, 0, 900, 100, 1),
(90351, 1620, 1, 17, 749.388, -2272, 92.502, 3.864, 0, 0, 0, 0, 900, 100, 1),
(90352, 1620, 1, 17, 770.372, -2260, 92.561, 3.546, 0, 0, 0, 0, 900, 100, 1),
(90353, 1620, 1, 17, 739.366, -2253, 91.798, 4.115, 0, 0, 0, 0, 900, 100, 1),
(90354, 1620, 1, 17, -1747, -2740, 82.586, 4.216, 0, 0, 0, 0, 900, 100, 1),
(90355, 1620, 1, 17, -1071, -1815, 91.667, 1.318, 0, 0, 0, 0, 900, 100, 1),
(90356, 1620, 1, 17, -2806, -1925, 91.6667, -2, 0, 0, -0.700909, 0.71325, 900, 100, 1),
(90357, 1620, 1, 17, -2675, -1969, 97.6633, 4.472, 0, 0, 0, 0, 900, 100, 1),
(90358, 1620, 1, 17, 524.053, -2205, 113.485, 3.668, 0, 0, 0, 0, 900, 100, 1),
(90359, 1620, 1, 17, -1282, -2747, 92.45, 3.072, 0, 0, 0.999391, 0.0349, 900, 100, 1),
(90360, 1620, 1, 17, -2215, -2046, 93.121, 0.052, 0, 0, 0.026177, 0.999657, 900, 100, 1),
(90361, 1620, 1, 17, -3652, -2087, 92.4396, 1.484, 0, 0, 0.67559, 0.737277, 900, 100, 1),
(90362, 1620, 1, 17, -2805, -2110, 96.507, 0.819, 0, 0, 0, 0, 900, 100, 1),
(90363, 1620, 1, 17, -1373, -2779, 93.0516, 5.347, 0, 0, 0, 0, 900, 100, 1),
(90364, 1620, 1, 17, -1804, -2807, 91.752, 1.546, 0, 0, 0, 0, 900, 100, 1),
(90365, 1620, 1, 17, 753.099, -3070, 130.063, 4.587, 0, 0, 0, 0, 900, 100, 1),
(90366, 1620, 1, 17, 754.977, -3045, 111.96, 4.701, 0, 0, 0, 0, 900, 100, 1),
(90367, 1620, 1, 17, 755.231, -3023, 103.25, 5.172, 0, 0, 0, 0, 900, 100, 1),
(90368, 1620, 1, 17, 784.512, -3081, 132.111, 3.503, 0, 0, 0, 0, 900, 100, 1),
(90369, 1620, 1, 17, 781.638, -3044, 93.633, 3.578, 0, 0, 0, 0, 900, 100, 1),
(90370, 1620, 1, 17, 709.002, -3073, 121.03, 5.078, 0, 0, 0, 0, 900, 100, 1),
(90371, 1620, 1, 17, 421.857, -3630, 28.365, 2.897, 0, 0, 0.992546, 0.121869, 900, 100, 1),
(90372, 1620, 1, 17, -2518, -1851, 92.305, -1, 0, 0, -0.292372, 0.956305, 900, 100, 1),
(90373, 1620, 1, 17, 551.666, -3675, 27.2803, -1, 0, 0, 0.374607, -0.927184, 900, 100, 1),
(90374, 1620, 1, 17, 390.753, -3089, 91.691, 6.132, 0, 0, 0, 0, 900, 100, 1),
(90375, 1620, 1, 17, 561.905, -3742, 24.359, 0.947, 0, 0, 0, 0, 900, 100, 1),
(90376, 1620, 1, 17, 613.355, -3151, 134.798, 4.167, 0, 0, 0, 0, 900, 100, 1),
(90377, 1620, 1, 17, 656.362, -3107, 133.418, 6.174, 0, 0, 0, 0, 900, 100, 1),
(90378, 1620, 1, 17, 688.736, -3109, 135.46, 3.162, 0, 0, 0, 0, 900, 100, 1),
(90379, 1620, 1, 17, 703.041, -3109, 134.864, 4.402, 0, 0, 0, 0, 900, 100, 1),
(90380, 1620, 1, 17, -349, -1636, 95.8291, 3.71, 0, 0, 0, 0, 900, 100, 1),
(90381, 1620, 1, 17, 74.186, -3444, 28.167, -1, 0, 0, -0.25038, 0.968148, 900, 100, 1),
(90382, 1620, 1, 17, -1360, -3029, 93.7087, 3.765, 0, 0, 0, 0, 900, 100, 1),
(90383, 1620, 1, 17, 605.143, -3741, 24.843, 6.075, 0, 0, 0, 0, 900, 100, 1),
(90384, 1620, 1, 17, 627.163, -3742, 24.2134, 6.067, 0, 0, 0, 0, 900, 100, 1),
(90385, 1620, 1, 17, 209.374, -1762, 91.6689, 1.778, 0, 0, 0, 0, 900, 100, 1),
(90386, 1620, 1, 17, -1145, -2035, 90.965, 3.796, 0, 0, 0, 0, 900, 100, 1),
(90387, 1620, 1, 17, -1117, -2011, 87.766, 4.888, 0, 0, 0, 0, 900, 100, 1),
(90388, 1620, 1, 17, -1034, -1993, 84.674, 2.378, 0, 0, 0, 0, 900, 100, 1),
(90389, 1620, 1, 17, -3311, -1826, 93.595, 2.198, 0, 0, 0, 0, 900, 100, 1),
(90390, 1620, 1, 17, -3076, -1766, 94.153, 6.109, 0, 0, 0, 0, 900, 100, 1),
(90391, 1620, 1, 17, -3065, -1813, 91.706, 5.277, 0, 0, 0, 0, 900, 100, 1),
(90392, 1620, 1, 17, -1146, -2106, 86.147, 1.083, 0, 0, 0, 0, 900, 100, 1),
(90393, 1620, 1, 17, -1158, -2116, 89.052, 3.431, 0, 0, 0, 0, 900, 100, 1),
(90394, 1620, 1, 17, -1130, -2134, 83.05, 0.843, 0, 0, 0, 0, 900, 100, 1),
(90395, 1620, 1, 17, -1149, -2099, 86.859, 3.066, 0, 0, 0, 0, 900, 100, 1),
(90396, 1620, 1, 17, -1133, -2095, 82.782, 4.923, 0, 0, 0, 0, 900, 100, 1),
(90397, 1620, 1, 17, -3277, -1793, 104.577, 3.085, 0, 0, 0, 0, 900, 100, 1),
(90398, 1620, 1, 17, -1122, -2152, 82.1665, 5.854, 0, 0, 0, 0, 900, 100, 1),
(90399, 1620, 1, 17, -821, -1749, 93.573, -3, 0, 0, -0.95882, 0.284015, 900, 100, 1),
(90400, 1620, 1, 17, 1236.38, -3127, 91.684, 5.742, 0, 0, 0, 0, 900, 100, 1),
(90401, 1620, 1, 17, 1251.64, -3146, 91.667, 1.441, 0, 0, 0, 0, 900, 100, 1),
(90402, 1620, 1, 17, -1445, -2187, 91.659, -3, 0, 0, 0, 0, 900, 100, 1),
(90403, 1620, 1, 17, -2722, -1951, 95.694, 2.094, 0, 0, 0.866025, 0.5, 900, 100, 1),
(90404, 1620, 1, 17, 632.715, -1492, 92.418, 5.595, 0, 0, 0, 0, 900, 100, 1),
(90405, 1620, 1, 17, 587.623, -1882, 91.667, -2, 0, 0, -0.824126, 0.566406, 900, 100, 1),
(90406, 1620, 1, 17, -2772, -2110, 96.212, -1, 0, 0, -0.636078, 0.771625, 900, 100, 1),
(90407, 1620, 1, 17, 580.99, -2783, 91.781, 1.798, 0, 0, 0.782608, 0.622515, 900, 100, 1),
(90408, 1620, 1, 17, -2134, -1725, 91.667, 0, 0, 0, -0.113203, 0.993572, 900, 100, 1),
(90409, 1620, 1, 17, 499.944, -2358, 97.596, 1.669, 0, 0, 0, 0, 900, 100, 1),
(90410, 1620, 1, 17, -877, -2009, 88.203, 4.032, 0, 0, 0, 0, 900, 100, 1),
(90411, 1620, 1, 17, 559.452, -2189, 101.773, 3.751, 0, 0, 0, 0, 900, 100, 1),
(90412, 1620, 1, 17, 557.432, -2181, 95.242, 4.029, 0, 0, 0, 0, 900, 100, 1),
(90413, 1620, 1, 17, -4035, -2035, 91.9732, 3.36, 0, 0, 0, 0, 900, 100, 1),
(90414, 1620, 1, 17, -4040, -2095, 91.6667, 4.731, 0, 0, 0, 0, 900, 100, 1),
(90415, 1620, 1, 17, -1356, -2205, 91.849, 0, 0, 0, 0, 0, 900, 100, 1),
(90416, 1620, 1, 17, 737.007, -3683, 29.542, 1.449, 0, 0, 0.66262, 0.748956, 900, 100, 1),
(90417, 1620, 1, 17, 1231.75, -3802, 33.321, -2, 0, 0, -0.861629, 0.507538, 900, 100, 1),
(90418, 1620, 1, 17, -2550, -1955, 92.464, 2.618, 0, 0, 0, 0, 900, 100, 1),
(90419, 1620, 1, 17, 640.9, -2105, 93.924, 3.451, 0, 0, 0, 0, 900, 100, 1),
(90420, 1620, 1, 17, -1336, -3024, 92.283, 3.655, 0, 0, 0, 0, 900, 100, 1),
(90421, 1620, 1, 17, -22, -1608, 92.445, 2.579, 0, 0, 0, 0, 900, 100, 1),
(90422, 1620, 1, 17, -1345, -2841, 93.125, 1.593, 0, 0, 0, 0, 900, 100, 1),
(90423, 1620, 1, 17, -1719, -2878, 82.584, -1, 0, 0, -0.414694, 0.909961, 900, 100, 1),
(90424, 1620, 1, 17, -1118, -3082, 94.002, 2.845, 0, 0, 0.989016, 0.147809, 900, 100, 1),
(90425, 1620, 1, 17, -2684, -1840, 92.059, 1.623, 0, 0, 0.725374, 0.688355, 900, 100, 1),
(90426, 1620, 1, 17, -3207, -2242, 91.882, 0.401, 0, 0, 0.199368, 0.979925, 900, 100, 1),
(90427, 1620, 1, 17, -1614, -3083, 93.2621, 0, 0, 0, -0.147809, 0.989016, 900, 100, 1),
(90428, 1620, 1, 17, -190, -2003, 94.3054, 0.831, 0, 0, 0, 0, 900, 100, 1),
(90429, 1620, 1, 17, 700.352, -3047, 108.847, 4.98, 0, 0, 0, 0, 900, 100, 1),
(90430, 1620, 1, 17, -828, -2137, 91.674, 1.71, 0, 0, 0.75471, 0.656059, 900, 100, 1),
(90431, 1620, 1, 17, 835.037, -2202, 91.667, 0.361, 0, 0, 0, 0, 900, 100, 1),
(90432, 1620, 1, 17, -1687, -1893, 94.77, 0.018, 0, 0, 0.008931, 0.99996, 900, 100, 1),
(90433, 1620, 1, 17, 809.468, -3033, 94.398, 4.544, 0, 0, 0, 0, 900, 100, 1),
(90434, 1620, 1, 17, 905.582, -3294, 176.623, 2.765, 0, 0, 0, 0, 900, 100, 1),
(90435, 1620, 1, 17, 877.369, -3330, 169.766, 4.057, 0, 0, 0, 0, 900, 100, 1),
(90436, 1620, 1, 17, -1955, -1916, 93.902, 2.601, 0, 0, 0.96363, 0.267238, 900, 100, 1),
(90437, 1620, 1, 17, 638.992, -1647, 91.667, 5.914, 0, 0, 0, 0, 900, 100, 1),
(90438, 1620, 1, 17, -2077, -2602, 91.9416, 3.647, 0, 0, 0, 0, 900, 100, 1),
(90439, 1620, 1, 17, -2275, -1748, 91.667, 1.763, 0, 0, 0.771624, 0.636078, 900, 100, 1),
(90440, 1620, 1, 17, -2702, -2023, 97.0871, 1.937, 0, 0, 0.824126, 0.566406, 900, 100, 1),
(90441, 1620, 1, 17, -2048, -2618, 91.6667, 0, 0, 0, 0, 1, 900, 100, 1),
(90442, 1620, 1, 17, -2642, -2293, 93.32, -1, 0, 0, -0.34202, 0.939693, 900, 100, 1),
(90443, 1620, 1, 17, -2083, -2516, 93.5799, 2.001, 0, 0, 0, 0, 900, 100, 1),
(90444, 1620, 1, 17, -51, -2205, 91.693, 0.957, 0, 0, 0, 0, 900, 100, 1),
(90445, 1620, 1, 17, -765.455, -2075.23, 72.9444, 3.4034, 0, 0, -0.991445, 0.130528, 900, 100, 1),
(90446, 1620, 1, 17, -868.207, -1978.08, 92.3636, 1.515, 0, 0, 0, 0, 900, 100, 1),
(90447, 1620, 1, 17, 1189.35, -3769, 41.924, 0.837, 0, 0, 0, 0, 900, 100, 1),
(90448, 1620, 1, 17, -1487, -2078, 82.584, 1.396, 0, 0, 0.642787, 0.766045, 900, 100, 1),
(90449, 1620, 1, 17, -1538, -3039, 94.615, 4.849, 0, 0, 0, 0, 900, 100, 1),
(90450, 1620, 1, 17, -1344, -2790, 93.48, 1.515, 0, 0, 0, 0, 900, 100, 1),
(90451, 1620, 1, 17, -1564, -3103, 91.667, 4.377, 0, 0, 0, 0, 900, 100, 1),
(90452, 1620, 1, 17, -1579, -2897, 91.667, 6.089, 0, 0, 0, 0, 900, 100, 1),
(90453, 1620, 1, 17, -1187, -2033, 91.979, 4.798, 0, 0, 0, 0, 900, 100, 1),
(90454, 1620, 1, 17, -3883, -2296, 91.667, 3.227, 0, 0, 0, 0, 900, 100, 1),
(90455, 1620, 1, 17, -3691, -2238, 92.637, 2.693, 0, 0, 0, 0, 900, 100, 1),
(90456, 1620, 1, 17, -3817, -2296, 95.498, 4.083, 0, 0, 0, 0, 900, 100, 1),
(90457, 1620, 1, 17, 1157.57, -3711, 49.8588, 5.753, 0, 0, 0, 0, 900, 100, 1),
(90458, 1620, 1, 17, 726.24, -3029, 91.667, -1, 0, 0, -0.398749, 0.91706, 900, 100, 1),
(90459, 1620, 1, 17, -1123, -2269, 81.4409, 2.414, 0, 0, 0, 0, 900, 100, 1),
(90460, 1620, 1, 17, -3280, -1707, 91.667, -1, 0, 0, -0.608761, 0.793353, 900, 100, 1),
(90461, 1620, 1, 17, 430.308, -2986, 109.913, 1.969, 0, 0, 0, 0, 900, 100, 1),
(90462, 1620, 1, 17, 443.106, -3130, 93.341, 5.563, 0, 0, 0, 0, 900, 100, 1),
(90463, 1620, 1, 17, 532.712, -3197, 92.193, 5.629, 0, 0, 0, 0, 900, 100, 1),
(90464, 1620, 1, 17, -4516, -1862, 86.108, 2.05, 0, 0, 0, 0, 900, 100, 1),
(90465, 1620, 1, 17, -1138, -1876, 94.9354, 1.2, 0, 0, 0, 0, 900, 100, 1),
(90466, 1620, 1, 17, -855, -1961, 93.025, 1.385, 0, 0, 0, 0, 900, 100, 1),
(90467, 1620, 1, 17, -2610, -1847, 91.725, 3.667, 0, 0, 0, 0, 900, 100, 1),
(90468, 1620, 1, 17, -2835, -2187, 95.0732, 3.619, 0, 0, 0, 0, 900, 100, 1),
(90469, 1620, 1, 17, -2827, -2143, 95.7844, 1.432, 0, 0, 0, 0, 900, 100, 1),
(90470, 1620, 1, 17, 1181.69, -3771.58, 35.6409, 0.837, 0, 0, 0, 0, 900, 100, 1),
(90471, 1620, 1, 17, -1327, -2270, 123.643, 4.267, 0, 0, 0, 0, 900, 100, 1),
(90472, 1620, 1, 17, -1274, -2308, 97.05, 3.089, 0, 0, 0, 0, 900, 100, 1),
(90473, 1620, 1, 17, -1301, -2288, 100.242, 3.227, 0, 0, 0, 0, 900, 100, 1),
(90474, 1620, 1, 17, -1188, -2191, 89.949, 3.533, 0, 0, 0, 0, 900, 100, 1),
(90475, 1620, 1, 17, -1218, -2042, 92.989, 5.756, 0, 0, 0, 0, 900, 100, 1),
(90476, 1620, 1, 17, -1172, -2231, 87.515, 4.951, 0, 0, 0, 0, 900, 100, 1),
(90477, 1621, 1, 17, 1242.43, -3667, 91.8855, 1.152, 0, 0, 0.544639, 0.838671, 900, 100, 1),
(90478, 1621, 1, 17, -1836, -2734, 91.8966, 0, 0, 0, -0.139173, 0.990268, 900, 100, 1),
(90479, 1621, 1, 17, -2576, -1783, 93.469, -3, 0, 0, 0.996195, -0.087156, 900, 100, 1),
(90480, 1621, 1, 17, -2009, -1792, 91.734, 1.792, 0, 0, 0, 0, 900, 100, 1),
(90481, 1621, 1, 17, -3004, -1978, 91.6785, 2.304, 0, 0, 0.913545, 0.406737, 900, 100, 1),
(90482, 1621, 1, 17, -4032, -1959, 92.491, 2.286, 0, 0, 0.909961, 0.414694, 900, 100, 1),
(90483, 1621, 1, 17, -1796, -3535, 92.624, 1.466, 0, 0, 0.669131, 0.743145, 900, 100, 1),
(90484, 1621, 1, 17, -1798, -2472, 91.6667, 0, 0, 0, -0.139173, 0.990268, 900, 100, 1),
(90485, 1621, 1, 17, -658, -3382, 91.733, 0, 0, 0, -0.017453, 0.999848, 900, 100, 1),
(90486, 1621, 1, 17, 1058.68, -3678, 36.166, -2, 0, 0, -0.824126, 0.566406, 900, 100, 1),
(90487, 1621, 1, 17, -1874, -1981, 92.15, 0, 0, 0, -0.008726, 0.999962, 900, 100, 1),
(90488, 1621, 1, 17, 655.969, -1708, 91.839, 0.487, 0, 0, 0, 0, 900, 100, 1),
(90489, 1621, 1, 17, -1496, -2354, 93.112, -2, 0, 0, -0.694658, 0.71934, 900, 100, 1),
(90490, 1621, 1, 17, -115, -1829, 92.605, 1.1, 0, 0, 0.522498, 0.85264, 900, 100, 1),
(90491, 1621, 1, 17, -2241, -1598, 92.781, 0.681, 0, 0, 0.333807, 0.942642, 900, 100, 1),
(90492, 1621, 1, 17, -470, -1972, 91.719, -3, 0, 0, -0.983255, 0.182235, 900, 100, 1),
(90493, 1621, 1, 17, 45.048, -1864, 95.058, 2.112, 0, 0, 0.870356, 0.492424, 900, 100, 1),
(90494, 1621, 1, 17, -1752, -1898, 92.826, 0.925, 0, 0, 0.446198, 0.894934, 900, 100, 1),
(90495, 1621, 1, 17, -3704, -2133, 91.776, 5.19, 0, 0, 0.519623, -0.854395, 900, 100, 1),
(90496, 1621, 1, 17, 942.179, -2830, 91.667, 0.314, 0, 0, 0.156434, 0.987688, 900, 100, 1),
(90497, 1621, 1, 17, -455, -2946, 91.667, 0, 0, 0, -0.130526, 0.991445, 900, 100, 1),
(90498, 1621, 1, 17, 1219.17, -3132, 91.667, 1.78, 0, 0, 0.777146, 0.62932, 900, 100, 1),
(90499, 1621, 1, 17, -1126, -2927, 94.15, -2, 0, 0, -0.948324, 0.317305, 900, 100, 1),
(90500, 1621, 1, 17, 794.19, -2997, 91.667, -2, 0, 0, -0.777146, 0.62932, 900, 100, 1),
(90501, 1621, 1, 17, 642.803, -1586, 91.668, 1.619, 0, 0, 0, 0, 900, 100, 1),
(90502, 1621, 1, 17, -884, -3362, 91.81, 0, 0, 0, -0.069756, 0.997564, 900, 100, 1),
(90503, 1621, 1, 17, -2473, -1640, 91.667, -2, 0, 0, 0.788011, -0.615661, 900, 100, 1),
(90504, 1621, 1, 17, -2126, -1894, 91.725, -1, 0, 0, -0.594823, 0.803857, 900, 100, 1),
(90505, 1621, 1, 17, 781.982, -2291, 91.863, 3.864, 0, 0, 0, 0, 900, 100, 1),
(90506, 1621, 1, 17, -944, -1963, 91.77, 0, 0, 0, 0, 0, 900, 100, 1),
(90507, 1621, 1, 17, 569.916, -3134, 91.667, -3, 0, 0, -0.983255, 0.182235, 900, 100, 1),
(90508, 1621, 1, 17, -2027, -3723, 23.406, 2.74, 0, 0, 0.979925, 0.199368, 900, 100, 1),
(90509, 1621, 1, 17, -1767, -2967, 91.667, -1, 0, 0, -0.325568, 0.945519, 900, 100, 1),
(90510, 1621, 1, 17, -198, -2866, 91.667, 1.728, 0, 0, 0.760406, 0.649448, 900, 100, 1),
(90511, 1621, 1, 17, -1725, -3736, 15.618, -2, 0, 0, 0, 0, 900, 100, 1),
(90512, 1621, 1, 17, -68, -1934, 99.288, 1.78, 0, 0, 0.777146, 0.62932, 900, 100, 1),
(90513, 1621, 1, 17, -1312, -1793, 91.667, -2, 0, 0, -0.939693, 0.34202, 900, 100, 1),
(90514, 1621, 1, 17, -122, -3302, 94.22, -2, 0, 0, 0.894934, -0.446198, 900, 100, 1),
(90515, 1621, 1, 17, -2058, -3600, 29.185, -3, 0, 0, -0.976296, 0.21644, 900, 100, 1),
(90516, 1621, 1, 17, 20.434, -3032, 92.108, 0, 0, 0, -0.017453, 0.999848, 900, 100, 1),
(90517, 1621, 1, 17, -47, -1589, 91.667, 1.344, 0, 0, 0.622515, 0.782608, 900, 100, 1),
(90518, 1621, 1, 17, -1229, -3077, 93.539, -2, 0, 0, -0.798635, 0.601815, 900, 100, 1),
(90519, 1621, 1, 17, -98, -3208, 92.5977, -3, 0, 0, -0.996917, 0.078459, 900, 100, 1),
(90520, 1621, 1, 17, -3639, -1854, 91.6667, -2, 0, 0, 0.91706, -0.398749, 900, 100, 1),
(90521, 1621, 1, 17, -4187, -2019, 93.591, -2, 0, 0, -0.793353, 0.608761, 900, 100, 1),
(90522, 1621, 1, 17, -2563, -1948, 91.673, -1, 0, 0, 0.390731, -0.920505, 900, 100, 1),
(90523, 1621, 1, 17, -910, -3054, 92.062, -1, 0, 0, -0.622514, 0.782608, 900, 100, 1),
(90524, 1621, 1, 17, 323.68, -1556, 93.234, 3.328, 0, 0, 0, 0, 900, 100, 1),
(90525, 1621, 1, 17, -837, -1987, 92.143, 2.793, 0, 0, 0.984808, 0.173648, 900, 100, 1),
(90526, 1621, 1, 17, -3352, -1827, 91.7083, 3.081, 0, 0, 0.999539, 0.030367, 900, 100, 1),
(90527, 1621, 1, 17, -2720, -1922, 92.346, 3.796, 0, 0, 0.947002, -0.321227, 900, 100, 1),
(90528, 1621, 1, 17, -680, -3099, 91.8127, -1, 0, 0, -0.414694, 0.909961, 900, 100, 1),
(90529, 1621, 1, 17, -3557, -1799, 91.762, 1.972, 0, 0, 0.833886, 0.551937, 900, 100, 1),
(90530, 1621, 1, 17, 925.865, -3498, 91.667, -2, 0, 0, -0.725374, 0.688355, 900, 100, 1),
(90531, 1621, 1, 17, 1135.73, -3464, 87.1207, 0, 0, 0, -0.190809, 0.981627, 900, 100, 1),
(90532, 1621, 1, 17, 319.445, -1611, 91.667, 1.027, 0, 0, 0, 0, 900, 100, 1),
(90533, 1621, 1, 17, 157.044, -1984, 94.372, -2, 0, 0, -0.902585, 0.430511, 900, 100, 1),
(90534, 1621, 1, 17, -2094, -2133, 94.1339, 0.332, 0, 0, 0.165048, 0.986286, 900, 100, 1),
(90535, 1621, 1, 17, -1983, -2224, 96.038, -2, 0, 0, -0.725374, 0.688355, 900, 100, 1),
(90536, 1621, 1, 17, -3524, -2302, 91.667, 2.219, 0, 0, 0.895541, 0.444979, 900, 100, 1),
(90537, 1621, 1, 17, -1130, -1955, 90.5605, 5.407, 0, 0, 0, 0, 900, 100, 1),
(90538, 1621, 1, 17, 559.671, -2000, 93.005, 3.648, 0, 0, 0, 0, 900, 100, 1),
(90539, 1621, 1, 17, -2850, -1955, 91.6667, -2, 0, 0, -0.75471, 0.656059, 900, 100, 1),
(90540, 1621, 1, 17, 482.741, -1897, 91.6667, -1, 0, 0, -0.515038, 0.857167, 900, 100, 1),
(90541, 1621, 1, 17, -928, -1741, 91.75, 0.559, 0, 0, 0.275637, 0.961262, 900, 100, 1),
(90542, 1621, 1, 17, -487, -1591, 93.859, 5.246, 0, 0, 0, 0, 900, 100, 1),
(90543, 1621, 1, 17, -1746, -3344, 93.315, 1.082, 0, 0, 0.515038, 0.857167, 900, 100, 1),
(90544, 1621, 1, 17, 682.262, -2827, 91.708, -1, 0, 0, -0.25038, 0.968148, 900, 100, 1),
(90545, 1621, 1, 17, -1871, -3372, 64.938, 1.082, 0, 0, 0.515038, 0.857167, 900, 100, 1),
(90546, 1621, 1, 17, -1156, -3599, 93.328, -3, 0, 0, -0.999048, 0.04362, 900, 100, 1),
(90547, 1621, 1, 17, -1789, -3205, 89.764, -1, 0, 0, -0.398749, 0.91706, 900, 100, 1),
(90548, 1621, 1, 17, 951.02, -2331, 91.893, 0.419, 0, 0, 0, 0, 900, 100, 1),
(90549, 1621, 1, 17, -3638, -2216, 92.313, -2, 0, 0, -0.92388, 0.382683, 900, 100, 1),
(90550, 1621, 1, 17, -3377, -2272, 91.667, 0, 0, 0, -0.199368, 0.979925, 900, 100, 1),
(90551, 1621, 1, 17, -1281.8, -2802.91, 93.0028, -1, 0, 0, -0.608761, 0.793353, 900, 100, 1),
(90552, 1621, 1, 17, -1697, -2226, 92.048, -1, 0, 0, -0.515038, 0.857167, 900, 100, 1),
(90553, 1621, 1, 17, -2393, -1768, 98.439, 2.812, 0, 0, 0.986418, 0.164253, 900, 100, 1),
(90554, 1622, 1, 17, -1629, -1645, 91.787, 0.416, 0, 0, 0, 0, 1800, 100, 1),
(90555, 1622, 1, 17, -3283, -1813, 94.378, 0.966, 0, 0, 0.464365, 0.885644, 1800, 100, 1),
(90556, 1622, 1, 17, -3882, -1820, 91.667, 4.489, 0, 0, 0, 0, 1800, 100, 1),
(90557, 1622, 1, 17, -3873, -1809, 91.667, 3.695, 0, 0, 0, 0, 1800, 100, 1),
(90558, 1622, 1, 17, -1577, -1687, 94.997, 1.265, 0, 0, 0, 0, 1800, 100, 1),
(90559, 1622, 1, 17, -733, -2298, 113.717, 0.118, 0, 0, 0, 0, 1800, 100, 1),
(90560, 1622, 1, 17, 1213.44, -3512, 132.552, 6.201, 0, 0, 0, 0, 1800, 100, 1),
(90561, 1622, 1, 17, -615, -2367, 153.307, 0.401, 0, 0, 0, 0, 1800, 100, 1),
(90562, 1622, 1, 17, -4034, -1791, 93.421, 1.885, 0, 0, 0.809017, 0.587785, 1800, 100, 1),
(90563, 1622, 1, 17, -1665, -3177, 99.856, 3.35, 0, 0, 0, 0, 1800, 100, 1),
(90564, 1622, 1, 17, 433.19, -2281, 199.004, 5.215, 0, 0, 0, 0, 1800, 100, 1),
(90565, 1622, 1, 17, -1388, -1623, 119.175, 0.105, 0, 0, 0.052336, 0.99863, 1800, 100, 1),
(90566, 1622, 1, 17, -775, -2014, 76.724, 2.217, 0, 0, 0.894934, 0.446198, 1800, 100, 1),
(90567, 1622, 1, 17, 780.843, -3316, 221.876, 5.258, 0, 0, 0, 0, 1800, 100, 1),
(90568, 1622, 1, 17, -1880, -1751, 94.634, 0.935, 0, 0, 0, 0, 1800, 100, 1),
(90569, 1622, 1, 17, -3011, -2239, 146.153, 5.463, 0, 0, 0, 0, 1800, 100, 1),
(90570, 1622, 1, 17, -2961, -2186, 91.667, 4.768, 0, 0, 0, 0, 1800, 100, 1),
(90571, 1622, 1, 17, -2977, -2183, 91.667, 1.814, 0, 0, 0, 0, 1800, 100, 1),
(90572, 1622, 1, 17, -2974, -2151, 91.672, 4.948, 0, 0, 0, 0, 1800, 100, 1),
(90573, 1622, 1, 17, -2992, -2199, 101.135, 2.89, 0, 0, 0, 0, 1800, 100, 1),
(90574, 1622, 1, 17, -2947, -2165, 91.677, 3.456, 0, 0, 0, 0, 1800, 100, 1),
(90575, 1622, 1, 17, -4179, -2222, 51.656, 2.215, 0, 0, 0, 0, 1800, 100, 1),
(90576, 1622, 1, 17, -4232, -1936, 96.997, 4.247, 0, 0, 0, 0, 1800, 100, 1),
(90577, 1622, 1, 17, -4182, -2261, 52.728, 5.922, 0, 0, 0, 0, 1800, 100, 1),
(90578, 1622, 1, 17, 1103.85, -3521, 74.857, 3.036, 0, 0, 0, 0, 1800, 100, 1),
(90579, 1622, 1, 17, 1173.83, -3512, 109.019, 0.055, 0, 0, 0, 0, 1800, 100, 1),
(90580, 1622, 1, 17, -2146, -2807, 93.275, 4.167, 0, 0, 0, 0, 1800, 100, 1),
(90581, 1622, 1, 17, 632.337, -1558, 92.28, 0.77, 0, 0, 0, 0, 1800, 100, 1),
(90582, 1622, 1, 17, -3864, -1822, 91.667, 2.886, 0, 0, 0, 0, 1800, 100, 1),
(90583, 1622, 1, 17, -2285, -2090, 96.609, 1.104, 0, 0, 0, 0, 1800, 100, 1),
(90584, 1622, 1, 17, -2038, -3662, 24.89, 2.993, 0, 0, 0, 0, 1800, 100, 1),
(90585, 1622, 1, 17, -1884, -2734, 93.432, 1.496, 0, 0, 0, 0, 1800, 100, 1),
(90586, 1622, 1, 17, -2031, -3452, 69.02, 3.955, 0, 0, 0, 0, 1800, 100, 1),
(90587, 1622, 1, 17, -3046, -1761, 99.658, 1.814, 0, 0, 0, 0, 1800, 100, 1),
(90588, 1622, 1, 17, -3050, -1743, 107.368, 1.701, 0, 0, 0, 0, 1800, 100, 1),
(90589, 1622, 1, 17, -3035, -1808, 98.029, 1.414, 0, 0, 0, 0, 1800, 100, 1),
(90590, 1622, 1, 17, -2996, -1991, 91.702, 2.698, 0, 0, 0, 0, 1800, 100, 1),
(90591, 1622, 1, 17, 303.215, -2170, 213.446, 0.664, 0, 0, 0, 0, 1800, 100, 1),
(90592, 1622, 1, 17, 279.166, -2148, 190.007, 0.789, 0, 0, 0, 0, 1800, 100, 1),
(90593, 1622, 1, 17, -844, -2076, 91.503, 0.322, 0, 0, 0, 0, 1800, 100, 1),
(90594, 1622, 1, 17, 1150.75, -3615, 68.882, 1.626, 0, 0, 0, 0, 1800, 100, 1),
(90595, 1622, 1, 17, -2158, -3654, 78.704, 1.571, 0, 0, 0, 0, 1800, 100, 1),
(90596, 1622, 1, 17, -820, -1948, 96.953, -3, 0, 0, -0.968148, 0.25038, 1800, 100, 1),
(90597, 1622, 1, 17, -3189, -1653, 92.343, 2.27, 0, 0, 0, 0, 1800, 100, 1),
(90598, 1622, 1, 17, -3131, -1671, 92.812, 1.948, 0, 0, 0, 0, 1800, 100, 1),
(90599, 1622, 1, 17, -1436, -3284, 208.115, 0.012, 0, 0, 0, 0, 1800, 100, 1),
(90600, 1622, 1, 17, -1298, -1798, 91.774, 1.469, 0, 0, 0, 0, 1800, 100, 1),
(90601, 1622, 1, 17, -1435, -1566, 98.631, 0.892, 0, 0, 0, 0, 1800, 100, 1),
(90602, 1622, 1, 17, -1416, -3665, 92.602, 0.876, 0, 0, 0, 0, 1800, 100, 1),
(90603, 1622, 1, 17, -1298, -3526, 138.158, 3.998, 0, 0, 0, 0, 1800, 100, 1),
(90604, 1622, 1, 17, -1485, -3268, 207.021, 2.576, 0, 0, 0, 0, 1800, 100, 1),
(90605, 1622, 1, 17, 586.459, -3148, 98.035, 5.706, 0, 0, 0, 0, 1800, 100, 1),
(90606, 1622, 1, 17, -3150, -1944, 99.584, 1.187, 0, 0, 0.559193, 0.829038, 1800, 100, 1),
(90607, 1622, 1, 17, -4145, -2218, 50.183, 5.812, 0, 0, 0, 0, 1800, 100, 1),
(90608, 1622, 1, 17, -4147, -2228, 50.289, 2.843, 0, 0, 0, 0, 1800, 100, 1),
(90609, 1622, 1, 17, -2198, -3692, 91.337, 0, 0, 0, -0.069756, 0.997564, 1800, 100, 1),
(90610, 1622, 1, 17, -2055, -3203, 96.4856, 1.43, 0, 0, 0, 0, 1800, 100, 1),
(90611, 1622, 1, 17, -3057, -1686, 98.321, 1.693, 0, 0, 0, 0, 1800, 100, 1),
(90612, 1622, 1, 17, -3122, -1814, 94.08, 4.465, 0, 0, 0, 0, 1800, 100, 1),
(90613, 1622, 1, 17, -3145, -1807, 94.681, 5.262, 0, 0, 0, 0, 1800, 100, 1),
(90614, 1622, 1, 17, -3248, -1803, 93.073, 3.197, 0, 0, 0, 0, 1800, 100, 1),
(90615, 1622, 1, 17, -3111, -1733, 92.582, 4.029, 0, 0, 0, 0, 1800, 100, 1),
(90616, 1622, 1, 17, -3048, -1973, 99.203, -3, 0, 0, -0.951056, 0.309017, 1800, 100, 1),
(90617, 1622, 1, 17, -4111, -2219, 51.577, 6.173, 0, 0, 0, 0, 1800, 100, 1),
(90618, 1622, 1, 17, -2087, -3654, 68.425, 2.548, 0, 0, 0.956305, 0.292372, 1800, 100, 1),
(90619, 1622, 1, 17, 409.112, -2096, 144.006, -1, 0, 0, -0.317305, 0.948324, 1800, 100, 1),
(90620, 1622, 1, 17, -825, -1975, 98.221, 0.522, 0, 0, 0, 0, 1800, 100, 1),
(90621, 1622, 1, 17, -4194, -1869, 95.418, 1.873, 0, 0, 0, 0, 1800, 100, 1),
(90622, 1622, 1, 17, 824.224, -3276, 209.045, 1.359, 0, 0, 0, 0, 1800, 100, 1),
(90623, 1622, 1, 17, 743.035, -3173, 210.196, 2.231, 0, 0, 0, 0, 1800, 100, 1),
(90624, 1622, 1, 17, -798, -2239, 95.266, 6.275, 0, 0, 0, 0, 1800, 100, 1),
(90625, 1622, 1, 17, -3033, -1900, 95.906, 1.414, 0, 0, 0, 0, 1800, 100, 1),
(90626, 1622, 1, 17, 1203.7, -3423, 107.254, 6.134, 0, 0, 0, 0, 1800, 100, 1),
(90627, 1622, 1, 17, -1574, -3314, 213.036, 2.078, 0, 0, 0, 0, 1800, 100, 1),
(90628, 1622, 1, 17, -689.763, -2102.04, 65.5142, 4.90438, 0, 0, -0.636078, 0.771625, 1800, 100, 1),
(90629, 1623, 1, 17, -4292.32, -2272.08, 109.006, 3.4034, 0, 0, -0.991445, 0.130528, 1800, 255, 1),
(90630, 1622, 1, 17, 365.608, -2267, 221.623, 2.753, 0, 0, 0, 0, 1800, 100, 1),
(90631, 1622, 1, 17, -3833, -1543, 103.537, 6.122, 0, 0, 0, 0, 1800, 100, 1),
(90632, 1622, 1, 17, -3966, -1667, 92.34, 3.256, 0, 0, 0, 0, 1800, 100, 1),
(90633, 1622, 1, 17, -3842, -1808, 91.667, 6.166, 0, 0, 0, 0, 1800, 100, 1),
(90634, 1623, 1, 17, -3333.73, -1774.43, 115.264, 1.8675, 0, 0, 0.803857, 0.594823, 1800, 255, 1),
(90635, 1622, 1, 17, -2347, -2219, 92.143, 0.89, 0, 0, 0.430511, 0.902585, 1800, 100, 1),
(90636, 1622, 1, 17, -3328, -1823, 101.706, 2.635, 0, 0, 0.968148, 0.25038, 1800, 100, 1),
(90637, 1623, 1, 17, -2763.43, -2346.12, 145.385, 3.17653, 0, 0, -0.999847, 0.0174693, 1800, 255, 1),
(90638, 1622, 1, 17, 382.404, -2286, 214.775, 3.672, 0, 0, 0, 0, 1800, 100, 1),
(90639, 1622, 1, 17, 482.836, -2090, 140.731, 0.947, 0, 0, 0, 0, 1800, 100, 1),
(90640, 1622, 1, 17, -3227, -2260, 103.83, 0, 0, 0, -0.121869, 0.992546, 1800, 100, 1),
(90641, 1622, 1, 17, -1965, -3601, 22, 0, 0, 0, -0.121869, 0.992546, 1800, 100, 1),
(90642, 1622, 1, 17, -1968, -3542, 42.448, 2.949, 0, 0, 0, 0, 1800, 100, 1),
(90643, 1622, 1, 17, -889, -1946, 91.914, 3.982, 0, 0, 0, 0, 1800, 100, 1),
(90644, 1622, 1, 17, -896, -2075, 82.864, 2.981, 0, 0, 0, 0, 1800, 100, 1),
(90645, 1622, 1, 17, -1553, -3383, 213.675, 0.734, 0, 0, 0, 0, 1800, 100, 1),
(90646, 1622, 1, 17, -1800, -1694, 91.675, 0.703, 0, 0, 0, 0, 1800, 100, 1),
(90647, 1622, 1, 17, 1261.53, -3615, 89.724, 1.658, 0, 0, 0.737277, 0.67559, 1800, 100, 1),
(90648, 1622, 1, 17, -3970, -1629, 100.434, 2.074, 0, 0, 0, 0, 1800, 100, 1),
(90649, 1623, 1, 17, -4283, -2068, 100.874, 6.011, 0, 0, 0, 0, 1800, 100, 1),
(90650, 1623, 1, 17, -4099, -1786, 122.57, 2.186, 0, 0, 0, 0, 1800, 100, 1),
(90651, 1623, 1, 17, -4013, -1684, 125.915, 2.493, 0, 0, 0, 0, 1800, 100, 1),
(90652, 1623, 1, 17, -4459, -1970, 109.653, 4.227, 0, 0, 0, 0, 1800, 100, 1),
(90653, 1623, 1, 17, -4379, -2283, 106.913, 5.775, 0, 0, 0, 0, 1800, 100, 1),
(90654, 1623, 1, 17, -3314.23, -2294.88, 125.741, 1.09956, 0, 0, 0.522498, 0.85264, 1800, 100, 1),
(90655, 1623, 1, 17, -4094, -1785, 118.814, 2.626, 0, 0, 0, 0, 1800, 100, 1),
(90656, 1623, 1, 17, -2049, -3546, 55.157, 2.64, 0, 0, 0, 0, 1800, 100, 1),
(90657, 1623, 1, 17, -1563, -3452, 190.555, 6.119, 0, 0, 0, 0, 1800, 100, 1),
(90658, 1624, 1, 17, -2381.14, -2293.68, 91.6667, 2.25147, 0, 0, 0.902585, 0.430512, 1800, 255, 1),
(90659, 1624, 1, 17, -3652.88, -2094.61, 92.8224, 2.11185, 0, 0, 0.870356, 0.492424, 1800, 255, 1),
(90660, 1623, 1, 17, -3602, -1760, 136.747, 5.07, 0, 0, 0, 0, 1800, 100, 1),
(90661, 1623, 1, 17, -3338, -1814, 98.874, 1.12, 0, 0, 0, 0, 1800, 100, 1),
(90662, 1623, 1, 17, -3494, -1764, 96.564, 1.44, 0, 0, 0, 0, 1800, 100, 1),
(90663, 1623, 1, 17, -3997, -1888, 99.291, 5.736, 0, 0, 0, 0, 1800, 100, 1),
(90664, 1623, 1, 17, -2765.04, -2022.38, 121.663, 2.75761, 0, 0, 0.981627, 0.190812, 1800, 100, 1),
(90665, 1623, 1, 17, -1944, -2639, 127.769, 2.931, 0, 0, 0, 0, 1800, 100, 1),
(90666, 1623, 1, 17, -1950, -3106, 139.184, 3.467, 0, 0, 0, 0, 1800, 100, 1),
(90667, 1623, 1, 17, -4212.71, -2089.35, 105.007, 2.46091, 0, 0, 0.942641, 0.333808, 1800, 100, 1),
(90668, 1623, 1, 17, -3025, -1665, 128.997, 5.925, 0, 0, 0, 0, 1800, 100, 1),
(90669, 1623, 1, 17, -1365, -1548, 106.621, 1.532, 0, 0, 0, 0, 1800, 100, 1),
(90670, 1624, 1, 17, -1857.72, -3239.05, 81.4051, 2.26893, 0, 0, 0.906307, 0.422619, 1800, 100, 1),
(90671, 1624, 1, 17, -579, -2064, 55.549, 1.78, 0, 0, 0.777146, 0.62932, 1800, 100, 1),
(90672, 1624, 1, 17, -3135, -2235.9, 91.9488, 0.523598, 0, 0, 0.258819, 0.965926, 1800, 100, 1),
(90673, 1624, 1, 17, -3917.17, -2119.19, 91.6857, 3.22886, 0, 0, -0.999048, 0.0436193, 1800, 100, 1),
(90674, 1624, 1, 17, -548.032, -2306.91, 34.6002, 2.63544, 0, 0, 0.968147, 0.250381, 1800, 100, 1),
(90675, 1624, 1, 17, -1662, -3087, 91.668, 0.663, 0, 0, 0.325568, 0.945519, 1800, 100, 1),
(90676, 1624, 1, 17, -3957, -1778, 91.667, 0, 0, 0, -0.233445, 0.97237, 1800, 100, 1),
(90677, 1624, 1, 17, -2098.81, -1931.56, 96.9205, 5.14872, 0, 0, -0.537299, 0.843392, 1800, 100, 1),
(90678, 1624, 1, 17, -3207.59, -1790.34, 91.6667, 2.00713, 0, 0, 0.843391, 0.5373, 1800, 100, 1),
(90679, 1624, 1, 17, -3420.14, -2177.12, 91.6667, 2.54818, 0, 0, 0.956305, 0.292372, 1800, 100, 1),
(90680, 1624, 1, 17, -2911.27, -1992.3, 93.0076, 2.26893, 0, 0, 0.906307, 0.422619, 1800, 100, 1),
(90681, 1624, 1, 17, -4051, -1969, 91.667, 0.977, 0, 0, 0, 0, 1800, 100, 1),
(90682, 1624, 1, 17, -3443, -2111, 93.416, 2.126, 0, 0, 0.873923, 0.486064, 1800, 100, 1),
(90683, 1624, 1, 17, -2581.38, -2315.22, 91.6668, 4.15388, 0, 0, -0.874619, 0.48481, 1800, 100, 1),
(90684, 1624, 1, 17, -1983.06, -2750.87, 91.7331, 0.715585, 0, 0, 0.350207, 0.936672, 1800, 100, 1),
(90685, 1624, 1, 17, -3119.02, -2246.05, 94.0295, 1.18682, 0, 0, 0.559193, 0.829038, 1800, 100, 1),
(90686, 1624, 1, 17, -3278, -2156, 93.634, 2.409, 0, 0, 0.93358, 0.358368, 1800, 100, 1),
(90687, 1624, 1, 17, -3718.66, -2255.68, 92.7322, 4.20625, 0, 0, -0.861629, 0.507539, 1800, 100, 1),
(90688, 1624, 1, 17, -4111.47, -1954.08, 91.9037, 5.32326, 0, 0, -0.461748, 0.887011, 1800, 100, 1),
(90689, 1628, 1, 17, -3996.27, -1861.18, 91.7213, 0.418879, 0, 0, 0.207911, 0.978148, 1800, 100, 1),
(90690, 1628, 1, 17, -4013, -1763, 97.046, 2.205, 0, 0, 0, 0, 1800, 100, 1),
(90691, 1628, 1, 17, -3876, -1638, 91.718, 4.653, 0, 0, -0.62932, 0.777146, 1800, 100, 1),
(90692, 3726, 1, 17, -1367.89, -3949.43, 42.8773, 2.07694, 0, 0, 0.861629, 0.507539, 900, 100, 1),
(90693, 1618, 1, 17, 871.441, -3921.87, 20.8167, -1.48353, 0, 0, 0.67559, -0.737277, 900, 100, 1),
(90694, 1619, 1, 17, 37.1113, -3984.51, 48.3673, -2.56563, 0, 0, 0.95882, -0.284015, 900, 100, 1),
(90695, 1618, 1, 17, 808.397, -3849.42, 18.2498, 0.610865, 0, 0, 0.300706, 0.953717, 900, 100, 1),
(90696, 1617, 1, 17, 1285.04, -4064.33, 33.2841, -2.05949, 0, 0, 0.857167, -0.515038, 900, 100, 1),
(90697, 1618, 1, 17, 139.258, -3887.16, 39.8697, -2.53073, 0, 0, 0.953717, -0.300706, 900, 100, 1),
(90698, 1618, 1, 17, 687.802, -3908.26, 15.4886, -0.331612, 0, 0, 0.165048, -0.986286, 900, 100, 1),
(90699, 1619, 1, 17, 432.176, -3955.29, 29.5882, -2.37365, 0, 0, 0.927184, -0.374607, 900, 100, 1),
(90700, 1618, 1, 17, 410.002, -3984.35, 30.2169, 2.86234, 0, 0, 0.990268, 0.139173, 900, 100, 1),
(90701, 1617, 1, 17, 763.727, -3959.34, 19.3767, 1.13446, 0, 0, 0.5373, 0.843391, 900, 100, 1),
(90702, 1620, 1, 17, -157.146, -3992.43, 57.2922, -1.62316, 0, 0, 0.725374, -0.688354, 900, 100, 1),
(90703, 1620, 1, 17, -696.661, -2181.23, 30.172, -1.11701, 0, 0, 0.529919, -0.848048, 900, 100, 1),
(90704, 1620, 1, 17, -688.772, -2010.5, 64.995, -1.15192, 0, 0, 0.544639, -0.838671, 900, 100, 1),
(90705, 1622, 1, 17, -651.835, -2012.49, 61.4656, 1.93731, 0, 0, 0.824126, 0.566406, 1800, 100, 1),
(90706, 1622, 1, 17, -592.409, -2025.54, 58.5813, 1.69297, 0, 0, 0.748956, 0.66262, 1800, 100, 1),
(90707, 1623, 1, 17, -1904.72, -2638.58, 155.635, -0.087267, 0, 0, 0.04362, -0.999048, 1800, 100, 1),
(90708, 1623, 1, 17, -2047.09, -3470.98, 99.9378, -2.74017, 0, 0, 0.979925, -0.199368, 1800, 100, 1),
(90709, 1623, 1, 17, -3858.89, -2406.3, 115.864, 2.9147, 0, 0, 0.993572, 0.113203, 1800, 100, 1),
(90710, 1623, 1, 17, -3629.4, -1741.74, 133.187, 2.67035, 0, 0, 0.97237, 0.233445, 1800, 100, 1),
(90711, 1623, 1, 17, -3016.49, -2238.13, 145.261, 0.05236, 0, 0, 0.026177, 0.999657, 1800, 100, 1),
(90712, 1624, 1, 17, -717.585, -2226.96, 17.2664, -2.56563, 0, 0, 0.95882, -0.284015, 1800, 100, 1),
(90713, 1624, 1, 17, -570.36, -2063.68, 55.6413, 1.78024, 0, 0, 0.777146, 0.62932, 1800, 100, 1),
(90714, 1624, 1, 17, -2191.66, -2455.41, 96.9269, 2.67035, 0, 0, 0.97237, 0.233445, 1800, 100, 1),
(90715, 1624, 1, 17, -2354.68, -2414.55, 94.4779, 0.366519, 0, 0, 0.182236, 0.983255, 1800, 100, 1),
(90716, 1624, 1, 17, -3954.77, -1782.56, 91.6667, -0.471239, 0, 0, 0.233445, -0.97237, 1800, 100, 1),
(90717, 1624, 1, 17, -3879.72, -1763.04, 91.8748, -1.62316, 0, 0, 0.725374, -0.688354, 1800, 100, 1),
(90718, 1624, 1, 17, -3481.74, -1926.26, 93.4946, -0.558505, 0, 0, 0.275637, -0.961262, 1800, 100, 1),
(90719, 1628, 1, 17, -3716.01, -1589.55, 92.2708, -1.37881, 0, 0, 0.636078, -0.771625, 1800, 100, 1),
(90720, 1622, 1, 17, -732.775, -2066.87, 72.771, 4.7822, 0, 0, -0.681998, 0.731354, 300, 100, 1),
(90721, 1622, 1, 17, -606.03, -2135.14, 52.8572, 2.37364, 0, 0, 0.927183, 0.374608, 300, 100, 1),
(90722, 3726, 1, 17, -3948.84, -2014.57, 99.8912, 0.471238, 0, 0, 0.233445, 0.97237, 900, 100, 1),
(90723, 3726, 1, 17, -2173.47, -1688.16, 122.478, 5.42797, 0, 0, -0.414693, 0.909961, 900, 100, 1),
(90724, 3726, 1, 17, -2475.08, -1594.51, 111.186, 3.52557, 0, 0, -0.981627, 0.190812, 900, 100, 1),
(90725, 3726, 1, 17, -4152.02, -2279.53, 95.8744, 5.02655, 0, 0, -0.587785, 0.809017, 900, 100, 1),
(90726, 3726, 1, 17, -1815.75, -1971.06, 104.918, 4.59022, 0, 0, -0.748956, 0.66262, 900, 100, 1),
(90727, 3726, 1, 17, -1721.55, -3900.48, 16.4119, 0.104719, 0, 0, 0.0523357, 0.99863, 900, 100, 1),
(90728, 3726, 1, 17, -1351.95, -3756.06, 58.8003, 3.52557, 0, 0, -0.981627, 0.190812, 900, 100, 1),
(90729, 3726, 1, 17, -1568.26, -3783.89, 43.2512, 2.02458, 0, 0, 0.848047, 0.529921, 900, 100, 1),
(90730, 3726, 1, 17, -3670.86, -1756.42, 92.5359, 0.820303, 0, 0, 0.398748, 0.91706, 900, 100, 1),
(90731, 3726, 1, 17, -1753.09, -3690.84, 34.6685, 1.32645, 0, 0, 0.615661, 0.788011, 900, 100, 1),
(90732, 3726, 1, 17, -2552.32, -1730.75, 109.963, 2.74016, 0, 0, 0.979924, 0.19937, 900, 100, 1),
(90733, 1624, 1, 17, -3254.12, -1900.28, 96.5674, 1.41372, 0, 0, 0.649447, 0.760406, 300, 100, 1),
(90734, 1624, 1, 17, -1945.03, -3406.26, 58.9039, 4.15388, 0, 0, -0.874619, 0.48481, 300, 100, 1),
(90735, 1624, 1, 17, -3879.04, -2228.16, 91.6667, 0.506145, 0, 0, 0.25038, 0.968148, 300, 100, 1),
(90736, 1624, 1, 17, -3752.99, -1823.72, 93.9388, 1.25664, 0, 0, 0.587785, 0.809017, 300, 100, 1),
(90737, 1624, 1, 17, -3754.5, -2373.85, 94.315, 1.74533, 0, 0, 0.766044, 0.642789, 300, 100, 1),
(90738, 1624, 1, 17, -3751.89, -1915.54, 92.8664, 5.51524, 0, 0, -0.374606, 0.927184, 300, 100, 1),
(90739, 1624, 1, 17, -3783.09, -2183.34, 93.6768, 1.48353, 0, 0, 0.67559, 0.737278, 300, 100, 1),
(90740, 1624, 1, 17, -3776.07, -1657.71, 93.783, 3.42085, 0, 0, -0.990268, 0.139175, 300, 100, 1),
(90741, 1624, 1, 17, -3079.82, -1797.63, 91.8474, 0.349065, 0, 0, 0.173648, 0.984808, 300, 100, 1),
(90742, 1624, 1, 17, -2711.57, -1954.99, 96.872, 0.645772, 0, 0, 0.317305, 0.948324, 300, 100, 1),
(90743, 1620, 1, 17, -628.346, -2029.38, 64.2924, 0.59341, 0, 0, 0.292371, 0.956305, 300, 100, 1),
(90744, 3727, 1, 17, -3462.09, -2399.67, 92.3755, 0.0698117, 0, 0, 0.0348988, 0.999391, 1800, 100, 1),
(90745, 3727, 1, 17, 1233.28, -3801.56, 33.4924, 4.20625, 0, 0, -0.861629, 0.507539, 1800, 100, 1),
(90746, 3727, 1, 17, 531.374, -3202.91, 93.1286, 0.0174525, 0, 0, 0.00872612, 0.999962, 1800, 100, 1),
(90747, 3727, 1, 17, -715.848, -3142.72, 94.6115, 4.13643, 0, 0, -0.878817, 0.47716, 1800, 100, 1),
(90748, 3727, 1, 17, -2772.87, -2109.86, 96.147, 4.90438, 0, 0, -0.636078, 0.771625, 1800, 100, 1),
(90749, 3727, 1, 17, -2683.96, -1840.49, 92.0594, 1.62316, 0, 0, 0.725374, 0.688355, 1800, 100, 1),
(90750, 3727, 1, 17, -1750.27, -2045.18, 93.5092, 4.50295, 0, 0, -0.777145, 0.629321, 1800, 100, 1),
(90751, 3727, 1, 17, -1152.78, -2354.12, 92.4685, 0.488691, 0, 0, 0.241921, 0.970296, 1800, 100, 1),
(90752, 3727, 1, 17, -154.469, -1946.83, 95.2778, 4.53786, 0, 0, -0.766044, 0.642789, 1800, 100, 1),
(90753, 3727, 1, 17, 449.584, -3116.32, 94.0315, 1.09956, 0, 0, 0.522498, 0.85264, 1800, 100, 1),
(90754, 3727, 1, 17, -1324.09, -2586.36, 93.059, 5.5676, 0, 0, -0.350207, 0.936672, 1800, 100, 1),
(90755, 3727, 1, 17, 885.531, -2912.21, 93.5429, 0.157079, 0, 0, 0.0784588, 0.996917, 1800, 100, 1),
(90756, 3727, 1, 17, -52.3808, -1508.4, 94.5811, 5.35816, 0, 0, -0.446198, 0.894935, 1800, 100, 1),
(90757, 3727, 1, 17, -1955.81, -1916.63, 93.8579, 2.60054, 0, 0, 0.96363, 0.267241, 1800, 100, 1),
(90758, 3727, 1, 17, 1156.44, -3751.48, 35.4822, 3.76991, 0, 0, -0.951056, 0.309017, 1800, 100, 1),
(90759, 3727, 1, 17, 25.342, -2375.39, 92.1641, 5.79449, 0, 0, -0.241921, 0.970296, 1800, 100, 1),
(90760, 3727, 1, 17, 865.839, -3489.71, 92.6699, 2.82743, 0, 0, 0.987688, 0.156436, 1800, 100, 1),
(90761, 3727, 1, 17, -2721.75, -1951.37, 95.6936, 2.09439, 0, 0, 0.866025, 0.500001, 1800, 100, 1),
(90762, 3727, 1, 17, -721.839, -1879.39, 92.7246, 5.13127, 0, 0, -0.544639, 0.838671, 1800, 100, 1),
(90763, 3727, 1, 17, -2133.94, -1724.68, 91.6667, 6.05629, 0, 0, -0.113203, 0.993572, 1800, 100, 1),
(90764, 3727, 1, 17, -2518.09, -1851.83, 92.2329, 5.68977, 0, 0, -0.292372, 0.956305, 1800, 100, 1),
(90765, 3727, 1, 17, -1486.6, -2077.56, 82.5848, 1.39626, 0, 0, 0.642787, 0.766045, 1800, 100, 1),
(90766, 3727, 1, 17, -115.318, -2247.6, 91.6667, 4.27606, 0, 0, -0.843391, 0.5373, 1800, 100, 1),
(90767, 3727, 1, 17, 84.225, -1584.69, 94.6333, 0.942477, 0, 0, 0.45399, 0.891007, 1800, 100, 1),
(90768, 3727, 1, 17, -315.952, -1719.38, 92.395, 0.59341, 0, 0, 0.292371, 0.956305, 1800, 100, 1),
(90769, 3727, 1, 17, 422.249, -3630.41, 28.3725, 2.89725, 0, 0, 0.992546, 0.12187, 1800, 100, 1),
(90770, 3727, 1, 17, 586.758, -1882.36, 91.6667, 4.34587, 0, 0, -0.824126, 0.566406, 1800, 100, 1),
(90771, 3727, 1, 17, -387.624, -1458.01, 95.168, 5.32326, 0, 0, -0.461748, 0.887011, 1800, 100, 1),
(90772, 3727, 1, 17, -1854.13, -2813.15, 93.3581, 4.7473, 0, 0, -0.694658, 0.71934, 1800, 100, 1),
(90773, 3727, 1, 17, -2714.96, -2308.53, 91.681, 1.32645, 0, 0, 0.615661, 0.788011, 1800, 100, 1),
(90774, 3727, 1, 17, -4112.9, -1905.92, 93.1088, 5.84685, 0, 0, -0.216439, 0.976296, 1800, 100, 1),
(90775, 3727, 1, 17, -115.113, -1718.67, 94.2968, 4.20625, 0, 0, -0.861629, 0.507539, 1800, 100, 1),
(90776, 3727, 1, 17, -2894.87, -2221.63, 92.9427, 0.087266, 0, 0, 0.0436192, 0.999048, 1800, 100, 1),
(90777, 3727, 1, 17, -3207.48, -2241.12, 91.8736, 0.401425, 0, 0, 0.199368, 0.979925, 1800, 100, 1),
(90778, 3727, 1, 17, -820.308, -1749.19, 93.5486, 3.71755, 0, 0, -0.958819, 0.284016, 1800, 100, 1),
(90779, 3727, 1, 17, -2275.54, -1748.21, 91.6667, 1.76278, 0, 0, 0.771625, 0.636078, 1800, 100, 1),
(90780, 3727, 1, 17, -2214.45, -2616.82, 93.1482, 2.87979, 0, 0, 0.991445, 0.130528, 1800, 100, 1),
(90781, 3727, 1, 17, -2213.99, -2046.5, 93.1859, 0.0523589, 0, 0, 0.0261765, 0.999657, 1800, 100, 1),
(90782, 3727, 1, 17, -2184.46, -1851.25, 93.3504, 0.750491, 0, 0, 0.366501, 0.930418, 1800, 100, 1),
(90783, 3727, 1, 17, -1989.86, -3441.82, 54.0066, 3.89209, 0, 0, -0.930417, 0.366502, 1800, 100, 1),
(90784, 3727, 1, 17, -2282.97, -2287.78, 91.8577, 2.67035, 0, 0, 0.972369, 0.233448, 1800, 100, 1),
(90785, 3727, 1, 17, -2078.78, -1825.08, 91.6727, 1.83259, 0, 0, 0.793353, 0.608762, 1800, 100, 1),
(90786, 3727, 1, 17, -1656.15, -1915.26, 93.5014, 3.21142, 0, 0, -0.999391, 0.0349061, 1800, 100, 1),
(90787, 3727, 1, 17, 551.666, -3675.08, 27.2787, 5.51524, 0, 0, -0.374606, 0.927184, 1800, 100, 1),
(90788, 3727, 1, 17, -2702.22, -2023.16, 97.1988, 1.93731, 0, 0, 0.824125, 0.566408, 1800, 100, 1),
(90789, 3727, 1, 17, -1851.45, -2949.39, 91.6667, 2.70526, 0, 0, 0.976295, 0.216442, 1800, 100, 1),
(90790, 3727, 1, 17, -2416.2, -2524.77, 91.6667, 0.0349062, 0, 0, 0.0174522, 0.999848, 1800, 100, 1),
(90791, 3727, 1, 17, -1445.05, -2186.18, 91.6629, 3.7001, 0, 0, -0.961261, 0.27564, 1800, 100, 1),
(90792, 3727, 1, 17, 737.1, -3683.63, 29.4815, 1.44862, 0, 0, 0.66262, 0.748956, 1800, 100, 1),
(90793, 3727, 1, 17, 727.135, -3027.79, 91.6667, 5.46288, 0, 0, -0.398748, 0.91706, 1800, 100, 1),
(90794, 3727, 1, 17, 580.55, -2781.6, 91.7421, 1.79769, 0, 0, 0.782608, 0.622515, 1800, 100, 1),
(90795, 3727, 1, 17, 463.624, -1807.32, 91.7776, 5.35816, 0, 0, -0.446198, 0.894935, 1800, 100, 1),
(90796, 3727, 1, 17, 155.817, -1793.3, 93.9141, 4.24115, 0, 0, -0.85264, 0.522499, 1800, 100, 1),
(90797, 3727, 1, 17, -3283.59, -2118.74, 91.8353, 1.58825, 0, 0, 0.71325, 0.70091, 1800, 100, 1),
(90798, 3727, 1, 17, -3651.67, -2086.83, 92.3989, 1.48353, 0, 0, 0.67559, 0.737278, 1800, 100, 1),
(90799, 3727, 1, 17, -3816.58, -2440.67, 91.6667, 0.104719, 0, 0, 0.0523357, 0.99863, 1800, 100, 1),
(90800, 3727, 1, 17, -3132.56, -1902.42, 96.7309, 5.41052, 0, 0, -0.422618, 0.906308, 1800, 100, 1),
(90801, 3727, 1, 17, -2512.43, -2472.45, 92.3745, 5.53269, 0, 0, -0.366501, 0.930418, 1800, 100, 1),
(90802, 3727, 1, 17, 250.178, -1749.49, 91.6666, 3.28124, 0, 0, -0.997563, 0.0697661, 1800, 100, 1),
(90803, 3727, 1, 17, -2042.05, -2132.15, 92.7959, 1.29154, 0, 0, 0.601814, 0.798636, 1800, 100, 1),
(90804, 3727, 1, 17, -1355.5, -2205.64, 91.8376, 6.12611, 0, 0, -0.0784588, 0.996917, 1800, 100, 1),
(90805, 3727, 1, 17, -2047.76, -2618.79, 91.6667, 0, 0, 0, 0, 1, 1800, 100, 1),
(90806, 3727, 1, 17, -619.794, -1817.9, 92.2827, 3.05433, 0, 0, 0.999048, 0.0436193, 1800, 100, 1),
(90807, 3727, 1, 17, 497.297, -2394.02, 93.5046, 4.25861, 0, 0, -0.848047, 0.529921, 1800, 100, 1),
(90808, 3727, 1, 17, -1518.44, -2788.13, 93.8622, 3.83973, 0, 0, -0.939692, 0.34202, 1800, 100, 1),
(90809, 3727, 1, 17, -2053.85, -2349.05, 91.8999, 5.37562, 0, 0, -0.438371, 0.898794, 1800, 100, 1),
(90810, 3727, 1, 17, -2048.94, -2715.53, 91.9006, 0.750491, 0, 0, 0.366501, 0.930418, 1800, 100, 1),
(90811, 3727, 1, 17, -3043.68, -2155.73, 91.6667, 3.78737, 0, 0, -0.948323, 0.317306, 1800, 100, 1),
(90812, 3727, 1, 17, -2929.99, -1959.83, 91.6667, 3.35105, 0, 0, -0.994521, 0.104536, 1800, 100, 1),
(90813, 3727, 1, 17, 478.551, -2940.74, 91.7832, 4.7473, 0, 0, -0.694658, 0.71934, 1800, 100, 1),
(90814, 3727, 1, 17, 616.284, -2947.64, 92.1194, 1.71042, 0, 0, 0.754709, 0.656059, 1800, 100, 1),
(90815, 3727, 1, 17, -853.452, -2310.96, 92.8695, 1.97222, 0, 0, 0.833885, 0.551938, 1800, 100, 1),
(90816, 3727, 1, 17, -2050.38, -2050.88, 92.7058, 4.95674, 0, 0, -0.615661, 0.788011, 1800, 100, 1),
(90817, 3727, 1, 17, -2989.87, -2111.22, 93.1494, 0.95993, 0, 0, 0.461748, 0.887011, 1800, 100, 1),
(90818, 3727, 1, 17, -2805.85, -1925.75, 91.6667, 4.72984, 0, 0, -0.700909, 0.713251, 1800, 100, 1),
(90819, 3727, 1, 17, -2585.05, -2050.21, 91.6667, 4.7822, 0, 0, -0.681998, 0.731354, 1800, 100, 1),
(90820, 3727, 1, 17, -1293.55, -2148.94, 91.8489, 5.70723, 0, 0, -0.284015, 0.95882, 1800, 100, 1),
(90821, 3727, 1, 17, -1724.29, -2693.6, 82.5758, 5.20108, 0, 0, -0.515038, 0.857168, 1800, 100, 1),
(90822, 3727, 1, 17, -3739.84, -2315.65, 93.6975, 2.26893, 0, 0, 0.906307, 0.422619, 1800, 100, 1),
(90823, 3727, 1, 17, -827.816, -2138.57, 91.7369, 1.71042, 0, 0, 0.754709, 0.656059, 1800, 100, 1),
(90824, 3727, 1, 17, -1190.45, -1807.65, 86.4704, 5.72468, 0, 0, -0.275637, 0.961262, 1800, 100, 1),
(90825, 3727, 1, 17, -1786.14, -1785.21, 96.9878, 4.93928, 0, 0, -0.622514, 0.782609, 1800, 100, 1),
(90826, 3727, 1, 17, -3279.59, -1705.84, 91.6667, 4.97419, 0, 0, -0.608761, 0.793354, 1800, 100, 1),
(90827, 3727, 1, 17, -3650.79, -1646.35, 91.6667, 4.38078, 0, 0, -0.814116, 0.580703, 1800, 100, 1),
(90828, 3727, 1, 17, -3949.09, -1745.83, 93.5654, 2.63544, 0, 0, 0.968147, 0.250381, 1800, 100, 1),
(90829, 3727, 1, 17, -1799, -3075.59, 83.0565, 4.18879, 0, 0, -0.866025, 0.500001, 1800, 100, 1),
(90830, 3727, 1, 17, 74.3646, -3443.92, 28.166, 5.77704, 0, 0, -0.25038, 0.968148, 1800, 100, 1),
(90831, 3727, 1, 17, 921.922, -3667.02, 31.433, 6.0912, 0, 0, -0.0958452, 0.995396, 1800, 100, 1),
(90832, 3727, 1, 17, -1290.88, -1919.27, 81.3488, 0.471238, 0, 0, 0.233445, 0.97237, 1800, 100, 1),
(90833, 3727, 1, 17, -2755.1, -2214.42, 95.583, 1.25664, 0, 0, 0.587785, 0.809017, 1800, 100, 1),
(90834, 3727, 1, 17, -1543.9, -2609.17, 92.33, 0.261798, 0, 0, 0.130526, 0.991445, 1800, 100, 1),
(90835, 3727, 1, 17, -1755.6, -2587.81, 91.6667, 1.48353, 0, 0, 0.67559, 0.737278, 1800, 100, 1),
(90836, 3727, 1, 17, -2483.53, -2248.7, 95.6184, 2.67035, 0, 0, 0.972369, 0.233448, 1800, 100, 1),
(90837, 3727, 1, 17, 943.49, -3185.56, 91.8506, 4.76475, 0, 0, -0.688354, 0.725374, 1800, 100, 1),
(90838, 3727, 1, 17, 651.194, -2083.68, 91.9575, 3.47321, 0, 0, -0.986285, 0.16505, 1800, 100, 1),
(90839, 3727, 1, 17, -2451.96, -1710.87, 94.5315, 4.04917, 0, 0, -0.898793, 0.438373, 1800, 100, 1),
(90840, 3727, 1, 17, -3550.2, -1830.2, 91.6667, 4.08407, 0, 0, -0.891006, 0.453991, 1800, 100, 1),
(90841, 3727, 1, 17, -3813, -2215.8, 93.1443, 0.715585, 0, 0, 0.350207, 0.936672, 1800, 100, 1),
(90842, 3727, 1, 17, -2641.9, -2292.76, 93.3241, 5.58505, 0, 0, -0.34202, 0.939693, 1800, 100, 1),
(90843, 3727, 1, 17, -2266.8, -2566.73, 91.6666, 3.00195, 0, 0, 0.997563, 0.0697661, 1800, 100, 1),
(90844, 3727, 1, 17, -3815.81, -1850.86, 93.7421, 5.23599, 0, 0, -0.5, 0.866025, 1800, 100, 1),
(90845, 3727, 1, 17, -3380.97, -2215, 94.8222, 6.03884, 0, 0, -0.121869, 0.992546, 1800, 100, 1),
(90846, 3727, 1, 17, -1409.86, -1853.46, 91.7215, 1.18682, 0, 0, 0.559193, 0.829038, 1800, 100, 1),
(90847, 3727, 1, 17, -1357.99, -2854.88, 94.3614, 6.19592, 0, 0, -0.0436192, 0.999048, 1800, 100, 1),
(90848, 3727, 1, 17, 1221.21, -3048.45, 93.2425, 3.56047, 0, 0, -0.978148, 0.207912, 1800, 100, 1),
(90849, 3727, 1, 17, -846.395, -2877.4, 91.7914, 4.24115, 0, 0, -0.85264, 0.522499, 1800, 100, 1),
(90850, 3727, 1, 17, -1820.1, -1859.38, 97.1059, 1.02974, 0, 0, 0.492423, 0.870356, 1800, 100, 1),
(90851, 3727, 1, 17, -1048.15, -2883.74, 91.6667, 6.02139, 0, 0, -0.130526, 0.991445, 1800, 100, 1),
(90852, 3727, 1, 17, -3914.26, -2181.78, 91.6667, 6.12611, 0, 0, -0.0784588, 0.996917, 1800, 100, 1),
(90853, 3727, 1, 17, -1712.07, -2379.35, 91.7887, 2.44346, 0, 0, 0.939692, 0.34202, 1800, 100, 1),
(90854, 3727, 1, 17, -591.644, -1680.88, 91.6674, 5.63741, 0, 0, -0.317305, 0.948324, 1800, 100, 1),
(90855, 3727, 1, 17, 538.218, -1532.07, 94.4988, 2.93214, 0, 0, 0.994521, 0.104536, 1800, 100, 1),
(90856, 3727, 1, 17, 785.477, -2085.2, 91.784, 4.81711, 0, 0, -0.66913, 0.743145, 1800, 100, 1),
(90857, 3727, 1, 17, -1678.25, -2937.08, 91.6651, 1.64061, 0, 0, 0.731353, 0.681999, 1800, 100, 1),
(90858, 3725, 1, 17, 246.02, -3153.48, 90.0559, 5.16618, 0, 0, -0.529919, 0.848048, 1800, 100, 1),
(90859, 3725, 1, 17, 238.912, -2780.93, 91.7317, 3.59538, 0, 0, -0.97437, 0.224951, 1800, 100, 1),
(90860, 3725, 1, 17, -427.637, -2486.69, 92.1472, 6.10865, 0, 0, -0.0871553, 0.996195, 1800, 100, 1),
(90861, 3725, 1, 17, -1200.81, -2142.22, 92.2816, 0.0349062, 0, 0, 0.0174522, 0.999848, 1800, 100, 1),
(90862, 3725, 1, 17, -1165.9, -2065.73, 92.2977, 3.45576, 0, 0, -0.987688, 0.156436, 1800, 100, 1),
(90863, 3725, 1, 17, -1110.87, -2153.9, 80.6538, 3.33359, 0, 0, -0.995396, 0.0958512, 1800, 100, 1),
(90864, 3725, 1, 17, -143.622, -2582.51, 91.6667, 4.60767, 0, 0, -0.743144, 0.669131, 1800, 100, 1),
(90865, 3725, 1, 17, 426.637, -2819.96, 91.6667, 1.29154, 0, 0, 0.601814, 0.798636, 1800, 100, 1),
(90866, 3725, 1, 17, 17.3861, -2470.59, 91.6666, 1.55334, 0, 0, 0.700909, 0.713251, 1800, 100, 1),
(90867, 3725, 1, 17, -464.562, -1585.96, 91.8128, 3.15906, 0, 0, -0.999962, 0.00873464, 1800, 100, 1),
(90868, 3725, 1, 17, -1032.97, -2624.85, 91.6771, 1.91986, 0, 0, 0.819152, 0.573577, 1800, 100, 1),
(90869, 3725, 1, 17, -678.948, -2453.02, 91.6667, 1.81514, 0, 0, 0.788011, 0.615662, 1800, 100, 1),
(90870, 3725, 1, 17, -475.922, -1968.03, 92.3905, 6.14356, 0, 0, -0.0697556, 0.997564, 1800, 100, 1),
(90871, 3725, 1, 17, 224.484, -3345.04, 46.9378, 5.2709, 0, 0, -0.484809, 0.87462, 1800, 100, 1),
(90872, 3725, 1, 17, 129.599, -2920.54, 92.4678, 5.02655, 0, 0, -0.587785, 0.809017, 1800, 100, 1),
(90873, 3725, 1, 17, -798.95, -2859.27, 91.6667, 0.471238, 0, 0, 0.233445, 0.97237, 1800, 100, 1),
(90874, 3725, 1, 17, 521.076, -3664.99, 27.5696, 3.7001, 0, 0, -0.961261, 0.27564, 1800, 100, 1),
(90875, 3725, 1, 17, -1157.22, -2283.67, 90.7383, 4.92183, 0, 0, -0.62932, 0.777146, 1800, 100, 1),
(90876, 3725, 1, 17, -1022.05, -2285.38, 93.5404, 0.541051, 0, 0, 0.267238, 0.963631, 1800, 100, 1),
(90877, 3725, 1, 17, 549.91, -3523.52, 92.9409, 0.733038, 0, 0, 0.358368, 0.93358, 1800, 100, 1),
(90878, 3725, 1, 17, -845.504, -2742.02, 91.6667, 0.314158, 0, 0, 0.156434, 0.987688, 1800, 100, 1),
(90879, 3725, 1, 17, -982.5, -2006.16, 86.159, 5.044, 0, 0, -0.580703, 0.814116, 1800, 100, 1),
(90880, 3725, 1, 17, 451.24, -3405.39, 91.6825, 0.925024, 0, 0, 0.446198, 0.894935, 1800, 100, 1),
(90881, 3725, 1, 17, 772.649, -2588.7, 91.6667, 2.70526, 0, 0, 0.976295, 0.216442, 1800, 100, 1),
(90882, 3725, 1, 17, 750.243, -2392.38, 91.6667, 2.61799, 0, 0, 0.965925, 0.258821, 1800, 100, 1),
(90883, 3725, 1, 17, 76.1382, -1872.33, 95.6032, 6.17847, 0, 0, -0.0523357, 0.99863, 1800, 100, 1),
(90884, 3725, 1, 17, 170.062, -1536.42, 91.6666, 4.55531, 0, 0, -0.760406, 0.649449, 1800, 100, 1),
(90885, 3725, 1, 17, 751.623, -1312.63, 91.6746, 5.53269, 0, 0, -0.366501, 0.930418, 1800, 100, 1),
(90886, 3725, 1, 17, -223.251, -1997.05, 91.7414, 1.85005, 0, 0, 0.798635, 0.601815, 1800, 100, 1),
(90887, 3725, 1, 17, -232.117, -2393.37, 91.9164, 4.72984, 0, 0, -0.700909, 0.713251, 1800, 100, 1),
(90888, 3725, 1, 17, 725.631, -1979.33, 92.0113, 1.50098, 0, 0, 0.681998, 0.731354, 1800, 100, 1),
(90889, 3725, 1, 17, -553.01, -2704.87, 91.6667, 0.314158, 0, 0, 0.156434, 0.987688, 1800, 100, 1),
(90890, 3725, 1, 17, -479.275, -2085.67, 91.6667, 4.17134, 0, 0, -0.870356, 0.492424, 1800, 100, 1),
(90891, 3725, 1, 17, -834.518, -2246.41, 91.6667, 5.70723, 0, 0, -0.284015, 0.95882, 1800, 100, 1),
(90892, 3725, 1, 17, -27.4418, -2241.91, 91.6667, 0.191985, 0, 0, 0.0958452, 0.995396, 1800, 100, 1),
(90893, 3725, 1, 17, -1277.7, -2944.47, 93.1849, 2.9845, 0, 0, 0.996917, 0.0784664, 1800, 100, 1),
(90894, 3725, 1, 17, 467.918, -3003.29, 92.3428, 0.0174525, 0, 0, 0.00872612, 0.999962, 1800, 100, 1),
(90895, 3725, 1, 17, 536.47, -2433.42, 91.8578, 1.36136, 0, 0, 0.62932, 0.777146, 1800, 100, 1),
(90896, 3725, 1, 17, 194.273, -2543.79, 91.6667, 4.46804, 0, 0, -0.788011, 0.615662, 1800, 100, 1),
(90897, 3725, 1, 17, -1020, -2140.87, 82.2547, 4.81711, 0, 0, -0.66913, 0.743145, 1800, 100, 1),
(90898, 3725, 1, 17, -1093.16, -2022.67, 80.5565, 4.79966, 0, 0, -0.67559, 0.737278, 1800, 100, 1),
(90899, 3725, 1, 17, -1309.69, -2797.13, 93.3444, 4.90438, 0, 0, -0.636078, 0.771625, 1800, 100, 1),
(90900, 3725, 1, 17, -902.43, -2082.73, 84.204, 4.72984, 0, 0, -0.700909, 0.713251, 1800, 100, 1),
(90901, 3725, 1, 17, 103.502, -3434.79, 27.6558, 4.88692, 0, 0, -0.642787, 0.766045, 1800, 100, 1),
(90902, 3725, 1, 17, -962.656, -2071.39, 81.3033, 4.97419, 0, 0, -0.608761, 0.793354, 1800, 100, 1),
(90903, 3725, 1, 17, -320.032, -2227.09, 96.3361, 1.39626, 0, 0, 0.642787, 0.766045, 1800, 100, 1),
(90904, 3725, 1, 17, 390.286, -1557.93, 91.8818, 3.29869, 0, 0, -0.996917, 0.0784664, 1800, 100, 1),
(90905, 3725, 1, 17, 234.616, -1970.9, 91.6667, 1.83259, 0, 0, 0.793353, 0.608762, 1800, 100, 1),
(90906, 3725, 1, 17, -1186.96, -3192.73, 91.8396, 5.00909, 0, 0, -0.594823, 0.803857, 1800, 100, 1),
(90907, 3725, 1, 17, -1170.25, -3005.16, 95.8755, 4.18879, 0, 0, -0.866025, 0.500001, 1800, 100, 1),
(90908, 3725, 1, 17, -1342.66, -3034.1, 93.1366, 5.13127, 0, 0, -0.544639, 0.838671, 1800, 100, 1),
(90909, 3725, 1, 17, 547.454, -1394.52, 93.6277, 0.628317, 0, 0, 0.309016, 0.951057, 1800, 100, 1),
(90910, 3725, 1, 17, -1095.52, -2264.12, 80.967, 3.56047, 0, 0, -0.978148, 0.207912, 1800, 100, 1),
(90911, 1623, 1, 17, -3432.11, -2372.13, 117.695, 0.471238, 0, 0, 0.233445, 0.97237, 300, 100, 1),
(90912, 1623, 1, 17, -3477.06, -1757.76, 112.405, 2.53072, 0, 0, 0.953716, 0.300708, 300, 100, 1),
(90913, 1623, 1, 17, -1881.15, -1678.6, 115.408, 2.02458, 0, 0, 0.848047, 0.529921, 300, 100, 1),
(90914, 1623, 1, 17, -3698.97, -1519.07, 132.925, 3.05433, 0, 0, 0.999048, 0.0436193, 300, 100, 1),
(90915, 1623, 1, 17, -3816.51, -1418.15, 144.295, 5.88176, 0, 0, -0.199368, 0.979925, 300, 100, 1),
(90916, 1623, 1, 17, -4471.07, -1945, 118.288, -2.75762, 0, 0, 0.981627, -0.190809, 1800, 100, 1),
(90917, 1618, 1, 17, 41.6207, -3916.78, 44.4288, -1.53589, 0, 0, 0.694658, -0.71934, 900, 100, 1),
(90918, 1619, 1, 17, 765.453, -3869.99, 24.0596, 1.16937, 0, 0, 0.551937, 0.833886, 900, 100, 1),
(90919, 3724, 1, 17, -383.389, -3783.7, 29.3738, 0.628317, 0, 0, 0.309016, 0.951057, 120, 255, 1),
(90920, 3729, 1, 17, -640.457, -3877.07, 28.5433, 1.79769, 0, 0, 0.782608, 0.622515, 120, 255, 1),
(90921, 3726, 1, 17, -685.994, -3881.35, 41.5266, 1.64061, 0, 0, 0.731353, 0.681999, 120, 255, 1),
(90922, 3729, 1, 17, -2245.8, -2388.75, 91.6667, 0.209439, 0, 0, 0.104528, 0.994522, 900, 100, 1),
(90923, 3729, 1, 17, -1152.72, -3598.91, 93.3751, 3.22886, 0, 0, -0.999048, 0.0436193, 900, 100, 1),
(90924, 3729, 1, 17, -1593.21, -3592.77, 91.8447, 2.58308, 0, 0, 0.961261, 0.27564, 900, 100, 1),
(90925, 3729, 1, 17, -1871.09, -3372.66, 64.7106, 1.0821, 0, 0, 0.515038, 0.857168, 900, 100, 1),
(90926, 3729, 1, 17, -1751.36, -1899.05, 92.7159, 0.925024, 0, 0, 0.446198, 0.894935, 900, 100, 1),
(90927, 3729, 1, 17, 1058.32, -3678.57, 36.0646, 4.34587, 0, 0, -0.824126, 0.566406, 900, 100, 1),
(90928, 3729, 1, 17, 1042.02, -2987.69, 91.6673, 1.36136, 0, 0, 0.62932, 0.777146, 900, 100, 1),
(90929, 3729, 1, 17, 1135.63, -3464.41, 87.0588, 5.89921, 0, 0, -0.190808, 0.981627, 900, 100, 1),
(90930, 3729, 1, 17, -199.519, -1160.88, 57.8559, 3.10665, 0, 0, 0.999847, 0.0174693, 900, 100, 1),
(90931, 3729, 1, 17, 925.201, -3498.32, 91.6667, 4.66003, 0, 0, -0.725374, 0.688355, 900, 100, 1),
(90932, 3729, 1, 17, 570.178, -3134.26, 91.6667, 3.50812, 0, 0, -0.983254, 0.182238, 900, 100, 1),
(90933, 3729, 1, 17, -659.269, -3381.17, 91.7126, 6.24828, 0, 0, -0.0174522, 0.999848, 900, 100, 1),
(90934, 3729, 1, 17, -470.076, -1971.71, 91.7485, 3.50812, 0, 0, -0.983254, 0.182238, 900, 100, 1),
(90935, 3729, 1, 17, -2849.12, -1953.97, 91.6667, 4.57276, 0, 0, -0.754709, 0.656059, 900, 100, 1),
(90936, 3729, 1, 17, -1875.3, -1980.27, 92.2575, 6.26573, 0, 0, -0.00872612, 0.999962, 900, 100, 1),
(90937, 3729, 1, 17, -680.054, -3098.36, 91.8174, 5.42797, 0, 0, -0.414693, 0.909961, 900, 100, 1),
(90938, 3729, 1, 17, -47.0494, -1589.17, 91.6667, 1.3439, 0, 0, 0.622514, 0.782609, 900, 100, 1),
(90939, 3729, 1, 17, -1521.09, -3888.51, 15.6641, 5.53269, 0, 0, -0.366501, 0.930418, 900, 100, 1),
(90940, 3729, 1, 17, 1063.69, -3301.54, 91.6667, 3.14159, 0, 0, -1, 0, 900, 100, 1),
(90941, 3729, 1, 17, 954.127, -3134.67, 92.5242, 3.9619, 0, 0, -0.91706, 0.39875, 900, 100, 1),
(90942, 3729, 1, 17, 180.086, -1713.24, 93.3485, 4.7822, 0, 0, -0.681998, 0.731354, 900, 100, 1),
(90943, 3729, 1, 17, -431.804, -1316.55, 97.6229, 1.48353, 0, 0, 0.67559, 0.737278, 900, 100, 1),
(90944, 3729, 1, 17, -1412.43, -3639.26, 92.1808, 0.575957, 0, 0, 0.284015, 0.95882, 900, 100, 1),
(90945, 3729, 1, 17, -1789.54, -3205.13, 89.6333, 5.46288, 0, 0, -0.398748, 0.91706, 900, 100, 1),
(90946, 3729, 1, 17, -4031.71, -1957.76, 92.6257, 2.28638, 0, 0, 0.909961, 0.414694, 900, 100, 1),
(90947, 3729, 1, 17, -2239.95, -1597.31, 92.7891, 0.680677, 0, 0, 0.333806, 0.942642, 900, 100, 1),
(90948, 3729, 1, 17, -3637.74, -2216.63, 92.2857, 3.927, 0, 0, -0.923879, 0.382686, 900, 100, 1),
(90949, 3729, 1, 17, -2124.93, -1894.04, 91.677, 5.00909, 0, 0, -0.594823, 0.803857, 900, 100, 1),
(90950, 3729, 1, 17, -1767.89, -2967.73, 91.6667, 5.61996, 0, 0, -0.325567, 0.945519, 900, 100, 1),
(90951, 3729, 1, 17, -3375.92, -2271.41, 91.6667, 5.88176, 0, 0, -0.199368, 0.979925, 900, 100, 1),
(90952, 3729, 1, 17, -1796.18, -3534.25, 92.5034, 1.46608, 0, 0, 0.66913, 0.743145, 900, 100, 1),
(90953, 3729, 1, 17, -233.344, -3726.62, 29.8465, 5.41052, 0, 0, -0.422618, 0.906308, 900, 100, 1),
(90954, 3729, 1, 17, -1497.01, -1960.63, 91.6177, 0.0174525, 0, 0, 0.00872612, 0.999962, 900, 100, 1),
(90955, 3729, 1, 17, -2033.97, -3719.65, 22.6121, 2.74016, 0, 0, 0.979924, 0.19937, 900, 100, 1),
(90956, 3729, 1, 17, 941.36, -2829.5, 91.6667, 0.314158, 0, 0, 0.156434, 0.987688, 900, 100, 1),
(90957, 3729, 1, 17, 770.962, -3689.78, 28.5849, 0.925024, 0, 0, 0.446198, 0.894935, 900, 100, 1),
(90958, 3729, 1, 17, -3638.69, -1853.55, 91.6667, 3.9619, 0, 0, -0.91706, 0.39875, 900, 100, 1),
(90959, 3729, 1, 17, -2628.69, -2381.59, 91.6667, 3.14159, 0, 0, -1, 0, 900, 100, 1),
(90960, 3729, 1, 17, -2430.22, -1817.29, 91.6667, 5.44543, 0, 0, -0.406736, 0.913546, 900, 100, 1),
(90961, 3729, 1, 17, -1983.27, -2223.51, 95.7973, 4.66003, 0, 0, -0.725374, 0.688355, 900, 100, 1),
(90962, 3729, 1, 17, -3199.2, -2127.84, 91.6781, 0.977383, 0, 0, 0.469471, 0.882948, 900, 100, 1),
(90963, 3729, 1, 17, -68.3451, -1933.42, 99.3613, 1.78023, 0, 0, 0.777145, 0.629321, 900, 100, 1),
(90964, 3729, 1, 17, 1218.51, -3132.41, 91.6667, 1.78023, 0, 0, 0.777145, 0.629321, 900, 100, 1),
(90965, 3729, 1, 17, 848.745, -3571.26, 90.2722, 1.51844, 0, 0, 0.688354, 0.725374, 900, 100, 1),
(90966, 3729, 1, 17, -115.071, -1829.2, 92.6345, 1.09956, 0, 0, 0.522498, 0.85264, 900, 100, 1),
(90967, 3729, 1, 17, 303.344, -1447.87, 91.6667, 0.872664, 0, 0, 0.422618, 0.906308, 900, 100, 1),
(90968, 3729, 1, 17, 327.766, -1433.71, 91.6667, 3.31614, 0, 0, -0.996194, 0.087165, 900, 100, 1),
(90969, 3729, 1, 17, 436.373, -1285.99, 92.0469, 5.044, 0, 0, -0.580703, 0.814116, 900, 100, 1),
(90970, 3729, 1, 17, -560.95, -1482.42, 92.3816, 3.26377, 0, 0, -0.998135, 0.0610518, 900, 100, 1),
(90971, 3729, 1, 17, -3808.39, -2006.87, 91.6766, 2.25147, 0, 0, 0.902585, 0.430512, 900, 100, 1),
(90972, 3729, 1, 17, -4187.31, -2018.41, 93.5895, 4.45059, 0, 0, -0.793353, 0.608762, 900, 100, 1),
(90973, 3729, 1, 17, -3557.26, -1799.18, 91.7641, 1.97222, 0, 0, 0.833885, 0.551938, 900, 100, 1),
(90974, 3729, 1, 17, -3003.18, -1978.37, 91.7103, 2.30383, 0, 0, 0.913545, 0.406738, 900, 100, 1),
(90975, 3729, 1, 17, -751.061, -3900.37, 20.7891, 4.55531, 0, 0, -0.760406, 0.649449, 900, 100, 1),
(90976, 3729, 1, 17, -344.788, -1648.26, 95.7937, 0.0349062, 0, 0, 0.0174522, 0.999848, 900, 100, 1),
(90977, 3729, 1, 17, -1724.61, -3735.52, 15.7342, 3.83973, 0, 0, -0.939692, 0.34202, 900, 100, 1),
(90978, 3729, 1, 17, -1346.85, -2921.93, 94.3847, 2.19911, 0, 0, 0.891006, 0.453991, 900, 100, 1),
(90979, 3729, 1, 17, -4264.32, -2317.58, 92.0119, 0.628317, 0, 0, 0.309016, 0.951057, 900, 100, 1),
(90980, 3729, 1, 17, -2090.82, -2130.27, 93.2031, 1.78023, 0, 0, 0.777145, 0.629321, 900, 100, 1),
(90981, 3729, 1, 17, 482.941, -1898.07, 91.6667, 5.20108, 0, 0, -0.515038, 0.857168, 900, 100, 1),
(90982, 3729, 1, 17, 1241.84, -3668.01, 91.889, 1.15192, 0, 0, 0.544639, 0.838671, 900, 100, 1),
(90983, 3729, 1, 17, -3443.87, -2107.17, 93.4592, 4.39823, 0, 0, -0.809016, 0.587786, 900, 100, 1),
(90984, 3729, 1, 17, -2554.9, -2101.11, 91.6667, 5.89921, 0, 0, -0.190808, 0.981627, 900, 100, 1),
(90985, 3729, 1, 17, -2338.52, -2105.42, 96.2528, 1.41372, 0, 0, 0.649447, 0.760406, 900, 100, 1),
(90986, 3729, 1, 17, -1422.33, -2892.46, 93.5401, 0.750491, 0, 0, 0.366501, 0.930418, 900, 100, 1),
(90987, 3729, 1, 17, -2576.26, -1783.47, 93.4692, 3.31614, 0, 0, -0.996194, 0.087165, 900, 100, 1),
(90988, 3729, 1, 17, -3780.05, -1527.83, 91.8886, 5.06146, 0, 0, -0.573576, 0.819152, 900, 100, 1),
(90989, 3729, 1, 17, -3886.34, -1899.29, 92.1091, 5.74214, 0, 0, -0.267238, 0.963631, 900, 100, 1),
(90990, 3729, 1, 17, -1696.34, -2225.82, 92.0846, 5.20108, 0, 0, -0.515038, 0.857168, 900, 100, 1),
(90991, 3729, 1, 17, -1961.08, -3201.08, 95.5765, 3.12412, 0, 0, 0.999962, 0.00873464, 900, 100, 1),
(90992, 3729, 1, 17, -442.708, -3739.55, 27.1674, 6.05629, 0, 0, -0.113203, 0.993572, 900, 100, 1),
(90993, 3729, 1, 17, -974.216, -3396.33, 84.2072, 5.91667, 0, 0, -0.182235, 0.983255, 900, 100, 1),
(90994, 3729, 1, 17, -36.364, -2771.9, 94.4797, 5.98648, 0, 0, -0.147809, 0.989016, 900, 100, 1),
(90995, 3729, 1, 17, -2473.4, -1639.67, 91.6667, 4.46804, 0, 0, -0.788011, 0.615662, 900, 100, 1),
(90996, 3729, 1, 17, -2484.14, -2377.11, 91.6667, 4.81711, 0, 0, -0.66913, 0.743145, 900, 100, 1),
(90997, 3729, 1, 17, 682.516, -2827.2, 91.7032, 5.77704, 0, 0, -0.25038, 0.968148, 900, 100, 1),
(90998, 3729, 1, 17, -3800.5, -2464.54, 91.6667, 4.83456, 0, 0, -0.66262, 0.748956, 900, 100, 1),
(90999, 3729, 1, 17, -1797.42, -2472.61, 91.6667, 6.00393, 0, 0, -0.139173, 0.990268, 900, 100, 1),
(91000, 3729, 1, 17, -1973.63, -2472.01, 91.7792, 3.63029, 0, 0, -0.970295, 0.241925, 900, 100, 1),
(91001, 3729, 1, 17, -1300.53, -2804.44, 93.4994, 4.97419, 0, 0, -0.608761, 0.793354, 900, 100, 1),
(91002, 3729, 1, 17, -3903.93, -2290.84, 91.6683, 4.67748, 0, 0, -0.719339, 0.694659, 900, 100, 1),
(91003, 3729, 1, 17, -2093.66, -2420.5, 93.0188, 1.01229, 0, 0, 0.484809, 0.87462, 900, 100, 1),
(91004, 3729, 1, 17, -1965.99, -2609.64, 91.9455, 5.81195, 0, 0, -0.233445, 0.97237, 900, 100, 1),
(91005, 3729, 1, 17, -1335.2, -3781.48, 20.2302, 6.07375, 0, 0, -0.104528, 0.994522, 900, 100, 1),
(91006, 3729, 1, 17, -1746.7, -3343.69, 93.3697, 1.0821, 0, 0, 0.515038, 0.857168, 900, 100, 1),
(91007, 3729, 1, 17, -2666.17, -2219.72, 92.0802, 4.59022, 0, 0, -0.748956, 0.66262, 900, 100, 1),
(91008, 3729, 1, 17, 21.0643, -3032.41, 92.1659, 6.24828, 0, 0, -0.0174522, 0.999848, 900, 100, 1),
(91009, 3729, 1, 17, -4046.88, -1782.21, 95.1955, 4.13643, 0, 0, -0.878817, 0.47716, 900, 100, 1),
(91010, 3729, 1, 17, -883.319, -3361.04, 91.7687, 6.14356, 0, 0, -0.0697556, 0.997564, 900, 100, 1),
(91011, 3729, 1, 17, -3571.04, -1994.76, 91.6667, 3.99681, 0, 0, -0.909961, 0.414694, 900, 100, 1),
(91012, 3729, 1, 17, -198.694, -2865.74, 91.6667, 1.72787, 0, 0, 0.760406, 0.649449, 900, 100, 1),
(91013, 3729, 1, 17, -1496.22, -2353.18, 93.0797, 4.7473, 0, 0, -0.694658, 0.71934, 900, 100, 1),
(91014, 3729, 1, 17, 44.2498, -1864.93, 95.1252, 2.11185, 0, 0, 0.870356, 0.492424, 900, 100, 1),
(91015, 3729, 1, 17, 157.615, -1984.88, 94.3733, 4.03171, 0, 0, -0.902585, 0.430512, 900, 100, 1),
(91016, 3729, 1, 17, -663.961, -1738.02, 91.6667, 4.76475, 0, 0, -0.688354, 0.725374, 900, 100, 1),
(91017, 3729, 1, 17, 661.844, -1702.1, 91.6667, 1.55334, 0, 0, 0.700909, 0.713251, 900, 100, 1),
(91018, 3729, 1, 17, 731.406, -1254.06, 91.6667, 5.23599, 0, 0, -0.5, 0.866025, 900, 100, 1),
(91019, 3729, 1, 17, 635.075, -1765.24, 91.6181, 0.645772, 0, 0, 0.317305, 0.948324, 900, 100, 1),
(91020, 3729, 1, 17, 530.586, -1449.89, 91.6667, 0, 0, 0, 0, 1, 900, 100, 1),
(91021, 3729, 1, 17, -1852.19, -3679.78, 11.3543, 4.57276, 0, 0, -0.754709, 0.656059, 900, 100, 1),
(91022, 3729, 1, 17, 123.842, -1514.49, 91.6667, 4.67748, 0, 0, -0.719339, 0.694659, 900, 100, 1),
(91023, 3729, 1, 17, -232.726, -1805.17, 91.9605, 3.68265, 0, 0, -0.96363, 0.267241, 900, 100, 1),
(91024, 3729, 1, 17, 951.368, -2331.42, 91.7039, 0.418879, 0, 0, 0.207911, 0.978148, 900, 100, 1),
(91025, 3729, 1, 17, -832.846, -2075.74, 91.6667, 2.93214, 0, 0, 0.994521, 0.104536, 900, 100, 1),
(91026, 3729, 1, 17, -3670.22, -1603.73, 110.314, 3.63029, 0, 0, -0.970295, 0.241925, 900, 100, 1),
(91027, 3729, 1, 17, -1584.55, -2673.22, 92.8385, 5.23599, 0, 0, -0.5, 0.866025, 900, 100, 1),
(91028, 3726, 1, 17, -327.506, -1385.88, 112.398, 0.942477, 0, 0, 0.45399, 0.891007, 900, 100, 1),
(91029, 3726, 1, 17, -153.105, -1482.47, 107.757, 3.927, 0, 0, -0.923879, 0.382686, 900, 100, 1),
(91030, 3726, 1, 17, -44.65, -1347.71, 103.885, 5.21854, 0, 0, -0.507538, 0.861629, 900, 100, 1),
(91031, 3726, 1, 17, 384.268, -3543.53, 46.8668, 0.855211, 0, 0, 0.414693, 0.909961, 900, 100, 1),
(91032, 3726, 1, 17, -226.043, -1245.33, 93.0938, 0.122173, 0, 0, 0.0610485, 0.998135, 900, 100, 1),
(91033, 3726, 1, 17, -554.613, -3789.55, 43.7731, 0.383971, 0, 0, 0.190808, 0.981627, 900, 100, 1),
(91034, 3726, 1, 17, -284.883, -3613.54, 52.1593, 5.13127, 0, 0, -0.544639, 0.838671, 900, 100, 1),
(91035, 3726, 1, 17, 826.997, -3665.93, 37.5249, 4.43314, 0, 0, -0.798635, 0.601815, 900, 100, 1),
(91036, 3726, 1, 17, 962.542, -3658.51, 52.2945, 4.76475, 0, 0, -0.688354, 0.725374, 900, 100, 1),
(91037, 3726, 1, 17, 141.038, -2473.28, 140.871, 3.76991, 0, 0, -0.951056, 0.309017, 900, 100, 1),
(91038, 3726, 1, 17, -450.492, -3692.4, 48.0801, 5.02655, 0, 0, -0.587785, 0.809017, 900, 100, 1),
(91039, 3726, 1, 17, -463.693, -1340.92, 110.516, 4.97419, 0, 0, -0.608761, 0.793354, 900, 100, 1),
(91040, 3726, 1, 17, -396.659, -1586.49, 103.695, 0.244346, 0, 0, 0.121869, 0.992546, 900, 100, 1),
(91041, 3726, 1, 17, 538.108, -3613.34, 59.7735, 2.37364, 0, 0, 0.927183, 0.374608, 900, 100, 1),
(91042, 3726, 1, 17, 659.889, -3663.35, 42.7321, 0.349065, 0, 0, 0.173648, 0.984808, 900, 100, 1),
(91043, 3726, 1, 17, 398.654, -2009.49, 121.304, 6.12611, 0, 0, -0.0784588, 0.996917, 900, 100, 1),
(91044, 3726, 1, 17, 416.685, -1331.55, 105.313, 1.15192, 0, 0, 0.544639, 0.838671, 900, 100, 1),
(91045, 3726, 1, 17, 451.32, -1225.72, 120.871, 2.28638, 0, 0, 0.909961, 0.414694, 900, 100, 1),
(91046, 3726, 1, 17, 307.877, -1675.3, 109.163, 3.83973, 0, 0, -0.939692, 0.34202, 900, 100, 1),
(91047, 3726, 1, 17, 58.7128, -2242.22, 114.009, 2.70526, 0, 0, 0.976295, 0.216442, 900, 100, 1),
(91048, 3726, 1, 17, -386.79, -1516.62, 106.923, 2.21657, 0, 0, 0.894934, 0.446199, 900, 100, 1),
(91049, 3726, 1, 17, -183.78, -3576.83, 47.203, 0.541051, 0, 0, 0.267238, 0.963631, 900, 100, 1),
(91050, 3726, 1, 17, -1253.92, -1713.56, 115.503, 5.09636, 0, 0, -0.559193, 0.829038, 900, 100, 1),
(91051, 3726, 1, 17, 40.5391, -1749.56, 111.579, 3.87463, 0, 0, -0.93358, 0.358368, 900, 100, 1),
(91052, 3726, 1, 17, 441.502, -2441.14, 141.281, 4.46804, 0, 0, -0.788011, 0.615662, 900, 100, 1),
(91053, 3726, 1, 17, -1159.54, -1705.57, 92.367, 5.28835, 0, 0, -0.477159, 0.878817, 900, 100, 1),
(91054, 3726, 1, 17, 308.67, -3438.26, 56.0001, 6.03884, 0, 0, -0.121869, 0.992546, 900, 100, 1),
(91055, 3726, 1, 17, 207.534, -1912.12, 101.752, 4.17134, 0, 0, -0.870356, 0.492424, 900, 100, 1),
(91056, 3726, 1, 17, -610.527, -1526.39, 108.306, 0.244346, 0, 0, 0.121869, 0.992546, 900, 100, 1),
(91057, 3726, 1, 17, 652.265, -1394.01, 107.489, 4.01426, 0, 0, -0.906307, 0.422619, 900, 100, 1),
(91058, 3726, 1, 17, 775.852, -1414.33, 120.828, 4.57276, 0, 0, -0.754709, 0.656059, 900, 100, 1),
(91059, 3724, 1, 17, 771.47, -3240.14, 213.597, 1.44862, 0, 0, 0.66262, 0.748956, 900, 100, 1),
(91060, 3724, 1, 17, -2418.95, -2376.44, 93.8814, 3.24635, 0, 0, -0.998629, 0.0523532, 900, 100, 1),
(91061, 3724, 1, 17, -1652.84, -3576.2, 94.1403, 5.39307, 0, 0, -0.430511, 0.902586, 900, 100, 1),
(91062, 3724, 1, 17, -2521.37, -2314.1, 94.527, 2.58308, 0, 0, 0.961261, 0.27564, 900, 100, 1),
(91063, 3724, 1, 17, -2618.37, -2338.07, 91.7466, 4.36332, 0, 0, -0.819152, 0.573577, 900, 100, 1),
(91064, 3724, 1, 17, -2616.61, -1888.47, 95.5607, 3.3685, 0, 0, -0.993571, 0.113208, 900, 100, 1),
(91065, 3724, 1, 17, -1680.8, -1983.97, 93.2022, 4.55531, 0, 0, -0.760406, 0.649449, 900, 100, 1),
(91066, 3724, 1, 17, -1491.01, -1884.64, 94.5635, 1.18682, 0, 0, 0.559193, 0.829038, 900, 100, 1),
(91067, 3724, 1, 17, -1358.9, -2043.76, 91.8389, 2.25147, 0, 0, 0.902585, 0.430512, 900, 100, 1),
(91068, 3724, 1, 17, -1614.72, -2140.22, 94.3504, 4.15388, 0, 0, -0.874619, 0.48481, 900, 100, 1),
(91069, 3724, 1, 17, -848.241, -2378.59, 91.7192, 6.00393, 0, 0, -0.139173, 0.990268, 900, 100, 1),
(91070, 3724, 1, 17, -419.211, -2380.24, 91.7137, 4.01426, 0, 0, -0.906307, 0.422619, 900, 100, 1),
(91071, 3724, 1, 17, -1602.51, -1824.2, 91.8433, 4.50295, 0, 0, -0.777145, 0.629321, 900, 100, 1),
(91072, 3724, 1, 17, -1220.93, -2018.09, 91.6667, 3.97935, 0, 0, -0.913545, 0.406738, 900, 100, 1),
(91073, 3724, 1, 17, -218.375, -2586.92, 94.245, 4.97419, 0, 0, -0.608761, 0.793354, 900, 100, 1),
(91074, 3724, 1, 17, -950.176, -2815.22, 93.454, 0.767944, 0, 0, 0.374606, 0.927184, 900, 100, 1),
(91075, 3724, 1, 17, -1985.86, -1981.32, 92.8823, 6.26573, 0, 0, -0.00872612, 0.999962, 900, 100, 1),
(91076, 3724, 1, 17, -2454.54, -2045.98, 96.6962, 3.14159, 0, 0, -1, 0, 900, 100, 1),
(91077, 3724, 1, 17, -2649.53, -2018.88, 97.969, 0.994837, 0, 0, 0.477159, 0.878817, 900, 100, 1),
(91078, 3724, 1, 17, -810.676, -3250.87, 92.953, 6.26573, 0, 0, -0.00872612, 0.999962, 900, 100, 1),
(91079, 3724, 1, 17, -709.93, -3488.44, 91.664, 5.88176, 0, 0, -0.199368, 0.979925, 900, 100, 1),
(91080, 3724, 1, 17, -86.2176, -3649.48, 27.1848, 5.3058, 0, 0, -0.469471, 0.882948, 900, 100, 1),
(91081, 3724, 1, 17, 679.832, -2213.57, 94.4202, 1.65806, 0, 0, 0.737277, 0.675591, 900, 100, 1),
(91082, 3724, 1, 17, 349.798, -1883.65, 91.728, 0.349065, 0, 0, 0.173648, 0.984808, 900, 100, 1),
(91083, 3724, 1, 17, 280.543, -2581.38, 93.8831, 2.09439, 0, 0, 0.866025, 0.500001, 900, 100, 1),
(91084, 3724, 1, 17, -622.489, -3582.95, 91.664, 0.59341, 0, 0, 0.292371, 0.956305, 900, 100, 1),
(91085, 3724, 1, 17, -1548.28, -3714.21, 91.796, 0.191985, 0, 0, 0.0958452, 0.995396, 900, 100, 1),
(91086, 3724, 1, 17, -3619.68, -2155.59, 91.8781, 0.104719, 0, 0, 0.0523357, 0.99863, 900, 100, 1),
(91087, 3724, 1, 17, -3449.13, -2216.36, 92.162, 4.10153, 0, 0, -0.887011, 0.461749, 900, 100, 1),
(91088, 3724, 1, 17, -409.883, -2852.73, 93.4444, 4.57276, 0, 0, -0.754709, 0.656059, 900, 100, 1),
(91089, 3724, 1, 17, -524.746, -3453.84, 94.4237, 5.13127, 0, 0, -0.544639, 0.838671, 900, 100, 1),
(91090, 3724, 1, 17, -2257.83, -1570.24, 92.2167, 0.698131, 0, 0, 0.34202, 0.939693, 900, 100, 1),
(91091, 3724, 1, 17, -2196.5, -2320.08, 93.5697, 5.93412, 0, 0, -0.173648, 0.984808, 900, 100, 1),
(91092, 3724, 1, 17, -2191.67, -1945.28, 93.879, 3.21142, 0, 0, -0.999391, 0.0349061, 900, 100, 1),
(91093, 3724, 1, 17, -1907.97, -3674.25, 10.7882, 0.226892, 0, 0, 0.113203, 0.993572, 900, 100, 1),
(91094, 3724, 1, 17, -2819.61, -1986.15, 94.3748, 1.0472, 0, 0, 0.5, 0.866025, 900, 100, 1),
(91095, 3724, 1, 17, -3549.77, -2350.69, 96.4671, 3.75246, 0, 0, -0.953716, 0.300708, 900, 100, 1),
(91096, 3724, 1, 17, -3510.11, -1917.69, 93.5602, 3.89209, 0, 0, -0.930417, 0.366502, 900, 100, 1),
(91097, 3724, 1, 17, -414.971, -3546.12, 92.8495, 4.62512, 0, 0, -0.737277, 0.675591, 900, 100, 1),
(91098, 3724, 1, 17, -2319, -2417.43, 95.6567, 3.7001, 0, 0, -0.961261, 0.27564, 900, 100, 1),
(91099, 3724, 1, 17, 714.725, -2550.9, 92.7443, 4.5204, 0, 0, -0.771625, 0.636078, 900, 100, 1),
(91100, 3724, 1, 17, -3615.46, -1942.71, 94.1204, 5.98648, 0, 0, -0.147809, 0.989016, 900, 100, 1),
(91101, 3724, 1, 17, -3382.04, -1915.07, 92.1843, 3.01941, 0, 0, 0.998135, 0.0610518, 900, 100, 1),
(91102, 3724, 1, 17, 1115.67, -3380.36, 93.8685, 5.3058, 0, 0, -0.469471, 0.882948, 900, 100, 1),
(91103, 3724, 1, 17, 714.437, -1881.07, 91.6667, 5.044, 0, 0, -0.580703, 0.814116, 900, 100, 1),
(91104, 3724, 1, 17, -308.541, -1819.66, 95.7815, 6.02139, 0, 0, -0.130526, 0.991445, 900, 100, 1),
(91105, 3724, 1, 17, -1646.32, -2052.02, 93.133, 2.04204, 0, 0, 0.85264, 0.522499, 900, 100, 1),
(91106, 3724, 1, 17, -1023.16, -2369.34, 94.4868, 4.25861, 0, 0, -0.848047, 0.529921, 900, 100, 1),
(91107, 3724, 1, 17, -146.922, -2948.52, 91.9616, 4.34587, 0, 0, -0.824126, 0.566406, 900, 100, 1),
(91108, 3724, 1, 17, -946.539, -2618.98, 91.7864, 5.21854, 0, 0, -0.507538, 0.861629, 900, 100, 1),
(91109, 3724, 1, 17, -2383.87, -2246.75, 91.6897, 2.16421, 0, 0, 0.882947, 0.469473, 900, 100, 1),
(91110, 3724, 1, 17, -1884.84, -2284.89, 94.9252, 4.34587, 0, 0, -0.824126, 0.566406, 900, 100, 1),
(91111, 3724, 1, 17, -1519.67, -1745.53, 92.6195, 5.11382, 0, 0, -0.551936, 0.833886, 900, 100, 1),
(91112, 3724, 1, 17, 79.8073, -3551.83, 29.4317, 3.87463, 0, 0, -0.93358, 0.358368, 900, 100, 1),
(91113, 3724, 1, 17, -918.801, -2302.58, 91.6667, 3.00195, 0, 0, 0.997563, 0.0697661, 900, 100, 1),
(91114, 3724, 1, 17, -1954.85, -2451.13, 91.6677, 5.3058, 0, 0, -0.469471, 0.882948, 900, 100, 1),
(91115, 3724, 1, 17, 384.82, -2749.18, 92.7778, 3.15906, 0, 0, -0.999962, 0.00873464, 900, 100, 1),
(91116, 3724, 1, 17, -2484.21, -1778.49, 93.2762, 0.349065, 0, 0, 0.173648, 0.984808, 900, 100, 1),
(91117, 3724, 1, 17, 250.021, -3047.69, 96.0069, 4.55531, 0, 0, -0.760406, 0.649449, 900, 100, 1),
(91118, 3724, 1, 17, -182.081, -2814.53, 91.9249, 3.50812, 0, 0, -0.983254, 0.182238, 900, 100, 1),
(91119, 3724, 1, 17, -158.029, -3378.55, 92.3938, 0.244346, 0, 0, 0.121869, 0.992546, 900, 100, 1),
(91120, 3724, 1, 17, -1352.04, -3855.47, 17.8905, 3.89209, 0, 0, -0.930417, 0.366502, 900, 100, 1),
(91121, 3724, 1, 17, 390.577, -3414.15, 95.0342, 0.453785, 0, 0, 0.224951, 0.97437, 900, 100, 1),
(91122, 3724, 1, 17, -980.281, -2982.13, 92.5597, 1.76278, 0, 0, 0.771625, 0.636078, 900, 100, 1),
(91123, 3730, 1, 17, 836.7, -3294.61, 208.639, 3.03684, 0, 0, 0.998629, 0.0523532, 300, 100, 1),
(91124, 3730, 1, 17, -1462.52, -3666.71, 92.5161, 1.22173, 0, 0, 0.573576, 0.819152, 300, 100, 1),
(91125, 3730, 1, 17, -3992.33, -1976.66, 95.7966, 5.75959, 0, 0, -0.258819, 0.965926, 300, 100, 1),
(91126, 3730, 1, 17, -3138.19, -1828.97, 104.068, 3.47321, 0, 0, -0.986285, 0.16505, 300, 100, 1),
(91127, 3730, 1, 17, -3020.08, -1820.19, 114.323, 3.07177, 0, 0, 0.999391, 0.0349061, 300, 100, 1),
(91128, 3730, 1, 17, -3151.24, -1943.86, 99.891, 1.18682, 0, 0, 0.559193, 0.829038, 300, 100, 1),
(91129, 3730, 1, 17, 766.801, -3167.56, 208.865, 3.29869, 0, 0, -0.996917, 0.0784664, 300, 100, 1),
(91130, 3730, 1, 17, 1362.08, -3548.99, 94.1139, 0.977383, 0, 0, 0.469471, 0.882948, 300, 100, 1),
(91131, 3730, 1, 17, -1936.38, -2890.16, 100.831, 0.349065, 0, 0, 0.173648, 0.984808, 300, 100, 1),
(91132, 3730, 1, 17, -3047.77, -1973.38, 99.2705, 3.76991, 0, 0, -0.951056, 0.309017, 300, 100, 1),
(91133, 3730, 1, 17, 725.236, -3259.67, 237.531, 0.90757, 0, 0, 0.438371, 0.898794, 300, 100, 1),
(91134, 3730, 1, 17, 1260.38, -3611.9, 89.6523, 1.65806, 0, 0, 0.737277, 0.675591, 300, 100, 1),
(91135, 3730, 1, 17, -3037.77, -1890.05, 92.5043, 3.15906, 0, 0, -0.999962, 0.00873464, 300, 100, 1),
(91136, 3730, 1, 17, 788.142, -3367.38, 208.85, 1.62316, 0, 0, 0.725374, 0.688355, 300, 100, 1),
(91137, 3730, 1, 17, 662.912, -1226.24, 116.405, 5.70723, 0, 0, -0.284015, 0.95882, 300, 100, 1),
(91138, 3730, 1, 17, -3327.7, -1823.19, 101.588, 2.63544, 0, 0, 0.968147, 0.250381, 300, 100, 1),
(91139, 3730, 1, 17, -3069.06, -2175.8, 109.849, 1.65806, 0, 0, 0.737277, 0.675591, 300, 100, 1),
(91140, 3730, 1, 17, -593.159, -2232.84, 222.446, 4.31097, 0, 0, -0.833885, 0.551938, 300, 100, 1),
(91141, 3730, 1, 17, -4217.95, -1984.49, 100.462, 0.401425, 0, 0, 0.199368, 0.979925, 300, 100, 1),
(91142, 3730, 1, 17, -4195.54, -2300.27, 87.197, 0.261798, 0, 0, 0.130526, 0.991445, 300, 100, 1),
(91143, 3730, 1, 17, -3227.17, -2259.22, 103.7, 6.03884, 0, 0, -0.121869, 0.992546, 300, 100, 1),
(91144, 3730, 1, 17, -595.274, -2358.61, 156.3, 1.11701, 0, 0, 0.529919, 0.848048, 300, 100, 1),
(91145, 3730, 1, 17, -1597.58, -1623.89, 116.987, 4.85202, 0, 0, -0.656058, 0.75471, 300, 100, 1),
(91146, 3730, 1, 17, -3048.72, -1750.75, 107.992, 2.02458, 0, 0, 0.848047, 0.529921, 300, 100, 1),
(91147, 3730, 1, 17, -3283.72, -1768.19, 103.057, 6.12611, 0, 0, -0.0784588, 0.996917, 300, 100, 1),
(91148, 3730, 1, 17, -4094.49, -1790.92, 118.49, 1.88495, 0, 0, 0.809016, 0.587786, 300, 100, 1),
(91149, 3730, 1, 17, -3201.34, -2307.78, 109.676, 3.99681, 0, 0, -0.909961, 0.414694, 300, 100, 1),
(91150, 3730, 1, 17, -3068.82, -2245.11, 93.3119, 4.17134, 0, 0, -0.870356, 0.492424, 300, 100, 1),
(91151, 3730, 1, 17, -2067.82, -3178.61, 122.367, 5.2709, 0, 0, -0.484809, 0.87462, 300, 100, 1),
(91152, 3730, 1, 17, 668.432, -3163.95, 189.868, 1.3439, 0, 0, 0.622514, 0.782609, 300, 100, 1),
(91153, 3730, 1, 17, 260.302, -2386.83, 186.325, 5.84685, 0, 0, -0.216439, 0.976296, 300, 100, 1),
(91154, 3730, 1, 17, -2346.53, -2219.04, 92.2233, 0.890117, 0, 0, 0.430511, 0.902586, 300, 100, 1),
(91155, 3730, 1, 17, -3905.45, -1915.39, 99.6396, 1.36136, 0, 0, 0.62932, 0.777146, 300, 100, 1),
(91156, 3730, 1, 17, -661.164, -2159.27, 200.95, 2.30383, 0, 0, 0.913545, 0.406738, 300, 100, 1),
(91157, 3730, 1, 17, -3972.73, -1639.11, 97.5111, 1.27409, 0, 0, 0.594822, 0.803857, 300, 100, 1),
(91158, 3730, 1, 17, -3043.2, -1683.72, 107.098, 2.87979, 0, 0, 0.991445, 0.130528, 300, 100, 1),
(91159, 3730, 1, 17, -3241.27, -1656.94, 92.4505, 2.02458, 0, 0, 0.848047, 0.529921, 300, 100, 1),
(91160, 3730, 1, 17, -4022.79, -1906.58, 98.1126, 2.23402, 0, 0, 0.898793, 0.438373, 300, 100, 1),
(91161, 3730, 1, 17, -4202.47, -2087.11, 100.523, 1.46608, 0, 0, 0.66913, 0.743145, 300, 100, 1),
(91162, 3730, 1, 17, 810.242, -1256.33, 112.431, 4.38078, 0, 0, -0.814116, 0.580703, 300, 100, 1),
(91163, 3730, 1, 17, -2082.59, -3663.98, 61.1472, 2.54818, 0, 0, 0.956305, 0.292372, 300, 100, 1);

-- Desolace
DELETE FROM `pool_gameobject` WHERE `pool_entry` IN (821,822,823,824,825,826);
DELETE FROM `pool_template` WHERE `entry` IN (821,822,823,824,825,826);
DELETE FROM `gameobject` WHERE `guid` IN (2920,2921,2936,2953,2972,2973,2979,3003,3078,3083,3123,3124,3125,3126,3156,3196,3197,3198,3203,3221,3251,3320,3363,3364,3393,3430,3431,3432,3501,3566,3577,3588,3599,3622,3665,3707,3717,3718,3720,3771,3772,3773,3790,3814,3860,3861,3939,3990,4063,4086,4200,4206,4226,4251,4286,4316,4334,4338,4340,4358,4388,4389,4398,4400,4437,4441,4443,4451,4468,4476,4477,4481,4487,4489,4495,4499,4503,4505,4507,7336,7362,7437,7458,7464,7469,7491,16427,16432,16440,16441,16444,16446,16458,16464,16475,16498,16502,16510,16523,16533,16537,16538,16539,16540,16541,16544,18214,18617,18619,18620,18621,18624,18625,18676,18677,18680,28646,29185,29186,29188,34165,34168,34170,34185,34187,63344,63386,63410,65072,65114,86143,86288,86317,86326,86348,86350,86827,86835,87250,87272,87274,87282,87483);

-- Vmangos pools: (107,1137,1138,1142,1143,1144);
DELETE FROM `pool_template` WHERE `entry` BETWEEN 697 AND 702;
INSERT INTO `pool_template` (`entry`, `max_limit`, `description`) VALUES
(697, 3, 'Grave Moss in Desolace'),
(698, 14, 'Bruiseweed in Desolace'),
(699, 4, 'Kingsblood in Desolace'),
(700, 3, 'Wild Steelbloom in Desolace'),
(701, 6, 'Gromsblood in Desolace'),
(702, 3, 'Liferoot in Desolace');

DELETE FROM `pool_gameobject` WHERE `guid` BETWEEN 2893 AND 3029;
INSERT INTO `pool_gameobject` (`guid`, `pool_entry`, `chance`, `description`) VALUES 
(2893, 698, 0, 'Bruiseweed'),
(2894, 698, 0, 'Bruiseweed'),
(2895, 698, 0, 'Bruiseweed'),
(2896, 698, 0, 'Bruiseweed'),
(2897, 698, 0, 'Bruiseweed'),
(2898, 698, 0, 'Bruiseweed'),
(2899, 698, 0, 'Bruiseweed'),
(2900, 698, 0, 'Bruiseweed'),
(2901, 698, 0, 'Bruiseweed'),
(2902, 698, 0, 'Bruiseweed'),
(2903, 698, 0, 'Bruiseweed'),
(2904, 698, 0, 'Bruiseweed'),
(2905, 698, 0, 'Bruiseweed'),
(2906, 698, 0, 'Bruiseweed'),
(2907, 698, 0, 'Bruiseweed'),
(2908, 698, 0, 'Bruiseweed'),
(2909, 698, 0, 'Bruiseweed'),
(2910, 698, 0, 'Bruiseweed'),
(2911, 698, 0, 'Bruiseweed'),
(2912, 698, 0, 'Bruiseweed'),
(2913, 698, 0, 'Bruiseweed'),
(2914, 698, 0, 'Bruiseweed'),
(2915, 698, 0, 'Bruiseweed'),
(2916, 698, 0, 'Bruiseweed'),
(2917, 698, 0, 'Bruiseweed'),
(2918, 698, 0, 'Bruiseweed'),
(2919, 698, 0, 'Bruiseweed'),
(2920, 698, 0, 'Bruiseweed'),
(2921, 698, 0, 'Bruiseweed'),
(2922, 698, 0, 'Bruiseweed'),
(2923, 698, 0, 'Bruiseweed'),
(2924, 698, 0, 'Bruiseweed'),
(2925, 698, 0, 'Bruiseweed'),
(2926, 698, 0, 'Bruiseweed'),
(2927, 700, 0, 'Wild Steelbloom'),
(2928, 700, 0, 'Wild Steelbloom'),
(2929, 700, 0, 'Wild Steelbloom'),
(2930, 700, 0, 'Wild Steelbloom'),
(2931, 700, 0, 'Wild Steelbloom'),
(2932, 700, 0, 'Wild Steelbloom'),
(2933, 699, 0, 'Kingsblood'),
(2934, 699, 0, 'Kingsblood'),
(2935, 699, 0, 'Kingsblood'),
(2936, 699, 0, 'Kingsblood'),
(2937, 699, 0, 'Kingsblood'),
(2938, 699, 0, 'Kingsblood'),
(2939, 699, 0, 'Kingsblood'),
(2940, 699, 0, 'Kingsblood'),
(2941, 699, 0, 'Kingsblood'),
(2942, 699, 0, 'Kingsblood'),
(2943, 697, 0, 'Grave Moss'),
(2944, 697, 0, 'Grave Moss'),
(2945, 697, 0, 'Grave Moss'),
(2946, 697, 0, 'Grave Moss'),
(2947, 697, 0, 'Grave Moss'),
(2948, 697, 0, 'Grave Moss'),
(2949, 697, 0, 'Grave Moss'),
(2950, 697, 0, 'Grave Moss'),
(2951, 697, 0, 'Grave Moss'),
(2952, 697, 0, 'Grave Moss'),
(2953, 697, 0, 'Grave Moss'),
(2954, 697, 0, 'Grave Moss'),
(2955, 697, 0, 'Grave Moss'),
(2956, 697, 0, 'Grave Moss'),
(2957, 702, 0, 'Liferoot'),
(2958, 702, 0, 'Liferoot'),
(2959, 702, 0, 'Liferoot'),
(2960, 702, 0, 'Liferoot'),
(2961, 702, 0, 'Liferoot'),
(2962, 702, 0, 'Liferoot'),
(2963, 702, 0, 'Liferoot'),
(2964, 699, 0, 'Kingsblood'),
(2965, 698, 0, 'Bruiseweed'),
(2966, 698, 0, 'Bruiseweed'),
(2967, 698, 0, 'Bruiseweed'),
(2968, 698, 0, 'Bruiseweed'),
(2969, 698, 0, 'Bruiseweed'),
(2970, 698, 0, 'Bruiseweed'),
(2971, 698, 0, 'Bruiseweed'),
(2972, 698, 0, 'Bruiseweed'),
(2973, 698, 0, 'Bruiseweed'),
(2974, 701, 0, 'Gromsblood'),
(2975, 701, 0, 'Gromsblood'),
(2976, 701, 0, 'Gromsblood'),
(2977, 701, 0, 'Gromsblood'),
(2978, 701, 0, 'Gromsblood'),
(2979, 701, 0, 'Gromsblood'),
(2980, 701, 0, 'Gromsblood'),
(2981, 701, 0, 'Gromsblood'),
(2982, 701, 0, 'Gromsblood'),
(2983, 701, 0, 'Gromsblood'),
(2984, 701, 0, 'Gromsblood'),
(2985, 701, 0, 'Gromsblood'),
(2986, 697, 0, 'Grave Moss'),
(2987, 697, 0, 'Grave Moss'),
(2988, 701, 0, 'Gromsblood'),
(2989, 701, 0, 'Gromsblood'),
(2990, 701, 0, 'Gromsblood'),
(2991, 701, 0, 'Gromsblood'),
(2992, 701, 0, 'Gromsblood'),
(2993, 701, 0, 'Gromsblood'),
(2994, 701, 0, 'Gromsblood'),
(2995, 699, 0, 'Kingsblood'),
(2996, 699, 0, 'Kingsblood'),
(2997, 699, 0, 'Kingsblood'),
(2998, 699, 0, 'Kingsblood'),
(2999, 699, 0, 'Kingsblood'),
(3000, 699, 0, 'Kingsblood'),
(3001, 699, 0, 'Kingsblood'),
(3002, 700, 0, 'Wild Steelbloom'),
(3003, 700, 0, 'Wild Steelbloom'),
(3004, 699, 0, 'Kingsblood'),
(3005, 699, 0, 'Kingsblood'),
(3006, 697, 0, 'Grave Moss'),
(3007, 697, 0, 'Grave Moss'),
(3008, 697, 0, 'Grave Moss'),
(3009, 697, 0, 'Grave Moss'),
(3010, 697, 0, 'Grave Moss'),
(3011, 697, 0, 'Grave Moss'),
(3012, 699, 0, 'Kingsblood'),
(3013, 702, 0, 'Liferoot'),
(3014, 700, 0, 'Wild Steelbloom'),
(3015, 702, 0, 'Liferoot'),
(3016, 697, 0, 'Grave Moss'),
(3017, 697, 0, 'Grave Moss'),
(3018, 697, 0, 'Grave Moss'),
(3019, 702, 0, 'Liferoot'),
(3020, 702, 0, 'Liferoot'),
(3021, 702, 0, 'Liferoot'),
(3022, 702, 0, 'Liferoot'),
(3023, 702, 0, 'Liferoot'),
(3024, 702, 0, 'Liferoot'),
(3025, 698, 0, 'Bruiseweed'),
(3026, 699, 0, 'Kingsblood'),
(3027, 698, 0, 'Bruiseweed'),
(3028, 698, 0, 'Bruiseweed'),
(3029, 698, 0, 'Bruiseweed');

DELETE FROM `gameobject` WHERE `zoneId`=405 AND `guid` BETWEEN 2893 AND 3029;
INSERT INTO `gameobject` (`guid`, `id`, `map`, `zoneId`, `position_x`, `position_y`, `position_z`, `orientation`, `rotation0`, `rotation1`, `rotation2`, `rotation3`, `spawntimesecs`, `animprogress`, `state`) VALUES
(2893, 1622, 1, 405, -1709, 1956, 61.771, 0.591, 0, 0, 0, 0, 1800, 100, 1),
(2894, 1622, 1, 405, -1792, 2033.69, 69.624, 1.063, 0, 0, 0, 0, 1800, 100, 1),
(2895, 1622, 1, 405, -1249, 2688.31, 111.556, 2.862, 0, 0, 0.990268, 0.139173, 1800, 100, 1),
(2896, 1622, 1, 405, -1862, 2009.57, 63.137, 0.67, 0, 0, 0, 0, 1800, 100, 1),
(2897, 1622, 1, 405, -1128, 2727.72, 118.159, 6.022, 0, 0, 0, 0, 1800, 100, 1),
(2898, 1622, 1, 405, -312, 1841.67, 134.062, 6.005, 0, 0, 0, 0, 1800, 100, 1),
(2899, 1622, 1, 405, -1195, 2733.78, 111.361, 3.682, 0, 0, 0, 0, 1800, 100, 1),
(2900, 1622, 1, 405, -432, 1907.56, 126.552, 3.178, 0, 0, 0, 0, 1800, 100, 1),
(2901, 1622, 1, 405, -1774, 1952.58, 61.758, 1.708, 0, 0, 0, 0, 1800, 100, 1),
(2902, 1622, 1, 405, -321, 842.871, 90.986, 2.922, 0, 0, 0, 0, 1800, 100, 1),
(2903, 1622, 1, 405, -1174, 1337.28, 72.853, 4.532, 0, 0, 0, 0, 1800, 100, 1),
(2904, 1622, 1, 405, -1643.23, 1908.38, 62.383, 1.047, 0, 0, 0.5, 0.866025, 1800, 100, 1),
(2905, 1622, 1, 405, -890, 1797.41, 65.978, 5.678, 0, 0, 0, 0, 1800, 100, 1),
(2906, 1622, 1, 405, -885, 1774.25, 62.511, 1.355, 0, 0, 0, 0, 1800, 100, 1),
(2907, 1622, 1, 405, -932, 1761.42, 63.965, 4.807, 0, 0, 0, 0, 1800, 100, 1),
(2908, 1622, 1, 405, -1145, 2931.41, 145.771, 0, 0, 0, -0.241922, 0.970296, 1800, 100, 1),
(2909, 1622, 1, 405, -1390, 2588.23, 112.003, 4.88, 0, 0, 0, 0, 1800, 100, 1),
(2910, 1622, 1, 405, -891.849, 1348.07, 68.7417, -0.802851, 0, 0, 0.390731, -0.920505, 1800, 100, 1),
(2911, 1622, 1, 405, -1384, 2587.34, 111.556, 4.88, 0, 0, 0, 0, 1800, 100, 1),
(2912, 1622, 1, 405, -1382, 2554.18, 108.339, 4.966, 0, 0, 0, 0, 1800, 100, 1),
(2913, 1622, 1, 405, -316.912, 1806.01, 133.114, 5.616, 0, 0, 0, 0, 1800, 100, 1),
(2914, 1622, 1, 405, -354, 839.245, 92.345, 5.451, 0, 0, 0, 0, 1800, 100, 1),
(2915, 1622, 1, 405, -848, 1924.78, 67.1407, 0.719, 0, 0, 0, 0, 1800, 100, 1),
(2916, 1622, 1, 405, -400.005, 1899.36, 123.341, 3.331, 0, 0, 0, 0, 1800, 100, 1),
(2917, 1622, 1, 405, -1136, 2726.5, 115.699, 6.022, 0, 0, 0, 0, 1800, 100, 1),
(2918, 1622, 1, 405, -829, 1870.35, 72.0186, 1.665, 0, 0, 0, 0, 1800, 100, 1),
(2919, 1622, 1, 405, -470, 1780.22, 128.146, 0.15, 0, 0, 0, 0, 1800, 100, 1),
(2920, 1622, 1, 405, -1730, 1997.13, 63.123, 2.955, 0, 0, 0, 0, 1800, 100, 1),
(2921, 1622, 1, 405, -1676.69, 1979.87, 60.7538, 6.26573, 0, 0, -0.00872612, 0.999962, 1800, 100, 1),
(2922, 1622, 1, 405, -1397, 1475.01, 61.424, 1.724, 0, 0, 0, 0, 1800, 100, 1),
(2923, 1622, 1, 405, -1748.82, 1969.21, 61.7136, 5.96903, 0, 0, -0.156434, 0.987688, 1800, 100, 1),
(2924, 1622, 1, 405, -870.382, 1478.65, 70.024, 6.02139, 0, 0, -0.130526, 0.991445, 1800, 100, 1),
(2925, 1622, 1, 405, -1386, 2558, 110.363, 4.966, 0, 0, 0, 0, 1800, 100, 1),
(2926, 1622, 1, 405, -1345, 2572.05, 111.555, 0.018, 0, 0, 0, 0, 1800, 100, 1),
(2927, 1623, 1, 405, -587, 666.219, 165.984, 2.265, 0, 0, 0, 0, 1800, 100, 1),
(2928, 1623, 1, 405, -1112.15, 827, 131.113, 2.46091, 0, 0, 0.942641, 0.333808, 1800, 100, 1),
(2929, 1623, 1, 405, -917, 862.232, 110.25, 5.224, 0, 0, 0, 0, 1800, 100, 1),
(2930, 1623, 1, 405, -2273, 2081.16, 120.731, 0.741, 0, 0, 0, 0, 1800, 100, 1),
(2931, 1623, 1, 405, -2394, 2130.29, 172.372, 2.768, 0, 0, 0, 0, 1800, 100, 1),
(2932, 1623, 1, 405, -2267, 1887.15, 138.219, 1.139, 0, 0, 0, 0, 1800, 100, 1),
(2933, 1624, 1, 405, -966.763, 2083.74, 62.1497, 6.05629, 0, 0, -0.113203, 0.993572, 1800, 100, 1),
(2934, 1624, 1, 405, -747.519, 2200.36, 95.0006, -2.56563, 0, 0, 0.95882, -0.284015, 1800, 100, 1),
(2935, 1624, 1, 405, -1770.06, 1433.31, 61.1111, 2.09439, 0, 0, 0.866025, 0.500001, 1800, 100, 1),
(2936, 1624, 1, 405, -2085, 1677.66, 60.935, 0.89, 0, 0, 0.430511, 0.902585, 1800, 100, 1),
(2937, 1624, 1, 405, -982.269, 1717.79, 61.5822, 1.36136, 0, 0, 0.62932, 0.777146, 1800, 100, 1),
(2938, 1624, 1, 405, -1441.04, 2290.71, 93.0318, 2.86234, 0, 0, 0.990268, 0.139175, 1800, 100, 1),
(2939, 1624, 1, 405, -2014.6, 2923.48, 51.1279, -2.32129, 0, 0, 0.91706, -0.398749, 1800, 100, 1),
(2940, 1624, 1, 405, -522, 880.955, 90.951, 0, 0, 0, -0.087156, 0.996195, 1800, 100, 1),
(2941, 1624, 1, 405, -733, 2015.82, 92.419, 1.274, 0, 0, 0.594823, 0.803857, 1800, 100, 1),
(2942, 1624, 1, 405, -918.249, 2349.48, 93.5781, -2.75762, 0, 0, 0.981627, -0.190809, 1800, 100, 1),
(2943, 1628, 1, 405, -1243.92, 1856.61, 50.1459, 5.95157, 0, 0, -0.165047, 0.986286, 1800, 100, 1),
(2944, 1628, 1, 405, -1359, 2032.18, 50.144, 0.108, 0, 0, 0, 0, 1800, 100, 1),
(2945, 1628, 1, 405, -1228, 1975.78, 50.157, 3.352, 0, 0, 0, 0, 1800, 100, 1),
(2946, 1628, 1, 405, -1342, 1776.18, 50.156, 5.859, 0, 0, 0, 0, 1800, 100, 1),
(2947, 1628, 1, 405, -1408, 1827.26, 50.144, 4.443, 0, 0, 0, 0, 1800, 100, 1),
(2948, 1628, 1, 405, -1430, 1775.9, 50.144, 1.484, 0, 0, 0.67559, 0.737277, 1800, 100, 1),
(2949, 1628, 1, 405, -1294, 1941.35, 51.615, 4.539, 0, 0, 0, 0, 1800, 100, 1),
(2950, 1628, 1, 405, -1384, 1855.46, 50.144, 0.585, 0, 0, 0, 0, 1800, 100, 1),
(2951, 1628, 1, 405, -1314.42, 1787.47, 50.1442, 1.95477, 0, 0, 0.829038, 0.559193, 1800, 100, 1),
(2952, 1628, 1, 405, -1290, 2036.34, 50.145, 4.674, 0, 0, 0, 0, 1800, 100, 1),
(2953, 1628, 1, 405, -1239, 1922, 50.193, 1.59, 0, 0, 0, 0, 1800, 100, 1),
(2954, 1628, 1, 405, -1318, 1995.56, 50.238, 5.711, 0, 0, 0, 0, 1800, 100, 1),
(2955, 1628, 1, 405, -1383.42, 1882.8, 50.4076, -0.820305, 0, 0, 0.398749, -0.91706, 1800, 100, 1),
(2956, 1628, 1, 405, -1299.83, 1942.04, 51.1616, 5.88176, 0, 0, -0.199368, 0.979925, 300, 100, 1),
(2957, 2041, 1, 405, -1896, 2256, 54.167, 0, 0, 0, -0.199368, 0.979925, 1800, 100, 1),
(2958, 2041, 1, 405, -1648, 1003.2, 88.843, -2, 0, 0, -0.87462, 0.48481, 1800, 100, 1),
(2959, 2041, 1, 405, -1795.3, 878.776, 89.9599, 5.34071, 0, 0, -0.45399, 0.891007, 1800, 100, 1),
(2960, 2041, 1, 405, -1867.09, 982.742, 88.1002, 5.32326, 0, 0, -0.461748, 0.887011, 1800, 100, 1),
(2961, 2041, 1, 405, -1959, 2011.47, 55.154, 0, 0, 0, -0.121869, 0.992546, 1800, 100, 1),
(2962, 2041, 1, 405, -1889.67, 1840.48, 54.6402, 4.04917, 0, 0, -0.898793, 0.438373, 1800, 100, 1),
(2963, 2041, 1, 405, -1968, 1663.12, 61.329, -2, 0, 0, -0.85264, 0.522499, 1800, 100, 1),
(2964, 1624, 1, 405, -1646.38, 2346.47, 88.3708, 0.418879, 0, 0, 0.207912, 0.978148, 1800, 255, 1),
(2965, 1622, 1, 405, -210.988, 695.236, 91.0378, 2.35619, 0, 0, 0.92388, 0.382683, 300, 100, 1),
(2966, 1622, 1, 405, -432.996, 1840.38, 126.799, 5.2709, 0, 0, -0.484809, 0.87462, 300, 100, 1),
(2967, 1622, 1, 405, -1868.14, 1964.29, 62.4533, 3.85718, 0, 0, -0.936671, 0.35021, 300, 100, 1),
(2968, 1622, 1, 405, -1732.9, 1875.7, 62.3673, 4.64258, 0, 0, -0.731354, 0.681998, 300, 100, 1),
(2969, 1622, 1, 405, -113.552, 998.368, 90.3626, 0.663223, 0, 0, 0.325567, 0.945519, 300, 100, 1),
(2970, 1622, 1, 405, -1662.41, 1919.26, 60.9899, 1.0472, 0, 0, 0.5, 0.866025, 300, 100, 1),
(2971, 1622, 1, 405, -1146.25, 2904.26, 199.923, 5.79449, 0, 0, -0.241921, 0.970296, 300, 100, 1),
(2972, 1622, 1, 405, -1082.9, 1342.79, 73.2827, 4.24115, 0, 0, -0.85264, 0.522499, 300, 100, 1),
(2973, 1622, 1, 405, -1455.16, 1437.82, 69.9978, 0.610863, 0, 0, 0.300705, 0.953717, 300, 100, 1),
(2974, 142145, 1, 405, -2042.15, 1867.06, 61.4144, -2.11185, 0, 0, 0.870356, -0.492423, 300, 100, 1),
(2975, 142145, 1, 405, -1762, 1995.96, 65.113, -2, 0, 0, -0.936672, 0.350207, 300, 100, 1),
(2976, 142145, 1, 405, -1596, 1924.35, 62.334, 5.368, 0, 0, 0, 0, 300, 100, 1),
(2977, 142145, 1, 405, -1727, 1974.13, 62.218, 6.089, 0, 0, 0, 0, 300, 100, 1),
(2978, 142145, 1, 405, -2027, 2133.87, 52.623, 0, 0, 0, -0.130526, 0.991445, 300, 100, 1),
(2979, 142145, 1, 405, -1770.18, 1795.87, 64.148, 2.3911, 0, 0, 0.930418, 0.366501, 300, 100, 1),
(2980, 142145, 1, 405, -1764, 1809.15, 61.205, 2.391, 0, 0, 0.930417, 0.366501, 300, 100, 1),
(2981, 142145, 1, 405, -1949.68, 1817.78, 66.8869, -2.04204, 0, 0, 0.85264, -0.522498, 300, 100, 1),
(2982, 142145, 1, 405, -1655, 1970.48, 60.855, 2.174, 0, 0, 0, 0, 300, 100, 1),
(2983, 142145, 1, 405, -1750.69, 1685.46, 61.1134, 4.53786, 0, 0, -0.766044, 0.642789, 300, 100, 1),
(2984, 142145, 1, 405, -1734, 1970.32, 61.374, 6.089, 0, 0, 0, 0, 300, 100, 1),
(2985, 142145, 1, 405, -1757.35, 1973.41, 62.1494, 3.85718, 0, 0, -0.936671, 0.35021, 300, 100, 1),
(2986, 1628, 1, 405, -1342.52, 963.65, 91.5162, 2.16421, 0, 0, 0.882947, 0.469473, 300, 100, 1),
(2987, 1628, 1, 405, -1158.39, 2254.16, 92.2791, 2.56563, 0, 0, 0.958819, 0.284016, 300, 100, 1),
(2988, 142145, 1, 405, -1682.46, 1941.42, 62.2338, 2.21657, 0, 0, 0.894934, 0.446199, 300, 100, 1),
(2989, 142145, 1, 405, -1866.38, 2046.31, 62.6681, 3.50812, 0, 0, -0.983254, 0.182238, 300, 100, 1),
(2990, 142145, 1, 405, -1805, 1645.8, 61.2939, 5.18363, 0, 0, -0.522498, 0.85264, 300, 100, 1),
(2991, 142145, 1, 405, -2052.13, 2077.23, 65.2471, 3.194, 0, 0, -0.999657, 0.0262016, 300, 100, 1),
(2992, 142145, 1, 405, -1872.68, 1775.92, 66.0818, 3.80482, 0, 0, -0.945518, 0.325568, 300, 100, 1),
(2993, 142145, 1, 405, -2114.53, 1920.92, 63.2417, 1.62316, 0, 0, 0.725374, 0.688355, 300, 100, 1),
(2994, 142145, 1, 405, -1829.13, 1681.74, 61.6428, 2.54818, 0, 0, 0.956305, 0.292372, 300, 100, 1),
(2995, 1624, 1, 405, -196.438, 1116.59, 87.2241, 2.05949, 0, 0, 0.857167, 0.515038, 300, 100, 1),
(2996, 1624, 1, 405, -333.244, 2384.28, 37.4758, 4.59022, 0, 0, -0.748956, 0.66262, 300, 100, 1),
(2997, 1624, 1, 405, -1228.87, 2200.36, 91.8946, 5.11382, 0, 0, -0.551936, 0.833886, 300, 100, 1),
(2998, 1624, 1, 405, -1017.17, 952.096, 91.9954, 6.0912, 0, 0, -0.0958452, 0.995396, 300, 100, 1),
(2999, 1624, 1, 405, -1883.5, 2814.56, 55.792, 3.10665, 0, 0, 0.999847, 0.0174693, 300, 100, 1),
(3000, 1624, 1, 405, -366.88, 1950.63, 111.301, 0.174532, 0, 0, 0.0871553, 0.996195, 300, 100, 1),
(3001, 1624, 1, 405, -1619.56, 1171.6, 90.3512, 0.890117, 0, 0, 0.430511, 0.902586, 300, 100, 1),
(3002, 1623, 1, 405, -2277.53, 1873.18, 134.129, 3.14159, 0, 0, 1, 0, 1800, 100, 1),
(3003, 1623, 1, 405, 52.8359, 2115.2, 136.714, 0.645772, 0, 0, 0.317305, 0.948324, 1800, 100, 1),
(3004, 1624, 1, 405, -598.575, 1348.97, 90.7868, 0.191986, 0, 0, 0.095846, 0.995396, 1800, 100, 1),
(3005, 1624, 1, 405, -1316.83, 1448.22, 61.1621, -2.53073, 0, 0, 0.953717, -0.300706, 1800, 100, 1),
(3006, 1628, 1, 405, -1011.27, 984.657, 89.9197, 1.44862, 0, 0, 0.66262, 0.748956, 1800, 100, 1),
(3007, 1628, 1, 405, -2209.28, 1602.38, 60.1881, 0.069813, 0, 0, 0.034899, 0.999391, 1800, 100, 1),
(3008, 1628, 1, 405, -787.014, 2373.3, 93.3334, -1.22173, 0, 0, 0.573576, -0.819152, 1800, 100, 1),
(3009, 1628, 1, 405, -1599.25, 1376.42, 61.2987, 2.19911, 0, 0, 0.891006, 0.453991, 300, 100, 1),
(3010, 1628, 1, 405, -1307.94, 2046.85, 50.1442, 4.01426, 0, 0, -0.906307, 0.422619, 300, 100, 1),
(3011, 1628, 1, 405, -1402.27, 1831.51, 50.1442, 4.18879, 0, 0, -0.866025, 0.500001, 300, 100, 1),
(3012, 1624, 1, 405, -781.216, 1089.28, 89.3548, 4.83456, 0, 0, -0.66262, 0.748956, 300, 100, 1),
(3013, 2041, 1, 405, -1659.96, 1469.15, 59.5974, 2.54818, 0, 0, 0.956305, 0.292372, 1800, 255, 1),
(3014, 1623, 1, 405, -918.797, 839.595, 136.834, 0.820303, 0, 0, 0.398748, 0.91706, 300, 100, 1),
(3015, 2041, 1, 405, -1981.55, 1582.63, 59.2617, 0.087266, 0, 0, 0.0436192, 0.999048, 300, 100, 1),
(3016, 1628, 1, 405, -631.91, 1516.65, 89.813, 4.83456, 0, 0, -0.66262, 0.748956, 300, 100, 1),
(3017, 1628, 1, 405, -647.017, 1758.21, 89.8061, 4.76475, 0, 0, -0.688354, 0.725374, 300, 100, 1),
(3018, 1628, 1, 405, -982.668, 2446.35, 94.8709, 5.21854, 0, 0, -0.507538, 0.861629, 300, 100, 1),
(3019, 2041, 1, 405, -1847.96, 1911.21, 53.6878, 0.767945, 0, 0, 0.374607, 0.927184, 1800, 100, 1),
(3020, 2041, 1, 405, -1891.99, 1954.84, 53.4972, 4.36332, 0, 0, -0.819152, 0.573577, 300, 100, 1),
(3021, 2041, 1, 405, -1662.95, 1563.55, 59.7157, 1.36136, 0, 0, 0.62932, 0.777146, 1800, 100, 1),
(3022, 2041, 1, 405, -1984.55, 2190.74, 51.9447, 2.47837, 0, 0, 0.945519, 0.325568, 1800, 100, 1),
(3023, 2041, 1, 405, -1677.75, 852.175, 88.6948, 0, 0, 0, 0, 1, 1800, 100, 1),
(3024, 2041, 1, 405, -1548.38, 1572.11, 58.781, 2.46091, 0, 0, 0.942641, 0.333808, 300, 100, 1),
(3025, 1622, 1, 405, -341.005, 1817.83, 125.427, 2.74017, 0, 0, 0.979925, 0.199368, 1800, 100, 1),
(3026, 1624, 1, 405, -1449.4, 2345.26, 92.6044, -2.51327, 0, 0, 0.951057, -0.309017, 1800, 100, 1),
(3027, 1622, 1, 405, -1361.79, 2647.51, 112.728, -1.90241, 0, 0, 0.814116, -0.580703, 1800, 100, 1),
(3028, 1622, 1, 405, -391.862, 1841.03, 126.799, 2.70526, 0, 0, 0.976295, 0.216442, 300, 100, 1),
(3029, 1622, 1, 405, -1908.22, 2049.17, 63.7565, 2.3911, 0, 0, 0.930418, 0.366501, 1800, 100, 1);

-- Felwood
DELETE FROM `pool_gameobject` WHERE `pool_entry` IN (814,815,816,817,818,819,820);
DELETE FROM `pool_template` WHERE `entry` IN (814,815,816,817,818,819,820);
DELETE FROM `gameobject` WHERE `guid` IN (15953,15954,15955,15960,15962,15964,15965,15976,15978,15981,15995,15997,16000,16004,16006,16009,16010,16016,16018,16020,16023,16024,16025,16031,16062,16073,16074,16088,16091,16154,16156,16157,16177,16203,16231,16259,16284,16285,16451,16452,16455,16459,16460,16461,16465,16466,16467,16468,16469,16470,16471,16473,16474,16480,16483,16484,16485,16486,16487,16488,16489,16490,16491,16492,16493,16494,16495,16496,16500,16501,16505,16506,16507,16508,16509,16512,16513,16514,16516,16518,16519,16520,16522,16524,16525,16528,16529,16530,16532,16535,16536,16542,16543,16545,18948,18965,18966,18967,18975,18986,18998,19001,19002,19028,19036,19043,19055,19070,19076,19098,19106,19111,19118,19130,19131,19132,19154,19167,19177,19187,19231,19236,19239,19253,19276,19307,19317,19320,19347,19360,19377,19379,19380,19381,19382,19391,19399,19409,19412,19413,19414,19415,19432,19447,19449,19450,19451,19459,19461,19462,19463,19471,19485,19486,19487,19488,19500,19515,19521,19539,19545,19546,19547,19557,19561,19562,19572,19574,19575,19576,19580,19623,19631,19635,19638,19651,19655,19660,19827,19878,19879,19888,19892,19907,19908,19909,19917,19919,19926,19927,19928,19930,19945,19950,19951,19959,19961,19962,19964,19965,19974,19983,19984,19985,19995,19997,19998,20005,20006,20007,20008,20009,20019,20020,20021,20022,20023,20024,20036,20037,20038,20039,20040,20048,20049,20050,20052,20053,20061,20065,20066,20067,20068,20076,20078,20090,20095,20098,20106,20107,20117,20131);

-- Vmangos pools: (416,418,420,424,426,1225,1226,1227,1228,1229,1230);
DELETE FROM `pool_template` WHERE `entry` BETWEEN 703 AND 713;
INSERT INTO `pool_template` (`entry`, `max_limit`, `description`) VALUES
(703, 6, 'Dreamfoil in Felwood'),
(704, 3, 'Golden Sansam in Felwood'),
(705, 5, 'Gromsblood in Felwood'),
(706, 1, 'Mountain Silversage in Felwood'),
(707, 3, 'Sungrass in Felwood'),
(708, 12, 'Gromsblood in Felwood (2)'),
(709, 7, 'Arthas Tears in Felwood'),
(710, 11, 'Plaguebloom in Felwood'),
(711, 9, 'Dreamfoil in Felwood (2)'),
(712, 5, 'Sungrass in Felwood (2)'),
(713, 10, 'Golden Sansam in Felwood (2)');

DELETE FROM `pool_gameobject` WHERE `guid` BETWEEN 15789 AND 16078;
INSERT INTO `pool_gameobject` (`guid`, `pool_entry`, `chance`, `description`) VALUES 
(15789, 703, 0, 'Dreamfoil'),
(15790, 703, 0, 'Dreamfoil'),
(15791, 703, 0, 'Dreamfoil'),
(15792, 703, 0, 'Dreamfoil'),
(15793, 703, 0, 'Dreamfoil'),
(15794, 703, 0, 'Dreamfoil'),
(15795, 703, 0, 'Dreamfoil'),
(15796, 703, 0, 'Dreamfoil'),
(15797, 703, 0, 'Dreamfoil'),
(15798, 703, 0, 'Dreamfoil'),
(15799, 703, 0, 'Dreamfoil'),
(15800, 703, 0, 'Dreamfoil'),
(15801, 703, 0, 'Dreamfoil'),
(15802, 703, 0, 'Dreamfoil'),
(15803, 709, 0, 'Arthas\' Tears'),
(15804, 709, 0, 'Arthas\' Tears'),
(15805, 709, 0, 'Arthas\' Tears'),
(15806, 709, 0, 'Arthas\' Tears'),
(15807, 709, 0, 'Arthas\' Tears'),
(15808, 709, 0, 'Arthas\' Tears'),
(15809, 709, 0, 'Arthas\' Tears'),
(15810, 709, 0, 'Arthas\' Tears'),
(15811, 709, 0, 'Arthas\' Tears'),
(15812, 709, 0, 'Arthas\' Tears'),
(15813, 709, 0, 'Arthas\' Tears'),
(15814, 709, 0, 'Arthas\' Tears'),
(15815, 709, 0, 'Arthas\' Tears'),
(15816, 709, 0, 'Arthas\' Tears'),
(15817, 709, 0, 'Arthas\' Tears'),
(15818, 709, 0, 'Arthas\' Tears'),
(15819, 709, 0, 'Arthas\' Tears'),
(15820, 709, 0, 'Arthas\' Tears'),
(15821, 709, 0, 'Arthas\' Tears'),
(15822, 709, 0, 'Arthas\' Tears'),
(15823, 709, 0, 'Arthas\' Tears'),
(15824, 709, 0, 'Arthas\' Tears'),
(15825, 709, 0, 'Arthas\' Tears'),
(15826, 712, 0, 'Sungrass'),
(15827, 712, 0, 'Sungrass'),
(15828, 712, 0, 'Sungrass'),
(15829, 712, 0, 'Sungrass'),
(15830, 712, 0, 'Sungrass'),
(15831, 712, 0, 'Sungrass'),
(15832, 712, 0, 'Sungrass'),
(15833, 712, 0, 'Sungrass'),
(15834, 712, 0, 'Sungrass'),
(15835, 712, 0, 'Sungrass'),
(15836, 712, 0, 'Sungrass'),
(15837, 712, 0, 'Sungrass'),
(15838, 712, 0, 'Sungrass'),
(15839, 712, 0, 'Sungrass'),
(15840, 712, 0, 'Sungrass'),
(15841, 708, 0, 'Gromsblood'),
(15842, 708, 0, 'Gromsblood'),
(15843, 708, 0, 'Gromsblood'),
(15844, 708, 0, 'Gromsblood'),
(15845, 708, 0, 'Gromsblood'),
(15846, 708, 0, 'Gromsblood'),
(15847, 708, 0, 'Gromsblood'),
(15848, 708, 0, 'Gromsblood'),
(15849, 708, 0, 'Gromsblood'),
(15850, 708, 0, 'Gromsblood'),
(15851, 708, 0, 'Gromsblood'),
(15852, 708, 0, 'Gromsblood'),
(15853, 708, 0, 'Gromsblood'),
(15854, 708, 0, 'Gromsblood'),
(15855, 708, 0, 'Gromsblood'),
(15856, 708, 0, 'Gromsblood'),
(15857, 708, 0, 'Gromsblood'),
(15858, 708, 0, 'Gromsblood'),
(15859, 708, 0, 'Gromsblood'),
(15860, 708, 0, 'Gromsblood'),
(15861, 708, 0, 'Gromsblood'),
(15862, 708, 0, 'Gromsblood'),
(15863, 708, 0, 'Gromsblood'),
(15864, 708, 0, 'Gromsblood'),
(15865, 708, 0, 'Gromsblood'),
(15866, 708, 0, 'Gromsblood'),
(15867, 708, 0, 'Gromsblood'),
(15868, 708, 0, 'Gromsblood'),
(15869, 708, 0, 'Gromsblood'),
(15870, 708, 0, 'Gromsblood'),
(15871, 708, 0, 'Gromsblood'),
(15872, 708, 0, 'Gromsblood'),
(15873, 708, 0, 'Gromsblood'),
(15874, 708, 0, 'Gromsblood'),
(15875, 708, 0, 'Gromsblood'),
(15876, 708, 0, 'Gromsblood'),
(15877, 708, 0, 'Gromsblood'),
(15878, 708, 0, 'Gromsblood'),
(15879, 708, 0, 'Gromsblood'),
(15880, 708, 0, 'Gromsblood'),
(15881, 708, 0, 'Gromsblood'),
(15882, 708, 0, 'Gromsblood'),
(15883, 708, 0, 'Gromsblood'),
(15884, 708, 0, 'Gromsblood'),
(15885, 708, 0, 'Gromsblood'),
(15886, 708, 0, 'Gromsblood'),
(15887, 708, 0, 'Gromsblood'),
(15888, 708, 0, 'Gromsblood'),
(15889, 708, 0, 'Gromsblood'),
(15890, 708, 0, 'Gromsblood'),
(15891, 708, 0, 'Gromsblood'),
(15892, 708, 0, 'Gromsblood'),
(15893, 708, 0, 'Gromsblood'),
(15894, 708, 0, 'Gromsblood'),
(15895, 708, 0, 'Gromsblood'),
(15896, 704, 0, 'Golden Sansam'),
(15897, 704, 0, 'Golden Sansam'),
(15898, 704, 0, 'Golden Sansam'),
(15899, 704, 0, 'Golden Sansam'),
(15900, 704, 0, 'Golden Sansam'),
(15901, 704, 0, 'Golden Sansam'),
(15902, 704, 0, 'Golden Sansam'),
(15903, 704, 0, 'Golden Sansam'),
(15904, 704, 0, 'Golden Sansam'),
(15905, 705, 0, 'Gromsblood'),
(15906, 705, 0, 'Gromsblood'),
(15907, 705, 0, 'Gromsblood'),
(15908, 705, 0, 'Gromsblood'),
(15909, 705, 0, 'Gromsblood'),
(15910, 705, 0, 'Gromsblood'),
(15911, 705, 0, 'Gromsblood'),
(15912, 705, 0, 'Gromsblood'),
(15913, 705, 0, 'Gromsblood'),
(15914, 705, 0, 'Gromsblood'),
(15915, 705, 0, 'Gromsblood'),
(15916, 705, 0, 'Gromsblood'),
(15917, 713, 0, 'Golden Sansam'),
(15918, 713, 0, 'Golden Sansam'),
(15919, 713, 0, 'Golden Sansam'),
(15920, 713, 0, 'Golden Sansam'),
(15921, 713, 0, 'Golden Sansam'),
(15922, 713, 0, 'Golden Sansam'),
(15923, 713, 0, 'Golden Sansam'),
(15924, 713, 0, 'Golden Sansam'),
(15925, 713, 0, 'Golden Sansam'),
(15926, 713, 0, 'Golden Sansam'),
(15927, 713, 0, 'Golden Sansam'),
(15928, 713, 0, 'Golden Sansam'),
(15929, 713, 0, 'Golden Sansam'),
(15930, 713, 0, 'Golden Sansam'),
(15931, 713, 0, 'Golden Sansam'),
(15932, 713, 0, 'Golden Sansam'),
(15933, 713, 0, 'Golden Sansam'),
(15934, 713, 0, 'Golden Sansam'),
(15935, 713, 0, 'Golden Sansam'),
(15936, 713, 0, 'Golden Sansam'),
(15937, 713, 0, 'Golden Sansam'),
(15938, 713, 0, 'Golden Sansam'),
(15939, 713, 0, 'Golden Sansam'),
(15940, 713, 0, 'Golden Sansam'),
(15941, 713, 0, 'Golden Sansam'),
(15942, 713, 0, 'Golden Sansam'),
(15943, 711, 0, 'Dreamfoil'),
(15944, 711, 0, 'Dreamfoil'),
(15945, 711, 0, 'Dreamfoil'),
(15946, 711, 0, 'Dreamfoil'),
(15947, 711, 0, 'Dreamfoil'),
(15948, 711, 0, 'Dreamfoil'),
(15949, 711, 0, 'Dreamfoil'),
(15950, 711, 0, 'Dreamfoil'),
(15951, 711, 0, 'Dreamfoil'),
(15952, 711, 0, 'Dreamfoil'),
(15953, 711, 0, 'Dreamfoil'),
(15954, 711, 0, 'Dreamfoil'),
(15955, 711, 0, 'Dreamfoil'),
(15956, 711, 0, 'Dreamfoil'),
(15957, 711, 0, 'Dreamfoil'),
(15958, 711, 0, 'Dreamfoil'),
(15959, 711, 0, 'Dreamfoil'),
(15960, 711, 0, 'Dreamfoil'),
(15961, 711, 0, 'Dreamfoil'),
(15962, 711, 0, 'Dreamfoil'),
(15963, 711, 0, 'Dreamfoil'),
(15964, 711, 0, 'Dreamfoil'),
(15965, 711, 0, 'Dreamfoil'),
(15966, 711, 0, 'Dreamfoil'),
(15967, 711, 0, 'Dreamfoil'),
(15968, 711, 0, 'Dreamfoil'),
(15969, 711, 0, 'Dreamfoil'),
(15970, 711, 0, 'Dreamfoil'),
(15971, 711, 0, 'Dreamfoil'),
(15972, 711, 0, 'Dreamfoil'),
(15973, 711, 0, 'Dreamfoil'),
(15974, 711, 0, 'Dreamfoil'),
(15975, 711, 0, 'Dreamfoil'),
(15976, 711, 0, 'Dreamfoil'),
(15977, 711, 0, 'Dreamfoil'),
(15978, 711, 0, 'Dreamfoil'),
(15979, 711, 0, 'Dreamfoil'),
(15980, 711, 0, 'Dreamfoil'),
(15981, 711, 0, 'Dreamfoil'),
(15982, 711, 0, 'Dreamfoil'),
(15983, 711, 0, 'Dreamfoil'),
(15984, 711, 0, 'Dreamfoil'),
(15985, 710, 0, 'Plaguebloom'),
(15986, 710, 0, 'Plaguebloom'),
(15987, 710, 0, 'Plaguebloom'),
(15988, 710, 0, 'Plaguebloom'),
(15989, 710, 0, 'Plaguebloom'),
(15990, 710, 0, 'Plaguebloom'),
(15991, 710, 0, 'Plaguebloom'),
(15992, 710, 0, 'Plaguebloom'),
(15993, 710, 0, 'Plaguebloom'),
(15994, 710, 0, 'Plaguebloom'),
(15995, 710, 0, 'Plaguebloom'),
(15996, 710, 0, 'Plaguebloom'),
(15997, 710, 0, 'Plaguebloom'),
(15998, 710, 0, 'Plaguebloom'),
(15999, 710, 0, 'Plaguebloom'),
(16000, 710, 0, 'Plaguebloom'),
(16001, 710, 0, 'Plaguebloom'),
(16002, 710, 0, 'Plaguebloom'),
(16003, 710, 0, 'Plaguebloom'),
(16004, 710, 0, 'Plaguebloom'),
(16005, 710, 0, 'Plaguebloom'),
(16006, 710, 0, 'Plaguebloom'),
(16007, 710, 0, 'Plaguebloom'),
(16008, 710, 0, 'Plaguebloom'),
(16009, 710, 0, 'Plaguebloom'),
(16010, 710, 0, 'Plaguebloom'),
(16011, 710, 0, 'Plaguebloom'),
(16012, 710, 0, 'Plaguebloom'),
(16013, 710, 0, 'Plaguebloom'),
(16014, 710, 0, 'Plaguebloom'),
(16015, 710, 0, 'Plaguebloom'),
(16016, 710, 0, 'Plaguebloom'),
(16017, 710, 0, 'Plaguebloom'),
(16018, 710, 0, 'Plaguebloom'),
(16019, 710, 0, 'Plaguebloom'),
(16020, 710, 0, 'Plaguebloom'),
(16021, 710, 0, 'Plaguebloom'),
(16022, 710, 0, 'Plaguebloom'),
(16023, 710, 0, 'Plaguebloom'),
(16024, 710, 0, 'Plaguebloom'),
(16025, 710, 0, 'Plaguebloom'),
(16026, 710, 0, 'Plaguebloom'),
(16027, 710, 0, 'Plaguebloom'),
(16028, 710, 0, 'Plaguebloom'),
(16029, 710, 0, 'Plaguebloom'),
(16030, 710, 0, 'Plaguebloom'),
(16031, 710, 0, 'Plaguebloom'),
(16032, 710, 0, 'Plaguebloom'),
(16033, 710, 0, 'Plaguebloom'),
(16034, 710, 0, 'Plaguebloom'),
(16035, 710, 0, 'Plaguebloom'),
(16036, 710, 0, 'Plaguebloom'),
(16037, 710, 0, 'Plaguebloom'),
(16038, 710, 0, 'Plaguebloom'),
(16039, 710, 0, 'Plaguebloom'),
(16040, 710, 0, 'Plaguebloom'),
(16041, 710, 0, 'Plaguebloom'),
(16042, 710, 0, 'Plaguebloom'),
(16043, 710, 0, 'Plaguebloom'),
(16044, 710, 0, 'Plaguebloom'),
(16045, 710, 0, 'Plaguebloom'),
(16046, 710, 0, 'Plaguebloom'),
(16047, 710, 0, 'Plaguebloom'),
(16048, 710, 0, 'Plaguebloom'),
(16049, 710, 0, 'Plaguebloom'),
(16050, 710, 0, 'Plaguebloom'),
(16051, 710, 0, 'Plaguebloom'),
(16052, 710, 0, 'Plaguebloom'),
(16053, 710, 0, 'Plaguebloom'),
(16054, 710, 0, 'Plaguebloom'),
(16055, 710, 0, 'Plaguebloom'),
(16056, 710, 0, 'Plaguebloom'),
(16057, 710, 0, 'Plaguebloom'),
(16058, 710, 0, 'Plaguebloom'),
(16059, 706, 0, 'Mountain Silversage'),
(16060, 706, 0, 'Mountain Silversage'),
(16061, 706, 0, 'Mountain Silversage'),
(16062, 706, 0, 'Mountain Silversage'),
(16063, 707, 0, 'Sungrass'),
(16064, 707, 0, 'Sungrass'),
(16065, 707, 0, 'Sungrass'),
(16066, 707, 0, 'Sungrass'),
(16067, 707, 0, 'Sungrass'),
(16068, 707, 0, 'Sungrass'),
(16069, 707, 0, 'Sungrass'),
(16070, 707, 0, 'Sungrass'),
(16071, 709, 0, 'Arthas\' Tears'),
(16072, 709, 0, 'Arthas\' Tears'),
(16073, 709, 0, 'Arthas Tears'),
(16074, 709, 0, 'Arthas Tears'),
(16075, 709, 0, 'Arthas\' Tears'),
(16076, 709, 0, 'Arthas Tears'),
(16077, 709, 0, 'Arthas\' Tears'),
(16078, 709, 0, 'Arthas Tears');

DELETE FROM `gameobject` WHERE `zoneId`=361 AND `guid` BETWEEN 15789 AND 16078;
INSERT INTO `gameobject` (`guid`, `id`, `map`, `zoneId`, `position_x`, `position_y`, `position_z`, `orientation`, `rotation0`, `rotation1`, `rotation2`, `rotation3`, `spawntimesecs`, `animprogress`, `state`) VALUES
(15789, 176639, 1, 361, 6644.92, -1244.1, 455.831, 2.46091, 0, 0, 0.942641, 0.333808, 1800, 100, 1),
(15790, 176639, 1, 361, 6521.35, -1473.55, 439.164, 5.67232, 0, 0, -0.300705, 0.953717, 1800, 100, 1),
(15791, 176639, 1, 361, 4953.82, -647.138, 295.787, 3.54302, 0, 0, -0.979924, 0.19937, 1800, 100, 1),
(15792, 176639, 1, 361, 6440.84, -1691.32, 502.469, 0.837757, 0, 0, 0.406736, 0.913546, 1800, 100, 1),
(15793, 176639, 1, 361, 5820.31, -727.122, 381.453, 0.279252, 0, 0, 0.139173, 0.990268, 1800, 100, 1),
(15794, 176639, 1, 361, 6338.19, -1171.82, 375.17, 5.75959, 0, 0, -0.258819, 0.965926, 1800, 100, 1),
(15795, 176639, 1, 361, 5188.97, -596.913, 326.327, 4.99164, 0, 0, -0.601814, 0.798636, 1800, 100, 1),
(15796, 176639, 1, 361, 4521.6, -661.612, 259.686, 4.41568, 0, 0, -0.803857, 0.594823, 1800, 100, 1),
(15797, 176639, 1, 361, 3775.38, -1104.45, 228.32, 1.93731, 0, 0, 0.824125, 0.566408, 1800, 100, 1),
(15798, 176639, 1, 361, 6210.37, -1035.32, 386.014, 1.72787, 0, 0, 0.760406, 0.649449, 1800, 100, 1),
(15799, 176639, 1, 361, 3881.28, -988.969, 246.243, 1.39626, 0, 0, 0.642787, 0.766045, 1800, 100, 1),
(15800, 176639, 1, 361, 4714.74, -816.447, 309.083, 3.12412, 0, 0, 0.999962, 0.00873464, 1800, 100, 1),
(15801, 176639, 1, 361, 4253, -998.988, 298.48, 0.191985, 0, 0, 0.0958452, 0.995396, 1800, 100, 1),
(15802, 176639, 1, 361, 6528.6, -1323.92, 439.695, 0.855211, 0, 0, 0.414693, 0.909961, 1800, 100, 1),
(15803, 142141, 1, 361, 4784.87, -511, 323.23, 2.857, 0, 0, 0, 0, 2700, 100, 1),
(15804, 142141, 1, 361, 6318.2, -729, 470.811, 1.345, 0, 0, 0, 0, 2700, 100, 1),
(15805, 142141, 1, 361, 4557.57, -881, 306.239, 4.93, 0, 0, 0, 0, 2700, 100, 1),
(15806, 142141, 1, 361, 4816.77, -558, 315.59, 4.569, 0, 0, 0, 0, 2700, 100, 1),
(15807, 142141, 1, 361, 6540.85, -1417, 440.894, 4.679, 0, 0, 0, 0, 2700, 100, 1),
(15808, 142141, 1, 361, 4575.39, -865, 304.176, 4.157, 0, 0, 0, 0, 2700, 100, 1),
(15809, 142141, 1, 361, 5423.04, -560, 358.678, 1.145, 0, 0, 0, 0, 2700, 100, 1),
(15810, 142141, 1, 361, 4812.79, -513, 321.256, 5.61, 0, 0, 0, 0, 2700, 100, 1),
(15811, 142141, 1, 361, 4778.89, -501, 326.361, 2.346, 0, 0, 0, 0, 2700, 100, 1),
(15812, 142141, 1, 361, 4060.92, -640, 299.251, 4.97, 0, 0, 0, 0, 2700, 100, 1),
(15813, 142141, 1, 361, 5607.12, -721, 342.315, -3, 0, 0, -0.987688, 0.156435, 2700, 100, 1),
(15814, 142141, 1, 361, 3634.27, -1540, 179.991, 5.425, 0, 0, 0, 0, 2700, 100, 1),
(15815, 142141, 1, 361, 6316.83, -751, 470.9, 3.984, 0, 0, 0, 0, 2700, 100, 1),
(15816, 142141, 1, 361, 5405.77, -529, 362.84, 2.794, 0, 0, 0, 0, 2700, 100, 1),
(15817, 142141, 1, 361, 3780.6, -1064, 228.959, 2.523, 0, 0, 0, 0, 2700, 100, 1),
(15818, 142141, 1, 361, 5475.39, -837, 362.279, 0.061, 0, 0, 0, 0, 2700, 100, 1),
(15819, 142141, 1, 361, 6603.06, -875, 474.666, 0.139, 0, 0, 0, 0, 2700, 100, 1),
(15820, 142141, 1, 361, 5566.54, -757, 342.154, 1.054, 0, 0, 0, 0, 2700, 100, 1),
(15821, 142141, 1, 361, 4800.44, -535, 318.513, 4.836, 0, 0, 0, 0, 2700, 100, 1),
(15822, 142141, 1, 361, 4056.18, -631, 302.157, 1.423, 0, 0, 0, 0, 2700, 100, 1),
(15823, 142141, 1, 361, 3993.02, -771, 289.001, 2.386, 0, 0, 0, 0, 2700, 100, 1),
(15824, 142141, 1, 361, 3990.96, -871, 269.366, 4.828, 0, 0, 0, 0, 2700, 100, 1),
(15825, 142141, 1, 361, 6544.86, -1380, 438.266, 5.24, 0, 0, 0, 0, 2700, 100, 1),
(15826, 142142, 1, 361, 6237.98, -701, 417.121, 1.509, 0, 0, 0, 0, 2700, 100, 1),
(15827, 142142, 1, 361, 4612.66, -826, 301.303, 0.863, 0, 0, 0, 0, 2700, 100, 1),
(15828, 142142, 1, 361, 6799.74, -1571, 483.782, 1.349, 0, 0, 0, 0, 2700, 100, 1),
(15829, 142142, 1, 361, 6775.47, -1575, 482.038, 1.082, 0, 0, 0, 0, 2700, 100, 1),
(15830, 142142, 1, 361, 6589.17, -1009, 468.415, 5.385, 0, 0, 0, 0, 2700, 100, 1),
(15831, 142142, 1, 361, 6743.89, -1626, 477.683, 5.362, 0, 0, 0, 0, 2700, 100, 1),
(15832, 142142, 1, 361, 3881.28, -614, 345.595, 2.163, 0, 0, 0, 0, 2700, 100, 1),
(15833, 142142, 1, 361, 4904.93, -734, 304.708, 3.172, 0, 0, 0, 0, 2700, 100, 1),
(15834, 142142, 1, 361, 5087.75, -578, 326.54, 3.278, 0, 0, 0, 0, 2700, 100, 1),
(15835, 142142, 1, 361, 5962.92, -671, 386.243, 2.85, 0, 0, 0, 0, 2700, 100, 1),
(15836, 142142, 1, 361, 5090.61, -582, 325.581, 3.278, 0, 0, 0, 0, 2700, 100, 1),
(15837, 142142, 1, 361, 5780.61, -1193, 403.54, 5.853, 0, 0, 0, 0, 2700, 100, 1),
(15838, 142142, 1, 361, 5595.11, -547, 366.712, 2.41, 0, 0, 0, 0, 2700, 100, 1),
(15839, 142142, 1, 361, 6136.42, -1415, 408.186, 1.423, 0, 0, 0, 0, 2700, 100, 1),
(15840, 142142, 1, 361, 6468.47, -1482, 439.086, 1.828, 0, 0, 0, 0, 2700, 100, 1),
(15841, 142145, 1, 361, 6478.25, -1734, 512.339, 4.149, 0, 0, 0, 0, 300, 100, 1),
(15842, 142145, 1, 361, 6549.52, -1662, 501.835, 2.29, 0, 0, 0, 0, 300, 100, 1),
(15843, 142145, 1, 361, 5408.06, -604, 354.283, 6, 0, 0, 0, 0, 300, 100, 1),
(15844, 142145, 1, 361, 3972.79, -948, 254.274, 5.732, 0, 0, 0, 0, 300, 100, 1),
(15845, 142145, 1, 361, 3872.02, -929, 268.343, 1.02, 0, 0, 0, 0, 300, 100, 1),
(15846, 142145, 1, 361, 4011.25, -889, 266.891, 1.377, 0, 0, 0, 0, 300, 100, 1),
(15847, 142145, 1, 361, 6311.16, -964, 418.98, 6.156, 0, 0, 0, 0, 300, 100, 1),
(15848, 142145, 1, 361, 6782.4, -1571, 482.584, 0.162, 0, 0, 0, 0, 300, 100, 1),
(15849, 142145, 1, 361, 4641.56, -844, 313.656, 5.055, 0, 0, 0, 0, 300, 100, 1),
(15850, 142145, 1, 361, 4631.07, -751, 282.128, 5.974, 0, 0, 0, 0, 300, 100, 1),
(15851, 142145, 1, 361, 6409.71, -1077, 428.805, 5.756, 0, 0, 0, 0, 300, 100, 1),
(15852, 142145, 1, 361, 6297.47, -830, 424.272, 0.139, 0, 0, 0, 0, 300, 100, 1),
(15853, 142145, 1, 361, 6251.66, -719, 419.721, 5.862, 0, 0, 0, 0, 300, 100, 1),
(15854, 142145, 1, 361, 3735.72, -1178, 209.437, 1.62, 0, 0, 0, 0, 300, 100, 1),
(15855, 142145, 1, 361, 4881.07, -665, 291.834, 0.306, 0, 0, 0, 0, 300, 100, 1),
(15856, 142145, 1, 361, 4855.92, -587, 309.735, 3.451, 0, 0, 0, 0, 300, 100, 1),
(15857, 142145, 1, 361, 6691.54, -1449, 477.332, 5.815, 0, 0, 0, 0, 300, 100, 1),
(15858, 142145, 1, 361, 6662.69, -1203, 471.118, 5.669, 0, 0, 0, 0, 300, 100, 1),
(15859, 142145, 1, 361, 6551.83, -1186, 440.383, 6.231, 0, 0, 0, 0, 300, 100, 1),
(15860, 142145, 1, 361, 4478.79, -476, 310.777, 1.462, 0, 0, 0, 0, 300, 100, 1),
(15861, 142145, 1, 361, 6470.12, -1739, 513.191, 4.149, 0, 0, 0, 0, 300, 100, 1),
(15862, 142145, 1, 361, 4488.94, -680, 261.413, 5.012, 0, 0, 0, 0, 300, 100, 1),
(15863, 142145, 1, 361, 3779.35, -1488, 209.739, 6.07, 0, 0, 0, 0, 300, 100, 1),
(15864, 142145, 1, 361, 4332.69, -587, 264.424, 1.548, 0, 0, 0, 0, 300, 100, 1),
(15865, 142145, 1, 361, 4366.15, -677, 266.041, 0.547, 0, 0, 0, 0, 300, 100, 1),
(15866, 142145, 1, 361, 4057.84, -773, 282.932, 0.069, 0, 0, 0, 0, 300, 100, 1),
(15867, 142145, 1, 361, 3983.36, -773, 288.539, 1.499, 0, 0, 0, 0, 300, 100, 1),
(15868, 142145, 1, 361, 4260.48, -796, 258.95, 5.756, 0, 0, 0, 0, 300, 100, 1),
(15869, 142145, 1, 361, 5653.59, -564, 365.033, 0.726, 0, 0, 0, 0, 300, 100, 1),
(15870, 142145, 1, 361, 5750.05, -616, 374.128, 6.11, 0, 0, 0, 0, 300, 100, 1),
(15871, 142145, 1, 361, 4857.42, -575, 309.941, 3.451, 0, 0, 0, 0, 300, 100, 1),
(15872, 142145, 1, 361, 6677.46, -2103, 604.542, 5.801, 0, 0, 0, 0, 300, 100, 1),
(15873, 142145, 1, 361, 3875.96, -1010, 243.814, 6.093, 0, 0, 0, 0, 300, 100, 1),
(15874, 142145, 1, 361, 6482.9, -1048, 415.645, 0.144, 0, 0, 0, 0, 300, 100, 1),
(15875, 142145, 1, 361, 6173.85, -684, 406.675, 0.05, 0, 0, 0, 0, 300, 100, 1),
(15876, 142145, 1, 361, 6001.96, -645, 411.96, 5.992, 0, 0, 0, 0, 300, 100, 1),
(15877, 142145, 1, 361, 5917.54, -628, 390.486, 6.086, 0, 0, 0, 0, 300, 100, 1),
(15878, 142145, 1, 361, 4150.3, -769, 274.646, 6.054, 0, 0, 0, 0, 300, 100, 1),
(15879, 142145, 1, 361, 5250.02, -587, 326.392, 5.599, 0, 0, 0, 0, 300, 100, 1),
(15880, 142145, 1, 361, 5129.06, -530, 332.184, 1.621, 0, 0, 0, 0, 300, 100, 1),
(15881, 142145, 1, 361, 5499.66, -528, 365.173, 0.475, 0, 0, 0, 0, 300, 100, 1),
(15882, 142145, 1, 361, 5245.98, -591, 326.772, 5.599, 0, 0, 0, 0, 300, 100, 1),
(15883, 142145, 1, 361, 5106.61, -595, 320.504, 0.281, 0, 0, 0, 0, 300, 100, 1),
(15884, 142145, 1, 361, 5365.93, -571, 350.567, 6.208, 0, 0, 0, 0, 300, 100, 1),
(15885, 142145, 1, 361, 4886.06, -668, 291.176, 0.306, 0, 0, 0, 0, 300, 100, 1),
(15886, 142145, 1, 361, 6686.68, -1533, 472.941, 3.564, 0, 0, 0, 0, 300, 100, 1),
(15887, 142145, 1, 361, 5414.49, -605, 354.667, 6, 0, 0, 0, 0, 300, 100, 1),
(15888, 142145, 1, 361, 5247.74, -536, 324.694, 1.476, 0, 0, 0, 0, 300, 100, 1),
(15889, 142145, 1, 361, 3659.3, -1135, 208.104, 0.378, 0, 0, 0, 0, 300, 100, 1),
(15890, 142145, 1, 361, 5571.71, -562, 363.825, 0.459, 0, 0, 0, 0, 300, 100, 1),
(15891, 142145, 1, 361, 6571.08, -1933, 547.428, 4.558, 0, 0, 0, 0, 300, 100, 1),
(15892, 142145, 1, 361, 4823.4, -542, 315.519, 5.042, 0, 0, 0, 0, 300, 100, 1),
(15893, 142145, 1, 361, 6520.14, -2069, 575.023, 2.797, 0, 0, 0, 0, 300, 100, 1),
(15894, 142145, 1, 361, 6631.58, -2069, 589.043, 6.115, 0, 0, 0, 0, 300, 100, 1),
(15895, 142145, 1, 361, 6521.15, -1072, 434.048, 0.556, 0, 0, 0, 0, 300, 100, 1),
(15896, 176638, 1, 361, 6144.64, -1849.78, 568.804, 1.85005, 0, 0, 0.798635, 0.601815, 1800, 100, 1),
(15897, 176638, 1, 361, 6349.53, -1616.99, 459.913, 2.47837, 0, 0, 0.945518, 0.325568, 1800, 100, 1),
(15898, 176638, 1, 361, 6642.61, -1309.63, 458.125, 2.93214, 0, 0, 0.994521, 0.104536, 1800, 100, 1),
(15899, 176638, 1, 361, 6216.36, -1397.76, 375.794, 4.18879, 0, 0, -0.866025, 0.500001, 1800, 100, 1),
(15900, 176638, 1, 361, 4290.64, -604.054, 289.481, 2.33874, 0, 0, 0.920505, 0.390732, 1800, 100, 1),
(15901, 176638, 1, 361, 6742.92, -1596.08, 477.572, 4.11898, 0, 0, -0.882947, 0.469473, 1800, 100, 1),
(15902, 176638, 1, 361, 5554.45, -987.39, 371.665, 5.35816, 0, 0, -0.446198, 0.894935, 1800, 100, 1),
(15903, 176638, 1, 361, 6446.44, -1203.86, 395.012, 4.38078, 0, 0, -0.814116, 0.580703, 1800, 100, 1),
(15904, 176638, 1, 361, 4350.72, -951.657, 307.27, 3.90954, 0, 0, -0.927183, 0.374608, 1800, 100, 1),
(15905, 176637, 1, 361, 3829.71, -1018.73, 239.014, 1.58825, 0, 0, 0.71325, 0.70091, 1800, 100, 1),
(15906, 176637, 1, 361, 4170.61, -1039.69, 290.399, 1.06465, 0, 0, 0.507538, 0.861629, 1800, 100, 1),
(15907, 176637, 1, 361, 6410.31, -1664.2, 489.088, 5.39307, 0, 0, -0.430511, 0.902586, 1800, 100, 1),
(15908, 176637, 1, 361, 4275.2, -526.568, 300.463, 5.00909, 0, 0, -0.594823, 0.803857, 1800, 100, 1),
(15909, 176637, 1, 361, 6216.45, -1058.25, 382.754, 1.58825, 0, 0, 0.71325, 0.70091, 1800, 100, 1),
(15910, 176637, 1, 361, 4713.48, -880.975, 333.382, 1.55334, 0, 0, 0.700909, 0.713251, 1800, 100, 1),
(15911, 176637, 1, 361, 4455.27, -649.972, 271.522, 0.925024, 0, 0, 0.446198, 0.894935, 1800, 100, 1),
(15912, 176637, 1, 361, 6171.32, -1320.39, 376.745, 4.90438, 0, 0, -0.636078, 0.771625, 1800, 100, 1),
(15913, 176637, 1, 361, 4953.85, -628.289, 293.128, 2.33874, 0, 0, 0.920505, 0.390732, 1800, 100, 1),
(15914, 176637, 1, 361, 4341.67, -975.19, 308.93, 3.31614, 0, 0, -0.996194, 0.087165, 1800, 100, 1),
(15915, 176637, 1, 361, 6435.29, -942.493, 423.112, 4.10153, 0, 0, -0.887011, 0.461749, 1800, 100, 1),
(15916, 176637, 1, 361, 4427.99, -969.055, 319.897, 1.02974, 0, 0, 0.492423, 0.870356, 1800, 100, 1),
(15917, 176583, 1, 361, 4277.92, -635, 293.661, 3.077, 0, 0, 0, 0, 2700, 100, 1),
(15918, 176583, 1, 361, 6655.02, -1322, 462.132, 2.25, 0, 0, 0, 0, 2700, 100, 1),
(15919, 176583, 1, 361, 6146.3, -1852, 568.358, 1.752, 0, 0, 0, 0, 2700, 100, 1),
(15920, 176583, 1, 361, 4350.74, -969, 310.229, 4.026, 0, 0, 0, 0, 2700, 100, 1),
(15921, 176583, 1, 361, 6883.71, -2028, 578.747, 0.035, 0, 0, 0.017453, 0.999848, 2700, 100, 1),
(15922, 176583, 1, 361, 5540.88, -972, 370.176, 6.219, 0, 0, 0, 0, 2700, 100, 1),
(15923, 176583, 1, 361, 4063.01, -1087, 268.707, 5.344, 0, 0, 0, 0, 2700, 100, 1),
(15924, 176583, 1, 361, 4085.7, -1146, 286.021, 4.572, 0, 0, 0, 0, 2700, 100, 1),
(15925, 176583, 1, 361, 4037.86, -798, 280.452, 4.828, 0, 0, 0, 0, 2700, 100, 1),
(15926, 176583, 1, 361, 6387.11, -740, 471.639, 5.629, 0, 0, 0, 0, 2700, 100, 1),
(15927, 176583, 1, 361, 6893.78, -2033, 582.055, 1.205, 0, 0, 0, 0, 2700, 100, 1),
(15928, 176583, 1, 361, 3782.09, -1260, 209.02, 1.927, 0, 0, 0, 0, 2700, 100, 1),
(15929, 176583, 1, 361, 6445.52, -1203, 394.82, -2, 0, 0, -0.814116, 0.580703, 2700, 100, 1),
(15930, 176583, 1, 361, 4876.87, -580, 310.581, 2.071, 0, 0, 0, 0, 2700, 100, 1),
(15931, 176583, 1, 361, 6382.29, -1948, 553.034, 3.236, 0, 0, 0, 0, 2700, 100, 1),
(15932, 176583, 1, 361, 6415.64, -1208, 386.414, 1.408, 0, 0, 0, 0, 2700, 100, 1),
(15933, 176583, 1, 361, 6419.32, -1212, 386.694, 5.489, 0, 0, 0, 0, 2700, 100, 1),
(15934, 176583, 1, 361, 6464.26, -1220, 400.192, 3.305, 0, 0, 0, 0, 2700, 100, 1),
(15935, 176583, 1, 361, 4917.23, -583, 317.917, 2.911, 0, 0, 0, 0, 2700, 100, 1),
(15936, 176583, 1, 361, 6253.29, -1395, 370.711, 6.196, 0, 0, 0, 0, 2700, 100, 1),
(15937, 176583, 1, 361, 6314.57, -1612, 467.007, 1.283, 0, 0, 0, 0, 2700, 100, 1),
(15938, 176583, 1, 361, 6330.08, -1616, 463.703, 1.283, 0, 0, 0, 0, 2700, 100, 1),
(15939, 176583, 1, 361, 3820.51, -1617, 223.397, 5.833, 0, 0, 0, 0, 2700, 100, 1),
(15940, 176583, 1, 361, 6178.07, -1365, 382.52, 1.925, 0, 0, 0, 0, 2700, 100, 1),
(15941, 176583, 1, 361, 3893.09, -686, 324.483, 0.082, 0, 0, 0, 0, 2700, 100, 1),
(15942, 176583, 1, 361, 6727.27, -1620, 475.14, 5.899, 0, 0, 0, 0, 2700, 100, 1),
(15943, 176584, 1, 361, 4714.84, -816, 308.92, 3.124, 0, 0, 0.999962, 0.008727, 2700, 100, 1),
(15944, 176584, 1, 361, 3818.75, -933, 271.673, 1.3, 0, 0, 0, 0, 2700, 100, 1),
(15945, 176584, 1, 361, 3897.5, -1563, 246.724, 5.045, 0, 0, 0, 0, 2700, 100, 1),
(15946, 176584, 1, 361, 6412.27, -965, 422.953, 1.048, 0, 0, 0, 0, 2700, 100, 1),
(15947, 176584, 1, 361, 3897.23, -1593, 252.082, 4.566, 0, 0, 0, 0, 2700, 100, 1),
(15948, 176584, 1, 361, 4337.19, -1075, 327.459, 5.895, 0, 0, 0, 0, 2700, 100, 1),
(15949, 176584, 1, 361, 6732.56, -1407, 496.741, 5.594, 0, 0, 0, 0, 2700, 100, 1),
(15950, 176584, 1, 361, 4191.17, -933, 283.711, 4.725, 0, 0, 0, 0, 2700, 100, 1),
(15951, 176584, 1, 361, 5213.67, -706, 342.849, 1.317, 0, 0, 0, 0, 2700, 100, 1),
(15952, 176584, 1, 361, 4005.49, -997, 248.493, 6.184, 0, 0, 0, 0, 2700, 100, 1),
(15953, 176584, 1, 361, 5482.49, -677, 346.664, 1.169, 0, 0, 0.551937, 0.833886, 2700, 100, 1),
(15954, 176584, 1, 361, 5739.66, -662, 371.388, 5.355, 0, 0, 0, 0, 2700, 100, 1),
(15955, 176584, 1, 361, 6307.15, -2091, 585.23, 4.26, 0, 0, 0, 0, 2700, 100, 1),
(15956, 176584, 1, 361, 6299.27, -2095, 592.679, 5.057, 0, 0, 0, 0, 2700, 100, 1),
(15957, 176584, 1, 361, 6306.6, -1148, 373.497, 1.641, 0, 0, 0, 0, 2700, 100, 1),
(15958, 176584, 1, 361, 6312.27, -1147, 375.27, 1.688, 0, 0, 0, 0, 2700, 100, 1),
(15959, 176584, 1, 361, 6272.31, -1633, 479.84, 3.906, 0, 0, 0, 0, 2700, 100, 1),
(15960, 176584, 1, 361, 4197.75, -703, 282.387, 0.931, 0, 0, 0, 0, 2700, 100, 1),
(15961, 176584, 1, 361, 4580.46, -867, 305.302, 5.422, 0, 0, 0, 0, 2700, 100, 1),
(15962, 176584, 1, 361, 4878.67, -749, 302.909, 0.188, 0, 0, 0, 0, 2700, 100, 1),
(15963, 176584, 1, 361, 4535.18, -716, 260.825, 3.076, 0, 0, 0, 0, 2700, 100, 1),
(15964, 176584, 1, 361, 4192.04, -701, 280.122, 6.187, 0, 0, 0, 0, 2700, 100, 1),
(15965, 176584, 1, 361, 6337.73, -1172, 375.098, -1, 0, 0, -0.258819, 0.965926, 2700, 100, 1),
(15966, 176584, 1, 361, 6519, -848, 475.151, 0.713, 0, 0, 0, 0, 2700, 100, 1),
(15967, 176584, 1, 361, 5507.05, -1021, 377.793, 4.397, 0, 0, 0, 0, 2700, 100, 1),
(15968, 176584, 1, 361, 3779.68, -1059, 229.386, 0.59, 0, 0, 0, 0, 2700, 100, 1),
(15969, 176584, 1, 361, 6114.78, -1376, 393.422, 6.035, 0, 0, 0, 0, 2700, 100, 1),
(15970, 176584, 1, 361, 4622.91, -852, 310.913, 4.589, 0, 0, 0, 0, 2700, 100, 1),
(15971, 176584, 1, 361, 6212.14, -1056, 383.889, 4.512, 0, 0, 0, 0, 2700, 100, 1),
(15972, 176584, 1, 361, 6530.7, -1083, 437.342, 4.706, 0, 0, 0, 0, 2700, 100, 1),
(15973, 176584, 1, 361, 3788.36, -1315, 205.211, 3.42, 0, 0, 0, 0, 2700, 100, 1),
(15974, 176584, 1, 361, 5017.01, -734, 311.473, 1.218, 0, 0, 0, 0, 2700, 100, 1),
(15975, 176584, 1, 361, 6247.17, -1458, 378.553, 4.457, 0, 0, 0, 0, 2700, 100, 1),
(15976, 176584, 1, 361, 6528.33, -1323, 439.673, 0.855, 0, 0, 0.414693, 0.909961, 2700, 100, 1),
(15977, 176584, 1, 361, 6688.92, -1949, 550.448, 5.493, 0, 0, 0, 0, 2700, 100, 1),
(15978, 176584, 1, 361, 4845.76, -668, 297.696, 2.335, 0, 0, 0, 0, 2700, 100, 1),
(15979, 176584, 1, 361, 5412.48, -652, 351.797, 3.967, 0, 0, 0, 0, 2700, 100, 1),
(15980, 176584, 1, 361, 5219.77, -700, 344.065, 1.317, 0, 0, 0, 0, 2700, 100, 1),
(15981, 176584, 1, 361, 6541.04, -1521, 440.769, 5.897, 0, 0, 0, 0, 2700, 100, 1),
(15982, 176584, 1, 361, 6275.59, -1624, 473.537, 3.946, 0, 0, 0, 0, 2700, 100, 1),
(15983, 176584, 1, 361, 3787.16, -1320, 205.477, 2.627, 0, 0, 0, 0, 2700, 100, 1),
(15984, 176584, 1, 361, 4846.36, -681, 293.944, 0.895, 0, 0, 0, 0, 2700, 100, 1),
(15985, 176587, 1, 361, 6138.76, -1895, 576.376, 2.193, 0, 0, 0, 0, 2700, 100, 1),
(15986, 176587, 1, 361, 6151.94, -1913, 573.686, 2.292, 0, 0, 0, 0, 2700, 100, 1),
(15987, 176587, 1, 361, 6504.42, -814, 474.935, 0.036, 0, 0, 0, 0, 2700, 100, 1),
(15988, 176587, 1, 361, 4463.98, -910, 305.446, 5.866, 0, 0, 0, 0, 2700, 100, 1),
(15989, 176587, 1, 361, 4467.53, -660, 269.565, 0.469, 0, 0, 0, 0, 2700, 100, 1),
(15990, 176587, 1, 361, 4492.65, -558, 289.415, 0.188, 0, 0, 0, 0, 2700, 100, 1),
(15991, 176587, 1, 361, 4339.04, -704, 274.28, 5.878, 0, 0, 0, 0, 2700, 100, 1),
(15992, 176587, 1, 361, 6153.29, -1907, 573.129, 2.657, 0, 0, 0, 0, 2700, 100, 1),
(15993, 176587, 1, 361, 4329.12, -611, 266.429, 2.223, 0, 0, 0, 0, 2700, 100, 1),
(15994, 176587, 1, 361, 3916.02, -624, 337.996, 1.135, 0, 0, 0, 0, 2700, 100, 1),
(15995, 176587, 1, 361, 3940.44, -1630, 271.835, 5.777, 0, 0, 0, 0, 2700, 100, 1),
(15996, 176587, 1, 361, 3962.82, -907, 266.969, 1.859, 0, 0, 0, 0, 2700, 100, 1),
(15997, 176587, 1, 361, 4051.57, -1212, 281.044, 1.604, 0, 0, 0, 0, 2700, 100, 1),
(15998, 176587, 1, 361, 6411.59, -1405, 377.339, 1.082, 0, 0, 0, 0, 2700, 100, 1),
(15999, 176587, 1, 361, 6157.37, -1915, 572.662, 2.292, 0, 0, 0, 0, 2700, 100, 1),
(16000, 176587, 1, 361, 5710.74, -703, 377.083, 4.4, 0, 0, 0, 0, 2700, 100, 1),
(16001, 176587, 1, 361, 5552.83, -920, 377.74, 1.344, 0, 0, 0.622515, 0.782608, 2700, 100, 1),
(16002, 176587, 1, 361, 6588.43, -1447, 454.752, 4.185, 0, 0, 0, 0, 2700, 100, 1),
(16003, 176587, 1, 361, 6315.11, -1522, 439.557, 5.556, 0, 0, 0, 0, 2700, 100, 1),
(16004, 176587, 1, 361, 5659.46, -1083, 381.698, 5.265, 0, 0, 0, 0, 2700, 100, 1),
(16005, 176587, 1, 361, 6321.38, -1578, 450.829, 4.824, 0, 0, 0, 0, 2700, 100, 1),
(16006, 176587, 1, 361, 4956.9, -573, 326.273, 1.514, 0, 0, 0, 0, 2700, 100, 1),
(16007, 176587, 1, 361, 3746.32, -1545, 206.113, 5.634, 0, 0, 0, 0, 2700, 100, 1),
(16008, 176587, 1, 361, 3666.55, -1030, 222.146, 6.105, 0, 0, 0, 0, 2700, 100, 1),
(16009, 176587, 1, 361, 4432.37, -936, 307.239, 5.37, 0, 0, 0, 0, 2700, 100, 1),
(16010, 176587, 1, 361, 5875.82, -1259, 405.38, 5.657, 0, 0, 0, 0, 2700, 100, 1),
(16011, 176587, 1, 361, 6029.97, -1150, 379.097, 0.58, 0, 0, 0, 0, 2700, 100, 1),
(16012, 176587, 1, 361, 6207.91, -1625, 479.712, 0.512, 0, 0, 0, 0, 2700, 100, 1),
(16013, 176587, 1, 361, 3982.57, -1447, 258.314, 6.211, 0, 0, 0, 0, 2700, 100, 1),
(16014, 176587, 1, 361, 3948.66, -1436, 237.703, 6.108, 0, 0, 0, 0, 2700, 100, 1),
(16015, 176587, 1, 361, 5690.58, -730, 376.676, 1.467, 0, 0, 0, 0, 2700, 100, 1),
(16016, 176587, 1, 361, 5542.14, -749, 341.782, 1.452, 0, 0, 0, 0, 2700, 100, 1),
(16017, 176587, 1, 361, 4525.57, -739, 259.263, 0.831, 0, 0, 0, 0, 2700, 100, 1),
(16018, 176587, 1, 361, 4905.11, -802, 300.03, 5.614, 0, 0, 0, 0, 2700, 100, 1),
(16019, 176587, 1, 361, 4630.56, -681, 260.571, 4.294, 0, 0, 0, 0, 2700, 100, 1),
(16020, 176587, 1, 361, 5239.53, -782, 345.388, 4.979, 0, 0, 0, 0, 2700, 100, 1),
(16021, 176587, 1, 361, 5503.86, -847, 357.777, 5.505, 0, 0, 0, 0, 2700, 100, 1),
(16022, 176587, 1, 361, 5532.27, -917, 376.721, 1.849, 0, 0, 0, 0, 2700, 100, 1),
(16023, 176587, 1, 361, 5417.26, -910, 368.889, 4.409, 0, 0, 0, 0, 2700, 100, 1),
(16024, 176587, 1, 361, 6099.75, -1627, 485.85, 5.72, 0, 0, 0, 0, 2700, 100, 1),
(16025, 176587, 1, 361, 3829.07, -816, 294.242, 5.271, 0, 0, 0, 0, 2700, 100, 1),
(16026, 176587, 1, 361, 6303.96, -875, 407.494, 2.284, 0, 0, 0, 0, 2700, 100, 1),
(16027, 176587, 1, 361, 6263.36, -1101, 371.974, 1.051, 0, 0, 0, 0, 2700, 100, 1),
(16028, 176587, 1, 361, 4200.67, -1031, 292.692, 4.288, 0, 0, 0, 0, 2700, 100, 1),
(16029, 176587, 1, 361, 6681.07, -1562, 473.654, 4.069, 0, 0, 0, 0, 2700, 100, 1),
(16030, 176587, 1, 361, 6685.3, -1335, 471.457, 1.559, 0, 0, 0, 0, 2700, 100, 1),
(16031, 176587, 1, 361, 3667.74, -1439, 182.799, 0.436, 0, 0, 0.21644, 0.976296, 2700, 100, 1),
(16032, 176587, 1, 361, 3816.85, -1152, 239.319, 2.461, 0, 0, 0.942641, 0.333807, 2700, 100, 1),
(16033, 176587, 1, 361, 6183.08, -1160, 370.338, 6.243, 0, 0, 0, 0, 2700, 100, 1),
(16034, 176587, 1, 361, 5641.26, -687, 341.952, 3.822, 0, 0, 0, 0, 2700, 100, 1),
(16035, 176587, 1, 361, 6835.98, -1822, 561.877, 1.443, 0, 0, 0, 0, 2700, 100, 1),
(16036, 176587, 1, 361, 6262.75, -1609, 467.688, 6.244, 0, 0, 0, 0, 2700, 100, 1),
(16037, 176587, 1, 361, 6420.61, -1625, 482.44, 0.292, 0, 0, 0, 0, 2700, 100, 1),
(16038, 176587, 1, 361, 6425.34, -1333, 377.16, 1.757, 0, 0, 0, 0, 2700, 100, 1),
(16039, 176587, 1, 361, 4124.58, -690, 285.186, 0.742, 0, 0, 0, 0, 2700, 100, 1),
(16040, 176641, 1, 361, 4204.94, -1031.77, 293.272, 4.81711, 0, 0, -0.66913, 0.743145, 1800, 100, 1),
(16041, 176641, 1, 361, 6679.51, -1323.44, 467.133, 3.26377, 0, 0, -0.998135, 0.0610518, 1800, 100, 1),
(16042, 176641, 1, 361, 6306.93, -856.434, 416.503, 2.02458, 0, 0, 0.848047, 0.529921, 1800, 100, 1),
(16043, 176641, 1, 361, 4623.66, -883.974, 321.067, 5.79449, 0, 0, -0.241921, 0.970296, 1800, 100, 1),
(16044, 176641, 1, 361, 5540.28, -740.778, 341.768, 5.2709, 0, 0, -0.484809, 0.87462, 1800, 100, 1),
(16045, 176641, 1, 361, 4513.95, -767.927, 262.422, 5.75959, 0, 0, -0.258819, 0.965926, 1800, 100, 1),
(16046, 176641, 1, 361, 6263.24, -1076.29, 373.896, 4.04917, 0, 0, -0.898793, 0.438373, 1800, 100, 1),
(16047, 176641, 1, 361, 6419.71, -1623.33, 482.022, 3.4034, 0, 0, -0.991445, 0.130528, 1800, 100, 1),
(16048, 176641, 1, 361, 4630.22, -670.115, 259.879, 0.59341, 0, 0, 0.292371, 0.956305, 1800, 100, 1),
(16049, 176641, 1, 361, 4460.42, -669.337, 268.7, 2.42601, 0, 0, 0.936672, 0.350207, 1800, 100, 1),
(16050, 176641, 1, 361, 5222.93, -781.834, 345.815, 0.837757, 0, 0, 0.406736, 0.913546, 1800, 100, 1),
(16051, 176641, 1, 361, 4049.45, -1216.91, 279.827, 4.32842, 0, 0, -0.829037, 0.559194, 1800, 100, 1),
(16052, 176641, 1, 361, 4452.15, -933.014, 310.124, 5.93412, 0, 0, -0.173648, 0.984808, 1800, 100, 1),
(16053, 176641, 1, 361, 4348.48, -675.812, 270.243, 0.226892, 0, 0, 0.113203, 0.993572, 1800, 100, 1),
(16054, 176641, 1, 361, 4974.86, -553.669, 332.864, 4.69494, 0, 0, -0.71325, 0.70091, 1800, 100, 1),
(16055, 176641, 1, 361, 6852.51, -1816.94, 563.876, 0.401425, 0, 0, 0.199368, 0.979925, 1800, 100, 1),
(16056, 176641, 1, 361, 6416.68, -1347.35, 377.708, 5.18363, 0, 0, -0.522498, 0.85264, 1800, 100, 1),
(16057, 176641, 1, 361, 5644.48, -674.997, 343.131, 4.11898, 0, 0, -0.882947, 0.469473, 1800, 100, 1),
(16058, 176641, 1, 361, 4886.47, -781, 296.668, 1.48353, 0, 0, 0.67559, 0.737278, 1800, 100, 1),
(16059, 176640, 1, 361, 6178.8, -1065.77, 385.206, 4.86947, 0, 0, -0.649447, 0.760406, 1800, 100, 1),
(16060, 176640, 1, 361, 6156.16, -1839.16, 575.645, 0.733038, 0, 0, 0.358368, 0.93358, 1800, 100, 1),
(16061, 176640, 1, 361, 6175.16, -650.291, 429.208, 5.74214, 0, 0, -0.267238, 0.963631, 1800, 100, 1),
(16062, 176640, 1, 361, 5426.05, -809.724, 386.836, 2.9845, 0, 0, 0.996917, 0.0784664, 1800, 100, 1),
(16063, 176636, 1, 361, 6154.25, -1490.27, 439.412, 3.71755, 0, 0, -0.958819, 0.284016, 1800, 100, 1),
(16064, 176636, 1, 361, 5969.22, -616.162, 399.796, 3.17653, 0, 0, -0.999847, 0.0174693, 1800, 100, 1),
(16065, 176636, 1, 361, 5627.3, -520.709, 372.392, 5.67232, 0, 0, -0.300705, 0.953717, 1800, 100, 1),
(16066, 176636, 1, 361, 6238.8, -707.594, 416.565, 0, 0, 0, 0, 1, 1800, 100, 1),
(16067, 176636, 1, 361, 3883.91, -1448.03, 216.904, 3.54302, 0, 0, -0.979924, 0.19937, 1800, 100, 1),
(16068, 176636, 1, 361, 3609.97, -1045.24, 219.979, 4.53786, 0, 0, -0.766044, 0.642789, 1800, 100, 1),
(16069, 176636, 1, 361, 6503.98, -1509.01, 438.926, 2.37364, 0, 0, 0.927183, 0.374608, 1800, 100, 1),
(16070, 176636, 1, 361, 5064.93, -547.86, 334.946, 2.89725, 0, 0, 0.992546, 0.12187, 1800, 100, 1),
(16071, 176642, 1, 361, 5693.6, -975.517, 382.478, -2.56563, 0, 0, 0.95882, -0.284015, 300, 100, 1),
(16072, 176642, 1, 361, 6583.85, -835.312, 474.345, 1.91986, 0, 0, 0.819152, 0.573576, 300, 100, 1),
(16073, 176642, 1, 361, 6526.05, -1016.26, 433.901, 5.58505, 0, 0, -0.34202, 0.939693, 300, 100, 1),
(16074, 176642, 1, 361, 6264.92, -1559.39, 451.637, 3.63029, 0, 0, -0.970295, 0.241925, 300, 100, 1),
(16075, 176642, 1, 361, 4192.98, -1108.22, 307.553, 2.04204, 0, 0, 0.85264, 0.522499, 300, 100, 1),
(16076, 176642, 1, 361, 4545.12, -940.496, 321.687, 6.16101, 0, 0, -0.0610485, 0.998135, 300, 100, 1),
(16077, 176642, 1, 361, 4051.31, -745.657, 283.103, 0.244346, 0, 0, 0.121869, 0.992546, 300, 100, 1),
(16078, 176642, 1, 361, 4349.79, -513.339, 299.717, 0.087266, 0, 0, 0.0436192, 0.999048, 300, 100, 1);

-- Remaining Grave Moss Spawns
-- Pools in Vmangos: (104, 105, 106);
DELETE FROM `pool_template` WHERE `entry` BETWEEN 714 AND 716;
INSERT INTO `pool_template` (`entry`, `max_limit`, `description`) VALUES
(714, 2, 'Grave Moss in Stromgarde'),
(715, 5, 'Grave Moss in Raven Hill'),
(716, 2, 'Grave Moss in Tranquil Gardens');

DELETE FROM `pool_gameobject` WHERE `guid` BETWEEN 2255 AND 2300;
INSERT INTO `pool_gameobject` (`guid`, `pool_entry`, `chance`, `description`) VALUES 
(2255, 715, 0, 'Grave Moss - Raven Hill'),
(2256, 715, 0, 'Grave Moss - Raven Hill'),
(2257, 715, 0, 'Grave Moss - Raven Hill'),
(2258, 715, 0, 'Grave Moss - Raven Hill'),
(2259, 715, 0, 'Grave Moss - Raven Hill'),
(2260, 716, 0, 'Grave Moss - Tranquil Gardens'),
(2261, 715, 0, 'Grave Moss - Raven Hill'),
(2262, 715, 0, 'Grave Moss - Raven Hill'),
(2263, 715, 0, 'Grave Moss - Raven Hill'),
(2264, 714, 0, 'Grave Moss - Stromgarde'),
(2265, 715, 0, 'Grave Moss - Raven Hill'),
(2266, 716, 0, 'Grave Moss - Tranquil Gardens'),
(2267, 716, 0, 'Grave Moss - Tranquil Gardens'),
(2268, 715, 0, 'Grave Moss - Raven Hill'),
(2269, 714, 0, 'Grave Moss - Stromgarde'),
(2270, 715, 0, 'Grave Moss - Raven Hill'),
(2271, 715, 0, 'Grave Moss - Raven Hill'),
(2272, 714, 0, 'Grave Moss - Stromgarde'),
(2273, 715, 0, 'Grave Moss - Raven Hill'),
(2274, 716, 0, 'Grave Moss - Tranquil Gardens'),
(2275, 714, 0, 'Grave Moss - Stromgarde'),
(2276, 714, 0, 'Grave Moss - Stromgarde'),
(2277, 714, 0, 'Grave Moss - Stromgarde'),
(2278, 716, 0, 'Grave Moss - Tranquil Gardens'),
(2279, 715, 0, 'Grave Moss - Raven Hill'),
(2280, 715, 0, 'Grave Moss - Raven Hill'),
(2281, 716, 0, 'Grave Moss - Tranquil Gardens'),
(2282, 715, 0, 'Grave Moss - Raven Hill'),
(2283, 715, 0, 'Grave Moss - Raven Hill'),
(2284, 715, 0, 'Grave Moss - Raven Hill'),
(2285, 715, 0, 'Grave Moss - Raven Hill'),
(2286, 715, 0, 'Grave Moss - Raven Hill'),
(2287, 715, 0, 'Grave Moss - Raven Hill'),
(2288, 715, 0, 'Grave Moss - Raven Hill'),
(2289, 715, 0, 'Grave Moss - Raven Hill'),
(2290, 715, 0, 'Grave Moss - Raven Hill'),
(2291, 714, 0, 'Grave Moss - Stromgarde'),
(2292, 714, 0, 'Grave Moss - Stromgarde'),
(2293, 714, 0, 'Grave Moss - Stromgarde'),
(2294, 715, 0, 'Grave Moss - Raven Hill'),
(2295, 715, 0, 'Grave Moss - Raven Hill'),
(2296, 716, 0, 'Grave Moss - Tranquil Gardens'),
(2297, 715, 0, 'Grave Moss - Raven Hill'),
(2298, 715, 0, 'Grave Moss - Raven Hill'),
(2299, 715, 0, 'Grave Moss - Raven Hill'),
(2300, 715, 0, 'Grave Moss - Raven Hill');

DELETE FROM `gameobject` WHERE `guid` BETWEEN 2255 AND 2300;
INSERT INTO `gameobject` (`guid`, `id`, `map`, `position_x`, `position_y`, `position_z`, `orientation`, `rotation0`, `rotation1`, `rotation2`, `rotation3`, `spawntimesecs`, `animprogress`, `state`) VALUES
(2255, 1628, 0, -10358, 237.704, 34.275, 1.828, 0, 0, 0, 0, 300, 100, 1),
(2256, 1628, 0, -10566, 228.783, 29.448, -1, 0, 0, -0.515038, 0.857167, 300, 100, 1),
(2257, 1628, 0, -10555, 442.748, 37.032, 1.713, 0, 0, 0, 0, 300, 100, 1),
(2258, 1628, 0, -10482, 203.278, 31.134, 6.02, 0, 0, 0, 0, 300, 100, 1),
(2259, 1628, 0, -10497, 175.283, 33.867, 5.657, 0, 0, 0, 0, 300, 100, 1),
(2260, 1628, 0, -11005, -1287, 53.089, 3.299, 0, 0, 0, 0, 300, 100, 1),
(2261, 1628, 0, -10357, 216.198, 33.128, 1.631, 0, 0, 0, 0, 300, 100, 1),
(2262, 1628, 0, -10334, 228.524, 32.802, 1.806, 0, 0, 0, 0, 300, 100, 1),
(2263, 1628, 0, -10427, 379.12, 44.265, 1.592, 0, 0, 0, 0, 300, 100, 1),
(2264, 1628, 0, -1498, -1847, 68.765, 4.896, 0, 0, 0, 0, 300, 100, 1),
(2265, 1628, 0, -10442.8, 221.964, 31.7509, 2.37364, 0, 0, 0.927183, 0.374608, 300, 100, 1),
(2266, 1628, 0, -11003, -1333.63, 51.9487, 4.452, 0, 0, 0, 0, 300, 100, 1),
(2267, 1628, 0, -11042, -1317, 53.6345, 4.089, 0, 0, 0, 0, 300, 100, 1),
(2268, 1628, 0, -10557, 226.468, 29.601, 5.66, 0, 0, 0, 0, 300, 100, 1),
(2269, 1628, 0, -1505, -1886, 68.427, 0.681, 0, 0, 0, 0, 300, 100, 1),
(2270, 1628, 0, -10550, 282.701, 28.836, 5.024, 0, 0, 0, 0, 300, 100, 1),
(2271, 1628, 0, -10536, 286.159, 30.364, 5.811, 0, 0, 0, 0, 300, 100, 1),
(2272, 1628, 0, -1513, -1915, 68.71, 4.779, 0, 0, 0, 0, 300, 100, 1),
(2273, 1628, 0, -10385.9, 386.973, 47.0414, 5.06146, 0, 0, -0.573576, 0.819152, 300, 100, 1),
(2274, 1628, 0, -11003, -1310, 53.2325, 4.342, 0, 0, 0, 0, 300, 100, 1),
(2275, 1628, 0, -1490, -1813, 68.075, 4.819, 0, 0, 0, 0, 300, 100, 1),
(2276, 1628, 0, -1500.25, -1885.15, 68.4893, 0.680677, 0, 0, 0.333806, 0.942642, 300, 100, 1),
(2277, 1628, 0, -1543, -1929, 69.172, 1.955, 0, 0, 0, 0, 300, 100, 1),
(2278, 1628, 0, -10955.6, -1294.24, 53.0903, -3.12414, 0, 0, 0.999962, -0.008727, 300, 100, 1),
(2279, 1628, 0, -10496, 239.712, 33.638, 4.901, 0, 0, 0, 0, 300, 100, 1),
(2280, 1628, 0, -10558, 212.365, 30.544, 6.224, 0, 0, 0, 0, 300, 100, 1),
(2281, 1628, 0, -10980, -1283, 52.884, 2.49, 0, 0, 0, 0, 300, 100, 1),
(2282, 1628, 0, -10507, 422.211, 37.043, 1.739, 0, 0, 0, 0, 300, 100, 1),
(2283, 1628, 0, -10526, 448.017, 36.824, 1.782, 0, 0, 0, 0, 300, 100, 1),
(2284, 1628, 0, -10544, 386.401, 31.249, 1.791, 0, 0, 0, 0, 300, 100, 1),
(2285, 1628, 0, -10450, 387.891, 41.737, 0.025, 0, 0, 0, 0, 300, 100, 1),
(2286, 1628, 0, -10546, 420.204, 36.51, 1.832, 0, 0, 0, 0, 300, 100, 1),
(2287, 1628, 0, -10520, 410.084, 34.314, 2.222, 0, 0, 0, 0, 300, 100, 1),
(2288, 1628, 0, -10438, 380.644, 45.286, 2.304, 0, 0, 0.913545, 0.406737, 300, 100, 1),
(2289, 1628, 0, -10396, 168.679, 35.232, 4.677, 0, 0, -0.601815, 0.798635, 300, 100, 1),
(2290, 1628, 0, -10496.2, 209.948, 32.2598, -2.77507, 0, 0, 0.983255, -0.182235, 300, 100, 1),
(2291, 1628, 0, -1492.62, -1855.8, 68.6593, 2.18166, 0, 0, 0.887011, 0.461749, 300, 100, 1),
(2292, 1628, 0, -1517.81, -1918.35, 68.7376, 2.32129, 0, 0, 0.91706, 0.39875, 300, 100, 1),
(2293, 1628, 0, -1497.07, -1835.2, 68.4011, 1.48353, 0, 0, 0.67559, 0.737278, 300, 100, 1),
(2294, 1628, 0, -10547, 269.901, 28.4756, 4.59022, 0, 0, -0.748956, 0.66262, 300, 100, 1),
(2295, 1628, 0, -10344.9, 227.065, 32.6557, 4.15388, 0, 0, -0.874619, 0.48481, 300, 100, 1),
(2296, 1628, 0, -11007.5, -1295.47, 53.5987, 5.21854, 0, 0, -0.507538, 0.861629, 300, 100, 1),
(2297, 1628, 0, -10539.9, 442.972, 38.0475, 1.22173, 0, 0, 0.573576, 0.819152, 300, 100, 1),
(2298, 1628, 0, -10586.7, 386.926, 32.3488, -2.79253, 0, 0, 0.984808, -0.173648, 300, 100, 1),
(2299, 1628, 0, -10495, 430.5, 38.0431, 0.593412, 0, 0, 0.292372, 0.956305, 300, 100, 1),
(2300, 1628, 0, -10536.1, 400.886, 32.0835, 0, 0, 0, 0, 0, 300, 100, 1);

UPDATE `gameobject` SET `ZoneId`=45 WHERE `guid` IN (2264,2269,2272,2275,2276,2277,2291,2292,2293);
UPDATE `gameobject` SET `ZoneId`=10 WHERE `guid` IN (2255,2256,2257,2258,2259,2261,2262,2263,2265,2268,2270,2271,2273,2279,2280,2282,2283,2284,2285,2286,2287,2288,2289,2290,2294,2295,2297,2298,2299,2300,2260,2266,2267,2274,2278,2281,2296);

-- Restore Desolace Ghost Mushroom
DELETE FROM `pool_template` WHERE `entry`=680;
INSERT INTO `pool_template` (`entry`, `max_limit`, `description`) VALUES
(680, 4, 'Ghost Mushroom in Desolace');

DELETE FROM `pool_gameobject` WHERE `pool_entry`=680;
INSERT INTO `pool_gameobject` (`guid`, `pool_entry`, `chance`, `description`) VALUES 
(2058, 680, 0, 'Ghost Mushroom - Desolace'),
(2059, 680, 0, 'Ghost Mushroom - Desolace'),
(2060, 680, 0, 'Ghost Mushroom - Desolace'),
(2061, 680, 0, 'Ghost Mushroom - Desolace'),
(2062, 680, 0, 'Ghost Mushroom - Desolace'),
(2063, 680, 0, 'Ghost Mushroom - Desolace'),
(2064, 680, 0, 'Ghost Mushroom - Desolace'),
(2065, 680, 0, 'Ghost Mushroom - Desolace'),
(2066, 680, 0, 'Ghost Mushroom - Desolace'),
(2067, 680, 0, 'Ghost Mushroom - Desolace'),
(2068, 680, 0, 'Ghost Mushroom - Desolace'),
(2069, 680, 0, 'Ghost Mushroom - Desolace'),
(2070, 680, 0, 'Ghost Mushroom - Desolace');

DELETE FROM `gameobject` WHERE `guid` BETWEEN 2058 AND 2070;
INSERT INTO `gameobject` (`guid`, `id`, `map`, `zoneId`, `areaId`, `spawnMask`, `phaseMask`, `position_x`, `position_y`, `position_z`, `orientation`, `rotation0`, `rotation1`, `rotation2`, `rotation3`, `spawntimesecs`, `animprogress`, `state`, `ScriptName`, `VerifiedBuild`) VALUES
(2058, 142144, 1, 405, 607, 1, 1, -1190.75, 2932.62, 77.6618, -0.767945, 0, 0, 0.374607, -0.927184, 2700, 100, 1, '', 0),
(2059, 142144, 1, 405, 2100, 1, 1, -1455, 2957.73, 123.418, -1, 0, 0, -0.34202, 0.939693, 2700, 100, 1, '', 0),
(2060, 142144, 1, 405, 607, 1, 1, -1427, 2782.11, 112.419, 1.414, 0, 0, 0.649448, 0.760406, 2700, 100, 1, '', 0),
(2061, 142144, 1, 405, 2100, 1, 1, -1300, 2915.14, 88.297, 2.059, 0, 0, 0.857167, 0.515038, 2700, 100, 1, '', 0),
(2062, 142144, 1, 405, 2100, 1, 1, -1444.11, 2787, 93.5777, 1.41372, 0, 0, 0.649448, 0.760406, 2700, 100, 1, '', 0),
(2063, 142144, 1, 405, 607, 1, 1, -1169, 2923.8, 143.438, -1, 0, 0, -0.453991, 0.891006, 2700, 100, 1, '', 0),
(2064, 142144, 1, 405, 607, 1, 1, -1276, 2995.79, 73.339, -2, 0, 0, -0.894934, 0.446198, 2700, 100, 1, '', 0),
(2065, 142144, 1, 405, 607, 1, 1, -1516, 2886.97, 113.888, 1.204, 0, 0, 0.566406, 0.824126, 2700, 100, 1, '', 0),
(2066, 142144, 1, 405, 607, 1, 1, -1365, 2876.25, 76.388, -2, 0, 0, -0.87462, 0.48481, 2700, 100, 1, '', 0),
(2067, 142144, 1, 405, 607, 1, 1, -1443.13, 2864.16, 87.9732, -1.25664, 0, 0, 0.587785, -0.809017, 2700, 100, 1, '', 0),
(2068, 142144, 1, 405, 607, 1, 1, -1370.94, 2878.47, 76.912, -2.1293, 0, 0, 0.87462, -0.48481, 2700, 100, 1, '', 0),
(2069, 142144, 1, 405, 607, 1, 1, -1199.4, 2971.74, 64.6476, -0.942478, 0, 0, 0.453991, -0.891006, 2700, 100, 1, '', 0),
(2070, 142144, 1, 405, 607, 1, 1, -1255.65, 2933.59, 74.1313, 2.05949, 0, 0, 0, 1, 2700, 100, 1, '', 0);

-- Delete old unpooled nodes
DELETE FROM `gameobject` WHERE `id` IN (1618, 3724, 1617, 3725, 1620, 3727, 1619, 3726, 1621, 3729, 1622, 3730, 2045, 1623, 1628, 1624, 2041, 2042, 2046, 2043, 2044, 2866, 142140, 142141, 176642, 142142, 176636, 142143, 183046, 142144, 142145, 176637, 176583, 176638, 176584, 176639, 176586, 176640, 176587, 176641, 176588) AND `position_z`<1200 AND `map` IN (0, 1) AND `guid` NOT IN (SELECT `guid` FROM `pool_gameobject` WHERE `pool_entry` BETWEEN 489 AND 716);

-- Remove non-sensical spawns
DELETE FROM `gameobject` WHERE `guid` IN (82447, 82417);
DELETE FROM `pool_gameobject` WHERE `guid` IN (82447, 82417);

-- Update unreachable nodes
UPDATE `gameobject` SET `position_z`=-4.4 WHERE `guid`=78786;
