-- Earth shield heal is DAMAGE_CLASS_NONE, it won't scale
-- Entry is unneeded
DELETE FROM `spell_bonus_data` WHERE `entry`=379;

ALTER TABLE `spell_proc`
    CHANGE `spellId` `SpellId` int(11) NOT NULL DEFAULT 0 FIRST,
    CHANGE `schoolMask` `SchoolMask` tinyint(3) unsigned NOT NULL DEFAULT 0 AFTER `SpellId`,
    CHANGE `spellFamilyName` `SpellFamilyName` smallint(5) unsigned NOT NULL DEFAULT 0 AFTER `SchoolMask`,
    CHANGE `spellFamilyMask0` `SpellFamilyMask0` int(10) unsigned NOT NULL DEFAULT 0 AFTER `SpellFamilyName`,
    CHANGE `spellFamilyMask1` `SpellFamilyMask1` int(10) unsigned NOT NULL DEFAULT 0 AFTER `SpellFamilyMask0`,
    CHANGE `spellFamilyMask2` `SpellFamilyMask2` int(10) unsigned NOT NULL DEFAULT 0 AFTER `SpellFamilyMask1`,
    CHANGE `typeMask` `ProcFlags` int(10) unsigned NOT NULL DEFAULT 0 AFTER `SpellFamilyMask2`,
    CHANGE `spellTypeMask` `SpellTypeMask` int(10) unsigned NOT NULL DEFAULT 0 AFTER `ProcFlags`,
    CHANGE `spellPhaseMask` `SpellPhaseMask` int(10) unsigned NOT NULL DEFAULT 0 AFTER `SpellTypeMask`,
    CHANGE `hitMask` `HitMask` int(10) unsigned NOT NULL DEFAULT 0 AFTER `SpellPhaseMask`,
    CHANGE `attributesMask` `AttributesMask` int(10) unsigned NOT NULL DEFAULT 0 AFTER `HitMask`,
    CHANGE `ratePerMinute` `ProcsPerMinute` float NOT NULL DEFAULT 0 AFTER `AttributesMask`,
    CHANGE `chance` `Chance` float NOT NULL DEFAULT 0 AFTER `ProcsPerMinute`,
    CHANGE `cooldown` `Cooldown` int(10) unsigned NOT NULL DEFAULT 0 AFTER `Chance`,
    CHANGE `charges` `Charges` tinyint(3) unsigned NOT NULL DEFAULT 0 AFTER `Cooldown`;

DELETE FROM `command` WHERE `name`='reload spell_proc_event';

DELETE FROM `spell_proc`;
INSERT INTO `spell_proc` (`SpellId`, `SchoolMask`, `SpellFamilyName`, `SpellFamilyMask0`, `SpellFamilyMask1`, `SpellFamilyMask2`, `ProcFlags`, `SpellTypeMask`, `SpellPhaseMask`, `HitMask`, `AttributesMask`, `ProcsPerMinute`, `Chance`, `Cooldown`, `Charges`) VALUES
(17941, 0, 5, 1, 0, 0, 65536, 1, 1, 0, 8, 0, 0, 0, 1),
(18820, 0, 0, 0, 0, 0, 0, 7, 1, 0, 0, 0, 0, 0, 1),
(22008, 0, 3, 1631584309, 0, 0, 69632, 5, 1, 0, 0, 0, 0, 0, 1),
(28200, 0, 0, 0, 0, 0, 0, 3, 1, 0, 0, 0, 0, 0, 6),
(-7001, 0, 0, 0, 0, 0, 0, 1, 0, 0, 2, 0, 0, 0, 0),
(32216, 0, 4, 0, 256, 0, 16, 1, 4, 0, 0, 0, 0, 0, 1),
(34477, 0, 0, 0, 0, 0, 0, 5, 2, 0, 0, 0, 0, 0, 1),
(34936, 0, 5, 1, 64, 0, 65536, 1, 1, 0, 8, 0, 0, 0, 1),
(44401, 0, 3, 2048, 0, 0, 65536, 5, 1, 0, 8, 0, 0, 0, 1),
(48108, 0, 3, 4194304, 0, 0, 65536, 1, 1, 0, 8, 0, 0, 0, 1),
(51124, 0, 15, 2, 6, 0, 65552, 1, 4, 0, 8, 0, 0, 0, 1),
(54741, 0, 3, 4, 0, 0, 65536, 5, 1, 0, 0, 0, 0, 0, 1),
(57761, 0, 3, 1, 4096, 0, 65536, 1, 1, 0, 8, 0, 0, 0, 1),
(64823, 0, 7, 4, 0, 0, 65536, 1, 1, 0, 0, 0, 0, 0, 1),
(-974, 0, 0, 0, 0, 0, 0, 1, 0, 0, 2, 0, 0, 3000, 0),
(-10400, 0, 0, 0, 0, 0, 0, 1, 2, 0, 0, 0, 0, 0, 0),
(-11119, 4, 3, 0, 0, 0, 0, 1, 2, 2, 0, 0, 0, 0, 0),
(-11185, 0, 3, 128, 0, 0, 65536, 1, 2, 0, 2, 0, 0, 0, 0),
(-12834, 0, 0, 0, 0, 0, 0, 1, 2, 2, 0, 0, 0, 0, 0),
(-13983, 0, 0, 0, 0, 0, 0, 0, 0, 24, 0, 0, 0, 1000, 0),
(-14156, 0, 8, 4063232, 9, 0, 0, 0, 4, 0, 0, 0, 0, 0, 0),
(-15337, 0, 6, 8396800, 2, 0, 0, 1, 2, 2, 2, 0, 0, 0, 0),
(-16180, 0, 11, 448, 0, 16, 0, 2, 2, 2, 0, 0, 0, 0, 0),
(-18094, 0, 5, 10, 0, 0, 0, 1, 2, 0, 0, 0, 0, 0, 0),
(-47230, 0, 0, 0, 0, 0, 0, 1, 2, 0, 2, 0, 0, 0, 0),
(-20234, 0, 10, 32768, 0, 0, 0, 2, 2, 0, 0, 0, 0, 0, 0),
(-20335, 0, 10, 8388608, 0, 0, 16, 5, 2, 0, 0, 0, 100, 0, 0),
(-27243, 0, 0, 0, 0, 0, 0, 1, 0, 0, 0, 0, 0, 0, 0),
(-29441, 0, 0, 0, 0, 0, 0, 7, 0, 8, 0, 0, 0, 1000, 0),
(-29723, 0, 4, 0, 0, 0, 0, 1, 2, 0, 0, 0, 0, 0, 0),
(-29834, 0, 0, 0, 0, 0, 0, 5, 0, 0, 0, 0, 0, 0, 0),
(-30293, 0, 5, 385, 8519872, 0, 0, 1, 2, 0, 0, 0, 0, 0, 0),
(-30675, 0, 11, 3, 0, 0, 0, 1, 2, 0, 0, 0, 0, 0, 0),
(-31244, 0, 8, 3801088, 9, 0, 0, 5, 2, 11196, 0, 0, 0, 0, 0),
(-31571, 0, 3, 0, 34, 0, 16384, 7, 4, 0, 2, 0, 0, 0, 0),
(-31785, 0, 0, 0, 0, 0, 0, 2, 0, 0, 0, 0, 0, 0, 0),
(-31871, 0, 10, 16, 0, 0, 16384, 4, 2, 0, 0, 0, 0, 0, 0),
(-31876, 0, 10, 8388608, 0, 0, 0, 1, 2, 0, 0, 0, 0, 0, 0),
(-34497, 0, 9, 395264, 8388609, 513, 0, 1, 2, 2, 0, 0, 0, 0, 0),
(-34914, 0, 6, 8192, 0, 0, 0, 1, 0, 0, 0, 0, 0, 0, 0),
(-44404, 0, 3, 536870945, 36864, 0, 0, 1, 2, 0, 0, 0, 0, 0, 0),
(-44445, 0, 3, 19, 69632, 0, 0, 1, 2, 0, 0, 0, 0, 0, 0),
(-44546, 0, 3, 736, 4096, 0, 69632, 0, 2, 0, 0, 0, 0, 0, 0),
(-46913, 0, 4, 64, 1028, 0, 0, 0, 2, 0, 0, 0, 0, 0, 0),
(-46951, 0, 4, 1024, 64, 0, 0, 0, 2, 0, 0, 0, 0, 0, 0),
(-47569, 0, 6, 16384, 0, 0, 16384, 4, 2, 0, 0, 0, 0, 0, 0),
(-48979, 0, 0, 0, 0, 0, 0, 0, 0, 0, 1, 0, 0, 0, 0),
(-49015, 0, 0, 0, 0, 0, 0, 0, 0, 0, 1, 0, 0, 0, 0),
(-49018, 0, 15, 20971520, 0, 0, 0, 1, 2, 0, 0, 0, 0, 0, 0),
(-49182, 0, 15, 0, 0, 0, 0, 0, 2, 0, 0, 0, 0, 0, 0),
(-49188, 0, 15, 0, 131072, 0, 0, 0, 2, 0, 0, 0, 0, 0, 0),
(-49208, 0, 15, 4194304, 65536, 0, 0, 0, 2, 0, 0, 0, 0, 0, 0),
(-49467, 0, 15, 16, 131072, 0, 0, 0, 2, 0, 0, 0, 0, 0, 0),
(-51459, 0, 0, 0, 0, 0, 4, 0, 0, 0, 0, 0, 0, 0, 0),
(-51474, 0, 0, 0, 0, 0, 0, 0, 0, 0, 0, 0, 0, 0, 0),
(-51525, 0, 11, 0, 0, 0, 0, 1, 2, 0, 0, 0, 0, 0, 0),
(-51556, 0, 11, 192, 0, 16, 0, 2, 2, 2, 0, 0, 0, 0, 0),
(-51625, 0, 8, 268476416, 0, 0, 0, 5, 2, 0, 2, 0, 0, 0, 0),
(-51627, 0, 0, 0, 0, 0, 0, 0, 0, 112, 0, 0, 0, 0, 0),
(-51664, 0, 8, 131072, 8, 0, 0, 1, 2, 0, 0, 0, 0, 0, 0),
(-53178, 0, 9, 0, 268435456, 0, 65536, 4, 2, 0, 0, 0, 100, 0, 0),
(-53228, 0, 9, 32, 16777216, 0, 0, 4, 2, 0, 0, 0, 0, 0, 0),
(-53290, 0, 9, 2048, 1, 512, 0, 1, 2, 2, 2, 0, 0, 0, 0),
(-53380, 0, 10, 8388608, 163840, 0, 0, 1, 2, 2, 2, 0, 0, 0, 0),
(-53501, 0, 0, 0, 0, 0, 0, 2, 2, 2, 0, 0, 0, 0, 0),
(-53569, 0, 10, 1075838976, 65536, 0, 0, 3, 2, 0, 2, 0, 0, 0, 0),
(-53695, 0, 10, 8388608, 0, 8, 16, 5, 2, 0, 2, 0, 0, 0, 0),
(-54639, 0, 15, 4194304, 65536, 0, 0, 0, 2, 0, 0, 0, 0, 0, 0),
(-54747, 0, 0, 0, 0, 0, 0, 0, 0, 0, 0, 0, 0, 0, 0),
(-59088, 0, 4, 0, 2, 0, 1024, 4, 4, 0, 0, 0, 0, 0, 0),
(-61680, 0, 9, 0, 268435456, 0, 0, 1, 2, 2, 0, 0, 0, 0, 0),
(-62764, 0, 9, 0, 268435456, 0, 65536, 4, 2, 0, 0, 0, 100, 0, 0),
(-63156, 0, 5, 1, 192, 0, 0, 1, 2, 0, 0, 0, 0, 0, 0),
(-63373, 0, 11, 2147483648, 0, 0, 65536, 1, 2, 0, 0, 0, 0, 0, 0),
(-64127, 0, 6, 1, 1, 0, 0, 6, 2, 0, 0, 0, 0, 0, 0),
(-65661, 0, 15, 4194321, 537001988, 0, 16, 1, 2, 0, 0, 0, 100, 0, 0),
(1719, 0, 4, 778044484, 4212549, 0, 0, 1, 2, 0, 8, 0, 0, 0, 0),
(11129, 4, 3, 146800663, 200776, 0, 0, 1, 2, 0, 0, 0, 0, 0, 0),
(12536, 0, 3, 549591799, 168000, 0, 0, 0, 1, 0, 12, 0, 0, 0, 0),
(15286, 32, 6, 41984016, 9218, 8, 0, 1, 2, 0, 2, 0, 0, 0, 0),
(16246, 0, 11, 2551185859, 5120, 16, 0, 0, 1, 0, 12, 0, 0, 0, 0),
(16864, 0, 0, 0, 0, 0, 0, 0, 2, 0, 0, 0, 6, 0, 0),
(16870, 0, 7, 14924799, 126879699, 263168, 0, 0, 1, 0, 12, 0, 0, 0, 0),
(17619, 0, 13, 0, 0, 0, 34816, 7, 0, 0, 0, 0, 0, 0, 0),
(20185, 0, 0, 0, 0, 0, 0, 1, 0, 0, 0, 15, 0, 0, 0),
(20186, 0, 0, 0, 0, 0, 0, 1, 0, 0, 0, 15, 0, 0, 0),
(22007, 0, 3, 2097185, 0, 0, 0, 1, 2, 0, 0, 0, 0, 0, 0),
(24658, 0, 0, 0, 0, 0, 87376, 7, 2, 0, 0, 0, 0, 0, 0),
(24932, 0, 0, 0, 0, 0, 0, 1, 2, 2, 0, 0, 0, 0, 0),
(26169, 0, 6, 0, 0, 0, 0, 2, 2, 0, 0, 0, 0, 0, 0),
(26467, 0, 0, 0, 0, 0, 0, 2, 2, 0, 0, 0, 0, 0, 0),
(28719, 0, 7, 32, 0, 0, 0, 2, 2, 2, 0, 0, 0, 0, 0),
(28744, 0, 7, 64, 0, 0, 278528, 2, 2, 0, 0, 0, 0, 0, 0),
(28789, 0, 10, 3221225472, 0, 0, 0, 2, 2, 0, 0, 0, 0, 0, 0),
(28809, 0, 6, 4096, 0, 0, 0, 2, 2, 2, 0, 0, 0, 0, 0),
(28823, 0, 11, 192, 0, 0, 0, 2, 2, 0, 0, 0, 0, 0, 0),
(28845, 0, 0, 0, 0, 0, 0, 1, 0, 0, 0, 0, 0, 0, 0),
(28847, 0, 7, 32, 0, 0, 0, 2, 2, 0, 0, 0, 0, 0, 0),
(28849, 0, 11, 128, 0, 0, 0, 2, 2, 0, 0, 0, 0, 0, 0),
(29601, 0, 0, 0, 0, 0, 0, 0, 2, 0, 4, 0, 0, 0, 0),
(32863, 0, 0, 0, 0, 0, 0, 1, 0, 0, 0, 0, 0, 0, 0),
(36123, 0, 0, 0, 0, 0, 0, 1, 0, 0, 0, 0, 0, 0, 0),
(38252, 0, 0, 0, 0, 0, 0, 1, 0, 0, 0, 0, 0, 0, 0),
(39367, 0, 0, 0, 0, 0, 0, 1, 0, 0, 0, 0, 0, 0, 0),
(44141, 0, 0, 0, 0, 0, 0, 1, 0, 0, 0, 0, 0, 0, 0),
(70388, 0, 0, 0, 0, 0, 0, 1, 0, 0, 0, 0, 0, 0, 0),
(30823, 0, 0, 0, 0, 0, 0, 1, 2, 0, 0, 10, 0, 0, 0),
(31801, 0, 0, 0, 0, 0, 0, 1, 2, 0, 2, 0, 0, 0, 0),
(32409, 0, 0, 0, 8192, 0, 0, 0, 0, 0, 0, 0, 0, 0, 0),
(33757, 0, 0, 0, 0, 0, 0, 1, 2, 0, 0, 0, 0, 3000, 0),
(37288, 0, 7, 0, 0, 0, 0, 2, 2, 0, 0, 0, 0, 0, 0),
(37295, 0, 7, 0, 0, 0, 0, 1, 2, 0, 0, 0, 0, 0, 0),
(37381, 0, 0, 0, 0, 0, 0, 1, 2, 0, 2, 0, 0, 0, 0),
(37377, 32, 5, 0, 0, 0, 0, 1, 2, 0, 0, 0, 0, 0, 0),
(39437, 4, 5, 0, 0, 0, 0, 1, 2, 0, 0, 0, 0, 0, 0),
(37168, 0, 8, 4063232, 9, 0, 0, 0, 4, 0, 0, 0, 0, 0, 0),
(37594, 0, 6, 4096, 0, 0, 0, 2, 2, 0, 0, 0, 0, 0, 0),
(38164, 0, 0, 0, 0, 0, 0, 1, 2, 0, 0, 0, 0, 0, 0),
(39372, 48, 0, 0, 0, 0, 0, 1, 2, 0, 0, 0, 0, 0, 0),
(40442, 0, 7, 20, 1088, 0, 0, 7, 1, 0, 0, 0, 0, 0, 0),
(40463, 0, 11, 129, 16, 0, 0, 3, 2, 0, 0, 0, 0, 0, 0),
(40470, 0, 10, 3229614080, 0, 0, 0, 3, 2, 0, 0, 0, 0, 0, 0),
(40971, 0, 0, 0, 0, 0, 0, 2, 2, 0, 0, 0, 0, 0, 0),
(42770, 0, 0, 0, 0, 0, 0, 5, 0, 0, 0, 0, 0, 0, 0),
(45057, 0, 0, 0, 0, 0, 0, 1, 0, 0, 0, 0, 0, 30000, 0),
(46916, 0, 4, 2097152, 0, 0, 0, 0, 4, 0, 2, 0, 0, 0, 0),
(47383, 0, 5, 0, 192, 0, 0, 0, 1, 0, 8, 0, 0, 0, 0),
(71162, 0, 5, 0, 192, 0, 0, 0, 1, 0, 8, 0, 0, 0, 0),
(71165, 0, 5, 0, 192, 0, 0, 0, 1, 0, 8, 0, 0, 0, 0),
(49005, 0, 0, 0, 0, 0, 0, 1, 2, 0, 0, 0, 0, 0, 0),
(49028, 0, 0, 0, 0, 0, 0, 5, 2, 0, 0, 0, 0, 0, 0),
(49194, 0, 15, 0, 0, 1, 0, 1, 2, 0, 0, 0, 0, 0, 0),
(49222, 0, 0, 0, 0, 0, 139944, 1, 0, 0, 0, 0, 0, 2000, 0),
(49796, 0, 15, 2, 131078, 0, 0, 0, 4, 0, 8, 0, 0, 0, 0),
(51209, 0, 0, 0, 0, 0, 0, 0, 0, 0, 0, 0, 0, 0, 0),
(51528, 0, 0, 0, 0, 0, 0, 1, 2, 0, 0, 4, 0, 0, 0),
(51529, 0, 0, 0, 0, 0, 0, 1, 2, 0, 0, 8, 0, 0, 0),
(51530, 0, 0, 0, 0, 0, 0, 1, 2, 0, 0, 12, 0, 0, 0),
(51531, 0, 0, 0, 0, 0, 0, 1, 2, 0, 0, 16, 0, 0, 0),
(51532, 0, 0, 0, 0, 0, 0, 1, 2, 0, 0, 20, 0, 0, 0),
(51698, 0, 0, 0, 0, 0, 0, 3, 4, 2, 0, 0, 33, 0, 0),
(51700, 0, 0, 0, 0, 0, 0, 3, 4, 2, 0, 0, 66, 0, 0),
(51701, 0, 0, 0, 0, 0, 0, 3, 4, 2, 0, 0, 100, 0, 0),
(52420, 0, 0, 0, 0, 0, 0, 1, 0, 0, 0, 0, 0, 30000, 0),
(52437, 1, 4, 536870912, 0, 0, 16, 0, 4, 0, 0, 0, 0, 0, 0),
(53601, 0, 0, 0, 0, 0, 1048576, 0, 0, 0, 0, 0, 0, 0, 0),
(53736, 0, 0, 0, 0, 0, 0, 1, 2, 0, 2, 0, 0, 0, 0),
(54274, 0, 5, 357, 131264, 0, 0, 0, 1, 0, 8, 0, 0, 0, 0),
(54276, 0, 5, 357, 131264, 0, 0, 0, 1, 0, 8, 0, 0, 0, 0),
(54277, 0, 5, 357, 131264, 0, 0, 0, 1, 0, 8, 0, 0, 0, 0),
(54748, 0, 0, 0, 0, 0, 0, 0, 0, 259, 0, 0, 0, 0, 0),
(54815, 0, 7, 32768, 0, 0, 16, 1, 2, 0, 0, 0, 0, 0, 0),
(54821, 0, 7, 4096, 0, 0, 16, 1, 2, 0, 0, 0, 0, 0, 0),
(54832, 0, 7, 0, 4096, 0, 16384, 4, 2, 0, 0, 0, 0, 0, 0),
(54845, 0, 7, 4, 0, 0, 65536, 1, 2, 0, 0, 0, 0, 0, 0),
(54937, 0, 10, 2147483648, 0, 0, 0, 2, 2, 0, 0, 0, 0, 0, 0),
(54939, 0, 10, 32768, 0, 0, 0, 0, 2, 0, 0, 0, 0, 0, 0),
(55198, 0, 11, 448, 0, 0, 16384, 2, 2, 2, 0, 0, 0, 0, 3),
(55440, 0, 11, 64, 0, 0, 0, 2, 2, 0, 0, 0, 0, 0, 0),
(55677, 0, 6, 0, 1, 0, 0, 4, 2, 0, 0, 0, 0, 0, 0),
(56372, 0, 3, 0, 128, 0, 16384, 4, 2, 0, 0, 0, 0, 0, 0),
(56374, 0, 3, 0, 16384, 0, 16384, 4, 2, 0, 0, 0, 0, 0, 0),
(56375, 0, 3, 16777216, 0, 0, 65536, 4, 2, 2049, 0, 0, 0, 0, 0),
(56800, 0, 8, 4, 0, 0, 16, 1, 2, 0, 0, 0, 0, 0, 0),
(58375, 0, 4, 0, 512, 0, 16, 1, 2, 0, 0, 0, 0, 0, 0),
(58642, 0, 15, 0, 134217728, 0, 16, 1, 2, 0, 0, 0, 0, 0, 0),
(58677, 0, 15, 8192, 0, 0, 0, 2, 2, 0, 2, 0, 0, 0, 0),
(58877, 0, 0, 0, 0, 0, 0, 0, 0, 0, 0, 0, 0, 0, 0),
(59906, 0, 0, 0, 0, 0, 0, 0, 0, 0, 1, 0, 0, 0, 0),
(59915, 0, 0, 0, 0, 0, 0, 0, 0, 0, 0, 0, 0, 0, 0),
(37447, 0, 3, 0, 256, 0, 16384, 4, 2, 0, 0, 0, 0, 0, 0),
(61062, 0, 3, 0, 256, 0, 16384, 4, 2, 0, 0, 0, 0, 0, 0),
(61257, 0, 0, 0, 0, 0, 0, 5, 0, 0, 0, 0, 0, 0, 0),
(62259, 0, 15, 33554432, 0, 0, 0, 0, 0, 0, 1, 0, 0, 0, 0),
(62600, 0, 0, 0, 0, 0, 0, 1, 2, 2, 0, 0, 0, 0, 0),
(62606, 0, 0, 0, 0, 0, 0, 0, 0, 1027, 0, 0, 0, 0, 0),
(63279, 0, 11, 0, 1024, 0, 0, 4, 2, 0, 0, 0, 0, 0, 0),
(63280, 0, 11, 536870912, 0, 0, 0, 0, 1, 0, 2, 0, 0, 0, 0),
(63320, 0, 5, 2147745792, 0, 32768, 1024, 7, 2, 0, 0, 0, 0, 0, 0),
(64890, 0, 10, 0, 65536, 0, 0, 2, 2, 2, 2, 0, 0, 0, 0),
(64928, 0, 11, 1, 0, 0, 0, 1, 2, 2, 0, 0, 0, 0, 0),
(65032, 0, 0, 0, 0, 0, 0, 0, 0, 0, 0, 0, 0, 0, 0),
(67228, 0, 11, 0, 4096, 0, 0, 1, 2, 0, 0, 0, 0, 0, 0),
(69755, 0, 0, 0, 0, 0, 0, 7, 2, 0, 0, 0, 0, 45000, 0),
(69739, 0, 0, 0, 0, 0, 0, 7, 2, 0, 0, 0, 0, 45000, 0),
(69762, 0, 0, 0, 0, 0, 87040, 0, 1, 0, 256, 0, 0, 0, 0),
(70723, 0, 7, 5, 0, 0, 0, 1, 2, 2, 0, 0, 0, 0, 0),
(70770, 0, 6, 2048, 0, 0, 0, 2, 2, 0, 0, 0, 0, 0, 0),
(70805, 0, 8, 0, 131072, 0, 0, 4, 2, 0, 0, 0, 0, 0, 0),
(70808, 0, 11, 256, 0, 0, 0, 2, 2, 2, 0, 0, 0, 0, 0),
(70817, 0, 11, 0, 4096, 0, 65536, 1, 2, 0, 0, 0, 0, 0, 0),
(70844, 0, 4, 256, 0, 0, 0, 0, 2, 0, 0, 0, 0, 0, 0),
(70672, 0, 0, 0, 0, 0, 0, 0, 0, 12287, 0, 0, 0, 0, 0),
(72455, 0, 0, 0, 0, 0, 0, 0, 0, 12287, 0, 0, 0, 0, 0),
(72832, 0, 0, 0, 0, 0, 0, 0, 0, 12287, 0, 0, 0, 0, 0),
(72833, 0, 0, 0, 0, 0, 0, 0, 0, 12287, 0, 0, 0, 0, 0),
(71756, 4, 0, 0, 0, 0, 0, 1, 2, 0, 2, 0, 0, 0, 0),
(72782, 4, 0, 0, 0, 0, 0, 1, 2, 0, 2, 0, 0, 0, 0),
(72783, 4, 0, 0, 0, 0, 0, 1, 2, 0, 2, 0, 0, 0, 0),
(72784, 4, 0, 0, 0, 0, 0, 1, 2, 0, 2, 0, 0, 0, 0),
(71406, 0, 0, 0, 0, 0, 0, 1, 2, 0, 2, 0, 50, 0, 0),
(71545, 0, 0, 0, 0, 0, 0, 1, 2, 0, 2, 0, 50, 0, 0),
(71880, 0, 0, 0, 0, 0, 0, 1, 2, 0, 0, 1, 0, 0, 0),
(71892, 0, 0, 0, 0, 0, 0, 1, 2, 0, 0, 1, 0, 0, 0),
(71519, 0, 0, 0, 0, 0, 0, 1, 2, 0, 0, 0, 0, 105000, 0),
(71562, 0, 0, 0, 0, 0, 0, 1, 2, 0, 0, 0, 0, 105000, 0),
(71564, 126, 0, 0, 0, 0, 0, 3, 2, 2, 0, 0, 0, 0, 5),
(71634, 0, 0, 0, 0, 0, 0, 1, 0, 0, 0, 0, 0, 30000, 0),
(71640, 0, 0, 0, 0, 0, 0, 1, 0, 0, 0, 0, 0, 30000, 0),
(71761, 0, 3, 0, 1048576, 0, 0, 5, 2, 256, 0, 0, 0, 0, 0),
(71770, 0, 0, 0, 0, 0, 0, 0, 0, 0, 0, 0, 0, 0, 0),
(72176, 0, 0, 0, 0, 0, 0, 1, 2, 0, 0, 0, 0, 0, 0),
(75475, 0, 0, 0, 0, 0, 0, 1, 0, 0, 0, 0, 0, 45000, 0),
(75481, 0, 0, 0, 0, 0, 0, 1, 0, 0, 0, 0, 0, 45000, 0),
(-66799, 0, 15, 4194304, 0, 0, 0, 0, 2, 0, 0, 0, 0, 0, 0),
(-63730, 0, 6, 2048, 4, 0, 0, 0, 2, 0, 0, 0, 0, 0, 0),
(-58872, 0, 0, 0, 0, 0, 0, 1, 0, 8259, 0, 0, 0, 0, 0),
(-57878, 0, 0, 0, 0, 0, 0, 1, 0, 16, 0, 0, 0, 0, 0),
(-57470, 0, 6, 1, 0, 0, 0, 0, 2, 0, 0, 0, 0, 15000, 0),
(-56342, 0, 9, 24, 134217728, 147456, 0, 0, 4, 0, 2, 0, 0, 0, 0),
(-55666, 0, 15, 1, 134217728, 0, 0, 0, 2, 0, 0, 0, 0, 0, 0),
(-53709, 2, 10, 16384, 0, 0, 0, 0, 2, 0, 0, 0, 0, 0, 0),
(-53671, 0, 10, 8388608, 0, 0, 0, 0, 2, 0, 0, 0, 0, 0, 0),
(-53551, 0, 10, 4096, 0, 0, 0, 0, 2, 0, 0, 0, 0, 0, 0),
(-53527, 1, 10, 0, 0, 4, 1024, 0, 2, 1, 0, 0, 100, 0, 0),
(-53486, 0, 10, 8388608, 163840, 0, 0, 0, 2, 2, 2, 0, 0, 0, 0),
(-53256, 0, 9, 2048, 8388609, 0, 0, 0, 2, 2, 0, 0, 0, 0, 0),
(-53234, 0, 9, 131072, 1, 1, 0, 0, 2, 2, 0, 0, 0, 0, 0),
(-53221, 0, 9, 0, 1, 0, 0, 0, 2, 0, 0, 0, 0, 0, 0),
(-53215, 0, 9, 1, 0, 0, 0, 0, 2, 0, 0, 0, 0, 0, 0),
(-52795, 0, 6, 1, 0, 0, 0, 0, 2, 0, 0, 0, 0, 0, 0),
(-52127, 0, 0, 0, 0, 0, 0, 1, 0, 0, 2, 0, 0, 3000, 0),
(-51940, 0, 0, 0, 0, 0, 0, 2, 2, 0, 0, 0, 0, 0, 0),
(-51692, 0, 8, 516, 0, 0, 0, 0, 2, 0, 0, 0, 0, 0, 0),
(-51672, 0, 0, 0, 0, 0, 0, 0, 0, 16, 0, 0, 0, 1000, 0),
(-51634, 0, 0, 0, 0, 0, 0, 1, 2, 2, 2, 0, 0, 0, 0),
(-51562, 0, 11, 256, 0, 16, 0, 0, 2, 0, 0, 0, 0, 0, 0),
(-51523, 0, 11, 0, 1, 0, 65536, 0, 2, 0, 0, 0, 50, 0, 0),
(-51521, 0, 11, 0, 16777216, 0, 0, 0, 1, 0, 0, 0, 0, 0, 0),
(-50880, 0, 15, 0, 67108864, 0, 0, 0, 2, 0, 2, 0, 0, 0, 0),
(-49223, 0, 15, 17, 134348800, 0, 0, 0, 2, 0, 0, 0, 0, 0, 0),
(-49219, 0, 0, 0, 0, 0, 4, 0, 0, 0, 0, 0, 0, 0, 0),
(-49149, 0, 15, 6, 131074, 0, 0, 0, 2, 0, 0, 0, 0, 0, 0),
(-49027, 0, 0, 0, 0, 0, 0, 1, 2, 0, 0, 0, 0, 20000, 0),
(-49004, 0, 0, 0, 0, 0, 0, 0, 0, 51, 0, 0, 0, 0, 0),
(-48988, 0, 0, 0, 0, 0, 0, 1, 2, 2, 0, 0, 0, 0, 0),
(-48516, 0, 7, 5, 0, 0, 0, 0, 2, 2, 0, 0, 0, 0, 0),
(-48506, 0, 7, 5, 0, 0, 0, 0, 2, 0, 0, 0, 0, 0, 0),
(-48496, 0, 7, 96, 33554434, 0, 0, 0, 2, 2, 0, 0, 0, 0, 0),
(-48483, 0, 7, 34816, 1088, 0, 0, 0, 2, 0, 0, 0, 0, 0, 0),
(-47580, 0, 6, 0, 0, 64, 0, 0, 2, 0, 0, 0, 0, 0, 0),
(-47516, 0, 6, 6144, 65536, 0, 0, 0, 2, 0, 2, 0, 0, 0, 0),
(-47509, 0, 0, 0, 0, 0, 0, 2, 2, 2, 0, 0, 0, 0, 0),
(-47263, 32, 5, 0, 0, 0, 0, 0, 2, 2, 0, 0, 0, 20000, 0),
(-47258, 0, 5, 0, 8388608, 0, 0, 0, 2, 0, 0, 0, 0, 0, 0),
(-47201, 0, 5, 16393, 262144, 0, 0, 0, 2, 0, 0, 0, 0, 0, 0),
(-46945, 0, 4, 0, 65536, 0, 0, 0, 2, 0, 0, 0, 0, 0, 0),
(-46867, 0, 0, 0, 0, 0, 0, 1, 2, 2, 0, 0, 0, 0, 0),
(-46854, 0, 0, 0, 0, 0, 0, 1, 2, 2, 0, 0, 0, 0, 0),
(-45234, 0, 0, 0, 0, 0, 0, 1, 0, 2, 0, 0, 0, 0, 0),
(-44557, 0, 3, 32, 0, 0, 0, 0, 2, 0, 0, 0, 0, 0, 0),
(-44449, 0, 3, 551686775, 102472, 0, 0, 0, 2, 2, 0, 0, 0, 0, 0),
(-44442, 0, 3, 8388608, 64, 0, 0, 0, 2, 0, 0, 0, 0, 1000, 0),
(-41635, 0, 0, 0, 0, 0, 0, 1, 0, 0, 2, 0, 0, 0, 0),
(-35541, 0, 0, 0, 0, 0, 8388608, 0, 0, 0, 0, 0, 0, 0, 0),
(-35100, 0, 9, 4096, 0, 1, 0, 0, 2, 0, 0, 0, 0, 0, 0),
(-34950, 0, 0, 0, 0, 0, 0, 1, 2, 2, 0, 0, 0, 0, 0),
(-34935, 0, 0, 0, 0, 0, 0, 1, 0, 0, 0, 0, 0, 8000, 0),
(-34753, 0, 6, 6144, 4, 4096, 0, 0, 2, 2, 2, 0, 0, 0, 0),
(-34500, 0, 0, 0, 0, 0, 0, 1, 2, 2, 0, 0, 0, 0, 0),
(-33881, 0, 0, 0, 0, 0, 0, 1, 0, 2, 0, 0, 0, 0, 0),
(-33191, 0, 6, 32768, 1024, 64, 0, 0, 2, 0, 0, 0, 0, 0, 0),
(-33150, 0, 0, 0, 0, 0, 0, 3, 2, 2, 2, 0, 0, 0, 0),
(-33142, 0, 0, 0, 0, 0, 0, 1, 0, 2, 0, 0, 0, 0, 0),
(-33076, 0, 0, 0, 0, 0, 664232, 1, 0, 0, 0, 0, 0, 0, 0),
(-32385, 0, 5, 1, 262144, 0, 0, 0, 2, 0, 0, 0, 0, 0, 0),
(-31833, 0, 10, 2147483648, 0, 0, 0, 0, 2, 0, 0, 0, 0, 0, 0),
(-31569, 0, 3, 65536, 0, 0, 0, 0, 2, 0, 0, 0, 0, 0, 0),
(-31124, 0, 0, 0, 0, 0, 0, 1, 2, 0, 0, 0, 0, 0, 0),
(-30881, 0, 0, 0, 0, 0, 0, 1, 0, 0, 0, 0, 0, 30000, 0),
(-30701, 28, 0, 0, 0, 0, 664232, 1, 0, 0, 0, 0, 100, 0, 0),
(-30299, 126, 0, 0, 0, 0, 0, 0, 0, 0, 0, 0, 0, 0, 0),
(-30160, 0, 0, 0, 0, 0, 0, 1, 2, 2, 0, 0, 0, 0, 0),
(-29593, 0, 0, 0, 0, 0, 0, 1, 0, 112, 0, 0, 0, 0, 0),
(-29074, 20, 3, 0, 0, 0, 0, 0, 2, 2, 0, 0, 0, 0, 0),
(-27811, 0, 0, 0, 0, 0, 0, 1, 0, 2, 0, 0, 0, 0, 0),
(-20925, 0, 0, 0, 0, 0, 0, 0, 0, 64, 0, 0, 0, 0, 0),
(-20500, 0, 4, 268435456, 0, 0, 0, 0, 2, 0, 0, 0, 0, 0, 0),
(-20210, 0, 10, 3221225472, 65536, 0, 0, 0, 2, 2, 0, 0, 0, 0, 0),
(-20177, 0, 0, 0, 0, 0, 0, 1, 0, 0, 0, 0, 0, 0, 0),
(-20049, 0, 0, 0, 0, 0, 0, 1, 2, 2, 0, 0, 0, 0, 0),
(-19184, 0, 9, 16, 8192, 0, 0, 0, 4, 0, 2, 0, 0, 0, 0),
(-18119, 0, 5, 0, 8388608, 0, 0, 0, 2, 0, 0, 0, 0, 0, 0),
(-18096, 0, 5, 256, 8388608, 0, 0, 0, 2, 2, 0, 0, 0, 0, 0),
(-17793, 0, 5, 1, 0, 0, 0, 0, 2, 0, 0, 0, 0, 0, 0),
(-17106, 0, 7, 524288, 0, 0, 0, 0, 2, 0, 0, 0, 0, 0, 0),
(-16958, 0, 0, 0, 0, 0, 0, 1, 2, 2, 0, 0, 0, 0, 0),
(-16952, 0, 7, 233472, 1024, 262144, 0, 0, 2, 2, 0, 0, 0, 0, 0),
(-16880, 72, 7, 103, 58720258, 0, 0, 0, 2, 2, 0, 0, 0, 0, 0),
(-16487, 0, 0, 0, 0, 0, 0, 1, 0, 2, 0, 0, 0, 0, 0),
(-16257, 0, 0, 0, 0, 0, 0, 0, 0, 0, 0, 0, 0, 0, 0),
(-16256, 0, 0, 0, 0, 0, 0, 1, 2, 2, 0, 0, 0, 0, 0),
(-16176, 0, 11, 448, 0, 16, 0, 2, 2, 2, 0, 0, 0, 0, 0),
(-14892, 0, 6, 268443136, 65540, 0, 0, 0, 2, 2, 2, 0, 0, 0, 0),
(-14531, 0, 0, 0, 0, 0, 0, 1, 0, 2, 0, 0, 0, 0, 0),
(-14186, 0, 8, 1107296782, 2, 0, 0, 0, 2, 2, 2, 0, 0, 0, 0),
(-13754, 0, 8, 16, 0, 0, 0, 0, 2, 0, 0, 0, 0, 0, 0),
(-12966, 0, 0, 0, 0, 0, 0, 0, 0, 0, 0, 0, 0, 0, 0),
(-12319, 0, 0, 0, 0, 0, 0, 1, 2, 2, 0, 0, 0, 0, 0),
(-12311, 0, 4, 2048, 1, 0, 0, 0, 2, 0, 0, 0, 0, 0, 0),
(-12298, 0, 0, 0, 0, 0, 0, 0, 0, 112, 0, 0, 0, 0, 0),
(-12289, 0, 4, 2, 0, 0, 0, 0, 2, 0, 0, 0, 0, 0, 0),
(-12281, 0, 0, 0, 0, 0, 0, 1, 2, 0, 0, 0, 0, 6000, 0),
(-11255, 0, 3, 16384, 0, 0, 0, 0, 2, 0, 0, 0, 0, 0, 0),
(-11213, 0, 3, 0, 0, 0, 0, 1, 2, 0, 0, 0, 0, 0, 0),
(-11180, 16, 3, 0, 0, 0, 0, 0, 2, 3, 0, 0, 0, 0, 0),
(-11095, 0, 3, 16, 0, 0, 0, 0, 2, 0, 0, 0, 0, 0, 0),
(-9799, 0, 0, 0, 0, 0, 0, 1, 0, 2, 0, 0, 0, 0, 0),
(-9452, 0, 0, 0, 0, 0, 0, 1, 2, 0, 0, 3, 0, 0, 0),
(-5952, 0, 8, 0, 1, 0, 0, 0, 2, 0, 0, 0, 0, 0, 0),
(-324, 0, 0, 0, 0, 0, 0, 1, 0, 0, 2, 0, 0, 3000, 0),
(6346, 0, 0, 0, 0, 0, 0, 0, 0, 256, 0, 0, 0, 0, 0),
(7383, 1, 0, 0, 0, 0, 0, 1, 0, 256, 0, 0, 0, 0, 0),
(7434, 0, 0, 0, 0, 0, 0, 0, 2, 2, 0, 0, 0, 0, 0),
(57351, 0, 0, 0, 0, 0, 0, 1, 2, 0, 0, 0, 0, 0, 0),
(9782, 0, 0, 0, 0, 0, 0, 0, 0, 64, 0, 0, 0, 0, 0),
(9784, 0, 0, 0, 0, 0, 0, 0, 0, 64, 0, 0, 0, 0, 0),
(12169, 0, 0, 0, 0, 0, 0, 0, 0, 64, 0, 0, 0, 0, 0),
(12322, 0, 0, 0, 0, 0, 0, 0, 0, 0, 0, 3, 0, 0, 0),
(12999, 0, 0, 0, 0, 0, 0, 0, 0, 0, 0, 6, 0, 0, 0),
(13000, 0, 0, 0, 0, 0, 0, 0, 0, 0, 0, 9, 0, 0, 0),
(13001, 0, 0, 0, 0, 0, 0, 0, 0, 0, 0, 12, 0, 0, 0),
(13002, 0, 0, 0, 0, 0, 0, 0, 0, 0, 0, 15, 0, 0, 0),
(15088, 0, 0, 0, 0, 0, 0, 0, 0, 2, 0, 0, 0, 0, 0),
(15128, 4, 0, 0, 0, 0, 0, 1, 0, 0, 0, 0, 0, 0, 0),
(15277, 0, 0, 0, 0, 0, 0, 1, 2, 0, 0, 0, 0, 0, 0),
(15346, 0, 0, 0, 0, 0, 0, 1, 2, 0, 0, 0, 0, 0, 0),
(15600, 0, 0, 0, 0, 0, 0, 1, 2, 0, 0, 0, 2, 0, 0),
(16164, 28, 0, 0, 0, 0, 65536, 1, 2, 2, 0, 0, 0, 0, 0),
(16550, 0, 0, 0, 0, 0, 0, 0, 0, 2, 0, 0, 0, 0, 0),
(16620, 0, 0, 0, 0, 0, 0, 1, 0, 0, 0, 0, 0, 30000, 0),
(16624, 0, 0, 0, 0, 0, 0, 0, 0, 64, 0, 0, 0, 0, 0),
(17364, 8, 0, 0, 0, 0, 0, 1, 0, 0, 0, 0, 0, 0, 0),
(17495, 0, 0, 0, 0, 0, 0, 0, 0, 64, 0, 0, 0, 0, 0),
(20128, 0, 0, 0, 0, 0, 0, 0, 0, 64, 0, 0, 0, 0, 0),
(20131, 0, 0, 0, 0, 0, 0, 0, 0, 64, 0, 0, 0, 0, 0),
(20132, 0, 0, 0, 0, 0, 0, 0, 0, 64, 0, 0, 0, 0, 0),
(20164, 0, 0, 0, 0, 0, 0, 1, 2, 0, 0, 5, 0, 0, 0),
(20165, 0, 0, 0, 0, 0, 0, 1, 2, 0, 0, 20, 0, 0, 0),
(20166, 0, 0, 0, 0, 0, 0, 1, 2, 0, 0, 12, 0, 0, 0),
(20375, 1, 0, 0, 0, 0, 0, 1, 2, 0, 0, 0, 0, 1000, 0),
(20705, 0, 0, 0, 0, 0, 0, 0, 0, 2, 0, 0, 0, 0, 0),
(20911, 0, 0, 0, 0, 0, 0, 0, 0, 112, 0, 0, 0, 0, 0),
(21185, 0, 0, 0, 0, 0, 0, 0, 0, 0, 1, 0, 0, 10000, 0),
(21882, 0, 0, 0, 0, 0, 0, 0, 0, 2, 0, 0, 0, 0, 0),
(21890, 0, 4, 712396527, 876, 0, 0, 0, 2, 0, 0, 0, 0, 0, 0),
(22618, 0, 0, 0, 0, 0, 0, 0, 0, 64, 0, 0, 0, 0, 0),
(22648, 0, 0, 0, 0, 0, 0, 0, 0, 2, 0, 0, 0, 0, 0),
(23547, 0, 0, 0, 0, 0, 0, 0, 0, 32, 0, 0, 0, 0, 0),
(23548, 0, 0, 0, 0, 0, 0, 0, 0, 64, 0, 0, 0, 0, 0),
(23551, 0, 11, 192, 0, 0, 0, 0, 2, 0, 0, 0, 0, 0, 0),
(23552, 0, 0, 0, 0, 0, 0, 1, 0, 0, 0, 0, 0, 3000, 0),
(23572, 0, 11, 192, 0, 0, 0, 0, 2, 0, 0, 0, 0, 0, 0),
(23578, 0, 0, 0, 0, 0, 0, 1, 2, 0, 0, 2, 0, 0, 0),
(23581, 0, 0, 0, 0, 0, 0, 1, 2, 0, 0, 2, 0, 0, 0),
(23686, 0, 0, 0, 0, 0, 0, 1, 2, 0, 0, 2, 0, 0, 0),
(23688, 0, 0, 0, 0, 0, 0, 0, 2, 0, 0, 0, 0, 0, 0),
(23689, 0, 0, 0, 0, 0, 0, 1, 2, 0, 0, 4, 0, 0, 0),
(23721, 0, 9, 2048, 0, 0, 0, 0, 2, 0, 0, 0, 0, 0, 0),
(23920, 0, 0, 0, 0, 0, 0, 0, 0, 2048, 0, 0, 0, 0, 0),
(24353, 0, 0, 0, 0, 0, 0, 1, 2, 2, 0, 0, 0, 0, 0),
(24389, 4, 0, 0, 0, 0, 0, 0, 1, 0, 0, 0, 0, 0, 0),
(24905, 0, 0, 0, 0, 0, 0, 0, 2, 2, 0, 15, 0, 0, 0),
(25050, 4, 0, 0, 0, 0, 0, 0, 0, 0, 0, 0, 0, 0, 0),
(25669, 0, 0, 0, 0, 0, 0, 1, 2, 0, 0, 1, 0, 0, 0),
(25899, 0, 0, 0, 0, 0, 0, 0, 0, 112, 0, 0, 0, 0, 0),
(26107, 0, 7, 8388608, 268435584, 0, 0, 0, 2, 116, 0, 0, 0, 0, 0),
(26119, 0, 0, 2416967683, 0, 0, 0, 0, 2, 0, 0, 0, 0, 0, 0),
(26128, 0, 0, 0, 0, 0, 0, 0, 2, 8, 0, 0, 0, 0, 0),
(26135, 0, 10, 8388608, 0, 0, 16, 0, 2, 0, 2, 0, 0, 0, 0),
(26480, 0, 0, 0, 0, 0, 0, 1, 2, 0, 0, 3, 0, 0, 0),
(26605, 0, 0, 0, 0, 0, 0, 1, 2, 2, 2, 0, 0, 0, 0),
(27419, 0, 0, 0, 0, 0, 0, 0, 0, 0, 0, 3, 0, 0, 0),
(27498, 0, 0, 0, 0, 0, 0, 0, 0, 0, 0, 3, 0, 0, 0),
(27521, 0, 0, 0, 0, 0, 0, 0, 2, 0, 0, 0, 0, 15000, 0),
(27656, 0, 0, 0, 0, 0, 0, 1, 2, 0, 0, 3, 0, 0, 0),
(27774, 0, 0, 0, 0, 0, 0, 3, 2, 0, 0, 0, 0, 0, 0),
(27787, 0, 0, 0, 0, 0, 0, 0, 0, 0, 0, 3, 0, 0, 0),
(28305, 0, 0, 0, 0, 0, 0, 0, 0, 0, 0, 0, 0, 0, 0),
(28752, 0, 0, 0, 0, 0, 0, 1, 2, 2, 0, 0, 0, 0, 0),
(28802, 0, 0, 0, 0, 0, 0, 0, 2, 0, 0, 0, 0, 0, 0),
(28812, 0, 8, 33554438, 0, 0, 0, 0, 2, 2, 0, 0, 0, 0, 0),
(28816, 0, 0, 0, 0, 0, 0, 0, 0, 0, 0, 3, 0, 0, 0),
(29150, 0, 0, 0, 0, 0, 0, 1, 2, 0, 0, 3, 0, 0, 0),
(29385, 0, 0, 0, 0, 0, 0, 0, 0, 0, 0, 7, 0, 1000, 0),
(29455, 0, 0, 0, 0, 0, 0, 0, 0, 64, 0, 0, 0, 0, 0),
(29501, 0, 0, 0, 0, 0, 0, 1, 2, 0, 0, 3, 0, 0, 0),
(29624, 0, 0, 0, 0, 0, 0, 1, 2, 0, 0, 3, 0, 0, 0),
(29625, 0, 0, 0, 0, 0, 0, 1, 2, 0, 0, 3, 0, 0, 0),
(29626, 0, 0, 0, 0, 0, 0, 1, 2, 0, 0, 3, 0, 0, 0),
(29632, 0, 0, 0, 0, 0, 0, 1, 2, 0, 0, 3, 0, 0, 0),
(29633, 0, 0, 0, 0, 0, 0, 1, 2, 0, 0, 3, 0, 0, 0),
(29634, 0, 0, 0, 0, 0, 0, 1, 2, 0, 0, 3, 0, 0, 0),
(29635, 0, 0, 0, 0, 0, 0, 1, 2, 0, 0, 3, 0, 0, 0),
(29636, 0, 0, 0, 0, 0, 0, 1, 2, 0, 0, 3, 0, 0, 0),
(29637, 0, 0, 0, 0, 0, 0, 1, 2, 0, 0, 3, 0, 0, 0),
(29977, 4, 0, 0, 0, 0, 0, 0, 2, 2, 0, 0, 0, 0, 0),
(30003, 0, 0, 0, 0, 0, 0, 0, 0, 2048, 0, 0, 0, 0, 0),
(30937, 32, 0, 0, 0, 0, 0, 0, 0, 0, 0, 0, 0, 0, 0),
(31394, 32, 0, 0, 0, 0, 0, 0, 0, 0, 0, 0, 0, 0, 0),
(31794, 0, 0, 0, 0, 0, 0, 0, 1, 0, 0, 0, 0, 0, 0),
(31904, 0, 0, 0, 0, 0, 0, 0, 0, 64, 0, 0, 0, 0, 0),
(32587, 0, 0, 0, 0, 0, 0, 0, 0, 64, 0, 0, 0, 0, 0),
(32642, 0, 0, 0, 0, 0, 0, 0, 0, 64, 0, 0, 0, 0, 0),
(32734, 0, 0, 0, 0, 0, 0, 1, 0, 0, 0, 0, 0, 3000, 0),
(32748, 0, 8, 0, 1, 0, 320, 0, 2, 0, 0, 0, 0, 0, 0),
(32776, 0, 0, 0, 0, 0, 0, 0, 0, 64, 0, 0, 0, 0, 0),
(32777, 0, 0, 0, 0, 0, 0, 0, 0, 64, 0, 0, 0, 0, 0),
(32837, 0, 0, 0, 0, 0, 0, 0, 2, 0, 0, 0, 0, 45000, 0),
(32844, 0, 0, 0, 0, 0, 0, 1, 2, 0, 0, 2, 0, 0, 0),
(32885, 0, 0, 0, 0, 0, 0, 1, 0, 2, 0, 0, 0, 0, 0),
(33089, 0, 0, 0, 0, 0, 0, 0, 0, 64, 0, 0, 0, 0, 0),
(33127, 0, 0, 0, 0, 0, 0, 0, 0, 0, 0, 7, 0, 1000, 0),
(33297, 0, 0, 0, 0, 0, 0, 1, 2, 0, 0, 0, 0, 45000, 0),
(33299, 0, 0, 0, 0, 0, 0, 0, 1, 0, 0, 0, 0, 0, 0),
(33510, 0, 0, 0, 0, 0, 340, 1, 2, 0, 0, 3, 0, 0, 0),
(33648, 0, 0, 0, 0, 0, 0, 1, 2, 2, 0, 0, 0, 45000, 0),
(33719, 0, 0, 0, 0, 0, 0, 0, 0, 2048, 0, 0, 0, 0, 0),
(33746, 0, 0, 0, 0, 0, 0, 0, 0, 0, 1, 0, 0, 10000, 0),
(33759, 0, 0, 0, 0, 0, 0, 0, 0, 0, 1, 0, 0, 10000, 0),
(33953, 0, 0, 0, 0, 0, 279552, 2, 2, 0, 0, 0, 0, 45000, 0),
(34074, 0, 0, 0, 0, 0, 0, 1, 2, 0, 0, 0, 0, 0, 0),
(34080, 0, 0, 0, 0, 0, 0, 0, 0, 32, 0, 0, 0, 0, 0),
(34138, 0, 11, 128, 0, 0, 0, 0, 2, 0, 0, 0, 0, 0, 0),
(34139, 0, 10, 1073741824, 0, 0, 0, 0, 2, 0, 0, 0, 0, 0, 0),
(34258, 0, 10, 8388608, 0, 0, 0, 0, 2, 0, 2, 0, 0, 0, 0),
(34262, 0, 10, 8388608, 0, 0, 0, 0, 2, 0, 2, 0, 0, 0, 0),
(34320, 0, 0, 0, 0, 0, 0, 3, 2, 2, 0, 0, 0, 45000, 0),
(34355, 0, 0, 0, 0, 0, 0, 1, 0, 0, 0, 0, 0, 3000, 0),
(34584, 0, 0, 0, 0, 0, 0, 0, 2, 0, 0, 0, 0, 30000, 0),
(34586, 0, 0, 0, 0, 0, 0, 1, 2, 0, 0, 1.5, 0, 0, 0),
(34598, 0, 0, 0, 0, 0, 0, 1, 2, 0, 0, 0, 0, 45000, 0),
(34749, 0, 0, 0, 0, 0, 0, 0, 2, 8, 2, 0, 0, 0, 0),
(34774, 0, 0, 0, 0, 0, 0, 1, 2, 0, 0, 1.5, 0, 20000, 0),
(34783, 0, 0, 0, 0, 0, 0, 0, 0, 2048, 0, 0, 0, 0, 0),
(34827, 0, 0, 0, 0, 0, 0, 1, 0, 0, 0, 0, 0, 3000, 0),
(35077, 0, 0, 0, 0, 0, 0, 1, 0, 0, 0, 0, 0, 55000, 0),
(35080, 0, 0, 0, 0, 0, 0, 1, 2, 0, 0, 1, 0, 55000, 0),
(35083, 0, 0, 0, 0, 0, 0, 1, 2, 0, 0, 0, 0, 55000, 0),
(35086, 0, 0, 0, 0, 0, 0, 3, 2, 0, 0, 0, 0, 55000, 0),
(35121, 0, 0, 0, 0, 0, 0, 1, 2, 2, 0, 0, 0, 0, 0),
(36032, 0, 3, 4096, 32768, 0, 0, 0, 1, 0, 0, 0, 0, 0, 0),
(36096, 0, 0, 0, 0, 0, 0, 0, 0, 2048, 0, 0, 0, 0, 0),
(36111, 0, 0, 0, 0, 0, 0, 1, 2, 0, 0, 0, 0, 0, 0),
(36541, 4, 0, 0, 0, 0, 0, 1, 0, 0, 2, 0, 0, 0, 0),
(37165, 0, 8, 2098176, 0, 0, 0, 0, 2, 0, 0, 0, 0, 0, 0),
(37170, 0, 0, 0, 0, 0, 0, 1, 2, 0, 0, 1, 0, 0, 0),
(37173, 0, 8, 750519704, 262, 0, 0, 0, 2, 0, 0, 0, 0, 25000, 0),
(37189, 0, 10, 3221225472, 0, 0, 0, 0, 2, 2, 0, 0, 0, 60000, 0),
(37193, 0, 0, 0, 0, 0, 0, 0, 0, 64, 0, 0, 0, 0, 0),
(37195, 0, 10, 8388608, 0, 0, 0, 0, 2, 0, 2, 0, 0, 0, 0),
(37197, 0, 0, 0, 0, 0, 0, 0, 2, 0, 0, 0, 0, 45000, 0),
(37213, 0, 0, 0, 0, 0, 0, 1, 2, 2, 0, 0, 0, 0, 0),
(37214, 0, 0, 0, 0, 0, 0, 0, 1, 0, 0, 0, 0, 0, 0),
(37227, 0, 11, 448, 0, 0, 0, 0, 2, 2, 0, 0, 0, 60000, 0),
(37237, 0, 11, 1, 0, 0, 0, 0, 2, 2, 0, 0, 0, 0, 0),
(37247, 8, 0, 0, 0, 0, 0, 0, 2, 0, 0, 0, 0, 45000, 0),
(37379, 32, 5, 0, 0, 0, 0, 0, 2, 0, 0, 0, 0, 0, 0),
(37384, 0, 5, 1, 64, 0, 0, 0, 2, 0, 0, 0, 0, 0, 0),
(37443, 0, 0, 0, 0, 0, 0, 0, 2, 2, 0, 0, 0, 0, 0),
(37514, 0, 0, 0, 0, 0, 0, 0, 0, 32, 0, 0, 0, 0, 0),
(37516, 0, 4, 1024, 0, 0, 0, 0, 2, 0, 0, 0, 0, 0, 0),
(37519, 0, 0, 0, 0, 0, 0, 0, 2, 48, 0, 0, 0, 0, 0),
(37523, 0, 0, 0, 0, 0, 0, 0, 0, 64, 0, 0, 0, 0, 0),
(37528, 0, 4, 4, 0, 0, 0, 0, 2, 0, 0, 0, 0, 0, 0),
(37536, 0, 4, 65536, 0, 0, 0, 0, 2, 0, 0, 0, 0, 0, 0),
(37568, 0, 6, 2048, 0, 0, 0, 0, 2, 0, 0, 0, 0, 0, 0),
(37600, 0, 0, 0, 0, 0, 0, 1, 2, 0, 0, 0, 0, 0, 0),
(37601, 0, 0, 0, 0, 0, 0, 0, 1, 0, 0, 0, 0, 0, 0),
(37655, 0, 0, 0, 0, 0, 0, 0, 2, 0, 0, 0, 0, 60000, 0),
(37657, 0, 0, 0, 0, 0, 0, 1, 2, 2, 0, 0, 0, 2500, 0),
(38026, 1, 0, 0, 0, 0, 0, 1, 0, 256, 0, 0, 0, 0, 0),
(38031, 0, 0, 0, 0, 0, 0, 0, 0, 64, 0, 0, 0, 0, 0),
(38290, 0, 0, 0, 0, 0, 0, 1, 2, 0, 0, 1.6, 0, 0, 0),
(38299, 0, 0, 0, 0, 0, 0, 2, 2, 0, 0, 0, 0, 12000, 0),
(38326, 0, 0, 0, 0, 0, 0, 1, 2, 2, 0, 0, 0, 0, 0),
(38327, 0, 0, 0, 0, 0, 0, 1, 2, 2, 0, 0, 0, 0, 0),
(38334, 0, 0, 0, 0, 0, 0, 0, 2, 0, 0, 0, 0, 60000, 0),
(38347, 0, 0, 0, 0, 0, 0, 0, 2, 2, 0, 0, 0, 45000, 0),
(38350, 0, 0, 0, 0, 0, 0, 1, 2, 2, 0, 0, 0, 0, 0),
(48504, 0, 0, 0, 0, 0, 0, 1, 0, 0, 2, 0, 0, 0, 0),
(39027, 0, 0, 0, 0, 0, 0, 1, 0, 0, 0, 0, 0, 3000, 0),
(39442, 0, 0, 0, 0, 0, 0, 1, 2, 1, 0, 0, 0, 0, 0),
(39443, 0, 0, 0, 0, 0, 0, 1, 2, 2, 0, 0, 0, 0, 0),
(39530, 0, 0, 0, 0, 0, 0, 0, 1, 0, 0, 0, 0, 0, 0),
(39958, 0, 0, 0, 0, 0, 0, 0, 2, 0, 0, 0.7, 0, 40000, 0),
(40407, 0, 0, 0, 0, 0, 0, 1, 0, 0, 0, 0, 0, 0, 0),
(40444, 0, 0, 0, 0, 0, 0, 0, 0, 64, 0, 0, 0, 0, 0),
(40458, 0, 4, 33554432, 1537, 0, 0, 0, 2, 0, 0, 0, 0, 0, 0),
(40475, 0, 0, 0, 0, 0, 0, 1, 2, 0, 0, 3, 0, 0, 0),
(40482, 0, 0, 0, 0, 0, 0, 1, 2, 2, 0, 0, 0, 0, 0),
(40485, 0, 9, 0, 1, 0, 0, 0, 2, 0, 0, 0, 0, 0, 0),
(40899, 0, 0, 0, 0, 0, 0, 0, 0, 0, 0, 1, 0, 0, 0),
(41034, 126, 0, 0, 0, 0, 0, 0, 0, 1024, 0, 0, 0, 0, 0),
(41260, 0, 0, 0, 0, 0, 0, 0, 0, 0, 1, 0, 0, 10000, 0),
(41262, 0, 0, 0, 0, 0, 0, 0, 0, 0, 1, 0, 0, 10000, 0),
(41381, 0, 0, 0, 0, 0, 0, 1, 0, 256, 0, 0, 0, 0, 0),
(41393, 0, 0, 0, 0, 0, 0, 1, 0, 32, 0, 0, 0, 0, 0),
(41434, 0, 0, 0, 0, 0, 0, 1, 2, 0, 0, 2, 0, 45000, 0),
(41469, 0, 0, 0, 0, 0, 0, 0, 0, 0, 0, 7, 0, 1000, 0),
(41989, 0, 0, 0, 0, 0, 0, 1, 2, 0, 0, 0.5, 0, 0, 0),
(42083, 0, 0, 0, 0, 0, 0, 1, 2, 2, 0, 0, 0, 45000, 0),
(42135, 0, 0, 0, 0, 0, 0, 1, 0, 0, 0, 0, 0, 90000, 0),
(42136, 0, 0, 0, 0, 0, 0, 1, 0, 0, 0, 0, 0, 90000, 0),
(42368, 0, 10, 1073741824, 0, 0, 0, 0, 2, 0, 0, 0, 0, 0, 0),
(42370, 0, 11, 128, 0, 0, 0, 0, 2, 0, 0, 0, 0, 0, 0),
(43443, 0, 0, 0, 0, 0, 0, 0, 0, 2048, 0, 0, 0, 0, 0),
(43726, 0, 10, 1073741824, 0, 0, 0, 0, 2, 0, 0, 0, 0, 0, 0),
(43728, 0, 11, 128, 0, 0, 0, 0, 2, 0, 0, 0, 0, 0, 0),
(43737, 0, 7, 0, 1088, 0, 0, 0, 2, 0, 0, 0, 0, 10000, 0),
(43739, 0, 7, 2, 0, 0, 0, 0, 2, 0, 0, 0, 0, 0, 0),
(43741, 0, 10, 2147483648, 0, 0, 0, 0, 2, 0, 0, 0, 0, 0, 0),
(43745, 0, 10, 0, 512, 0, 0, 0, 2, 0, 0, 0, 0, 0, 0),
(43748, 0, 11, 2416967680, 0, 0, 0, 0, 2, 0, 0, 0, 0, 0, 0),
(43750, 0, 11, 1, 0, 0, 0, 0, 2, 0, 0, 0, 0, 0, 0),
(43819, 0, 0, 0, 0, 0, 0, 0, 1, 0, 0, 0, 0, 0, 0),
(44543, 0, 3, 1049120, 4096, 0, 0, 0, 1, 0, 2, 0, 7, 0, 0),
(44545, 0, 3, 1049120, 4096, 0, 0, 0, 1, 0, 2, 0, 15, 0, 0),
(45354, 0, 0, 0, 0, 0, 0, 1, 2, 0, 0, 0, 0, 45000, 0),
(45355, 0, 0, 0, 0, 0, 0, 1, 2, 0, 0, 0, 0, 45000, 0),
(45469, 0, 15, 16, 0, 0, 16, 0, 2, 0, 0, 0, 0, 0, 0),
(45481, 0, 0, 0, 0, 0, 0, 1, 2, 0, 0, 0, 0, 45000, 0),
(45482, 0, 0, 0, 0, 0, 0, 1, 2, 0, 0, 0, 0, 45000, 0),
(45483, 0, 0, 0, 0, 0, 0, 1, 2, 0, 0, 0, 0, 45000, 0),
(45484, 0, 0, 0, 0, 0, 16384, 2, 2, 0, 0, 0, 0, 45000, 0),
(46025, 32, 6, 0, 0, 0, 0, 0, 2, 0, 0, 0, 0, 0, 0),
(46092, 0, 10, 1073741824, 0, 0, 0, 0, 2, 0, 0, 0, 0, 0, 0),
(46098, 0, 11, 128, 0, 0, 0, 0, 2, 0, 0, 0, 0, 0, 0),
(46569, 0, 0, 0, 0, 0, 0, 1, 2, 0, 0, 0, 0, 45000, 0),
(46662, 0, 0, 0, 0, 0, 0, 1, 2, 0, 0, 0, 0, 20000, 0),
(46832, 0, 7, 1, 0, 0, 0, 0, 2, 0, 0, 0, 0, 0, 0),
(46910, 0, 0, 0, 0, 0, 0, 0, 0, 0, 0, 5.5, 0, 0, 0),
(46911, 0, 0, 0, 0, 0, 0, 0, 0, 0, 0, 7.5, 0, 0, 0),
(47981, 0, 0, 0, 0, 0, 0, 0, 0, 2048, 0, 0, 0, 0, 0),
(48833, 0, 7, 0, 1088, 0, 0, 0, 2, 0, 0, 0, 0, 0, 0),
(48835, 0, 10, 8388608, 0, 0, 0, 0, 2, 0, 2, 0, 0, 0, 0),
(48837, 0, 11, 2416967680, 0, 0, 0, 0, 2, 0, 0, 0, 0, 0, 0),
(49592, 0, 0, 0, 0, 0, 8528552, 1, 0, 0, 0, 0, 0, 0, 0),
(49622, 0, 0, 0, 0, 0, 0, 0, 2, 0, 0, 0, 0, 60000, 0),
(50240, 0, 0, 0, 0, 0, 0, 0, 0, 4, 0, 0, 0, 0, 0),
(50421, 0, 0, 0, 0, 0, 0, 0, 0, 0, 0, 0, 0, 0, 0),
(50781, 0, 0, 0, 0, 0, 0, 0, 2, 2, 0, 0, 0, 6000, 0),
(51123, 0, 0, 0, 0, 0, 0, 0, 0, 0, 0, 1, 0, 0, 0),
(51127, 0, 0, 0, 0, 0, 0, 0, 0, 0, 0, 2, 0, 0, 0),
(51128, 0, 0, 0, 0, 0, 0, 0, 0, 0, 0, 4, 0, 0, 0),
(51129, 0, 0, 0, 0, 0, 0, 0, 0, 0, 0, 6, 0, 0, 0),
(51130, 0, 0, 0, 0, 0, 0, 0, 0, 0, 0, 8, 0, 0, 0),
(51346, 0, 0, 0, 0, 0, 0, 0, 0, 0, 1, 0, 0, 10000, 0),
(51349, 0, 0, 0, 0, 0, 0, 0, 0, 0, 1, 0, 0, 10000, 0),
(51352, 0, 0, 0, 0, 0, 0, 0, 0, 0, 1, 0, 0, 10000, 0),
(51359, 0, 0, 0, 0, 0, 0, 0, 0, 0, 1, 0, 0, 10000, 0),
(51414, 0, 0, 0, 0, 0, 0, 1, 0, 0, 0, 0, 0, 45000, 0),
(51915, 0, 0, 0, 0, 0, 16777216, 0, 0, 0, 0, 0, 100, 600000, 0),
(52020, 0, 7, 32768, 1048576, 0, 0, 0, 2, 0, 0, 0, 0, 0, 0),
(52423, 0, 0, 0, 0, 0, 0, 0, 0, 32, 0, 0, 0, 0, 0),
(52898, 0, 0, 0, 0, 0, 0, 1, 0, 2, 0, 0, 0, 0, 0),
(53386, 0, 15, 2182250279, 447, 0, 0, 1, 2, 0, 2, 0, 0, 0, 0),
(53397, 0, 0, 0, 0, 0, 0, 1, 2, 2, 0, 0, 0, 0, 0),
(54646, 0, 0, 0, 0, 0, 0, 1, 2, 2, 0, 0, 0, 0, 0),
(54695, 0, 0, 0, 0, 0, 0, 1, 2, 0, 0, 0, 0, 45000, 0),
(54707, 0, 0, 0, 0, 0, 0, 1, 2, 0, 0, 0, 0, 60000, 0),
(54738, 0, 0, 0, 0, 0, 0, 0, 2, 2, 0, 0, 0, 45000, 0),
(54808, 0, 0, 0, 0, 0, 0, 1, 0, 0, 0, 0, 0, 60000, 0),
(54838, 0, 0, 0, 0, 0, 0, 0, 2, 0, 0, 0, 0, 45000, 0),
(54841, 0, 0, 0, 0, 0, 0, 1, 2, 2, 0, 0, 0, 2500, 0),
(54925, 2, 10, 0, 512, 0, 0, 0, 2, 0, 0, 0, 0, 0, 0),
(55380, 0, 0, 0, 0, 0, 0, 0, 2, 0, 0, 0.7, 0, 40000, 0),
(55381, 0, 0, 0, 0, 0, 0, 0, 2, 0, 0, 0, 0, 15000, 0),
(55640, 0, 0, 0, 0, 0, 0, 0, 2, 0, 0, 0, 0, 45000, 0),
(55680, 0, 6, 512, 0, 0, 0, 0, 2, 0, 0, 0, 0, 0, 0),
(55681, 0, 6, 32768, 0, 0, 0, 0, 2, 0, 0, 0, 0, 0, 0),
(55689, 0, 0, 0, 0, 0, 0, 1, 2, 2, 2, 0, 0, 0, 0),
(55747, 0, 0, 0, 0, 0, 0, 1, 2, 0, 0, 0, 0, 45000, 0),
(55768, 0, 0, 0, 0, 0, 0, 0, 2, 0, 0, 0, 0, 45000, 0),
(55776, 0, 0, 0, 0, 0, 0, 1, 2, 0, 0, 0, 0, 45000, 0),
(56249, 0, 5, 0, 0, 1024, 0, 0, 2, 0, 0, 0, 0, 0, 0),
(56355, 0, 0, 0, 0, 0, 0, 0, 0, 64, 0, 0, 0, 0, 0),
(56364, 0, 3, 0, 16777216, 0, 0, 0, 2, 0, 0, 0, 0, 0, 0),
(56451, 0, 0, 0, 0, 0, 0, 1, 0, 0, 0, 0, 0, 3000, 0),
(56816, 0, 0, 0, 0, 0, 0, 0, 0, 48, 0, 0, 0, 0, 0),
(56817, 0, 15, 0, 536870912, 0, 0, 0, 2, 0, 0, 0, 0, 0, 0),
(56821, 0, 8, 2, 0, 0, 0, 0, 2, 2, 0, 0, 0, 0, 0),
(56841, 0, 9, 2048, 0, 0, 256, 0, 2, 0, 0, 0, 0, 0, 0),
(57345, 0, 0, 0, 0, 0, 0, 3, 2, 0, 0, 0, 0, 45000, 0),
(57352, 0, 0, 0, 0, 0, 0, 1, 2, 0, 0, 0, 0, 45000, 0),
(57907, 0, 7, 2, 0, 0, 0, 0, 2, 0, 0, 0, 0, 0, 0),
(57989, 0, 0, 0, 0, 0, 0, 1, 0, 0, 0, 0, 0, 0, 0),
(58357, 0, 4, 64, 0, 0, 0, 0, 2, 2, 0, 0, 0, 0, 0),
(58364, 0, 4, 1024, 0, 0, 0, 0, 2, 0, 0, 0, 0, 0, 0),
(58372, 0, 4, 2, 0, 0, 0, 0, 2, 0, 0, 0, 0, 0, 0),
(58386, 0, 0, 0, 0, 0, 0, 0, 2, 32, 0, 0, 0, 0, 0),
(58442, 0, 0, 0, 0, 0, 0, 0, 2, 0, 0, 0, 0, 15000, 0),
(58444, 0, 0, 0, 0, 0, 0, 1, 2, 0, 0, 0, 0, 5000, 0),
(58616, 0, 15, 16777216, 0, 0, 0, 0, 2, 0, 0, 0, 0, 0, 0),
(58620, 0, 15, 4, 0, 0, 0, 0, 2, 0, 0, 0, 0, 0, 0),
(58626, 0, 15, 33554432, 0, 0, 0, 0, 2, 0, 0, 0, 0, 0, 0),
(58901, 0, 0, 0, 0, 0, 0, 1, 2, 2, 0, 0, 0, 45000, 0),
(59176, 0, 0, 0, 0, 0, 0, 1, 0, 2, 0, 0, 0, 0, 0),
(59327, 0, 15, 134217728, 0, 0, 0, 0, 2, 0, 0, 0, 0, 0, 0),
(59345, 0, 0, 0, 0, 0, 0, 1, 2, 0, 0, 0, 0, 45000, 0),
(59630, 0, 0, 0, 0, 0, 69648, 5, 1, 0, 2, 0, 0, 35000, 0),
(59725, 0, 0, 0, 0, 0, 0, 0, 0, 2048, 0, 0, 0, 0, 0),
(60063, 0, 0, 0, 0, 0, 0, 1, 2, 0, 0, 0, 0, 45000, 0),
(60066, 0, 0, 0, 0, 0, 0, 1, 2, 2, 0, 0, 0, 45000, 0),
(60132, 0, 15, 16, 134348800, 0, 0, 0, 2, 0, 0, 0, 0, 0, 0),
(60172, 0, 5, 262144, 0, 0, 0, 0, 2, 0, 0, 0, 0, 0, 0),
(60221, 0, 0, 0, 0, 0, 0, 1, 0, 0, 0, 0, 0, 45000, 0),
(60301, 0, 0, 0, 0, 0, 0, 1, 2, 0, 0, 0, 0, 45000, 0),
(60306, 0, 0, 0, 0, 0, 0, 1, 2, 0, 0, 0, 0, 45000, 0),
(60317, 0, 0, 0, 0, 0, 0, 1, 2, 0, 0, 0, 0, 45000, 0),
(60436, 0, 0, 0, 0, 0, 0, 1, 2, 0, 0, 0, 0, 45000, 0),
(60442, 0, 0, 0, 0, 0, 0, 1, 2, 0, 0, 0, 0, 45000, 0),
(60473, 0, 0, 0, 0, 0, 0, 3, 2, 0, 0, 0, 0, 45000, 0),
(60482, 0, 0, 0, 0, 0, 0, 1, 2, 0, 0, 0, 0, 45000, 0),
(60490, 0, 0, 0, 0, 0, 0, 0, 2, 0, 0, 0, 0, 45000, 0),
(60493, 0, 0, 0, 0, 0, 0, 0, 2, 0, 0, 0, 0, 45000, 0),
(60503, 1, 4, 4, 0, 0, 0, 0, 2, 0, 0, 0, 0, 0, 0),
(60519, 0, 0, 0, 0, 0, 0, 3, 2, 0, 0, 0, 0, 45000, 0),
(60524, 0, 0, 0, 0, 0, 0, 0, 2, 0, 0, 0, 0, 0, 0),
(60529, 0, 0, 0, 0, 0, 0, 2, 2, 0, 0, 0, 0, 45000, 0),
(60537, 0, 0, 0, 0, 0, 0, 0, 2, 2, 0, 0, 0, 45000, 0),
(60564, 0, 11, 2416967680, 0, 0, 0, 0, 2, 0, 0, 0, 0, 0, 0),
(60571, 0, 11, 2416967680, 0, 0, 0, 0, 2, 0, 0, 0, 0, 0, 0),
(60572, 0, 11, 2416967680, 0, 0, 0, 0, 2, 0, 0, 0, 0, 0, 0),
(60573, 0, 11, 2416967680, 0, 0, 0, 0, 2, 0, 0, 0, 0, 0, 0),
(60574, 0, 11, 2416967680, 0, 0, 0, 0, 2, 0, 0, 0, 0, 0, 0),
(60575, 0, 11, 2416967680, 0, 0, 0, 0, 2, 0, 0, 0, 0, 0, 0),
(60710, 0, 7, 2, 0, 0, 0, 0, 2, 0, 0, 0, 0, 0, 0),
(60717, 0, 7, 2, 0, 0, 0, 0, 2, 0, 0, 0, 0, 0, 0),
(60719, 0, 7, 2, 0, 0, 0, 0, 2, 0, 0, 0, 0, 0, 0),
(60722, 0, 7, 2, 0, 0, 0, 0, 2, 0, 0, 0, 0, 0, 0),
(60724, 0, 7, 2, 0, 0, 0, 0, 2, 0, 0, 0, 0, 0, 0),
(60726, 0, 7, 2, 0, 0, 0, 0, 2, 0, 0, 0, 0, 0, 0),
(60770, 0, 11, 1, 0, 0, 0, 0, 2, 0, 0, 0, 0, 0, 0),
(60818, 0, 10, 0, 512, 0, 0, 0, 2, 0, 0, 0, 0, 0, 0),
(60826, 0, 15, 20971520, 0, 0, 0, 0, 2, 0, 0, 0, 0, 0, 0),
(61324, 0, 10, 0, 131072, 0, 0, 0, 2, 0, 0, 0, 0, 0, 0),
(61356, 0, 0, 0, 0, 0, 0, 1, 2, 2, 0, 0, 0, 90000, 0),
(61618, 0, 0, 0, 0, 0, 0, 1, 2, 0, 0, 0, 0, 45000, 0),
(62114, 0, 0, 0, 0, 0, 0, 0, 2, 0, 0, 0, 0, 45000, 0),
(62115, 0, 0, 0, 0, 0, 0, 1, 2, 0, 0, 0, 0, 45000, 0),
(62147, 0, 15, 2, 0, 0, 0, 0, 2, 0, 0, 0, 0, 0, 0),
(62459, 0, 15, 4, 0, 0, 0, 0, 2, 0, 0, 0, 0, 0, 0),
(63086, 0, 9, 0, 0, 65536, 0, 0, 2, 0, 0, 0, 0, 0, 0),
(63108, 0, 5, 2, 0, 0, 0, 0, 2, 0, 0, 0, 0, 0, 0),
(63251, 0, 0, 0, 0, 0, 0, 1, 2, 0, 0, 0, 0, 45000, 0),
(63310, 0, 5, 0, 65536, 0, 65536, 0, 2, 0, 0, 0, 0, 0, 0),
(63335, 0, 15, 0, 2, 0, 0, 0, 2, 0, 0, 0, 0, 0, 0),
(63611, 0, 0, 0, 0, 0, 0, 1, 2, 0, 1, 0, 0, 0, 0),
(64343, 0, 3, 2, 0, 0, 0, 0, 2, 0, 0, 0, 0, 0, 0),
(64411, 0, 0, 0, 0, 0, 279552, 2, 2, 0, 0, 0, 0, 0, 0),
(64415, 0, 0, 0, 0, 0, 279552, 2, 2, 0, 0, 0, 0, 45000, 0),
(64440, 0, 0, 0, 0, 0, 0, 0, 0, 32, 0, 0, 0, 0, 0),
(64571, 0, 0, 0, 0, 0, 0, 1, 2, 0, 0, 0, 0, 10000, 0),
(64714, 0, 0, 0, 0, 0, 0, 1, 2, 0, 0, 0, 0, 45000, 0),
(64738, 0, 0, 0, 0, 0, 0, 0, 2, 0, 0, 0, 0, 45000, 0),
(64742, 0, 0, 0, 0, 0, 0, 0, 2, 0, 0, 0, 0, 45000, 0),
(64786, 0, 0, 0, 0, 0, 0, 1, 2, 0, 0, 0, 0, 45000, 0),
(64792, 0, 0, 0, 0, 0, 0, 1, 2, 2, 0, 0, 0, 45000, 0),
(64860, 0, 9, 0, 1, 0, 0, 0, 2, 0, 0, 0, 0, 0, 0),
(64867, 0, 3, 536870945, 4096, 0, 0, 0, 2, 0, 0, 0, 0, 0, 0),
(64882, 0, 10, 0, 1048576, 0, 0, 0, 2, 0, 0, 0, 0, 0, 0),
(64908, 0, 6, 8192, 0, 0, 0, 0, 2, 0, 0, 0, 0, 0, 0),
(64912, 0, 6, 1, 0, 0, 0, 0, 2, 0, 0, 0, 0, 0, 0),
(64938, 0, 4, 2097216, 0, 0, 0, 0, 2, 2, 0, 0, 0, 0, 0),
(64952, 0, 7, 0, 1088, 0, 0, 0, 2, 0, 0, 0, 0, 0, 0),
(64955, 0, 10, 0, 64, 0, 0, 0, 2, 0, 0, 0, 0, 0, 0),
(64964, 0, 15, 0, 536870912, 0, 0, 0, 2, 0, 0, 0, 0, 0, 0),
(64976, 0, 4, 1, 0, 0, 0, 0, 2, 0, 0, 0, 0, 0, 0),
(64999, 0, 0, 0, 0, 0, 0, 0, 2, 0, 4, 0, 0, 0, 0),
(65002, 0, 0, 0, 0, 0, 0, 0, 2, 0, 0, 0, 0, 45000, 0),
(65005, 0, 0, 0, 0, 0, 0, 1, 1, 0, 0, 0, 0, 45000, 0),
(65007, 0, 0, 0, 0, 0, 81920, 3, 1, 0, 0, 0, 0, 0, 0),
(65013, 0, 0, 0, 0, 0, 0, 1, 2, 2, 0, 0, 0, 45000, 0),
(65020, 0, 0, 0, 0, 0, 0, 1, 2, 0, 0, 0, 0, 45000, 0),
(65025, 0, 0, 0, 0, 0, 0, 1, 2, 0, 0, 0, 0, 45000, 0),
(66808, 0, 0, 0, 0, 0, 4, 0, 0, 0, 0, 0, 0, 0, 0),
(67115, 0, 15, 20971520, 0, 0, 0, 0, 2, 0, 0, 0, 0, 45000, 0),
(67151, 0, 0, 0, 0, 0, 0, 1, 2, 0, 0, 0, 0, 45000, 0),
(67353, 0, 7, 32768, 1049856, 0, 0, 0, 2, 0, 0, 0, 0, 0, 0),
(67363, 0, 10, 2147483648, 0, 0, 0, 0, 2, 0, 0, 0, 0, 10000, 0),
(67379, 0, 10, 0, 262144, 0, 0, 0, 2, 0, 0, 0, 0, 0, 0),
(67381, 0, 15, 0, 536870912, 0, 0, 0, 2, 0, 0, 0, 0, 10000, 0),
(67384, 0, 15, 16, 134348800, 0, 0, 0, 2, 0, 0, 0, 80, 10000, 0),
(67386, 0, 11, 1, 0, 0, 65536, 0, 1, 0, 0, 0, 0, 6000, 0),
(67389, 0, 11, 256, 0, 0, 16384, 0, 1, 0, 0, 0, 0, 8000, 0),
(67392, 0, 11, 0, 0, 4, 16, 0, 2, 0, 0, 0, 0, 0, 0),
(67653, 0, 0, 0, 0, 0, 0, 1, 0, 0, 0, 0, 0, 50000, 0),
(67667, 0, 0, 0, 0, 0, 16384, 2, 1, 0, 0, 0, 0, 45000, 0),
(67670, 0, 0, 0, 0, 0, 65536, 1, 1, 0, 0, 0, 0, 45000, 0),
(67672, 0, 0, 0, 0, 0, 8388948, 1, 2, 0, 0, 0, 0, 45000, 0),
(67698, 0, 0, 0, 0, 0, 0, 0, 1, 0, 0, 0, 0, 0, 0),
(67702, 1, 0, 0, 0, 0, 0, 1, 2, 0, 0, 0, 0, 45000, 0),
(67712, 0, 0, 0, 0, 0, 69632, 1, 2, 2, 0, 0, 0, 2000, 0),
(67752, 0, 0, 0, 0, 0, 0, 0, 1, 0, 0, 0, 0, 0, 0),
(67758, 0, 0, 0, 0, 0, 69632, 1, 2, 2, 0, 0, 0, 2000, 0),
(67771, 1, 0, 0, 0, 0, 0, 1, 2, 0, 0, 0, 0, 45000, 0),
(68051, 1, 4, 4, 0, 0, 0, 0, 2, 0, 0, 0, 0, 0, 0),
(68160, 0, 0, 0, 0, 0, 4, 0, 0, 0, 0, 0, 0, 0, 0),
(70188, 0, 0, 0, 0, 0, 0, 0, 0, 16, 0, 0, 0, 0, 0),
(70652, 0, 15, 8, 0, 0, 0, 0, 2, 0, 0, 0, 0, 0, 0),
(70727, 0, 9, 1, 0, 0, 0, 0, 2, 0, 0, 0, 0, 0, 0),
(70748, 0, 3, 0, 2097152, 0, 1024, 0, 2, 0, 0, 0, 0, 0, 0),
(70756, 0, 10, 0, 65536, 0, 0, 2, 2, 0, 0, 0, 0, 0, 0),
(70761, 0, 10, 0, 0, 1, 1024, 0, 2, 0, 0, 0, 0, 0, 0),
(70803, 0, 8, 4063232, 8, 0, 0, 0, 2, 0, 0, 0, 0, 0, 0),
(70807, 0, 11, 0, 0, 16, 0, 0, 2, 0, 0, 0, 0, 0, 0),
(70811, 0, 11, 3, 0, 0, 0, 0, 1, 0, 0, 0, 0, 0, 0),
(70830, 0, 11, 0, 131072, 0, 0, 0, 2, 0, 0, 0, 0, 0, 0),
(71186, 0, 10, 0, 32768, 0, 0, 0, 2, 0, 0, 0, 0, 0, 0),
(71191, 0, 10, 0, 65536, 0, 0, 2, 2, 0, 0, 0, 0, 0, 0),
(71194, 0, 10, 0, 1048576, 0, 0, 0, 2, 0, 0, 0, 0, 0, 0),
(71214, 0, 11, 0, 16, 0, 16, 0, 2, 0, 0, 0, 0, 0, 0),
(71217, 0, 11, 0, 0, 16, 0, 0, 2, 0, 0, 0, 0, 0, 0),
(71226, 0, 15, 16, 134348800, 0, 0, 0, 2, 0, 0, 0, 0, 0, 0),
(71228, 0, 15, 0, 536870912, 0, 0, 0, 2, 0, 0, 0, 0, 0, 0),
(71402, 0, 0, 0, 0, 0, 0, 1, 2, 0, 0, 0, 0, 45000, 0),
(71404, 0, 0, 0, 0, 0, 0, 1, 2, 2, 0, 0, 0, 45000, 0),
(71540, 0, 0, 0, 0, 0, 0, 1, 2, 0, 0, 0, 0, 45000, 0),
(71585, 0, 0, 0, 0, 0, 0, 0, 1, 0, 0, 0, 0, 45000, 0),
(71602, 0, 0, 0, 0, 0, 65536, 1, 1, 0, 0, 0, 0, 45000, 0),
(71611, 0, 0, 0, 0, 0, 0, 2, 2, 0, 0, 0, 0, 45000, 0),
(71642, 0, 0, 0, 0, 0, 0, 2, 2, 0, 0, 0, 0, 45000, 0),
(71645, 0, 0, 0, 0, 0, 65536, 1, 1, 0, 0, 0, 0, 45000, 0),
(71903, 0, 0, 0, 0, 0, 0, 1, 2, 0, 0, 12, 0, 0, 0),
(72413, 0, 0, 0, 0, 0, 0, 1, 2, 0, 0, 0, 10, 60000, 0),
(72417, 0, 0, 0, 0, 0, 327680, 1, 2, 0, 0, 0, 0, 60000, 0),
(72419, 0, 0, 0, 0, 0, 0, 2, 1, 0, 0, 0, 0, 60000, 0),
(74396, 84, 3, 685904631, 1151048, 0, 65536, 0, 1, 0, 0, 0, 0, 0, 0),
(75455, 0, 0, 0, 0, 0, 0, 1, 2, 0, 0, 0, 0, 45000, 0),
(75457, 0, 0, 0, 0, 0, 0, 1, 2, 0, 0, 0, 0, 45000, 0),
(75465, 0, 0, 0, 0, 0, 0, 1, 1, 0, 0, 0, 0, 45000, 0),
(75474, 0, 0, 0, 0, 0, 0, 1, 1, 0, 0, 0, 0, 45000, 0),
(-12317, 0, 0, 0, 0, 0, 0, 1, 0, 0, 0, 0, 0, 0, 0),
(63057, 0, 7, 0, 262144, 0, 16384, 0, 2, 0, 0, 0, 0, 0, 0),
(71571, 0, 0, 0, 0, 0, 0, 1, 2, 0, 2, 0, 0, 0, 0),
(71573, 0, 0, 0, 0, 0, 0, 1, 2, 0, 2, 0, 0, 0, 0),
(71865, 0, 0, 0, 0, 0, 0, 2, 2, 0, 2, 0, 0, 0, 0),
(71868, 0, 0, 0, 0, 0, 0, 2, 2, 0, 2, 0, 0, 0, 0),
(75490, 0, 0, 0, 0, 0, 0, 2, 2, 0, 2, 0, 0, 0, 0),
(75495, 0, 0, 0, 0, 0, 0, 2, 2, 0, 2, 0, 0, 0, 0),
(53651, 0, 0, 0, 0, 0, 0, 2, 0, 0, 2, 0, 0, 0, 0),
(53257, 0, 9, 0, 268435456, 0, 16, 1, 2, 2, 8, 0, 0, 0, 0),
(-31226, 0, 8, 0, 524288, 0, 0, 5, 2, 0, 2, 0, 0, 0, 0),
(-51682, 0, 8, 0, 524288, 0, 0, 4, 2, 0, 2, 0, 0, 0, 0),
(53817, 0, 11, 451, 32768, 0, 0, 0, 1, 0, 8, 0, 0, 0, 0),
(12328, 0, 4, 0, 0, 0, 0, 1, 2, 0, 2, 0, 0, 0, 0),
(21084, 0, 0, 0, 0, 0, 0, 1, 2, 0, 2, 0, 0, 0, 0),
(5118, 0, 0, 0, 0, 0, 0, 1, 0, 0, 2, 0, 0, 0, 0),
(13159, 0, 0, 0, 0, 0, 0, 1, 0, 0, 2, 0, 0, 0, 0),
(-168, 0, 0, 0, 0, 0, 0, 1, 0, 1027, 2, 0, 0, 0, 0),
(-7302, 0, 0, 0, 0, 0, 0, 1, 0, 1027, 2, 0, 0, 0, 0),
(-30482, 0, 0, 0, 0, 0, 0, 1, 0, 1027, 2, 0, 0, 0, 0),
(17670, 0, 0, 0, 0, 0, 0, 0, 0, 0, 0, 0, 0, 0, 0),
(50908, 0, 0, 0, 0, 0, 0, 0, 0, 0, 0, 0, 0, 0, 0),
(58501, 0, 0, 0, 0, 0, 0, 0, 0, 0, 0, 0, 0, 0, 0),
(-1120, 0, 0, 0, 0, 0, 0, 0, 0, 0, 1, 0, 0, 0, 0),
(-49200, 126, 0, 0, 0, 0, 0, 1, 0, 0, 2, 0, 0, 0, 0),
(41350, 0, 0, 0, 0, 0, 0, 1, 2, 0, 2, 0, 0, 0, 0),
(18708, 0, 5, 536870912, 0, 0, 0, 0, 1, 0, 8, 0, 0, 0, 0),
(57529, 0, 3, 0, 0, 0, 0, 0, 1, 0, 0, 0, 0, 0, 0),
(57531, 0, 3, 0, 0, 0, 0, 0, 1, 0, 0, 0, 0, 0, 0),
(72059, 0, 0, 0, 0, 0, 0, 1, 0, 1027, 2, 0, 0, 0, 0),
(-11103, 0, 0, 0, 0, 0, 0, 1, 2, 0, 0, 0, 0, 0, 0),
(13234, 0, 0, 0, 0, 0, 0, 1, 0, 1027, 2, 0, 0, 0, 0),
(12043, 0, 3, 1631584309, 4096, 0, 0, 7, 1, 0, 8, 0, 0, 0, 0),
(16166, 0, 11, 3, 4096, 0, 0, 7, 1, 0, 8, 0, 0, 0, 0),
(17116, 0, 7, 268436065, 33554464, 32768, 0, 7, 1, 0, 8, 0, 0, 0, 0),
(-53583, 0, 0, 0, 0, 0, 0, 1, 2, 0, 0, 0, 0, 0, 0),
(53515, 0, 0, 0, 0, 0, 0, 3, 2, 0, 0, 0, 0, 0, 0),
(71993, 0, 0, 0, 0, 0, 4, 0, 0, 12287, 0, 0, 0, 4000, 0),
(35321, 0, 0, 0, 0, 0, 0, 2, 0, 0, 0, 0, 0, 0, 0),
(38363, 0, 0, 0, 0, 0, 0, 2, 0, 0, 0, 0, 0, 0, 0),
(39215, 0, 0, 0, 0, 0, 0, 2, 0, 0, 0, 0, 0, 0, 0),
(45092, 0, 0, 0, 0, 0, 0, 0, 0, 0, 0, 0, 0, 0, 0),
(50871, 0, 9, 0, 1073741824, 0, 0, 1, 2, 2, 0, 0, 0, 0, 0),
(32065, 0, 0, 0, 0, 0, 524288, 1, 0, 0, 0, 0, 0, 0, 0),
(36659, 0, 0, 0, 0, 0, 524288, 1, 0, 0, 0, 0, 0, 0, 0),
(4341, 0, 0, 0, 0, 0, 4096, 1, 1, 0, 0, 0, 0, 0, 0),
(70904, 0, 6, 0, 0, 2048, 2048, 4, 0, 0, 0, 0, 0, 0, 0),
(63849, 0, 0, 0, 0, 0, 0, 0, 0, 0, 0, 0, 0, 0, 0),
(23591, 0, 10, 8388608, 0, 0, 16, 0, 2, 0, 2, 0, 0, 0, 0),
(-16689, 0, 0, 0, 0, 0, 0, 1, 0, 0, 0, 0, 0, 0, 0),
(-588, 0, 0, 0, 0, 0, 0, 1, 0, 0, 0, 0, 0, 0, 0),
(-59887, 0, 0, 0, 0, 0, 0, 0, 1, 0, 0, 0, 0, 0, 0),
(71567, 0, 0, 0, 0, 0, 0, 2, 2, 0, 0, 0, 0, 400, 0),
(-14143, 0, 8, 1191182854, 2097152, 0, 0, 1, 2, 0, 8, 0, 0, 0, 0),
(60617, 0, 0, 0, 0, 0, 0, 0, 0, 32, 0, 0, 0, 0, 0),
(40816, 0, 0, 0, 0, 0, 0, 0, 2, 0, 0, 0, 0, 7000, 0);

-- Threat of Thassarian triggered spells, for easier script access
DELETE FROM `spell_ranks` WHERE `first_spell_id` IN (59133,66198,66196,66216,66188,66215);
INSERT INTO `spell_ranks` (`first_spell_id`, `spell_id`, `rank`) VALUES
(66198, 66198, 1),
(66198, 66972, 2),
(66198, 66973, 3),
(66198, 66974, 4),

(66196, 66196, 1),
(66196, 66958, 2),
(66196, 66959, 3),
(66196, 66960, 4),
(66196, 66961, 5),
(66196, 66962, 6),

(66216, 66216, 1),
(66216, 66988, 2),
(66216, 66989, 3),
(66216, 66990, 4),
(66216, 66991, 5),
(66216, 66992, 6),

(66188, 66188, 1),
(66188, 66950, 2),
(66188, 66951, 3),
(66188, 66952, 4),
(66188, 66953, 5),

(66215, 66215, 1),
(66215, 66975, 2),
(66215, 66976, 3),
(66215, 66977, 4),
(66215, 66978, 5),
(66215, 66979, 6);

-- Remove renamed scripts
DELETE FROM `spell_script_names` WHERE `ScriptName` IN ('spell_gen_dummy_trigger','spell_pri_item_greater_heal_refund');

-- Stop console spam from dummy EFFECT_2 proc
DELETE FROM `spell_script_names` WHERE `ScriptName` = 'spell_pal_seals';
INSERT INTO `spell_script_names` (`spell_id`, `ScriptName`) VALUES
(20375, 'spell_pal_seals'), -- Seal of Command
(21084, 'spell_pal_seals'), -- Seal of Righteousness
(31801, 'spell_pal_seals'), -- Seal of Vengeance
(31892, 'spell_pal_seals'), -- Seal of Blood
(33127, 'spell_pal_seals'), -- Seal of Command
(38008, 'spell_pal_seals'), -- Seal of Blood
(41459, 'spell_pal_seals'), -- Seal of Blood
(53720, 'spell_pal_seals'), -- Seal of the Martyr
(53736, 'spell_pal_seals'); -- Seal of Corruption

-- Grouped several hacks and handled with AuraScript now
DELETE FROM `spell_script_names` WHERE `ScriptName` = 'spell_mage_fingers_of_frost';
INSERT INTO `spell_script_names` (`spell_id`, `ScriptName`) VALUES
(74396, 'spell_mage_fingers_of_frost'); -- Fingers of Frost

-- Add spellscripts to spells previously on giant switches in Unit.cpp
DELETE FROM `spell_script_names` WHERE `ScriptName`='spell_rog_t10_2p_bonus';
DELETE FROM `spell_script_names` WHERE `ScriptName` IN ('spell_sha_flametongue_weapon','spell_mage_imp_blizzard','spell_warr_deep_wounds_aura','spell_rog_setup','spell_pri_improved_spirit_tap','spell_sha_imp_water_shield','spell_pal_improved_lay_of_hands','spell_pal_heart_of_the_crusader','spell_warl_seed_of_corruption_dummy','spell_mage_magic_absorption','spell_warr_extra_proc','spell_warr_second_wind','spell_warl_soul_leech','spell_sha_lightning_overload','spell_rog_quick_recovery','spell_mage_arcane_potency','spell_mage_empowered_fire','spell_pal_spiritual_attunement','spell_pal_divine_purpose','spell_pal_judgements_of_the_wise','spell_hun_thrill_of_the_hunt','spell_mage_missile_barrage','spell_mage_hot_streak','spell_pri_imp_shadowform','spell_dk_butchery','spell_item_unstable_power','spell_item_restless_strength','spell_pri_aq_3p_bonus','spell_item_persistent_shield','spell_dru_revitalize','spell_dk_scent_of_blood_trigger','spell_dk_vendetta','spell_dk_sudden_doom','spell_dk_blade_barrier','spell_dk_wandering_plague','spell_sha_astral_shift_aura','spell_dk_necrosis','spell_sha_static_shock','spell_sha_maelstrom_weapon','spell_sha_ancestral_awakening','spell_rog_deadly_brew','spell_rog_turn_the_tables','spell_rog_cut_to_the_chase','spell_pet_guard_dog','spell_hun_rapid_recuperation_trigger','spell_hun_hunting_party','spell_pal_infusion_of_light','spell_pal_judgements_of_the_just','spell_mage_burning_determination','spell_warr_improved_spell_reflection','spell_pet_culling_the_herd','spell_pet_silverback','spell_warl_decimation','spell_sha_frozen_power','spell_pri_body_and_soul','spell_dk_threat_of_thassarian','spell_warl_seduction','spell_mage_combustion','spell_pri_vampiric_embrace','spell_dru_omen_of_clarity','spell_item_alchemists_stone','spell_pal_judgement_of_light_heal','spell_pal_judgement_of_wisdom_mana','spell_twisted_reflection','spell_dru_t3_2p_bonus','spell_dru_t3_8p_bonus','spell_dru_t3_6p_bonus','spell_pal_t3_6p_bonus','spell_pri_t3_4p_bonus','spell_sha_t3_6p_bonus','spell_warr_t3_prot_8p_bonus','spell_item_healing_touch_refund','spell_item_totem_of_flowing_water','spell_sha_shamanistic_rage','spell_pal_seal_of_vengeance','spell_warl_seed_of_corruption_generic','spell_mark_of_malice','spell_item_mark_of_conquest','spell_sha_windfury_weapon','spell_dru_t4_2p_bonus','spell_pri_t5_heal_2p_bonus','spell_anetheron_vampiric_aura','spell_item_frozen_shadoweave','spell_item_aura_of_madness','spell_pri_item_t6_trinket','spell_dru_item_t6_trinket','spell_sha_item_t6_trinket','spell_pal_item_t6_trinket','spell_item_crystal_spire_of_karabor','spell_item_dementia','spell_item_pet_healing','spell_warl_t4_2p_bonus_shadow','spell_warl_t4_2p_bonus_fire','spell_mage_gen_extra_effects','spell_uk_second_wind','spell_item_sunwell_exalted_caster_neck','spell_item_sunwell_exalted_melee_neck','spell_item_sunwell_exalted_tank_neck','spell_item_sunwell_exalted_healer_neck','spell_warl_glyph_of_corruption_nightfall','spell_dk_mark_of_blood','spell_dk_dancing_rune_weapon','spell_dk_hungering_cold','spell_pal_sacred_shield_dummy','spell_warl_demonic_pact','spell_pal_seal_of_corruption','spell_dru_glyph_of_rejuvenation','spell_dru_glyph_of_shred','spell_dru_glyph_of_rake','spell_dru_glyph_of_innervate','spell_dru_glyph_of_starfire_dummy','spell_pal_glyph_of_holy_light_dummy','spell_pal_glyph_of_divinity','spell_sha_tidal_force_dummy','spell_sha_glyph_of_healing_wave','spell_pri_glyph_of_dispel_magic','spell_mage_glyph_of_icy_veins','spell_mage_glyph_of_polymorph','spell_rog_glyph_of_backstab','spell_hun_glyph_of_mend_pet','spell_pri_shadowfiend_death','spell_warr_glyph_of_blocking','spell_dk_glyph_of_scourge_strike','spell_sha_spirit_hunt','spell_hun_kill_command_pet','spell_item_swift_hand_justice_dummy','spell_item_discerning_eye_beast_dummy','spell_mage_imp_mana_gems','spell_dk_pvp_4p_bonus','spell_dru_savage_defense','spell_sha_glyph_of_earth_shield','spell_sha_glyph_of_totem_of_wrath','spell_warl_glyph_of_life_tap','spell_item_purified_shard_of_the_scale','spell_item_shiny_shard_of_the_scale','spell_dru_t10_balance_4p_bonus','spell_dru_t10_restoration_4p_bonus_dummy','spell_sha_t10_restoration_4p_bonus','spell_sha_t10_elemental_4p_bonus','spell_warr_item_t10_prot_4p_bonus','spell_item_tiny_abomination_in_a_jar','spell_item_tiny_abomination_in_a_jar_hero','spell_item_deadly_precision_dummy','spell_item_deadly_precision','spell_item_heartpierce','spell_item_heartpierce_hero','spell_item_deathbringers_will_normal','spell_item_deathbringers_will_heroic','spell_putricide_ooze_tank_protection','spell_deathbringer_blood_beast_blood_link');
INSERT INTO `spell_script_names` (`spell_id`, `ScriptName`) VALUES
(-10400, 'spell_sha_flametongue_weapon'),
(-11185, 'spell_mage_imp_blizzard'),
(-12834, 'spell_warr_deep_wounds_aura'),
(-13983, 'spell_rog_setup'),
(-15337, 'spell_pri_improved_spirit_tap'),
(-16180, 'spell_sha_imp_water_shield'),
(-20234, 'spell_pal_improved_lay_of_hands'),
(-20335, 'spell_pal_heart_of_the_crusader'),
(-27243, 'spell_warl_seed_of_corruption_dummy'),
(-29441, 'spell_mage_magic_absorption'),

(-29723, 'spell_warr_extra_proc'),
(-46913, 'spell_warr_extra_proc'),

(-29834, 'spell_warr_second_wind'),
(-30293, 'spell_warl_soul_leech'),
(-30675, 'spell_sha_lightning_overload'),
(-31244, 'spell_rog_quick_recovery'),
(-31571, 'spell_mage_arcane_potency'),
(-31656, 'spell_mage_empowered_fire'),
(-31785, 'spell_pal_spiritual_attunement'),
(-31871, 'spell_pal_divine_purpose'),
(-31876, 'spell_pal_judgements_of_the_wise'),
(-34497, 'spell_hun_thrill_of_the_hunt'),
(-44404, 'spell_mage_missile_barrage'),
(-44445, 'spell_mage_hot_streak'),
(-47569, 'spell_pri_imp_shadowform'),
(-48979, 'spell_dk_butchery'),
(-48539, 'spell_dru_revitalize'),

(-49004, 'spell_dk_scent_of_blood_trigger'),
(-49015, 'spell_dk_vendetta'),
(-49018, 'spell_dk_sudden_doom'),
(-49182, 'spell_dk_blade_barrier'),
(-49217, 'spell_dk_wandering_plague'),
(-51474, 'spell_sha_astral_shift_aura'),
(-51459, 'spell_dk_necrosis'),
(-51525, 'spell_sha_static_shock'),
(-51556, 'spell_sha_ancestral_awakening'),
(-51625, 'spell_rog_deadly_brew'),
(-51627, 'spell_rog_turn_the_tables'),
(-51664, 'spell_rog_cut_to_the_chase'),
(-53178, 'spell_pet_guard_dog'),
(-53228, 'spell_hun_rapid_recuperation_trigger'),
(-53290, 'spell_hun_hunting_party'),
(-53569, 'spell_pal_infusion_of_light'),
(-53695, 'spell_pal_judgements_of_the_just'),
(-54747, 'spell_mage_burning_determination'),
(-59088, 'spell_warr_improved_spell_reflection'),
(-61680, 'spell_pet_culling_the_herd'),
(-62764, 'spell_pet_silverback'),
(-63156, 'spell_warl_decimation'),
(-63373, 'spell_sha_frozen_power'),
(-64127, 'spell_pri_body_and_soul'),
(-65661, 'spell_dk_threat_of_thassarian'),
(6358,   'spell_warl_seduction'),
(11129,  'spell_mage_combustion'),
(15286,  'spell_pri_vampiric_embrace'),
(16864,  'spell_dru_omen_of_clarity'),
(17619,  'spell_item_alchemists_stone'),
(20185,  'spell_pal_judgement_of_light_heal'),
(20186,  'spell_pal_judgement_of_wisdom_mana'),
(21063,  'spell_twisted_reflection'),
(24658,  'spell_item_unstable_power'),
(24661,  'spell_item_restless_strength'),
(26169,  'spell_pri_aq_3p_bonus'),
(26467,  'spell_item_persistent_shield'),
(28716,  'spell_dru_t3_2p_bonus'),
(28719,  'spell_dru_t3_8p_bonus'),
(28744,  'spell_dru_t3_6p_bonus'),
(28789,  'spell_pal_t3_6p_bonus'),
(28809,  'spell_pri_t3_4p_bonus'),
(28823,  'spell_sha_t3_6p_bonus'),
(28845,  'spell_warr_t3_prot_8p_bonus'),
(28847,  'spell_item_healing_touch_refund'),
(28849,  'spell_item_totem_of_flowing_water'),
(30823,  'spell_sha_shamanistic_rage'),
(31801,  'spell_pal_seal_of_vengeance'),

(32863,  'spell_warl_seed_of_corruption_generic'),
(36123,  'spell_warl_seed_of_corruption_generic'),
(38252,  'spell_warl_seed_of_corruption_generic'),
(39367,  'spell_warl_seed_of_corruption_generic'),
(44141,  'spell_warl_seed_of_corruption_generic'),
(70388,  'spell_warl_seed_of_corruption_generic'),

(33493,  'spell_mark_of_malice'),
(33510,  'spell_item_mark_of_conquest'),
(33757,  'spell_sha_windfury_weapon'),
(37288,  'spell_dru_t4_2p_bonus'),
(37295,  'spell_dru_t4_2p_bonus'),
(37594,  'spell_pri_t5_heal_2p_bonus'),
(38196,  'spell_anetheron_vampiric_aura'),
(39372,  'spell_item_frozen_shadoweave'),
(39446,  'spell_item_aura_of_madness'),
(40438,  'spell_pri_item_t6_trinket'),
(40442,  'spell_dru_item_t6_trinket'),
(40463,  'spell_sha_item_t6_trinket'),
(40470,  'spell_pal_item_t6_trinket'),
(40971,  'spell_item_crystal_spire_of_karabor'),
(41404,  'spell_item_dementia'),

(37381,  'spell_item_pet_healing'),

(37377,  'spell_warl_t4_2p_bonus_shadow'),
(39437,  'spell_warl_t4_2p_bonus_fire'),

(44401,  'spell_mage_gen_extra_effects'),
(48108,  'spell_mage_gen_extra_effects'),
(57761,  'spell_mage_gen_extra_effects'),

(42770,  'spell_uk_second_wind'),
(45481,  'spell_item_sunwell_exalted_caster_neck'),
(45482,  'spell_item_sunwell_exalted_melee_neck'),
(45483,  'spell_item_sunwell_exalted_tank_neck'),
(45484,  'spell_item_sunwell_exalted_healer_neck'),

(-18094, 'spell_warl_glyph_of_corruption_nightfall'),
(56218,  'spell_warl_glyph_of_corruption_nightfall'),

(49005,  'spell_dk_mark_of_blood'),
(49028,  'spell_dk_dancing_rune_weapon'),
(51209,  'spell_dk_hungering_cold'),

(53601,  'spell_pal_sacred_shield_dummy'),

(53646,  'spell_warl_demonic_pact'),
(54909,  'spell_warl_demonic_pact'),

(53736,  'spell_pal_seal_of_corruption'),
(53817,  'spell_sha_maelstrom_weapon'),
(54748,  'spell_mage_burning_determination'),
(54754,  'spell_dru_glyph_of_rejuvenation'),
(54815,  'spell_dru_glyph_of_shred'),
(54821,  'spell_dru_glyph_of_rake'),
(54832,  'spell_dru_glyph_of_innervate'),
(54845,  'spell_dru_glyph_of_starfire_dummy'),
(54937,  'spell_pal_glyph_of_holy_light_dummy'),
(54939,  'spell_pal_glyph_of_divinity'),
(55198,  'spell_sha_tidal_force_dummy'),
(55440,  'spell_sha_glyph_of_healing_wave'),
(55677,  'spell_pri_glyph_of_dispel_magic'),
(56374,  'spell_mage_glyph_of_icy_veins'),
(56375,  'spell_mage_glyph_of_polymorph'),
(56800,  'spell_rog_glyph_of_backstab'),
(57870,  'spell_hun_glyph_of_mend_pet'),
(57989,  'spell_pri_shadowfiend_death'),
(58375,  'spell_warr_glyph_of_blocking'),
(58642,  'spell_dk_glyph_of_scourge_strike'),
(58877,  'spell_sha_spirit_hunt'),
(58914,  'spell_hun_kill_command_pet'),
(59906,  'spell_item_swift_hand_justice_dummy'),
(59915,  'spell_item_discerning_eye_beast_dummy'),

(37447,  'spell_mage_imp_mana_gems'),
(61062,  'spell_mage_imp_mana_gems'),

(61257,  'spell_dk_pvp_4p_bonus'),
(62600,  'spell_dru_savage_defense'),
(63279,  'spell_sha_glyph_of_earth_shield'),
(63280,  'spell_sha_glyph_of_totem_of_wrath'),
(63320,  'spell_warl_glyph_of_life_tap'),
(69755,  'spell_item_purified_shard_of_the_scale'),
(69739,  'spell_item_shiny_shard_of_the_scale'),
(70723,  'spell_dru_t10_balance_4p_bonus'),
(70664,  'spell_dru_t10_restoration_4p_bonus_dummy'),
(70808,  'spell_sha_t10_restoration_4p_bonus'),
(70817,  'spell_sha_t10_elemental_4p_bonus'),
(70844,  'spell_warr_item_t10_prot_4p_bonus'),

(71406,  'spell_item_tiny_abomination_in_a_jar'),
(71545,  'spell_item_tiny_abomination_in_a_jar_hero'),

(71563,  'spell_item_deadly_precision_dummy'),
(71564,  'spell_item_deadly_precision'),

(71880,  'spell_item_heartpierce'),
(71892,  'spell_item_heartpierce_hero'),

(71519,  'spell_item_deathbringers_will_normal'),
(71562,  'spell_item_deathbringers_will_heroic'),

(71201,  'spell_igb_battle_experience_check'),
(61685,  'spell_pet_charge'),
(-49200,  'spell_dk_acclimation'),
(70656,  'spell_dk_advantage_t10_4p'),
(37336,  'spell_dru_forms_trinket'),
(67353,  'spell_dru_t9_feral_relic'),
(13567,  'spell_gen_dummy_trigger'),
(-53234,  'spell_hun_piercing_shots'),
(67151,  'spell_hun_t9_4p_bonus'),
(-31641,  'spell_mage_blazing_speed'),
(-20210,  'spell_pal_illumination'),
(-27811,  'spell_pri_blessed_recovery'),
(37594,  'spell_pri_item_greater_heal_refund'),
(-47580,  'spell_pri_pain_and_suffering_dummy'),
(-324,  'spell_sha_lightning_shield'),
(-30881,  'spell_sha_nature_guardian'),
(-30299,  'spell_warl_nether_protection'),
(60510,  'spell_item_soul_preserver'),
(67702,  'spell_item_death_choice'),
(67771,  'spell_item_death_choice'),
(37657,  'spell_item_lightning_capacitor'),
(54841,  'spell_item_thunder_capacitor'),
(67712,  'spell_item_toc25_normal_caster_trinket'),
(67758,  'spell_item_toc25_heroic_caster_trinket'),
(57345,  'spell_item_darkmoon_card_greatness'),
(43820,  'spell_item_charm_witch_doctor'),
(27522,  'spell_item_mana_drain'),
(40336,  'spell_item_mana_drain'),

(71770,  'spell_putricide_ooze_tank_protection'),
(72176,  'spell_deathbringer_blood_beast_blood_link');

-- Kill the damned thing already!
DROP TABLE IF EXISTS `spell_proc_event`;
