-- Delete all pools
DELETE FROM `pool_template` WHERE `entry` IN (8085, 8086, 8087) AND `description` LIKE 'Zangarmarsh%';
DELETE FROM `pool_gameobject` WHERE `guid` IN (21,1801,2730,16819,16820,16824,16825,16828,16829,16831,16836,16837,16839,16840,16841,16843,16847,16848,16850,16851,17172,17177,17178,17185,17665,17779,17844,20364,20944,21553,21554,22442,23956,23957,23959,23961,23962,23963,23964,23965,23968,23969,28313,28316,30408,30417,30544,32744,32824,33835,40534,40535,40536,40537,40538,40539,40578,40583,40584,40586,40587,40588,40590,40592,40593,40594,40596,40597,40598,40599,40600,40601,40602,40603,40604,40605,40607,40608,42178,42215,42217,42218,42226,42227,42236,42237,42240,42242,42245,42246,42247,42296,42346,42430,61290,61291,61304,61305,61312,61313,61315,61316,64802,64804,64805,64806,64807,64808,64810,64846,64847,64848,64849,64850,64851,64852,85916,85917,85918,85919,85920,87045,87125,87126,87127,87128,87398,87399,100198,101758,101759) AND `pool_entry` IN (8085, 8086, 8087) AND `description` LIKE '%Zangarmarsh%';

-- Turn all into Ragveil
UPDATE `gameobject` SET `id` = 183043 WHERE `guid` IN (21,1801,2730,16819,16820,16824,16825,16828,16829,16831,16836,16837,16839,16840,16841,16843,16847,16848,16850,16851,17172,17177,17178,17185,17665,17779,17844,20364,20944,21553,21554,23956,23957,23959,23961,23962,23963,23964,23965,23968,23969,28313,28316,30408,30417,30544,32744,32824,33835,40534,40535,40536,40537,40538,40539,40578,40583,40584,40586,40587,40588,40590,40592,40593,40594,40596,40597,40598,40599,40600,40601,40602,40603,40604,40605,40607,40608,42178,42215,42217,42218,42226,42227,42236,42237,42240,42242,42245,42246,42247,42296,42346,42430,61290,61291,61304,61305,61312,61313,61315,61316,64802,64804,64805,64806,64807,64808,64810,64846,64847,64848,64849,64850,64851,64852,85916,85917,85918,85919,85920,87045,87125,87126,87127,87128,87398,87399,100198,101758,101759) AND `id` = 181276 AND `map` = 530 AND `zoneId` = 3521;

SET @OGUID := 2893;
DELETE FROM `gameobject` WHERE `guid` BETWEEN @OGUID AND @OGUID+129 AND `id` = 181276 AND `map` = 530 AND `zoneId` = 3521;
INSERT INTO `gameobject` (`guid`, `id`, `map`, `zoneId`, `position_x`, `position_y`, `position_z`, `orientation`, `rotation0`, `rotation1`, `rotation2`, `rotation3`, `spawntimesecs`, `state`) VALUES
(@OGUID+0  , 181276, 530, 3521, -107.806, 7915.09, 21.2482, 2.79253, 0, 0, 0.984808, 0.173648, 900, 1),
(@OGUID+1  , 181276, 530, 3521, 426.372, 7143.61, 23.2572, -0.663223, 0, 0, 0, 1, 900, 1),
(@OGUID+2  , 181276, 530, 3521, 907.398, 5773.45, 10.7675, -1.58825, 0, 0, 0.71325, -0.700909, 900, 1),
(@OGUID+3  , 181276, 530, 3521, 366.143, 8161.63, 23.1978, -0.628317, 0, 0, 0, 1, 900, 1),
(@OGUID+4  , 181276, 530, 3521, -593.064, 5314.64, 22.9118, -0.575957, 0, 0, 0, 1, 900, 1),
(@OGUID+5  , 181276, 530, 3521, -448.393, 5388.17, 22.3863, 0.837757, 0, 0, 0, 1, 900, 1),
(@OGUID+6  , 181276, 530, 3521, 58.6755, 5531.17, 23.8776, -1.37881, 0, 0, 0, 1, 900, 1),
(@OGUID+7  , 181276, 530, 3521, 698.649, 7816.91, 22.2145, -2.56563, 0, 0, 0, 1, 900, 1),
(@OGUID+8  , 181276, 530, 3521, 919.076, 7500.88, 22.2466, 1.74533, 0, 0, 0, 1, 900, 1),
(@OGUID+9  , 181276, 530, 3521, 154.377, 8310.03, 23.5881, -0.366518, 0, 0, 0, 1, 900, 1),
(@OGUID+10 , 181276, 530, 3521, 402.496, 8050.45, 24.0536, -1.46608, 0, 0, 0, 1, 900, 1),
(@OGUID+11 , 181276, 530, 3521, -228.201, 5812.67, 23.5458, -1.69297, 0, 0, 0, 1, 900, 1),
(@OGUID+12 , 181276, 530, 3521, 248.869, 5376.13, 22.2604, -0.855211, 0, 0, 0, 1, 900, 1),
(@OGUID+13 , 181276, 530, 3521, 705.322, 5845.69, 27.0197, -0.104719, 0, 0, 0, 1, 900, 1),
(@OGUID+14 , 181276, 530, 3521, 611.324, 5518.14, -1.16461, -1.79769, 0, 0, 0, 1, 900, 1),
(@OGUID+15 , 181276, 530, 3521, 458.682, 5300.45, -1.45927, -1.5708, 0, 0, 0, 1, 900, 1),
(@OGUID+16 , 181276, 530, 3521, -211.253, 6958.59, 20.9092, -1.43117, 0, 0, 0, 1, 900, 1),
(@OGUID+17 , 181276, 530, 3521, -193.153, 7896.41, 20.4815, 2.19912, 0, 0, 0, 1, 900, 1),
(@OGUID+18 , 181276, 530, 3521, -1027.54, 5276.3, 22.8396, 1.76278, 0, 0, 0, 1, 900, 1),
(@OGUID+19 , 181276, 530, 3521, 42.8332, 7622.71, 23.872, 0, 0, 0, 0, 1, 900, 1),
(@OGUID+20 , 181276, 530, 3521, 235.551, 5897.5, 22.0829, 1.78023, 0, 0, 0, 1, 900, 1),
(@OGUID+21 , 181276, 530, 3521, 204.353, 8169.52, 23.3274, 0.401425, 0, 0, 0, 1, 900, 1),
(@OGUID+22 , 181276, 530, 3521, 541.682, 5959.59, 22.2652, 2.1293, 0, 0, 0, 1, 900, 1),
(@OGUID+23 , 181276, 530, 3521, 568.935, 7617.03, 21.8145, 2.30383, 0, 0, 0, 1, 900, 1),
(@OGUID+24 , 181276, 530, 3521, -83.7279, 8736.5, 20.927, -1.79769, 0, 0, 0, 1, 900, 1),
(@OGUID+25 , 181276, 530, 3521, 1000.79, 8098.37, 22.8685, -2.47837, 0, 0, 0, 1, 900, 1),
(@OGUID+26 , 181276, 530, 3521, -87.9494, 8452.43, 22.1782, 0.191985, 0, 0, 0, 1, 900, 1),
(@OGUID+27 , 181276, 530, 3521, -894.192, 5466.5, 22.4142, -1.90241, 0, 0, 0.814116, -0.580703, 900, 1),
(@OGUID+28 , 181276, 530, 3521, -784.561, 5929.42, 23.2148, -3.00197, 0, 0, 0.997564, -0.069756, 900, 1),
(@OGUID+29 , 181276, 530, 3521, 863.5, 7637.16, 22.8081, -2.02458, 0, 0, 0.848048, -0.529919, 900, 1),
(@OGUID+30 , 181276, 530, 3521, 6.31912, 8596.54, 22.0617, -2.87979, 0, 0, 0.991445, -0.130526, 900, 1),
(@OGUID+31 , 181276, 530, 3521, 657.941, 6443.58, 21.3223, 2.33874, 0, 0, 0.920505, 0.390731, 900, 1),
(@OGUID+32 , 181276, 530, 3521, 785.26, 6723.05, 20.0622, 1.79769, 0, 0, 0.782608, 0.622515, 900, 1),
(@OGUID+33 , 181276, 530, 3521, 755.452, 7906.58, 23.3914, 0, 0, 0, 0, 1, 900, 1),
(@OGUID+34 , 181276, 530, 3521, 978.896, 8378.65, 23.2019, -0.733038, 0, 0, 0.358368, -0.93358, 900, 1),
(@OGUID+35 , 181276, 530, 3521, 558.517, 8079.06, 23.1242, -1.72788, 0, 0, 0.760406, -0.649448, 900, 1),
(@OGUID+36 , 181276, 530, 3521, 1029.5, 8594.19, 23.766, -2.67035, 0, 0, 0.97237, -0.233445, 900, 1),
(@OGUID+37 , 181276, 530, 3521, 916.977, 8606.69, 22.5519, -2.04204, 0, 0, 0.85264, -0.522498, 900, 1),
(@OGUID+38 , 181276, 530, 3521, 742.956, 8687.42, 15.1519, -2.61799, 0, 0, 0.965926, -0.258819, 900, 1),
(@OGUID+39 , 181276, 530, 3521, -131.107, 8814.37, 24.3029, -2.1293, 0, 0, 0.87462, -0.48481, 900, 1),
(@OGUID+40 , 181276, 530, 3521, 522.205, 6323.62, 22.5429, -3.10669, 0, 0, 0.999848, -0.017452, 900, 1),
(@OGUID+41 , 181276, 530, 3521, -292.536, 5995.26, 24.0665, -1.62316, 0, 0, 0.725374, -0.688354, 900, 1),
(@OGUID+42 , 181276, 530, 3521, -492.669, 5920.06, 24.1321, -1.88496, 0, 0, 0.809017, -0.587785, 900, 1),
(@OGUID+43 , 181276, 530, 3521, -147.499, 5645.65, 22.4478, -0.506145, 0, 0, 0.25038, -0.968148, 900, 1),
(@OGUID+44 , 181276, 530, 3521, -608.048, 5877.87, 22.5833, -1.51844, 0, 0, 0.688354, -0.725374, 900, 1),
(@OGUID+45 , 181276, 530, 3521, 610.609, 6015.39, 23.009, 2.82743, 0, 0, 0.987688, 0.156434, 900, 1),
(@OGUID+46 , 181276, 530, 3521, 845.668, 8114.97, 22.6411, 2.54818, 0, 0, 0.956305, 0.292372, 900, 1),
(@OGUID+47 , 181276, 530, 3521, 1358.66, 8558.92, 21.8467, 2.04204, 0, 0, 0.85264, 0.522499, 900, 1),
(@OGUID+48 , 181276, 530, 3521, 220.082, 7667.34, 23.1641, -1.15192, 0, 0, 0.544639, -0.838671, 900, 1),
(@OGUID+49 , 181276, 530, 3521, -202.466, 7536.72, 22.0793, -1.46608, 0, 0, 0, 1, 900, 1),
(@OGUID+50 , 181276, 530, 3521, 695.266, 5437.31, -24.5709, 0, 0, 0, 0, 0, 900, 1),
(@OGUID+51 , 181276, 530, 3521, 904.501, 5418.78, 10.0337, 0, 0, 0, 0, 0, 900, 1),
(@OGUID+52 , 181276, 530, 3521, 536.714, 5436.1, -3.00072, 0, 0, 0, 0, 0, 900, 1),
(@OGUID+53 , 181276, 530, 3521, 565.942, 7985.94, 21.6704, -0.680679, 0, 0, 0, 1, 900, 1),
(@OGUID+54 , 181276, 530, 3521, 325.04, 5720.3, 22.4669, 0, 0, 0, 0, 0, 900, 1),
(@OGUID+55 , 181276, 530, 3521, 1030.67, 8727.31, 5.33556, 0, 0, 0, 0, 0, 900, 1),
(@OGUID+56 , 181276, 530, 3521, 309.43, 5341.78, 22.8067, 0, 0, 0, 0, 0, 900, 1),
(@OGUID+57 , 181276, 530, 3521, 541.504, 5192.18, 3.11218, 0, 0, 0, 0, 0, 900, 1),
(@OGUID+58 , 181276, 530, 3521, 725.806, 5508.13, -1.81071, 0, 0, 0, 0, 0, 900, 1),
(@OGUID+59 , 181276, 530, 3521, 824.051, 5370.86, -0.944571, 0, 0, 0, 0, 0, 900, 1),
(@OGUID+60 , 181276, 530, 3521, 561.567, 5624.54, 18.8166, 0, 0, 0, 0, 0, 900, 1),
(@OGUID+61 , 181276, 530, 3521, 538.579, 5322.72, -24.1594, 0, 0, 0, 0, 0, 900, 1),
(@OGUID+62 , 181276, 530, 3521, 475.503, 5950.67, 22.8493, 0.628317, 0, 0, 0, 1, 900, 1),
(@OGUID+63 , 181276, 530, 3521, 695.183, 5439.76, -23.4568, 0, 0, 0, 0, 0, 900, 1),
(@OGUID+64 , 181276, 530, 3521, 314.989, 7734.13, 23.2506, 0, 0, 0, 0, 0, 900, 1),
(@OGUID+65 , 181276, 530, 3521, 114.665, 8606.88, 22.2169, 0, 0, 0, 0, 0, 900, 1),
(@OGUID+66 , 181276, 530, 3521, -139.498, 8998.17, 22.8894, 0, 0, 0, 0, 0, 900, 1),
(@OGUID+67 , 181276, 530, 3521, 325.983, 5721.31, 22.6486, 0, 0, 0, 0, 0, 900, 1),
(@OGUID+68 , 181276, 530, 3521, 758.05, 5651.15, 23.09, -0.855211, 0, 0, 0, 1, 900, 1),
(@OGUID+69 , 181276, 530, 3521, 836.484, 5675.57, 24.7045, -3.05433, 0, 0, 0, 1, 900, 1),
(@OGUID+70 , 181276, 530, 3521, 888.652, 5313.54, 19.8773, 0, 0, 0, 0, 0, 900, 1),
(@OGUID+71 , 181276, 530, 3521, 709.53, 5259.44, -0.880973, 0, 0, 0, 0, 0, 900, 1),
(@OGUID+72 , 181276, 530, 3521, 818.973, 5240.57, 22.035, 0, 0, 0, 0, 0, 900, 1),
(@OGUID+73 , 181276, 530, 3521, 607.469, 5870.84, 22.6128, 0, 0, 0, 0, 0, 900, 1),
(@OGUID+74 , 181276, 530, 3521, -392.144, 6500.78, 21.553, 2.54818, 0, 0, 0, 1, 900, 1),
(@OGUID+75 , 181276, 530, 3521, -178.382, 6021.08, 22.5117, -1.93732, 0, 0, 0, 1, 900, 1),
(@OGUID+76 , 181276, 530, 3521, 907, 5103.25, 4.49501, 0, 0, 0, 0, 0, 900, 1),
(@OGUID+77 , 181276, 530, 3521, 1188.05, 8168.69, 18.8799, -1.8326, 0, 0, 0.793353, -0.608761, 900, 1),
(@OGUID+78 , 181276, 530, 3521, -605.749, 5951.51, 23.5616, 1.37881, 0, 0, 0.636078, 0.771625, 900, 1),
(@OGUID+79 , 181276, 530, 3521, 284.933, 5611.94, 22.0877, -0.139626, 0, 0, 0.069756, -0.997564, 900, 1),
(@OGUID+80 , 181276, 530, 3521, -951.221, 5807.52, 23.667, -2.60054, 0, 0, 0.96363, -0.267238, 900, 1),
(@OGUID+81 , 181276, 530, 3521, -199.007, 8808.49, 18.9701, -0.174533, 0, 0, 0.087156, -0.996195, 900, 1),
(@OGUID+82 , 181276, 530, 3521, -105.131, 6214.17, 23.1972, -1.6057, 0, 0, 0.71934, -0.694658, 900, 1),
(@OGUID+83 , 181276, 530, 3521, 461.855, 8882.34, 24.9468, -2.47837, 0, 0, 0.945519, -0.325568, 900, 1),
(@OGUID+84 , 181276, 530, 3521, 877.305, 8450.06, 22.5711, 2.67035, 0, 0, 0.97237, 0.233445, 900, 1),
(@OGUID+85 , 181276, 530, 3521, 649.884, 6260.28, 22.6139, 2.19912, 0, 0, 0.891007, 0.453991, 900, 1),
(@OGUID+86 , 181276, 530, 3521, 46.313, 8195.37, 21.7059, 3.01942, 0, 0, 0.998135, 0.061049, 900, 1),
(@OGUID+87 , 181276, 530, 3521, -82.9322, 6096.68, 22.4811, -2.44346, 0, 0, 0.939693, -0.34202, 900, 1),
(@OGUID+88 , 181276, 530, 3521, 794.91, 5743.58, 25.9671, 1.41372, 0, 0, 0.649448, 0.760406, 900, 1),
(@OGUID+89 , 181276, 530, 3521, 285.785, 8202.79, 22.0712, 0.122173, 0, 0, 0.061049, 0.998135, 900, 1),
(@OGUID+90 , 181276, 530, 3521, -429.242, 5742.36, 22.3847, -0.139626, 0, 0, 0.069756, -0.997564, 900, 1),
(@OGUID+91 , 181276, 530, 3521, -421.48, 5542.46, 21.4294, -2.82743, 0, 0, 0.987688, -0.156434, 900, 1),
(@OGUID+92 , 181276, 530, 3521, 382.046, 5566.41, 23.3098, -1.29154, 0, 0, 0.601815, -0.798635, 900, 1),
(@OGUID+93 , 181276, 530, 3521, 52.3694, 5605.33, 22.2926, -2.60053, 0, 0, 0, 1, 900, 1),
(@OGUID+94 , 181276, 530, 3521, -892.03, 5322.57, 18.6208, -1.74533, 0, 0, 0, 1, 900, 1),
(@OGUID+95 , 181276, 530, 3521, 117.451, 7830.41, 21.6144, -1.93731, 0, 0, 0, 1, 900, 1),
(@OGUID+96 , 181276, 530, 3521, -666.829, 5724.52, 20.9599, -2.28638, 0, 0, 0, 1, 900, 1),
(@OGUID+97 , 181276, 530, 3521, 761.521, 7509.73, 22.9588, 2.44346, 0, 0, 0, 1, 900, 1),
(@OGUID+98 , 181276, 530, 3521, -91.9377, 7280.53, 22.9762, 1.79769, 0, 0, 0, 1, 900, 1),
(@OGUID+99 , 181276, 530, 3521, 986.909, 7558.14, 23.5988, -2.32129, 0, 0, 0, 1, 900, 1),
(@OGUID+100, 181276, 530, 3521, -252.617, 6198.28, 23.9543, -2.28638, 0, 0, 0, 1, 900, 1),
(@OGUID+101, 181276, 530, 3521, 243.617, 7459.68, 23.4179, -2.35619, 0, 0, 0, 1, 900, 1),
(@OGUID+102, 181276, 530, 3521, 536.559, 5434.35, -3.38172, 1.71042, 0, 0, 0, 1, 900, 1),
(@OGUID+103, 181276, 530, 3521, 1003.67, 7841.74, 23.5655, 2.40855, 0, 0, 0, 1, 900, 1),
(@OGUID+104, 181276, 530, 3521, -328.464, 6013.14, 22.2611, 1.69297, 0, 0, 0, 1, 900, 1),
(@OGUID+105, 181276, 530, 3521, -718.884, 5976.53, 24.4484, 2.75761, 0, 0, 0, 1, 900, 1),
(@OGUID+106, 181276, 530, 3521, -147.011, 7711.9, 23.4578, -0.052359, 0, 0, 0, 1, 900, 1),
(@OGUID+107, 181276, 530, 3521, 62.2853, 8524.45, 21.7028, 1.0821, 0, 0, 0, 1, 900, 1),
(@OGUID+108, 181276, 530, 3521, 1232.02, 8670.86, 19.2138, 0.261798, 0, 0, 0, 1, 900, 1),
(@OGUID+109, 181276, 530, 3521, -519.313, 6152.96, 22.3494, 1.76278, 0, 0, 0, 1, 900, 1),
(@OGUID+110, 181276, 530, 3521, 502.554, 7910.94, 22.9019, 1.8675, 0, 0, 0, 1, 900, 1),
(@OGUID+111, 181276, 530, 3521, -375.677, 6728.37, 22.3378, 2.28638, 0, 0, 0, 1, 900, 1),
(@OGUID+112, 181276, 530, 3521, 512.408, 5850.85, 23.8378, -1.32645, 0, 0, 0, 1, 900, 1),
(@OGUID+113, 181276, 530, 3521, 393.008, 5888.21, 22.3804, 2.47837, 0, 0, 0, 1, 900, 1),
(@OGUID+114, 181276, 530, 3521, -91.6731, 5906.3, 22.4416, -2.91469, 0, 0, 0, 1, 900, 1),
(@OGUID+115, 181276, 530, 3521, 565.138, 7758.17, 23.9002, 1.5708, 0, 0, 0, 1, 900, 1),
(@OGUID+116, 181276, 530, 3521, -815.432, 5197.01, 19.116, -1.44862, 0, 0, 0, 1, 900, 1),
(@OGUID+117, 181276, 530, 3521, -516.086, 5520.76, 23.8181, -0.523598, 0, 0, 0, 1, 900, 1),
(@OGUID+118, 181276, 530, 3521, -201.136, 8703.23, 20.4438, -0.506145, 0, 0, 0, 1, 900, 1),
(@OGUID+119, 181276, 530, 3521, -753.006, 5149.84, 21.7425, 2.23402, 0, 0, 0, 1, 900, 1),
(@OGUID+120, 181276, 530, 3521, 185.444, 5653.2, 23.4787, 0.418879, 0, 0, 0, 1, 900, 1),
(@OGUID+121, 181276, 530, 3521, 693.756, 8193.58, 23.2953, 1.32645, 0, 0, 0, 1, 900, 1),
(@OGUID+122, 181276, 530, 3521, -316.197, 8583.64, 20.1746, 1.36136, 0, 0, 0, 1, 900, 1),
(@OGUID+123, 181276, 530, 3521, -274.252, 7682.1, 21.2547, -0.837757, 0, 0, 0, 1, 900, 1),
(@OGUID+124, 181276, 530, 3521, 1140.83, 8699.95, 18.7153, -2.49582, 0, 0, 0, 1, 900, 1),
(@OGUID+125, 181276, 530, 3521, -987.62, 5225.53, 22.5514, 0.226892, 0, 0, 0, 1, 900, 1),
(@OGUID+126, 181276, 530, 3521, -942.452, 5153.56, 23.3949, -0.314158, 0, 0, 0, 1, 900, 1),
(@OGUID+127, 181276, 530, 3521, 627.611, 5326.46, -25.0848, 2.21657, 0, 0, 0, 0, 900, 1),
(@OGUID+128, 181276, 530, 3521, 781.369, 6494.62, 20.8706, -1.18682, 0, 0, 0, 0, 900, 1),
(@OGUID+129, 181276, 530, 3521, 349.258, 7530.48, 22.6831, 1.79769, 0, 0, 0.782608, 0.622515, 900, 1);

SET @POOL_ENTRY := 16202;
DELETE FROM `pool_gameobject` WHERE `pool_entry` BETWEEN @POOL_ENTRY AND @POOL_ENTRY+129 AND `guid` IN (21,1801,2730,16819,16820,16824,16825,16828,16829,16831,16836,16837,16839,16840,16841,16843,16847,16848,16850,16851,17172,17177,17178,17185,17665,17779,17844,20364,20944,21553,21554,22442,23956,23957,23959,23961,23962,23963,23964,23965,23968,23969,28313,28316,30408,30417,30544,32744,32824,33835,40534,40535,40536,40537,40538,40539,40578,40583,40584,40586,40587,40588,40590,40592,40593,40594,40596,40597,40598,40599,40600,40601,40602,40603,40604,40605,40607,40608,42178,42215,42217,42218,42226,42227,42236,42237,42240,42242,42245,42246,42247,42296,42346,42430,61290,61291,61304,61305,61312,61313,61315,61316,64802,64804,64805,64806,64807,64808,64810,64846,64847,64848,64849,64850,64851,64852,85916,85917,85918,85919,85920,87045,87125,87126,87127,87128,87398,87399,100198,101758,101759);
DELETE FROM `pool_gameobject` WHERE `pool_entry` BETWEEN @POOL_ENTRY AND @POOL_ENTRY+129 AND `guid` BETWEEN @OGUID AND @OGUID+129;
INSERT INTO `pool_gameobject` (`guid`, `pool_entry`, `chance`, `description`) VALUES
(21    , @POOL_ENTRY+0  , 0, 'Zangarmarsh - Ragveil'),
(1801  , @POOL_ENTRY+1  , 0, 'Zangarmarsh - Ragveil'),
(2730  , @POOL_ENTRY+2  , 0, 'Zangarmarsh - Ragveil'),
(16819 , @POOL_ENTRY+3  , 0, 'Zangarmarsh - Ragveil'),
(16820 , @POOL_ENTRY+4  , 0, 'Zangarmarsh - Ragveil'),
(16824 , @POOL_ENTRY+5  , 0, 'Zangarmarsh - Ragveil'),
(16825 , @POOL_ENTRY+6  , 0, 'Zangarmarsh - Ragveil'),
(16828 , @POOL_ENTRY+7  , 0, 'Zangarmarsh - Ragveil'),
(16829 , @POOL_ENTRY+8  , 0, 'Zangarmarsh - Ragveil'),
(16831 , @POOL_ENTRY+9  , 0, 'Zangarmarsh - Ragveil'),
(16836 , @POOL_ENTRY+10 , 0, 'Zangarmarsh - Ragveil'),
(16837 , @POOL_ENTRY+11 , 0, 'Zangarmarsh - Ragveil'),
(16839 , @POOL_ENTRY+12 , 0, 'Zangarmarsh - Ragveil'),
(16840 , @POOL_ENTRY+13 , 0, 'Zangarmarsh - Ragveil'),
(16841 , @POOL_ENTRY+14 , 0, 'Zangarmarsh - Ragveil'),
(16843 , @POOL_ENTRY+15 , 0, 'Zangarmarsh - Ragveil'),
(16847 , @POOL_ENTRY+16 , 0, 'Zangarmarsh - Ragveil'),
(16848 , @POOL_ENTRY+17 , 0, 'Zangarmarsh - Ragveil'),
(16850 , @POOL_ENTRY+18 , 0, 'Zangarmarsh - Ragveil'),
(16851 , @POOL_ENTRY+19 , 0, 'Zangarmarsh - Ragveil'),
(17172 , @POOL_ENTRY+20 , 0, 'Zangarmarsh - Ragveil'),
(17177 , @POOL_ENTRY+21 , 0, 'Zangarmarsh - Ragveil'),
(17178 , @POOL_ENTRY+22 , 0, 'Zangarmarsh - Ragveil'),
(17185 , @POOL_ENTRY+23 , 0, 'Zangarmarsh - Ragveil'),
(17665 , @POOL_ENTRY+24 , 0, 'Zangarmarsh - Ragveil'),
(17779 , @POOL_ENTRY+25 , 0, 'Zangarmarsh - Ragveil'),
(17844 , @POOL_ENTRY+26 , 0, 'Zangarmarsh - Ragveil'),
(20364 , @POOL_ENTRY+27 , 0, 'Zangarmarsh - Ragveil'),
(20944 , @POOL_ENTRY+28 , 0, 'Zangarmarsh - Ragveil'),
(21553 , @POOL_ENTRY+29 , 0, 'Zangarmarsh - Ragveil'),
(21554 , @POOL_ENTRY+30 , 0, 'Zangarmarsh - Ragveil'),
(23956 , @POOL_ENTRY+31 , 0, 'Zangarmarsh - Ragveil'),
(23957 , @POOL_ENTRY+32 , 0, 'Zangarmarsh - Ragveil'),
(23959 , @POOL_ENTRY+33 , 0, 'Zangarmarsh - Ragveil'),
(23961 , @POOL_ENTRY+34 , 0, 'Zangarmarsh - Ragveil'),
(23962 , @POOL_ENTRY+35 , 0, 'Zangarmarsh - Ragveil'),
(23963 , @POOL_ENTRY+36 , 0, 'Zangarmarsh - Ragveil'),
(23964 , @POOL_ENTRY+37 , 0, 'Zangarmarsh - Ragveil'),
(23965 , @POOL_ENTRY+38 , 0, 'Zangarmarsh - Ragveil'),
(23968 , @POOL_ENTRY+39 , 0, 'Zangarmarsh - Ragveil'),
(23969 , @POOL_ENTRY+40 , 0, 'Zangarmarsh - Ragveil'),
(28313 , @POOL_ENTRY+41 , 0, 'Zangarmarsh - Ragveil'),
(28316 , @POOL_ENTRY+42 , 0, 'Zangarmarsh - Ragveil'),
(30408 , @POOL_ENTRY+43 , 0, 'Zangarmarsh - Ragveil'),
(30417 , @POOL_ENTRY+44 , 0, 'Zangarmarsh - Ragveil'),
(30544 , @POOL_ENTRY+45 , 0, 'Zangarmarsh - Ragveil'),
(32744 , @POOL_ENTRY+46 , 0, 'Zangarmarsh - Ragveil'),
(32824 , @POOL_ENTRY+47 , 0, 'Zangarmarsh - Ragveil'),
(33835 , @POOL_ENTRY+48 , 0, 'Zangarmarsh - Ragveil'),
(40534 , @POOL_ENTRY+49 , 0, 'Zangarmarsh - Ragveil'),
(40535 , @POOL_ENTRY+50 , 0, 'Zangarmarsh - Ragveil'),
(40536 , @POOL_ENTRY+51 , 0, 'Zangarmarsh - Ragveil'),
(40537 , @POOL_ENTRY+52 , 0, 'Zangarmarsh - Ragveil'),
(40538 , @POOL_ENTRY+53 , 0, 'Zangarmarsh - Ragveil'),
(40539 , @POOL_ENTRY+54 , 0, 'Zangarmarsh - Ragveil'),
(40578 , @POOL_ENTRY+55 , 0, 'Zangarmarsh - Ragveil'),
(40583 , @POOL_ENTRY+56 , 0, 'Zangarmarsh - Ragveil'),
(40584 , @POOL_ENTRY+57 , 0, 'Zangarmarsh - Ragveil'),
(40586 , @POOL_ENTRY+58 , 0, 'Zangarmarsh - Ragveil'),
(40587 , @POOL_ENTRY+59 , 0, 'Zangarmarsh - Ragveil'),
(40588 , @POOL_ENTRY+60 , 0, 'Zangarmarsh - Ragveil'),
(40590 , @POOL_ENTRY+61 , 0, 'Zangarmarsh - Ragveil'),
(40592 , @POOL_ENTRY+62 , 0, 'Zangarmarsh - Ragveil'),
(40593 , @POOL_ENTRY+63 , 0, 'Zangarmarsh - Ragveil'),
(40594 , @POOL_ENTRY+64 , 0, 'Zangarmarsh - Ragveil'),
(40596 , @POOL_ENTRY+65 , 0, 'Zangarmarsh - Ragveil'),
(40597 , @POOL_ENTRY+66 , 0, 'Zangarmarsh - Ragveil'),
(40598 , @POOL_ENTRY+67 , 0, 'Zangarmarsh - Ragveil'),
(40599 , @POOL_ENTRY+68 , 0, 'Zangarmarsh - Ragveil'),
(40600 , @POOL_ENTRY+69 , 0, 'Zangarmarsh - Ragveil'),
(40601 , @POOL_ENTRY+70 , 0, 'Zangarmarsh - Ragveil'),
(40602 , @POOL_ENTRY+71 , 0, 'Zangarmarsh - Ragveil'),
(40603 , @POOL_ENTRY+72 , 0, 'Zangarmarsh - Ragveil'),
(40604 , @POOL_ENTRY+73 , 0, 'Zangarmarsh - Ragveil'),
(40605 , @POOL_ENTRY+74 , 0, 'Zangarmarsh - Ragveil'),
(40607 , @POOL_ENTRY+75 , 0, 'Zangarmarsh - Ragveil'),
(40608 , @POOL_ENTRY+76 , 0, 'Zangarmarsh - Ragveil'),
(42178 , @POOL_ENTRY+77 , 0, 'Zangarmarsh - Ragveil'),
(42215 , @POOL_ENTRY+78 , 0, 'Zangarmarsh - Ragveil'),
(42217 , @POOL_ENTRY+79 , 0, 'Zangarmarsh - Ragveil'),
(42218 , @POOL_ENTRY+80 , 0, 'Zangarmarsh - Ragveil'),
(42226 , @POOL_ENTRY+81 , 0, 'Zangarmarsh - Ragveil'),
(42227 , @POOL_ENTRY+82 , 0, 'Zangarmarsh - Ragveil'),
(42236 , @POOL_ENTRY+83 , 0, 'Zangarmarsh - Ragveil'),
(42237 , @POOL_ENTRY+84 , 0, 'Zangarmarsh - Ragveil'),
(42240 , @POOL_ENTRY+85 , 0, 'Zangarmarsh - Ragveil'),
(42242 , @POOL_ENTRY+86 , 0, 'Zangarmarsh - Ragveil'),
(42245 , @POOL_ENTRY+87 , 0, 'Zangarmarsh - Ragveil'),
(42246 , @POOL_ENTRY+88 , 0, 'Zangarmarsh - Ragveil'),
(42247 , @POOL_ENTRY+89 , 0, 'Zangarmarsh - Ragveil'),
(42296 , @POOL_ENTRY+90 , 0, 'Zangarmarsh - Ragveil'),
(42346 , @POOL_ENTRY+91 , 0, 'Zangarmarsh - Ragveil'),
(42430 , @POOL_ENTRY+92 , 0, 'Zangarmarsh - Ragveil'),
(61290 , @POOL_ENTRY+93 , 0, 'Zangarmarsh - Ragveil'),
(61291 , @POOL_ENTRY+94 , 0, 'Zangarmarsh - Ragveil'),
(61304 , @POOL_ENTRY+95 , 0, 'Zangarmarsh - Ragveil'),
(61305 , @POOL_ENTRY+96 , 0, 'Zangarmarsh - Ragveil'),
(61312 , @POOL_ENTRY+97 , 0, 'Zangarmarsh - Ragveil'),
(61313 , @POOL_ENTRY+98 , 0, 'Zangarmarsh - Ragveil'),
(61315 , @POOL_ENTRY+99 , 0, 'Zangarmarsh - Ragveil'),
(61316 , @POOL_ENTRY+100, 0, 'Zangarmarsh - Ragveil'),
(64802 , @POOL_ENTRY+101, 0, 'Zangarmarsh - Ragveil'),
(64804 , @POOL_ENTRY+102, 0, 'Zangarmarsh - Ragveil'),
(64805 , @POOL_ENTRY+103, 0, 'Zangarmarsh - Ragveil'),
(64806 , @POOL_ENTRY+104, 0, 'Zangarmarsh - Ragveil'),
(64807 , @POOL_ENTRY+105, 0, 'Zangarmarsh - Ragveil'),
(64808 , @POOL_ENTRY+106, 0, 'Zangarmarsh - Ragveil'),
(64810 , @POOL_ENTRY+107, 0, 'Zangarmarsh - Ragveil'),
(64846 , @POOL_ENTRY+108, 0, 'Zangarmarsh - Ragveil'),
(64847 , @POOL_ENTRY+109, 0, 'Zangarmarsh - Ragveil'),
(64848 , @POOL_ENTRY+110, 0, 'Zangarmarsh - Ragveil'),
(64849 , @POOL_ENTRY+111, 0, 'Zangarmarsh - Ragveil'),
(64850 , @POOL_ENTRY+112, 0, 'Zangarmarsh - Ragveil'),
(64851 , @POOL_ENTRY+113, 0, 'Zangarmarsh - Ragveil'),
(64852 , @POOL_ENTRY+114, 0, 'Zangarmarsh - Ragveil'),
(85916 , @POOL_ENTRY+115, 0, 'Zangarmarsh - Ragveil'),
(85917 , @POOL_ENTRY+116, 0, 'Zangarmarsh - Ragveil'),
(85918 , @POOL_ENTRY+117, 0, 'Zangarmarsh - Ragveil'),
(85919 , @POOL_ENTRY+118, 0, 'Zangarmarsh - Ragveil'),
(85920 , @POOL_ENTRY+119, 0, 'Zangarmarsh - Ragveil'),
(87045 , @POOL_ENTRY+120, 0, 'Zangarmarsh - Ragveil'),
(87125 , @POOL_ENTRY+121, 0, 'Zangarmarsh - Ragveil'),
(87126 , @POOL_ENTRY+122, 0, 'Zangarmarsh - Ragveil'),
(87127 , @POOL_ENTRY+123, 0, 'Zangarmarsh - Ragveil'),
(87128 , @POOL_ENTRY+124, 0, 'Zangarmarsh - Ragveil'),
(87398 , @POOL_ENTRY+125, 0, 'Zangarmarsh - Ragveil'),
(87399 , @POOL_ENTRY+126, 0, 'Zangarmarsh - Ragveil'),
(100198, @POOL_ENTRY+127, 0, 'Zangarmarsh - Ragveil'),
(101758, @POOL_ENTRY+128, 0, 'Zangarmarsh - Ragveil'),
(101759, @POOL_ENTRY+129, 0, 'Zangarmarsh - Ragveil'),

(@OGUID+0  , @POOL_ENTRY+0  , 10, 'Zangarmarsh - Flame Cap'),
(@OGUID+1  , @POOL_ENTRY+1  , 10, 'Zangarmarsh - Flame Cap'),
(@OGUID+2  , @POOL_ENTRY+2  , 10, 'Zangarmarsh - Flame Cap'),
(@OGUID+3  , @POOL_ENTRY+3  , 10, 'Zangarmarsh - Flame Cap'),
(@OGUID+4  , @POOL_ENTRY+4  , 10, 'Zangarmarsh - Flame Cap'),
(@OGUID+5  , @POOL_ENTRY+5  , 10, 'Zangarmarsh - Flame Cap'),
(@OGUID+6  , @POOL_ENTRY+6  , 10, 'Zangarmarsh - Flame Cap'),
(@OGUID+7  , @POOL_ENTRY+7  , 10, 'Zangarmarsh - Flame Cap'),
(@OGUID+8  , @POOL_ENTRY+8  , 10, 'Zangarmarsh - Flame Cap'),
(@OGUID+9  , @POOL_ENTRY+9  , 10, 'Zangarmarsh - Flame Cap'),
(@OGUID+10 , @POOL_ENTRY+10 , 10, 'Zangarmarsh - Flame Cap'),
(@OGUID+11 , @POOL_ENTRY+11 , 10, 'Zangarmarsh - Flame Cap'),
(@OGUID+12 , @POOL_ENTRY+12 , 10, 'Zangarmarsh - Flame Cap'),
(@OGUID+13 , @POOL_ENTRY+13 , 10, 'Zangarmarsh - Flame Cap'),
(@OGUID+14 , @POOL_ENTRY+14 , 10, 'Zangarmarsh - Flame Cap'),
(@OGUID+15 , @POOL_ENTRY+15 , 10, 'Zangarmarsh - Flame Cap'),
(@OGUID+16 , @POOL_ENTRY+16 , 10, 'Zangarmarsh - Flame Cap'),
(@OGUID+17 , @POOL_ENTRY+17 , 10, 'Zangarmarsh - Flame Cap'),
(@OGUID+18 , @POOL_ENTRY+18 , 10, 'Zangarmarsh - Flame Cap'),
(@OGUID+19 , @POOL_ENTRY+19 , 10, 'Zangarmarsh - Flame Cap'),
(@OGUID+20 , @POOL_ENTRY+20 , 10, 'Zangarmarsh - Flame Cap'),
(@OGUID+21 , @POOL_ENTRY+21 , 10, 'Zangarmarsh - Flame Cap'),
(@OGUID+22 , @POOL_ENTRY+22 , 10, 'Zangarmarsh - Flame Cap'),
(@OGUID+23 , @POOL_ENTRY+23 , 10, 'Zangarmarsh - Flame Cap'),
(@OGUID+24 , @POOL_ENTRY+24 , 10, 'Zangarmarsh - Flame Cap'),
(@OGUID+25 , @POOL_ENTRY+25 , 10, 'Zangarmarsh - Flame Cap'),
(@OGUID+26 , @POOL_ENTRY+26 , 10, 'Zangarmarsh - Flame Cap'),
(@OGUID+27 , @POOL_ENTRY+27 , 10, 'Zangarmarsh - Flame Cap'),
(@OGUID+28 , @POOL_ENTRY+28 , 10, 'Zangarmarsh - Flame Cap'),
(@OGUID+29 , @POOL_ENTRY+29 , 10, 'Zangarmarsh - Flame Cap'),
(@OGUID+30 , @POOL_ENTRY+30 , 10, 'Zangarmarsh - Flame Cap'),
(@OGUID+31 , @POOL_ENTRY+31 , 10, 'Zangarmarsh - Flame Cap'),
(@OGUID+32 , @POOL_ENTRY+32 , 10, 'Zangarmarsh - Flame Cap'),
(@OGUID+33 , @POOL_ENTRY+33 , 10, 'Zangarmarsh - Flame Cap'),
(@OGUID+34 , @POOL_ENTRY+34 , 10, 'Zangarmarsh - Flame Cap'),
(@OGUID+35 , @POOL_ENTRY+35 , 10, 'Zangarmarsh - Flame Cap'),
(@OGUID+36 , @POOL_ENTRY+36 , 10, 'Zangarmarsh - Flame Cap'),
(@OGUID+37 , @POOL_ENTRY+37 , 10, 'Zangarmarsh - Flame Cap'),
(@OGUID+38 , @POOL_ENTRY+38 , 10, 'Zangarmarsh - Flame Cap'),
(@OGUID+39 , @POOL_ENTRY+39 , 10, 'Zangarmarsh - Flame Cap'),
(@OGUID+40 , @POOL_ENTRY+40 , 10, 'Zangarmarsh - Flame Cap'),
(@OGUID+41 , @POOL_ENTRY+41 , 10, 'Zangarmarsh - Flame Cap'),
(@OGUID+42 , @POOL_ENTRY+42 , 10, 'Zangarmarsh - Flame Cap'),
(@OGUID+43 , @POOL_ENTRY+43 , 10, 'Zangarmarsh - Flame Cap'),
(@OGUID+44 , @POOL_ENTRY+44 , 10, 'Zangarmarsh - Flame Cap'),
(@OGUID+45 , @POOL_ENTRY+45 , 10, 'Zangarmarsh - Flame Cap'),
(@OGUID+46 , @POOL_ENTRY+46 , 10, 'Zangarmarsh - Flame Cap'),
(@OGUID+47 , @POOL_ENTRY+47 , 10, 'Zangarmarsh - Flame Cap'),
(@OGUID+48 , @POOL_ENTRY+48 , 10, 'Zangarmarsh - Flame Cap'),
(@OGUID+49 , @POOL_ENTRY+49 , 10, 'Zangarmarsh - Flame Cap'),
(@OGUID+50 , @POOL_ENTRY+50 , 10, 'Zangarmarsh - Flame Cap'),
(@OGUID+51 , @POOL_ENTRY+51 , 10, 'Zangarmarsh - Flame Cap'),
(@OGUID+52 , @POOL_ENTRY+52 , 10, 'Zangarmarsh - Flame Cap'),
(@OGUID+53 , @POOL_ENTRY+53 , 10, 'Zangarmarsh - Flame Cap'),
(@OGUID+54 , @POOL_ENTRY+54 , 10, 'Zangarmarsh - Flame Cap'),
(@OGUID+55 , @POOL_ENTRY+55 , 10, 'Zangarmarsh - Flame Cap'),
(@OGUID+56 , @POOL_ENTRY+56 , 10, 'Zangarmarsh - Flame Cap'),
(@OGUID+57 , @POOL_ENTRY+57 , 10, 'Zangarmarsh - Flame Cap'),
(@OGUID+58 , @POOL_ENTRY+58 , 10, 'Zangarmarsh - Flame Cap'),
(@OGUID+59 , @POOL_ENTRY+59 , 10, 'Zangarmarsh - Flame Cap'),
(@OGUID+60 , @POOL_ENTRY+60 , 10, 'Zangarmarsh - Flame Cap'),
(@OGUID+61 , @POOL_ENTRY+61 , 10, 'Zangarmarsh - Flame Cap'),
(@OGUID+62 , @POOL_ENTRY+62 , 10, 'Zangarmarsh - Flame Cap'),
(@OGUID+63 , @POOL_ENTRY+63 , 10, 'Zangarmarsh - Flame Cap'),
(@OGUID+64 , @POOL_ENTRY+64 , 10, 'Zangarmarsh - Flame Cap'),
(@OGUID+65 , @POOL_ENTRY+65 , 10, 'Zangarmarsh - Flame Cap'),
(@OGUID+66 , @POOL_ENTRY+66 , 10, 'Zangarmarsh - Flame Cap'),
(@OGUID+67 , @POOL_ENTRY+67 , 10, 'Zangarmarsh - Flame Cap'),
(@OGUID+68 , @POOL_ENTRY+68 , 10, 'Zangarmarsh - Flame Cap'),
(@OGUID+69 , @POOL_ENTRY+69 , 10, 'Zangarmarsh - Flame Cap'),
(@OGUID+70 , @POOL_ENTRY+70 , 10, 'Zangarmarsh - Flame Cap'),
(@OGUID+71 , @POOL_ENTRY+71 , 10, 'Zangarmarsh - Flame Cap'),
(@OGUID+72 , @POOL_ENTRY+72 , 10, 'Zangarmarsh - Flame Cap'),
(@OGUID+73 , @POOL_ENTRY+73 , 10, 'Zangarmarsh - Flame Cap'),
(@OGUID+74 , @POOL_ENTRY+74 , 10, 'Zangarmarsh - Flame Cap'),
(@OGUID+75 , @POOL_ENTRY+75 , 10, 'Zangarmarsh - Flame Cap'),
(@OGUID+76 , @POOL_ENTRY+76 , 10, 'Zangarmarsh - Flame Cap'),
(@OGUID+77 , @POOL_ENTRY+77 , 10, 'Zangarmarsh - Flame Cap'),
(@OGUID+78 , @POOL_ENTRY+78 , 10, 'Zangarmarsh - Flame Cap'),
(@OGUID+79 , @POOL_ENTRY+79 , 10, 'Zangarmarsh - Flame Cap'),
(@OGUID+80 , @POOL_ENTRY+80 , 10, 'Zangarmarsh - Flame Cap'),
(@OGUID+81 , @POOL_ENTRY+81 , 10, 'Zangarmarsh - Flame Cap'),
(@OGUID+82 , @POOL_ENTRY+82 , 10, 'Zangarmarsh - Flame Cap'),
(@OGUID+83 , @POOL_ENTRY+83 , 10, 'Zangarmarsh - Flame Cap'),
(@OGUID+84 , @POOL_ENTRY+84 , 10, 'Zangarmarsh - Flame Cap'),
(@OGUID+85 , @POOL_ENTRY+85 , 10, 'Zangarmarsh - Flame Cap'),
(@OGUID+86 , @POOL_ENTRY+86 , 10, 'Zangarmarsh - Flame Cap'),
(@OGUID+87 , @POOL_ENTRY+87 , 10, 'Zangarmarsh - Flame Cap'),
(@OGUID+88 , @POOL_ENTRY+88 , 10, 'Zangarmarsh - Flame Cap'),
(@OGUID+89 , @POOL_ENTRY+89 , 10, 'Zangarmarsh - Flame Cap'),
(@OGUID+90 , @POOL_ENTRY+90 , 10, 'Zangarmarsh - Flame Cap'),
(@OGUID+91 , @POOL_ENTRY+91 , 10, 'Zangarmarsh - Flame Cap'),
(@OGUID+92 , @POOL_ENTRY+92 , 10, 'Zangarmarsh - Flame Cap'),
(@OGUID+93 , @POOL_ENTRY+93 , 10, 'Zangarmarsh - Flame Cap'),
(@OGUID+94 , @POOL_ENTRY+94 , 10, 'Zangarmarsh - Flame Cap'),
(@OGUID+95 , @POOL_ENTRY+95 , 10, 'Zangarmarsh - Flame Cap'),
(@OGUID+96 , @POOL_ENTRY+96 , 10, 'Zangarmarsh - Flame Cap'),
(@OGUID+97 , @POOL_ENTRY+97 , 10, 'Zangarmarsh - Flame Cap'),
(@OGUID+98 , @POOL_ENTRY+98 , 10, 'Zangarmarsh - Flame Cap'),
(@OGUID+99 , @POOL_ENTRY+99 , 10, 'Zangarmarsh - Flame Cap'),
(@OGUID+100, @POOL_ENTRY+100, 10, 'Zangarmarsh - Flame Cap'),
(@OGUID+101, @POOL_ENTRY+101, 10, 'Zangarmarsh - Flame Cap'),
(@OGUID+102, @POOL_ENTRY+102, 10, 'Zangarmarsh - Flame Cap'),
(@OGUID+103, @POOL_ENTRY+103, 10, 'Zangarmarsh - Flame Cap'),
(@OGUID+104, @POOL_ENTRY+104, 10, 'Zangarmarsh - Flame Cap'),
(@OGUID+105, @POOL_ENTRY+105, 10, 'Zangarmarsh - Flame Cap'),
(@OGUID+106, @POOL_ENTRY+106, 10, 'Zangarmarsh - Flame Cap'),
(@OGUID+107, @POOL_ENTRY+107, 10, 'Zangarmarsh - Flame Cap'),
(@OGUID+108, @POOL_ENTRY+108, 10, 'Zangarmarsh - Flame Cap'),
(@OGUID+109, @POOL_ENTRY+109, 10, 'Zangarmarsh - Flame Cap'),
(@OGUID+110, @POOL_ENTRY+110, 10, 'Zangarmarsh - Flame Cap'),
(@OGUID+111, @POOL_ENTRY+111, 10, 'Zangarmarsh - Flame Cap'),
(@OGUID+112, @POOL_ENTRY+112, 10, 'Zangarmarsh - Flame Cap'),
(@OGUID+113, @POOL_ENTRY+113, 10, 'Zangarmarsh - Flame Cap'),
(@OGUID+114, @POOL_ENTRY+114, 10, 'Zangarmarsh - Flame Cap'),
(@OGUID+115, @POOL_ENTRY+115, 10, 'Zangarmarsh - Flame Cap'),
(@OGUID+116, @POOL_ENTRY+116, 10, 'Zangarmarsh - Flame Cap'),
(@OGUID+117, @POOL_ENTRY+117, 10, 'Zangarmarsh - Flame Cap'),
(@OGUID+118, @POOL_ENTRY+118, 10, 'Zangarmarsh - Flame Cap'),
(@OGUID+119, @POOL_ENTRY+119, 10, 'Zangarmarsh - Flame Cap'),
(@OGUID+120, @POOL_ENTRY+120, 10, 'Zangarmarsh - Flame Cap'),
(@OGUID+121, @POOL_ENTRY+121, 10, 'Zangarmarsh - Flame Cap'),
(@OGUID+122, @POOL_ENTRY+122, 10, 'Zangarmarsh - Flame Cap'),
(@OGUID+123, @POOL_ENTRY+123, 10, 'Zangarmarsh - Flame Cap'),
(@OGUID+124, @POOL_ENTRY+124, 10, 'Zangarmarsh - Flame Cap'),
(@OGUID+125, @POOL_ENTRY+125, 10, 'Zangarmarsh - Flame Cap'),
(@OGUID+126, @POOL_ENTRY+126, 10, 'Zangarmarsh - Flame Cap'),
(@OGUID+127, @POOL_ENTRY+127, 10, 'Zangarmarsh - Flame Cap'),
(@OGUID+128, @POOL_ENTRY+128, 10, 'Zangarmarsh - Flame Cap'),
(@OGUID+129, @POOL_ENTRY+129, 10, 'Zangarmarsh - Flame Cap');

DELETE FROM `pool_template` WHERE `entry` BETWEEN @POOL_ENTRY AND @POOL_ENTRY+129 AND `description` = 'Zangarmarsh - Herb Pool - Ragveil / Flame Cap';
INSERT INTO `pool_template` (`entry`, `max_limit`, `description`) VALUES
(@POOL_ENTRY+0  , 1, 'Zangarmarsh - Herb Pool - Ragveil / Flame Cap'),
(@POOL_ENTRY+1  , 1, 'Zangarmarsh - Herb Pool - Ragveil / Flame Cap'),
(@POOL_ENTRY+2  , 1, 'Zangarmarsh - Herb Pool - Ragveil / Flame Cap'),
(@POOL_ENTRY+3  , 1, 'Zangarmarsh - Herb Pool - Ragveil / Flame Cap'),
(@POOL_ENTRY+4  , 1, 'Zangarmarsh - Herb Pool - Ragveil / Flame Cap'),
(@POOL_ENTRY+5  , 1, 'Zangarmarsh - Herb Pool - Ragveil / Flame Cap'),
(@POOL_ENTRY+6  , 1, 'Zangarmarsh - Herb Pool - Ragveil / Flame Cap'),
(@POOL_ENTRY+7  , 1, 'Zangarmarsh - Herb Pool - Ragveil / Flame Cap'),
(@POOL_ENTRY+8  , 1, 'Zangarmarsh - Herb Pool - Ragveil / Flame Cap'),
(@POOL_ENTRY+9  , 1, 'Zangarmarsh - Herb Pool - Ragveil / Flame Cap'),
(@POOL_ENTRY+10 , 1, 'Zangarmarsh - Herb Pool - Ragveil / Flame Cap'),
(@POOL_ENTRY+11 , 1, 'Zangarmarsh - Herb Pool - Ragveil / Flame Cap'),
(@POOL_ENTRY+12 , 1, 'Zangarmarsh - Herb Pool - Ragveil / Flame Cap'),
(@POOL_ENTRY+13 , 1, 'Zangarmarsh - Herb Pool - Ragveil / Flame Cap'),
(@POOL_ENTRY+14 , 1, 'Zangarmarsh - Herb Pool - Ragveil / Flame Cap'),
(@POOL_ENTRY+15 , 1, 'Zangarmarsh - Herb Pool - Ragveil / Flame Cap'),
(@POOL_ENTRY+16 , 1, 'Zangarmarsh - Herb Pool - Ragveil / Flame Cap'),
(@POOL_ENTRY+17 , 1, 'Zangarmarsh - Herb Pool - Ragveil / Flame Cap'),
(@POOL_ENTRY+18 , 1, 'Zangarmarsh - Herb Pool - Ragveil / Flame Cap'),
(@POOL_ENTRY+19 , 1, 'Zangarmarsh - Herb Pool - Ragveil / Flame Cap'),
(@POOL_ENTRY+20 , 1, 'Zangarmarsh - Herb Pool - Ragveil / Flame Cap'),
(@POOL_ENTRY+21 , 1, 'Zangarmarsh - Herb Pool - Ragveil / Flame Cap'),
(@POOL_ENTRY+22 , 1, 'Zangarmarsh - Herb Pool - Ragveil / Flame Cap'),
(@POOL_ENTRY+23 , 1, 'Zangarmarsh - Herb Pool - Ragveil / Flame Cap'),
(@POOL_ENTRY+24 , 1, 'Zangarmarsh - Herb Pool - Ragveil / Flame Cap'),
(@POOL_ENTRY+25 , 1, 'Zangarmarsh - Herb Pool - Ragveil / Flame Cap'),
(@POOL_ENTRY+26 , 1, 'Zangarmarsh - Herb Pool - Ragveil / Flame Cap'),
(@POOL_ENTRY+27 , 1, 'Zangarmarsh - Herb Pool - Ragveil / Flame Cap'),
(@POOL_ENTRY+28 , 1, 'Zangarmarsh - Herb Pool - Ragveil / Flame Cap'),
(@POOL_ENTRY+29 , 1, 'Zangarmarsh - Herb Pool - Ragveil / Flame Cap'),
(@POOL_ENTRY+30 , 1, 'Zangarmarsh - Herb Pool - Ragveil / Flame Cap'),
(@POOL_ENTRY+31 , 1, 'Zangarmarsh - Herb Pool - Ragveil / Flame Cap'),
(@POOL_ENTRY+32 , 1, 'Zangarmarsh - Herb Pool - Ragveil / Flame Cap'),
(@POOL_ENTRY+33 , 1, 'Zangarmarsh - Herb Pool - Ragveil / Flame Cap'),
(@POOL_ENTRY+34 , 1, 'Zangarmarsh - Herb Pool - Ragveil / Flame Cap'),
(@POOL_ENTRY+35 , 1, 'Zangarmarsh - Herb Pool - Ragveil / Flame Cap'),
(@POOL_ENTRY+36 , 1, 'Zangarmarsh - Herb Pool - Ragveil / Flame Cap'),
(@POOL_ENTRY+37 , 1, 'Zangarmarsh - Herb Pool - Ragveil / Flame Cap'),
(@POOL_ENTRY+38 , 1, 'Zangarmarsh - Herb Pool - Ragveil / Flame Cap'),
(@POOL_ENTRY+39 , 1, 'Zangarmarsh - Herb Pool - Ragveil / Flame Cap'),
(@POOL_ENTRY+40 , 1, 'Zangarmarsh - Herb Pool - Ragveil / Flame Cap'),
(@POOL_ENTRY+41 , 1, 'Zangarmarsh - Herb Pool - Ragveil / Flame Cap'),
(@POOL_ENTRY+42 , 1, 'Zangarmarsh - Herb Pool - Ragveil / Flame Cap'),
(@POOL_ENTRY+43 , 1, 'Zangarmarsh - Herb Pool - Ragveil / Flame Cap'),
(@POOL_ENTRY+44 , 1, 'Zangarmarsh - Herb Pool - Ragveil / Flame Cap'),
(@POOL_ENTRY+45 , 1, 'Zangarmarsh - Herb Pool - Ragveil / Flame Cap'),
(@POOL_ENTRY+46 , 1, 'Zangarmarsh - Herb Pool - Ragveil / Flame Cap'),
(@POOL_ENTRY+47 , 1, 'Zangarmarsh - Herb Pool - Ragveil / Flame Cap'),
(@POOL_ENTRY+48 , 1, 'Zangarmarsh - Herb Pool - Ragveil / Flame Cap'),
(@POOL_ENTRY+49 , 1, 'Zangarmarsh - Herb Pool - Ragveil / Flame Cap'),
(@POOL_ENTRY+50 , 1, 'Zangarmarsh - Herb Pool - Ragveil / Flame Cap'),
(@POOL_ENTRY+51 , 1, 'Zangarmarsh - Herb Pool - Ragveil / Flame Cap'),
(@POOL_ENTRY+52 , 1, 'Zangarmarsh - Herb Pool - Ragveil / Flame Cap'),
(@POOL_ENTRY+53 , 1, 'Zangarmarsh - Herb Pool - Ragveil / Flame Cap'),
(@POOL_ENTRY+54 , 1, 'Zangarmarsh - Herb Pool - Ragveil / Flame Cap'),
(@POOL_ENTRY+55 , 1, 'Zangarmarsh - Herb Pool - Ragveil / Flame Cap'),
(@POOL_ENTRY+56 , 1, 'Zangarmarsh - Herb Pool - Ragveil / Flame Cap'),
(@POOL_ENTRY+57 , 1, 'Zangarmarsh - Herb Pool - Ragveil / Flame Cap'),
(@POOL_ENTRY+58 , 1, 'Zangarmarsh - Herb Pool - Ragveil / Flame Cap'),
(@POOL_ENTRY+59 , 1, 'Zangarmarsh - Herb Pool - Ragveil / Flame Cap'),
(@POOL_ENTRY+60 , 1, 'Zangarmarsh - Herb Pool - Ragveil / Flame Cap'),
(@POOL_ENTRY+61 , 1, 'Zangarmarsh - Herb Pool - Ragveil / Flame Cap'),
(@POOL_ENTRY+62 , 1, 'Zangarmarsh - Herb Pool - Ragveil / Flame Cap'),
(@POOL_ENTRY+63 , 1, 'Zangarmarsh - Herb Pool - Ragveil / Flame Cap'),
(@POOL_ENTRY+64 , 1, 'Zangarmarsh - Herb Pool - Ragveil / Flame Cap'),
(@POOL_ENTRY+65 , 1, 'Zangarmarsh - Herb Pool - Ragveil / Flame Cap'),
(@POOL_ENTRY+66 , 1, 'Zangarmarsh - Herb Pool - Ragveil / Flame Cap'),
(@POOL_ENTRY+67 , 1, 'Zangarmarsh - Herb Pool - Ragveil / Flame Cap'),
(@POOL_ENTRY+68 , 1, 'Zangarmarsh - Herb Pool - Ragveil / Flame Cap'),
(@POOL_ENTRY+69 , 1, 'Zangarmarsh - Herb Pool - Ragveil / Flame Cap'),
(@POOL_ENTRY+70 , 1, 'Zangarmarsh - Herb Pool - Ragveil / Flame Cap'),
(@POOL_ENTRY+71 , 1, 'Zangarmarsh - Herb Pool - Ragveil / Flame Cap'),
(@POOL_ENTRY+72 , 1, 'Zangarmarsh - Herb Pool - Ragveil / Flame Cap'),
(@POOL_ENTRY+73 , 1, 'Zangarmarsh - Herb Pool - Ragveil / Flame Cap'),
(@POOL_ENTRY+74 , 1, 'Zangarmarsh - Herb Pool - Ragveil / Flame Cap'),
(@POOL_ENTRY+75 , 1, 'Zangarmarsh - Herb Pool - Ragveil / Flame Cap'),
(@POOL_ENTRY+76 , 1, 'Zangarmarsh - Herb Pool - Ragveil / Flame Cap'),
(@POOL_ENTRY+77 , 1, 'Zangarmarsh - Herb Pool - Ragveil / Flame Cap'),
(@POOL_ENTRY+78 , 1, 'Zangarmarsh - Herb Pool - Ragveil / Flame Cap'),
(@POOL_ENTRY+79 , 1, 'Zangarmarsh - Herb Pool - Ragveil / Flame Cap'),
(@POOL_ENTRY+80 , 1, 'Zangarmarsh - Herb Pool - Ragveil / Flame Cap'),
(@POOL_ENTRY+81 , 1, 'Zangarmarsh - Herb Pool - Ragveil / Flame Cap'),
(@POOL_ENTRY+82 , 1, 'Zangarmarsh - Herb Pool - Ragveil / Flame Cap'),
(@POOL_ENTRY+83 , 1, 'Zangarmarsh - Herb Pool - Ragveil / Flame Cap'),
(@POOL_ENTRY+84 , 1, 'Zangarmarsh - Herb Pool - Ragveil / Flame Cap'),
(@POOL_ENTRY+85 , 1, 'Zangarmarsh - Herb Pool - Ragveil / Flame Cap'),
(@POOL_ENTRY+86 , 1, 'Zangarmarsh - Herb Pool - Ragveil / Flame Cap'),
(@POOL_ENTRY+87 , 1, 'Zangarmarsh - Herb Pool - Ragveil / Flame Cap'),
(@POOL_ENTRY+88 , 1, 'Zangarmarsh - Herb Pool - Ragveil / Flame Cap'),
(@POOL_ENTRY+89 , 1, 'Zangarmarsh - Herb Pool - Ragveil / Flame Cap'),
(@POOL_ENTRY+90 , 1, 'Zangarmarsh - Herb Pool - Ragveil / Flame Cap'),
(@POOL_ENTRY+91 , 1, 'Zangarmarsh - Herb Pool - Ragveil / Flame Cap'),
(@POOL_ENTRY+92 , 1, 'Zangarmarsh - Herb Pool - Ragveil / Flame Cap'),
(@POOL_ENTRY+93 , 1, 'Zangarmarsh - Herb Pool - Ragveil / Flame Cap'),
(@POOL_ENTRY+94 , 1, 'Zangarmarsh - Herb Pool - Ragveil / Flame Cap'),
(@POOL_ENTRY+95 , 1, 'Zangarmarsh - Herb Pool - Ragveil / Flame Cap'),
(@POOL_ENTRY+96 , 1, 'Zangarmarsh - Herb Pool - Ragveil / Flame Cap'),
(@POOL_ENTRY+97 , 1, 'Zangarmarsh - Herb Pool - Ragveil / Flame Cap'),
(@POOL_ENTRY+98 , 1, 'Zangarmarsh - Herb Pool - Ragveil / Flame Cap'),
(@POOL_ENTRY+99 , 1, 'Zangarmarsh - Herb Pool - Ragveil / Flame Cap'),
(@POOL_ENTRY+100, 1, 'Zangarmarsh - Herb Pool - Ragveil / Flame Cap'),
(@POOL_ENTRY+101, 1, 'Zangarmarsh - Herb Pool - Ragveil / Flame Cap'),
(@POOL_ENTRY+102, 1, 'Zangarmarsh - Herb Pool - Ragveil / Flame Cap'),
(@POOL_ENTRY+103, 1, 'Zangarmarsh - Herb Pool - Ragveil / Flame Cap'),
(@POOL_ENTRY+104, 1, 'Zangarmarsh - Herb Pool - Ragveil / Flame Cap'),
(@POOL_ENTRY+105, 1, 'Zangarmarsh - Herb Pool - Ragveil / Flame Cap'),
(@POOL_ENTRY+106, 1, 'Zangarmarsh - Herb Pool - Ragveil / Flame Cap'),
(@POOL_ENTRY+107, 1, 'Zangarmarsh - Herb Pool - Ragveil / Flame Cap'),
(@POOL_ENTRY+108, 1, 'Zangarmarsh - Herb Pool - Ragveil / Flame Cap'),
(@POOL_ENTRY+109, 1, 'Zangarmarsh - Herb Pool - Ragveil / Flame Cap'),
(@POOL_ENTRY+110, 1, 'Zangarmarsh - Herb Pool - Ragveil / Flame Cap'),
(@POOL_ENTRY+111, 1, 'Zangarmarsh - Herb Pool - Ragveil / Flame Cap'),
(@POOL_ENTRY+112, 1, 'Zangarmarsh - Herb Pool - Ragveil / Flame Cap'),
(@POOL_ENTRY+113, 1, 'Zangarmarsh - Herb Pool - Ragveil / Flame Cap'),
(@POOL_ENTRY+114, 1, 'Zangarmarsh - Herb Pool - Ragveil / Flame Cap'),
(@POOL_ENTRY+115, 1, 'Zangarmarsh - Herb Pool - Ragveil / Flame Cap'),
(@POOL_ENTRY+116, 1, 'Zangarmarsh - Herb Pool - Ragveil / Flame Cap'),
(@POOL_ENTRY+117, 1, 'Zangarmarsh - Herb Pool - Ragveil / Flame Cap'),
(@POOL_ENTRY+118, 1, 'Zangarmarsh - Herb Pool - Ragveil / Flame Cap'),
(@POOL_ENTRY+119, 1, 'Zangarmarsh - Herb Pool - Ragveil / Flame Cap'),
(@POOL_ENTRY+120, 1, 'Zangarmarsh - Herb Pool - Ragveil / Flame Cap'),
(@POOL_ENTRY+121, 1, 'Zangarmarsh - Herb Pool - Ragveil / Flame Cap'),
(@POOL_ENTRY+122, 1, 'Zangarmarsh - Herb Pool - Ragveil / Flame Cap'),
(@POOL_ENTRY+123, 1, 'Zangarmarsh - Herb Pool - Ragveil / Flame Cap'),
(@POOL_ENTRY+124, 1, 'Zangarmarsh - Herb Pool - Ragveil / Flame Cap'),
(@POOL_ENTRY+125, 1, 'Zangarmarsh - Herb Pool - Ragveil / Flame Cap'),
(@POOL_ENTRY+126, 1, 'Zangarmarsh - Herb Pool - Ragveil / Flame Cap'),
(@POOL_ENTRY+127, 1, 'Zangarmarsh - Herb Pool - Ragveil / Flame Cap'),
(@POOL_ENTRY+128, 1, 'Zangarmarsh - Herb Pool - Ragveil / Flame Cap'),
(@POOL_ENTRY+129, 1, 'Zangarmarsh - Herb Pool - Ragveil / Flame Cap');

DELETE FROM `pool_pool` WHERE `pool_id` BETWEEN @POOL_ENTRY AND @POOL_ENTRY+129 AND `description` LIKE '%Zangarmarsh%';
INSERT INTO `pool_pool` (`pool_id`, `mother_pool`, `chance`, `description`) VALUES
-- East
(16204, 8085, 0, 'Zangarmarsh - Ragveil / Flame Cap - East'),
(16206, 8085, 0, 'Zangarmarsh - Ragveil / Flame Cap - East'),
(16207, 8085, 0, 'Zangarmarsh - Ragveil / Flame Cap - East'),
(16208, 8085, 0, 'Zangarmarsh - Ragveil / Flame Cap - East'),
(16213, 8085, 0, 'Zangarmarsh - Ragveil / Flame Cap - East'),
(16214, 8085, 0, 'Zangarmarsh - Ragveil / Flame Cap - East'),
(16215, 8085, 0, 'Zangarmarsh - Ragveil / Flame Cap - East'),
(16216, 8085, 0, 'Zangarmarsh - Ragveil / Flame Cap - East'),
(16217, 8085, 0, 'Zangarmarsh - Ragveil / Flame Cap - East'),
(16220, 8085, 0, 'Zangarmarsh - Ragveil / Flame Cap - East'),
(16222, 8085, 0, 'Zangarmarsh - Ragveil / Flame Cap - East'),
(16224, 8085, 0, 'Zangarmarsh - Ragveil / Flame Cap - East'),
(16229, 8085, 0, 'Zangarmarsh - Ragveil / Flame Cap - East'),
(16230, 8085, 0, 'Zangarmarsh - Ragveil / Flame Cap - East'),
(16233, 8085, 0, 'Zangarmarsh - Ragveil / Flame Cap - East'),
(16234, 8085, 0, 'Zangarmarsh - Ragveil / Flame Cap - East'),
(16242, 8085, 0, 'Zangarmarsh - Ragveil / Flame Cap - East'),
(16243, 8085, 0, 'Zangarmarsh - Ragveil / Flame Cap - East'),
(16244, 8085, 0, 'Zangarmarsh - Ragveil / Flame Cap - East'),
(16245, 8085, 0, 'Zangarmarsh - Ragveil / Flame Cap - East'),
(16246, 8085, 0, 'Zangarmarsh - Ragveil / Flame Cap - East'),
(16247, 8085, 0, 'Zangarmarsh - Ragveil / Flame Cap - East'),
(16252, 8085, 0, 'Zangarmarsh - Ragveil / Flame Cap - East'),
(16253, 8085, 0, 'Zangarmarsh - Ragveil / Flame Cap - East'),
(16254, 8085, 0, 'Zangarmarsh - Ragveil / Flame Cap - East'),
(16256, 8085, 0, 'Zangarmarsh - Ragveil / Flame Cap - East'),
(16258, 8085, 0, 'Zangarmarsh - Ragveil / Flame Cap - East'),
(16259, 8085, 0, 'Zangarmarsh - Ragveil / Flame Cap - East'),
(16260, 8085, 0, 'Zangarmarsh - Ragveil / Flame Cap - East'),
(16261, 8085, 0, 'Zangarmarsh - Ragveil / Flame Cap - East'),
(16262, 8085, 0, 'Zangarmarsh - Ragveil / Flame Cap - East'),
(16263, 8085, 0, 'Zangarmarsh - Ragveil / Flame Cap - East'),
(16264, 8085, 0, 'Zangarmarsh - Ragveil / Flame Cap - East'),
(16265, 8085, 0, 'Zangarmarsh - Ragveil / Flame Cap - East'),
(16269, 8085, 0, 'Zangarmarsh - Ragveil / Flame Cap - East'),
(16270, 8085, 0, 'Zangarmarsh - Ragveil / Flame Cap - East'),
(16271, 8085, 0, 'Zangarmarsh - Ragveil / Flame Cap - East'),
(16272, 8085, 0, 'Zangarmarsh - Ragveil / Flame Cap - East'),
(16273, 8085, 0, 'Zangarmarsh - Ragveil / Flame Cap - East'),
(16274, 8085, 0, 'Zangarmarsh - Ragveil / Flame Cap - East'),
(16275, 8085, 0, 'Zangarmarsh - Ragveil / Flame Cap - East'),
(16276, 8085, 0, 'Zangarmarsh - Ragveil / Flame Cap - East'),
(16277, 8085, 0, 'Zangarmarsh - Ragveil / Flame Cap - East'),
(16278, 8085, 0, 'Zangarmarsh - Ragveil / Flame Cap - East'),
(16280, 8085, 0, 'Zangarmarsh - Ragveil / Flame Cap - East'),
(16281, 8085, 0, 'Zangarmarsh - Ragveil / Flame Cap - East'),
(16282, 8085, 0, 'Zangarmarsh - Ragveil / Flame Cap - East'),
(16284, 8085, 0, 'Zangarmarsh - Ragveil / Flame Cap - East'),
(16287, 8085, 0, 'Zangarmarsh - Ragveil / Flame Cap - East'),
(16289, 8085, 0, 'Zangarmarsh - Ragveil / Flame Cap - East'),
(16290, 8085, 0, 'Zangarmarsh - Ragveil / Flame Cap - East'),
(16292, 8085, 0, 'Zangarmarsh - Ragveil / Flame Cap - East'),
(16293, 8085, 0, 'Zangarmarsh - Ragveil / Flame Cap - East'),
(16294, 8085, 0, 'Zangarmarsh - Ragveil / Flame Cap - East'),
(16295, 8085, 0, 'Zangarmarsh - Ragveil / Flame Cap - East'),
(16296, 8085, 0, 'Zangarmarsh - Ragveil / Flame Cap - East'),
(16298, 8085, 0, 'Zangarmarsh - Ragveil / Flame Cap - East'),
(16302, 8085, 0, 'Zangarmarsh - Ragveil / Flame Cap - East'),
(16304, 8085, 0, 'Zangarmarsh - Ragveil / Flame Cap - East'),
(16306, 8085, 0, 'Zangarmarsh - Ragveil / Flame Cap - East'),
(16307, 8085, 0, 'Zangarmarsh - Ragveil / Flame Cap - East'),
(16311, 8085, 0, 'Zangarmarsh - Ragveil / Flame Cap - East'),
(16313, 8085, 0, 'Zangarmarsh - Ragveil / Flame Cap - East'),
(16314, 8085, 0, 'Zangarmarsh - Ragveil / Flame Cap - East'),
(16315, 8085, 0, 'Zangarmarsh - Ragveil / Flame Cap - East'),
(16316, 8085, 0, 'Zangarmarsh - Ragveil / Flame Cap - East'),
(16318, 8085, 0, 'Zangarmarsh - Ragveil / Flame Cap - East'),
(16319, 8085, 0, 'Zangarmarsh - Ragveil / Flame Cap - East'),
(16321, 8085, 0, 'Zangarmarsh - Ragveil / Flame Cap - East'),
(16322, 8085, 0, 'Zangarmarsh - Ragveil / Flame Cap - East'),
(16327, 8085, 0, 'Zangarmarsh - Ragveil / Flame Cap - East'),
(16328, 8085, 0, 'Zangarmarsh - Ragveil / Flame Cap - East'),
(16329, 8085, 0, 'Zangarmarsh - Ragveil / Flame Cap - East'),
(16330, 8085, 0, 'Zangarmarsh - Ragveil / Flame Cap - East'),
-- West
(16202, 8086, 0, 'Zangarmarsh - Ragveil / Flame Cap - West'),
(16203, 8086, 0, 'Zangarmarsh - Ragveil / Flame Cap - West'),
(16205, 8086, 0, 'Zangarmarsh - Ragveil / Flame Cap - West'),
(16209, 8086, 0, 'Zangarmarsh - Ragveil / Flame Cap - West'),
(16210, 8086, 0, 'Zangarmarsh - Ragveil / Flame Cap - West'),
(16211, 8086, 0, 'Zangarmarsh - Ragveil / Flame Cap - West'),
(16212, 8086, 0, 'Zangarmarsh - Ragveil / Flame Cap - West'),
(16218, 8086, 0, 'Zangarmarsh - Ragveil / Flame Cap - West'),
(16219, 8086, 0, 'Zangarmarsh - Ragveil / Flame Cap - West'),
(16221, 8086, 0, 'Zangarmarsh - Ragveil / Flame Cap - West'),
(16223, 8086, 0, 'Zangarmarsh - Ragveil / Flame Cap - West'),
(16225, 8086, 0, 'Zangarmarsh - Ragveil / Flame Cap - West'),
(16226, 8086, 0, 'Zangarmarsh - Ragveil / Flame Cap - West'),
(16227, 8086, 0, 'Zangarmarsh - Ragveil / Flame Cap - West'),
(16228, 8086, 0, 'Zangarmarsh - Ragveil / Flame Cap - West'),
(16231, 8086, 0, 'Zangarmarsh - Ragveil / Flame Cap - West'),
(16232, 8086, 0, 'Zangarmarsh - Ragveil / Flame Cap - West'),
(16235, 8086, 0, 'Zangarmarsh - Ragveil / Flame Cap - West'),
(16236, 8086, 0, 'Zangarmarsh - Ragveil / Flame Cap - West'),
(16237, 8086, 0, 'Zangarmarsh - Ragveil / Flame Cap - West'),
(16238, 8086, 0, 'Zangarmarsh - Ragveil / Flame Cap - West'),
(16239, 8086, 0, 'Zangarmarsh - Ragveil / Flame Cap - West'),
(16240, 8086, 0, 'Zangarmarsh - Ragveil / Flame Cap - West'),
(16241, 8086, 0, 'Zangarmarsh - Ragveil / Flame Cap - West'),
(16248, 8086, 0, 'Zangarmarsh - Ragveil / Flame Cap - West'),
(16249, 8086, 0, 'Zangarmarsh - Ragveil / Flame Cap - West'),
(16250, 8086, 0, 'Zangarmarsh - Ragveil / Flame Cap - West'),
(16251, 8086, 0, 'Zangarmarsh - Ragveil / Flame Cap - West'),
(16255, 8086, 0, 'Zangarmarsh - Ragveil / Flame Cap - West'),
(16257, 8086, 0, 'Zangarmarsh - Ragveil / Flame Cap - West'),
(16266, 8086, 0, 'Zangarmarsh - Ragveil / Flame Cap - West'),
(16267, 8086, 0, 'Zangarmarsh - Ragveil / Flame Cap - West'),
(16268, 8086, 0, 'Zangarmarsh - Ragveil / Flame Cap - West'),
(16279, 8086, 0, 'Zangarmarsh - Ragveil / Flame Cap - West'),
(16283, 8086, 0, 'Zangarmarsh - Ragveil / Flame Cap - West'),
(16285, 8086, 0, 'Zangarmarsh - Ragveil / Flame Cap - West'),
(16286, 8086, 0, 'Zangarmarsh - Ragveil / Flame Cap - West'),
(16288, 8086, 0, 'Zangarmarsh - Ragveil / Flame Cap - West'),
(16291, 8086, 0, 'Zangarmarsh - Ragveil / Flame Cap - West'),
(16297, 8086, 0, 'Zangarmarsh - Ragveil / Flame Cap - West'),
(16299, 8086, 0, 'Zangarmarsh - Ragveil / Flame Cap - West'),
(16300, 8086, 0, 'Zangarmarsh - Ragveil / Flame Cap - West'),
(16301, 8086, 0, 'Zangarmarsh - Ragveil / Flame Cap - West'),
(16303, 8086, 0, 'Zangarmarsh - Ragveil / Flame Cap - West'),
(16305, 8086, 0, 'Zangarmarsh - Ragveil / Flame Cap - West'),
(16308, 8086, 0, 'Zangarmarsh - Ragveil / Flame Cap - West'),
(16309, 8086, 0, 'Zangarmarsh - Ragveil / Flame Cap - West'),
(16310, 8086, 0, 'Zangarmarsh - Ragveil / Flame Cap - West'),
(16312, 8086, 0, 'Zangarmarsh - Ragveil / Flame Cap - West'),
(16317, 8086, 0, 'Zangarmarsh - Ragveil / Flame Cap - West'),
(16320, 8086, 0, 'Zangarmarsh - Ragveil / Flame Cap - West'),
(16323, 8086, 0, 'Zangarmarsh - Ragveil / Flame Cap - West'),
(16324, 8086, 0, 'Zangarmarsh - Ragveil / Flame Cap - West'),
(16325, 8086, 0, 'Zangarmarsh - Ragveil / Flame Cap - West'),
(16326, 8086, 0, 'Zangarmarsh - Ragveil / Flame Cap - West'),
(16331, 8086, 0, 'Zangarmarsh - Ragveil / Flame Cap - West');

DELETE FROM `pool_template` WHERE `entry` IN (8085, 8086);
INSERT INTO `pool_template` (`entry`, `max_limit`, `description`) VALUES
(8085, 18, 'Zangarmarsh - Ragveil / Flame Cap - East'),
(8086, 18, 'Zangarmarsh - Ragveil / Flame Cap - West');
