INSERT INTO `version_db_world` (`sql_rev`) VALUES ('1638305112742861600');

-- Zone    - The Barrens (17)
-- Used gameobject_template:
--      1732    - 'Tin Vein'
--      3764    - 'Tin Vein'
--      103711  - 'Tin Vein'
--      105569  - 'Silver Vein'
--      1733    - 'Silver Vein'

-- Beginning of the new sniffed data
SET @POOL_TEMPLATE = 416;
SET @FREE_GAMEOBJECT_ENTRY = 9666;

DELETE FROM `pool_template` WHERE `entry` >= @POOL_TEMPLATE AND `entry` <= @POOL_TEMPLATE + 15;
INSERT INTO `pool_template` (`entry`, `max_limit`, `description`) VALUES 
(@POOL_TEMPLATE + 0, 4, 'Silver and tin veins in The Barrens Master'),
(@POOL_TEMPLATE + 1, 1, 'Silver and tin veins in The Barrens #1'),
(@POOL_TEMPLATE + 2, 1, 'Silver and tin veins in The Barrens #2'),
(@POOL_TEMPLATE + 3, 1, 'Silver and tin veins in The Barrens #3'),
(@POOL_TEMPLATE + 4, 1, 'Silver and tin veins in The Barrens #4'),
(@POOL_TEMPLATE + 5, 1, 'Silver and tin veins in The Barrens #5'),
(@POOL_TEMPLATE + 6, 1, 'Silver and tin veins in The Barrens #6'),
(@POOL_TEMPLATE + 7, 1, 'Silver and tin veins in The Barrens #7'),
(@POOL_TEMPLATE + 8, 1, 'Silver and tin veins in The Barrens #8'),
(@POOL_TEMPLATE + 9, 1, 'Silver and tin veins in The Barrens #9'),
(@POOL_TEMPLATE + 10, 1, 'Silver and tin veins in The Barrens #10'),
(@POOL_TEMPLATE + 11, 1, 'Silver and tin veins in The Barrens #11'),
(@POOL_TEMPLATE + 12, 1, 'Silver and tin veins in The Barrens #12'),
(@POOL_TEMPLATE + 13, 1, 'Silver and tin veins in The Barrens #13'),
(@POOL_TEMPLATE + 14, 1, 'Silver and tin veins in The Barrens #14'),
(@POOL_TEMPLATE + 15, 50, 'Tin Veins in The Barrens 82 objects total');

DELETE FROM `pool_pool` WHERE `pool_id` >= @POOL_TEMPLATE AND `pool_id` <= @POOL_TEMPLATE + 15;
INSERT INTO `pool_pool` (`pool_id`,`mother_pool`,`chance`,`description`) VALUES
(@POOL_TEMPLATE + 1, @POOL_TEMPLATE, 0, 'The Barrens Silver and Tin Nodes #1'),
(@POOL_TEMPLATE + 2, @POOL_TEMPLATE, 0, 'The Barrens Silver and Tin Nodes #2'),
(@POOL_TEMPLATE + 3, @POOL_TEMPLATE, 0, 'The Barrens Silver and Tin Nodes #3'),
(@POOL_TEMPLATE + 4, @POOL_TEMPLATE, 0, 'The Barrens Silver and Tin Nodes #4'),
(@POOL_TEMPLATE + 5, @POOL_TEMPLATE, 0, 'The Barrens Silver and Tin Nodes #5'),
(@POOL_TEMPLATE + 6, @POOL_TEMPLATE, 0, 'The Barrens Silver and Tin Nodes #6'),
(@POOL_TEMPLATE + 7, @POOL_TEMPLATE, 0, 'The Barrens Silver and Tin Nodes #7'),
(@POOL_TEMPLATE + 8, @POOL_TEMPLATE, 0, 'The Barrens Silver and Tin Nodes #8'),
(@POOL_TEMPLATE + 9, @POOL_TEMPLATE, 0, 'The Barrens Silver and Tin Nodes #9'),
(@POOL_TEMPLATE + 10, @POOL_TEMPLATE, 0, 'The Barrens Silver and Tin Nodes #10'),
(@POOL_TEMPLATE + 11, @POOL_TEMPLATE, 0, 'The Barrens Silver and Tin Nodes #11'),
(@POOL_TEMPLATE + 12, @POOL_TEMPLATE, 0, 'The Barrens Silver and Tin Nodes #12'),
(@POOL_TEMPLATE + 13, @POOL_TEMPLATE, 0, 'The Barrens Silver and Tin Nodes #13'),
(@POOL_TEMPLATE + 14, @POOL_TEMPLATE, 0, 'The Barrens Silver and Tin Nodes #14');

DELETE FROM `pool_gameobject` WHERE `pool_entry` >= @POOL_TEMPLATE + 1 AND `pool_entry` <= @POOL_TEMPLATE + 15;
INSERT INTO `pool_gameobject` (`guid`, `pool_entry`, `chance`, `description`) VALUES 
(@FREE_GAMEOBJECT_ENTRY := @FREE_GAMEOBJECT_ENTRY + 0, @POOL_TEMPLATE + 1, 30, 'Silver Vein'),
(@FREE_GAMEOBJECT_ENTRY := @FREE_GAMEOBJECT_ENTRY + 1, @POOL_TEMPLATE + 1, 70, 'Tin Vein'),
(@FREE_GAMEOBJECT_ENTRY := @FREE_GAMEOBJECT_ENTRY + 1, @POOL_TEMPLATE + 2, 30, 'Silver Vein'),
(@FREE_GAMEOBJECT_ENTRY := @FREE_GAMEOBJECT_ENTRY + 1, @POOL_TEMPLATE + 2, 70, 'Tin Vein'),
(@FREE_GAMEOBJECT_ENTRY := @FREE_GAMEOBJECT_ENTRY + 1, @POOL_TEMPLATE + 3, 30, 'Silver Vein'),
(@FREE_GAMEOBJECT_ENTRY := @FREE_GAMEOBJECT_ENTRY + 1, @POOL_TEMPLATE + 3, 70, 'Tin Vein'),
(@FREE_GAMEOBJECT_ENTRY := @FREE_GAMEOBJECT_ENTRY + 1, @POOL_TEMPLATE + 4, 30, 'Silver Vein'),
(@FREE_GAMEOBJECT_ENTRY := @FREE_GAMEOBJECT_ENTRY + 1, @POOL_TEMPLATE + 4, 70, 'Tin Vein'),
(@FREE_GAMEOBJECT_ENTRY := @FREE_GAMEOBJECT_ENTRY + 1, @POOL_TEMPLATE + 5, 30, 'Silver Vein'),
(@FREE_GAMEOBJECT_ENTRY := @FREE_GAMEOBJECT_ENTRY + 1, @POOL_TEMPLATE + 5, 70, 'Tin Vein'),
(@FREE_GAMEOBJECT_ENTRY := @FREE_GAMEOBJECT_ENTRY + 1, @POOL_TEMPLATE + 6, 30, 'Silver Vein'),
(@FREE_GAMEOBJECT_ENTRY := @FREE_GAMEOBJECT_ENTRY + 1, @POOL_TEMPLATE + 6, 70, 'Tin Vein'),
(@FREE_GAMEOBJECT_ENTRY := @FREE_GAMEOBJECT_ENTRY + 1, @POOL_TEMPLATE + 7, 30, 'Silver Vein'),
(@FREE_GAMEOBJECT_ENTRY := @FREE_GAMEOBJECT_ENTRY + 1, @POOL_TEMPLATE + 7, 70, 'Tin Vein'),
(@FREE_GAMEOBJECT_ENTRY := @FREE_GAMEOBJECT_ENTRY + 1, @POOL_TEMPLATE + 8, 30, 'Silver Vein'),
(@FREE_GAMEOBJECT_ENTRY := @FREE_GAMEOBJECT_ENTRY + 1, @POOL_TEMPLATE + 8, 70, 'Tin Vein'),
(@FREE_GAMEOBJECT_ENTRY := @FREE_GAMEOBJECT_ENTRY + 1, @POOL_TEMPLATE + 9, 30, 'Silver Vein'),
(@FREE_GAMEOBJECT_ENTRY := @FREE_GAMEOBJECT_ENTRY + 1, @POOL_TEMPLATE + 9, 70, 'Tin Vein'),
(@FREE_GAMEOBJECT_ENTRY := @FREE_GAMEOBJECT_ENTRY + 1, @POOL_TEMPLATE + 10, 30, 'Silver Vein'),
(@FREE_GAMEOBJECT_ENTRY := @FREE_GAMEOBJECT_ENTRY + 1, @POOL_TEMPLATE + 10, 70, 'Tin Vein'),
(@FREE_GAMEOBJECT_ENTRY := @FREE_GAMEOBJECT_ENTRY + 1, @POOL_TEMPLATE + 11, 30, 'Silver Vein'),
(@FREE_GAMEOBJECT_ENTRY := @FREE_GAMEOBJECT_ENTRY + 1, @POOL_TEMPLATE + 11, 70, 'Tin Vein'),
(@FREE_GAMEOBJECT_ENTRY := @FREE_GAMEOBJECT_ENTRY + 1, @POOL_TEMPLATE + 12, 30, 'Silver Vein'),
(@FREE_GAMEOBJECT_ENTRY := @FREE_GAMEOBJECT_ENTRY + 1, @POOL_TEMPLATE + 12, 70, 'Tin Vein'),
(@FREE_GAMEOBJECT_ENTRY := @FREE_GAMEOBJECT_ENTRY + 1, @POOL_TEMPLATE + 13, 30, 'Silver Vein'),
(@FREE_GAMEOBJECT_ENTRY := @FREE_GAMEOBJECT_ENTRY + 1, @POOL_TEMPLATE + 13, 70, 'Tin Vein'),
(@FREE_GAMEOBJECT_ENTRY := @FREE_GAMEOBJECT_ENTRY + 1, @POOL_TEMPLATE + 14, 30, 'Silver Vein'),
(@FREE_GAMEOBJECT_ENTRY := @FREE_GAMEOBJECT_ENTRY + 1, @POOL_TEMPLATE + 14, 70, 'Tin Vein'),
(@FREE_GAMEOBJECT_ENTRY := @FREE_GAMEOBJECT_ENTRY + 1, @POOL_TEMPLATE + 15, 0, 'Tin Vein'),
(@FREE_GAMEOBJECT_ENTRY := @FREE_GAMEOBJECT_ENTRY + 1, @POOL_TEMPLATE + 15, 0, 'Tin Vein'),
(@FREE_GAMEOBJECT_ENTRY := @FREE_GAMEOBJECT_ENTRY + 1, @POOL_TEMPLATE + 15, 0, 'Tin Vein'),
(@FREE_GAMEOBJECT_ENTRY := @FREE_GAMEOBJECT_ENTRY + 1, @POOL_TEMPLATE + 15, 0, 'Tin Vein'),
(@FREE_GAMEOBJECT_ENTRY := @FREE_GAMEOBJECT_ENTRY + 1, @POOL_TEMPLATE + 15, 0, 'Tin Vein'),
(@FREE_GAMEOBJECT_ENTRY := @FREE_GAMEOBJECT_ENTRY + 1, @POOL_TEMPLATE + 15, 0, 'Tin Vein'),
(@FREE_GAMEOBJECT_ENTRY := @FREE_GAMEOBJECT_ENTRY + 1, @POOL_TEMPLATE + 15, 0, 'Tin Vein'),
(@FREE_GAMEOBJECT_ENTRY := @FREE_GAMEOBJECT_ENTRY + 1, @POOL_TEMPLATE + 15, 0, 'Tin Vein'),
(@FREE_GAMEOBJECT_ENTRY := @FREE_GAMEOBJECT_ENTRY + 1, @POOL_TEMPLATE + 15, 0, 'Tin Vein'),
(@FREE_GAMEOBJECT_ENTRY := @FREE_GAMEOBJECT_ENTRY + 1, @POOL_TEMPLATE + 15, 0, 'Tin Vein'),
(@FREE_GAMEOBJECT_ENTRY := @FREE_GAMEOBJECT_ENTRY + 1, @POOL_TEMPLATE + 15, 0, 'Tin Vein'),
(@FREE_GAMEOBJECT_ENTRY := @FREE_GAMEOBJECT_ENTRY + 1, @POOL_TEMPLATE + 15, 0, 'Tin Vein'),
(@FREE_GAMEOBJECT_ENTRY := @FREE_GAMEOBJECT_ENTRY + 1, @POOL_TEMPLATE + 15, 0, 'Tin Vein'),
(@FREE_GAMEOBJECT_ENTRY := @FREE_GAMEOBJECT_ENTRY + 1, @POOL_TEMPLATE + 15, 0, 'Tin Vein'),
(@FREE_GAMEOBJECT_ENTRY := @FREE_GAMEOBJECT_ENTRY + 1, @POOL_TEMPLATE + 15, 0, 'Tin Vein'),
(@FREE_GAMEOBJECT_ENTRY := @FREE_GAMEOBJECT_ENTRY + 1, @POOL_TEMPLATE + 15, 0, 'Tin Vein'),
(@FREE_GAMEOBJECT_ENTRY := @FREE_GAMEOBJECT_ENTRY + 1, @POOL_TEMPLATE + 15, 0, 'Tin Vein'),
(@FREE_GAMEOBJECT_ENTRY := @FREE_GAMEOBJECT_ENTRY + 1, @POOL_TEMPLATE + 15, 0, 'Tin Vein'),
(@FREE_GAMEOBJECT_ENTRY := @FREE_GAMEOBJECT_ENTRY + 1, @POOL_TEMPLATE + 15, 0, 'Tin Vein'),
(@FREE_GAMEOBJECT_ENTRY := @FREE_GAMEOBJECT_ENTRY + 1, @POOL_TEMPLATE + 15, 0, 'Tin Vein'),
(@FREE_GAMEOBJECT_ENTRY := @FREE_GAMEOBJECT_ENTRY + 1, @POOL_TEMPLATE + 15, 0, 'Tin Vein'),
(@FREE_GAMEOBJECT_ENTRY := @FREE_GAMEOBJECT_ENTRY + 1, @POOL_TEMPLATE + 15, 0, 'Tin Vein'),
(@FREE_GAMEOBJECT_ENTRY := @FREE_GAMEOBJECT_ENTRY + 1, @POOL_TEMPLATE + 15, 0, 'Tin Vein'),
(@FREE_GAMEOBJECT_ENTRY := @FREE_GAMEOBJECT_ENTRY + 1, @POOL_TEMPLATE + 15, 0, 'Tin Vein'),
(@FREE_GAMEOBJECT_ENTRY := @FREE_GAMEOBJECT_ENTRY + 1, @POOL_TEMPLATE + 15, 0, 'Tin Vein'),
(@FREE_GAMEOBJECT_ENTRY := @FREE_GAMEOBJECT_ENTRY + 1, @POOL_TEMPLATE + 15, 0, 'Tin Vein'),
(@FREE_GAMEOBJECT_ENTRY := @FREE_GAMEOBJECT_ENTRY + 1, @POOL_TEMPLATE + 15, 0, 'Tin Vein'),
(@FREE_GAMEOBJECT_ENTRY := @FREE_GAMEOBJECT_ENTRY + 1, @POOL_TEMPLATE + 15, 0, 'Tin Vein'),
(@FREE_GAMEOBJECT_ENTRY := @FREE_GAMEOBJECT_ENTRY + 1, @POOL_TEMPLATE + 15, 0, 'Tin Vein'),
(@FREE_GAMEOBJECT_ENTRY := @FREE_GAMEOBJECT_ENTRY + 1, @POOL_TEMPLATE + 15, 0, 'Tin Vein'),
(@FREE_GAMEOBJECT_ENTRY := @FREE_GAMEOBJECT_ENTRY + 1, @POOL_TEMPLATE + 15, 0, 'Tin Vein'),
(@FREE_GAMEOBJECT_ENTRY := @FREE_GAMEOBJECT_ENTRY + 1, @POOL_TEMPLATE + 15, 0, 'Tin Vein'),
(@FREE_GAMEOBJECT_ENTRY := @FREE_GAMEOBJECT_ENTRY + 1, @POOL_TEMPLATE + 15, 0, 'Tin Vein'),
(@FREE_GAMEOBJECT_ENTRY := @FREE_GAMEOBJECT_ENTRY + 1, @POOL_TEMPLATE + 15, 0, 'Tin Vein'),
(@FREE_GAMEOBJECT_ENTRY := @FREE_GAMEOBJECT_ENTRY + 1, @POOL_TEMPLATE + 15, 0, 'Tin Vein'),
(@FREE_GAMEOBJECT_ENTRY := @FREE_GAMEOBJECT_ENTRY + 1, @POOL_TEMPLATE + 15, 0, 'Tin Vein'),
(@FREE_GAMEOBJECT_ENTRY := @FREE_GAMEOBJECT_ENTRY + 1, @POOL_TEMPLATE + 15, 0, 'Tin Vein'),
(@FREE_GAMEOBJECT_ENTRY := @FREE_GAMEOBJECT_ENTRY + 1, @POOL_TEMPLATE + 15, 0, 'Tin Vein'),
(@FREE_GAMEOBJECT_ENTRY := @FREE_GAMEOBJECT_ENTRY + 1, @POOL_TEMPLATE + 15, 0, 'Tin Vein'),
(@FREE_GAMEOBJECT_ENTRY := @FREE_GAMEOBJECT_ENTRY + 1, @POOL_TEMPLATE + 15, 0, 'Tin Vein'),
(@FREE_GAMEOBJECT_ENTRY := @FREE_GAMEOBJECT_ENTRY + 1, @POOL_TEMPLATE + 15, 0, 'Tin Vein'),
(@FREE_GAMEOBJECT_ENTRY := @FREE_GAMEOBJECT_ENTRY + 1, @POOL_TEMPLATE + 15, 0, 'Tin Vein'),
(@FREE_GAMEOBJECT_ENTRY := @FREE_GAMEOBJECT_ENTRY + 1, @POOL_TEMPLATE + 15, 0, 'Tin Vein'),
(@FREE_GAMEOBJECT_ENTRY := @FREE_GAMEOBJECT_ENTRY + 1, @POOL_TEMPLATE + 15, 0, 'Tin Vein'),
(@FREE_GAMEOBJECT_ENTRY := @FREE_GAMEOBJECT_ENTRY + 1, @POOL_TEMPLATE + 15, 0, 'Tin Vein'),
(@FREE_GAMEOBJECT_ENTRY := @FREE_GAMEOBJECT_ENTRY + 1, @POOL_TEMPLATE + 15, 0, 'Tin Vein'),
(@FREE_GAMEOBJECT_ENTRY := @FREE_GAMEOBJECT_ENTRY + 1, @POOL_TEMPLATE + 15, 0, 'Tin Vein'),
(@FREE_GAMEOBJECT_ENTRY := @FREE_GAMEOBJECT_ENTRY + 1, @POOL_TEMPLATE + 15, 0, 'Tin Vein'),
(@FREE_GAMEOBJECT_ENTRY := @FREE_GAMEOBJECT_ENTRY + 1, @POOL_TEMPLATE + 15, 0, 'Tin Vein'),
(@FREE_GAMEOBJECT_ENTRY := @FREE_GAMEOBJECT_ENTRY + 1, @POOL_TEMPLATE + 15, 0, 'Tin Vein'),
(@FREE_GAMEOBJECT_ENTRY := @FREE_GAMEOBJECT_ENTRY + 1, @POOL_TEMPLATE + 15, 0, 'Tin Vein'),
(@FREE_GAMEOBJECT_ENTRY := @FREE_GAMEOBJECT_ENTRY + 1, @POOL_TEMPLATE + 15, 0, 'Tin Vein'),
(@FREE_GAMEOBJECT_ENTRY := @FREE_GAMEOBJECT_ENTRY + 1, @POOL_TEMPLATE + 15, 0, 'Tin Vein'),
(@FREE_GAMEOBJECT_ENTRY := @FREE_GAMEOBJECT_ENTRY + 1, @POOL_TEMPLATE + 15, 0, 'Tin Vein'),
(@FREE_GAMEOBJECT_ENTRY := @FREE_GAMEOBJECT_ENTRY + 1, @POOL_TEMPLATE + 15, 0, 'Tin Vein'),
(@FREE_GAMEOBJECT_ENTRY := @FREE_GAMEOBJECT_ENTRY + 1, @POOL_TEMPLATE + 15, 0, 'Tin Vein'),
(@FREE_GAMEOBJECT_ENTRY := @FREE_GAMEOBJECT_ENTRY + 1, @POOL_TEMPLATE + 15, 0, 'Tin Vein'),
(@FREE_GAMEOBJECT_ENTRY := @FREE_GAMEOBJECT_ENTRY + 1, @POOL_TEMPLATE + 15, 0, 'Tin Vein'),
(@FREE_GAMEOBJECT_ENTRY := @FREE_GAMEOBJECT_ENTRY + 1, @POOL_TEMPLATE + 15, 0, 'Tin Vein'),
(@FREE_GAMEOBJECT_ENTRY := @FREE_GAMEOBJECT_ENTRY + 1, @POOL_TEMPLATE + 15, 0, 'Tin Vein'),
(@FREE_GAMEOBJECT_ENTRY := @FREE_GAMEOBJECT_ENTRY + 1, @POOL_TEMPLATE + 15, 0, 'Tin Vein'),
(@FREE_GAMEOBJECT_ENTRY := @FREE_GAMEOBJECT_ENTRY + 1, @POOL_TEMPLATE + 15, 0, 'Tin Vein'),
(@FREE_GAMEOBJECT_ENTRY := @FREE_GAMEOBJECT_ENTRY + 1, @POOL_TEMPLATE + 15, 0, 'Tin Vein'),
(@FREE_GAMEOBJECT_ENTRY := @FREE_GAMEOBJECT_ENTRY + 1, @POOL_TEMPLATE + 15, 0, 'Tin Vein'),
(@FREE_GAMEOBJECT_ENTRY := @FREE_GAMEOBJECT_ENTRY + 1, @POOL_TEMPLATE + 15, 0, 'Tin Vein'),
(@FREE_GAMEOBJECT_ENTRY := @FREE_GAMEOBJECT_ENTRY + 1, @POOL_TEMPLATE + 15, 0, 'Tin Vein'),
(@FREE_GAMEOBJECT_ENTRY := @FREE_GAMEOBJECT_ENTRY + 1, @POOL_TEMPLATE + 15, 0, 'Tin Vein'),
(@FREE_GAMEOBJECT_ENTRY := @FREE_GAMEOBJECT_ENTRY + 1, @POOL_TEMPLATE + 15, 0, 'Tin Vein'),
(@FREE_GAMEOBJECT_ENTRY := @FREE_GAMEOBJECT_ENTRY + 1, @POOL_TEMPLATE + 15, 0, 'Tin Vein');

-- Total new Gameobjects: 98
-- The first 14 Gameobjects need to be pooled every 2 gameobjects
-- 82 Tin go pooled together
-- 2 Last silvers not pooled

SET @FREE_GAMEOBJECT_ENTRY = 9666;

DELETE FROM `gameobject` WHERE `zoneId` = 17 AND (`id` = 3764 OR `id` = 103711 OR `id` = 105569 OR `id` = 1733 OR `id` = 1732) OR (`guid` IN (120288, 120636, 120592));
DELETE FROM `gameobject` WHERE `id` >= @FREE_GAMEOBJECT_ENTRY AND `id` <= @FREE_GAMEOBJECT_ENTRY + 98;
INSERT INTO `gameobject` (`guid`, `id`, `map`, `zoneId`, `position_x`, `position_y`, `position_z`, `orientation`, `rotation0`, `rotation1`, `rotation2`, `rotation3`, `spawntimesecs`, `state`) VALUES 
(@FREE_GAMEOBJECT_ENTRY := @FREE_GAMEOBJECT_ENTRY + 0, 1733, 1, 17, -4726.98, -1956.17, -46.6445, 3.4383, 0, 0, -0.989016, 0.147811, 900, 1),
(@FREE_GAMEOBJECT_ENTRY := @FREE_GAMEOBJECT_ENTRY + 1, 1732, 1, 17, -4726.98, -1956.17, -46.6445, 3.4383, 0, 0, -0.989016, 0.147811, 900, 1),
(@FREE_GAMEOBJECT_ENTRY := @FREE_GAMEOBJECT_ENTRY + 1, 105569, 1, 17, -4193.71, -2187.79, 52.5116, 3.82227, 0, 0, -0.942641, 0.333808, 900, 1),
(@FREE_GAMEOBJECT_ENTRY := @FREE_GAMEOBJECT_ENTRY + 1, 103711, 1, 17, -4193.71, -2187.79, 52.5116, 3.82227, 0, 0, -0.942641, 0.333808, 900, 1),
(@FREE_GAMEOBJECT_ENTRY := @FREE_GAMEOBJECT_ENTRY + 1, 1733, 1, 17, -3576.01, -1793.37, 96.8127, 1.65806, 0, 0, 0.737277, 0.675591, 900, 1),
(@FREE_GAMEOBJECT_ENTRY := @FREE_GAMEOBJECT_ENTRY + 1, 1732, 1, 17, -3576.01, -1793.37, 96.8127, 1.65806, 0, 0, 0.737277, 0.675591, 900, 1),
(@FREE_GAMEOBJECT_ENTRY := @FREE_GAMEOBJECT_ENTRY + 1, 1733, 1, 17, -3424.42, -1774.99, 92.4047, 2.26892, 0, 0, 0.906307, 0.422619, 900, 1),
(@FREE_GAMEOBJECT_ENTRY := @FREE_GAMEOBJECT_ENTRY + 1, 1732, 1, 17, -3424.42, -1774.99, 92.4047, 2.26892, 0, 0, 0.906307, 0.422619, 900, 1),
(@FREE_GAMEOBJECT_ENTRY := @FREE_GAMEOBJECT_ENTRY + 1, 1733, 1, 17, -2086.99, -1738.18, 96.4682, 3.42085, 0, 0, -0.990268, 0.139175, 900, 1),
(@FREE_GAMEOBJECT_ENTRY := @FREE_GAMEOBJECT_ENTRY + 1, 3764, 1, 17, -2086.99, -1738.18, 96.4682, 3.42085, 0, 0, -0.990268, 0.139175, 900, 1),
(@FREE_GAMEOBJECT_ENTRY := @FREE_GAMEOBJECT_ENTRY + 1, 1733, 1, 17, -1853.02, -1887.78, 98.8276, 1.93731, 0, 0, 0.824125, 0.566408, 900, 1),
(@FREE_GAMEOBJECT_ENTRY := @FREE_GAMEOBJECT_ENTRY + 1, 3764, 1, 17, -1853.02, -1887.78, 98.8276, 1.93731, 0, 0, 0.824125, 0.566408, 900, 1),
(@FREE_GAMEOBJECT_ENTRY := @FREE_GAMEOBJECT_ENTRY + 1, 1733, 1, 17, -1729.69, -3879.37, 25.8715, 3.17653, 0, 0, -0.999847, 0.0174693, 900, 1),
(@FREE_GAMEOBJECT_ENTRY := @FREE_GAMEOBJECT_ENTRY + 1, 1732, 1, 17, -1729.69, -3879.37, 25.8715, 3.17653, 0, 0, -0.999847, 0.0174693, 900, 1),
(@FREE_GAMEOBJECT_ENTRY := @FREE_GAMEOBJECT_ENTRY + 1, 1733, 1, 17, -1674.1, -2413.88, 85.6577, 4.93928, 0, 0, -0.622514, 0.782609, 900, 1),
(@FREE_GAMEOBJECT_ENTRY := @FREE_GAMEOBJECT_ENTRY + 1, 1732, 1, 17, -1674.1, -2413.88, 85.6577, 4.93928, 0, 0, -0.622514, 0.782609, 900, 1),
(@FREE_GAMEOBJECT_ENTRY := @FREE_GAMEOBJECT_ENTRY + 1, 1733, 1, 17, -1645.21, -2619.43, 86.5365, 1.06465, 0, 0, 0.507538, 0.861629, 900, 1),
(@FREE_GAMEOBJECT_ENTRY := @FREE_GAMEOBJECT_ENTRY + 1, 1732, 1, 17, -1645.21, -2619.43, 86.5365, 1.06465, 0, 0, 0.507538, 0.861629, 900, 1),
(@FREE_GAMEOBJECT_ENTRY := @FREE_GAMEOBJECT_ENTRY + 1, 1733, 1, 17, -1425.03, -2045.83, 83.8641, 5.86431, 0, 0, -0.207912, 0.978148, 900, 1),
(@FREE_GAMEOBJECT_ENTRY := @FREE_GAMEOBJECT_ENTRY + 1, 1732, 1, 17, -1425.03, -2045.83, 83.8641, 5.86431, 0, 0, -0.207912, 0.978148, 900, 1),
(@FREE_GAMEOBJECT_ENTRY := @FREE_GAMEOBJECT_ENTRY + 1, 1733, 1, 17, -1086.76, -2178, 65.2551, 0.0349062, 0, 0, 0.0174522, 0.999848, 900, 1),
(@FREE_GAMEOBJECT_ENTRY := @FREE_GAMEOBJECT_ENTRY + 1, 3764, 1, 17, -1086.76, -2178, 65.2551, 0.0349062, 0, 0, 0.0174522, 0.999848, 900, 1),
(@FREE_GAMEOBJECT_ENTRY := @FREE_GAMEOBJECT_ENTRY + 1, 1733, 1, 17, 521.879, -3235.76, 118.281, 2.84488, 0, 0, 0.989016, 0.147811, 900, 1),
(@FREE_GAMEOBJECT_ENTRY := @FREE_GAMEOBJECT_ENTRY + 1, 1732, 1, 17, 521.879, -3235.76, 118.281, 2.84488, 0, 0, 0.989016, 0.147811, 900, 1),
(@FREE_GAMEOBJECT_ENTRY := @FREE_GAMEOBJECT_ENTRY + 1, 1733, 1, 17, 564.967, -2091.1, 100.963, 0.261798, 0, 0, 0.130526, 0.991445, 900, 1),
(@FREE_GAMEOBJECT_ENTRY := @FREE_GAMEOBJECT_ENTRY + 1, 1732, 1, 17, 564.967, -2091.1, 100.963, 0.261798, 0, 0, 0.130526, 0.991445, 900, 1),
(@FREE_GAMEOBJECT_ENTRY := @FREE_GAMEOBJECT_ENTRY + 1, 1733, 1, 17, 745.903, -2077.44, 98.4908, 4.90438, 0, 0, -0.636078, 0.771625, 900, 1),
(@FREE_GAMEOBJECT_ENTRY := @FREE_GAMEOBJECT_ENTRY + 1, 1732, 1, 17, 745.903, -2077.44, 98.4908, 4.90438, 0, 0, -0.636078, 0.771625, 900, 1),
(@FREE_GAMEOBJECT_ENTRY := @FREE_GAMEOBJECT_ENTRY + 1, 105569, 1, 17, -4224.98, -2266.66, 52.3942, 0.95993, 0, 0, 0.461748, 0.887011, 900, 1),
(@FREE_GAMEOBJECT_ENTRY := @FREE_GAMEOBJECT_ENTRY + 1, 105569, 1, 17, -4204.59, -2201.6, 56.1207, 5.72468, 0, 0, -0.275637, 0.961262, 900, 1),
(@FREE_GAMEOBJECT_ENTRY := @FREE_GAMEOBJECT_ENTRY + 1, 1732, 1, 17, -3945.92, -2316.32, 99.2972, 3.75246, 0, 0, -0.953716, 0.300708, 900, 1),
(@FREE_GAMEOBJECT_ENTRY := @FREE_GAMEOBJECT_ENTRY + 1, 1732, 1, 17, -3822.94, -2313.46, 105.104, 1.76278, 0, 0, 0.771625, 0.636078, 900, 1),
(@FREE_GAMEOBJECT_ENTRY := @FREE_GAMEOBJECT_ENTRY + 1, 1732, 1, 17, -3675.34, -1822.64, 102.655, 0.0174525, 0, 0, 0.00872612, 0.999962, 900, 1),
(@FREE_GAMEOBJECT_ENTRY := @FREE_GAMEOBJECT_ENTRY + 1, 1732, 1, 17, -3219.37, -2291.98, 95.301, 4.24115, 0, 0, -0.85264, 0.522499, 900, 1),
(@FREE_GAMEOBJECT_ENTRY := @FREE_GAMEOBJECT_ENTRY + 1, 1732, 1, 17, -3026.27, -1959.28, 104.39, 0.645772, 0, 0, 0.317305, 0.948324, 900, 1),
(@FREE_GAMEOBJECT_ENTRY := @FREE_GAMEOBJECT_ENTRY + 1, 1732, 1, 17, -3025.72, -2184.11, 102.403, 0.331611, 0, 0, 0.165047, 0.986286, 900, 1),
(@FREE_GAMEOBJECT_ENTRY := @FREE_GAMEOBJECT_ENTRY + 1, 1732, 1, 17, -2895.26, -2238.97, 103.375, 1.6057, 0, 0, 0.719339, 0.694659, 900, 1),
(@FREE_GAMEOBJECT_ENTRY := @FREE_GAMEOBJECT_ENTRY + 1, 1732, 1, 17, -2716.05, -2332.41, 97.1788, 5.72468, 0, 0, -0.275637, 0.961262, 900, 1),
(@FREE_GAMEOBJECT_ENTRY := @FREE_GAMEOBJECT_ENTRY + 1, 1732, 1, 17, -2109.26, -3677.45, 62.0206, 0.0174525, 0, 0, 0.00872612, 0.999962, 900, 1),
(@FREE_GAMEOBJECT_ENTRY := @FREE_GAMEOBJECT_ENTRY + 1, 1732, 1, 17, -1857.84, -2606.39, 95.3395, 1.91986, 0, 0, 0.819152, 0.573577, 900, 1),
(@FREE_GAMEOBJECT_ENTRY := @FREE_GAMEOBJECT_ENTRY + 1, 1732, 1, 17, -1831.51, -3678.28, 28.8826, 5.96903, 0, 0, -0.156434, 0.987688, 900, 1),
(@FREE_GAMEOBJECT_ENTRY := @FREE_GAMEOBJECT_ENTRY + 1, 1732, 1, 17, -1823.01, -3776.37, 14.0085, 2.09439, 0, 0, 0.866025, 0.500001, 900, 1),
(@FREE_GAMEOBJECT_ENTRY := @FREE_GAMEOBJECT_ENTRY + 1, 1732, 1, 17, -1232.93, -1900.2, 83.0397, 5.5676, 0, 0, -0.350207, 0.936672, 900, 1),
(@FREE_GAMEOBJECT_ENTRY := @FREE_GAMEOBJECT_ENTRY + 1, 1732, 1, 17, -1161.01, -1704.67, 92.6545, 4.10152, 0, 0, -0.887011, 0.461749, 900, 1),
(@FREE_GAMEOBJECT_ENTRY := @FREE_GAMEOBJECT_ENTRY + 1, 1732, 1, 17, -452.804, -2149.09, 97.2853, 5.16618, 0, 0, -0.529919, 0.848048, 900, 1),
(@FREE_GAMEOBJECT_ENTRY := @FREE_GAMEOBJECT_ENTRY + 1, 1732, 1, 17, -395.093, -1589.36, 101.445, 3.4383, 0, 0, -0.989016, 0.147811, 900, 1),
(@FREE_GAMEOBJECT_ENTRY := @FREE_GAMEOBJECT_ENTRY + 1, 1732, 1, 17, -242.207, -1819.49, 100.772, 1.95477, 0, 0, 0.829038, 0.559193, 900, 1),
(@FREE_GAMEOBJECT_ENTRY := @FREE_GAMEOBJECT_ENTRY + 1, 1732, 1, 17, -185.128, -1833.16, 99.0415, 3.73501, 0, 0, -0.956305, 0.292372, 900, 1),
(@FREE_GAMEOBJECT_ENTRY := @FREE_GAMEOBJECT_ENTRY + 1, 1732, 1, 17, -82.755, -1926.02, 104.605, 2.67035, 0, 0, 0.972369, 0.233448, 900, 1),
(@FREE_GAMEOBJECT_ENTRY := @FREE_GAMEOBJECT_ENTRY + 1, 1732, 1, 17, 16.4664, -1378.21, 100.787, 1.41372, 0, 0, 0.649447, 0.760406, 900, 1),
(@FREE_GAMEOBJECT_ENTRY := @FREE_GAMEOBJECT_ENTRY + 1, 1732, 1, 17, 117.095, -1436.41, 95.928, 5.14872, 0, 0, -0.537299, 0.843392, 900, 1),
(@FREE_GAMEOBJECT_ENTRY := @FREE_GAMEOBJECT_ENTRY + 1, 1732, 1, 17, 303.017, -1412.02, 93.3997, 5.95157, 0, 0, -0.165047, 0.986286, 900, 1),
(@FREE_GAMEOBJECT_ENTRY := @FREE_GAMEOBJECT_ENTRY + 1, 1732, 1, 17, 352.69, -3236.93, 97.7231, 4.7822, 0, 0, -0.681998, 0.731354, 900, 1),
(@FREE_GAMEOBJECT_ENTRY := @FREE_GAMEOBJECT_ENTRY + 1, 1732, 1, 17, 443.844, -2996.4, 103.127, 3.12412, 0, 0, 0.999962, 0.00873464, 900, 1),
(@FREE_GAMEOBJECT_ENTRY := @FREE_GAMEOBJECT_ENTRY + 1, 1732, 1, 17, 543.106, -2348.81, 93.3756, 6.24828, 0, 0, -0.0174522, 0.999848, 900, 1),
(@FREE_GAMEOBJECT_ENTRY := @FREE_GAMEOBJECT_ENTRY + 1, 1732, 1, 17, 611.802, -2297.8, 106.212, 1.91986, 0, 0, 0.819152, 0.573577, 900, 1),
(@FREE_GAMEOBJECT_ENTRY := @FREE_GAMEOBJECT_ENTRY + 1, 1732, 1, 17, 790.214, -1955.62, 96.0057, 2.30383, 0, 0, 0.913545, 0.406738, 900, 1),
(@FREE_GAMEOBJECT_ENTRY := @FREE_GAMEOBJECT_ENTRY + 1, 1732, 1, 17, 804.16, -2154.34, 113.395, 2.25147, 0, 0, 0.902585, 0.430512, 900, 1),
(@FREE_GAMEOBJECT_ENTRY := @FREE_GAMEOBJECT_ENTRY + 1, 1732, 1, 17, 807.638, -2453.4, 98.757, 2.23402, 0, 0, 0.898793, 0.438373, 900, 1),
(@FREE_GAMEOBJECT_ENTRY := @FREE_GAMEOBJECT_ENTRY + 1, 1732, 1, 17, 1024.2, -3380.53, 97.7864, 0.383971, 0, 0, 0.190808, 0.981627, 900, 1),
(@FREE_GAMEOBJECT_ENTRY := @FREE_GAMEOBJECT_ENTRY + 1, 1732, 1, 17, 1205.6, -3202.25, 98.6383, 6.03884, 0, 0, -0.121869, 0.992546, 900, 1),
(@FREE_GAMEOBJECT_ENTRY := @FREE_GAMEOBJECT_ENTRY + 1, 3764, 1, 17, -4077.24, -1776.9, 110.37, 4.45059, 0, 0, -0.793353, 0.608762, 900, 1),
(@FREE_GAMEOBJECT_ENTRY := @FREE_GAMEOBJECT_ENTRY + 1, 3764, 1, 17, -4027.05, -1759.14, 100.087, 4.27606, 0, 0, -0.843391, 0.5373, 900, 1),
(@FREE_GAMEOBJECT_ENTRY := @FREE_GAMEOBJECT_ENTRY + 1, 3764, 1, 17, -3814.16, -1466.68, 138.992, 2.1293, 0, 0, 0.874619, 0.48481, 900, 1),
(@FREE_GAMEOBJECT_ENTRY := @FREE_GAMEOBJECT_ENTRY + 1, 3764, 1, 17, -3740.23, -1504.02, 97.59, 3.21142, 0, 0, -0.999391, 0.0349061, 900, 1),
(@FREE_GAMEOBJECT_ENTRY := @FREE_GAMEOBJECT_ENTRY + 1, 3764, 1, 17, -3654.05, -1691.23, 113.43, 1.98967, 0, 0, 0.83867, 0.54464, 900, 1),
(@FREE_GAMEOBJECT_ENTRY := @FREE_GAMEOBJECT_ENTRY + 1, 3764, 1, 17, -2312.55, -2499.89, 94.7379, 3.17653, 0, 0, -0.999847, 0.0174693, 900, 1),
(@FREE_GAMEOBJECT_ENTRY := @FREE_GAMEOBJECT_ENTRY + 1, 3764, 1, 17, -2277.64, -2507.73, 93.9827, 3.28124, 0, 0, -0.997563, 0.0697661, 900, 1),
(@FREE_GAMEOBJECT_ENTRY := @FREE_GAMEOBJECT_ENTRY + 1, 3764, 1, 17, -2266.12, -2536.62, 92.2936, 0.663223, 0, 0, 0.325567, 0.945519, 900, 1),
(@FREE_GAMEOBJECT_ENTRY := @FREE_GAMEOBJECT_ENTRY + 1, 3764, 1, 17, -2117.74, -2794.77, 92.5652, 1.23918, 0, 0, 0.580703, 0.814116, 900, 1),
(@FREE_GAMEOBJECT_ENTRY := @FREE_GAMEOBJECT_ENTRY + 1, 3764, 1, 17, -2085.88, -2587.43, 92.311, 5.13127, 0, 0, -0.544639, 0.838671, 900, 1),
(@FREE_GAMEOBJECT_ENTRY := @FREE_GAMEOBJECT_ENTRY + 1, 3764, 1, 17, -2062.72, -1949.56, 91.6667, 1.71042, 0, 0, 0.754709, 0.656059, 900, 1),
(@FREE_GAMEOBJECT_ENTRY := @FREE_GAMEOBJECT_ENTRY + 1, 3764, 1, 17, -2060.78, -2801.24, 91.6667, 1.01229, 0, 0, 0.484809, 0.87462, 900, 1),
(@FREE_GAMEOBJECT_ENTRY := @FREE_GAMEOBJECT_ENTRY + 1, 3764, 1, 17, -2043.01, -2813.76, 91.6719, 2.02458, 0, 0, 0.848047, 0.529921, 900, 1),
(@FREE_GAMEOBJECT_ENTRY := @FREE_GAMEOBJECT_ENTRY + 1, 3764, 1, 17, -1941.71, -2691.24, 95.6744, 4.93928, 0, 0, -0.622514, 0.782609, 900, 1),
(@FREE_GAMEOBJECT_ENTRY := @FREE_GAMEOBJECT_ENTRY + 1, 3764, 1, 17, -1890.14, -2710.69, 96.0801, 6.12611, 0, 0, -0.0784588, 0.996917, 900, 1),
(@FREE_GAMEOBJECT_ENTRY := @FREE_GAMEOBJECT_ENTRY + 1, 3764, 1, 17, -1847.26, -1925.07, 97.8816, 4.4855, 0, 0, -0.782608, 0.622515, 900, 1),
(@FREE_GAMEOBJECT_ENTRY := @FREE_GAMEOBJECT_ENTRY + 1, 3764, 1, 17, -1472.59, -1494.68, 109.927, 4.01426, 0, 0, -0.906307, 0.422619, 900, 1),
(@FREE_GAMEOBJECT_ENTRY := @FREE_GAMEOBJECT_ENTRY + 1, 3764, 1, 17, -1334.28, -3164.35, 96.3886, 1.88495, 0, 0, 0.809016, 0.587786, 900, 1),
(@FREE_GAMEOBJECT_ENTRY := @FREE_GAMEOBJECT_ENTRY + 1, 3764, 1, 17, -1314.38, -3040.59, 83.7026, 6.03884, 0, 0, -0.121869, 0.992546, 900, 1),
(@FREE_GAMEOBJECT_ENTRY := @FREE_GAMEOBJECT_ENTRY + 1, 3764, 1, 17, -1290.2, -2984.47, 81.2099, 0.383971, 0, 0, 0.190808, 0.981627, 900, 1),
(@FREE_GAMEOBJECT_ENTRY := @FREE_GAMEOBJECT_ENTRY + 1, 3764, 1, 17, -1227.88, -2986.31, 81.0746, 4.06662, 0, 0, -0.894934, 0.446199, 900, 1),
(@FREE_GAMEOBJECT_ENTRY := @FREE_GAMEOBJECT_ENTRY + 1, 3764, 1, 17, -1089.17, -2079.23, 62.6844, 3.4383, 0, 0, -0.989016, 0.147811, 900, 1),
(@FREE_GAMEOBJECT_ENTRY := @FREE_GAMEOBJECT_ENTRY + 1, 3764, 1, 17, -1047.67, -2048.3, 63.4349, 3.4383, 0, 0, -0.989016, 0.147811, 900, 1),
(@FREE_GAMEOBJECT_ENTRY := @FREE_GAMEOBJECT_ENTRY + 1, 3764, 1, 17, -1015.49, -2083.8, 63.6469, 5.35816, 0, 0, -0.446198, 0.894934, 900, 1),
(@FREE_GAMEOBJECT_ENTRY := @FREE_GAMEOBJECT_ENTRY + 1, 3764, 1, 17, -221.384, -3283.85, 92.1272, 4.76475, 0, 0, -0.688354, 0.725375, 900, 1),
(@FREE_GAMEOBJECT_ENTRY := @FREE_GAMEOBJECT_ENTRY + 1, 3764, 1, 17, 26.0743, -1906.16, 84.0589, 4.69494, 0, 0, -0.71325, 0.70091, 900, 1),
(@FREE_GAMEOBJECT_ENTRY := @FREE_GAMEOBJECT_ENTRY + 1, 3764, 1, 17, 108.502, -1971.98, 86.3208, 3.7001, 0, 0, -0.961261, 0.27564, 900, 1),
(@FREE_GAMEOBJECT_ENTRY := @FREE_GAMEOBJECT_ENTRY + 1, 3764, 1, 17, 643.704, -1276.92, 98.4661, 3.52557, 0, 0, -0.981627, 0.190812, 900, 1),
(@FREE_GAMEOBJECT_ENTRY := @FREE_GAMEOBJECT_ENTRY + 1, 3764, 1, 17, 884.066, -1317.24, 104.393, 4.01426, 0, 0, -0.906307, 0.422619, 900, 1),
(@FREE_GAMEOBJECT_ENTRY := @FREE_GAMEOBJECT_ENTRY + 1, 3764, 1, 17, 1364.33, -3495.35, 94.4066, 0.488691, 0, 0, 0.241921, 0.970296, 900, 1),
(@FREE_GAMEOBJECT_ENTRY := @FREE_GAMEOBJECT_ENTRY + 1, 103711, 1, 17, -4189.95, -2273.66, 52.2812, 1.69297, 0, 0, 0.748956, 0.66262, 900, 1),
(@FREE_GAMEOBJECT_ENTRY := @FREE_GAMEOBJECT_ENTRY + 1, 103711, 1, 17, -4154.6, -2156.52, 52.776, 4.59022, 0, 0, -0.748956, 0.66262, 900, 1),
(@FREE_GAMEOBJECT_ENTRY := @FREE_GAMEOBJECT_ENTRY + 1, 103711, 1, 17, -4133.86, -2145.77, 51.8004, 2.25147, 0, 0, 0.902585, 0.430512, 900, 1),
(@FREE_GAMEOBJECT_ENTRY := @FREE_GAMEOBJECT_ENTRY + 1, 103711, 1, 17, -4115, -2231.68, 52.2902, 0.820303, 0, 0, 0.398748, 0.91706, 900, 1),
(@FREE_GAMEOBJECT_ENTRY := @FREE_GAMEOBJECT_ENTRY + 1, 103711, 1, 17, -4064.47, -2151.67, 50.9367, 3.54302, 0, 0, -0.979924, 0.19937, 900, 1),
(@FREE_GAMEOBJECT_ENTRY := @FREE_GAMEOBJECT_ENTRY + 1, 103711, 1, 17, -4060.03, -2183.86, 54.3944, 2.32129, 0, 0, 0.91706, 0.39875, 900, 1),
(@FREE_GAMEOBJECT_ENTRY := @FREE_GAMEOBJECT_ENTRY + 1, 1733, 1, 17, 536.146, -2226.61, 93.7671, 0.0698117, 0, 0, 0.0348988, 0.999391, 900, 1),
(@FREE_GAMEOBJECT_ENTRY := @FREE_GAMEOBJECT_ENTRY + 1, 1733, 1, 17, 797.905, -1798.65, 92.4391, 1.65806, 0, 0, 0.737277, 0.675591, 900, 1);
