SET @CGUID := 12529;
SET @OGUID := 1267;

-- Clean up spawns
DELETE FROM `creature` WHERE `guid` IN (12593, 12594, 202734, 202735, 202736, 202737, 245704, 245800, 245801, 245810, 245811, 245812);
DELETE FROM `game_event_creature` WHERE `guid` IN (12593, 12594, 202734, 202735, 202736, 202737, 245704, 245800, 245801, 245810, 245811, 245812);
-- Ensure free GUIDs
DELETE FROM `creature` WHERE `guid` BETWEEN @CGUID+0 AND @CGUID+33;
DELETE FROM `game_event_creature` WHERE `guid` BETWEEN @CGUID+0 AND @CGUID+33;
INSERT INTO `creature` (`guid`, `id1`, `map`, `zoneId`, `areaId`, `spawnMask`, `phaseMask`, `equipment_id`, `position_x`, `position_y`, `position_z`, `orientation`, `spawntimesecs`, `wander_distance`, `currentwaypoint`, `curhealth`, `curmana`, `MovementType`, `npcflag`, `unit_flags`, `dynamicflags`, `VerifiedBuild`) VALUES
(@CGUID+0 , 16592, 547, 0, 0, 3, 1, 0, -114.745880126953125, -117.226593017578125, -2.44469881057739257, 1.169368624687194824, 7200, 0, 0, 42, 0, 0, 0, 0, 0, 50172),
(@CGUID+1 , 16592, 547, 0, 0, 3, 1, 0, -89.8604965209960937, -113.449333190917968, -2.3303837776184082, 2.617989301681518554, 7200, 0, 0, 42, 0, 0, 0, 0, 0, 50172),
(@CGUID+2 , 25697, 547, 0, 0, 3, 1, 0, -92.4571914672851562, -110.664161682128906, -2.86675882339477539, 2.408554315567016601, 7200, 0, 0, 4781, 0, 0, 0, 0, 0, 50172),
(@CGUID+3 , 25710, 547, 0, 0, 3, 1, 0, 131.4105682373046875, -120.632652282714843, -1.50722658634185791, 4.206243515014648437, 7200, 0, 0, 42, 0, 0, 0, 0, 0, 50172),
(@CGUID+4 , 25745, 547, 0, 0, 3, 1, 0, -96.6414566040039062, -230.886444091796875, 4.78095865249633789, 1.413716673851013183, 7200, 0, 0, 42, 0, 0, 0, 0, 0, 50172),
(@CGUID+5 , 25746, 547, 0, 0, 3, 1, 0, -96.8722991943359375, -212.84246826171875, -1.14914166927337646, 4.15388345718383789, 7200, 0, 0, 42, 0, 0, 0, 0, 0, 50172),
(@CGUID+6 , 25754, 547, 0, 0, 3, 1, 0, -112.209869384765625, -120.209037780761718, -2.65799570083618164, 5.183627605438232421, 7200, 0, 0, 10282, 0, 0, 0, 0, 0, 50172),
(@CGUID+7 , 25754, 547, 0, 0, 3, 1, 0, -110.19451904296875, -116.621482849121093, -3.25569367408752441, 0.104719758033752441, 7200, 0, 0, 10635, 0, 0, 0, 0, 0, 50172),
(@CGUID+8 , 25754, 547, 0, 0, 3, 1, 0, -93.1847915649414062, -115.92059326171875, -2.69253182411193847, 3.804817676544189453, 7200, 0, 0, 9940, 0, 0, 0, 0, 0, 50172),
(@CGUID+9 , 25952, 547, 0, 0, 3, 1, 0, -97.468841552734375, -231.198196411132812, -2.10892963409423828, 1.466076612472534179, 7200, 0, 0, 42, 0, 0, 0, 0, 0, 50172),
(@CGUID+10, 25952, 547, 0, 0, 3, 1, 0, -69.8390121459960937, -162.473968505859375, -2.30364584922790527, 2.513274192810058593, 7200, 0, 0, 42, 0, 0, 0, 0, 0, 50172),
(@CGUID+11, 25961, 547, 0, 0, 3, 1, 0, -109.223983764648437, -120.052108764648437, -2.98242378234863281, 5.113814830780029296, 7200, 0, 0, 484, 0, 0, 0, 0, 0, 50172),
(@CGUID+12, 25961, 547, 0, 0, 3, 1, 0, -92.689605712890625, -119.627853393554687, -2.27035880088806152, 4.223696708679199218, 7200, 0, 0, 484, 0, 0, 0, 0, 0, 50172),
(@CGUID+13, 25964, 547, 0, 0, 3, 1, 0, -105.673255920410156, -226.739288330078125, 17.11633682250976562, 0.490893900394439697, 7200, 0, 0, 42, 0, 0, 0, 0, 0, 50172),
(@CGUID+14, 25964, 547, 0, 0, 3, 1, 0, -100.994186401367187, -224.890365600585937, 16.04280662536621093, 0.098448090255260467, 7200, 0, 0, 42, 0, 0, 0, 0, 0, 50172),
(@CGUID+15, 25964, 547, 0, 0, 3, 1, 0, -91.5541152954101562, -227.675506591796875, 15.6240692138671875, 5.639534950256347656, 7200, 10, 0, 42, 0, 1, 0, 0, 0, 50172),
(@CGUID+16, 25964, 547, 0, 0, 3, 1, 0, -90.0021133422851562, -224.928543090820312, -1.378753662109375, 4.571401596069335937, 7200, 0, 0, 42, 0, 0, 0, 0, 0, 50172),
(@CGUID+17, 25965, 547, 0, 0, 3, 1, 0, -101.524757385253906, -234.90966796875, 29.35732269287109375, 3.070313453674316406, 7200, 0, 0, 42, 0, 0, 0, 0, 0, 50172),
(@CGUID+18, 25965, 547, 0, 0, 3, 1, 0, -101.651756286621093, -234.899993896484375, 29.34066581726074218, 3.060365676879882812, 7200, 0, 0, 42, 0, 0, 0, 0, 0, 50172),
(@CGUID+19, 25965, 547, 0, 0, 3, 1, 0, -97.396270751953125, -223.76104736328125, -1.49489867687225341, 5.32932901382446289, 7200, 0, 0, 42, 0, 0, 0, 0, 0, 50172),
(@CGUID+20, 25965, 547, 0, 0, 3, 1, 0, -95.1223983764648437, -226.336074829101562, 15.59956645965576171, 6.07855987548828125, 7200, 10, 0, 42, 0, 1, 0, 0, 0, 50172),
(@CGUID+21, 25966, 547, 0, 0, 3, 1, 0, -104.356178283691406, -223.356185913085937, -1.46137666702270507, 5.672232627868652343, 7200, 0, 0, 42, 0, 0, 0, 0, 0, 50172),
(@CGUID+22, 25966, 547, 0, 0, 3, 1, 0, -101.261253356933593, -225.418777465820312, 4.362653255462646484, 5.709782123565673828, 7200, 0, 0, 42, 0, 0, 0, 0, 0, 50172),
(@CGUID+23, 25966, 547, 0, 0, 3, 1, 0, -98.2436981201171875, -225.470306396484375, 15.80046653747558593, 5.911124229431152343, 7200, 0, 0, 42, 0, 0, 0, 0, 0, 50172),
(@CGUID+24, 25966, 547, 0, 0, 3, 1, 0, -94.512664794921875, -226.466232299804687, 15.55061721801757812, 6.064486503601074218, 7200, 10, 0, 42, 0, 1, 0, 0, 0, 50172),
(@CGUID+25, 25966, 547, 0, 0, 3, 1, 0, -90.8597412109375, -228.273483276367187, 15.80045700073242187, 5.514344215393066406, 7200, 0, 0, 42, 0, 0, 0, 0, 0, 50172),
(@CGUID+26, 25971, 547, 0, 0, 3, 1, 0, -143.17193603515625, -147.680130004882812, -3.16113066673278808, 4.852015495300292968, 7200, 0, 0, 42, 0, 0, 0, 0, 0, 50172),
(@CGUID+27, 25972, 547, 0, 0, 3, 1, 0, -134.30364990234375, -145.780303955078125, -1.70331764221191406, 4.677482128143310546, 7200, 0, 0, 42, 0, 0, 0, 0, 0, 50172),
(@CGUID+28, 25973, 547, 0, 0, 3, 1, 0, -125.035713195800781, -144.20654296875, -1.91659557819366455, 4.991641521453857421, 7200, 0, 0, 42, 0, 0, 0, 0, 0, 50172),
(@CGUID+29, 26120, 547, 0, 0, 3, 1, 0, -98.102935791015625, -230.786407470703125, -10.8084640502929687, 1.448623299598693847, 7200, 0, 0, 42, 0, 0, 0, 0, 0, 50172),
(@CGUID+30, 26121, 547, 0, 0, 3, 1, 0, -69.8120498657226562, -162.49542236328125, -2.30450677871704101, 1.710422635078430175, 7200, 0, 0, 42, 0, 0, 0, 0, 0, 50172),
(@CGUID+31, 26190, 547, 0, 0, 3, 1, 0, -95.335723876953125, -207.483352661132812, 16.28742027282714843, 4.904375076293945312, 7200, 0, 0, 4120, 0, 0, 0, 0, 0, 50172),
(@CGUID+32, 26230, 547, 0, 0, 3, 1, 0, -98.8607406616210937, -233.752609252929687, 8.372927665710449218, 2.757620096206665039, 7200, 0, 0, 42, 0, 0, 0, 0, 0, 50172),
(@CGUID+33, 40446, 547, 0, 0, 3, 1, 0, -76.9917221069335937, -157.080520629882812, -2.10638880729675292, 5.637413501739501953, 7200, 0, 0, 50400, 0, 0, 0, 0, 0, 50172);

INSERT INTO `game_event_creature` (`eventEntry`, `guid`) VALUES
(1, @CGUID+0),
(1, @CGUID+1),
(1, @CGUID+2),
(1, @CGUID+3),
(1, @CGUID+4),
(1, @CGUID+5),
(1, @CGUID+6),
(1, @CGUID+7),
(1, @CGUID+8),
(1, @CGUID+9),
(1, @CGUID+10),
(1, @CGUID+11),
(1, @CGUID+12),
(1, @CGUID+13),
(1, @CGUID+14),
(1, @CGUID+15),
(1, @CGUID+16),
(1, @CGUID+17),
(1, @CGUID+18),
(1, @CGUID+19),
(1, @CGUID+20),
(1, @CGUID+21),
(1, @CGUID+22),
(1, @CGUID+23),
(1, @CGUID+24),
(1, @CGUID+25),
(1, @CGUID+26),
(1, @CGUID+27),
(1, @CGUID+28),
(1, @CGUID+29),
(1, @CGUID+30),
(1, @CGUID+31),
(1, @CGUID+32),
(1, @CGUID+33);

-- Clean up spawns
DELETE FROM `gameobject` WHERE `guid` IN (87, 88, 11207, 11208, 11209, 11210, 11211, 11212, 11213, 11214, 11215, 11216, 11217, 220100, 220101, 220102, 220103, 220104, 220105, 220106, 220111, 220112);
DELETE FROM `game_event_gameobject` WHERE `guid` IN (87, 88, 11207, 11208, 11209, 11210, 11211, 11212, 11213, 11214, 11215, 11216, 11217, 220100, 220101, 220102, 220103, 220104, 220105, 220106, 220111, 220112);
-- Ensure free GUIDs
DELETE FROM `gameobject` WHERE `guid` BETWEEN @OGUID+0 AND @OGUID+24;
DELETE FROM `game_event_gameobject` WHERE `guid` BETWEEN @OGUID+0 AND @OGUID+24;
INSERT INTO `gameobject` (`guid`, `id`, `map`, `zoneId`, `areaId`, `spawnMask`, `phaseMask`, `position_x`, `position_y`, `position_z`, `orientation`, `rotation0`, `rotation1`, `rotation2`, `rotation3`, `spawntimesecs`, `animprogress`, `state`, `VerifiedBuild`) VALUES
(@OGUID+0 , 181290, 547, 0, 0, 3, 1, -114.745880126953125, -117.226593017578125, -2.52803206443786621, 1.169368624687194824, 0, 0, 0.551936149597167968, 0.833886384963989257, 7200, 255, 1, 50172),
(@OGUID+1 , 181290, 547, 0, 0, 3, 1, -89.8604965209960937, -113.449333190917968, -2.41371703147888183, 2.617989301681518554, 0, 0, 0.965925216674804687, 0.258821308612823486, 7200, 255, 1, 50172),
(@OGUID+2 , 181376, 547, 0, 0, 3, 1, -114.745880126953125, -117.226593017578125, -2.52803206443786621, 1.169368624687194824, 0, 0, 0.551936149597167968, 0.833886384963989257, 7200, 255, 1, 50172),
(@OGUID+3 , 181376, 547, 0, 0, 3, 1, -89.8604965209960937, -113.449333190917968, -2.41371703147888183, 2.617989301681518554, 0, 0, 0.965925216674804687, 0.258821308612823486, 7200, 255, 1, 50172),
(@OGUID+4 , 187882, 547, 0, 0, 3, 1, -69.9045486450195312, -162.244949340820312, -2.366563081741333, 2.426007747650146484, 0, 0, 0.936672210693359375, 0.350207358598709106, 7200, 255, 1, 50172),
(@OGUID+5 , 188067, 547, 0, 0, 3, 1, -115.598533630371093, -162.772384643554687, -1.92402505874633789, 5.724681377410888671, 0, 0, -0.27563667297363281, 0.961261868476867675, 7200, 255, 1, 50172),
(@OGUID+6 , 188067, 547, 0, 0, 3, 1, -83.5252761840820312, -172.18060302734375, -3.81652188301086425, 0.017452461645007133, 0, 0, 0.008726119995117187, 0.999961912631988525, 7200, 255, 1, 50172),
(@OGUID+7 , 188067, 547, 0, 0, 3, 1, -79.397003173828125, -219.702499389648437, -4.04289197921752929, 4.084071159362792968, 0, 0, -0.8910064697265625, 0.453990638256072998, 7200, 255, 1, 50172),
(@OGUID+8 , 188067, 547, 0, 0, 3, 1, -75.2318267822265625, -217.329315185546875, -3.0727999210357666, 5.794494152069091796, 0, 0, -0.24192142486572265, 0.970295846462249755, 7200, 255, 1, 50172),
(@OGUID+9 , 188067, 547, 0, 0, 3, 1, -75.9513931274414062, -182.77099609375, -4.88201713562011718, 5.131268978118896484, 0, 0, -0.54463863372802734, 0.838670849800109863, 7200, 255, 1, 50172),
(@OGUID+10, 188067, 547, 0, 0, 3, 1, -71.8962478637695312, -145.49737548828125, -1.55181300640106201, 4.328419685363769531, 0, 0, -0.82903671264648437, 0.559194147586822509, 7200, 255, 1, 50172),
(@OGUID+11, 188067, 547, 0, 0, 3, 1, -49.2725067138671875, -168.985946655273437, -1.89881098270416259, 2.007128477096557617, 0, 0, 0.84339141845703125, 0.537299633026123046, 7200, 255, 1, 50172),
(@OGUID+12, 188072, 547, 0, 0, 3, 1, -71.824859619140625, -164.474990844726562, -3.96298193931579589, 5.35816192626953125, 0, 0, -0.446197509765625, 0.894934535026550292, 7200, 255, 1, 50172),
(@OGUID+13, 188072, 547, 0, 0, 3, 1, -71.4891510009765625, -160.731643676757812, -4.18568992614746093, 5.864306926727294921, 0, 0, -0.20791149139404296, 0.978147625923156738, 7200, 255, 1, 50172),
(@OGUID+14, 188072, 547, 0, 0, 3, 1, -69.2083663940429687, -160.345046997070312, -4.25643014907836914, 1.85004889965057373, 0, 0, 0.798635482788085937, 0.60181504487991333, 7200, 255, 1, 50172),
(@OGUID+15, 188072, 547, 0, 0, 3, 1, -69.2177276611328125, -163.490951538085937, -2.04477310180664062, 2.967041015625, 0, 0, 0.996193885803222656, 0.087165042757987976, 7200, 255, 1, 50172),
(@OGUID+16, 188073, 547, 0, 0, 3, 1, -114.957443237304687, -117.301666259765625, -2.71000003814697265, 2.007128477096557617, 0, 0, 0.84339141845703125, 0.537299633026123046, 7200, 255, 1, 50172),
(@OGUID+17, 188073, 547, 0, 0, 3, 1, -89.7520523071289062, -113.500236511230468, -2.70944190025329589, 0.453785061836242675, 0, 0, 0.224950790405273437, 0.974370121955871582, 7200, 255, 1, 50172),
(@OGUID+18, 188142, 547, 0, 0, 3, 1, -118.919563293457031, -204.802276611328125, -1.50416100025177001, 1.919861555099487304, 0, 0, 0.819151878356933593, 0.573576688766479492, 7200, 255, 1, 50172),
(@OGUID+19, 188142, 547, 0, 0, 3, 1, -117.385650634765625, -165.964920043945312, -2.01864600181579589, 0.558503925800323486, 0, 0, 0.275636672973632812, 0.961261868476867675, 7200, 255, 1, 50172),
(@OGUID+20, 188142, 547, 0, 0, 3, 1, -103.713432312011718, -245.504074096679687, -1.37788105010986328, 4.991643905639648437, 0, 0, -0.60181427001953125, 0.798636078834533691, 7200, 255, 1, 50172),
(@OGUID+21, 188142, 547, 0, 0, 3, 1, -75.4278411865234375, -221.159988403320312, -2.88294100761413574, 0.488691210746765136, 0, 0, 0.241921424865722656, 0.970295846462249755, 7200, 255, 1, 50172),
(@OGUID+22, 188142, 547, 0, 0, 3, 1, -74.6595916748046875, -243.812469482421875, -2.73599910736083984, 2.216565132141113281, 0, 0, 0.894933700561523437, 0.44619917869567871, 7200, 255, 1, 50172),
(@OGUID+23, 188142, 547, 0, 0, 3, 1, -72.753143310546875, -185.154693603515625, -4.93059301376342773, 0.15707901120185852, 0, 0, 0.078458786010742187, 0.996917366981506347, 7200, 255, 1, 50172),
(@OGUID+24, 195000, 547, 0, 0, 3, 1, -98.0260238647460937, -230.428787231445312, -7.61181306838989257, 0, 0, 0, 0, 1, 7200, 255, 1, 50172);

INSERT INTO `game_event_gameobject` (`eventEntry`, `guid`) VALUES
(1, @OGUID+0),
(1, @OGUID+1),
(1, @OGUID+2),
(1, @OGUID+3),
(1, @OGUID+4),
(1, @OGUID+5),
(1, @OGUID+6),
(1, @OGUID+7),
(1, @OGUID+8),
(1, @OGUID+9),
(1, @OGUID+10),
(1, @OGUID+11),
(1, @OGUID+12),
(1, @OGUID+13),
(1, @OGUID+14),
(1, @OGUID+15),
(1, @OGUID+16),
(1, @OGUID+17),
(1, @OGUID+18),
(1, @OGUID+19),
(1, @OGUID+20),
(1, @OGUID+21),
(1, @OGUID+22),
(1, @OGUID+23),
(1, @OGUID+24);

DELETE FROM `smart_scripts` WHERE `entryorguid` IN (-245800, -245801); -- Wrong bunny SAI